korean,romanization,german,level,pos_de,example_korean,example_german,topic,pack_id,pack_order,is_review_boss,english,pos_en,example_english,id
인사드리겠습니다,insadeurigessseubnida,ich werde mich höflich vorstellen,A1,Ausdruck,문 앞에서 인사드리겠습니다 하고 숨을 골랐어요.,Vor der Tür sagte ich ich werde mich höflich vorstellen und holte Luft.,Partnerschaft & koreanische Familie,a1_partner_meet_names_1,1,false,I will greet you respectfully,Expression,At the door I said I will greet you respectfully and took a breath.,vocab_a1_0212
인사드리다,insadeurida,sich höflich vorstellen,A1,Verb,문 앞에서 먼저 인사드렸어요.,Vor der Tür habe ich zuerst höflich gegrüßt.,Partnerschaft & koreanische Familie,a1_partner_meet_names_1,2,false,to greet respectfully,Verb,I greeted them respectfully at the door first.,vocab_a1_0213
장인어른,jangineoreun,Schwiegervater der Frau,A1,Nomen,오늘은 장인어른께 처음 인사드려요.,Heute begrüße ich zum ersten Mal meinen Schwiegervater.,Partnerschaft & koreanische Familie,a1_partner_meet_names_1,3,false,wife's father; father-in-law,Noun,Today I greet my father-in-law for the first time.,vocab_a1_0214
장모님,jangmonim,Schwiegermutter der Frau,A1,Nomen,"장모님, 이 과일 받아 주세요.","Frau Schwiegermutter, bitte nehmen Sie dieses Obst.",Partnerschaft & koreanische Familie,a1_partner_meet_names_1,4,false,wife's mother; mother-in-law,Noun,"Please take this fruit, eomeonim.",vocab_a1_0215
시아버지,siabeoji,Schwiegervater des Mannes,A1,Nomen,시아버지께서 현관에 나오셨어요.,Mein Schwiegervater ist in den Flur gekommen.,Partnerschaft & koreanische Familie,a1_partner_meet_names_1,5,false,husband's father,Noun,My father-in-law came out to the hallway.,vocab_a1_0216
시어머니,sieomeoni,Schwiegermutter des Mannes,A1,Nomen,시어머니께서 미소를 지으셨어요.,Meine Schwiegermutter hat gelächelt.,Partnerschaft & koreanische Familie,a1_partner_meet_names_1,6,false,husband's mother,Noun,My mother-in-law smiled.,vocab_a1_0217
호칭,hoching,Anrede,A1,Nomen,호칭이 어려워서 현우에게 물어봤어요.,"Die Anrede ist schwer, deshalb habe ich Hyunwoo gefragt.",Partnerschaft & koreanische Familie,a1_partner_meet_names_1,7,false,form of address,Noun,"The form of address is hard, so I asked Hyunwoo.",vocab_a1_0218
높임말,nopimmal,Höflichkeitsform,A1,Nomen,부모님 앞에서는 높임말을 써요.,Vor den Eltern benutze ich die Höflichkeitsform.,Partnerschaft & koreanische Familie,a1_partner_meet_names_1,8,false,raised speech,Noun,I use raised speech in front of the parents.,vocab_a1_0219
성함을 묻다,seonghameul mudda,nach dem Namen fragen,A1,Ausdruck,성함을 묻기 전에 현우가 눈짓을 했어요.,"Bevor ich nach dem Namen fragte, gab Hyunwoo ein Zeichen.",Partnerschaft & koreanische Familie,a1_partner_meet_names_1,9,false,to ask someone's name politely,Expression,"Before I asked the name politely, Hyunwoo gave a look.",vocab_a1_0220
몇 살이세요,myeoch saliseyo,wie alt sind Sie,A1,Ausdruck,나이는 묻지 말고 몇 살이세요는 나중에 들어요.,Fragen Sie nicht nach dem Alter; 몇 살이세요 hören Sie später.,Partnerschaft & koreanische Familie,a1_partner_meet_names_1,10,true,how old are you (polite),Expression,Do not ask age first; you will hear 몇 살이세요 later.,vocab_a1_0221
잘 부탁드립니다,jal butagdeuribnida,ich bitte um Ihr Wohlwollen,A1,Ausdruck,앞으로 잘 부탁드립니다.,Bitte sehen Sie es mir nach und nehmen Sie mich auf.,Partnerschaft & koreanische Familie,a1_partner_meet_names_1,11,true,please look after me,Expression,Please look after me from now on.,vocab_a1_0222
댁에,daege,bei Ihnen zu Hause,A1,Ausdruck,댁에 처음 와서 신발이 헷갈려요.,Ich bin zum ersten Mal bei Ihnen und verwechsele die Schuhe.,Partnerschaft & koreanische Familie,a1_partner_meet_names_1,12,true,at your home (honorific),Expression,"It is my first time at your home, so the shoes confuse me.",vocab_a1_0223
과일 바구니,gwail baguni,Obstkorb,A1,Nomen,과일 바구니를 들고 초인종을 눌렀어요.,Mit einem Obstkorb habe ich geklingelt.,Partnerschaft & koreanische Familie,a1_partner_first_gift_1,1,false,fruit basket,Noun,I rang the doorbell holding a fruit basket.,vocab_a1_0224
건강식품,geongangsigpum,Gesundheitslebensmittel,A1,Nomen,건강식품은 너무 약처럼 보일까 봐 고민했어요.,"Ich überlegte, ob Gesundheitslebensmittel zu sehr nach Medizin aussehen.",Partnerschaft & koreanische Familie,a1_partner_first_gift_1,2,false,health food gift,Noun,I wondered whether health food would look too much like medicine.,vocab_a1_0225
과한 선물,gwahan seonmul,zu großes Geschenk,A1,Ausdruck,과한 선물은 부담이 된다고 현우가 말했어요.,"Hyunwoo sagte, ein zu großes Geschenk mache Druck.",Partnerschaft & koreanische Familie,a1_partner_first_gift_1,3,false,overly big gift,Expression,Hyunwoo said an overly big gift creates pressure.,vocab_a1_0226
작은 정성,jageun jeongseong,kleine Aufmerksamkeit,A1,Ausdruck,큰돈 말고 작은 정성이면 충분해요.,"Kein großes Geld, eine kleine Aufmerksamkeit reicht.",Partnerschaft & koreanische Familie,a1_partner_first_gift_1,4,false,a small token of care,Expression,Not a lot of money; a small token of care is enough.,vocab_a1_0227
포장,pojang,Verpackung,A1,Nomen,포장이 예쁘면 인사가 쉬워져요.,"Wenn die Verpackung schön ist, fällt der Gruß leichter.",Partnerschaft & koreanische Familie,a1_partner_first_gift_1,5,false,wrapping,Noun,Nice wrapping makes the greeting easier.,vocab_a1_0228
받아 주세요,bada juseyo,bitte nehmen Sie das,A1,Ausdruck,별건 아니지만 받아 주세요.,"Es ist nichts Besonderes, aber bitte nehmen Sie es.",Partnerschaft & koreanische Familie,a1_partner_first_gift_1,6,false,please accept this,Expression,"It is nothing special, but please accept it.",vocab_a1_0229
사양하다,sayanghada,höflich ablehnen,A1,Verb,처음에는 사양하다가 결국 받으셨어요.,Zuerst lehnten sie höflich ab und nahmen es dann doch.,Partnerschaft & koreanische Familie,a1_partner_first_gift_1,7,false,to decline politely,Verb,They declined politely at first and then accepted.,vocab_a1_0230
빈손,binson,mit leeren Händen,A1,Nomen,빈손으로 가면 현우가 더 긴장해요.,"Wenn ich mit leeren Händen komme, ist Hyunwoo noch nervöser.",Partnerschaft & koreanische Familie,a1_partner_first_gift_1,8,false,empty-handed,Noun,"If I arrive empty-handed, Hyunwoo gets even more nervous.",vocab_a1_0231
백화점 상품권,baeghwajeom sangpumgwon,Kaufhausgutschein,A1,Nomen,백화점 상품권은 실용적이지만 차가워 보일 수 있어요.,"Ein Kaufhausgutschein ist praktisch, kann aber kühl wirken.",Partnerschaft & koreanische Familie,a1_partner_first_gift_1,9,false,department-store voucher,Noun,A department-store voucher is practical but can feel cold.,vocab_a1_0232
꽃다발,kkochdabal,Blumenstrauß,A1,Nomen,꽃다발은 예쁘지만 버스에서 힘들어요.,"Ein Blumenstrauß ist schön, aber im Bus anstrengend.",Partnerschaft & koreanische Familie,a1_partner_first_gift_1,10,true,bouquet,Noun,A bouquet is pretty but hard to carry on the bus.,vocab_a1_0233
답례,dabrye,Gegengeschenk,A1,Nomen,돌아갈 때 답례로 반찬을 주셨어요.,Beim Gehen gaben sie als Gegengeschenk Beilagen mit.,Partnerschaft & koreanische Familie,a1_partner_first_gift_1,11,true,return gift,Noun,When I left they gave side dishes as a return gift.,vocab_a1_0234
감사 인사,gamsa insa,Dankesgruß,A1,Nomen,선물 뒤에 짧은 감사 인사를 꼭 해요.,Nach dem Geschenk mache ich unbedingt einen kurzen Dankesgruß.,Partnerschaft & koreanische Familie,a1_partner_first_gift_1,12,true,thank-you greeting,Noun,After the gift I always give a short thank-you.,vocab_a1_0235
현관,hyeongwan,Diele,A1,Nomen,현관에서 신발을 벗고 잠시 멈췄어요.,In der Diele zog ich die Schuhe aus und blieb kurz stehen.,Partnerschaft & koreanische Familie,a1_partner_house_entry_1,1,false,entryway,Noun,I took off my shoes in the entryway and paused.,vocab_a1_0236
손님 슬리퍼,sonnim seulripeo,Gästeslipper,A1,Nomen,손님 슬리퍼가 왼쪽 짝만 남았어요.,Von den Gästeslippern war nur der linke übrig.,Partnerschaft & koreanische Familie,a1_partner_house_entry_1,2,false,guest slippers,Noun,Only the left guest slipper was left.,vocab_a1_0237
앉으세요,anjeuseyo,setzen Sie sich bitte,A1,Ausdruck,앉으세요 하셨는데 어디가 제 자리인지 몰랐어요.,"Sie sagten setzen Sie sich bitte, aber ich wusste nicht, welcher Platz meiner ist.",Partnerschaft & koreanische Familie,a1_partner_house_entry_1,3,false,please sit down,Expression,"They said please sit, but I did not know which seat was mine.",vocab_a1_0238
윗목,wismog,der innere Sitzplatz,A1,Nomen,윗목은 어른 자리라서 현우가 눈을 깜빡였어요.,"Der innere Sitzplatz ist für Ältere, deshalb blinzelte Hyunwoo.",Partnerschaft & koreanische Familie,a1_partner_house_entry_1,4,false,inner seat of the room,Noun,"The inner seat is for elders, so Hyunwoo blinked at me.",vocab_a1_0239
아랫목,araesmog,der Platz näher zur Tür,A1,Nomen,저는 아랫목에 앉는 게 안전해요.,Für mich ist der Platz näher zur Tür sicherer.,Partnerschaft & koreanische Familie,a1_partner_house_entry_1,5,false,seat nearer the door,Noun,The seat nearer the door is safer for me.,vocab_a1_0240
무릎,mureup,Knie,A1,Nomen,바닥에 앉으니 무릎이 먼저 아팠어요.,"Als ich auf dem Boden saß, taten zuerst die Knie weh.",Partnerschaft & koreanische Familie,a1_partner_house_entry_1,6,false,knee,Noun,"When I sat on the floor, my knees hurt first.",vocab_a1_0241
방석,bangseog,Sitzkissen,A1,Nomen,방석을 밀어 주시는데 감사하다고 했어요.,"Sie schoben mir ein Sitzkissen hin, und ich sagte danke.",Partnerschaft & koreanische Familie,a1_partner_house_entry_1,7,false,floor cushion,Noun,"They slid a floor cushion over, and I said thank you.",vocab_a1_0242
물 드세요,mul deuseyo,trinken Sie etwas,A1,Ausdruck,물 드세요 하시자마자 컵을 두 손으로 받았어요.,"Kaum sagten sie trinken Sie etwas, nahm ich die Tasse mit beiden Händen.",Partnerschaft & koreanische Familie,a1_partner_house_entry_1,8,false,please have some water,Expression,"As soon as they said please have water, I took the cup with both hands.",vocab_a1_0243
손 씻기,son ssisgi,Händewaschen,A1,Nomen,밥 전에 손 씻기 화장실이 어디인지 물었어요.,"Vor dem Essen fragte ich, wo man sich die Hände wäscht.",Partnerschaft & koreanische Familie,a1_partner_house_entry_1,9,false,washing hands,Noun,Before the meal I asked where to wash my hands.,vocab_a1_0244
화장실 문,hwajangsil mun,Toilettentür,A1,Nomen,화장실 문을 열고 손님 슬리퍼를 또 찾았어요.,Ich öffnete die Toilettentür und suchte wieder nach Gästeslippern.,Partnerschaft & koreanische Familie,a1_partner_house_entry_1,10,true,bathroom door,Noun,I opened the bathroom door and looked for guest slippers again.,vocab_a1_0245
조용히 하다,joyonghi hada,leise sein,A1,Verb,할아버지가 주무셔서 조용히 했어요.,"Der Großvater schlief, deshalb war ich leise.",Partnerschaft & koreanische Familie,a1_partner_house_entry_1,11,true,to keep quiet,Verb,"Grandfather was sleeping, so I kept quiet.",vocab_a1_0246
집들이 예절,jibdeuli yejeol,Besuchsmanieren,A1,Ausdruck,집들이 예절은 현우가 차에 타기 전에 알려 줬어요.,Die Besuchsmanieren erklärte Hyunwoo noch vor der Autofahrt.,Partnerschaft & koreanische Familie,a1_partner_house_entry_1,12,true,house-visit manners,Expression,Hyunwoo explained house-visit manners before we got in the car.,vocab_a1_0247
진지,jinji,Mahlzeit (ehrenvoll),A1,Nomen,진지 드세요 하니까 숟가락을 집었어요.,"Als sie die ehrenvolle Mahlzeit anboten, nahm ich den Löffel.",Partnerschaft & koreanische Familie,a1_partner_table_basic_1,1,false,meal (honorific),Noun,"When they offered the meal, I picked up the spoon.",vocab_a1_0248
수저,sujeo,Löffel und Stäbchen,A1,Nomen,수저가 두 벌이라 어느 게 제 것인지 봤어요.,"Es gab zwei Garnituren Löffel und Stäbchen, also schaute ich, welche meine sind.",Partnerschaft & koreanische Familie,a1_partner_table_basic_1,2,false,spoon and chopsticks,Noun,"There were two sets of spoon and chopsticks, so I checked which were mine.",vocab_a1_0249
밑반찬,mitbanchan,Grundbeilagen,A1,Nomen,밑반찬이 열 가지라서 눈이 커졌어요.,"Es gab zehn Grundbeilagen, da wurden meine Augen groß.",Partnerschaft & koreanische Familie,a1_partner_table_basic_1,3,false,basic side dishes,Noun,"There were ten basic side dishes, so my eyes got wide.",vocab_a1_0250
더 드세요,deo deuseyo,essen Sie noch mehr,A1,Ausdruck,더 드세요를 세 번 듣고 수저를 다시 들었어요.,Nach dreimal essen Sie noch mehr hob ich die Stäbchen wieder.,Partnerschaft & koreanische Familie,a1_partner_table_basic_1,4,false,please eat more,Expression,"After hearing please eat more three times, I picked up the utensils again.",vocab_a1_0251
배불러요,baebulreoyo,ich bin satt,A1,Ausdruck,배불러요라고 했는데도 과일이 나왔어요.,"Ich sagte ich bin satt, und trotzdem kam Obst.",Partnerschaft & koreanische Familie,a1_partner_table_basic_1,5,false,I am full,Expression,"I said I am full, and fruit still came out.",vocab_a1_0252
맛있어요,masisseoyo,es schmeckt,A1,Ausdruck,맛있어요를 매 접시마다 말하니 현우가 웃었어요.,"Bei jedem Teller sagte ich, dass es schmeckt, und Hyunwoo hat gelacht.",Partnerschaft & koreanische Familie,a1_partner_table_basic_1,6,false,it is delicious,Expression,"I kept saying it was tasty, and Hyunwoo laughed.",vocab_a1_0253
집밥,jibbab,Hausmannskost,A1,Nomen,집밥이 식당보다 반찬이 많아요.,Hausmannskost hat mehr Beilagen als ein Restaurant.,Partnerschaft & koreanische Familie,a1_partner_table_basic_1,7,false,home cooking,Noun,Home cooking has more side dishes than a restaurant.,vocab_a1_0254
국물,gugmul,Brühe,A1,Nomen,국물을 소리 없이 떠먹으려고 집중했어요.,"Ich konzentrierte mich, die Brühe ohne Geräusch zu löffeln.",Partnerschaft & koreanische Familie,a1_partner_table_basic_1,8,false,broth,Noun,I focused on spooning the broth without noise.,vocab_a1_0255
젓가락질,jeosgaragjil,Stäbchenhaltung,A1,Nomen,젓가락질이 흔들려서 콩나물을 놓쳤어요.,"Meine Stäbchenhaltung wackelte, und ich verlor die Sojasprossen.",Partnerschaft & koreanische Familie,a1_partner_table_basic_1,9,false,chopstick grip,Noun,"My chopstick grip wobbled, and I dropped the bean sprouts.",vocab_a1_0256
앞접시,apjeobsi,kleiner Essteller,A1,Nomen,앞접시에 먼저 조금 덜었어요.,Auf den kleinen Essteller habe ich zuerst etwas genommen.,Partnerschaft & koreanische Familie,a1_partner_table_basic_1,10,true,individual side plate,Noun,I put a little on the individual plate first.,vocab_a1_0257
수저 놓다,sujeo nohda,das Besteck ablegen,A1,Ausdruck,이야기를 들을 때는 수저 놓고 고개를 끄덕였어요.,Beim Zuhören legte ich das Besteck hin und nickte.,Partnerschaft & koreanische Familie,a1_partner_table_basic_1,11,true,to put utensils down,Expression,While listening I put the utensils down and nodded.,vocab_a1_0258
설거지,seolgeoji,Abwasch,A1,Nomen,설거지를 돕겠다고 일어섰더니 앉으라고 하셨어요.,"Ich stand auf, um beim Abwasch zu helfen, und sollte wieder sitzen.",Partnerschaft & koreanische Familie,a1_partner_table_basic_1,12,true,doing the dishes,Noun,I stood up to help with dishes and was told to sit back down.,vocab_a1_0259
설날,seolnal,"Seollal, Mondneujahr",A1,Nomen,설날 아침에 한복을 빌려 입었어요.,Am Seollal-Morgen habe ich Hanbok ausgeliehen.,Partnerschaft & koreanische Familie,a1_partner_seollal_basic_1,1,false,"Seollal, Lunar New Year",Noun,On Seollal morning I borrowed a hanbok.,vocab_a1_0260
세배,sebae,Neujahrsverbeugung,A1,Nomen,세배 각도를 현우가 거실에서 연습시켜 줬어요.,Hyunwoo hat den Winkel der Neujahrsverbeugung im Wohnzimmer geübt.,Partnerschaft & koreanische Familie,a1_partner_seollal_basic_1,2,false,New Year bow,Noun,Hyunwoo had me practice the New Year bow in the living room.,vocab_a1_0261
떡국,tteoggug,Reiskuchen-Suppe,A1,Nomen,떡국 한 그릇을 비우니 나이 농담이 나왔어요.,Nach einer Schüssel Reiskuchen-Suppe kamen Scherze über das Alter.,Partnerschaft & koreanische Familie,a1_partner_seollal_basic_1,3,false,rice-cake soup,Noun,"After one bowl of rice-cake soup, age jokes started.",vocab_a1_0262
세뱃돈,sebaesdon,Neujahrsgeld,A1,Nomen,세뱃돈을 받으니 얼굴이 빨개졌어요.,"Als ich Neujahrsgeld bekam, wurde ich rot.",Partnerschaft & koreanische Familie,a1_partner_seollal_basic_1,4,false,New Year money,Noun,I blushed when I received New Year money.,vocab_a1_0263
한복,hanbog,Hanbok,A1,Nomen,한복 고름을 앞에서 매다가 현우 엄마가 도와주셨어요.,"Als ich die Hanbok-Schleife vorne band, half Hyunwoos Mutter.",Partnerschaft & koreanische Familie,a1_partner_seollal_basic_1,5,false,hanbok,Noun,Hyunwoo's mom helped when I tied the hanbok ribbon in front.,vocab_a1_0264
새해 복 많이 받으세요,saehae bog manhi badeuseyo,ein gesegnetes neues Jahr,A1,Ausdruck,새해 복 많이 받으세요를 세 번 연습하고 들어갔어요.,Ich übte ein gesegnetes neues Jahr dreimal und ging hinein.,Partnerschaft & koreanische Familie,a1_partner_seollal_basic_1,6,false,happy new year,Expression,I practiced happy new year three times and then went in.,vocab_a1_0265
절하다,jeolhada,sich verbeugen,A1,Verb,절하는 타이밍을 놓쳐서 한 박자 늦게 했어요.,Ich verpasste den Moment zum Verbeugen und war einen Schlag zu spät.,Partnerschaft & koreanische Familie,a1_partner_seollal_basic_1,7,false,to bow deeply,Verb,I missed the bow timing and was one beat late.,vocab_a1_0266
세배 드리다,sebae deurida,die Neujahrsverbeugung darbringen,A1,Ausdruck,어른께 세배 드리고 일어나니 무릎이 하얘졌어요.,Nach der Verbeugung vor den Älteren wurden meine Knie weiß.,Partnerschaft & koreanische Familie,a1_partner_seollal_basic_1,8,false,to offer the New Year bow,Expression,"After offering the New Year bow, my knees went white.",vocab_a1_0267
덕담,deogdam,Neujahrswunsch,A1,Nomen,덕담을 들으니 독일어로 뭐라고 할지 생각이 멈췄어요.,Beim Neujahrswunsch blieb mein Deutsch stehen.,Partnerschaft & koreanische Familie,a1_partner_seollal_basic_1,9,false,New Year well-wish,Noun,"When I heard the well-wish, my German froze.",vocab_a1_0268
차례상,charyesang,Ahnenopfer-Tisch,A1,Nomen,차례상 앞에서는 사진을 찍지 말라고 했어요.,Vor dem Ahnenopfer-Tisch sollte ich nicht fotografieren.,Partnerschaft & koreanische Familie,a1_partner_seollal_basic_1,10,true,ancestral rite table,Noun,They told me not to take photos in front of the rite table.,vocab_a1_0269
세배함,sebaeham,Geldumschlag,A1,Nomen,세배함이 얇아서 두 손으로 더 조심히 받았어요.,"Der Umschlag war dünn, also nahm ich ihn noch vorsichtiger mit beiden Händen.",Partnerschaft & koreanische Familie,a1_partner_seollal_basic_1,11,true,money envelope,Noun,"The envelope was thin, so I received it even more carefully with both hands.",vocab_a1_0270
설빔,seolbim,Neujahrskleidung,A1,Nomen,설빔으로 한복 대신 단정한 니트를 골랐어요.,Als Neujahrskleidung wählte ich statt Hanbok einen schlichten Pullover.,Partnerschaft & koreanische Familie,a1_partner_seollal_basic_1,12,true,New Year clothes,Noun,For New Year clothes I chose a neat sweater instead of hanbok.,vocab_a1_0271
추석,chuseog,"Chuseok, Erntedank",A1,Nomen,추석에는 고속도로가 주차장이에요.,An Chuseok ist die Autobahn ein Parkplatz.,Partnerschaft & koreanische Familie,a1_partner_chuseok_basic_1,1,false,"Chuseok, harvest festival",Noun,At Chuseok the highway is a parking lot.,vocab_a1_0272
송편,songpyeon,"Songpyeon, Mondreiskuchen",A1,Nomen,송편 속이 달아서 하나만 더 집었어요.,"Die Füllung der Songpyeon war süß, also nahm ich noch eines.",Partnerschaft & koreanische Familie,a1_partner_chuseok_basic_1,2,false,songpyeon rice cake,Noun,"The songpyeon filling was sweet, so I took one more.",vocab_a1_0273
송편 빚다,songpyeon bijda,Songpyeon formen,A1,Ausdruck,송편 빚다가 만두처럼 커졌어요.,Beim Formen wurden sie so groß wie Teigtaschen.,Partnerschaft & koreanische Familie,a1_partner_chuseok_basic_1,3,false,to shape songpyeon,Expression,While shaping songpyeon they grew as big as dumplings.,vocab_a1_0274
귀성,gwiseong,Heimfahrt zum Fest,A1,Nomen,귀성 기차를 예매하려고 알람을 다섯 개 맞췄어요.,"Für die Heimfahrt stellte ich fünf Wecker, um Tickets zu kaufen.",Partnerschaft & koreanische Familie,a1_partner_chuseok_basic_1,4,false,holiday trip home,Noun,I set five alarms to book the holiday train home.,vocab_a1_0275
성묘,seongmyo,Grabbesuch,A1,Nomen,성묘 갈 때 편한 신발을 신으라고 했어요.,Zum Grabbesuch sollte ich bequeme Schuhe anziehen.,Partnerschaft & koreanische Familie,a1_partner_chuseok_basic_1,5,false,visiting family graves,Noun,They told me to wear comfortable shoes for the grave visit.,vocab_a1_0276
벌초,beolcho,"Grabpflege, Unkraut jäten",A1,Nomen,벌초는 산에 올라가서 풀을 깎는 일이에요.,"Grabpflege heißt, den Berg hinaufzusteigen und Gras zu schneiden.",Partnerschaft & koreanische Familie,a1_partner_chuseok_basic_1,6,false,tending the family grave,Noun,Tending the grave means climbing the hill and cutting grass.,vocab_a1_0277
송편 찌다,songpyeon jjida,Songpyeon dämpfen,A1,Ausdruck,송편 찌는 김에 부엌이 하얘졌어요.,Beim Dämpfen der Songpyeon wurde die Küche weiß.,Partnerschaft & koreanische Familie,a1_partner_chuseok_basic_1,7,false,to steam songpyeon,Expression,Steam from the songpyeon turned the kitchen white.,vocab_a1_0278
햇과일,haesgwail,Obst der neuen Ernte,A1,Nomen,햇과일을 차례상에 먼저 올렸어요.,Das Obst der neuen Ernte kam zuerst auf den Tisch.,Partnerschaft & koreanische Familie,a1_partner_chuseok_basic_1,8,false,first fruit of the season,Noun,The first fruit of the season went on the rite table first.,vocab_a1_0279
한가위,hangawi,"Hangawi, anderer Name für Chuseok",A1,Nomen,한가위에는 보름달이 크다고 아이들이 말했어요.,"An Hangawi sagten die Kinder, der Vollmond sei groß.",Partnerschaft & koreanische Familie,a1_partner_chuseok_basic_1,9,false,"Hangawi, another name for Chuseok",Noun,At Hangawi the children said the full moon is huge.,vocab_a1_0280
송편 잎,songpyeon ip,Kiefernnadel auf Songpyeon,A1,Nomen,송편 잎을 떼고 먹으라고 손짓하셨어요.,"Sie winkten, die Kiefernnadel vor dem Essen abzunehmen.",Partnerschaft & koreanische Familie,a1_partner_chuseok_basic_1,10,true,pine needle on songpyeon,Noun,They gestured to take the pine needle off before eating.,vocab_a1_0281
명절 증후군,myeongjeol jeunghugun,Festtagserschöpfung,A1,Nomen,명절 증후군은 차 안에서 이미 시작됐어요.,Die Festtagserschöpfung begann schon im Auto.,Partnerschaft & koreanische Familie,a1_partner_chuseok_basic_1,11,true,holiday fatigue,Noun,Holiday fatigue started already in the car.,vocab_a1_0282
차례,charye,Ahnenritual,A1,Nomen,차례 전에는 웃음소리를 줄였어요.,Vor dem Ahnenritual senkte ich das Lachen.,Partnerschaft & koreanische Familie,a1_partner_chuseok_basic_1,12,true,ancestral memorial rite,Noun,Before the rite I lowered my laughter.,vocab_a1_0283
처남,cheonam,"Schwager, Bruder der Frau",A1,Nomen,처남이 엘리베이터에서 먼저 손을 흔들었어요.,Der Schwager winkte zuerst im Aufzug.,Partnerschaft & koreanische Familie,a1_partner_siblings_hello_1,1,false,wife's brother,Noun,My wife's brother waved first in the elevator.,vocab_a1_0284
처제,cheoje,"Schwägerin, jüngere Schwester der Frau",A1,Nomen,처제가 독일어를 한 마디 해서 분위기가 풀렸어요.,"Die jüngere Schwester sagte ein deutsches Wort, und die Stimmung lockerte sich.",Partnerschaft & koreanische Familie,a1_partner_siblings_hello_1,2,false,wife's younger sister,Noun,"The younger sister said one German word, and the mood eased.",vocab_a1_0285
시누이,sinui,"Schwägerin, Schwester des Mannes",A1,Nomen,시누이가 옷걸이를 찾아 줬어요.,Die Schwägerin fand den Kleiderbügel für mich.,Partnerschaft & koreanische Familie,a1_partner_siblings_hello_1,3,false,husband's sister,Noun,My husband's sister found a hanger for me.,vocab_a1_0286
시동생,sidongsaeng,"Schwager, jüngerer Bruder des Mannes",A1,Nomen,시동생이 게임을 하자고 해서 현우가 말렸어요.,"Der jüngere Schwager wollte spielen, aber Hyunwoo hielt ihn zurück.",Partnerschaft & koreanische Familie,a1_partner_siblings_hello_1,4,false,husband's younger brother,Noun,"The younger brother wanted to play a game, but Hyunwoo stopped him.",vocab_a1_0287
형부,hyeongbu,Ehemann der älteren Schwester,A1,Nomen,형부가 맥주를 권해서 반만 받았어요.,"Der Schwager bot Bier an, ich nahm nur die Hälfte.",Partnerschaft & koreanische Familie,a1_partner_siblings_hello_1,5,false,older sister's husband,Noun,The older sister's husband offered beer; I took only half.,vocab_a1_0288
올케,olke,Frau des Bruders,A1,Nomen,올케가 주방에서 눈짓으로 물컵을 가리켰어요.,Die Schwägerin zeigte in der Küche mit den Augen auf das Wasserglas.,Partnerschaft & koreanische Familie,a1_partner_siblings_hello_1,6,false,brother's wife,Noun,My brother's wife pointed at the water glass with her eyes.,vocab_a1_0289
막내,magnae,das Nesthäkchen,A1,Nomen,막내가 사진을 찍어 주겠다고 뛰어왔어요.,Das Nesthäkchen rannte her und wollte ein Foto machen.,Partnerschaft & koreanische Familie,a1_partner_siblings_hello_1,7,false,youngest sibling,Noun,The youngest ran over and offered to take a photo.,vocab_a1_0290
맏이,madi,das älteste Kind,A1,Nomen,맏이가 자리 배치를 조용히 정했어요.,Das älteste Kind regelte leise die Sitzordnung.,Partnerschaft & koreanische Familie,a1_partner_siblings_hello_1,8,false,eldest sibling,Noun,The eldest quietly set the seating.,vocab_a1_0291
동생이에요,dongsaengieyo,das ist die jüngere Schwester oder der Bruder,A1,Ausdruck,동생이에요라고 소개하니 악수를 할지 고민했어요.,"Bei das ist die jüngere Schwester überlegte ich, ob ich die Hand gebe.",Partnerschaft & koreanische Familie,a1_partner_siblings_hello_1,9,false,this is the younger sibling,Expression,"When they said this is the younger sibling, I wondered whether to shake hands.",vocab_a1_0292
친해지다,chinhaejida,sich anfreunden,A1,Verb,게임 한 판 하니 금방 친해졌어요.,Nach einer Spielrunde wurden wir schnell vertrauter.,Partnerschaft & koreanische Familie,a1_partner_siblings_hello_1,10,true,to get closer,Verb,After one game we got closer quickly.,vocab_a1_0293
장난,jangnan,Scherz,A1,Nomen,장난으로 제 발음을 따라 해서 같이 웃었어요.,"Im Scherz ahmten sie meine Aussprache nach, und wir lachten.",Partnerschaft & koreanische Familie,a1_partner_siblings_hello_1,11,true,teasing,Noun,"They teased my pronunciation, and we laughed together.",vocab_a1_0294
단체 사진,danche sajin,Gruppenfoto,A1,Nomen,단체 사진에서 제가 제일 뒤에 서 있어요.,Auf dem Gruppenfoto stehe ich ganz hinten.,Partnerschaft & koreanische Familie,a1_partner_siblings_hello_1,12,true,group photo,Noun,In the group photo I am standing at the very back.,vocab_a1_0295
인증샷,injeungsyas,Beweis-Foto,A1,Nomen,인증샷은 올리지 말라고 현우가 먼저 말했어요.,"Hyunwoo sagte zuerst, das Beweis-Foto nicht hochzuladen.",Partnerschaft & koreanische Familie,a1_partner_photo_thanks_1,1,false,proof photo,Noun,Hyunwoo said first not to post the proof photo.,vocab_a1_0296
가족 앨범,gajog aelbeom,Familienalbum,A1,Nomen,가족 앨범에서 현우 교복 사진을 봤어요.,Im Familienalbum sah ich Hyunwoos Schuluniform.,Partnerschaft & koreanische Familie,a1_partner_photo_thanks_1,2,false,family album,Noun,I saw Hyunwoo's school uniform in the family album.,vocab_a1_0297
촬영 금지,chwalyeong geumji,Fotografierverbot,A1,Ausdruck,차례상 앞은 촬영 금지라고 작은 소리로 들었어요.,Vor dem Ritualtisch hörte ich leise Fotografierverbot.,Partnerschaft & koreanische Familie,a1_partner_photo_thanks_1,3,false,no photos,Expression,I heard no photos in a low voice in front of the rite table.,vocab_a1_0298
잘 다녀오겠습니다,jal danyeoogessseubnida,ich gehe und komme gut wieder,A1,Ausdruck,나갈 때 잘 다녀오겠습니다라고 했어요.,"Beim Hinausgehen sagte ich, ich gehe und komme gut wieder.",Partnerschaft & koreanische Familie,a1_partner_photo_thanks_1,4,false,I will go and come back safely,Expression,When leaving I said I will go and come back safely.,vocab_a1_0299
잘 먹었습니다,jal meogeossseubnida,"es hat geschmeckt, danke",A1,Ausdruck,상을 물릴 때 잘 먹었습니다를 크게 했어요.,Beim Abräumen sagte ich laut danke für die Mahlzeit.,Partnerschaft & koreanische Familie,a1_partner_photo_thanks_1,5,false,thank you for the meal,Expression,When clearing the table I said thank you for the meal clearly.,vocab_a1_0300
다음에 또 오세요,daeume tto oseyo,kommen Sie wieder,A1,Ausdruck,다음에 또 오세요 하셔서 신발을 거꾸로 신었어요.,"Als sie kommen Sie wieder sagten, zog ich die Schuhe falsch herum an.",Partnerschaft & koreanische Familie,a1_partner_photo_thanks_1,6,false,please come again,Expression,"When they said please come again, I put my shoes on backwards.",vocab_a1_0301
연락드릴게요,yeonragdeurilgeyo,ich melde mich,A1,Ausdruck,문 앞에서 연락드릴게요라고 손을 흔들었어요.,Vor der Tür sagte ich ich melde mich und winkte.,Partnerschaft & koreanische Familie,a1_partner_photo_thanks_1,7,false,I will be in touch,Expression,At the door I said I will be in touch and waved.,vocab_a1_0302
카톡,katog,KakaoTalk,A1,Nomen,차에서 카톡으로 감사 메시지를 보냈어요.,Im Auto schickte ich die Danke-Nachricht per KakaoTalk.,Partnerschaft & koreanische Familie,a1_partner_photo_thanks_1,8,false,KakaoTalk,Noun,In the car I sent a thank-you message on KakaoTalk.,vocab_a1_0303
이모티콘,imotikon,Emoticon,A1,Nomen,이모티콘은 절하는 토끼로 골랐어요.,Als Emoticon wählte ich das sich verbeugende Kaninchen.,Partnerschaft & koreanische Familie,a1_partner_photo_thanks_1,9,false,emoji sticker,Noun,I chose the bowing-rabbit sticker.,vocab_a1_0304
안부,anbu,"Lebenszeichen, Gruß",A1,Nomen,다음 날 안부를 짧게 물었어요.,Am nächsten Tag fragte ich kurz nach ihrem Befinden.,Partnerschaft & koreanische Familie,a1_partner_photo_thanks_1,10,true,a greeting check-in,Noun,The next day I sent a short greeting.,vocab_a1_0305
사진 전송,sajin jeonsong,Fotos senden,A1,Nomen,사진 전송 전에 현우에게 먼저 보여 줬어요.,Vor dem Senden zeigte ich die Fotos zuerst Hyunwoo.,Partnerschaft & koreanische Familie,a1_partner_photo_thanks_1,11,true,sending photos,Noun,Before sending I showed the photos to Hyunwoo first.,vocab_a1_0306
방문 소감,bangmun sogam,Eindruck vom Besuch,A1,Ausdruck,방문 소감은 따뜻했다고만 적었어요.,"Als Eindruck schrieb ich nur, es war warm.",Partnerschaft & koreanische Familie,a1_partner_photo_thanks_1,12,true,impression of the visit,Expression,For the visit impression I only wrote that it felt warm.,vocab_a1_0307
어디서 오셨어요,eodiseo osyeosseoyo,woher kommen Sie,A2,Ausdruck,어디서 오셨어요 하시길래 독일 베를린이라고 했어요.,"Sie fragten, woher ich komme, also sagte ich Berlin.",Partnerschaft & koreanische Familie,a2_partner_dinner_talk_1,1,false,where are you from,Expression,"They asked where I am from, so I said Berlin in Germany.",vocab_a2_0269
한국어 잘하시네요,hangugeo jalhasineyo,Sie sprechen gut Koreanisch,A2,Ausdruck,한국어 잘하시네요는 칭찬인데 더 긴장됐어요.,Das Lob machte mich noch nervöser.,Partnerschaft & koreanische Familie,a2_partner_dinner_talk_1,2,false,your Korean is good,Expression,"Your Korean is good is praise, but I got more nervous.",vocab_a2_0270
직업이 뭐예요,jigeobi mwoyeyo,was sind Sie von Beruf,A2,Ausdruck,직업이 뭐예요에 디자이너라고 짧게 답했어요.,Auf die Berufsfrage antwortete ich kurz Designerin.,Partnerschaft & koreanische Familie,a2_partner_dinner_talk_1,3,false,what do you do,Expression,"To what do you do I answered designer, briefly.",vocab_a2_0271
언제 왔어요,eonje wasseoyo,wann sind Sie gekommen,A2,Ausdruck,언제 왔어요는 한국에 온 해를 묻는 말이에요.,Die Frage meint das Ankunftsjahr in Korea.,Partnerschaft & koreanische Familie,a2_partner_dinner_talk_1,4,false,when did you arrive,Expression,When did you come asks which year I arrived in Korea.,vocab_a2_0272
얼마나 됐어요,eolmana dwaesseoyo,wie lange schon,A2,Ausdruck,사귄 지 얼마나 됐어요를 듣고 현우가 물을 마셨어요.,"Als sie nach der Beziehungsdauer fragten, trank Hyunwoo Wasser.",Partnerschaft & koreanische Familie,a2_partner_dinner_talk_1,5,false,how long has it been,Expression,"When they asked how long we have been together, Hyunwoo drank water.",vocab_a2_0273
소개팅,sogaeting,Vermittlungsdate,A2,Nomen,소개팅이 아니라 동아리에서 만났다고 했어요.,"Wir haben uns nicht über ein Date, sondern im Verein kennengelernt.",Partnerschaft & koreanische Familie,a2_partner_dinner_talk_1,6,false,a set-up date,Noun,"I said we met in a club, not on a set-up date.",vocab_a2_0274
유창하다,yuchanghada,fließend sein,A2,Adjektiv,유창하지 않아도 천천히 말하면 통해요.,Auch ohne fließendes Koreanisch versteht man langsames Sprechen.,Partnerschaft & koreanische Familie,a2_partner_dinner_talk_1,7,false,to be fluent,Adjective,"Even if it is not fluent, slow speech still works.",vocab_a2_0275
통역 부탁,tongyeog butag,Dolmetschbitte,A2,Nomen,어려운 말은 현우에게 통역 부탁을 했어요.,Schwierige Sätze ließ ich mir von Hyunwoo dolmetschen.,Partnerschaft & koreanische Familie,a2_partner_dinner_talk_1,8,false,asking for interpreting,Noun,I asked Hyunwoo for interpreting on the hard parts.,vocab_a2_0276
자기소개,jagisogae,Selbstvorstellung,A2,Nomen,자기소개를 세 문장으로 준비해 갔어요.,Ich hatte die Selbstvorstellung in drei Sätzen vorbereitet.,Partnerschaft & koreanische Familie,a2_partner_dinner_talk_1,9,false,self-introduction,Noun,I prepared the self-introduction in three sentences.,vocab_a2_0277
고향 이야기,gohyang iyagi,Heimatgeschichte,A2,Ausdruck,고향 이야기를 하니 할머니가 지도를 찾아오셨어요.,"Als ich von der Heimat erzählte, holte die Großmutter eine Karte.",Partnerschaft & koreanische Familie,a2_partner_dinner_talk_1,10,true,hometown story,Expression,"When I told a hometown story, grandmother brought a map.",vocab_a2_0278
음식 취향,eumsig chwihyang,Essensvorlieben,A2,Nomen,음식 취향을 묻길래 매운 건 조금 먹는다고 했어요.,"Nach den Vorlieben gefragt sagte ich, Scharfes esse ich wenig.",Partnerschaft & koreanische Familie,a2_partner_dinner_talk_1,11,true,food preferences,Noun,"They asked about food preferences, so I said I eat spicy food a little.",vocab_a2_0279
분위기 파악,bunwigi paag,die Stimmung lesen,A2,Ausdruck,분위기 파악이 안 되면 현우 얼굴을 봐요.,"Wenn ich die Lage nicht lese, schaue ich Hyunwoo an.",Partnerschaft & koreanische Familie,a2_partner_dinner_talk_1,12,true,reading the room,Expression,"If I cannot read the room, I look at Hyunwoo's face.",vocab_a2_0280
세배하러 가다,sebaehareo gada,zur Verbeugung gehen,A2,Ausdruck,오전에 세배하러 가는 집이 세 곳이었어요.,Vormittags gab es drei Häuser für die Verbeugung.,Partnerschaft & koreanische Familie,a2_partner_seollal_day_1,1,false,to go offer New Year bows,Expression,In the morning there were three houses for New Year bows.,vocab_a2_0281
떡국 먹다,tteoggug meogda,Reiskuchensuppe essen,A2,Ausdruck,떡국 먹다 보면 한 살이 는다는 농담을 들었어요.,"Beim Essen hörte ich den Witz, man werde ein Jahr älter.",Partnerschaft & koreanische Familie,a2_partner_seollal_day_1,2,false,to eat rice-cake soup,Expression,While eating the soup I heard the joke that you gain a year.,vocab_a2_0282
세뱃돈 사양,sebaesdon sayang,Neujahrsgeld ablehnen,A2,Ausdruck,어른인데 세뱃돈 사양을 두 번 하고 받았어요.,Als Erwachsene lehnte ich das Geld zweimal ab und nahm es dann.,Partnerschaft & koreanische Familie,a2_partner_seollal_day_1,3,false,declining New Year money,Expression,"As an adult I declined the New Year money twice, then accepted.",vocab_a2_0283
한복 대여,hanbog daeyeo,Hanbok-Verleih,A2,Nomen,한복 대여 가게가 명절 전날 문을 일찍 닫았어요.,Der Hanbok-Verleih schloss am Vortag früh.,Partnerschaft & koreanische Familie,a2_partner_seollal_day_1,4,false,hanbok rental,Noun,The hanbok rental closed early the day before.,vocab_a2_0284
세배 순서,sebae sunseo,Reihenfolge der Verbeugung,A2,Nomen,세배 순서는 나이 많은 분부터예요.,Die Reihenfolge beginnt bei den Ältesten.,Partnerschaft & koreanische Familie,a2_partner_seollal_day_1,5,false,bowing order,Noun,The bowing order starts with the oldest people.,vocab_a2_0285
복주머니,bogjumeoni,Glücksbeutel,A2,Nomen,아이 복주머니에 세뱃돈을 넣어 주셨어요.,In den Glücksbeutel des Kindes steckten sie das Geld.,Partnerschaft & koreanische Familie,a2_partner_seollal_day_1,6,false,lucky pouch,Noun,They put the New Year money into the child's lucky pouch.,vocab_a2_0286
설날 인사말,seolnal insamal,Seollal-Grussformel,A2,Nomen,설날 인사말을 종이에 적어 주머니에 넣었어요.,Die Grussformel schrieb ich auf Papier und steckte sie ein.,Partnerschaft & koreanische Familie,a2_partner_seollal_day_1,7,false,Seollal greeting line,Noun,I wrote the Seollal greeting on paper and put it in my pocket.,vocab_a2_0287
세배 영상,sebae yeongsang,Video der Verbeugung,A2,Nomen,세배 영상은 가족 앨범에만 두래요.,Das Video sollte nur ins Familienalbum.,Partnerschaft & koreanische Familie,a2_partner_seollal_day_1,8,false,bowing video,Noun,They said keep the bowing video in the family album only.,vocab_a2_0288
명절 음식,myeongjeol eumsig,Festtagsessen,A2,Nomen,명절 음식은 전 냄새가 먼저 나요.,Beim Festtagsessen riecht man zuerst die Pfannengerichte.,Partnerschaft & koreanische Familie,a2_partner_seollal_day_1,9,false,holiday food,Noun,With holiday food you smell the pancakes first.,vocab_a2_0289
전 부치다,jeon buchida,jeon braten,A2,Ausdruck,전 부치는 기름이 팔에 튀었어요.,Beim Braten spritzte Öl auf den Arm.,Partnerschaft & koreanische Familie,a2_partner_seollal_day_1,10,true,to fry Korean pancakes,Expression,Oil from frying jeon splashed on my arm.,vocab_a2_0290
세배 연습,sebae yeonseub,Verbeugungsübung,A2,Nomen,세배 연습을 거울 앞에서 열 번 했어요.,Die Verbeugung übte ich zehnmal vor dem Spiegel.,Partnerschaft & koreanische Familie,a2_partner_seollal_day_1,11,true,bow practice,Noun,I practiced the bow ten times in front of the mirror.,vocab_a2_0291
새해 목표,saehae mogpyo,Neujahrsvorsatz,A2,Nomen,새해 목표를 묻길래 한국어 일기라고 했어요.,Nach dem Vorsatz gefragt sagte ich koreanisches Tagebuch.,Partnerschaft & koreanische Familie,a2_partner_seollal_day_1,12,true,new-year goal,Noun,"They asked for a new-year goal, so I said a Korean diary.",vocab_a2_0292
귀성길,gwiseonggil,Heimreiseverkehr,A2,Nomen,귀성길에서 휴게소 호두과자를 샀어요.,Im Heimreiseverkehr kaufte ich Walnusskuchen an der Raststätte.,Partnerschaft & koreanische Familie,a2_partner_chuseok_day_1,1,false,holiday homebound traffic,Noun,In holiday traffic I bought walnut cakes at the rest stop.,vocab_a2_0293
송편 맛,songpyeon mas,Geschmack der Songpyeon,A2,Nomen,송편 맛이 콩이면 제가 이기고 깨면 현우가 이겨요.,"Bei Bohnenfüllung gewinne ich, bei Sesam Hyunwoo.",Partnerschaft & koreanische Familie,a2_partner_chuseok_day_1,2,false,songpyeon flavor,Noun,"If the filling is bean I win; if sesame, Hyunwoo wins.",vocab_a2_0294
보름달,boreumdal,Vollmond,A2,Nomen,보름달을 보며 소원을 말하래요.,Beim Vollmond sollte ich einen Wunsch sagen.,Partnerschaft & koreanische Familie,a2_partner_chuseok_day_1,3,false,full moon,Noun,They told me to make a wish looking at the full moon.,vocab_a2_0295
성묘 옷,seongmyo os,Kleidung für den Grabbesuch,A2,Nomen,성묘 옷은 흰색보다 어두운 색이 편해요.,Für den Grabbesuch sind dunkle Farben bequemer als Weiß.,Partnerschaft & koreanische Familie,a2_partner_chuseok_day_1,4,false,clothes for the grave visit,Noun,For the grave visit dark colors are easier than white.,vocab_a2_0296
벌초 장갑,beolcho janggab,Handschuhe zum Jäten,A2,Nomen,벌초 장갑을 끼고 사진만 찍었어요.,Mit Jätehandschuhen machte ich nur Fotos.,Partnerschaft & koreanische Familie,a2_partner_chuseok_day_1,5,false,weeding gloves,Noun,I put on weeding gloves and only took photos.,vocab_a2_0297
차례 음식,charye eumsig,Speisen für das Ritual,A2,Nomen,차례 음식은 먹기 전에 먼저 올렸어요.,"Die Ritualspeisen kamen auf den Tisch, bevor jemand ass.",Partnerschaft & koreanische Familie,a2_partner_chuseok_day_1,6,false,food for the rite,Noun,The rite food was offered before anyone ate.,vocab_a2_0298
송편 만들기,songpyeon mandeulgi,Songpyeon herstellen,A2,Nomen,송편 만들기는 손끝이 분홍해지는 일이에요.,Beim Formen werden die Finger rosa.,Partnerschaft & koreanische Familie,a2_partner_chuseok_day_1,7,false,making songpyeon,Noun,Making songpyeon turns your fingertips pink.,vocab_a2_0299
명절 인사,myeongjeol insa,Festtagsgruss,A2,Nomen,"카톡 명절 인사는 짧게, 하지만 존댓말로 보냈어요.","Den Festtagsgruss schickte ich kurz, aber höflich.",Partnerschaft & koreanische Familie,a2_partner_chuseok_day_1,8,false,holiday greeting,Noun,"I sent the holiday greeting short, but in honorifics.",vocab_a2_0300
고향집,gohyangjib,Elternhaus in der Heimat,A2,Nomen,고향집 마당에 감이 아직 열려 있었어요.,Im Hof des Elternhauses hingen noch Kakis.,Partnerschaft & koreanische Familie,a2_partner_chuseok_day_1,9,false,family home in the hometown,Noun,Persimmons were still hanging in the hometown yard.,vocab_a2_0301
친척 방문,chincheog bangmun,Verwandtenbesuch,A2,Nomen,친척 방문이 다섯 집이라 미소를 아껴 썼어요.,Bei fünf Besuchen sparte ich das Lächeln ein.,Partnerschaft & koreanische Familie,a2_partner_chuseok_day_1,10,true,visiting relatives,Noun,With five relative visits I rationed my smile.,vocab_a2_0302
송편 점,songpyeon jeom,Songpyeon-Orakel,A2,Nomen,송편 점이 깨면 딸이라는 말에 현우가 숨었어요.,"Bei Sesam werde es eine Tochter, sagte man, und Hyunwoo versteckte sich.",Partnerschaft & koreanische Familie,a2_partner_chuseok_day_1,11,true,songpyeon fortune,Noun,"They said sesame means a daughter, and Hyunwoo hid.",vocab_a2_0303
추석 연휴,chuseog yeonhyu,Chuseok-Ferien,A2,Nomen,추석 연휴 마지막 날 기차가 제일 비쌌어요.,Am letzten Ferientag war der Zug am teuersten.,Partnerschaft & koreanische Familie,a2_partner_chuseok_day_1,12,true,Chuseok long weekend,Noun,On the last day of the Chuseok break the train was most expensive.,vocab_a2_0304
놀리다,nolrida,aufziehen,A2,Verb,발음을 놀려도 웃어 주면 금방 끝나요.,"Wenn sie die Aussprache aufziehen und ich lache, ist es vorbei.",Partnerschaft & koreanische Familie,a2_partner_sibling_tease_1,1,false,to tease,Verb,"If they tease my pronunciation and I laugh, it ends quickly.",vocab_a2_0305
편들다,pyeondeulda,Partei ergreifen,A2,Verb,현우가 제 편을 들어 줘서 어깨가 내려갔어요.,"Hyunwoo ergriff für mich Partei, da sank die Schulter.",Partnerschaft & koreanische Familie,a2_partner_sibling_tease_1,2,false,to take someone's side,Verb,"Hyunwoo took my side, and my shoulders dropped.",vocab_a2_0306
별명,byeolmyeong,Spitzname,A2,Nomen,별명이 생기기 전에 제가 먼저 하나를 정했어요.,"Bevor ein Spitzname entstand, wählte ich selbst einen.",Partnerschaft & koreanische Familie,a2_partner_sibling_tease_1,3,false,nickname,Noun,"Before a nickname appeared, I chose one first.",vocab_a2_0307
게임 한 판,geim han pan,eine Spielrunde,A2,Ausdruck,게임 한 판 하니 존댓말이 반말로 넘어갔어요.,Nach einer Runde rutschte die Höflichkeit ins Vertraute.,Partnerschaft & koreanische Familie,a2_partner_sibling_tease_1,4,false,one game round,Expression,"After one game, honorifics slipped into casual speech.",vocab_a2_0308
비밀 보장,bimil bojang,ein Geheimnis wahren,A2,Ausdruck,현우 어릴 적 비밀 보장은 제가 먼저 약속했어요.,Das Kindheitsgeheimnis zu wahren versprach ich zuerst.,Partnerschaft & koreanische Familie,a2_partner_sibling_tease_1,5,false,keeping a secret,Expression,I promised first to keep Hyunwoo's childhood secret.,vocab_a2_0309
맞장구,majjanggu,zustimmendes Mitgehen,A2,Nomen,맞장구를 너무 크게 해서 국이 흔들렸어요.,"Mein Mitgehen war so laut, dass die Suppe wackelte.",Partnerschaft & koreanische Familie,a2_partner_sibling_tease_1,6,false,supportive backchannel,Noun,My backchannel was so loud the soup shook.,vocab_a2_0310
통역 눈짓,tongyeog nunjis,Augenbitte um Übersetzung,A2,Ausdruck,통역 눈짓을 현우가 못 보면 그냥 웃어요.,"Sieht Hyunwoo die Augenbitte nicht, lache ich einfach.",Partnerschaft & koreanische Familie,a2_partner_sibling_tease_1,7,false,eye-ask for interpreting,Expression,"If Hyunwoo misses the eye-ask, I just laugh.",vocab_a2_0311
같이 웃다,gati usda,zusammen lachen,A2,Ausdruck,같이 웃다 보면 존댓말 실수는 잊혀요.,"Wenn man zusammen lacht, vergisst man Höflichkeitsfehler.",Partnerschaft & koreanische Familie,a2_partner_sibling_tease_1,8,false,to laugh together,Expression,"If you laugh together, honorific mistakes are forgotten.",vocab_a2_0312
동생 편,dongsaeng pyeon,Seite des jüngeren Geschwisters,A2,Ausdruck,동생 편을 들면 현우가 눈을 흘겨요.,"Halte ich zum jüngeren Geschwister, schielt Hyunwoo.",Partnerschaft & koreanische Familie,a2_partner_sibling_tease_1,9,false,the younger sibling side,Expression,"If I take the younger sibling side, Hyunwoo side-eyes me.",vocab_a2_0313
단톡방,dantogbang,Familienchat,A2,Nomen,단톡방에 입장하자마자 이모티콘이 쏟아졌어요.,"Kaum war ich im Familienchat, regnete es Sticker.",Partnerschaft & koreanische Familie,a2_partner_sibling_tease_1,10,true,family group chat,Noun,"As soon as I joined the family group chat, stickers poured in.",vocab_a2_0314
남은 반찬,nameun banchan,übrig gebliebene Beilagen,A2,Nomen,남은 반찬 봉투가 두 개라서 양손에 들었어요.,Ich trug zwei Tüten Reste in beiden Händen.,Partnerschaft & koreanische Familie,a2_partner_sibling_tease_1,11,true,leftover side dishes,Noun,"I carried two leftover bags, one in each hand.",vocab_a2_0315
반말 실수,banmal silsu,ein vertraulicher Sprachfehler,A2,Ausdruck,반말 실수를 하자 동생이 더 좋아했어요.,Nach einem vertraulichen Sprachfehler freute sich das jüngere Geschwister noch mehr.,Partnerschaft & koreanische Familie,a2_partner_sibling_tease_1,12,true,a casual-speech slip,Expression,After a casual-speech slip the younger sibling liked me even more.,vocab_a2_0316
손님방,sonnimbang,Gästezimmer,A2,Nomen,손님방에 이불이 세 겹이라 더웠어요.,"Im Gästezimmer lagen drei Decken, es war zu warm.",Partnerschaft & koreanische Familie,a2_partner_overnight_1,1,false,guest room,Noun,"The guest room had three blankets, so it was too warm.",vocab_a2_0317
이불,ibul,Bettdecke,A2,Nomen,이불을 개다가 현우 엄마가 들어오셨어요.,"Als ich die Decke faltete, kam Hyunwoos Mutter herein.",Partnerschaft & koreanische Familie,a2_partner_overnight_1,2,false,blanket,Noun,"While folding the blanket, Hyunwoo's mom came in.",vocab_a2_0318
세면 도구,semyeon dogu,Waschzeug,A2,Nomen,세면 도구를 깜빡해서 새 칫솔을 받았어요.,Ich hatte das Waschzeug vergessen und bekam eine neue Bürste.,Partnerschaft & koreanische Familie,a2_partner_overnight_1,3,false,toiletries,Noun,I forgot my toiletries and was given a new toothbrush.,vocab_a2_0319
아침 인사,achim insa,Morgengruss,A2,Nomen,아침 인사는 일어나자마자 큰 소리로 했어요.,Den Morgengruss sagte ich laut gleich nach dem Aufstehen.,Partnerschaft & koreanische Familie,a2_partner_overnight_1,4,false,morning greeting,Noun,I said the morning greeting loudly as soon as I got up.,vocab_a2_0320
일찍 일어나다,iljjig ileonada,früh aufstehen,A2,Ausdruck,일찍 일어나려고 알람을 네 개 맞췄어요.,"Um früh aufzustehen, stellte ich vier Wecker.",Partnerschaft & koreanische Familie,a2_partner_overnight_1,5,false,to get up early,Expression,I set four alarms to get up early.,vocab_a2_0321
화장실 줄,hwajangsil jul,Schlange vor der Toilette,A2,Nomen,화장실 줄이 생겨서 물부터 마셨어요.,"Es gab eine Schlange, also trank ich zuerst Wasser.",Partnerschaft & koreanische Familie,a2_partner_overnight_1,6,false,bathroom queue,Noun,"There was a bathroom queue, so I drank water first.",vocab_a2_0322
잠옷,jamos,Schlafanzug,A2,Nomen,잠옷 대신 편한 티를 입어도 되냐고 물었어요.,"Ich fragte, ob statt Schlafanzug ein T-Shirt reicht.",Partnerschaft & koreanische Familie,a2_partner_overnight_1,7,false,pajamas,Noun,I asked whether a T-shirt was fine instead of pajamas.,vocab_a2_0323
코골이,kogoli,Schnarchen,A2,Nomen,코골이 소리가 벽 너머로 들려서 현우가 미안해했어요.,"Schnarchen kam durch die Wand, und Hyunwoo entschuldigte sich.",Partnerschaft & koreanische Familie,a2_partner_overnight_1,8,false,snoring,Noun,"Snoring came through the wall, and Hyunwoo apologized.",vocab_a2_0324
아침밥,achimbab,Frühstück,A2,Nomen,아침밥이 저녁만큼 많아서 천천히 먹었어요.,Das Frühstück war so reich wie das Abendessen.,Partnerschaft & koreanische Familie,a2_partner_overnight_1,9,false,breakfast,Noun,"Breakfast was as big as dinner, so I ate slowly.",vocab_a2_0325
손님 수건,sonnim sugeon,Gästehandtuch,A2,Nomen,손님 수건이 분홍색이라 현우 거라고 착각했어요.,"Das Gästehandtuch war rosa, ich dachte es sei Hyunwoos.",Partnerschaft & koreanische Familie,a2_partner_overnight_1,10,true,guest towel,Noun,"The guest towel was pink, so I thought it was Hyunwoo's.",vocab_a2_0326
문 닫기,mun dadgi,die Tür schließen,A2,Nomen,문 닫기를 너무 세게 해서 깜짝 놀랐어요.,Ich schloss die Tür zu fest und erschrak selbst.,Partnerschaft & koreanische Familie,a2_partner_overnight_1,11,true,closing the door,Noun,I closed the door too hard and startled myself.,vocab_a2_0327
잘 주무셨어요,jal jumusyeosseoyo,haben Sie gut geschlafen,A2,Ausdruck,잘 주무셨어요 하고 먼저 말하니 분위기가 편해졌어요.,"Als ich zuerst nach dem Schlaf fragte, wurde es lockerer.",Partnerschaft & koreanische Familie,a2_partner_overnight_1,12,true,did you sleep well,Expression,Asking did you sleep well first made the mood easier.,vocab_a2_0328
싸 주다,ssa juda,zum Mitnehmen einpacken,A2,Ausdruck,가려는데 반찬을 싸 주셔서 가방이 무거워졌어요.,"Beim Gehen packten sie Beilagen ein, und die Tasche wurde schwer.",Partnerschaft & koreanische Familie,a2_partner_leftover_bags_1,1,false,to pack food to go,Expression,"As we left they packed side dishes, and the bag got heavy.",vocab_a2_0329
밀폐 용기,milpye yonggi,Frischhaltedose,A2,Nomen,밀폐 용기가 세 개라 버스에서 조심했어요.,"Drei Frischhaltedosen, im Bus ging ich vorsichtig.",Partnerschaft & koreanische Familie,a2_partner_leftover_bags_1,2,false,airtight container,Noun,"There were three airtight containers, so I was careful on the bus.",vocab_a2_0330
김치 국물,gimchi gugmul,Kimchi-Saft,A2,Nomen,김치 국물이 샐까 봐 봉지를 두 겹으로 했어요.,Aus Angst vor Kimchi-Saft nahm ich zwei Tüten.,Partnerschaft & koreanische Familie,a2_partner_leftover_bags_1,3,false,kimchi juice,Noun,I used two bags in case the kimchi juice leaked.,vocab_a2_0331
냉동실,naengdongsil,Gefrierfach,A2,Nomen,냉동실에 넣으라고 스티커까지 붙여 주셨어요.,Sie klebten sogar einen Zettel ans Gefrierfach.,Partnerschaft & koreanische Familie,a2_partner_leftover_bags_1,4,false,freezer,Noun,They even put a sticker on it for the freezer.,vocab_a2_0332
보자기,bojagi,Bojagi-Tuch,A2,Nomen,보자기로 싼 그릇이 미끄러워서 양손으로 들었어요.,"Die in ein Tuch gewickelte Schüssel rutschte, also nahm ich beide Hände.",Partnerschaft & koreanische Familie,a2_partner_leftover_bags_1,5,false,wrapping cloth,Noun,"The bowl wrapped in cloth slipped, so I used both hands.",vocab_a2_0333
비닐봉지,binilbongji,Plastiktute,A2,Nomen,비닐봉지가 얇아서 밑에 책을 받쳤어요.,"Die Tute war dünn, also hielt ich ein Buch darunter.",Partnerschaft & koreanische Familie,a2_partner_leftover_bags_1,6,false,plastic bag,Noun,"The plastic bag was thin, so I put a book under it.",vocab_a2_0334
양손,yangson,beide Hände,A2,Nomen,양손에 통이 있어서 엘리베이터 버튼을 팔꿈치로 눌렀어요.,Mit beiden Händen voll drückte ich den Knopf mit dem Ellbogen.,Partnerschaft & koreanische Familie,a2_partner_leftover_bags_1,7,false,both hands,Noun,With both hands full I pressed the elevator button with my elbow.,vocab_a2_0335
냉동 보관,naengdong bogwan,Tiefkühllagerung,A2,Nomen,냉동 보관이라고 쓴 메모를 뚜껑에 붙였어요.,Ich klebte den Zettel Tiefkühllagerung auf den Deckel.,Partnerschaft & koreanische Familie,a2_partner_leftover_bags_1,8,false,freezer storage,Noun,I stuck a freezer-storage note on the lid.,vocab_a2_0336
집까지,jibkkaji,bis nach Hause,A2,Ausdruck,집까지 국물 냄새를 들고 가서 현우가 창문을 열었어요.,"Bis nach Hause trug ich den Suppengeruch, und Hyunwoo öffnete das Fenster.",Partnerschaft & koreanische Familie,a2_partner_leftover_bags_1,9,false,all the way home,Expression,"I carried the broth smell all the way home, and Hyunwoo opened the window.",vocab_a2_0337
가방이 무겁다,gabangi mugeobda,die Tasche ist schwer,A2,Ausdruck,가방이 무겁다고 하자 아버지가 차까지 들어 주셨어요.,"Als ich sagte, die Tasche sei schwer, trug der Vater sie zum Auto.",Partnerschaft & koreanische Familie,a2_partner_leftover_bags_1,10,true,the bag is heavy,Expression,"When I said the bag is heavy, father carried it to the car.",vocab_a2_0338
국물 새다,gugmul saeda,Saft auslaufen,A2,Ausdruck,국물 샐까 봐 뚜껑을 두 번 확인했어요.,Aus Angst vor auslaufender Brühe prüfte ich den Deckel zweimal.,Partnerschaft & koreanische Familie,a2_partner_leftover_bags_1,11,true,for broth to leak,Expression,I checked the lid twice in case the broth leaked.,vocab_a2_0339
반찬 봉투,banchan bongtu,Beilagenbeutel,A2,Nomen,반찬 봉투가 두 개라서 현우와 나눠 들었어요.,"Es gab zwei Beilagenbeutel, also trugen Hyunwoo und ich je einen.",Partnerschaft & koreanische Familie,a2_partner_leftover_bags_1,12,true,side-dish bag,Noun,"There were two side-dish bags, so Hyunwoo and I each carried one.",vocab_a2_0340
고속버스,gosogbeoseu,Fernbus,A2,Nomen,고속버스 좌석이 창가라서 할머니께 사진을 보냈어요.,"Der Fernbusplatz war am Fenster, also schickte ich der Großmutter ein Foto.",Partnerschaft & koreanische Familie,a2_partner_hometown_trip_1,1,false,express bus,Noun,"The express-bus seat was by the window, so I sent grandmother a photo.",vocab_a2_0341
휴게소,hyugeso,Raststätte,A2,Nomen,휴게소에서 호두과자를 사니 현우 아빠가 웃으셨어요.,"An der Raststätte kaufte ich Walnusskuchen, und Hyunwoos Vater lachte.",Partnerschaft & koreanische Familie,a2_partner_hometown_trip_1,2,false,highway rest stop,Noun,"At the rest stop I bought walnut cakes, and Hyunwoo's dad smiled.",vocab_a2_0342
명절 기차,myeongjeol gicha,Festtagszug,A2,Nomen,명절 기차는 서서 가는 칸이 더 떠들썩했어요.,Im Festtagszug war der Stehwagen noch lauter.,Partnerschaft & koreanische Familie,a2_partner_hometown_trip_1,3,false,holiday train,Noun,On the holiday train the standing car was even noisier.,vocab_a2_0343
좌석 배정,jwaseog baejeong,Sitzzuweisung,A2,Nomen,좌석 배정이 떨어져서 현우와 쪽지로 이야기했어요.,"Die Sitze lagen auseinander, also schrieben Hyunwoo und ich Zettel.",Partnerschaft & koreanische Familie,a2_partner_hometown_trip_1,4,false,seat assignment,Noun,"The seat assignment split us, so Hyunwoo and I passed notes.",vocab_a2_0344
짐 부치다,jim buchida,Gepack aufgeben,A2,Ausdruck,김치를 짐 부치려다 안 된다고 해서 무릎 위에 올렸어요.,"Kimchi durfte ich nicht aufgeben, also kam es auf die Knie.",Partnerschaft & koreanische Familie,a2_partner_hometown_trip_1,5,false,to check a bag,Expression,"I could not check the kimchi, so I put it on my lap.",vocab_a2_0345
도착 인사,dochag insa,Ankunftsgruss,A2,Nomen,도착 인사는 현관이 아니라 주차장에서 시작됐어요.,"Der Ankunftsgruss begann auf dem Parkplatz, nicht in der Diele.",Partnerschaft & koreanische Familie,a2_partner_hometown_trip_1,6,false,arrival greeting,Noun,"The arrival greeting started in the parking lot, not at the door.",vocab_a2_0346
친척 집,chincheog jib,Verwandtenhaus,A2,Nomen,친척 집이 언덕이라 선물을 다시 묶어 들었어요.,"Das Verwandtenhaus lag am Hang, also band ich das Geschenk neu.",Partnerschaft & koreanische Familie,a2_partner_hometown_trip_1,7,false,relative's house,Noun,"The relative's house was on a hill, so I retied the gift.",vocab_a2_0347
마을 버스,maeul beoseu,Dorfbus,A2,Nomen,마을 버스가 한 대라 시간을 두 번 확인했어요.,"Es gab nur einen Dorfbus, also prüfte ich die Zeit zweimal.",Partnerschaft & koreanische Familie,a2_partner_hometown_trip_1,8,false,village bus,Noun,"There was only one village bus, so I checked the time twice.",vocab_a2_0348
집 마당,jib madang,Hof des Hauses,A2,Nomen,집 마당에 개가 있어서 앉아 있으라고 했어요.,"Im Hof war ein Hund, also sollte ich sitzen bleiben.",Partnerschaft & koreanische Familie,a2_partner_hometown_trip_1,9,false,house yard,Noun,"There was a dog in the yard, so they told me to stay seated.",vocab_a2_0349
밤참,bamcham,Spätimbiss,A2,Nomen,밤참으로 과일만 달라고 했는데 라면이 나왔어요.,"Als Spätimbiss wollte ich nur Obst, aber es kam Ramyeon.",Partnerschaft & koreanische Familie,a2_partner_hometown_trip_1,10,true,late-night snack,Noun,"I asked only for fruit as a late snack, but ramyeon appeared.",vocab_a2_0350
돌아가는 길,dolaganeun gil,der Rückweg,A2,Nomen,돌아가는 길에 남은 전을 또 받았어요.,Auf dem Rückweg bekam ich noch einmal Pfannengerichte.,Partnerschaft & koreanische Familie,a2_partner_hometown_trip_1,11,true,the way back,Noun,On the way back I was given more jeon again.,vocab_a2_0351
안부 전화,anbu jeonhwa,Ankunftsanruf,A2,Nomen,서울 도착하자마자 안부 전화를 드렸어요.,"Kaum in Seoul, rief ich an, dass wir gut angekommen sind.",Partnerschaft & koreanische Familie,a2_partner_hometown_trip_1,12,true,safe-arrival call,Noun,As soon as we reached Seoul I made the safe-arrival call.,vocab_a2_0352
반말 전환,banmal jeonhwan,Wechsel ins Vertraute,A2,Nomen,반말 전환은 동생이 먼저 하자고 했어요.,Den Wechsel ins Vertraute schlug das jüngere Geschwister zuerst vor.,Partnerschaft & koreanische Familie,a2_partner_banmal_switch_1,1,false,switch to casual speech,Noun,The younger sibling suggested the switch to casual speech first.,vocab_a2_0353
존댓말 유지,jondaesmal yuji,Höflichkeit beibehalten,A2,Ausdruck,부모님 앞에서는 존댓말 유지를 약속했어요.,"Vor den Eltern versprach ich, die Höflichkeit beizubehalten.",Partnerschaft & koreanische Familie,a2_partner_banmal_switch_1,2,false,keeping honorifics,Expression,In front of the parents I promised to keep honorifics.,vocab_a2_0354
말실수,malsilsu,Versprecher,A2,Nomen,말실수로 형이라고 해서 현우가 눈을 커졌어요.,"Durch einen Versprecher sagte ich hyeong, und Hyunwoos Augen wurden groß.",Partnerschaft & koreanische Familie,a2_partner_banmal_switch_1,3,false,speech slip,Noun,"I slipped and said hyeong, and Hyunwoo's eyes went wide.",vocab_a2_0355
호칭 연습,hoching yeonseub,Anredeübung,A2,Nomen,호칭 연습을 차에 타기 전에 세 번 했어요.,Die Anrede übte ich dreimal vor der Autofahrt.,Partnerschaft & koreanische Familie,a2_partner_banmal_switch_1,4,false,address-term practice,Noun,I practiced the address terms three times before the car ride.,vocab_a2_0356
편하게 말해요,pyeonhage malhaeyo,sprechen Sie locker,A2,Ausdruck,편하게 말해요 하셔도 처음엔 존댓말이 나왔어요.,Auch nach sprechen Sie locker kam zuerst Höflichkeit.,Partnerschaft & koreanische Familie,a2_partner_banmal_switch_1,5,false,please speak comfortably,Expression,"Even after please speak comfortably, honorifics came out first.",vocab_a2_0357
아직 어색해요,ajig eosaeghaeyo,es ist noch ungewohnt,A2,Ausdruck,아직 어색해요라고 하니 동생이 천천히 해 줬어요.,"Als ich sagte, es sei noch ungewohnt, wurde das Tempo langsamer.",Partnerschaft & koreanische Familie,a2_partner_banmal_switch_1,6,false,it still feels awkward,Expression,"When I said it still feels awkward, the younger sibling slowed down.",vocab_a2_0358
존댓말 버릇,jondaesmal beoreus,Höflichkeitsgewohnheit,A2,Nomen,존댓말 버릇이 남아서 게임에서도 요를 붙였어요.,"Die Höflichkeitsgewohnheit blieb, sogar im Spiel sagte ich yo.",Partnerschaft & koreanische Familie,a2_partner_banmal_switch_1,7,false,honorific habit,Noun,"The honorific habit stayed, so I even added yo in the game.",vocab_a2_0359
나이 확인,nai hwagin,Altersabgleich,A2,Nomen,나이 확인 전에는 이름을 부르지 않았어요.,Vor dem Altersabgleich benutzte ich keinen Vornamen.,Partnerschaft & koreanische Familie,a2_partner_banmal_switch_1,8,false,checking ages,Noun,I did not use a first name before checking ages.,vocab_a2_0360
서로 존댓말,seoro jondaesmal,gegenseitige Höflichkeit,A2,Nomen,처음엔 서로 존댓말로 시작해 마음이 놓였어요.,"Am Anfang half gegenseitige Höflichkeit, ich war erleichtert.",Partnerschaft & koreanische Familie,a2_partner_banmal_switch_1,9,false,mutual honorifics,Noun,Starting with mutual honorifics made me feel safer.,vocab_a2_0361
말투 맞추기,maltu majchugi,den Ton anpassen,A2,Ausdruck,말투 맞추기는 현우가 눈짓으로 도와줬어요.,"Hyunwoo half mit einem Blick, den Ton anzupassen.",Partnerschaft & koreanische Familie,a2_partner_banmal_switch_1,10,true,matching speech style,Expression,Hyunwoo helped me match the speech style with a look.,vocab_a2_0362
존댓말 실수,jondaesmal silsu,Höflichkeitsfehler,A2,Nomen,존댓말 실수를 사과하니 아버지가 괜찮다고 하셨어요.,"Nach der Entschuldigung für den Höflichkeitsfehler sagte der Vater, es sei in Ordnung.",Partnerschaft & koreanische Familie,a2_partner_banmal_switch_1,11,true,honorific mistake,Noun,"When I apologized for the honorific mistake, father said it was fine.",vocab_a2_0363
반말 연습,banmal yeonseub,Banmal-Übung,A2,Nomen,반말 연습은 주차장에서만 하기로 했어요.,Banmal übten wir nur auf dem Parkplatz.,Partnerschaft & koreanische Familie,a2_partner_banmal_switch_1,12,true,casual-speech practice,Noun,We agreed to practice casual speech only in the parking lot.,vocab_a2_0364
결혼 계획,gyeolhon gyehoeg,Heiratspläne,B1,Nomen,결혼 계획을 묻길래 아직 천천히 알아가는 중이라고 했어요.,"Nach Heiratsplänen gefragt sagte ich, wir lernen uns noch in Ruhe kennen.",Partnerschaft & koreanische Familie,b1_partner_awkward_questions_1,1,false,marriage plans,Noun,"Asked about marriage plans, I said we are still getting to know each other slowly.",vocab_b1_0272
아이 가지다,ai gajida,Kinder bekommen,B1,Ausdruck,아이 가지냐는 질문에 현우가 물을 마시며 시간을 벌었어요.,Als sie nach Kindern fragten, trank Hyunwoo Wasser und gewann Zeit.,Partnerschaft & koreanische Familie,b1_partner_awkward_questions_1,2,false,to have children,Expression,When they asked about kids, Hyunwoo drank some water to buy time.,vocab_b1_0273
월급 이야기,wolgeub iyagi,Gehaltsgespräch,B1,Nomen,월급 이야기는 웃으면서 아직 배우는 중이라고 넘겼어요.,Das Gehaltsgespräch lenkte ich lächelnd mit ich lerne noch ab.,Partnerschaft & koreanische Familie,b1_partner_awkward_questions_1,3,false,salary talk,Noun,I smiled through the salary talk and said I am still learning.,vocab_b1_0274
종교 질문,jonggyo jilmun,Religionsfrage,B1,Nomen,종교 질문에는 존중한다는 말만 짧게 했어요.,"Auf die Religionsfrage sagte ich nur kurz, ich respektiere das.",Partnerschaft & koreanische Familie,b1_partner_awkward_questions_1,4,false,religion question,Noun,To the religion question I only said briefly that I respect it.,vocab_b1_0275
언제 결혼해요,eonje gyeolhonhaeyo,wann heiratet ihr,B1,Ausdruck,언제 결혼해요는 농담처럼 들려도 답이 필요했어요.,"Wann heiratet ihr klang wie ein Scherz, brauchte aber eine Antwort.",Partnerschaft & koreanische Familie,b1_partner_awkward_questions_1,5,false,when will you marry,Expression,When will you marry sounded like a joke but still needed an answer.,vocab_b1_0276
국적 문제,gugjeog munje,Staatsangehörigkeitsfrage,B1,Nomen,국적 문제는 서류보다 마음이 먼저라고 했어요.,"Bei der Staatsangehörigkeit sei das Herz wichtiger als das Papier, sagte ich.",Partnerschaft & koreanische Familie,b1_partner_awkward_questions_1,6,false,nationality issue,Noun,On the nationality issue I said the heart comes before the paperwork.,vocab_b1_0277
부모 허락,bumo heorag,Erlaubnis der Eltern,B1,Nomen,부모 허락을 아직 구하지 않았다고 솔직히 말했어요.,"Ich sagte ehrlich, dass wir die Erlaubnis der Eltern noch nicht erbeten haben.",Partnerschaft & koreanische Familie,b1_partner_awkward_questions_1,7,false,parental blessing,Noun,I said honestly that we have not asked for the parents' blessing yet.,vocab_b1_0278
돌려 말하기,dolryeo malhagi,etwas umschreiben,B1,Ausdruck,직접 거절 대신 돌려 말하기를 현우가 먼저 했어요.,Statt eines direkten Neins umschrieb Hyunwoo zuerst.,Partnerschaft & koreanische Familie,b1_partner_awkward_questions_1,8,false,to speak indirectly,Expression,"Instead of a direct no, Hyunwoo spoke indirectly first.",vocab_b1_0279
화제 돌리기,hwaje dolrigi,Thema wechseln,B1,Nomen,화제 돌리기는 날씨보다 음식 칭찬이 안전했어요.,Zum Themenwechsel war ein Lob für das Essen sicherer als das Wetter.,Partnerschaft & koreanische Familie,b1_partner_awkward_questions_1,9,false,changing the subject,Noun,"For changing the subject, praising the food was safer than the weather.",vocab_b1_0280
웃고 넘기다,usgo neomgida,weglächeln,B1,Ausdruck,나이 농담은 웃고 넘기니 할머니가 만족하셨어요.,Den Altersscherz wegzulächeln reichte der Großmutter.,Partnerschaft & koreanische Familie,b1_partner_awkward_questions_1,10,true,to laugh it off,Expression,Laughing off the age joke satisfied grandmother.,vocab_b1_0281
솔직한 선,soljighan seon,ehrliche Grenze,B1,Nomen,솔직한 선을 정하니 현우도 어깨가 내려갔어요.,Eine ehrliche Grenze zu setzen senkte auch Hyunwoos Schultern.,Partnerschaft & koreanische Familie,b1_partner_awkward_questions_1,11,true,an honest boundary,Noun,Setting an honest boundary dropped Hyunwoo's shoulders too.,vocab_b1_0282
다음에 말씀드릴게요,daeume malsseumdeurilgeyo,dazu sage ich später mehr,B1,Ausdruck,다음에 말씀드릴게요로 시간을 사니 분위기가 남았어요.,"Mit ich sage später mehr kaufte ich Zeit, ohne die Stimmung zu verlieren.",Partnerschaft & koreanische Familie,b1_partner_awkward_questions_1,12,true,I will tell you more later,Expression,Saying I will tell you later bought time without losing the mood.,vocab_b1_0283
취업 비자,chwieob bija,Arbeitsvisum,B1,Nomen,취업 비자 만료일을 먼저 말해 오해가 줄었어요.,Das Ablaufdatum des Arbeitsvisums zuerst zu nennen verringerte Missverständnisse.,Partnerschaft & koreanische Familie,b1_partner_job_visa_1,1,false,work visa,Noun,Saying the work-visa expiry first reduced misunderstanding.,vocab_b1_0284
계약직,gyeyagjig,befristete Stelle,B1,Nomen,계약직이라고 하니 안정적이냐는 질문이 바로 나왔어요.,"Als ich befristete Stelle sagte, kam sofort die Frage nach Stabilität.",Partnerschaft & koreanische Familie,b1_partner_job_visa_1,2,false,fixed-term contract,Noun,"When I said fixed-term, the stability question came at once.",vocab_b1_0285
원격 근무,wongyeog geunmu,Homeoffice,B1,Nomen,원격 근무라 명절에도 노트북을 가져왔어요.,Wegen Homeoffice nahm ich den Laptop auch an Feiertagen mit.,Partnerschaft & koreanische Familie,b1_partner_job_visa_1,3,false,remote work,Noun,Because of remote work I brought the laptop even on the holiday.,vocab_b1_0286
이직 생각,ijig saenggag,Jobwechselgedanke,B1,Nomen,이직 생각은 아직 없다고 짧게 했어요.,Einen Jobwechselgedanken verneinte ich kurz.,Partnerschaft & koreanische Familie,b1_partner_job_visa_1,4,false,thought of changing jobs,Noun,I said briefly that I am not thinking of changing jobs yet.,vocab_b1_0287
체류 기간,cheryu gigan,Aufenthaltsdauer,B1,Nomen,체류 기간을 묻길래 내년까지 연장할 계획이라고 했어요.,"Nach der Aufenthaltsdauer gefragt sagte ich, ich plane eine Verlängerung bis nächstes Jahr.",Partnerschaft & koreanische Familie,b1_partner_job_visa_1,5,false,length of stay,Noun,"Asked about the length of stay, I said I plan to extend through next year.",vocab_b1_0288
한국어 능력,hangugeo neungryeog,Koreanischkenntnisse,B1,Nomen,한국어 능력은 일보다 가족 식탁에서 더 떨렸어요.,Meine Koreanischkenntnisse zitterten am Familientisch mehr als bei der Arbeit.,Partnerschaft & koreanische Familie,b1_partner_job_visa_1,6,false,Korean ability,Noun,My Korean ability shook more at the family table than at work.,vocab_b1_0289
야근,yageun,Spätarbeit,B1,Nomen,야근이 많다고 하니 건강부터 챙기라고 하셨어요.,"Als ich von viel Spätarbeit erzählte, sollte ich zuerst auf die Gesundheit achten.",Partnerschaft & koreanische Familie,b1_partner_job_visa_1,7,false,overtime work,Noun,"When I mentioned a lot of overtime, they told me to take care of my health first.",vocab_b1_0290
퇴사,toesa,Kündigung,B1,Nomen,퇴사 계획은 없다고 하니 표정이 풀렸어요.,"Als ich keine Kündigung plante, entspannte sich das Gesicht.",Partnerschaft & koreanische Familie,b1_partner_job_visa_1,8,false,leaving a job,Noun,"When I said I had no plan to leave the job, their faces eased.",vocab_b1_0291
연봉 공개,yeonbong gonggae,Gehaltsoffenlegung,B1,Nomen,연봉 공개는 하지 않고 범위만 말했어요.,Statt einer Gehaltsoffenlegung nannte ich nur eine Spanne.,Partnerschaft & koreanische Familie,b1_partner_job_visa_1,9,false,disclosing salary,Noun,I did not disclose the salary and only named a range.,vocab_b1_0292
직장 분위기,jigjang bunwigi,Betriebsklima,B1,Nomen,직장 분위기를 묻길래 동료가 친절하다고 했어요.,"Nach dem Betriebsklima gefragt sagte ich, die Kolleginnen seien freundlich.",Partnerschaft & koreanische Familie,b1_partner_job_visa_1,10,true,workplace atmosphere,Noun,"Asked about the workplace atmosphere, I said colleagues are kind.",vocab_b1_0293
통역 없이,tongyeog eopsi,ohne Dolmetschen,B1,Ausdruck,통역 없이 세 문장만 준비해 갔어요.,Ohne Dolmetschen hatte ich nur drei Sätze vorbereitet.,Partnerschaft & koreanische Familie,b1_partner_job_visa_1,11,true,without interpreting,Expression,Without interpreting I prepared only three sentences.,vocab_b1_0294
안정적으로,anjeongjeogeuro,auf stabile Weise,B1,Adverb,안정적으로 지낸다고 하니 아버지가 고개를 끄덕이셨어요.,"Als ich sagte, ich lebe auf stabile Weise, nickte der Vater.",Partnerschaft & koreanische Familie,b1_partner_job_visa_1,12,true,in a stable way,Adverb,"When I said I am living in a stable way, father nodded.",vocab_b1_0295
통역을 맡다,tongyeogeul matda,das Dolmetschen übernehmen,B1,Ausdruck,통역을 맡기 전에 현우가 제 눈을 봤어요.,"Bevor Hyunwoo das Dolmetschen übernahm, sah er mir in die Augen.",Partnerschaft & koreanische Familie,b1_partner_translating_1,1,false,to take on interpreting,Expression,"Before taking on interpreting, Hyunwoo looked at my eyes.",vocab_b1_0296
요약해서 전하다,yoyaghaeseo jeonhada,knapp weitergeben,B1,Ausdruck,긴 이야기는 요약해서 전하니 핵심만 남았어요.,Die lange Rede knapp weiterzugeben ließ nur den Kern.,Partnerschaft & koreanische Familie,b1_partner_translating_1,2,false,to pass on a summary,Expression,Passing on a summary left only the core.,vocab_b1_0297
그대로 옮기다,geudaero olmgida,wörtlich übertragen,B1,Ausdruck,농담은 그대로 옮기면 분위기가 깨질 뻔했어요.,Den Witz wörtlich zu übertragen hätte die Stimmung fast zerstört.,Partnerschaft & koreanische Familie,b1_partner_translating_1,3,false,to render word for word,Expression,Rendering the joke word for word almost broke the mood.,vocab_b1_0298
뉘앙스,nwiangseu,Nuance,B1,Nomen,뉘앙스가 사라질까 봐 현우가 손짓으로 멈췄어요.,"Aus Angst, die Nuance gehe verloren, hielt Hyunwoo mit der Hand inne.",Partnerschaft & koreanische Familie,b1_partner_translating_1,4,false,nuance,Noun,"Afraid the nuance would vanish, Hyunwoo paused with a hand signal.",vocab_b1_0299
빠뜨리다,ppatteurida,auslassen,B1,Verb,현우가 민감한 질문은 빠뜨리고 음식 이야기로 갔어요.,Hyunwoo ließ die heikle Frage aus und sprach über das Essen.,Partnerschaft & koreanische Familie,b1_partner_translating_1,5,false,to leave out,Verb,Hyunwoo left out the sensitive question and went to food talk.,vocab_b1_0300
끼어들다,kkieodeulda,sich einmischen,B1,Verb,제가 끼어들어 한 문장을 직접 말하니 박수를 쳤어요.,"Als ich mich einmischte und einen Satz selbst sagte, klatschten sie.",Partnerschaft & koreanische Familie,b1_partner_translating_1,6,false,to cut in,Verb,"When I cut in and said one sentence myself, they clapped.",vocab_b1_0301
천천히 말해 주세요,cheoncheonhi malhae juseyo,bitte sprechen Sie langsam,B1,Ausdruck,천천히 말해 주세요를 두 번 하니 속도가 줄었어요.,Zweimal bitte sprechen Sie langsam senkte das Tempo.,Partnerschaft & koreanische Familie,b1_partner_translating_1,7,false,please speak slowly,Expression,Saying please speak slowly twice lowered the speed.,vocab_b1_0302
다시 확인하다,dasi hwaginhada,noch einmal prüfen,B1,Ausdruck,숫자와 날짜는 다시 확인해서 전했어요.,"Zahlen und Daten prüfte ich noch einmal, bevor ich sie weitergab.",Partnerschaft & koreanische Familie,b1_partner_translating_1,8,false,to double-check,Expression,I double-checked numbers and dates before passing them on.,vocab_b1_0303
오역,oyeog,Falschübersetzung,B1,Nomen,오역을 바로잡으니 아버지가 오히려 고마워하셨어요.,Die Falschübersetzung zu korrigieren dankte der Vater sogar.,Partnerschaft & koreanische Familie,b1_partner_translating_1,9,false,mistranslation,Noun,Correcting the mistranslation made father grateful instead.,vocab_b1_0304
눈치 보다,nunchi boda,die Lage lesen,B1,Ausdruck,통역 중에도 눈치 보며 웃을 타이밍을 골랐어요.,Beim Dolmetschen las ich die Lage und wählte den Moment zum Lachen.,Partnerschaft & koreanische Familie,b1_partner_translating_1,10,true,to read the room,Expression,While interpreting I read the room and chose when to laugh.,vocab_b1_0305
대충 하다,daechung hada,es ungenau machen,B1,Ausdruck,대충 하지 말라고 현우가 귓속말로 했어요.,"Nicht ungenau, flüsterte Hyunwoo.",Partnerschaft & koreanische Familie,b1_partner_translating_1,11,true,to do it roughly,Expression,Hyunwoo whispered not to do the interpreting roughly.,vocab_b1_0306
직접 대답하다,jigjeob daedabhada,selbst antworten,B1,Ausdruck,쉬운 질문은 직접 대답하니 표정이 밝아졌어요.,Leichte Fragen selbst zu beantworten hellte die Gesichter auf.,Partnerschaft & koreanische Familie,b1_partner_translating_1,12,true,to answer in person,Expression,Answering easy questions in person brightened their faces.,vocab_b1_0307
잔을 받다,janeul badda,das Glas entgegennehmen,B1,Ausdruck,잔을 받을 때 두 손으로 하니 삼촌이 고개를 끄덕이셨어요.,Das Glas mit beiden Händen entgegenzunehmen ließ den Onkel nicken.,Partnerschaft & koreanische Familie,b1_partner_drink_table_1,1,false,to receive a glass,Expression,Receiving the glass with both hands made uncle nod.,vocab_b1_0308
잔을 따르다,janeul ttareuda,einschenken,B1,Ausdruck,잔을 따를 때 병목을 가리니 현우가 잘했다고 했어요.,Beim Einschenken den Flaschenhals zu verdecken lobte Hyunwoo.,Partnerschaft & koreanische Familie,b1_partner_drink_table_1,2,false,to pour a drink,Expression,Covering the bottle neck while pouring earned Hyunwoo's praise.,vocab_b1_0309
건배,geonbae,Anstossen,B1,Nomen,건배 전에 어른 눈을 피하라고 해서 잔만 봤어요.,"Vor dem Anstossen sollte ich den Blick der Älteren meiden, also sah ich nur das Glas.",Partnerschaft & koreanische Familie,b1_partner_drink_table_1,3,false,a toast,Noun,"Before the toast I was told to avoid elders' eyes, so I looked at the glass.",vocab_b1_0310
폭음,pogeum,starkes Trinken,B1,Nomen,폭음은 안 한다고 하니 아버지가 물을 밀어 주셨어요.,"Als ich starkes Trinken ablehnte, schob der Vater Wasser her.",Partnerschaft & koreanische Familie,b1_partner_drink_table_1,4,false,heavy drinking,Noun,"When I refused heavy drinking, father pushed water over.",vocab_b1_0311
대리 운전,daeri unjeon,Ersatzfahrer,B1,Nomen,대리 운전을 부르니 안심하라는 말이 나왔어요.,"Einen Ersatzfahrer zu rufen brachte die Worte, wir sollen uns nicht sorgen.",Partnerschaft & koreanische Familie,b1_partner_drink_table_1,5,false,designated-driver service,Noun,Calling a designated-driver service brought a don't-worry.,vocab_b1_0312
술잔 돌리기,suljan dolrigi,Gläser weiterreichen,B1,Nomen,술잔 돌리기는 위생 때문에 웃으며 거절했어요.,Das Weiterreichen der Gläser lehnte ich lächelnd aus Hygienegründen ab.,Partnerschaft & koreanische Familie,b1_partner_drink_table_1,6,false,passing glasses around,Noun,I smiled and declined passing glasses around for hygiene.,vocab_b1_0313
취하다,chwihada,betrunken werden,B1,Verb,취하기 전에 자리에서 일어나 물을 마셨어요.,"Bevor ich betrunken wurde, stand ich auf und trank Wasser.",Partnerschaft & koreanische Familie,b1_partner_drink_table_1,7,false,to get drunk,Verb,Before getting drunk I stood up and drank water.,vocab_b1_0314
분위기 맞추다,bunwigi majchuda,die Stimmung mitgehen,B1,Ausdruck,분위기 맞추려고 한 모금만 더 했어요.,"Um die Stimmung mitzugehen, nahm ich nur noch einen Schluck.",Partnerschaft & koreanische Familie,b1_partner_drink_table_1,8,false,to match the mood,Expression,To match the mood I took only one more sip.,vocab_b1_0315
먼저 따르다,meonjeo ttareuda,zuerst einschenken,B1,Ausdruck,먼저 따르고 제 잔은 나중에 채웠어요.,Zuerst schenkte ich anderen ein und füllte mein Glas später.,Partnerschaft & koreanische Familie,b1_partner_drink_table_1,9,false,to pour for others first,Expression,I poured for others first and filled my glass later.,vocab_b1_0316
취중진담,chwijungjindam,Wahrheit im Rausch,B1,Nomen,취중진담이 나오기 전에 현우가 화제를 바꿨어요.,"Bevor die Wahrheit im Rausch kam, wechselte Hyunwoo das Thema.",Partnerschaft & koreanische Familie,b1_partner_drink_table_1,10,true,drunk honesty,Noun,"Before drunk honesty appeared, Hyunwoo changed the topic.",vocab_b1_0317
물로 받다,mulro badda,mit Wasser annehmen,B1,Ausdruck,독한 술은 물로 받아도 되냐고 물었어요.,"Ich fragte, ob ich den starken Schnaps mit Wasser annehmen darf.",Partnerschaft & koreanische Familie,b1_partner_drink_table_1,11,true,to accept with water,Expression,I asked whether I could accept the strong drink with water.,vocab_b1_0318
자리 피하다,jari pihada,den Platz meiden,B1,Ausdruck,취하신 분 옆은 자리 피하는 게 안전했어요.,Neben einer betrunkenen Person den Platz zu meiden war sicherer.,Partnerschaft & koreanische Familie,b1_partner_drink_table_1,12,true,to step away from the table,Expression,Stepping away from a drunk relative's seat was safer.,vocab_b1_0319
방 배정,bang baejeong,Zimmerzuteilung,B1,Nomen,방 배정이 따로라서 안도하면서도 서운했어요.,Getrennte Zimmerzuteilung erleichterte und enttäuschte zugleich.,Partnerschaft & koreanische Familie,b1_partner_sleep_room_1,1,false,room assignment,Noun,Separate room assignment brought relief and a little disappointment.,vocab_b1_0320
이성 친구,iseong chingu,Freund des anderen Geschlechts,B1,Nomen,이성 친구와 한 방은 아직 이르다고 하셨어요.,"Ein Zimmer mit einem Freund des anderen Geschlechts sei noch zu früh, hieß es.",Partnerschaft & koreanische Familie,b1_partner_sleep_room_1,2,false,friend of the opposite sex,Noun,They said sharing a room with a partner of the other sex is still too early.,vocab_b1_0321
문 열어 두다,mun yeoleo duda,die Tür offen lassen,B1,Ausdruck,문 열어 두라는 말을 듣고 현우가 한숨을 쉬었어요.,Die Tür offen zu lassen ließ Hyunwoo seufzen.,Partnerschaft & koreanische Familie,b1_partner_sleep_room_1,3,false,to leave the door open,Expression,Hearing leave the door open made Hyunwoo sigh.,vocab_b1_0322
잠자리 예절,jamjari yejeol,Schlafmanieren,B1,Nomen,잠자리 예절은 큰 소리와 늦은 샤워를 피하는 거였어요.,"Schlafmanieren hieß, Lärm und spätes Duschen zu vermeiden.",Partnerschaft & koreanische Familie,b1_partner_sleep_room_1,4,false,sleeping manners,Noun,Sleeping manners meant avoiding noise and a late shower.,vocab_b1_0323
이불 개다,ibul gaeda,die Decke falten,B1,Ausdruck,아침에 이불 개고 나오니 칭찬을 들었어요.,Die Decke am Morgen zu falten brachte Lob.,Partnerschaft & koreanische Familie,b1_partner_sleep_room_1,5,false,to fold the blanket,Expression,Folding the blanket in the morning earned praise.,vocab_b1_0324
코골이 사과,kogoli sagwa,Schnarchentschuldigung,B1,Nomen,코골이 사과는 현우가 대신 했어요.,Die Schnarchentschuldigung übernahm Hyunwoo.,Partnerschaft & koreanische Familie,b1_partner_sleep_room_1,6,false,snoring apology,Noun,Hyunwoo made the snoring apology for me.,vocab_b1_0325
새벽 화장실,saebyeog hwajangsil,Toilettenweg in der Nacht,B1,Nomen,새벽 화장실 길을 미리 물어 발을 부딪치지 않았어요.,Den Nachtweg zur Toilette vorher zu fragen bewahrte mich vor Stossen.,Partnerschaft & koreanische Familie,b1_partner_sleep_room_1,7,false,night trip to the bathroom,Noun,Asking the night bathroom path in advance kept me from hitting furniture.,vocab_b1_0326
불 끄기,bul kkeugi,das Licht löschen,B1,Nomen,불 끄기는 어른이 먼저 하라고 눈짓하셨어요.,"Das Licht zu löschen sollte zuerst die ältere Person, zeigte ein Blick.",Partnerschaft & koreanische Familie,b1_partner_sleep_room_1,8,false,turning off the lights,Noun,A look said the elder should turn off the lights first.,vocab_b1_0327
아침 이부자리,achim ibujari,das Morgenbett,B1,Nomen,아침 이부자리를 치우니 공간이 바로 거실이 됐어요.,Das Morgenbett wegzuräumen machte den Raum wieder zum Wohnzimmer.,Partnerschaft & koreanische Familie,b1_partner_sleep_room_1,9,false,the bedding in the morning,Noun,Clearing the morning bedding turned the space back into a living room.,vocab_b1_0328
잠옷 대신,jamos daesin,statt Schlafanzug,B1,Ausdruck,잠옷 대신 긴 옷을 입으니 마음이 놓였어요.,Statt Schlafanzug lange Kleidung zu tragen beruhigte mich.,Partnerschaft & koreanische Familie,b1_partner_sleep_room_1,10,true,instead of pajamas,Expression,Wearing long clothes instead of pajamas eased me.,vocab_b1_0329
방문 두드리다,bangmun dudeurida,an die Zimmertür klopfen,B1,Ausdruck,방문 두드리고 들어가니 현우 동생이 고마워했어요.,An die Zimmertür zu klopfen dankte Hyunwoos jüngerem Geschwister.,Partnerschaft & koreanische Familie,b1_partner_sleep_room_1,11,true,to knock on the room door,Expression,Knocking on the room door made Hyunwoo's younger sibling grateful.,vocab_b1_0330
같이 자면,gati jamyeon,wenn wir zusammen schlafen,B1,Ausdruck,같이 자면 얘기가 난다는 말에 방을 나눴어요.,"Wenn wir zusammen schlafen, gebe es Gespräch, also trennten wir die Zimmer.",Partnerschaft & koreanische Familie,b1_partner_sleep_room_1,12,true,if we sleep in the same room,Expression,"They said if we sleep in the same room there will be talk, so we split rooms.",vocab_b1_0331
방문 후기,bangmun hugi,Besuchsnachlese,B1,Nomen,차 안에서 방문 후기를 솔직하게 나눴어요.,Im Auto teilten wir die Besuchsnachlese ehrlich.,Partnerschaft & koreanische Familie,b1_partner_after_visit_1,1,false,after-visit recap,Noun,In the car we shared an honest after-visit recap.,vocab_b1_0332
실수 목록,silsu mogrog,Fehlerliste,B1,Nomen,실수 목록을 적으니 생각보다 짧아서 안도했어요.,"Die Fehlerliste war kürzer als gedacht, da atmete ich auf.",Partnerschaft & koreanische Familie,b1_partner_after_visit_1,2,false,list of slips,Noun,"The list of slips was shorter than I thought, so I exhaled.",vocab_b1_0333
감사 메시지,gamsa mesiji,Dankesnachricht,B1,Nomen,감사 메시지는 현우 엄마께 먼저 보냈어요.,Die Dankesnachricht ging zuerst an Hyunwoos Mutter.,Partnerschaft & koreanische Familie,b1_partner_after_visit_1,3,false,thank-you message,Noun,I sent the thank-you message to Hyunwoo's mom first.,vocab_b1_0334
오해 풀기,ohae pulgi,ein Missverständnis klären,B1,Nomen,호칭 오해 풀기는 다음 날 전화로 했어요.,Das Missverständnis um die Anrede klärten wir am nächsten Tag am Telefon.,Partnerschaft & koreanische Familie,b1_partner_after_visit_1,4,false,clearing a misunderstanding,Noun,We cleared the address-term misunderstanding by phone the next day.,vocab_b1_0335
다음 방문,daeum bangmun,nächster Besuch,B1,Nomen,다음 방문은 더 짧게 하자고 현우가 먼저 말했어요.,Den nächsten Besuch kürzer zu machen schlug Hyunwoo zuerst vor.,Partnerschaft & koreanische Familie,b1_partner_after_visit_1,5,false,the next visit,Noun,Hyunwoo suggested first that the next visit be shorter.,vocab_b1_0336
감정 정리,gamjeong jeongri,Gefühle ordnen,B1,Nomen,감정 정리를 하니 긴장보다 따뜻함이 남았어요.,Die Gefühle zu ordnen ließ Wärme statt Anspannung zurück.,Partnerschaft & koreanische Familie,b1_partner_after_visit_1,6,false,sorting feelings,Noun,Sorting feelings left warmth more than tension.,vocab_b1_0337
가족 단톡,gajog dantog,Familienchat,B1,Nomen,가족 단톡에 사진 한 장만 올렸어요.,In den Familienchat lud ich nur ein Foto.,Partnerschaft & koreanische Familie,b1_partner_after_visit_1,7,false,family group chat,Noun,I posted only one photo in the family group chat.,vocab_b1_0338
잔소리 해석,jansori haeseog,Nörgelei deuten,B1,Ausdruck,잔소리 해석을 현우가 해 주니 상처가 줄었어요.,Hyunwoos Deutung der Nörgelei verringerte die Verletzung.,Partnerschaft & koreanische Familie,b1_partner_after_visit_1,8,false,reading nagging kindly,Expression,Hyunwoo's reading of the nagging reduced the sting.,vocab_b1_0339
칭찬 기억,chingchan gieog,erinnerte Lobe,B1,Nomen,칭찬 기억을 적어 두니 다음이 덜 무서웠어요.,Erinnerte Lobe aufzuschreiben machte den nächsten Besuch weniger unheimlich.,Partnerschaft & koreanische Familie,b1_partner_after_visit_1,9,false,remembered praise,Noun,Writing down remembered praise made the next time less scary.,vocab_b1_0340
경계 다시 정하다,gyeonggye dasi jeonghada,die Grenze neu setzen,B1,Ausdruck,잠자리 경계 다시 정하니 둘이 편해졌어요.,Die Schlafgrenze neu zu setzen entlastete uns beide.,Partnerschaft & koreanische Familie,b1_partner_after_visit_1,10,true,to reset a boundary,Expression,Resetting the sleep boundary made both of us easier.,vocab_b1_0341
선물 감사,seonmul gamsa,Geschenkdank,B1,Nomen,선물 감사를 빠뜨릴 뻔해서 급히 보냈어요.,Den Geschenkdank hätte ich fast vergessen und schickte ihn eilig.,Partnerschaft & koreanische Familie,b1_partner_after_visit_1,11,true,thanks for a gift,Noun,I almost forgot thanks for the gift and sent it in a hurry.,vocab_b1_0342
다음엔 내가,daeumen naega,nächstes Mal ich,B1,Ausdruck,다음엔 내가 통역 없이 인사하겠다고 했어요.,"Nächstes Mal ich begrüße ohne Dolmetschen, sagte ich.",Partnerschaft & koreanische Familie,b1_partner_after_visit_1,12,true,next time I will,Expression,I said next time I will greet without interpreting.,vocab_b1_0343
단톡 입장,dantog ibjang,Chatbeitritt,B1,Nomen,단톡 입장 인사에 이모티콘을 너무 많이 넣었어요.,In die Beitrittsgrüßung setzte ich zu viele Sticker.,Partnerschaft & koreanische Familie,b1_partner_group_chat_1,1,false,joining the group chat,Noun,I put too many stickers in the joining-the-chat greeting.,vocab_b1_0344
읽씹,ilgssib,gelesen ohne Antwort,B1,Nomen,읽씹이 길어질까 봐 짧게라도 답했어요.,Aus Angst vor langem Gelesen-ohne-Antwort antwortete ich wenigstens kurz.,Partnerschaft & koreanische Familie,b1_partner_group_chat_1,2,false,read without reply,Noun,"Afraid of a long read-without-reply, I answered at least briefly.",vocab_b1_0345
공지 확인,gongji hwagin,Hinweis lesen,B1,Nomen,공지 확인을 안 해서 모임 시간을 헷갈렸어요.,Den Hinweis nicht zu lesen ließ mich die Treffenzeit verwechseln.,Partnerschaft & koreanische Familie,b1_partner_group_chat_1,3,false,checking the notice,Noun,Not checking the notice made me mix up the meeting time.,vocab_b1_0346
사진 올리기,sajin olrigi,Fotos hochladen,B1,Nomen,사진 올리기 전에 얼굴이 잘린 컷은 뺐어요.,Vor dem Hochladen ließ ich angeschnittene Gesichter weg.,Partnerschaft & koreanische Familie,b1_partner_group_chat_1,4,false,posting photos,Noun,Before posting photos I dropped the shots with cropped faces.,vocab_b1_0347
읽음 표시,ilgeum pyosi,Gelesen-Haken,B1,Nomen,읽음 표시가 켜져 있어서 바로 답해야 했어요.,"Der Gelesen-Haken war an, also musste ich sofort antworten.",Partnerschaft & koreanische Familie,b1_partner_group_chat_1,5,false,read receipt,Noun,"The read receipt was on, so I had to reply at once.",vocab_b1_0348
단체 호출,danche hochul,Gruppenerwähnung,B1,Nomen,단체 호출은 급한 공지만 쓰라고 현우가 말렸어요.,"Hyunwoo hielt mich zurück, die Gruppenerwähnung nur für Eiliges zu nutzen.",Partnerschaft & koreanische Familie,b1_partner_group_chat_1,6,false,group mention,Noun,Hyunwoo stopped me from using a group mention except for urgent notices.,vocab_b1_0349
이모티콘 과다,imotikon gwada,zu viele Sticker,B1,Ausdruck,이모티콘 과다는 삼촌이 못 읽는다고 해서 줄였어요.,"Zu viele Sticker konnte der Onkel nicht lesen, also reduzierte ich sie.",Partnerschaft & koreanische Familie,b1_partner_group_chat_1,7,false,too many stickers,Expression,"Uncle could not read too many stickers, so I cut them.",vocab_b1_0350
존댓말 채팅,jondaesmal chaeting,höflicher Chat,B1,Nomen,존댓말 채팅을 유지하니 이모가 좋아하셨어요.,Höflichen Chat beizubehalten gefiel der Tante.,Partnerschaft & koreanische Familie,b1_partner_group_chat_1,8,false,honorific chat,Noun,Keeping honorific chat pleased aunt.,vocab_b1_0351
새벽 메시지,saebyeog mesiji,Mitternachtstext,B1,Nomen,새벽 메시지는 보내지 않기로 스스로 정했어요.,Mitternachtstexte nicht zu senden beschloss ich selbst.,Partnerschaft & koreanische Familie,b1_partner_group_chat_1,9,false,late-night message,Noun,I decided myself not to send late-night messages.,vocab_b1_0352
공백만 보내다,gongbaegman bonaeda,nur ein Leerzeichen senden,B1,Ausdruck,할 말이 없어도 공백만 보내진 않았어요.,Auch ohne Worte sandte ich nicht nur ein Leerzeichen.,Partnerschaft & koreanische Familie,b1_partner_group_chat_1,10,true,to send only a space,Expression,Even with nothing to say I did not send only a space.,vocab_b1_0353
나가기 금지,nagagi geumji,nicht verlassen,B1,Ausdruck,나가기 금지는 서운해 보일 수 있다고 했어요.,"Nicht verlassen, hieß es, weil Gehen gekränkt wirken könne.",Partnerschaft & koreanische Familie,b1_partner_group_chat_1,11,true,do not leave the chat,Expression,"They said do not leave, because leaving can look hurt.",vocab_b1_0354
읽은 척,ilgeun cheog,so tun als habe man gelesen,B1,Ausdruck,읽은 척하지 말고 나중에 확인한다고 썼어요.,"Nicht so tun als gelesen, schrieb ich, ich prüfe später.",Partnerschaft & koreanische Familie,b1_partner_group_chat_1,12,true,pretending to have read,Expression,I wrote I would check later instead of pretending to have read.,vocab_b1_0355
양쪽 집,yangjjog jib,beide Elternhäuser,B1,Nomen,양쪽 집을 하루씩 나누는 표가 필요했어요.,Für beide Elternhäuser brauchten wir einen Tagesplan.,Partnerschaft & koreanische Familie,b1_partner_holiday_plan_1,1,false,both family homes,Noun,We needed a chart to split both family homes by day.,vocab_b1_0356
명절 당번,myeongjeol dangbeon,Feiertagsdienst,B1,Nomen,명절 당번이 현우 쪽이라 제 가족에게 미리 사과했어요.,"Der Feiertagsdienst lag bei Hyunwoo, also entschuldigte ich mich bei meiner Familie.",Partnerschaft & koreanische Familie,b1_partner_holiday_plan_1,2,false,holiday duty,Noun,"Holiday duty was on Hyunwoo's side, so I apologized to my family in advance.",vocab_b1_0357
연휴 근무,yeonhyu geunmu,Feiertagsarbeit,B1,Nomen,연휴 근무가 끼어서 기차표를 다시 샀어요.,"Feiertagsarbeit zwang uns, die Zugtickets neu zu kaufen.",Partnerschaft & koreanische Familie,b1_partner_holiday_plan_1,3,false,holiday-week work,Noun,Holiday-week work made us buy the train tickets again.,vocab_b1_0358
방문 순서,bangmun sunseo,Besuchsreihenfolge,B1,Nomen,방문 순서는 나이 많은 집부터라고 적혀 있었어요.,Die Besuchsreihenfolge begann beim ältesten Haus.,Partnerschaft & koreanische Familie,b1_partner_holiday_plan_1,4,false,visit order,Noun,The visit order started with the oldest household.,vocab_b1_0359
일정 충돌,iljeong chungdol,Terminkonflikt,B1,Nomen,일정 충돌이 나자 현우가 어머니께 먼저 전화했어요.,Beim Terminkonflikt rief Hyunwoo zuerst die Mutter an.,Partnerschaft & koreanische Familie,b1_partner_holiday_plan_1,5,false,schedule clash,Noun,"When a schedule clash appeared, Hyunwoo called his mother first.",vocab_b1_0360
하루만 가다,haruman gada,nur einen Tag gehen,B1,Ausdruck,하루만 가도 되냐고 묻자 아쉽다는 답이 왔어요.,"Ob nur ein Tag reicht, fragte ich, und hörte Bedauern.",Partnerschaft & koreanische Familie,b1_partner_holiday_plan_1,6,false,to go for only one day,Expression,I asked if going for only one day was all right and heard regret.,vocab_b1_0361
영상 인사,yeongsang insa,Videogruss,B1,Nomen,못 가는 집에는 영상 인사로 세배를 대신했어요.,"Beim Haus, das wir nicht schafften, ersetzte ein Videogruss die Verbeugung.",Partnerschaft & koreanische Familie,b1_partner_holiday_plan_1,7,false,video greeting,Noun,"For the house we could not visit, a video greeting stood in for the bow.",vocab_b1_0362
선물 분배,seonmul bunbae,Geschenkverteilung,B1,Nomen,선물 분배를 표로 짜니 빈손이 사라졌어요.,Die Geschenkverteilung als Tabelle ließ keine leeren Hände.,Partnerschaft & koreanische Familie,b1_partner_holiday_plan_1,8,false,gift split,Noun,Planning the gift split as a table removed empty hands.,vocab_b1_0363
명절 예산,myeongjeol yesan,Feiertagsbudget,B1,Nomen,명절 예산을 넘기지 않으려고 과일만 골랐어요.,"Um das Feiertagsbudget nicht zu sprengen, wählte ich nur Obst.",Partnerschaft & koreanische Familie,b1_partner_holiday_plan_1,9,false,holiday budget,Noun,To stay in the holiday budget I chose only fruit.,vocab_b1_0364
교통 대란,gyotong daeran,Verkehrschaos,B1,Nomen,교통 대란을 피해 새벽 차를 탔어요.,Dem Verkehrschaos wichen wir mit einer Fahrt in der Frühe aus.,Partnerschaft & koreanische Familie,b1_partner_holiday_plan_1,10,true,travel chaos,Noun,We avoided travel chaos by taking a dawn car.,vocab_b1_0365
일정표 공유,iljeongpyo gongyu,den Plan teilen,B1,Nomen,일정표 공유를 하니 양쪽 잔소리가 줄었어요.,Den Plan zu teilen verringerte das Nörgeln auf beiden Seiten.,Partnerschaft & koreanische Familie,b1_partner_holiday_plan_1,11,true,sharing the schedule,Noun,Sharing the schedule reduced nagging on both sides.,vocab_b1_0366
올해는 못 가요,olhaeneun mos gayo,dieses Jahr schaffen wir es nicht,B1,Ausdruck,올해는 못 가요를 미리 말하니 실망이 덜했어요.,Dieses Jahr schaffen wir es nicht früh zu sagen milderte die Enttäuschung.,Partnerschaft & koreanische Familie,b1_partner_holiday_plan_1,12,true,we cannot go this year,Expression,Saying we cannot go this year early softened the disappointment.,vocab_b1_0367
시댁,sidaeg,Familie des Ehemanns,B2,Nomen,시댁 첫 명절에는 말수를 줄이는 게 안전했어요.,Am ersten Fest im Haus des Ehemanns war weniger Reden sicherer.,Partnerschaft & koreanische Familie,b2_partner_inlaws_1,1,false,husband's family home,Noun,"At the first holiday in the husband's family, speaking less was safer.",vocab_b2_0431
처가,cheoga,Familie der Ehefrau,B2,Nomen,처가에서는 제가 손님인데도 설거지를 하겠다고 했어요.,"Im Haus der Ehefrau bot ich den Abwasch an, obwohl ich Gast war.",Partnerschaft & koreanische Familie,b2_partner_inlaws_1,2,false,wife's family home,Noun,At the wife's family I offered to wash dishes even as a guest.,vocab_b2_0432
며느리 역할,myeoneuri yeoghal,Schwiegertochterrolle,B2,Nomen,며느리 역할을 기대하는 눈빛을 현우가 먼저 읽었어요.,"Den Blick, der eine Schwiegertochterrolle erwartete, las Hyunwoo zuerst.",Partnerschaft & koreanische Familie,b2_partner_inlaws_1,3,false,daughter-in-law role,Noun,Hyunwoo first read the look that expected a daughter-in-law role.,vocab_b2_0433
사위 대접,sawi daejeob,Schwiegersohnbehandlung,B2,Nomen,사위 대접이 과해서 자리가 오히려 불편했어요.,"Die Schwiegersohnbehandlung war so fürsorglich, dass der Platz unbequem wurde.",Partnerschaft & koreanische Familie,b2_partner_inlaws_1,4,false,son-in-law treatment,Noun,The son-in-law treatment was so extra that the seat felt awkward.,vocab_b2_0434
양가 눈치,yangga nunchi,beide Familien lesen,B2,Ausdruck,양가 눈치를 보느라 선물을 두 세트로 샀어요.,"Um beide Familien zu lesen, kaufte ich Geschenke in zwei Sätzen.",Partnerschaft & koreanische Familie,b2_partner_inlaws_1,5,false,reading both families,Expression,"Reading both families, I bought gifts in two sets.",vocab_b2_0435
시월드,siwoldeu,Schwiegerwelt,B2,Nomen,시월드는 농담 같지만 규칙이 진짜였어요.,"Schwiegerwelt klingt wie ein Witz, die Regeln waren echt.",Partnerschaft & koreanische Familie,b2_partner_inlaws_1,6,false,in-law world,Noun,"In-law world sounds like a joke, but the rules were real.",vocab_b2_0436
처가살이,cheogasali,Leben bei der Frau Familie,B2,Nomen,처가살이는 며칠만이라고 선을 그었어요.,Das Leben bei der Frau Familie begrenzte ich auf wenige Tage.,Partnerschaft & koreanische Familie,b2_partner_inlaws_1,7,false,staying with the wife's family,Noun,I drew a line that staying with the wife's family was only a few days.,vocab_b2_0437
명절 순환,myeongjeol sunhwan,Festtagsrotation,B2,Nomen,명절 순환을 문서로 적으니 싸움이 줄었어요.,Die Festtagsrotation aufzuschreiben verringerte Streit.,Partnerschaft & koreanische Familie,b2_partner_inlaws_1,8,false,holiday rotation,Noun,Writing the holiday rotation down reduced fights.,vocab_b2_0438
시어머니 말씀,sieomeoni malsseum,Worte der Schwiegermutter,B2,Nomen,시어머니 말씀을 평가하지 않고 현우에게만 확인했어요.,"Die Worte der Schwiegermutter bewertete ich nicht, ich prüfte nur bei Hyunwoo.",Partnerschaft & koreanische Familie,b2_partner_inlaws_1,9,false,mother-in-law's remarks,Noun,I did not judge the mother-in-law's remarks; I only checked with Hyunwoo.,vocab_b2_0439
장인어른 건강,jangineoreun geongang,Gesundheit des Schwiegervaters,B2,Nomen,장인어른 건강을 묻는 게 날씨보다 안전한 시작이었어요.,Nach der Gesundheit des Schwiegervaters zu fragen war ein sichererer Einstieg als Wetter.,Partnerschaft & koreanische Familie,b2_partner_inlaws_1,10,true,father-in-law's health,Noun,Asking about the father-in-law's health was a safer start than weather.,vocab_b2_0440
양가 공평,yangga gongpyeong,Fairness zwischen den Häusern,B2,Nomen,양가 공평은 시간보다 성의로 보여 주려 했어요.,Fairness zwischen den Häusern wollte ich eher durch Sorgfalt als durch Stunden zeigen.,Partnerschaft & koreanische Familie,b2_partner_inlaws_1,11,true,fairness between houses,Noun,I tried to show fairness between houses through care more than hours.,vocab_b2_0441
한쪽에만,hanjjogeman,nur zu einer Seite,B2,Ausdruck,한쪽에만 가면 다음 명절이 더 무거워져요.,Nur zu einer Seite zu gehen macht das nächste Fest schwerer.,Partnerschaft & koreanische Familie,b2_partner_inlaws_1,12,true,to only one side,Expression,Going to only one side makes the next holiday heavier.,vocab_b2_0442
상견례,sanggyeonrye,formelles Kennenlernen der Eltern,B2,Nomen,상견례 장소를 식당으로 정하니 집이 덜 부담됐어요.,Das formelle Kennenlernen ins Restaurant zu legen entlastete das Haus.,Partnerschaft & koreanische Familie,b2_partner_marriage_talk_1,1,false,formal meeting of both parents,Noun,Setting the parents' formal meeting at a restaurant eased the house.,vocab_b2_0443
예식 날짜,yesig naljja,Hochzeitsdatum,B2,Nomen,예식 날짜를 음력과 양력으로 둘 다 적었어요.,Das Hochzeitsdatum schrieb ich im Mond- und Sonnenkalender.,Partnerschaft & koreanische Familie,b2_partner_marriage_talk_1,2,false,wedding date,Noun,I wrote the wedding date in both lunar and solar calendars.,vocab_b2_0444
지참금 농담,jichamgeum nongdam,Mitgiftwitz,B2,Nomen,지참금 농담이 나와서 현우가 바로 화제를 접었어요.,"Ein Mitgiftwitz kam, und Hyunwoo beendete das Thema sofort.",Partnerschaft & koreanische Familie,b2_partner_marriage_talk_1,3,false,dowry joke,Noun,"A dowry joke appeared, and Hyunwoo closed the topic at once.",vocab_b2_0445
혼수,honsu,Hochzeitsaussteuer,B2,Nomen,혼수 이야기를 앞에서 하지 말라고 미리 약속했어요.,Über die Aussteuer nicht vor den Eltern zu sprechen hatten wir vorher vereinbart.,Partnerschaft & koreanische Familie,b2_partner_marriage_talk_1,4,false,wedding household goods,Noun,We had agreed not to talk about wedding goods in front of them.,vocab_b2_0446
양가 회의,yangga hoeui,Sitzung beider Familien,B2,Nomen,양가 회의 안건을 세 줄로 줄여 갔어요.,Die Sitzung beider Familien kürzte ich auf drei Punkte.,Partnerschaft & koreanische Familie,b2_partner_marriage_talk_1,5,false,meeting of both families,Noun,I cut the both-families meeting agenda to three lines.,vocab_b2_0447
결혼식 규모,gyeolhonsig gyumo,Hochzeitsumfang,B2,Nomen,결혼식 규모는 작게 하자고 먼저 말했어요.,Einen kleinen Hochzeitsumfang schlug ich zuerst vor.,Partnerschaft & koreanische Familie,b2_partner_marriage_talk_1,6,false,wedding scale,Noun,I said first that the wedding scale should stay small.,vocab_b2_0448
하객 명단,hagaeg myeongdan,Gästeliste,B2,Nomen,하객 명단이 길어지자 우선순위를 다시 매겼어요.,"Als die Gästeliste wuchs, setzten wir die Reihenfolge neu.",Partnerschaft & koreanische Familie,b2_partner_marriage_talk_1,7,false,guest list,Noun,"When the guest list grew, we ranked priorities again.",vocab_b2_0449
예단,yedan,Brautgeschenk an die Schwiegereltern,B2,Nomen,예단은 형식이 아니라 성의라고 설명했어요.,"Das Brautgeschenk sei Sorgfalt, nicht Form, erklärte ich.",Partnerschaft & koreanische Familie,b2_partner_marriage_talk_1,8,false,bridal gift to in-laws,Noun,"I explained that the bridal gift is care, not form.",vocab_b2_0450
결혼 압박,gyeolhon abbag,Heiratsdruck,B2,Nomen,결혼 압박을 농담으로 넘기지 않고 일정을 말했어요.,"Heiratsdruck nicht wegzulachen, sondern einen Zeitrahmen zu nennen, half.",Partnerschaft & koreanische Familie,b2_partner_marriage_talk_1,9,false,marriage pressure,Noun,Not laughing off marriage pressure and naming a timeline helped.,vocab_b2_0451
서로의 속도,seoroui sogdo,das Tempo des anderen,B2,Nomen,서로의 속도를 존중한다고 하니 질문이 줄었어요.,Das Tempo des anderen zu achten verringerte die Fragen.,Partnerschaft & koreanische Familie,b2_partner_marriage_talk_1,10,true,each other's pace,Noun,Saying we respect each other's pace reduced the questions.,vocab_b2_0452
아직 아니에요,ajig anieyo,noch nicht,B2,Ausdruck,아직 아니에요를 부드럽게 반복하니 더 이상 묻지 않으셨어요.,Noch nicht sanft zu wiederholen stoppte weitere Fragen.,Partnerschaft & koreanische Familie,b2_partner_marriage_talk_1,11,true,not yet,Expression,Repeating not yet gently stopped further questions.,vocab_b2_0453
우리가 정할게요,uriga jeonghalgeyo,wir entscheiden das,B2,Ausdruck,우리가 정할게요라고 하니 아버지가 한 박자 쉬셨어요.,Wir entscheiden das ließ den Vater einen Schlag innehalten.,Partnerschaft & koreanische Familie,b2_partner_marriage_talk_1,12,true,we will decide that,Expression,Saying we will decide that made father pause a beat.,vocab_b2_0454
호칭 체계,hoching chegye,Anredesystem,B2,Nomen,호칭 체계를 표로 그리니 실수가 줄었어요.,Das Anredesystem als Tabelle zu zeichnen verringerte Fehler.,Partnerschaft & koreanische Familie,b2_partner_honorific_trap_1,1,false,address-term system,Noun,Drawing the address-term system as a table reduced slips.,vocab_b2_0455
어른 앞에서,eoreun apeseo,vor den Älteren,B2,Ausdruck,어른 앞에서 현우를 이름으로 부르지 않기로 했어요.,Vor den Älteren Hyunwoo nicht beim Namen zu nennen vereinbarten wir.,Partnerschaft & koreanische Familie,b2_partner_honorific_trap_1,2,false,in front of elders,Expression,We agreed not to call Hyunwoo by name in front of elders.,vocab_b2_0456
낮춰 부르다,najchwo bureuda,zu vertraulich anreden,B2,Ausdruck,동생을 낮춰 부르다가 현우가 기침으로 막아 줬어요.,"Als ich das jüngere Geschwister zu vertraulich anredete, hustete Hyunwoo.",Partnerschaft & koreanische Familie,b2_partner_honorific_trap_1,3,false,to address too casually,Expression,"When I addressed the younger sibling too casually, Hyunwoo coughed to stop me.",vocab_b2_0457
높여 부르다,nopyeo bureuda,zu höflich anreden,B2,Ausdruck,같은 나이인데 높여 부르니 오히려 거리가 생겼어요.,Gleichaltrig zu höflich anreden schuf Distanz.,Partnerschaft & koreanische Familie,b2_partner_honorific_trap_1,4,false,to address too highly,Expression,Addressing a same-age sibling too highly created distance.,vocab_b2_0458
호칭 정정,hoching jeongjeong,Anredekorektur,B2,Nomen,"호칭 정정은 작게, 그리고 바로 했어요.",Die Anredekorektur machte ich leise und sofort.,Partnerschaft & koreanische Familie,b2_partner_honorific_trap_1,5,false,correcting an address term,Noun,I made the address-term correction quietly and at once.,vocab_b2_0459
관계 말,gwangye mal,Beziehungswort,B2,Nomen,관계 말을 빼면 문장이 갑자기 차갑게 들렸어요.,Ohne Beziehungswort klang der Satz plötzlich kalt.,Partnerschaft & koreanische Familie,b2_partner_honorific_trap_1,6,false,relationship word,Noun,Without the relationship word the sentence suddenly sounded cold.,vocab_b2_0460
사적 호칭,sajeog hoching,private Anrede,B2,Nomen,사적 호칭은 집 밖에서만 쓰기로 했어요.,Die private Anrede behielten wir für draussen.,Partnerschaft & koreanische Familie,b2_partner_honorific_trap_1,7,false,private nickname,Noun,We kept the private nickname for outside the house.,vocab_b2_0461
호칭 질문,hoching jilmun,Anredefrage,B2,Nomen,호칭 질문을 먼저 하니 긴장이 풀렸어요.,Die Anredefrage zuerst zu stellen löste die Anspannung.,Partnerschaft & koreanische Familie,b2_partner_honorific_trap_1,8,false,question about what to call someone,Noun,Asking the address-term question first eased the tension.,vocab_b2_0462
잘못된 형,jalmosdoen hyeong,falsches hyeong,B2,Nomen,잘못된 형이라고 부르는 순간 현우 얼굴이 멈췄어요.,Im Moment des falschen hyeong blieb Hyunwoos Gesicht stehen.,Partnerschaft & koreanische Familie,b2_partner_honorific_trap_1,9,false,the wrong hyeong,Noun,"The moment I used the wrong hyeong, Hyunwoo's face froze.",vocab_b2_0463
호칭 메모,hoching memo,Anredenotiz,B2,Nomen,호칭 메모를 주머니에 넣고 화장실에서 봤어요.,"Die Anredenotiz lag in der Tasche, ich las sie auf der Toilette.",Partnerschaft & koreanische Familie,b2_partner_honorific_trap_1,10,true,address-term note,Noun,I kept an address-term note in my pocket and checked it in the bathroom.,vocab_b2_0464
다시 여쭤보다,dasi yeojjwoboda,noch einmal höflich fragen,B2,Ausdruck,헷갈리면 다시 여쭤보는 게 침묵보다 나았어요.,Bei Zweifel noch einmal höflich zu fragen war besser als Schweigen.,Partnerschaft & koreanische Familie,b2_partner_honorific_trap_1,11,true,to ask again politely,Expression,"When unsure, asking again politely was better than silence.",vocab_b2_0465
호칭을 미루다,hochingeul miruda,die Anrede aufschieben,B2,Ausdruck,호칭을 미루고 성함만 쓰니 갈등이 없었어요.,Die Anrede aufzuschieben und nur den Namen zu nutzen vermied Konflikt.,Partnerschaft & koreanische Familie,b2_partner_honorific_trap_1,12,true,to postpone choosing an address,Expression,Postponing the address and using the name avoided conflict.,vocab_b2_0466
제사상,jesasang,Ahnentisch,B2,Nomen,제사상 앞에서는 발을 모으고 서 있었어요.,Vor dem Ahnentisch stand ich mit geschlossenen Füßen.,Partnerschaft & koreanische Familie,b2_partner_ancestral_rite_1,1,false,ancestral offering table,Noun,In front of the offering table I stood with my feet together.,vocab_b2_0467
지방 쓰기,jibang sseugi,den Ahnenzettel schreiben,B2,Nomen,지방 쓰기는 제가 하지 않고 옆에서 종이만 잡았어요.,"Den Ahnenzettel schrieb ich nicht, ich hielt nur das Papier.",Partnerschaft & koreanische Familie,b2_partner_ancestral_rite_1,2,false,writing the ancestral name paper,Noun,I did not write the name paper; I only held the sheet.,vocab_b2_0468
술잔 올리기,suljan olrigi,den Becher darbringen,B2,Nomen,술잔 올리기 순서를 놓쳐서 한 박자 늦게 했어요.,Die Reihenfolge beim Darbringen verpasste ich um einen Schlag.,Partnerschaft & koreanische Familie,b2_partner_ancestral_rite_1,3,false,offering the wine cup,Noun,I missed the wine-cup offering order and was one beat late.,vocab_b2_0469
재배,jaebae,doppelte Verbeugung,B2,Nomen,재배 각도를 현우가 거실에서 다시 보여 줬어요.,Den Winkel der doppelten Verbeugung zeigte Hyunwoo noch einmal im Wohnzimmer.,Partnerschaft & koreanische Familie,b2_partner_ancestral_rite_1,4,false,double ritual bow,Noun,Hyunwoo showed me the double bow again in the living room.,vocab_b2_0470
축문,chugmun,Ritualgebetstext,B2,Nomen,축문은 듣지 못해도 고개를 숙이면 됐어요.,"Den Ritualtext verstand ich nicht, Senken des Kopfes reichte.",Partnerschaft & koreanische Familie,b2_partner_ancestral_rite_1,5,false,ritual prayer text,Noun,I could not follow the prayer text; lowering my head was enough.,vocab_b2_0471
음복,eumbog,das Mitessen nach dem Ritual,B2,Nomen,음복 전에는 음식을 집지 말라고 했어요.,Vor dem Mitessen nach dem Ritual sollte ich nichts nehmen.,Partnerschaft & koreanische Familie,b2_partner_ancestral_rite_1,6,false,eating after the rite,Noun,They told me not to take food before the after-rite meal.,vocab_b2_0472
사진 예절,sajin yejeol,Fotomanieren am Ritual,B2,Nomen,사진 예절은 상 옆이 아니라 끝난 뒤에만이었어요.,"Fotomanieren hieß: nicht neben dem Tisch, erst danach.",Partnerschaft & koreanische Familie,b2_partner_ancestral_rite_1,7,false,photo manners at the rite,Noun,"Photo manners meant not beside the table, only after.",vocab_b2_0473
제사 역할,jesa yeoghal,Ritualaufgabe,B2,Nomen,제사 역할이 없으면 조용히 서는 게 도움이었어요.,Ohne Ritualaufgabe half ruhiges Stehen.,Partnerschaft & koreanische Familie,b2_partner_ancestral_rite_1,8,false,rite role,Noun,"With no rite role, standing quietly helped.",vocab_b2_0474
차례 순서,charye sunseo,Ablauf des Rituals,B2,Nomen,차례 순서를 종이에 적어 주머니에 넣었어요.,Den Ablauf schrieb ich auf Papier und steckte ihn ein.,Partnerschaft & koreanische Familie,b2_partner_ancestral_rite_1,9,false,order of the rite,Noun,I wrote the rite order on paper and put it in my pocket.,vocab_b2_0475
조상님,josangnim,die Vorfahren,B2,Nomen,조상님께 인사한다는 설명을 듣고 마음이 차분해졌어요.,"Die Erklärung, den Vorfahren zu grüßen, beruhigte mich.",Partnerschaft & koreanische Familie,b2_partner_ancestral_rite_1,10,true,the ancestors,Noun,Hearing that we greet the ancestors calmed me.,vocab_b2_0476
제사 음식 배치,jesa eumsig baechi,Anordnung der Ritualspeisen,B2,Nomen,제사 음식 배치를 건드리지 말라고 눈짓하셨어요.,Die Anordnung der Ritualspeisen nicht zu berühren zeigte ein Blick.,Partnerschaft & koreanische Familie,b2_partner_ancestral_rite_1,11,true,arrangement of rite food,Noun,A look said not to touch the arrangement of rite food.,vocab_b2_0477
예를 갖추다,yereul gajchuda,die Form wahren,B2,Ausdruck,뜻을 몰라도 예를 갖추면 자리를 지킬 수 있었어요.,Auch ohne den Sinn zu kennen wahrte die Form meinen Platz.,Partnerschaft & koreanische Familie,b2_partner_ancestral_rite_1,12,true,to keep ritual form,Expression,"Even without knowing the meaning, keeping form held my place.",vocab_b2_0478
용돈 드리다,yongdon deurida,Taschengeld geben,B2,Ausdruck,명절에 용돈 드리는 봉투를 현우가 미리 준비했어요.,Den Umschlag für Taschengeld an die Älteren bereitete Hyunwoo vorher vor.,Partnerschaft & koreanische Familie,b2_partner_family_money_1,1,false,to give pocket money to elders,Expression,Hyunwoo prepared the pocket-money envelope for the elders in advance.,vocab_b2_0479
더치페이 오해,deochipei ohae,Missverständnis um Getrenntzahlen,B2,Nomen,더치페이 오해가 나와서 제가 밥값을 먼저 냈어요.,"Ein Missverständnis um Getrenntzahlen entstand, also zahlte ich zuerst.",Partnerschaft & koreanische Familie,b2_partner_family_money_1,2,false,split-bill misunderstanding,Noun,"A split-bill misunderstanding appeared, so I paid for the meal first.",vocab_b2_0480
축의금,chuguigeum,Glücksgeld zur Hochzeit,B2,Nomen,축의금 액수를 공개 자리에서 묻지 않기로 했어요.,Die Höhe des Glücksgeldes nicht öffentlich zu fragen vereinbarten wir.,Partnerschaft & koreanische Familie,b2_partner_family_money_1,3,false,wedding congratulatory money,Noun,We agreed not to ask the wedding-money amount in public.,vocab_b2_0481
부조,bujo,Beistandsgeld,B2,Nomen,부조 장부를 보고 액수를 맞추려다 현우가 말렸어요.,Im Beistandsbuch die Summe anzugleichen hinderte Hyunwoo.,Partnerschaft & koreanische Familie,b2_partner_family_money_1,4,false,mutual-aid money,Noun,Hyunwoo stopped me from matching the amount in the aid ledger.,vocab_b2_0482
생활비 분담,saenghwalbi bundam,Teilung der Lebenshaltungskosten,B2,Nomen,생활비 분담은 가족 앞에서 자세히 말하지 않았어요.,Die Teilung der Lebenshaltungskosten erklärte ich vor der Familie nicht im Detail.,Partnerschaft & koreanische Familie,b2_partner_family_money_1,5,false,sharing living costs,Noun,I did not explain sharing living costs in detail in front of the family.,vocab_b2_0483
빚 이야기,bij iyagi,Schuldenrede,B2,Nomen,빚 이야기는 식탁이 아니라 나중에 둘이 하기로 했어요.,"Schuldenrede gehörte nicht an den Tisch, sondern später zu uns beiden.",Partnerschaft & koreanische Familie,b2_partner_family_money_1,6,false,talk about debt,Noun,"Talk about debt was for later between us, not at the table.",vocab_b2_0484
집 장만,jib jangman,Wohnungskauf,B2,Nomen,집 장만 질문을 범위만 말하고 숫자를 피했어요.,"Die Wohnungskauffrage beantwortete ich mit einem Rahmen, ohne Zahlen.",Partnerschaft & koreanische Familie,b2_partner_family_money_1,7,false,buying a home,Noun,I answered the home-buying question with a range and avoided numbers.,vocab_b2_0485
부모님 지원,bumonim jiwon,Unterstützung der Eltern,B2,Nomen,부모님 지원 여부는 감사만 하고 액수는 숨겼어요.,"Ob die Eltern unterstützen, dankte ich, die Summe blieb privat.",Partnerschaft & koreanische Familie,b2_partner_family_money_1,8,false,parental financial support,Noun,On parental support I only gave thanks and hid the amount.,vocab_b2_0486
돈 농담,don nongdam,Geldscherz,B2,Nomen,돈 농담이 날카로워서 웃지 않고 물로 넘겼어요.,"Der Geldscherz war scharf, ich lachte nicht und trank Wasser.",Partnerschaft & koreanische Familie,b2_partner_family_money_1,9,false,money joke,Noun,"The money joke was sharp, so I did not laugh and drank water.",vocab_b2_0487
각자 계산,gagja gyesan,getrennt zahlen,B2,Ausdruck,각자 계산은 가족 식사에서 서운해 보일 수 있어요.,Getrennt zahlen kann bei einem Familienessen gekränkt wirken.,Partnerschaft & koreanische Familie,b2_partner_family_money_1,10,true,each paying their share,Expression,Each paying their share can look cold at a family meal.,vocab_b2_0488
봉투 준비,bongtu junbi,Umschlag vorbereiten,B2,Nomen,봉투 준비를 빠뜨릴 뻔해서 편의점에서 샀어요.,Die Umschlagvorbereitung hätte ich fast vergessen und kaufte einen im Laden.,Partnerschaft & koreanische Familie,b2_partner_family_money_1,11,true,preparing an envelope,Noun,I almost forgot preparing an envelope and bought one at a convenience store.,vocab_b2_0489
액수는 비밀,aegsuneun bimil,die Summe bleibt privat,B2,Ausdruck,액수는 비밀이라고 하니 더 묻지 않으셨어요.,Die Summe bleibt privat stoppte weitere Fragen.,Partnerschaft & koreanische Familie,b2_partner_family_money_1,12,true,the amount stays private,Expression,Saying the amount stays private stopped further questions.,vocab_b2_0490
전 부침,jeon buchim,Pfannengerichte braten,B2,Nomen,전 부침을 도우려다 기름이 손목에 튀었어요.,Beim Braten der Pfannengerichte spritzte Öl aufs Handgelenk.,Partnerschaft & koreanische Familie,b2_partner_holiday_duty_1,1,false,frying holiday pancakes,Noun,"While helping fry pancakes, oil splashed on my wrist.",vocab_b2_0491
설거지 교대,seolgeoji gyodae,Abwaschwechsel,B2,Nomen,설거지 교대를 제안하니 이모가 놀라셨어요.,Einen Abwaschwechsel vorzuschlagen überraschte die Tante.,Partnerschaft & koreanische Familie,b2_partner_holiday_duty_1,2,false,dish-washing rotation,Noun,Suggesting a dish-washing rotation surprised aunt.,vocab_b2_0492
남자는 안 한다,namjaneun an handa,Männer machen das nicht,B2,Ausdruck,남자는 안 한다는 말을 듣고 현우가 일부러 일어났어요.,Männer machen das nicht hörte Hyunwoo und stand absichtlich auf.,Partnerschaft & koreanische Familie,b2_partner_holiday_duty_1,3,false,men do not do that,Expression,"Hearing men do not do that, Hyunwoo stood up on purpose.",vocab_b2_0493
명절 노동,myeongjeol nodong,Feiertagsarbeit im Haus,B2,Nomen,명절 노동이 한쪽에만 몰려 있어서 표를 그려 봤어요.,"Die Feiertagsarbeit lastete auf einer Seite, also zeichnete ich eine Tabelle.",Partnerschaft & koreanische Familie,b2_partner_holiday_duty_1,4,false,holiday housework,Noun,"Holiday housework sat on one side, so I drew a chart.",vocab_b2_0494
손님 대접,sonnim daejeob,Gästebewirtung,B2,Nomen,손님 대접은 웃는 일만이 아니라 물컵을 채우는 일이었어요.,"Gästebewirtung war nicht nur Lächeln, sondern Gläser nachzufüllen.",Partnerschaft & koreanische Familie,b2_partner_holiday_duty_1,5,false,hosting guests,Noun,Hosting guests was not only smiling but refilling water.,vocab_b2_0495
휴식 교대,hyusig gyodae,Pausenwechsel,B2,Nomen,휴식 교대를 말하니 처음엔 어색했지만 효과가 있었어요.,"Den Pausenwechsel anzusprechen war erst ungewohnt, wirkte dann.",Partnerschaft & koreanische Familie,b2_partner_holiday_duty_1,6,false,taking turns to rest,Noun,"Mentioning a rest rotation felt awkward at first, then worked.",vocab_b2_0496
음식 나르기,eumsig nareugi,Speisen tragen,B2,Nomen,음식 나르기를 제가 맡으니 허리가 먼저 아팠어요.,"Speisen zu tragen übernahm ich, und zuerst tat der Rücken weh.",Partnerschaft & koreanische Familie,b2_partner_holiday_duty_1,7,false,carrying dishes,Noun,"I took on carrying dishes, and my back hurt first.",vocab_b2_0497
아이 돌보기,ai dolbogi,Kinderhüten,B2,Nomen,아이 돌보기를 자처하니 형제들이 고마워했어요.,Kinderhüten anzubieten dankten die Geschwister.,Partnerschaft & koreanische Familie,b2_partner_holiday_duty_1,8,false,watching the children,Noun,Offering to watch the children made the siblings grateful.,vocab_b2_0498
불공평,bulgongpyeong,Ungerechtigkeit,B2,Nomen,불공평을 바로 지적하지 않고 다음 할 일을 나눴어요.,"Die Ungerechtigkeit nannte ich nicht sofort, wir teilten die nächste Aufgabe.",Partnerschaft & koreanische Familie,b2_partner_holiday_duty_1,9,false,unfairness,Noun,I did not name the unfairness at once; we split the next task.,vocab_b2_0499
도와드리겠습니다,dowadeurigessseubnida,ich werde helfen,B2,Ausdruck,도와드리겠습니다를 큰 소리로 하니 자리가 열렸어요.,Ich werde helfen laut zu sagen öffnete einen Platz.,Partnerschaft & koreanische Familie,b2_partner_holiday_duty_1,10,true,I will help,Expression,Saying I will help out loud opened a place.,vocab_b2_0500
앉아서 기다리기,anjaseo gidarigi,sitzend warten,B2,Nomen,앉아서 기다리기만 하니 현우 얼굴이 굳었어요.,Nur sitzend zu warten ließ Hyunwoos Gesicht fest werden.,Partnerschaft & koreanische Familie,b2_partner_holiday_duty_1,11,true,sitting and waiting,Noun,Only sitting and waiting made Hyunwoo's face tighten.,vocab_b2_0501
노동을 나누다,nodongeul nanuda,die Arbeit teilen,B2,Ausdruck,노동을 나누자고 하니 처음엔 웃음이 나왔어요.,Die Arbeit zu teilen vorschlagen löste zuerst Lachen aus.,Partnerschaft & koreanische Familie,b2_partner_holiday_duty_1,12,true,to share the labor,Expression,Suggesting we share the labor first brought a laugh.,vocab_b2_0502
선을 긋다,seoneul geusda,eine Grenze ziehen,B2,Ausdruck,선을 긋되 감사는 남기려고 문장을 두 개로 나눴어요.,"Eine Grenze zu ziehen und trotzdem zu danken hieß, zwei Sätze zu machen.",Partnerschaft & koreanische Familie,b2_partner_boundary_1,1,false,to draw a line,Expression,"To draw a line and still keep thanks, I split it into two sentences.",vocab_b2_0503
사생활,sasaenghwal,Privatsphäre,B2,Nomen,사생활 질문은 웃으며 다음에 말하겠다고 했어요.,Fragen zur Privatsphäre beantwortete ich lächelnd mit später.,Partnerschaft & koreanische Familie,b2_partner_boundary_1,2,false,privacy,Noun,I smiled at privacy questions and said I would tell later.,vocab_b2_0504
연락 빈도,yeonrag bindo,Kontakthäufigkeit,B2,Nomen,연락 빈도를 주 일 회로 정하니 부담이 줄었어요.,Die Kontakthäufigkeit auf einmal pro Woche zu setzen senkte den Druck.,Partnerschaft & koreanische Familie,b2_partner_boundary_1,3,false,how often to contact,Noun,Setting contact to once a week reduced the pressure.,vocab_b2_0505
거절 문장,geojeol munjang,Absagesatz,B2,Nomen,거절 문장을 미리 외워 두니 목소리가 흔들리지 않았어요.,Einen Absagesatz auswendig zu können hielt die Stimme ruhig.,Partnerschaft & koreanische Familie,b2_partner_boundary_1,4,false,a refusal sentence,Noun,Memorizing a refusal sentence kept my voice steady.,vocab_b2_0506
타협안,tahyeoban,Kompromissvorschlag,B2,Nomen,타협안을 먼저 내니 거절이 덜 차갑게 들렸어요.,Einen Kompromiss zuerst anzubieten machte das Nein weniger kalt.,Partnerschaft & koreanische Familie,b2_partner_boundary_1,5,false,compromise offer,Noun,Offering a compromise first made the no sound less cold.,vocab_b2_0507
감정 노동,gamjeong nodong,Gefühlsarbeit,B2,Nomen,감정 노동이 몰릴 때는 현우와 교대하기로 했어요.,"Wenn die Gefühlsarbeit sich staute, wechselten Hyunwoo und ich uns ab.",Partnerschaft & koreanische Familie,b2_partner_boundary_1,6,false,emotional labor,Noun,"When emotional labor piled up, Hyunwoo and I took turns.",vocab_b2_0508
가족 기대,gajog gidae,Familienerwartung,B2,Nomen,가족 기대를 전부 맞출 수는 없다고 둘이 먼저 합의했어요.,Nicht jede Familienerwartung erfüllen zu können vereinbarten wir zuerst.,Partnerschaft & koreanische Familie,b2_partner_boundary_1,7,false,family expectation,Noun,We first agreed we cannot meet every family expectation.,vocab_b2_0509
정중한 거리,jeongjunghan geori,höfliche Distanz,B2,Nomen,정중한 거리를 유지하니 관계가 오히려 오래 갔어요.,Höfliche Distanz zu halten machte die Beziehung länger tragfähig.,Partnerschaft & koreanische Familie,b2_partner_boundary_1,8,false,polite distance,Noun,Keeping polite distance made the relationship last better.,vocab_b2_0510
반복 요구,banbog yogu,wiederholte Bitte,B2,Nomen,반복 요구에는 같은 답을 같은 톤으로 했어요.,Auf die wiederholte Bitte gab ich dieselbe Antwort im selben Ton.,Partnerschaft & koreanische Familie,b2_partner_boundary_1,9,false,repeated demand,Noun,To a repeated demand I gave the same answer in the same tone.,vocab_b2_0511
우리가 결정할게요,uriga gyeoljeonghalgeyo,wir werden entscheiden,B2,Ausdruck,우리가 결정할게요를 두 번 말하니 압박이 줄었어요.,Wir werden entscheiden zweimal zu sagen senkte den Druck.,Partnerschaft & koreanische Familie,b2_partner_boundary_1,10,true,we will decide,Expression,Saying we will decide twice reduced the pressure.,vocab_b2_0512
오늘은 여기까지,oneuleun yeogikkaji,für heute reicht es,B2,Ausdruck,오늘은 여기까지라고 하니 현우가 바로 일어났어요.,"Für heute reicht es sagte ich, und Hyunwoo stand sofort auf.",Partnerschaft & koreanische Familie,b2_partner_boundary_1,11,true,that is enough for today,Expression,"When I said that is enough for today, Hyunwoo stood up at once.",vocab_b2_0513
관계를 지키다,gwangyereul jikida,die Beziehung wahren,B2,Ausdruck,선을 그어도 관계를 지키려고 감사 인사를 남겼어요.,"Trotz Grenze ließ ich den Dank, um die Beziehung zu wahren.",Partnerschaft & koreanische Familie,b2_partner_boundary_1,12,true,to keep the relationship,Expression,Even after the line I left thanks to keep the relationship.,vocab_b2_0514
공식 소개,gongsig sogae,formelle Vorstellung,B2,Nomen,공식 소개에서는 이름보다 관계를 먼저 말했어요.,"In der formellen Vorstellung nannte ich zuerst die Beziehung, dann den Namen.",Partnerschaft & koreanische Familie,b2_partner_public_intro_1,1,false,formal introduction,Noun,In the formal introduction I named the relationship before the name.,vocab_b2_0515
자리 배치,jari baechi,Sitzordnung in der Öffentlichkeit,B2,Nomen,자리 배치는 나이 순이라 제가 문을 가까운 쪽에 앉았어요.,"Die öffentliche Sitzordnung folgte dem Alter, ich saß nah an der Tür.",Partnerschaft & koreanische Familie,b2_partner_public_intro_1,2,false,public seating order,Noun,"Public seating followed age, so I sat nearer the door.",vocab_b2_0516
사진 공개,sajin gonggae,Fotoeröffentlichung,B2,Nomen,사진 공개 전에 얼굴이 나온 분들께 확인했어요.,Vor der Fotoeröffentlichung fragte ich alle sichtbaren Gesichter.,Partnerschaft & koreanische Familie,b2_partner_public_intro_1,3,false,posting a photo publicly,Noun,Before posting a photo publicly I checked with every visible face.,vocab_b2_0517
호칭 공개,hoching gonggae,öffentliche Anrede,B2,Nomen,호칭 공개는 집 안 말과 다르게 더 높였어요.,Die öffentliche Anrede war höher als zu Hause.,Partnerschaft & koreanische Familie,b2_partner_public_intro_1,4,false,public form of address,Noun,The public form of address was higher than at home.,vocab_b2_0518
모임 지각,moim jigag,Zuspätkommen zur Runde,B2,Nomen,모임 지각을 사과할 때 변명보다 감사를 먼저 했어요.,Beim Zuspätkommen dankte ich zuerst statt zu erklären.,Partnerschaft & koreanische Familie,b2_partner_public_intro_1,5,false,being late to the gathering,Noun,When late to the gathering I thanked first instead of explaining.,vocab_b2_0519
단체 인사,danche insa,Gruppengruss,B2,Nomen,단체 인사는 큰 소리보다 고개가 중요했어요.,Beim Gruppengruss zählte die Verbeugung mehr als die Lautstärke.,Partnerschaft & koreanische Familie,b2_partner_public_intro_1,6,false,group greeting,Noun,In the group greeting the bow mattered more than volume.,vocab_b2_0520
자리 양보,jari yangbo,den Platz abtreten,B2,Nomen,자리 양보를 하자 삼촌이 괜찮다고 손짓하셨어요.,Den Platz abzutreten winkte der Onkel als unnötig ab.,Partnerschaft & koreanische Familie,b2_partner_public_intro_1,7,false,giving up a seat,Noun,"When I gave up a seat, uncle gestured that it was fine.",vocab_b2_0521
공개 질문,gonggae jilmun,öffentliche Frage,B2,Nomen,공개 질문에는 짧은 답만 하고 자세한 건 나중에 했어요.,"Auf öffentliche Fragen gab ich kurze Antworten, Details später.",Partnerschaft & koreanische Familie,b2_partner_public_intro_1,8,false,a question in public,Noun,To a question in public I gave a short answer and left details for later.,vocab_b2_0522
커플 호칭,keopeul hoching,Paaranrede in der Öffentlichkeit,B2,Nomen,커플 호칭을 밖에서 낮추지 않기로 했어요.,Die Paaranrede in der Öffentlichkeit nicht zu senken vereinbarten wir.,Partnerschaft & koreanische Familie,b2_partner_public_intro_1,9,false,how a couple addresses each other in public,Noun,We agreed not to drop couple address terms in public.,vocab_b2_0523
소개를 미루다,sogaereul miruda,die Vorstellung verschieben,B2,Ausdruck,사람이 많을 때는 소개를 미루는 게 실수가 적었어요.,Bei vielen Leuten die Vorstellung zu verschieben vermied Fehler.,Partnerschaft & koreanische Familie,b2_partner_public_intro_1,10,true,to delay an introduction,Expression,"With many people, delaying the introduction caused fewer slips.",vocab_b2_0524
관계부터 말하다,gwangyebuteo malhada,zuerst die Beziehung nennen,B2,Ausdruck,관계부터 말하니 악수 타이밍이 맞았어요.,Zuerst die Beziehung zu nennen traf den Moment zum Handschlag.,Partnerschaft & koreanische Familie,b2_partner_public_intro_1,11,true,to name the relationship first,Expression,Naming the relationship first hit the handshake timing.,vocab_b2_0525
밖에서 예의를,bakkeseo yeuireul,in der Öffentlichkeit die Form,B2,Ausdruck,밖에서 예의를 지키니 집 안 실수는 잊히는 편이었어요.,In der Öffentlichkeit die Form zu wahren ließ Fehler zu Hause eher vergessen.,Partnerschaft & koreanische Familie,b2_partner_public_intro_1,12,true,form in public,Expression,Keeping form in public made indoor slips easier to forget.,vocab_b2_0526
우리 며느리,uri myeoneuri,unsere Schwiegertochter,C1,Ausdruck,우리 며느리라는 말은 환영처럼 들려도 역할을 씌웠어요.,Unsere Schwiegertochter klang wie Willkommen und legte doch eine Rolle auf.,Partnerschaft & koreanische Familie,c1_partner_family_framing_1,1,false,our daughter-in-law,Expression,Our daughter-in-law sounded like welcome and still assigned a role.,vocab_c1_0049
손님으로 두다,sonnimeuro duda,als Gast belassen,C1,Ausdruck,손님으로 두면 편하지만 소속에서 밀려난 느낌이 났어요.,Als Gast belassen zu werden war bequem und schloss zugleich aus.,Partnerschaft & koreanische Familie,c1_partner_family_framing_1,2,false,to leave someone as a guest,Expression,Being left as a guest was comfortable and also felt excluded.,vocab_c1_0050
소속 프레임,sosog peureim,Zugehörigkeitsrahmen,C1,Nomen,소속 프레임을 누가 말하느냐에 따라 자리가 달라졌어요.,"Wer den Zugehörigkeitsrahmen setzte, verschob meinen Platz.",Partnerschaft & koreanische Familie,c1_partner_family_framing_1,3,false,belonging frame,Noun,Who set the belonging frame changed my seat.,vocab_c1_0051
역할 언어,yeoghal eoneo,Rollensprache,C1,Nomen,역할 언어를 들을 때마다 현우와 나중에 번역하기로 했어요.,Rollensprache später mit Hyunwoo zu übersetzen vereinbarten wir.,Partnerschaft & koreanische Familie,c1_partner_family_framing_1,4,false,role language,Noun,We agreed to translate role language with Hyunwoo later.,vocab_c1_0052
포용적 호칭,poyongjeog hoching,inklusive Anrede,C1,Nomen,포용적 호칭을 제안하니 처음엔 어색했지만 공기가 바뀌었어요.,Eine inklusive Anrede vorzuschlagen war erst ungewohnt und änderte dann die Luft.,Partnerschaft & koreanische Familie,c1_partner_family_framing_1,5,false,inclusive form of address,Noun,Proposing an inclusive address felt awkward at first and then changed the air.,vocab_c1_0053
타자화,tajahwa,Othering,C1,Nomen,타자화가 웃음을 타고 와서 바로 지적하기 어려웠어요.,Othering kam auf einem Lachen und war schwer sofort zu benennen.,Partnerschaft & koreanische Familie,c1_partner_family_framing_1,6,false,othering,Noun,Othering arrived on a laugh and was hard to name at once.,vocab_c1_0054
가족 서사,gajog seosa,Familienerzählung,C1,Nomen,가족 서사에 제가 갑자기 주인공이 되어 부담됐어요.,In der Familienerzählung plötzlich Hauptfigur zu sein druckte.,Partnerschaft & koreanische Familie,c1_partner_family_framing_1,7,false,family narrative,Noun,Suddenly becoming the lead in the family narrative felt heavy.,vocab_c1_0055
해석의 주체,haeseogui juche,wer deutet,C1,Nomen,해석의 주체가 누구인지 묻자 잠시 조용해졌어요.,"Die Frage, wer deutet, machte einen kurzen Stillstand.",Partnerschaft & koreanische Familie,c1_partner_family_framing_1,8,false,who gets to interpret,Noun,Asking who gets to interpret made a short silence.,vocab_c1_0056
말의 자리,malui jari,der Platz der Worte,C1,Nomen,말의 자리가 의자보다 먼저 배치된다는 걸 그날 배웠어요.,"Dass der Platz der Worte vor dem Stuhl kommt, lernte ich an dem Tag.",Partnerschaft & koreanische Familie,c1_partner_family_framing_1,9,false,the seat that words give,Noun,That day I learned the seat that words give is set before the chair.,vocab_c1_0057
다시 명명하다,dasi myeongmyeonghada,neu benennen,C1,Ausdruck,우리 편이 아니라 같이 온 사람이라고 다시 명명해 달라고 했어요.,"Nicht unsere Seite, sondern die mitgekommene Person neu zu benennen bat ich.",Partnerschaft & koreanische Familie,c1_partner_family_framing_1,10,true,to rename,Expression,I asked them to rename me not as our side but as the person who came along.,vocab_c1_0058
프레임을 드러내다,peureimeul deureonaeda,den Rahmen sichtbar machen,C1,Ausdruck,프레임을 드러내니 비난이 아니라 설명이 됐어요.,"Den Rahmen sichtbar zu machen wurde Erklärung, nicht Anklage.",Partnerschaft & koreanische Familie,c1_partner_family_framing_1,11,true,to make the frame visible,Expression,"Making the frame visible became explanation, not blame.",vocab_c1_0059
자리를 재협상하다,jarireul jaehyeobsanghada,den Platz neu verhandeln,C1,Ausdruck,자리를 재협상하자 다음 명절 표가 달라졌어요.,Den Platz neu zu verhandeln änderte den Plan für das nächste Fest.,Partnerschaft & koreanische Familie,c1_partner_family_framing_1,12,true,to renegotiate one's place,Expression,Renegotiating my place changed the chart for the next holiday.,vocab_c1_0060
보이지 않는 일,boiji anhneun il,unsichtbare Arbeit,C1,Nomen,보이지 않는 일이 상을 완성한다는 걸 설거지통에서 봤어요.,"Dass unsichtbare Arbeit den Tisch vollendet, sah ich an der Spüle.",Partnerschaft & koreanische Familie,c1_partner_holiday_labor_1,1,false,invisible work,Noun,I saw at the sink that invisible work finishes the table.,vocab_c1_0061
성별 분업,seongbyeol buneob,geschlechtliche Arbeitsteilung,C1,Nomen,성별 분업을 전통으로만 설명하면 대화가 멈췄어요.,Die geschlechtliche Arbeitsteilung nur als Tradition zu erklären stoppte das Gespräch.,Partnerschaft & koreanische Familie,c1_partner_holiday_labor_1,2,false,gendered division of labor,Noun,Explaining the gendered division of labor as only tradition stopped talk.,vocab_c1_0062
돌봄 부담,dolbom budam,Fürsorgelast,C1,Nomen,돌봄 부담이 한 사람에게 몰리면 웃음의 질이 달라졌어요.,"Konzentrierte sich die Fürsorgelast auf eine Person, änderte sich das Lachen.",Partnerschaft & koreanische Familie,c1_partner_holiday_labor_1,3,false,care burden,Noun,"When the care burden sat on one person, the quality of laughter changed.",vocab_c1_0063
기여의 가시성,giyeoui gasiseong,Sichtbarkeit des Beitrags,C1,Nomen,기여의 가시성을 사진이 아니라 교대표로 남기기로 했어요.,"Die Sichtbarkeit des Beitrags hielten wir in einem Wechselplan fest, nicht im Foto.",Partnerschaft & koreanische Familie,c1_partner_holiday_labor_1,4,false,visibility of contribution,Noun,"We recorded visibility of contribution on a rotation chart, not in photos.",vocab_c1_0064
전통의 선택,jeontongui seontaeg,Auswahl in der Tradition,C1,Nomen,전통의 선택을 모두 지킬 필요는 없다고 짧게 말했어요.,"Nicht jede Auswahl in der Tradition sei Pflicht, sagte ich kurz.",Partnerschaft & koreanische Familie,c1_partner_holiday_labor_1,5,false,what we keep from tradition,Noun,I said briefly that we do not have to keep every piece of tradition.,vocab_c1_0065
노동 인정,nodong injeong,Anerkennung der Arbeit,C1,Nomen,노동 인정은 칭찬 한 마디보다 다음 할 일을 나누는 것이었어요.,Anerkennung der Arbeit war weniger ein Lob als das Teilen der nächsten Aufgabe.,Partnerschaft & koreanische Familie,c1_partner_holiday_labor_1,6,false,recognition of labor,Noun,Recognition of labor was sharing the next task more than one compliment.,vocab_c1_0066
휴식권,hyusiggwon,Recht auf Pause,C1,Nomen,휴식권을 말하니 처음엔 예의가 아니라는 눈이 왔어요.,"Das Recht auf Pause anzusprechen brachte zuerst Blicke, das sei ungehörig.",Partnerschaft & koreanische Familie,c1_partner_holiday_labor_1,7,false,right to rest,Noun,Naming a right to rest first brought looks that it was improper.,vocab_c1_0067
분배 기준,bunbae gijun,Verteilungsmaßstab,C1,Nomen,분배 기준을 나이에서 체력으로 바꾸자 반발이 줄었어요.,Den Verteilungsmaßstab vom Alter auf Kraft zu ändern senkte den Widerstand.,Partnerschaft & koreanische Familie,c1_partner_holiday_labor_1,8,false,standard for sharing,Noun,Changing the sharing standard from age to stamina reduced pushback.,vocab_c1_0068
침묵의 동의,chimmugui dongui,Zustimmung durch Schweigen,C1,Nomen,침묵의 동의를 합의로 보지 않기로 둘이 정했어요.,Zustimmung durch Schweigen nicht als Einigung zu lesen beschlossen wir.,Partnerschaft & koreanische Familie,c1_partner_holiday_labor_1,9,false,consent by silence,Noun,We decided not to read consent by silence as agreement.,vocab_c1_0069
구조를 바꾸다,gujoreul bakkuda,die Struktur ändern,C1,Ausdruck,한 사람의 성품이 아니라 구조를 바꾸자고 했어요.,"Nicht den Charakter einer Person, die Struktur ändern, schlug ich vor.",Partnerschaft & koreanische Familie,c1_partner_holiday_labor_1,10,true,to change the structure,Expression,"I proposed changing the structure, not one person's character.",vocab_c1_0070
노동을 보이게 하다,nodongeul boige hada,Arbeit sichtbar machen,C1,Ausdruck,노동을 보이게 하자 감사의 대상이 달라졌어요.,"Arbeit sichtbar zu machen verschob, wem gedankt wurde.",Partnerschaft & koreanische Familie,c1_partner_holiday_labor_1,11,true,to make labor visible,Expression,Making labor visible changed who received thanks.,vocab_c1_0071
공평을 설계하다,gongpyeongeul seolgyehada,Fairness entwerfen,C1,Ausdruck,공평을 설계하니 감정이 아니라 표가 남았어요.,Fairness zu entwerfen ließ eine Tabelle statt nur Gefühle.,Partnerschaft & koreanische Familie,c1_partner_holiday_labor_1,12,true,to design fairness,Expression,"Designing fairness left a chart, not only feelings.",vocab_c1_0072
의사결정권,uisagyeoljeonggwon,Entscheidungsrecht,C2,Nomen,의사결정권이 어디에 있는지 묻자 웃음이 먼저 나왔어요.,"Wo das Entscheidungsrecht liege, zu fragen löste zuerst Lachen aus.",Partnerschaft & koreanische Familie,c2_partner_inlaw_power_1,1,false,decision rights,Noun,Asking where decision rights sit first produced a laugh.,vocab_c2_0049
침묵 압력,chimmug abryeog,Druck durch Schweigen,C2,Nomen,침묵 압력은 거절보다 오래 남아서 기록을 남겼어요.,"Druck durch Schweigen blieb länger als ein Nein, also schrieb ich ihn auf.",Partnerschaft & koreanische Familie,c2_partner_inlaw_power_1,2,false,pressure through silence,Noun,"Pressure through silence lasted longer than a no, so I recorded it.",vocab_c2_0050
대리 발화,daeri balhwa,Sprechen anstelle einer Person,C2,Nomen,대리 발화가 제 뜻을 바꾸길래 한 문장을 다시 말했어요.,"Das Sprechen an meiner Stelle änderte meinen Sinn, also wiederholte ich einen Satz.",Partnerschaft & koreanische Familie,c2_partner_inlaw_power_1,3,false,speaking on someone's behalf,Noun,"Speaking on my behalf changed my meaning, so I said one sentence again.",vocab_c2_0051
체면 경제,chemyeon gyeongje,Gesichtsökonomie,C2,Nomen,체면 경제에서는 사실이 아니라 체면이 예산을 정했어요.,"In der Gesichtsökonomie setzte das Gesicht das Budget, nicht die Tatsache.",Partnerschaft & koreanische Familie,c2_partner_inlaw_power_1,4,false,economy of face,Noun,"In the economy of face, face set the budget, not the fact.",vocab_c2_0052
순응 연출,suneung yeonchul,Inszenierung von Fügsamkeit,C2,Nomen,순응 연출을 기대하는 자리에선 침묵이 칭찬이 됐어요.,"Wo man Inszenierung von Fügsamkeit erwartete, wurde Schweigen Lob.",Partnerschaft & koreanische Familie,c2_partner_inlaw_power_1,5,false,performance of compliance,Noun,"Where a performance of compliance was expected, silence became praise.",vocab_c2_0053
권한의 출처,gwonhanui chulcheo,Quelle der Befugnis,C2,Nomen,권한의 출처를 혈연으로만 두면 외부인은 영원히 손님이에요.,"Liegt die Quelle der Befugnis nur in der Blutsbindung, bleibt die Außenstehende Gast.",Partnerschaft & koreanische Familie,c2_partner_inlaw_power_1,6,false,source of authority,Noun,"If the source of authority is only blood, an outsider stays a guest forever.",vocab_c2_0054
말의 위계,malui wigye,Hierarchie der Rede,C2,Nomen,말의 위계를 깨지 않고도 질문을 하나 넣을 자리는 있었어요.,Ohne die Hierarchie der Rede zu zerbrechen gab es Raum für eine Frage.,Partnerschaft & koreanische Familie,c2_partner_inlaw_power_1,7,false,hierarchy of speech,Noun,Without breaking the hierarchy of speech there was still room for one question.,vocab_c2_0055
동의의 형식,donguiui hyeongsig,Form der Zustimmung,C2,Nomen,동의의 형식이 고개인지 서명인지 먼저 정해야 했어요.,"Ob die Form der Zustimmung ein Nicken oder eine Unterschrift ist, mussten wir klären.",Partnerschaft & koreanische Familie,c2_partner_inlaw_power_1,8,false,form of consent,Noun,We had to decide whether the form of consent is a nod or a signature.,vocab_c2_0056
불복의 비용,bulbogui biyong,Preis des Widerspruchs,C2,Nomen,불복의 비용을 계산하니 그날은 기록만 남기기로 했어요.,"Den Preis des Widerspruchs zu rechnen hieß, an dem Tag nur aufzuschreiben.",Partnerschaft & koreanische Familie,c2_partner_inlaw_power_1,9,false,cost of dissent,Noun,Calculating the cost of dissent meant only recording that day.,vocab_c2_0057
권력을 호명하다,gwonryeogeul homyeonghada,Macht beim Namen nennen,C2,Ausdruck,권력을 호명하니 방이 잠시 조용해졌다가 다시 숨이 돌아왔어요.,"Macht beim Namen zu nennen machte die Raumstille kurz, dann kam der Atem zurück.",Partnerschaft & koreanische Familie,c2_partner_inlaw_power_1,10,true,to name the power,Expression,"Naming the power quieted the room, then breath returned.",vocab_c2_0058
절차를 요구하다,jeolchareul yoguhada,ein Verfahren verlangen,C2,Ausdruck,기분이 아니라 절차를 요구하니 다음 결정이 투명해졌어요.,"Nicht Stimmung, ein Verfahren zu verlangen machte die nächste Entscheidung klarer.",Partnerschaft & koreanische Familie,c2_partner_inlaw_power_1,11,true,to demand a procedure,Expression,"Demanding a procedure, not a mood, made the next decision clearer.",vocab_c2_0059
자리를 문서화하다,jarireul munseohwahada,den Platz dokumentieren,C2,Ausdruck,자리를 문서화하자 기억 싸움이 줄었어요.,Den Platz zu dokumentieren verringerte den Streit um Erinnerung.,Partnerschaft & koreanische Familie,c2_partner_inlaw_power_1,12,true,to document one's place,Expression,Documenting my place reduced fights over memory.,vocab_c2_0060
이름 호명,ireum homyeong,beim Namen rufen,C2,Nomen,이름 호명이 누구에게는 친밀이고 누구에게는 무례였어요.,"Beim Namen rufen war für die einen Nähe, für die anderen Unhöflichkeit.",Partnerschaft & koreanische Familie,c2_partner_name_memory_1,1,false,calling by name,Noun,Calling by name was intimacy for some and rudeness for others.,vocab_c2_0061
기억의 편집,gieogui pyeonjib,Schnitt der Erinnerung,C2,Nomen,기억의 편집은 앨범에서 누가 잘리는지로 보였어요.,"Der Schnitt der Erinnerung zeigte sich daran, wer im Album fehlt.",Partnerschaft & koreanische Familie,c2_partner_name_memory_1,2,false,editing of memory,Noun,The editing of memory showed in who was cropped from the album.,vocab_c2_0062
서사의 주인,seosaui juin,Herr der Erzählung,C2,Nomen,서사의 주인이 바뀌자 같은 방문이 다른 이야기가 됐어요.,"Als der Herr der Erzählung wechselte, wurde derselbe Besuch eine andere Geschichte.",Partnerschaft & koreanische Familie,c2_partner_name_memory_1,3,false,owner of the story,Noun,"When the owner of the story changed, the same visit became another tale.",vocab_c2_0063
호칭의 정치,hochingui jeongchi,Politik der Anrede,C2,Nomen,호칭의 정치는 친근함의 가면을 쓰고 경계를 정했어요.,Die Politik der Anrede setzte Grenzen hinter der Maske der Nähe.,Partnerschaft & koreanische Familie,c2_partner_name_memory_1,4,false,politics of address,Noun,The politics of address set borders behind a mask of closeness.,vocab_c2_0064
망각의 예절,manggagui yejeol,Manieren des Vergessens,C2,Nomen,망각의 예절은 아픈 질문을 다시 하지 않는 일이었어요.,"Manieren des Vergessens hießen, die schmerzende Frage nicht zu wiederholen.",Partnerschaft & koreanische Familie,c2_partner_name_memory_1,5,false,manners of forgetting,Noun,Manners of forgetting meant not asking the painful question again.,vocab_c2_0065
기록 주체,girog juche,wer schreibt auf,C2,Nomen,기록 주체가 누구인지에 따라 실수의 주인이 달라졌어요.,"Wer aufschreibt, verschob, wem der Fehler gehörte.",Partnerschaft & koreanische Familie,c2_partner_name_memory_1,6,false,who writes the record,Noun,Who writes the record changed who owned the mistake.,vocab_c2_0066
호명의 거부,homyeongui geobu,Verweigerung der Benennung,C2,Nomen,호명의 거부를 무례가 아니라 자기 보호로 설명해 달라고 했어요.,"Die Verweigerung der Benennung als Schutz, nicht als Unhöflichkeit zu lesen bat ich.",Partnerschaft & koreanische Familie,c2_partner_name_memory_1,7,false,refusal of a name,Noun,"I asked them to read refusal of a name as protection, not rudeness.",vocab_c2_0067
공동 기억,gongdong gieog,geteilte Erinnerung,C2,Nomen,공동 기억을 한 장의 사진으로 고정하지 않기로 했어요.,Geteilte Erinnerung nicht auf ein Foto zu reduzieren vereinbarten wir.,Partnerschaft & koreanische Familie,c2_partner_name_memory_1,8,false,shared memory,Noun,We agreed not to freeze shared memory into one photo.,vocab_c2_0068
말의 유산,malui yusan,Erbe der Worte,C2,Nomen,말의 유산이 다음 명절의 대본이 되지 않게 메모를 고쳤어요.,"Damit das Erbe der Worte nicht das nächste Festskript wird, änderte ich die Notiz.",Partnerschaft & koreanische Familie,c2_partner_name_memory_1,9,false,inheritance of words,Noun,I changed the note so the inheritance of words would not script the next holiday.,vocab_c2_0069
이름을 되찾다,ireumeul doechajda,den Namen zurückholen,C2,Ausdruck,별명 대신 이름을 되찾자고 하니 방이 잠시 멈췄어요.,Den Namen statt des Spitznamens zurückzuholen ließ den Raum kurz stehen.,Partnerschaft & koreanische Familie,c2_partner_name_memory_1,10,true,to reclaim a name,Expression,Asking to reclaim a name instead of the nickname paused the room.,vocab_c2_0070
기억을 재배치하다,gieogeul jaebaechihada,Erinnerung neu ordnen,C2,Ausdruck,기억을 재배치하자 내가 손님만은 아니게 됐어요.,Erinnerung neu zu ordnen machte mich zu mehr als nur Gast.,Partnerschaft & koreanische Familie,c2_partner_name_memory_1,11,true,to rearrange memory,Expression,Rearranging memory made me more than only a guest.,vocab_c2_0071
서사를 공유하다,seosareul gongyuhada,die Erzählung teilen,C2,Ausdruck,서사를 공유하자 한 사람의 농담이 모두의 역사가 되지 않았어요.,"Die Erzählung zu teilen hinderte den Witz einer Person, aller Geschichte zu werden.",Partnerschaft & koreanische Familie,c2_partner_name_memory_1,12,true,to share authorship of the story,Expression,Sharing authorship stopped one person's joke from becoming everyone's history.,vocab_c2_0072
