korean,romanization,german,level,pos_de,example_korean,example_german,topic,pack_id,pack_order,is_review_boss,english,pos_en,example_english,id
우표,upyo,Briefmarke,A1,Nomen,우표를 세 장 주세요.,Bitte geben Sie mir drei Briefmarken.,Postamt,a1_post_office_1,1,false,stamp,Noun,Please give me three stamps.,vocab_a1_0212
소포,sopo,Paket,A1,Nomen,이 소포를 독일로 보내고 싶어요.,Ich möchte dieses Paket nach Deutschland schicken.,Postamt,a1_post_office_1,2,false,parcel,Noun,I want to send this parcel to Germany.,vocab_a1_0213
등기,deunggi,Einschreiben,A1,Nomen,중요한 서류는 등기로 보내요.,Wichtige Unterlagen schicke ich per Einschreiben.,Postamt,a1_post_office_1,3,false,registered mail,Noun,I send important papers by registered mail.,vocab_a1_0214
우편함,upyeonham,Briefkasten,A1,Nomen,편지는 아래 우편함에 넣어 주세요.,Bitte legen Sie den Brief in den Briefkasten unten.,Postamt,a1_post_office_1,4,false,mailbox,Noun,Please put the letter in the mailbox downstairs.,vocab_a1_0215
부치다,buchida,aufgeben,A1,Verb,소포를 부치다 전에 주소를 확인해요.,"Bevor ich das Paket aufgebe, prüfe ich die Adresse.",Postamt,a1_post_office_1,5,false,to mail,Verb,"Before I mail the parcel, I check the address.",vocab_a1_0216
무게,muge,Gewicht,A1,Nomen,무게가 이 킬로그램을 넘어요.,Das Gewicht liegt über zwei Kilogramm.,Postamt,a1_post_office_1,6,false,weight,Noun,The weight is over two kilograms.,vocab_a1_0217
주소,juso,Adresse,A1,Nomen,받는 사람 주소를 여기에 써 주세요.,Bitte schreiben Sie die Empfängeradresse hierhin.,Postamt,a1_post_office_1,7,false,address,Noun,Please write the recipient address here.,vocab_a1_0218
보내는 사람,bonaeneun saram,Absender,A1,Nomen,보내는 사람 이름을 크게 썼어요.,Ich habe den Absendernamen groß geschrieben.,Postamt,a1_post_office_1,8,false,sender,Noun,I wrote the sender name in large letters.,vocab_a1_0219
받는 사람,batneun saram,Empfänger,A1,Nomen,받는 사람 전화번호를 적어 주세요.,Bitte notieren Sie die Telefonnummer des Empfängers.,Postamt,a1_post_office_1,9,false,recipient,Noun,Please write the recipient's phone number.,vocab_a1_0220
도착 문자,dochak munja,Zustellnachricht,A1,Ausdruck,도착 문자가 오면 알려 주세요.,"Sagen Sie mir Bescheid, wenn die Zustellnachricht kommt.",Postamt,a1_post_office_1,10,true,delivery text,Expression,Tell me when the delivery text arrives.,vocab_a1_0221
포장지,pojangji,Packpapier,A1,Nomen,깨지기 쉬운 컵은 포장지로 감싸요.,Zerbrechliche Tassen wickle ich in Packpapier.,Postamt,a1_post_office_1,11,true,wrapping paper,Noun,I wrap fragile cups in wrapping paper.,vocab_a1_0222
창구,changgu,Schalter,A1,Nomen,세 번 창구에서 기다리세요.,Bitte warten Sie am Schalter drei.,Postamt,a1_post_office_1,12,true,counter,Noun,Please wait at counter number three.,vocab_a1_0223
연고,yeongo,Salbe,A1,Nomen,이 연고를 하루에 두 번 발라요.,Ich trage diese Salbe zweimal am Tag auf.,Apotheke,a1_pharmacy_ask_1,1,false,ointment,Noun,I apply this ointment twice a day.,vocab_a1_0224
마스크,maseukeu,Maske,A1,Nomen,약국에서 마스크를 한 통 샀어요.,In der Apotheke habe ich eine Packung Masken gekauft.,Apotheke,a1_pharmacy_ask_1,2,false,mask,Noun,I bought a pack of masks at the pharmacy.,vocab_a1_0225
계산대,gyesandae,Kasse,A1,Nomen,계산대 앞에서 카드를 꺼냈어요.,Vor der Kasse habe ich meine Karte herausgenommen.,Apotheke,a1_pharmacy_ask_1,3,false,checkout,Noun,I took out my card in front of the checkout.,vocab_a1_0226
복용 시간,bokyong sigan,Einnahmezeit,A1,Ausdruck,복용 시간을 종이에 적어 주세요.,Bitte schreiben Sie die Einnahmezeiten auf Papier.,Apotheke,a1_pharmacy_ask_1,4,false,dose time,Expression,Please write the dose times on paper.,vocab_a1_0227
일회용 밴드,ilhoeyong baendeu,Pflaster,A1,Nomen,일회용 밴드를 작은 걸로 주세요.,Bitte geben Sie mir ein kleines Pflaster.,Apotheke,a1_pharmacy_ask_1,5,false,adhesive bandage,Noun,Please give me a small adhesive bandage.,vocab_a1_0228
체온계,cheongye,Fieberthermometer,A1,Nomen,체온계가 어디에 있어요?,Wo ist das Fieberthermometer?,Apotheke,a1_pharmacy_ask_1,6,false,thermometer,Noun,Where is the thermometer?,vocab_a1_0229
가글액,gageulaek,Mundspülung,A1,Nomen,목이 아파서 가글액을 찾고 있어요.,"Mein Hals tut weh, deshalb suche ich Mundspülung.",Apotheke,a1_pharmacy_ask_1,7,false,mouthwash,Noun,"My throat hurts, so I am looking for mouthwash.",vocab_a1_0230
비타민제,bitaminje,Vitaminpräparat,A1,Nomen,비타민제를 식후에 먹어요.,Ich nehme das Vitaminpräparat nach dem Essen.,Apotheke,a1_pharmacy_ask_1,8,false,vitamin supplement,Noun,I take the vitamin supplement after meals.,vocab_a1_0231
알레르기,alrereugi,Allergie,A1,Nomen,이 약에 알레르기가 있는지 확인해요.,"Ich prüfe, ob ich gegen dieses Mittel eine Allergie habe.",Apotheke,a1_pharmacy_ask_1,9,false,allergy,Noun,I check whether I have an allergy to this medicine.,vocab_a1_0232
무처방,mucheobang,rezeptfrei,A1,Ausdruck,이 약은 무처방으로 살 수 있어요.,Dieses Mittel gibt es rezeptfrei.,Apotheke,a1_pharmacy_ask_1,10,true,over the counter,Expression,You can buy this medicine over the counter.,vocab_a1_0233
파스,paseu,Schmerzpflaster,A1,Nomen,허리가 아파서 파스를 붙였어요.,"Mein Rücken tut weh, deshalb habe ich ein Schmerzpflaster aufgeklebt.",Apotheke,a1_pharmacy_ask_1,11,true,pain relief patch,Noun,"My back hurts, so I put on a pain relief patch.",vocab_a1_0234
제산제,jesanje,Antazidum,A1,Nomen,속이 쓰려서 제산제를 샀어요.,"Mir ist übel, deshalb habe ich ein Antazidum gekauft.",Apotheke,a1_pharmacy_ask_1,12,true,antacid,Noun,"I have heartburn, so I bought an antacid.",vocab_a1_0235
늦잠,neutjam,Ausschlafen,A1,Nomen,일요일에는 늦잠을 자고 싶어요.,Am Sonntag möchte ich ausschlafen.,Wochenendzusage,a1_weekend_promise_1,1,false,sleeping in,Noun,On Sunday I want to sleep in.,vocab_a1_0236
약속 시간,yaksok sigan,Terminzeit,A1,Ausdruck,약속 시간을 세 시로 바꿀까요?,Sollen wir die Terminzeit auf drei Uhr ändern?,Wochenendzusage,a1_weekend_promise_1,2,false,meeting time,Expression,Shall we change the meeting time to three?,vocab_a1_0237
약속 장소,yaksok jangso,Treffpunkt,A1,Ausdruck,약속 장소는 역 앞이에요.,Der Treffpunkt ist vor dem Bahnhof.,Wochenendzusage,a1_weekend_promise_1,3,false,meeting place,Expression,The meeting place is in front of the station.,vocab_a1_0238
취소하다,chwisohada,absagen,A1,Verb,비가 오면 산책을 취소하다 결정해요.,"Wenn es regnet, entscheide ich, den Spaziergang abzusagen.",Wochenendzusage,a1_weekend_promise_1,4,false,to cancel,Verb,"If it rains, I decide to cancel the walk.",vocab_a1_0239
미리 연락,miri yeonrak,vorher Bescheid sagen,A1,Ausdruck,늦으면 미리 연락해 주세요.,"Wenn Sie sich verspäten, sagen Sie bitte vorher Bescheid.",Wochenendzusage,a1_weekend_promise_1,5,false,advance notice,Expression,"If you will be late, please give advance notice.",vocab_a1_0240
시간 맞추다,sigan matchuda,die Zeit abstimmen,A1,Ausdruck,내일 오후에 시간 맞추다 문자를 보냈어요.,"Morgen Nachmittag habe ich geschrieben, um die Zeit abzustimmen.",Wochenendzusage,a1_weekend_promise_1,6,false,to match the time,Expression,I texted tomorrow afternoon to match the time.,vocab_a1_0241
다음에 봐요,daeume bwayo,bis zum nächsten Mal,A1,Ausdruck,오늘은 여기까지 하고 다음에 봐요.,"Für heute reicht es, bis zum nächsten Mal.",Wochenendzusage,a1_weekend_promise_1,7,false,see you next time,Expression,"That's enough for today, see you next time.",vocab_a1_0242
바로 갈게요,baro galgeyo,ich komme gleich,A1,Ausdruck,지금 나와서 바로 갈게요.,Ich gehe jetzt raus und komme gleich.,Wochenendzusage,a1_weekend_promise_1,8,false,I'll come right away,Expression,I'm heading out now and I'll come right away.,vocab_a1_0243
주말 계획,jumal gyehoek,Wochenendplan,A1,Ausdruck,주말 계획을 같이 세워 봐요.,Lassen Sie uns den Wochenendplan gemeinsam machen.,Wochenendzusage,a1_weekend_promise_1,9,false,weekend plan,Expression,Let's make the weekend plan together.,vocab_a1_0244
늦을 것 같다,neuteul geot gatda,wahrscheinlich zu spät,A1,Ausdruck,버스가 막혀서 늦을 것 같다 연락했어요.,"Der Bus steckt fest, deshalb habe ich geschrieben, dass ich wahrscheinlich zu spät bin.",Wochenendzusage,a1_weekend_promise_1,10,true,looks like I'll be late,Expression,"The bus is stuck, so I wrote that it looks like I'll be late.",vocab_a1_0245
같이 걷다,gati geotda,zusammen gehen,A1,Ausdruck,한강에서 같이 걷다 제안했어요.,"Ich habe vorgeschlagen, am Hangang zusammen zu gehen.",Wochenendzusage,a1_weekend_promise_1,11,true,to walk together,Expression,I suggested that we walk together at the Hangang.,vocab_a1_0246
먼저 가다,meonjeo gada,schon vorausgehen,A1,Ausdruck,저는 먼저 가다 자리를 잡을게요.,Ich gehe schon voraus und sichere uns Plätze.,Wochenendzusage,a1_weekend_promise_1,12,true,to go ahead first,Expression,I'll go ahead first and hold seats.,vocab_a1_0247
초인종,choinjong,Klingel,A1,Nomen,초인종을 두 번 눌렀어요.,Ich habe zweimal an der Klingel gedrückt.,Nachbarschaft,a1_neighbors_hall_1,1,false,doorbell,Noun,I pressed the doorbell twice.,vocab_a1_0248
복도,bokdo,Flur,A1,Nomen,복도에 신발을 두지 마세요.,Bitte stellen Sie keine Schuhe in den Flur.,Nachbarschaft,a1_neighbors_hall_1,2,false,hallway,Noun,Please do not leave shoes in the hallway.,vocab_a1_0249
이웃집,iutjip,Nachbarwohnung,A1,Nomen,이웃집에 택배가 잘못 왔어요.,Ein Paket wurde falsch an die Nachbarwohnung geliefert.,Nachbarschaft,a1_neighbors_hall_1,3,false,neighbor's place,Noun,A parcel was delivered to the neighbor's place by mistake.,vocab_a1_0250
층수,cheungsu,Stockwerk,A1,Nomen,저희 층수는 다섯 층이에요.,Unser Stockwerk ist der fünfte.,Nachbarschaft,a1_neighbors_hall_1,4,false,floor number,Noun,Our floor number is the fifth.,vocab_a1_0251
분리배출,bunribaechul,getrennte Entsorgung,A1,Nomen,플라스틱은 분리배출하세요.,Bitte entsorgen Sie Plastik getrennt.,Nachbarschaft,a1_neighbors_hall_1,5,false,sorted disposal,Noun,Please use sorted disposal for plastic.,vocab_a1_0252
문패,munpae,Namensschild,A1,Nomen,문패에 이름을 새로 붙였어요.,Ich habe ein neues Namensschild an die Tür geklebt.,Nachbarschaft,a1_neighbors_hall_1,6,false,door nameplate,Noun,I put a new nameplate on the door.,vocab_a1_0253
공동현관,gongdonghyeongwan,Hauseingang,A1,Nomen,공동현관 비밀번호가 바뀌었어요.,Das Passwort am Hauseingang hat sich geändert.,Nachbarschaft,a1_neighbors_hall_1,7,false,shared entrance,Noun,The shared entrance password changed.,vocab_a1_0254
층간소음,cheunggansoeum,Lärm zwischen den Etagen,A1,Nomen,밤에는 층간소음을 조심해요.,Nachts achte ich auf Lärm zwischen den Etagen.,Nachbarschaft,a1_neighbors_hall_1,8,false,noise between floors,Noun,At night I am careful about noise between floors.,vocab_a1_0255
택배함,taekbaeham,Paketkasten,A1,Nomen,택배함에 비밀번호를 넣어요.,Ich gebe das Passwort in den Paketkasten ein.,Nachbarschaft,a1_neighbors_hall_1,9,false,parcel locker,Noun,I enter the password on the parcel locker.,vocab_a1_0256
공지문,gongjimun,Aushang,A1,Nomen,엘리베이터에 공지문이 있어요.,Am Aufzug hängt ein Aushang.,Nachbarschaft,a1_neighbors_hall_1,10,true,notice,Noun,There is a notice on the elevator.,vocab_a1_0257
무단주차,mudanjucha,unerlaubtes Parken,A1,Nomen,입구 앞 무단주차는 안 돼요.,Unerlaubtes Parken vor der Einfahrt ist nicht erlaubt.,Nachbarschaft,a1_neighbors_hall_1,11,true,unauthorized parking,Noun,Unauthorized parking in front of the entrance is not allowed.,vocab_a1_0258
이웃 인사,iut insa,Nachbarsgruß,A1,Ausdruck,아침에 이웃 인사를 했어요.,Heute Morgen habe ich den Nachbarsgruß gesagt.,Nachbarschaft,a1_neighbors_hall_1,12,true,neighbor greeting,Expression,This morning I gave a neighbor greeting.,vocab_a1_0259
필통,piltong,Federmäppchen,A1,Nomen,필통 안에 펜이 세 자루 있어요.,Im Federmäppchen sind drei Stifte.,Schultasche,a1_school_supplies_1,1,false,pencil case,Noun,There are three pens in the pencil case.,vocab_a1_0260
지우개,jiugae,Radiergummi,A1,Nomen,연필 실수를 지우개로 지워요.,Ich radiere den Bleistiftfehler mit dem Radiergummi weg.,Schultasche,a1_school_supplies_1,2,false,eraser,Noun,I erase the pencil mistake with an eraser.,vocab_a1_0261
가위,gawi,Schere,A1,Nomen,이 종이를 가위로 잘라 주세요.,Bitte schneiden Sie dieses Papier mit der Schere.,Schultasche,a1_school_supplies_1,3,false,scissors,Noun,Please cut this paper with scissors.,vocab_a1_0262
자,ja,Lineal,A1,Nomen,자로 선을 반듯하게 그어요.,Mit dem Lineal ziehe ich eine gerade Linie.,Schultasche,a1_school_supplies_1,4,false,ruler,Noun,I draw a straight line with a ruler.,vocab_a1_0263
색연필,saekyeonpil,Buntstift,A1,Nomen,지도를 색연필로 칠했어요.,Ich habe die Karte mit Buntstiften ausgemalt.,Schultasche,a1_school_supplies_1,5,false,colored pencil,Noun,I colored the map with colored pencils.,vocab_a1_0264
연습장,yeonseupjang,Schreibheft,A1,Nomen,한글을 연습장에 여러 번 썼어요.,Ich habe Hangul mehrmals ins Schreibheft geschrieben.,Schultasche,a1_school_supplies_1,6,false,practice notebook,Noun,I wrote Hangul several times in the practice notebook.,vocab_a1_0265
준비물,junbimul,Mitbringsel,A1,Nomen,내일 수업 준비물을 가방에 넣어요.,Ich packe die Mitbringsel für den Unterricht morgen in die Tasche.,Schultasche,a1_school_supplies_1,7,false,things to bring,Noun,I put tomorrow's class supplies in the bag.,vocab_a1_0266
제출하다,jechulhada,abgeben,A1,Verb,숙제를 제출하다 전에 이름을 써요.,"Bevor ich die Hausaufgaben abgebe, schreibe ich meinen Namen.",Schultasche,a1_school_supplies_1,8,false,to submit,Verb,"Before I submit the homework, I write my name.",vocab_a1_0267
화이트보드,hwaiteubodeu,Whiteboard,A1,Nomen,선생님이 화이트보드에 단어를 썼어요.,Die Lehrkraft hat das Wort auf das Whiteboard geschrieben.,Schultasche,a1_school_supplies_1,9,false,whiteboard,Noun,The teacher wrote the word on the whiteboard.,vocab_a1_0268
자리표,jaripyo,Platzkarte,A1,Nomen,첫날에는 자리표 이름을 확인해요.,Am ersten Tag prüfe ich den Namen auf der Platzkarte.,Schultasche,a1_school_supplies_1,10,true,seat card,Noun,On the first day I check the name on the seat card.,vocab_a1_0269
필기하다,pilgihada,mitschreiben,A1,Verb,중요한 문장은 빨리 필기하다 보면 손이 아파요.,"Wenn ich wichtige Sätze schnell mitschreibe, tun die Hände weh.",Schultasche,a1_school_supplies_1,11,true,to take notes,Verb,"If I take notes on important sentences quickly, my hands hurt.",vocab_a1_0270
준비됐나요,junbidwaetnayo,sind Sie bereit,A1,Ausdruck,수업 시작 전에 준비됐나요?,Sind Sie vor Unterrichtsbeginn bereit?,Schultasche,a1_school_supplies_1,12,true,are you ready,Expression,Are you ready before class starts?,vocab_a1_0271
환승,hwanseung,Umsteigen,A1,Nomen,다음 역에서 환승하세요.,Steigen Sie an der nächsten Station um.,U-Bahnkarte,a1_subway_card_1,1,false,transfer,Noun,Transfer at the next station.,vocab_a1_0272
출구,chulgu,Ausgang,A1,Nomen,사 번 출구로 나가면 은행이 있어요.,"Wenn Sie Ausgang vier nehmen, ist dort eine Bank.",U-Bahnkarte,a1_subway_card_1,2,false,exit,Noun,"If you take exit four, there is a bank.",vocab_a1_0273
승강장,seunggangjang,Bahnsteig,A1,Nomen,승강장에서 노란 선 뒤에 서요.,Auf dem Bahnsteig stehe ich hinter der gelben Linie.,U-Bahnkarte,a1_subway_card_1,3,false,platform,Noun,On the platform I stand behind the yellow line.,vocab_a1_0274
막차,makcha,letzter Zug,A1,Nomen,오늘 막차는 열두 시예요.,Der letzte Zug ist heute um zwölf Uhr.,U-Bahnkarte,a1_subway_card_1,4,false,last train,Noun,The last train today is at twelve.,vocab_a1_0275
하차,hacha,Aussteigen,A1,Nomen,시청역에서 하차하면 됩니다.,Sie können am Rathaus aussteigen.,U-Bahnkarte,a1_subway_card_1,5,false,getting off,Noun,You can get off at City Hall station.,vocab_a1_0276
승차,seungcha,Einsteigen,A1,Nomen,문이 열리면 천천히 승차하세요.,"Wenn die Tür aufgeht, steigen Sie bitte langsam ein.",U-Bahnkarte,a1_subway_card_1,6,false,boarding,Noun,"When the door opens, please board slowly.",vocab_a1_0277
정기권,jeonggigwon,Zeitkarte,A1,Nomen,한 달 정기권을 충전했어요.,Ich habe eine Monatskarte aufgeladen.,U-Bahnkarte,a1_subway_card_1,7,false,pass,Noun,I loaded a one-month pass.,vocab_a1_0278
개찰구,gaechalgu,Sperre,A1,Nomen,개찰구에 카드를 찍고 들어가요.,Ich halte die Karte an die Sperre und gehe hinein.,U-Bahnkarte,a1_subway_card_1,8,false,ticket gate,Noun,I tap the card at the ticket gate and go in.,vocab_a1_0279
노선도,noseondo,Linienplan,A1,Nomen,노선도에서 빨간 선을 찾아요.,Auf dem Linienplan suche ich die rote Linie.,U-Bahnkarte,a1_subway_card_1,9,false,line map,Noun,I look for the red line on the map.,vocab_a1_0280
도착 안내,dochak annae,Ansage,A1,Ausdruck,도착 안내가 나오면 일어나요.,"Wenn die Ansage kommt, stehe ich auf.",U-Bahnkarte,a1_subway_card_1,10,true,arrival announcement,Expression,"When the arrival announcement comes, I stand up.",vocab_a1_0281
카드 잔액,kadeu janaek,Kartenguthaben,A1,Ausdruck,카드 잔액이 부족해서 충전이 필요해요.,"Das Kartenguthaben reicht nicht, ich muss aufladen.",U-Bahnkarte,a1_subway_card_1,11,true,card balance,Expression,"The card balance is low, so I need to top up.",vocab_a1_0282
내리는 문,naerineun mun,Ausstiegstür,A1,Ausdruck,내리는 문은 오른쪽이에요.,Die Ausstiegstür ist rechts.,U-Bahnkarte,a1_subway_card_1,12,true,exit door,Expression,The exit door is on the right.,vocab_a1_0283
겉옷,geotot,Überzieher,A1,Nomen,바람이 불어서 겉옷을 입어요.,"Es ist windig, deshalb ziehe ich einen Überzieher an.",Wetterschicht,a1_weather_layer_1,1,false,outer layer,Noun,"It is windy, so I put on an outer layer.",vocab_a1_0284
미세먼지,misemeonji,Feinstaub,A1,Nomen,오늘 미세먼지가 많아서 마스크를 써요.,"Heute gibt es viel Feinstaub, deshalb trage ich eine Maske.",Wetterschicht,a1_weather_layer_1,2,false,fine dust,Noun,"There is a lot of fine dust today, so I wear a mask.",vocab_a1_0285
일기예보,ilgiyebo,Wetterbericht,A1,Nomen,일기예보를 보고 옷을 골라요.,Ich schaue den Wetterbericht und wähle die Kleidung.,Wetterschicht,a1_weather_layer_1,3,false,weather forecast,Noun,I check the forecast and choose clothes.,vocab_a1_0286
우비,ubi,Regenjacke,A1,Nomen,소나기가 와서 우비를 챙겼어요.,"Ein Schauer kommt, deshalb habe ich die Regenjacke eingepackt.",Wetterschicht,a1_weather_layer_1,4,false,rain jacket,Noun,"A shower is coming, so I packed a rain jacket.",vocab_a1_0287
얇은 옷,yalbeun ot,leichte Kleidung,A1,Ausdruck,낮에는 얇은 옷이 편해요.,Tagsüber ist leichte Kleidung angenehm.,Wetterschicht,a1_weather_layer_1,5,false,light clothes,Expression,Light clothes are comfortable during the day.,vocab_a1_0288
두꺼운 옷,dukkeoun ot,dicke Kleidung,A1,Ausdruck,밤에는 두꺼운 옷이 필요해요.,Nachts brauche ich dicke Kleidung.,Wetterschicht,a1_weather_layer_1,6,false,thick clothes,Expression,At night I need thick clothes.,vocab_a1_0289
일교차,ilgyocha,Tag-Nacht-Unterschied,A1,Nomen,봄에는 일교차가 커서 겉옷이 필요해요.,"Im Frühling ist der Tag-Nacht-Unterschied groß, deshalb brauche ich einen Überzieher.",Wetterschicht,a1_weather_layer_1,7,false,day-night gap,Noun,"In spring the day-night gap is large, so I need an outer layer.",vocab_a1_0290
습하다,seuphada,schwül,A1,Adjektiv,오늘 공기가 습하다 느껴져서 창문을 열어요.,"Die Luft fühlt sich heute schwül an, deshalb öffne ich das Fenster.",Wetterschicht,a1_weather_layer_1,8,false,humid,Adjective,"The air feels humid today, so I open the window.",vocab_a1_0291
쌀쌀하다,ssalssalhada,kühl,A1,Adjektiv,아침이 쌀쌀하다 해서 목을 가렸어요.,"Weil der Morgen kühl ist, habe ich den Hals bedeckt.",Wetterschicht,a1_weather_layer_1,9,false,chilly,Adjective,"Because the morning is chilly, I covered my neck.",vocab_a1_0292
맑음,malgeum,heiter,A1,Nomen,오후 예보가 맑음이에요.,Die Nachmittagsvorhersage ist heiter.,Wetterschicht,a1_weather_layer_1,10,true,clear skies,Noun,The afternoon forecast is clear skies.,vocab_a1_0293
소나기,sonagi,Schauer,A1,Nomen,소나기가 금방 지나갈 거예요.,Der Schauer wird bald vorübergehen.,Wetterschicht,a1_weather_layer_1,11,true,shower,Noun,The shower will pass soon.,vocab_a1_0294
겹쳐 입다,gyeopchyeo ipda,in Lagen tragen,A1,Ausdruck,일교차가 클 때는 옷을 겹쳐 입다 해요.,Bei großem Temperaturunterschied trage ich Kleidung in Lagen.,Wetterschicht,a1_weather_layer_1,12,true,to layer clothes,Expression,"When the temperature gap is large, I layer clothes.",vocab_a1_0295
죄송하다,joesonghada,leidtun,A1,Verb,늦게 와서 죄송하다 말하고 앉았어요.,"Ich sagte, es tue mir leid, dass ich zu spät komme, und setzte mich.",Entschuldigung,a1_sorry_thanks_1,1,false,to be sorry,Verb,I said I was sorry for being late and sat down.,vocab_a1_0296
감사하다,gamsahada,dankbar sein,A1,Verb,도와주셔서 감사하다 인사를 했어요.,"Ich habe mich bedankt, weil Sie geholfen haben.",Entschuldigung,a1_sorry_thanks_1,2,false,to be grateful,Verb,I said I was grateful that you helped.,vocab_a1_0297
실례하다,silryehada,stören,A1,Verb,잠깐 실례하다 하고 지나갔어요.,Ich sagte Entschuldigung und ging vorbei.,Entschuldigung,a1_sorry_thanks_1,3,false,to excuse oneself,Verb,I said excuse me and passed by.,vocab_a1_0298
양해,yanghae,Verständnis,A1,Nomen,소음에 양해를 구했어요.,Ich habe um Verständnis für den Lärm gebeten.,Entschuldigung,a1_sorry_thanks_1,4,false,understanding,Noun,I asked for understanding about the noise.,vocab_a1_0299
부탁하다,butakhada,bitten,A1,Verb,창문을 닫아 달라고 부탁하다 전에 먼저 인사해요.,"Bevor ich bitte, das Fenster zu schließen, grüße ich zuerst.",Entschuldigung,a1_sorry_thanks_1,5,false,to ask a favor,Verb,"Before I ask them to close the window, I greet them first.",vocab_a1_0300
문제없어요,munjeeopseoyo,kein Problem,A1,Ausdruck,실수해도 문제없어요.,"Wenn Sie einen Fehler machen, ist das kein Problem.",Entschuldigung,a1_sorry_thanks_1,6,false,no problem,Expression,"If you make a mistake, no problem.",vocab_a1_0301
제가 더요,jega deoyo,ich habe zu danken,A1,Ausdruck,도와줘서 고맙다는 말에 제가 더요.,"Auf das Danke sage ich, ich habe zu danken.",Entschuldigung,a1_sorry_thanks_1,7,false,I should thank you,Expression,"When someone thanks me, I say I should thank you.",vocab_a1_0302
잠깐만요,jamkkanmanyo,einen Moment,A1,Ausdruck,계산 전에 잠깐만요.,"Vor dem Bezahlen, einen Moment bitte.",Entschuldigung,a1_sorry_thanks_1,8,false,just a moment,Expression,Just a moment before paying.,vocab_a1_0303
다시 말하다,dasi malhada,noch einmal sagen,A1,Ausdruck,못 들어서 다시 말하다 부탁했어요.,"Ich habe gebeten, es noch einmal zu sagen, weil ich es nicht gehört habe.",Entschuldigung,a1_sorry_thanks_1,9,false,to say again,Expression,I asked them to say it again because I did not hear it.,vocab_a1_0304
천천히 말하다,cheoncheonhi malhada,langsam sprechen,A1,Ausdruck,한국어를 천천히 말하다 들으면 이해가 돼요.,"Wenn Sie Koreanisch langsam sprechen, verstehe ich es.",Entschuldigung,a1_sorry_thanks_1,10,true,to speak slowly,Expression,"If you speak Korean slowly, I understand.",vocab_a1_0305
정말 감사해요,jeongmal gamsahaeyo,vielen Dank,A1,Ausdruck,자리를 양보해 주셔서 정말 감사해요.,"Vielen Dank, dass Sie den Platz überlassen haben.",Entschuldigung,a1_sorry_thanks_1,11,true,thank you so much,Expression,Thank you so much for giving up the seat.,vocab_a1_0306
정말 죄송해요,jeongmal joesonghaeyo,es tut mir sehr leid,A1,Ausdruck,발을 밟아서 정말 죄송해요.,"Es tut mir sehr leid, dass ich auf Ihren Fuß getreten bin.",Entschuldigung,a1_sorry_thanks_1,12,true,I am very sorry,Expression,I am very sorry I stepped on your foot.,vocab_a1_0307
요금제,yogeumje,Tarif,A2,Nomen,이 요금제가 데이터량이 더 많아요.,Dieser Tarif hat mehr Datenvolumen.,Handytarif,a2_phone_plan_1,1,false,rate plan,Noun,This rate plan has more data.,vocab_a2_0269
데이터량,deiteoryang,Datenvolumen,A2,Nomen,이번 달 데이터량이 벌써 끝났어요.,Das Datenvolumen für diesen Monat ist schon aufgebraucht.,Handytarif,a2_phone_plan_1,2,false,data allowance,Noun,This month's data allowance is already gone.,vocab_a2_0270
무제한,mujehan,unbegrenzt,A2,Ausdruck,주말에는 데이터가 무제한이에요.,Am Wochenende ist das Datenvolumen unbegrenzt.,Handytarif,a2_phone_plan_1,3,false,unlimited,Expression,On weekends the data is unlimited.,vocab_a2_0271
약정,yakjeong,Vertragslaufzeit,A2,Nomen,약정이 올해 십이월에 끝나요.,Die Vertragslaufzeit endet im Dezember dieses Jahres.,Handytarif,a2_phone_plan_1,4,false,contract term,Noun,The contract term ends this December.,vocab_a2_0272
위약금,wiyakgeum,Vertragsstrafe,A2,Nomen,지금 바꾸면 위약금이 나와요.,"Wenn ich jetzt wechsle, fällt eine Vertragsstrafe an.",Handytarif,a2_phone_plan_1,5,false,early-termination fee,Noun,"If I switch now, there is an early-termination fee.",vocab_a2_0273
로밍,roming,Roaming,A2,Nomen,독일 가기 전에 로밍을 신청해요.,Vor der Reise nach Deutschland beantrage ich Roaming.,Handytarif,a2_phone_plan_1,6,false,roaming,Noun,I apply for roaming before going to Germany.,vocab_a2_0274
부가서비스,bugaseobiseu,Zusatzdienst,A2,Nomen,필요 없는 부가서비스를 껐어요.,Ich habe unnötige Zusatzdienste ausgeschaltet.,Handytarif,a2_phone_plan_1,7,false,add-on service,Noun,I turned off add-on services I do not need.,vocab_a2_0275
청구서,cheongguseo,Rechnung,A2,Nomen,이번 달 청구서가 평소보다 높아요.,Die Rechnung diesen Monat ist höher als sonst.,Handytarif,a2_phone_plan_1,8,false,bill,Noun,This month's bill is higher than usual.,vocab_a2_0276
자동이체,jadongiche,Lastschrift,A2,Nomen,요금은 자동이체로 빠져요.,Die Gebühr wird per Lastschrift abgebucht.,Handytarif,a2_phone_plan_1,9,false,auto debit,Noun,The fee is taken by auto debit.,vocab_a2_0277
고객센터,gogaeksenteo,Kundencenter,A2,Nomen,고객센터에 오전에 전화했어요.,Ich habe das Kundencenter am Vormittag angerufen.,Handytarif,a2_phone_plan_1,10,true,customer center,Noun,I called the customer center in the morning.,vocab_a2_0278
개통하다,gaetonghada,freischalten,A2,Verb,새 번호를 개통하다 전에 신분증이 필요해요.,"Bevor ich eine neue Nummer freischalte, brauche ich den Ausweis.",Handytarif,a2_phone_plan_1,11,true,to activate a line,Verb,"Before I activate a new number, I need ID.",vocab_a2_0279
데이터 충전,deiteo chungjeon,Datenaufladung,A2,Ausdruck,부족하면 데이터 충전을 추가로 사요.,"Wenn es nicht reicht, kaufe ich eine Datenaufladung dazu.",Handytarif,a2_phone_plan_1,12,true,data top-up,Expression,"If it is not enough, I buy a data top-up.",vocab_a2_0280
이체하다,ichehada,überweisen,A2,Verb,월세를 오늘 이체하다 전에 잔고를 봐요.,"Bevor ich die Miete überweise, schaue ich auf den Kontostand.",Bankschalter,a2_bank_counter_1,1,false,to transfer,Verb,"Before I transfer the rent, I check the balance.",vocab_a2_0281
인증서,injeungseo,Zertifikat,A2,Nomen,인터넷 뱅킹 인증서가 만료됐어요.,Das Onlinebanking-Zertifikat ist abgelaufen.,Bankschalter,a2_bank_counter_1,2,false,certificate,Noun,The online banking certificate expired.,vocab_a2_0282
보안카드,boankadeu,Sicherheitskarte,A2,Nomen,보안카드 번호를 두 개 입력해요.,Ich gebe zwei Nummern der Sicherheitskarte ein.,Bankschalter,a2_bank_counter_1,3,false,security card,Noun,I enter two numbers from the security card.,vocab_a2_0283
대기번호,daegibeonho,Wartenummer,A2,Nomen,대기번호를 뽑고 앉아서 기다려요.,Ich ziehe eine Wartenummer und warte im Sitzen.,Bankschalter,a2_bank_counter_1,4,false,queue number,Noun,I take a queue number and wait seated.,vocab_a2_0284
한도,hando,Limit,A2,Nomen,하루 이체 한도를 올렸어요.,Ich habe das tägliche Überweisungslimit erhöht.,Bankschalter,a2_bank_counter_1,5,false,limit,Noun,I raised the daily transfer limit.,vocab_a2_0285
창구직원,changgujikwon,Schalterkraft,A2,Nomen,창구직원이 서류를 천천히 설명해요.,Die Schalterkraft erklärt die Unterlagen langsam.,Bankschalter,a2_bank_counter_1,6,false,counter staff,Noun,The counter staff explains the papers slowly.,vocab_a2_0286
통장정리,tongjangjeongri,Kontoauszug,A2,Nomen,창구에서 통장정리를 부탁했어요.,Am Schalter habe ich um einen Kontoauszug gebeten.,Bankschalter,a2_bank_counter_1,7,false,passbook update,Noun,I asked for a passbook update at the counter.,vocab_a2_0287
인감,ingam,Namensstempel,A2,Nomen,계좌를 만들 때 인감이 필요해요.,Zum Kontoeröffnen brauche ich den Namensstempel.,Bankschalter,a2_bank_counter_1,8,false,name seal,Noun,I need a name seal to open an account.,vocab_a2_0288
비밀번호 재설정,bimilbeonho jaeseoljeong,Passwort zurücksetzen,A2,Ausdruck,비밀번호 재설정을 위해 신분증을 보여 줬어요.,Zum Passwort zurücksetzen habe ich den Ausweis gezeigt.,Bankschalter,a2_bank_counter_1,9,false,password reset,Expression,I showed my ID for a password reset.,vocab_a2_0289
창구 마감,changgu magam,Schalterschluss,A2,Ausdruck,창구 마감이 네 시라서 서둘렀어요.,"Der Schalterschluss ist um vier, deshalb habe ich mich beeilt.",Bankschalter,a2_bank_counter_1,10,true,counter closing,Expression,"Counter closing is at four, so I hurried.",vocab_a2_0290
입금 확인,ipgeum hwakin,Eingangsbestätigung,A2,Ausdruck,입금 확인 문자가 아직 안 왔어요.,Die Eingangsbestätigung ist noch nicht gekommen.,Bankschalter,a2_bank_counter_1,11,true,deposit confirmation,Expression,The deposit confirmation text has not arrived yet.,vocab_a2_0291
출금 한도,chulgeum hando,Abhebungslimit,A2,Ausdruck,출금 한도를 잠시 낮춰 두었어요.,Ich habe das Abhebungslimit vorübergehend gesenkt.,Bankschalter,a2_bank_counter_1,12,true,withdrawal limit,Expression,I temporarily lowered the withdrawal limit.,vocab_a2_0292
헬스장,helseujang,Fitnessstudio,A2,Nomen,퇴근 후에 헬스장에 가요.,Nach der Arbeit gehe ich ins Fitnessstudio.,Fitnesskurs,a2_gym_class_1,1,false,gym,Noun,After work I go to the gym.,vocab_a2_0293
운동복,undongbok,Sportkleidung,A2,Nomen,운동복을 락커에 넣어 두어요.,Ich lasse die Sportkleidung im Spind.,Fitnesskurs,a2_gym_class_1,2,false,workout clothes,Noun,I leave the workout clothes in the locker.,vocab_a2_0294
러닝머신,reoningmeosin,Laufband,A2,Nomen,러닝머신에서 십 분을 걸어요.,Auf dem Laufband gehe ich zehn Minuten.,Fitnesskurs,a2_gym_class_1,3,false,treadmill,Noun,I walk ten minutes on the treadmill.,vocab_a2_0295
스트레칭,seuteureching,Dehnung,A2,Nomen,시작 전에 스트레칭을 해요.,Vor dem Start mache ich Dehnungen.,Fitnesskurs,a2_gym_class_1,4,false,stretching,Noun,I do stretching before starting.,vocab_a2_0296
횟수,hoetsu,Wiederholungen,A2,Nomen,이 동작은 횟수를 열 번으로 해요.,Diese Übung mache ich mit zehn Wiederholungen.,Fitnesskurs,a2_gym_class_1,5,false,reps,Noun,I do this move with ten reps.,vocab_a2_0297
세트,seteu,Satz,A2,Nomen,세트 사이에 물을 마셔요.,Zwischen den Sätzen trinke ich Wasser.,Fitnesskurs,a2_gym_class_1,6,false,set,Noun,I drink water between sets.,vocab_a2_0298
트레이너,teureineo,Trainer,A2,Nomen,트레이너가 자세를 고쳐 줘요.,Der Trainer korrigiert meine Haltung.,Fitnesskurs,a2_gym_class_1,7,false,trainer,Noun,The trainer corrects my posture.,vocab_a2_0299
락커,rakkeo,Spind,A2,Nomen,락커 열쇠를 프론트에 맡겼어요.,Ich habe den Spindschlüssel an der Rezeption abgegeben.,Fitnesskurs,a2_gym_class_1,8,false,locker,Noun,I left the locker key at the front desk.,vocab_a2_0300
회원권,hoewongwon,Mitgliedschaft,A2,Nomen,세 달 회원권을 끊었어요.,Ich habe eine dreimonatige Mitgliedschaft gekauft.,Fitnesskurs,a2_gym_class_1,9,false,membership,Noun,I bought a three-month membership.,vocab_a2_0301
준비운동,junbiundong,Aufwärmen,A2,Nomen,준비운동을 빼면 다치기 쉬워요.,Ohne Aufwärmen verletzt man sich leicht.,Fitnesskurs,a2_gym_class_1,10,true,warm-up,Noun,Without a warm-up it is easy to get hurt.,vocab_a2_0302
근력,geunryeok,Kraft,A2,Nomen,근력 운동은 주 이 번만 해요.,Krafttraining mache ich nur zweimal pro Woche.,Fitnesskurs,a2_gym_class_1,11,true,strength,Noun,I do strength training only twice a week.,vocab_a2_0303
유산소,yusanso,Ausdauer,A2,Nomen,유산소 후에 숨이 고르게 돌아와요.,Nach dem Ausdauertraining wird die Atmung wieder ruhig.,Fitnesskurs,a2_gym_class_1,12,true,cardio,Noun,After cardio my breathing steadies again.,vocab_a2_0304
미용실,miyongsil,Friseursalon,A2,Nomen,토요일 오전에 미용실에 예약했어요.,Am Samstagvormittag habe ich im Friseursalon reserviert.,Friseursalon,a2_salon_visit_1,1,false,hair salon,Noun,I booked the hair salon for Saturday morning.,vocab_a2_0305
커트,keoteu,Schnitt,A2,Nomen,이번엔 커트를 조금만 해 주세요.,Bitte machen Sie den Schnitt diesmal nur ein wenig kürzer.,Friseursalon,a2_salon_visit_1,2,false,haircut,Noun,Please make the haircut just a little shorter this time.,vocab_a2_0306
염색,yeomsaek,Färbung,A2,Nomen,염색은 너무 어둡지 않게 해 주세요.,Bitte machen Sie die Färbung nicht zu dunkel.,Friseursalon,a2_salon_visit_1,3,false,dye,Noun,Please do not make the dye too dark.,vocab_a2_0307
펌,peom,Dauerwelle,A2,Nomen,여름에는 펌을 하지 않을게요.,Im Sommer mache ich keine Dauerwelle.,Friseursalon,a2_salon_visit_1,4,false,perm,Noun,I will not get a perm in summer.,vocab_a2_0308
앞머리,apmeori,Pony,A2,Nomen,앞머리를 눈에 안 들어오게 잘라 주세요.,"Bitte schneiden Sie den Pony so, dass er nicht ins Auge fällt.",Friseursalon,a2_salon_visit_1,5,false,bangs,Noun,Please cut the bangs so they do not fall into my eyes.,vocab_a2_0309
드라이,deurai,Föhnen,A2,Nomen,커트 후에 드라이만 해 주세요.,Nach dem Schnitt bitte nur föhnen.,Friseursalon,a2_salon_visit_1,6,false,blow-dry,Noun,"After the cut, please just blow-dry.",vocab_a2_0310
스타일리스트,seutailriseuteu,Stylist,A2,Nomen,스타일리스트가 거울로 뒷모습을 보여 줘요.,Der Stylist zeigt mir den Hinterkopf im Spiegel.,Friseursalon,a2_salon_visit_1,7,false,stylist,Noun,The stylist shows me the back of my head in the mirror.,vocab_a2_0311
예약금,yeyakgeum,Anzahlung,A2,Nomen,주말 예약은 예약금이 있어요.,Für eine Wochenendreservierung gibt es eine Anzahlung.,Friseursalon,a2_salon_visit_1,8,false,booking deposit,Noun,Weekend bookings have a deposit.,vocab_a2_0312
샴푸,syampu,Shampoo,A2,Nomen,향이 약한 샴푸로 감겨 주세요.,Bitte waschen Sie mit einem schwachen Shampoo.,Friseursalon,a2_salon_visit_1,9,false,shampoo,Noun,Please wash with a mild-scent shampoo.,vocab_a2_0313
트리트먼트,teuriteumeonteu,Kur,A2,Nomen,끝이 갈라져서 트리트먼트를 추가했어요.,"Die Spitzen sind splissig, deshalb habe ich eine Kur dazugenommen.",Friseursalon,a2_salon_visit_1,10,true,treatment,Noun,"The ends are split, so I added a treatment.",vocab_a2_0314
옆머리,yeopmeori,Seitenhaar,A2,Nomen,옆머리를 귀에 안 붙게 해 주세요.,Bitte lassen Sie das Seitenhaar nicht am Ohr kleben.,Friseursalon,a2_salon_visit_1,11,true,side hair,Noun,Please keep the side hair off my ears.,vocab_a2_0315
손질,sonjil,Pflege,A2,Nomen,출근 전에 간단한 손질만 해요.,Vor der Arbeit mache ich nur eine kurze Pflege.,Friseursalon,a2_salon_visit_1,12,true,grooming,Noun,Before work I only do quick grooming.,vocab_a2_0316
관리사무소,gwanrisamuso,Hausverwaltung,A2,Nomen,관리사무소에 주차 스티커를 받으러 가요.,Ich hole den Parkaufkleber in der Hausverwaltung.,Hausordnung,a2_apt_rules_1,1,false,management office,Noun,I go to the management office for a parking sticker.,vocab_a2_0317
입주민,ipjumin,Bewohner,A2,Nomen,입주민만 지하 주차장을 쓸 수 있어요.,Nur Bewohner dürfen die Tiefgarage nutzen.,Hausordnung,a2_apt_rules_1,2,false,resident,Noun,Only residents can use the underground parking.,vocab_a2_0318
주차스티커,juchaseutikeo,Parkaufkleber,A2,Nomen,주차스티커를 앞 유리에 붙여요.,Ich klebe den Parkaufkleber an die Windschutzscheibe.,Hausordnung,a2_apt_rules_1,3,false,parking sticker,Noun,I put the parking sticker on the windshield.,vocab_a2_0319
음식물 봉투,eumsikmul bongtu,Biotüte,A2,Ausdruck,음식물 봉투는 지정된 통에만 넣어요.,Die Biotüte kommt nur in die vorgesehene Tonne.,Hausordnung,a2_apt_rules_1,4,false,food-waste bag,Expression,Food-waste bags go only in the designated bin.,vocab_a2_0320
야간소음,yagansoeum,Nachtlärm,A2,Nomen,열 시 이후에는 야간소음을 피해요.,Nach zehn Uhr vermeide ich Nachtlärm.,Hausordnung,a2_apt_rules_1,5,false,night noise,Noun,After ten I avoid night noise.,vocab_a2_0321
현관문,hyeongwanmun,Wohnungstür,A2,Nomen,현관문이 세게 닫히지 않게 잡아요.,"Ich halte die Wohnungstür, damit sie nicht laut zufällt.",Hausordnung,a2_apt_rules_1,6,false,front door,Noun,I hold the front door so it does not slam.,vocab_a2_0322
방문증,bangmunjeung,Besucherausweis,A2,Nomen,손님은 방문증을 받아 입장해요.,Gäste gehen mit einem Besucherausweis hinein.,Hausordnung,a2_apt_rules_1,7,false,visitor pass,Noun,Guests enter with a visitor pass.,vocab_a2_0323
재활용실,jaehwalyongsil,Wertstoffraum,A2,Nomen,박스는 재활용실에서 접어서 넣어요.,Kartons falte ich im Wertstoffraum zusammen.,Hausordnung,a2_apt_rules_1,8,false,recycling room,Noun,I fold boxes in the recycling room.,vocab_a2_0324
대형폐기,daehyeongpyegi,Sperrmüll,A2,Nomen,소파는 대형폐기로 신청해야 해요.,Das Sofa muss als Sperrmüll angemeldet werden.,Hausordnung,a2_apt_rules_1,9,false,bulk waste,Noun,The sofa must be booked as bulk waste.,vocab_a2_0325
순찰,sunchal,Rundgang,A2,Nomen,밤에 경비 순찰이 두 번 돌아요.,Nachts macht der Wachdienst zwei Rundgänge.,Hausordnung,a2_apt_rules_1,10,true,patrol,Noun,At night security does two patrols.,vocab_a2_0326
위반,wiban,Verstoß,A2,Nomen,흡연 위반이 반복되면 경고가 와요.,Bei wiederholtem Verstoß gegen das Rauchverbot kommt eine Warnung.,Hausordnung,a2_apt_rules_1,11,true,violation,Noun,Repeated smoking violations bring a warning.,vocab_a2_0327
입주자 회의,ipjuja hoeui,Bewohnerversammlung,A2,Ausdruck,입주자 회의에서 엘리베이터 수리를 정했어요.,In der Bewohnerversammlung wurde die Aufzugreparatur beschlossen.,Hausordnung,a2_apt_rules_1,12,true,residents' meeting,Expression,The residents' meeting decided on the elevator repair.,vocab_a2_0328
시급,sigeup,Stundenlohn,A2,Nomen,이번 달부터 시급이 올랐어요.,Ab diesem Monat ist der Stundenlohn gestiegen.,Nebenjob,a2_part_time_1,1,false,hourly wage,Noun,The hourly wage went up this month.,vocab_a2_0329
근무표,geunmupyo,Dienstplan,A2,Nomen,다음 주 근무표가 오늘 올라와요.,Der Dienstplan für nächste Woche kommt heute.,Nebenjob,a2_part_time_1,2,false,shift schedule,Noun,Next week's shift schedule is posted today.,vocab_a2_0330
야간수당,yagansudang,Nachtzuschlag,A2,Nomen,열 시 이후에는 야간수당이 붙어요.,Nach zehn Uhr gibt es einen Nachtzuschlag.,Nebenjob,a2_part_time_1,3,false,night bonus,Noun,After ten there is a night bonus.,vocab_a2_0331
휴게시간,hyugesigan,Pause,A2,Nomen,네 시간마다 휴게시간이 십오 분이에요.,Alle vier Stunden gibt es fünfzehn Minuten Pause.,Nebenjob,a2_part_time_1,4,false,break time,Noun,Every four hours there is a fifteen-minute break.,vocab_a2_0332
인수인계,insuingye,Übergabe,A2,Nomen,마감 전에 인수인계를 짧게 해요.,Vor Feierabend machen wir eine kurze Übergabe.,Nebenjob,a2_part_time_1,5,false,handover,Noun,Before closing we do a short handover.,vocab_a2_0333
알바생,albasaeng,Aushilfe,A2,Nomen,새 알바생에게 커피 기계를 보여 줬어요.,Ich habe der neuen Aushilfe die Kaffeemaschine gezeigt.,Nebenjob,a2_part_time_1,6,false,part-timer,Noun,I showed the new part-timer the coffee machine.,vocab_a2_0334
주휴수당,juhyusudang,Wochenruhegeld,A2,Nomen,일주일에 십오 시간을 일하면 주휴수당이 나와요.,Bei fünfzehn Stunden pro Woche gibt es Wochenruhegeld.,Nebenjob,a2_part_time_1,7,false,weekly rest pay,Noun,"If you work fifteen hours a week, you get weekly rest pay.",vocab_a2_0335
근로계약,geunrogyeyak,Arbeitsvertrag,A2,Nomen,첫날에 근로계약을 읽고 서명해요.,Am ersten Tag lese ich den Arbeitsvertrag und unterschreibe.,Nebenjob,a2_part_time_1,8,false,work contract,Noun,On the first day I read and sign the work contract.,vocab_a2_0336
교대,gyodae,Schichtwechsel,A2,Nomen,여섯 시에 교대가 있어서 조금 일찍 와요.,"Um sechs ist Schichtwechsel, deshalb komme ich etwas früher.",Nebenjob,a2_part_time_1,9,false,shift change,Noun,"Shift change is at six, so I come a bit early.",vocab_a2_0337
점장,jeomjang,Filialleitung,A2,Nomen,점장에게 휴가를 미리 말했어요.,Ich habe der Filialleitung den Urlaub vorher gesagt.,Nebenjob,a2_part_time_1,10,true,store manager,Noun,I told the store manager about the leave in advance.,vocab_a2_0338
마감하다,magamhada,abschließen,A2,Verb,가게를 마감하다 전에 바닥을 닦아요.,"Bevor ich den Laden abschließe, wische ich den Boden.",Nebenjob,a2_part_time_1,11,true,to close up,Verb,"Before I close up the shop, I mop the floor.",vocab_a2_0339
시급 명세서,sigeup myeongseseo,Lohnzettel,A2,Ausdruck,시급 명세서를 문자로 받았어요.,Ich habe den Lohnzettel per Nachricht bekommen.,Nebenjob,a2_part_time_1,12,true,wage slip,Expression,I received the wage slip by text.,vocab_a2_0340
분실물,bunsilmul,Fundsache,A2,Nomen,지하철 분실물을 역 사무실에 문의했어요.,Ich habe im Bahnhofsbüro nach der Fundsache gefragt.,Fundsachen,a2_lost_found_1,1,false,lost item,Noun,I asked the station office about the lost item.,vocab_a2_0341
습득하다,seupdeukhada,finden,A2,Verb,우산을 습득하다 바로 안내데스크에 맡겼어요.,"Als ich den Schirm gefunden habe, habe ich ihn sofort an den Infoschalter gegeben.",Fundsachen,a2_lost_found_1,2,false,to find and keep,Verb,"When I found the umbrella, I took it straight to the information desk.",vocab_a2_0342
보관함,bogwanham,Aufbewahrung,A2,Nomen,지갑은 보관함에 삼 일 동안 있어요.,Die Geldbörse bleibt drei Tage in der Aufbewahrung.,Fundsachen,a2_lost_found_1,3,false,holding desk,Noun,The wallet stays at the holding desk for three days.,vocab_a2_0343
신분증,sinbunjeung,Ausweis,A2,Nomen,찾을 때 신분증을 보여 주세요.,Bitte zeigen Sie beim Abholen den Ausweis.,Fundsachen,a2_lost_found_1,4,false,ID card,Noun,Please show your ID when you pick it up.,vocab_a2_0344
찾아가다,chatagada,abholen,A2,Verb,우산을 찾아가다 전에 전화로 확인해요.,"Bevor ich den Schirm abhole, rufe ich zur Bestätigung an.",Fundsachen,a2_lost_found_1,5,false,to pick up,Verb,"Before I pick up the umbrella, I confirm by phone.",vocab_a2_0345
신고하다,singohada,melden,A2,Verb,가방을 잃어버려서 바로 신고하다 했어요.,Ich habe die Tasche verloren und sie sofort gemeldet.,Fundsachen,a2_lost_found_1,6,false,to report,Verb,I lost the bag and reported it right away.,vocab_a2_0346
안내데스크,annaedeseukeu,Infoschalter,A2,Nomen,안내데스크에서 분실물 번호를 받았어요.,Am Infoschalter habe ich eine Fundsachennummer bekommen.,Fundsachen,a2_lost_found_1,7,false,information desk,Noun,I got a lost-item number at the information desk.,vocab_a2_0347
소지품,sojipum,Habseligkeiten,A2,Nomen,소지품에 이름을 적어 두면 찾기 쉬워요.,"Wenn der Name auf den Habseligkeiten steht, findet man sie leichter.",Fundsachen,a2_lost_found_1,8,false,belongings,Noun,"If you write your name on belongings, they are easier to find.",vocab_a2_0348
라벨,rabel,Etikett,A2,Nomen,가방 안쪽 라벨에 전화번호를 썼어요.,Auf dem Etikett innen in der Tasche steht meine Nummer.,Fundsachen,a2_lost_found_1,9,false,label,Noun,I wrote my number on the label inside the bag.,vocab_a2_0349
수령인,suryeongin,Abholer,A2,Nomen,수령인 이름을 정확히 말해 주세요.,Bitte nennen Sie den Namen des Abholers genau.,Fundsachen,a2_lost_found_1,10,true,recipient,Noun,Please say the recipient name exactly.,vocab_a2_0350
보관기간,bogwangigan,Aufbewahrungsfrist,A2,Nomen,보관기간이 지나면 물건을 옮긴대요.,Nach der Aufbewahrungsfrist wird der Gegenstand weitergegeben.,Fundsachen,a2_lost_found_1,11,true,holding period,Noun,After the holding period they move the item.,vocab_a2_0351
확인서,hwakinseo,Bestätigung,A2,Nomen,찾을 때 확인서를 받아서 서명해요.,Beim Abholen unterschreibe ich die Bestätigung.,Fundsachen,a2_lost_found_1,12,true,confirmation slip,Noun,When I pick it up I sign the confirmation slip.,vocab_a2_0352
축제,chukje,Fest,A2,Nomen,동네 축제가 이번 주말에 열려요.,Das Viertelfest findet dieses Wochenende statt.,Feststand,a2_festival_booth_1,1,false,festival,Noun,The neighborhood festival is this weekend.,vocab_a2_0353
부스,buseu,Stand,A2,Nomen,전통차 부스가 입구 옆에 있어요.,Der Stand mit TraditionsTee steht neben dem Eingang.,Feststand,a2_festival_booth_1,2,false,booth,Noun,The traditional-tea booth is next to the entrance.,vocab_a2_0354
체험하다,cheheomhada,ausprobieren,A2,Verb,한지를 체험하다 전에 줄을 서요.,"Bevor ich Hanji ausprobiere, stelle ich mich an.",Feststand,a2_festival_booth_1,3,false,to try out,Verb,"Before I try Hanji, I stand in line.",vocab_a2_0355
줄서다,julseoda,anstehen,A2,Verb,인기 부스는 오전에 줄서다 시작해요.,Am beliebten Stand beginnt man schon am Vormittag anstehen.,Feststand,a2_festival_booth_1,4,false,to queue,Verb,At the popular booth people start to queue in the morning.,vocab_a2_0356
안내원,annaewon,Betreuer,A2,Nomen,안내원이 스탬프 위치를 알려 줘요.,"Der Betreuer zeigt, wo der Stempel ist.",Feststand,a2_festival_booth_1,5,false,guide,Noun,The guide shows where the stamp is.,vocab_a2_0357
무료시식,muryosisik,Kostprobe,A2,Nomen,무료시식은 한 사람당 한 개예요.,Die Kostprobe gibt es eine pro Person.,Feststand,a2_festival_booth_1,6,false,free tasting,Noun,The free tasting is one per person.,vocab_a2_0358
홍보물,hongbomul,Flyer,A2,Nomen,홍보물을 가방에 넣지 말고 다시 봐요.,"Schauen Sie den Flyer noch einmal an, statt ihn nur einzupacken.",Feststand,a2_festival_booth_1,7,false,flyer,Noun,Look at the flyer again instead of just putting it in the bag.,vocab_a2_0359
스탬프,seutaempeu,Stempel,A2,Nomen,다섯 개 스탬프를 모으면 차를 받아요.,Mit fünf Stempeln bekommt man einen Tee.,Feststand,a2_festival_booth_1,8,false,stamp,Noun,"If you collect five stamps, you get tea.",vocab_a2_0360
운영시간,unyeongsigan,Öffnungszeit,A2,Nomen,부스 운영시간은 여섯 시까지예요.,Die Öffnungszeit des Stands geht bis sechs.,Feststand,a2_festival_booth_1,9,false,opening hours,Noun,The booth's opening hours go until six.,vocab_a2_0361
현장접수,hyeonjangjeopsu,Vor-Ort-Anmeldung,A2,Nomen,현장접수는 열 명까지만 받아요.,Die Vor-Ort-Anmeldung nimmt nur zehn Personen auf.,Feststand,a2_festival_booth_1,10,true,on-site signup,Noun,On-site signup takes only ten people.,vocab_a2_0362
자원봉사자,jawonbongsaja,Ehrenamtliche,A2,Nomen,자원봉사자가 줄을 나눠 안내해요.,Ehrenamtliche teilen die Schlange und weisen den Weg.,Feststand,a2_festival_booth_1,11,true,volunteer,Noun,Volunteers split the line and give directions.,vocab_a2_0363
체험권,cheheomgwon,Mitmachkarte,A2,Nomen,체험권을 보여 주면 재료를 받아요.,"Wenn Sie die Mitmachkarte zeigen, bekommen Sie das Material.",Feststand,a2_festival_booth_1,12,true,activity ticket,Noun,"If you show the activity ticket, you get the materials.",vocab_a2_0364
참조,chamjo,in Kopie,B1,Nomen,팀장만 참조에 넣고 보내요.,Ich setze nur die Teamleitung in Kopie.,Dienstmail,b1_workplace_mail_1,1,false,cc,Noun,I only put the team lead in cc.,vocab_b1_0272
숨은참조,sumeunchamjo,Blindkopie,B1,Nomen,외부 주소는 숨은참조로 넣어요.,Externe Adressen setze ich in Blindkopie.,Dienstmail,b1_workplace_mail_1,2,false,bcc,Noun,I put external addresses in bcc.,vocab_b1_0273
회신 기한,hoesin gihan,Antwortfrist,B1,Ausdruck,회신 기한을 금요일 낮으로 적었어요.,Ich habe die Antwortfrist auf Freitagmittag gesetzt.,Dienstmail,b1_workplace_mail_1,3,false,reply deadline,Expression,I wrote the reply deadline as Friday noon.,vocab_b1_0274
첨부 누락,cheombu nurak,fehlender Anhang,B1,Ausdruck,첨부 누락이 있어서 바로 다시 보냈어요.,Wegen eines fehlenden Anhangs habe ich die Mail sofort noch einmal geschickt.,Dienstmail,b1_workplace_mail_1,4,false,missing attachment,Expression,"There was a missing attachment, so I sent it again right away.",vocab_b1_0275
전달하다,jeondalhada,weiterleiten,B1,Verb,이 메일을 전달하다 전에 개인 정보를 지워요.,"Bevor ich die Mail weiterleite, lösche ich persönliche Daten.",Dienstmail,b1_workplace_mail_1,5,false,to forward,Verb,"Before I forward this mail, I remove personal data.",vocab_b1_0276
정정 메일,jeongjeong meil,Korrekturmail,B1,Ausdruck,숫자 오류를 정정 메일로 알렸어요.,Den Zahlenfehler habe ich per Korrekturmail mitgeteilt.,Dienstmail,b1_workplace_mail_1,6,false,correction email,Expression,I reported the number error in a correction email.,vocab_b1_0277
읽음 확인,ilgeum hwakin,Lesebestätigung,B1,Ausdruck,급한 요청에만 읽음 확인을 켜요.,Lesebestätigung schalte ich nur bei dringenden Bitten ein.,Dienstmail,b1_workplace_mail_1,7,false,read receipt,Expression,I turn on read receipt only for urgent requests.,vocab_b1_0278
제목을 고치다,jemokeul gochida,den Betreff ändern,B1,Ausdruck,전달할 때 제목을 고치다 보니 내용이 분명해졌어요.,"Als ich beim Weiterleiten den Betreff geändert habe, wurde der Inhalt klarer.",Dienstmail,b1_workplace_mail_1,8,false,to fix the subject,Expression,"When I fixed the subject while forwarding, the content became clearer.",vocab_b1_0279
후속 메일,husok meil,Folgmail,B1,Ausdruck,답장이 없어서 후속 메일을 짧게 보냈어요.,"Weil keine Antwort kam, habe ich eine kurze Folgmail geschickt.",Dienstmail,b1_workplace_mail_1,9,false,follow-up mail,Expression,"No reply came, so I sent a short follow-up mail.",vocab_b1_0280
내부망,naebumang,Intranet,B1,Nomen,양식은 내부망에서만 내려받아요.,Das Formular lade ich nur aus dem Intranet herunter.,Dienstmail,b1_workplace_mail_1,10,true,intranet,Noun,I download the form only from the intranet.,vocab_b1_0281
공손한 맺음,gongsonhan maeteum,höflicher Schluss,B1,Ausdruck,공손한 맺음으로 시간을 배려한다고 썼어요.,"Im höflichen Schluss habe ich geschrieben, dass ich die Zeit respektiere.",Dienstmail,b1_workplace_mail_1,11,true,polite closing,Expression,In the polite closing I wrote that I respect their time.,vocab_b1_0282
수신 확인,susin hwakin,Empfangsbestätigung,B1,Ausdruck,수신 확인이 떠서 다시 보내지 않았어요.,"Die Empfangsbestätigung erschien, deshalb habe ich nicht noch einmal gesendet.",Dienstmail,b1_workplace_mail_1,12,true,delivery receipt,Expression,"The delivery receipt appeared, so I did not send it again.",vocab_b1_0283
공용 선반,gongyong seonban,gemeinsames Regal,B1,Ausdruck,공용 선반에는 이름 스티커를 붙여요.,Auf das gemeinsame Regal klebe ich Namensaufkleber.,WG-Gespräch,b1_roommate_talk_1,1,false,shared shelf,Expression,I put name stickers on the shared shelf.,vocab_b1_0284
청소 당번,cheongso dangbeon,Putzdienst,B1,Ausdruck,이번 주 청소 당번은 제가 맡아요.,Den Putzdienst diese Woche übernehme ich.,WG-Gespräch,b1_roommate_talk_1,2,false,cleaning turn,Expression,I take the cleaning turn this week.,vocab_b1_0285
공과금 정산,gonggwageum jeongsan,Nebenkostenabrechnung,B1,Ausdruck,공과금 정산을 일요일에 같이 해요.,Die Nebenkostenabrechnung machen wir sonntags gemeinsam.,WG-Gespräch,b1_roommate_talk_1,3,false,utility split,Expression,We do the utility split together on Sunday.,vocab_b1_0286
조용한 시간,joyonghan sigan,Ruhezeit,B1,Ausdruck,시험 주에는 조용한 시간을 아홉 시부터 지켜요.,In der Prüfungswoche halten wir die Ruhezeit ab neun Uhr ein.,WG-Gespräch,b1_roommate_talk_1,4,false,quiet hours,Expression,In exam week we keep quiet hours from nine.,vocab_b1_0287
손님 사전 알림,sonnim sajeon alrim,Gästeankündigung,B1,Ausdruck,밤늦게 오면 손님 사전 알림을 보내요.,"Wenn Gäste spät kommen, schicke ich eine Gästeankündigung.",WG-Gespräch,b1_roommate_talk_1,5,false,guest notice,Expression,"If guests come late, I send a guest notice.",vocab_b1_0288
냉장고 칸,naengjanggo kan,Kühlfach,B1,Ausdruck,제 냉장고 칸에 약만 넣어 두어요.,In mein Kühlfach lege ich nur Medizin.,WG-Gespräch,b1_roommate_talk_1,6,false,fridge shelf,Expression,I only put medicine on my fridge shelf.,vocab_b1_0289
빨래 순서,ppalrae sunseo,Waschreihenfolge,B1,Ausdruck,빨래 순서를 표로 붙여 두었어요.,Die Waschreihenfolge habe ich als Tabelle aufgehängt.,WG-Gespräch,b1_roommate_talk_1,7,false,laundry turn,Expression,I posted the laundry turn as a chart.,vocab_b1_0290
공용 세제,gongyong seje,Gemeinschaftsreiniger,B1,Ausdruck,공용 세제가 떨어지면 같이 사요.,"Wenn der Gemeinschaftsreiniger leer ist, kaufen wir ihn zusammen.",WG-Gespräch,b1_roommate_talk_1,8,false,shared detergent,Expression,"When the shared detergent runs out, we buy it together.",vocab_b1_0291
문 닫힘,mun dathim,Türschließen,B1,Nomen,밤에는 문 닫힘을 더 조용히 해요.,Nachts mache ich das Türschließen leiser.,WG-Gespräch,b1_roommate_talk_1,9,false,door closing,Noun,At night I close the door more quietly.,vocab_b1_0292
생활 리듬,saenghwal rideum,Alltagsrhythmus,B1,Ausdruck,생활 리듬이 달라서 아침 소음을 줄였어요.,"Weil der Alltagsrhythmus anders ist, habe ich den Morgenlärm reduziert.",WG-Gespräch,b1_roommate_talk_1,10,true,daily rhythm,Expression,"Our daily rhythms differ, so I reduced morning noise.",vocab_b1_0293
공동 구매,gongdong gumae,Sammelkauf,B1,Ausdruck,휴지는 공동 구매로 더 싸게 샀어요.,Toilettenpapier haben wir im Sammelkauf günstiger gekauft.,WG-Gespräch,b1_roommate_talk_1,11,true,group purchase,Expression,We bought toilet paper cheaper as a group purchase.,vocab_b1_0294
서운한 점,seounhan jeom,Kränkung,B1,Ausdruck,서운한 점은 바로 말하지 않고 저녁에 이야기해요.,"Eine Kränkung spreche ich nicht sofort an, sondern abends.",WG-Gespräch,b1_roommate_talk_1,12,true,sore point,Expression,"I do not raise a sore point immediately, but in the evening.",vocab_b1_0295
사고 접수,sago jeopsu,Schadensmeldung,B1,Ausdruck,사고 접수를 당일 오후에 했어요.,Die Schadensmeldung habe ich noch am Nachmittag gemacht.,Versicherungsfall,b1_insurance_claim_1,1,false,claim filing,Expression,I filed the claim the same afternoon.,vocab_b1_0296
보장 범위,bojang beomwi,Leistungsrahmen,B1,Ausdruck,보장 범위를 약관 삼 쪽에서 확인해요.,Den Leistungsrahmen prüfe ich auf Seite drei der Bedingungen.,Versicherungsfall,b1_insurance_claim_1,2,false,coverage scope,Expression,I check the coverage scope on page three of the terms.,vocab_b1_0297
자기부담금,jagibudamgeum,Selbstbeteiligung,B1,Nomen,자기부담금이 오만 원이라 수리를 다시 계산해요.,"Die Selbstbeteiligung beträgt fünfzigtausend Won, deshalb rechne ich die Reparatur neu.",Versicherungsfall,b1_insurance_claim_1,3,false,deductible,Noun,"The deductible is 50,000 won, so I recalculate the repair.",vocab_b1_0298
진단서,jindanseo,Attest,B1,Nomen,병원 진단서를 스캔해서 올렸어요.,Ich habe das Attest gescannt und hochgeladen.,Versicherungsfall,b1_insurance_claim_1,4,false,medical note,Noun,I scanned the medical note and uploaded it.,vocab_b1_0299
보험금,boheomgeum,Versicherungssumme,B1,Nomen,보험금이 언제 입금되는지 물었어요.,"Ich habe gefragt, wann die Versicherungssumme eingeht.",Versicherungsfall,b1_insurance_claim_1,5,false,payout,Noun,I asked when the payout will be deposited.,vocab_b1_0300
면책,myeonchaek,Ausschluss,B1,Nomen,기존 질환은 면책이라고 안내받았어요.,"Mir wurde gesagt, dass Vorerkrankungen ein Ausschluss sind.",Versicherungsfall,b1_insurance_claim_1,6,false,exclusion,Noun,I was told existing conditions are an exclusion.,vocab_b1_0301
청구 서류,cheonggu seoryu,Antragsunterlagen,B1,Ausdruck,청구 서류가 하나 빠져서 보완했어요.,"Eine der Antragsunterlagen fehlte, deshalb habe ich nachgereicht.",Versicherungsfall,b1_insurance_claim_1,7,false,claim documents,Expression,"One claim document was missing, so I supplemented it.",vocab_b1_0302
담당 설계사,damdang seolgyesa,Berater,B1,Ausdruck,담당 설계사에게 진행 상황을 물어봤어요.,Ich habe den Berater nach dem Stand gefragt.,Versicherungsfall,b1_insurance_claim_1,8,false,agent,Expression,I asked the agent about the status.,vocab_b1_0303
보상 심사,bosang simsa,Leistungsprüfung,B1,Ausdruck,보상 심사가 이번 주까지라고 들었어요.,Die Leistungsprüfung soll bis Ende der Woche fertig sein.,Versicherungsfall,b1_insurance_claim_1,9,false,payout review,Expression,I heard the payout review is due this week.,vocab_b1_0304
사고 경위,sago gyeongwi,Hergang,B1,Ausdruck,사고 경위를 시간 순으로 적었어요.,Den Hergang habe ich in zeitlicher Reihenfolge geschrieben.,Versicherungsfall,b1_insurance_claim_1,10,true,incident account,Expression,I wrote the incident account in time order.,vocab_b1_0305
특약,teukyak,Zusatzbaustein,B1,Nomen,치과 특약이 있어야 스케일링이 나가요.,Nur mit dem Zahn-Zusatzbaustein wird die Zahnreinigung erstattet.,Versicherungsfall,b1_insurance_claim_1,11,true,rider,Noun,Only with the dental rider is cleaning covered.,vocab_b1_0306
지급 보류,jigeup boryu,Auszahlungsstopp,B1,Ausdruck,사진이 흐려서 지급 보류가 됐어요.,"Weil das Foto unscharf war, gab es einen Auszahlungsstopp.",Versicherungsfall,b1_insurance_claim_1,12,true,held payout,Expression,"The photo was blurry, so the payout was held.",vocab_b1_0307
민원실,minwonsil,Bürgerbüro,B1,Nomen,민원실에서 번호표를 뽑고 기다려요.,Im Bürgerbüro ziehe ich eine Nummer und warte.,Amtgang,b1_public_office_1,1,false,civil affairs desk,Noun,I take a number at the civil affairs desk and wait.,vocab_b1_0308
구비 서류,gubi seoryu,erforderliche Unterlagen,B1,Ausdruck,구비 서류 목록을 홈페이지에서 인쇄했어요.,Die Liste der erforderlichen Unterlagen habe ich von der Website gedruckt.,Amtgang,b1_public_office_1,2,false,required papers,Expression,I printed the required-papers list from the website.,vocab_b1_0309
접수증,jeopsujeung,Eingangsbeleg,B1,Nomen,접수증 번호를 사진으로 남겨 두어요.,Die Nummer auf dem Eingangsbeleg fotografiere ich.,Amtgang,b1_public_office_1,3,false,intake slip,Noun,I photograph the number on the intake slip.,vocab_b1_0310
처리 기한,cheori gihan,Bearbeitungsfrist,B1,Ausdruck,처리 기한이 이 주라고 안내받았어요.,Mir wurde eine Bearbeitungsfrist von zwei Wochen genannt.,Amtgang,b1_public_office_1,4,false,processing time,Expression,I was told the processing time is two weeks.,vocab_b1_0311
담당 창구,damdang changgu,zuständiger Schalter,B1,Ausdruck,전입 신고는 담당 창구가 따로 있어요.,Für die Ummeldung gibt es einen zuständigen Schalter.,Amtgang,b1_public_office_1,5,false,responsible counter,Expression,Change-of-address has its own responsible counter.,vocab_b1_0312
보완 요청,bowan yocheong,Nachforderung,B1,Ausdruck,보완 요청 문자가 와서 사본을 추가했어요.,Wegen einer Nachforderung habe ich eine Kopie nachgereicht.,Amtgang,b1_public_office_1,6,false,request to supplement,Expression,"A supplement request text came, so I added a copy.",vocab_b1_0313
열람,yeolram,Einsicht,B1,Nomen,본인만 서류 열람이 가능해요.,Nur die Person selbst darf Einsicht in die Unterlagen nehmen.,Amtgang,b1_public_office_1,7,false,inspection,Noun,Only the person themselves can inspect the documents.,vocab_b1_0314
대리 신청,daeri sincheong,Antrag durch Vertretung,B1,Ausdruck,대리 신청에는 위임장이 필요해요.,Für einen Antrag durch Vertretung braucht man eine Vollmacht.,Amtgang,b1_public_office_1,8,false,proxy application,Expression,A proxy application needs a letter of authorization.,vocab_b1_0315
수수료 납부,susuryo napbu,Gebührenzahlung,B1,Ausdruck,수수료 납부는 카드만 된다고 했어요.,Die Gebührenzahlung sei nur mit Karte möglich.,Amtgang,b1_public_office_1,9,false,fee payment,Expression,They said fee payment is card only.,vocab_b1_0316
민원 번호,minwon beonho,Vorgangsnummer,B1,Ausdruck,민원 번호로 진행 상태를 조회해요.,Mit der Vorgangsnummer prüfe ich den Stand.,Amtgang,b1_public_office_1,10,true,case number,Expression,I check the status with the case number.,vocab_b1_0317
담당자 연결,damdangja yeongyeol,Durchstellung,B1,Ausdruck,전화로 담당자 연결을 두 번 요청했어요.,Am Telefon habe ich zweimal um Durchstellung gebeten.,Amtgang,b1_public_office_1,11,true,transfer to an officer,Expression,I asked twice on the phone for a transfer to an officer.,vocab_b1_0318
처리 완료,cheori wanryo,Abschluss der Bearbeitung,B1,Ausdruck,처리 완료 알림이 오면 서류를 받으러 가요.,"Wenn die Meldung über den Abschluss der Bearbeitung kommt, hole ich die Unterlagen.",Amtgang,b1_public_office_1,12,true,processing complete,Expression,"When the processing-complete notice arrives, I pick up the papers.",vocab_b1_0319
봉사 시간,bongsa sigan,Ehrenamtsstunden,B1,Ausdruck,이번 달 봉사 시간을 표에 적어요.,Die Ehrenamtsstunden diesen Monat trage ich in die Tabelle ein.,Ehrenamtsschicht,b1_volunteer_shift_1,1,false,volunteer hours,Expression,I write this month's volunteer hours in the chart.,vocab_b1_0320
배정표,baejeongpyo,Einsatzplan,B1,Nomen,배정표에서 제 구역을 확인해요.,Im Einsatzplan prüfe ich meinen Bereich.,Ehrenamtsschicht,b1_volunteer_shift_1,2,false,assignment sheet,Noun,I check my area on the assignment sheet.,vocab_b1_0321
사전 교육,sajeon gyoyuk,Vorschulung,B1,Ausdruck,사전 교육을 들어야 부스를 맡을 수 있어요.,Ohne Vorschulung darf ich den Stand nicht übernehmen.,Ehrenamtsschicht,b1_volunteer_shift_1,3,false,pre-shift training,Expression,I need pre-shift training before I can run the booth.,vocab_b1_0322
안전 조끼,anjeon jokki,Warnweste,B1,Ausdruck,도로 안내는 안전 조끼를 입고 해요.,Die Wegweisung mache ich mit Warnweste.,Ehrenamtsschicht,b1_volunteer_shift_1,4,false,safety vest,Expression,I do street guidance wearing a safety vest.,vocab_b1_0323
인수 메모,insu memo,Übergabenotiz,B1,Ausdruck,다음 조를 위해 인수 메모를 남겼어요.,Für die nächste Gruppe habe ich eine Übergabenotiz hinterlassen.,Ehrenamtsschicht,b1_volunteer_shift_1,5,false,handover note,Expression,I left a handover note for the next team.,vocab_b1_0324
결원,gyeolwon,Ausfall,B1,Nomen,오전에 결원이 나서 제가 한 시간 더 했어요.,"Am Vormittag gab es einen Ausfall, deshalb blieb ich eine Stunde länger.",Ehrenamtsschicht,b1_volunteer_shift_1,6,false,no-show gap,Noun,"There was a no-show gap in the morning, so I stayed an hour more.",vocab_b1_0325
명찰,myeongchal,Namensschild,B1,Nomen,명찰에 역할 이름을 크게 썼어요.,Auf dem Namensschild steht die Rolle groß.,Ehrenamtsschicht,b1_volunteer_shift_1,7,false,name badge,Noun,I wrote the role large on the name badge.,vocab_b1_0326
비상 연락망,bisang yeonrakmang,Notfallkette,B1,Ausdruck,비상 연락망 첫 번호는 현장 책임자예요.,Die erste Nummer der Notfallkette ist die Leitung vor Ort.,Ehrenamtsschicht,b1_volunteer_shift_1,8,false,emergency chain,Expression,The first number in the emergency chain is the on-site lead.,vocab_b1_0327
물품 점검,mulpum jeomgeom,Materialkontrolle,B1,Ausdruck,시작 전에 물품 점검을 둘이서 해요.,Vor dem Start machen wir die Materialkontrolle zu zweit.,Ehrenamtsschicht,b1_volunteer_shift_1,9,false,supply check,Expression,Before starting we do the supply check in pairs.,vocab_b1_0328
교대 시간,gyodae sigan,Ablösezeit,B1,Ausdruck,교대 시간보다 십 분 일찍 도착해요.,Ich komme zehn Minuten vor der Ablösezeit.,Ehrenamtsschicht,b1_volunteer_shift_1,10,true,relief time,Expression,I arrive ten minutes before relief time.,vocab_b1_0329
현장 책임자,hyeonjang chaekimja,Einsatzleitung,B1,Ausdruck,문제가 생기면 현장 책임자에게 바로 말해요.,Bei einem Problem sage ich es sofort der Einsatzleitung.,Ehrenamtsschicht,b1_volunteer_shift_1,11,true,site lead,Expression,"If a problem happens, I tell the site lead immediately.",vocab_b1_0330
봉사 확인서,bongsa hwakinseo,Nachweis,B1,Ausdruck,학기말에 봉사 확인서를 받아요.,Am Semesterende bekomme ich den Nachweis.,Ehrenamtsschicht,b1_volunteer_shift_1,12,true,service certificate,Expression,I receive the service certificate at the end of the term.,vocab_b1_0331
학부모 면담,hakbumo myeondam,Elterngespräch,B1,Ausdruck,학부모 면담을 수요일 저녁으로 잡았어요.,Das Elterngespräch habe ich auf Mittwochabend gelegt.,Elterngespräch,b1_parent_school_1,1,false,parent meeting,Expression,I scheduled the parent meeting for Wednesday evening.,vocab_b1_0332
알림장,alrimjang,Mitteilungsheft,B1,Nomen,알림장에 준비물을 적어 보내요.,Ins Mitteilungsheft schreibe ich die Mitbringsel.,Elterngespräch,b1_parent_school_1,2,false,home note,Noun,I write the supplies in the home note.,vocab_b1_0333
상담 시간,sangdam sigan,Sprechzeit,B1,Ausdruck,상담 시간이 십오 분이라 질문을 미리 적어요.,"Die Sprechzeit beträgt fünfzehn Minuten, deshalb schreibe ich Fragen vorher auf.",Elterngespräch,b1_parent_school_1,3,false,office hour,Expression,"The office hour is fifteen minutes, so I write questions in advance.",vocab_b1_0334
학습 태도,hakseup taedo,Lernhaltung,B1,Ausdruck,학습 태도는 좋아졌지만 숙제 속도가 느려요.,"Die Lernhaltung ist besser, aber die Hausaufgaben dauern länger.",Elterngespräch,b1_parent_school_1,4,false,study attitude,Expression,"The study attitude improved, but homework is slower.",vocab_b1_0335
보충 수업,bochung sueop,Förderstunde,B1,Ausdruck,한글 보충 수업을 주 한 번 신청했어요.,Ich habe einmal pro Woche eine Förderstunde für Hangul beantragt.,Elterngespräch,b1_parent_school_1,5,false,support class,Expression,I signed up for a Hangul support class once a week.,vocab_b1_0336
가정 통신,gajeong tongsin,Elternbrief,B1,Ausdruck,가정 통신에 현장학습 날짜가 있어요.,Im Elternbrief steht das Datum des Ausflugs.,Elterngespräch,b1_parent_school_1,6,false,school letter,Expression,The school letter has the field-trip date.,vocab_b1_0337
참관 수업,chamgwan sueop,Hospitation,B1,Ausdruck,참관 수업은 조용히 뒤쪽에 앉아요.,Bei der Hospitation sitze ich hinten und bleibe still.,Elterngespräch,b1_parent_school_1,7,false,class observation,Expression,During class observation I sit quietly at the back.,vocab_b1_0338
생활 기록,saenghwal girok,Entwicklungsnotiz,B1,Ausdruck,생활 기록에 친구 관계를 짧게 적었어요.,In der Entwicklungsnotiz steht kurz etwas zu den Freundschaften.,Elterngespräch,b1_parent_school_1,8,false,progress note,Expression,The progress note briefly mentions friendships.,vocab_b1_0339
준비물 분담,junbimul bundam,Materialteilung,B1,Ausdruck,준비물 분담표를 반 단톡에 올렸어요.,Die Materialteilung habe ich in den Klassenchat gestellt.,Elterngespräch,b1_parent_school_1,9,false,shared supplies,Expression,I posted the shared-supplies chart in the class chat.,vocab_b1_0340
하원 시간,hawon sigan,Abholzeit,B1,Ausdruck,하원 시간이 밀리면 미리 문자를 보내요.,"Wenn sich die Abholzeit verschiebt, schreibe ich vorher.",Elterngespräch,b1_parent_school_1,10,true,pickup time,Expression,"If pickup time slips, I text in advance.",vocab_b1_0341
담임 선생님,damim seonsaengnim,Klassenleitung,B1,Ausdruck,담임 선생님께 상담 연기를 정중히 부탁했어요.,Ich habe die Klassenleitung höflich um Verschiebung gebeten.,Elterngespräch,b1_parent_school_1,11,true,homeroom teacher,Expression,I politely asked the homeroom teacher to postpone.,vocab_b1_0342
동의서,donguiseo,Einverständnis,B1,Nomen,사진 촬영 동의서를 오늘 제출해요.,Die Einverständniserklärung für Fotos gebe ich heute ab.,Elterngespräch,b1_parent_school_1,12,true,consent form,Noun,I submit the photo consent form today.,vocab_b1_0343
고장 부위,gojang buwi,defekte Stelle,B1,Ausdruck,고장 부위를 사진으로 세 장 찍었어요.,Die defekte Stelle habe ich dreimal fotografiert.,Reparaturwortschatz,b1_repair_words_1,1,false,fault location,Expression,I took three photos of the fault location.,vocab_b1_0344
부품 교체,bupum gyoche,Teiletausch,B1,Ausdruck,부품 교체 비용이 예상보다 높아요.,Der Teiletausch kostet mehr als gedacht.,Reparaturwortschatz,b1_repair_words_1,2,false,part replacement,Expression,Part replacement costs more than expected.,vocab_b1_0345
출장 수리,chuljang suri,Vor-Ort-Reparatur,B1,Ausdruck,출장 수리는 오전 방문만 가능하대요.,Die Vor-Ort-Reparatur sei nur vormittags möglich.,Reparaturwortschatz,b1_repair_words_1,3,false,on-site repair,Expression,They said on-site repair is only possible in the morning.,vocab_b1_0346
무상 기간,musang gigan,Garantiezeit,B1,Ausdruck,무상 기간이 일주일 남아 있어요.,Die Garantiezeit beträgt noch eine Woche.,Reparaturwortschatz,b1_repair_words_1,4,false,warranty period,Expression,One week remains in the warranty period.,vocab_b1_0347
점검 결과,jeomgeom gyeolgwa,Prüfergebnis,B1,Ausdruck,점검 결과를 문자로 요약해 달라고 했어요.,Ich habe um eine kurze Nachricht zum Prüfergebnis gebeten.,Reparaturwortschatz,b1_repair_words_1,5,false,inspection result,Expression,I asked them to summarize the inspection result by text.,vocab_b1_0348
재방문,jaebangmun,Zweitbesuch,B1,Nomen,부품이 없어서 재방문을 잡았어요.,"Weil das Teil fehlt, habe ich einen Zweitbesuch vereinbart.",Reparaturwortschatz,b1_repair_words_1,6,false,return visit,Noun,"The part is missing, so I booked a return visit.",vocab_b1_0349
임시 조치,imsi jochi,Notlösung,B1,Ausdruck,물이 새서 임시 조치로 밸브를 잠갔어요.,"Weil Wasser austrat, habe ich als Notlösung das Ventil geschlossen.",Reparaturwortschatz,b1_repair_words_1,7,false,temporary fix,Expression,"Water was leaking, so as a temporary fix I shut the valve.",vocab_b1_0350
견적 변경,gyeonjeok byeongyeong,Kostenvoranschlagsänderung,B1,Ausdruck,견적 변경이 있으면 먼저 전화해 달라고 했어요.,Bei einer Kostenvoranschlagsänderung sollen sie zuerst anrufen.,Reparaturwortschatz,b1_repair_words_1,8,false,quote change,Expression,I asked them to call first if there is a quote change.,vocab_b1_0351
설치 오류,seolchi oryu,Montagefehler,B1,Ausdruck,설치 오류인지 사용 문제인지 구분해 주세요.,Bitte trennen Sie Montagefehler und Bedienproblem.,Reparaturwortschatz,b1_repair_words_1,9,false,install error,Expression,Please distinguish an install error from a usage problem.,vocab_b1_0352
A/S 센터,/ senteo,Kundendienststelle,B1,Ausdruck,무거운 기기는 A/S 센터로 직접 가져가요.,Schwere Geräte bringe ich selbst zur Kundendienststelle.,Reparaturwortschatz,b1_repair_words_1,10,true,service center,Expression,I take heavy devices to the service center myself.,vocab_b1_0353
수리 완료증,suri wanryojeung,Fertigstellungsbeleg,B1,Ausdruck,수리 완료증을 받아야 보증이 이어져요.,Ohne Fertigstellungsbeleg läuft die Garantie nicht weiter.,Reparaturwortschatz,b1_repair_words_1,11,true,repair receipt,Expression,The warranty continues only with the repair receipt.,vocab_b1_0354
재발 방지,jaebal bangji,Rückfallschutz,B1,Ausdruck,재발 방지를 위해 사용 방법을 다시 배웠어요.,Zum Rückfallschutz habe ich die Nutzung noch einmal gelernt.,Reparaturwortschatz,b1_repair_words_1,12,true,preventing recurrence,Expression,To prevent recurrence I relearned how to use it.,vocab_b1_0355
일정 변경,iljeong byeongyeong,Terminänderung,B1,Ausdruck,태풍 때문에 일정 변경을 요청했어요.,Wegen des Taifuns habe ich eine Terminänderung gebeten.,Reiseänderung,b1_travel_change_1,1,false,schedule change,Expression,I requested a schedule change because of the typhoon.,vocab_b1_0356
환불 규정,hwanbul gyujeong,Erstattungsregel,B1,Ausdruck,환불 규정을 예약 확인서에서 다시 읽어요.,Die Erstattungsregel lese ich noch einmal in der Buchungsbestätigung.,Reiseänderung,b1_travel_change_1,2,false,refund rule,Expression,I reread the refund rule on the booking confirmation.,vocab_b1_0357
수수료 면제,susuryo myeonje,Gebührenerlass,B1,Ausdruck,천재지변이면 수수료 면제가 가능하대요.,Bei höherer Gewalt sei ein Gebührenerlass möglich.,Reiseänderung,b1_travel_change_1,3,false,fee waiver,Expression,They said a fee waiver is possible for a natural disaster.,vocab_b1_0358
대체 열차,daeche yeolcha,Ersatzzug,B1,Nomen,지연되면 대체 열차 좌석을 다시 배정해요.,Bei Verspätung wird ein Sitz im Ersatzzug neu zugewiesen.,Reiseänderung,b1_travel_change_1,4,false,replacement train,Noun,"If delayed, they reassign a seat on the replacement train.",vocab_b1_0359
숙소 이월,sukso iwol,Übernachtungsverschiebung,B1,Ausdruck,숙소 이월이 되는지 저녁에 답변 달래요.,"Ob eine Übernachtungsverschiebung möglich ist, sagen sie am Abend.",Reiseänderung,b1_travel_change_1,5,false,stay shift,Expression,They will say this evening whether a stay shift is possible.,vocab_b1_0360
탑승 마감,tapseung magam,Check-in-Schluss,B1,Ausdruck,탑승 마감 삼십 분 전에는 카운터에 있어야 해요.,Dreißig Minuten vor Check-in-Schluss muss ich am Schalter sein.,Reiseänderung,b1_travel_change_1,6,false,boarding cutoff,Expression,I must be at the counter thirty minutes before boarding cutoff.,vocab_b1_0361
연결편,yeongyeolpyeon,Anschluss,B1,Nomen,연결편이 끊기면 숙박권을 받아요.,"Wenn der Anschluss ausfällt, bekomme ich einen Hotelgutschein.",Reiseänderung,b1_travel_change_1,7,false,connecting service,Noun,"If the connecting service is missed, I get a hotel voucher.",vocab_b1_0362
좌석 재배정,jwaseok jaebaejeong,Neuzuweisung,B1,Ausdruck,좌석 재배정 문자가 출발 한 시간 전에 왔어요.,Die Nachricht zur Neuzuweisung kam eine Stunde vor Abfahrt.,Reiseänderung,b1_travel_change_1,8,false,reseating,Expression,The reseating text arrived an hour before departure.,vocab_b1_0363
여행자 보험,yeohaengja boheom,Reiseversicherung,B1,Ausdruck,여행자 보험에 일정 변경이 포함되는지 확인해요.,"Ich prüfe, ob die Reiseversicherung die Terminänderung abdeckt.",Reiseänderung,b1_travel_change_1,9,false,travel insurance,Expression,I check whether travel insurance covers the schedule change.,vocab_b1_0364
출발 지연,chulbal jiyeon,Abfahrtsverzug,B1,Ausdruck,출발 지연이 한 시간을 넘으면 안내가 나와요.,"Dauert der Abfahrtsverzug länger als eine Stunde, kommt eine Durchsage.",Reiseänderung,b1_travel_change_1,10,true,departure delay,Expression,"If the departure delay exceeds one hour, there is an announcement.",vocab_b1_0365
변경 수수료,byeongyeong susuryo,Umbuchungsgebühr,B1,Ausdruck,변경 수수료를 카드로 바로 냈어요.,Die Umbuchungsgebühr habe ich sofort mit Karte gezahlt.,Reiseänderung,b1_travel_change_1,11,true,change fee,Expression,I paid the change fee by card immediately.,vocab_b1_0366
확정 대기,hwakjeong daegi,Warteliste,B1,Ausdruck,확정 대기 상태라 저녁에 다시 확인해요.,"Es steht auf der Warteliste, deshalb prüfe ich am Abend erneut.",Reiseänderung,b1_travel_change_1,12,true,waitlist hold,Expression,"It is on a waitlist hold, so I check again in the evening.",vocab_b1_0367
성과 면담,seonggwa myeondam,Beurteilungsgespräch,B2,Ausdruck,성과 면담 전에 스스로 한 일을 세 줄로 적어요.,Vor dem Beurteilungsgespräch schreibe ich drei Zeilen zu meiner Arbeit.,Beurteilung,b2_performance_review_1,1,false,performance talk,Expression,Before the performance talk I write three lines about what I did.,vocab_b2_0431
목표 대비,mokpyo daebi,Soll-Ist,B2,Ausdruck,목표 대비 숫자를 과장하지 않아요.,Beim Soll-Ist übertreibe ich die Zahlen nicht.,Beurteilung,b2_performance_review_1,2,false,target versus actual,Expression,In target versus actual I do not exaggerate the numbers.,vocab_b2_0432
개선 과제,gaeseon gwaje,Entwicklungsaufgabe,B2,Ausdruck,개선 과제는 한 분기 안에 측정 가능하게 정해요.,Die Entwicklungsaufgabe formuliere ich in einem Quartal messbar.,Beurteilung,b2_performance_review_1,3,false,growth task,Expression,I set the growth task so it can be measured within a quarter.,vocab_b2_0433
자기 평가,jagi pyeongga,Selbsteinschätzung,B2,Ausdruck,자기 평가에는 실패한 시도도 짧게 남기어요.,In der Selbsteinschätzung erwähne ich auch gescheiterte Versuche kurz.,Beurteilung,b2_performance_review_1,4,false,self-review,Expression,In the self-review I briefly include failed attempts.,vocab_b2_0434
역량 기술,yeokryang gisul,Kompetenzbeschreibung,B2,Ausdruck,역량 기술은 형용사보다 사례로 적어요.,Die Kompetenzbeschreibung schreibe ich mit Fällen statt mit Adjektiven.,Beurteilung,b2_performance_review_1,5,false,skill description,Expression,"I write the skill description with cases, not adjectives.",vocab_b2_0435
피드백 메모,pideubaek memo,Rückmeldungsnotiz,B2,Ausdruck,피드백 메모를 받은 날 바로 정리해요.,Die Rückmeldungsnotiz ordne ich am selben Tag.,Beurteilung,b2_performance_review_1,6,false,feedback note,Expression,I organize the feedback note the same day I receive it.,vocab_b2_0436
승진 기준,seungjin gijun,Beförderungskriterium,B2,Ausdruck,승진 기준이 공개되지 않아 질문을 준비했어요.,"Weil das Beförderungskriterium nicht offen liegt, habe ich Fragen vorbereitet.",Beurteilung,b2_performance_review_1,7,false,promotion criterion,Expression,"The promotion criterion is not public, so I prepared questions.",vocab_b2_0437
면담 기록,myeondam girok,Gesprächsprotokoll,B2,Ausdruck,면담 기록을 이틀 안에 공유해 달라고 했어요.,"Ich habe gebeten, das Gesprächsprotokoll innerhalb von zwei Tagen zu teilen.",Beurteilung,b2_performance_review_1,8,false,review minutes,Expression,I asked them to share the review minutes within two days.,vocab_b2_0438
강점 서술,gangjeom seosul,Stärkenformulierung,B2,Ausdruck,강점 서술은 팀 결과에 연결해서 말해요.,Die Stärkenformulierung knüpfe ich an das Teamergebnis.,Beurteilung,b2_performance_review_1,9,false,strength statement,Expression,I tie the strength statement to the team result.,vocab_b2_0439
보완 계획,bowan gyehoek,Nachholplan,B2,Ausdruck,보완 계획에는 지원이 필요한 조건을 적어요.,"Im Nachholplan steht, welche Unterstützung nötig ist.",Beurteilung,b2_performance_review_1,10,true,remediation plan,Expression,The remediation plan states what support is needed.,vocab_b2_0440
평가 주기,pyeongga jugi,Beurteilungszyklus,B2,Ausdruck,평가 주기가 반기라서 중간 점검을 넣었어요.,"Der Beurteilungszyklus ist halbjährlich, deshalb habe ich eine Zwischenprüfung eingefügt.",Beurteilung,b2_performance_review_1,11,true,review cycle,Expression,"The review cycle is half-yearly, so I added a midpoint check.",vocab_b2_0441
합의된 다음 단계,hapuidoen daeum dangye,vereinbarter Folgeschritt,B2,Ausdruck,합의된 다음 단계를 달력에 바로 넣어요.,Den vereinbarten Folgeschritt trage ich sofort in den Kalender ein.,Beurteilung,b2_performance_review_1,12,true,agreed next step,Expression,I put the agreed next step on the calendar immediately.,vocab_b2_0442
내용증명,naeyongjeungmyeong,Einschreiben mit Inhalt,B2,Nomen,수리 거절을 내용증명으로 남겼어요.,Die Ablehnung der Reparatur habe ich per Einschreiben mit Inhalt festgehalten.,Wohnstreit,b2_housing_dispute_1,1,false,content-certified mail,Noun,I recorded the repair refusal with content-certified mail.,vocab_b2_0443
원상복구,wonsangbokgu,Rückbau,B2,Nomen,원상복구 범위를 계약서 조항과 맞춰 봐요.,Den Rückbau gleiche ich mit der Vertragsklausel ab.,Wohnstreit,b2_housing_dispute_1,2,false,restoration,Noun,I match the restoration scope to the contract clause.,vocab_b2_0444
하자 보수,haja bosu,Mängelbeseitigung,B2,Ausdruck,하자 보수 기한을 이 주로 요청했어요.,Für die Mängelbeseitigung habe ich zwei Wochen erbeten.,Wohnstreit,b2_housing_dispute_1,3,false,defect repair,Expression,I asked for two weeks for the defect repair.,vocab_b2_0445
관리단,gwanridan,Eigentümergemeinschaft,B2,Nomen,관리단에 공용부 누수를 공식 안건으로 올렸어요.,Bei der Eigentümergemeinschaft habe ich das Gemeinschaftsleck als Tagesordnung gesetzt.,Wohnstreit,b2_housing_dispute_1,4,false,owners' group,Noun,I put the shared leak on the owners' group agenda.,vocab_b2_0446
조정 신청,jojeong sincheong,Schlichtungsantrag,B2,Ausdruck,직접 합의가 안 되어 조정 신청을 넣었어요.,"Weil keine direkte Einigung kam, habe ich einen Schlichtungsantrag gestellt.",Wohnstreit,b2_housing_dispute_1,5,false,mediation request,Expression,"Direct agreement failed, so I filed a mediation request.",vocab_b2_0447
증거 사진,jeunggeo sajin,Beweisfoto,B2,Ausdruck,증거 사진에 날짜가 보이게 찍었어요.,Auf dem Beweisfoto ist das Datum sichtbar.,Wohnstreit,b2_housing_dispute_1,6,false,evidence photo,Expression,I took the evidence photo so the date is visible.,vocab_b2_0448
사용 제한,sayong jehan,Nutzungsbeschränkung,B2,Ausdruck,공사 기간 사용 제한을 미리 공지해 달라고 했어요.,"Ich habe gebeten, die Nutzungsbeschränkung während der Bauzeit vorher bekanntzugeben.",Wohnstreit,b2_housing_dispute_1,7,false,use restriction,Expression,I asked them to announce the use restriction during construction in advance.,vocab_b2_0449
비용 분담,biyong bundam,Kostenteilung,B2,Ausdruck,공용부 비용 분담 비율을 규약에서 찾았어요.,Den Anteil der Kostenteilung habe ich in der Ordnung gefunden.,Wohnstreit,b2_housing_dispute_1,8,false,cost share,Expression,I found the shared cost-share ratio in the bylaws.,vocab_b2_0450
퇴거 통보,toegeo tongbo,Räumungsankündigung,B2,Ausdruck,퇴거 통보 기한이 법 기준보다 짧아서 이의를 넣었어요.,"Die Frist der Räumungsankündigung war kürzer als gesetzlich, deshalb habe ich widersprochen.",Wohnstreit,b2_housing_dispute_1,9,false,vacate notice,Expression,"The vacate notice period was shorter than the legal standard, so I objected.",vocab_b2_0451
전입 날짜,jeonip naljja,Melddatum,B2,Ausdruck,전입 날짜와 열쇠 수령일을 따로 적어요.,Melddatum und Schlüsselübergabe schreibe ich getrennt auf.,Wohnstreit,b2_housing_dispute_1,10,true,move-in date,Expression,I write the move-in date and key handover separately.,vocab_b2_0452
분쟁 조항,bunjaeng johang,Streitklausel,B2,Ausdruck,분쟁 조항에 관할 기관이 명시되어 있어요.,In der Streitklausel steht die zuständige Stelle.,Wohnstreit,b2_housing_dispute_1,11,true,dispute clause,Expression,The dispute clause names the competent body.,vocab_b2_0453
합의서 초안,hapuiseo choan,Vergleichsentwurf,B2,Ausdruck,합의서 초안을 받기 전에는 공사에 동의하지 않아요.,Ohne Vergleichsentwurf stimme ich den Arbeiten nicht zu.,Wohnstreit,b2_housing_dispute_1,12,true,settlement draft,Expression,I do not agree to the work before receiving a settlement draft.,vocab_b2_0454
원문 대조,wonmun daejo,Quellenabgleich,B2,Ausdruck,제목만 보지 말고 원문 대조를 먼저 해요.,"Schauen Sie nicht nur die Überschrift an, machen Sie zuerst einen Quellenabgleich.",Medienkompetenz,b2_media_literacy_1,1,false,source check,Expression,Do not look only at the headline; do a source check first.,vocab_b2_0455
선택 편집,seontaek pyeonjip,Auswahlmontage,B2,Ausdruck,짧은 영상은 선택 편집일 수 있어서 앞뒤를 찾아요.,"Ein kurzes Video kann eine Auswahlmontage sein, deshalb suche ich Vorher und Nachher.",Medienkompetenz,b2_media_literacy_1,2,false,selective edit,Expression,"A short clip may be a selective edit, so I look for what came before and after.",vocab_b2_0456
후원 표시,huwon pyosi,Kennzeichnung,B2,Ausdruck,후원 표시가 없으면 광고인지 의심해요.,"Ohne Kennzeichnung prüfe ich, ob es Werbung ist.",Medienkompetenz,b2_media_literacy_1,3,false,sponsorship label,Expression,Without a sponsorship label I question whether it is an ad.,vocab_b2_0457
통계 단위,tonggye danwi,Maßeinheit,B2,Ausdruck,통계 단위가 바뀌면 비교가 어려워요.,"Wechselt die Maßeinheit, wird der Vergleich schwer.",Medienkompetenz,b2_media_literacy_1,4,false,statistic unit,Expression,"If the statistic unit changes, comparison gets hard.",vocab_b2_0458
인용 맥락,inyong maekrak,Zitatrahmen,B2,Ausdruck,한 문장만 떼면 인용 맥락이 사라져요.,"Reißt man einen Satz heraus, fehlt der Zitatrahmen.",Medienkompetenz,b2_media_literacy_1,5,false,quote context,Expression,"If you lift one sentence, the quote context disappears.",vocab_b2_0459
정정 보도,jeongjeong bodo,Richtigstellung,B2,Ausdruck,정정 보도가 내려도 첫 제목이 더 멀리 퍼져요.,Auch nach einer Richtigstellung verbreitet sich die erste Überschrift weiter.,Medienkompetenz,b2_media_literacy_1,6,false,correction notice,Expression,"Even after a correction notice, the first headline travels farther.",vocab_b2_0460
익명 제보,ikmyeong jebo,anonyme Meldung,B2,Ausdruck,익명 제보는 다른 출처와 겹치는지 봐요.,Bei einer anonymen Meldung prüfe ich Überschneidungen mit anderen Quellen.,Medienkompetenz,b2_media_literacy_1,7,false,anonymous tip,Expression,With an anonymous tip I check overlap with other sources.,vocab_b2_0461
알고리즘 추천,algorijeum chucheon,Empfehlungslogik,B2,Ausdruck,알고리즘 추천만 보면 같은 의견만 보여요.,"Folgt man nur der Empfehlungslogik, sieht man dieselben Meinungen.",Medienkompetenz,b2_media_literacy_1,8,false,feed ranking,Expression,"If you follow only feed ranking, you see the same views.",vocab_b2_0462
사실 확인,sasil hwakin,Faktenprüfung,B2,Ausdruck,공유 전에 사실 확인 한 줄을 남겨 둬요.,Vor dem Teilen lasse ich eine Zeile Faktenprüfung stehen.,Medienkompetenz,b2_media_literacy_1,9,false,fact check,Expression,Before sharing I leave one line of fact check.,vocab_b2_0463
과장 표현,gwajang pyohyeon,Übertreibung,B2,Ausdruck,과장 표현을 빼고 숫자를 다시 말해요.,Ich lasse die Übertreibung weg und nenne die Zahl erneut.,Medienkompetenz,b2_media_literacy_1,10,true,loaded wording,Expression,I drop the loaded wording and restate the number.,vocab_b2_0464
출처 계층,chulcheo gyecheung,Quellenlage,B2,Ausdruck,출처 계층이 2차면 1차를 찾아요.,"Ist die Quellenlage sekundär, suche ich das Original.",Medienkompetenz,b2_media_literacy_1,11,true,source layer,Expression,"If the source layer is secondary, I look for the primary.",vocab_b2_0465
공유 보류,gongyu boryu,Teilestopp,B2,Ausdruck,화가 날수록 공유 보류를 십 분 해요.,"Je ärgerlicher ich bin, desto länger lasse ich den Teilestopp von zehn Minuten.",Medienkompetenz,b2_media_literacy_1,12,true,hold before sharing,Expression,"The angrier I am, the more I use a ten-minute hold before sharing.",vocab_b2_0466
주민 의견,jumin uigyeon,Einwohnerstimme,B2,Ausdruck,주민 의견을 삼 분 안에 한 가지로 말해요.,Die Einwohnerstimme fasse ich in drei Minuten auf einen Punkt.,Bürgerversammlung,b2_civic_meeting_1,1,false,resident input,Expression,I state resident input as one point in three minutes.,vocab_b2_0467
안건 순서,angeon sunseo,Tagesordnung,B2,Ausdruck,안건 순서가 바뀌면 발언 준비를 다시 해요.,"Ändert sich die Tagesordnung, bereite ich die Wortmeldung neu vor.",Bürgerversammlung,b2_civic_meeting_1,2,false,agenda order,Expression,"If the agenda order changes, I prepare the remark again.",vocab_b2_0468
발언권,baleongwon,Rederecht,B2,Nomen,발언권을 받은 뒤에만 자료를 나눠 줘요.,Erst nach dem Rederecht verteile ich Unterlagen.,Bürgerversammlung,b2_civic_meeting_1,3,false,the floor,Noun,I hand out papers only after I have the floor.,vocab_b2_0469
회의 기록문,hoeui girokmun,Sitzungsprotokoll,B2,Nomen,회의 기록문 초안을 이틀 안에 검토해요.,Den Entwurf des Sitzungsprotokolls prüfe ich innerhalb von zwei Tagen.,Bürgerversammlung,b2_civic_meeting_1,4,false,minutes,Noun,I review the minutes draft within two days.,vocab_b2_0470
이해관계,ihaegwangye,Interessenlage,B2,Nomen,이해관계를 먼저 밝히고 제안을 말해요.,Ich nenne zuerst die Interessenlage und dann den Vorschlag.,Bürgerversammlung,b2_civic_meeting_1,5,false,stake,Noun,"I disclose the stake first, then the proposal.",vocab_b2_0471
반대 이유,bandae iyu,Gegengrund,B2,Ausdruck,반대 이유는 감정 대신 비용으로 말해요.,Den Gegengrund nenne ich mit Kosten statt mit Gefühl.,Bürgerversammlung,b2_civic_meeting_1,6,false,reason against,Expression,"I state the reason against with cost, not emotion.",vocab_b2_0472
수정안,sujeongan,Änderungsantrag,B2,Nomen,수정안을 문구 단위로 읽어 달라고 했어요.,"Ich habe gebeten, den Änderungsantrag satzweise vorzulesen.",Bürgerversammlung,b2_civic_meeting_1,7,false,amendment,Noun,I asked them to read the amendment sentence by sentence.,vocab_b2_0473
표결 방식,pyogyeol bangsik,Abstimmungsform,B2,Ausdruck,표결 방식이 거수인지 비밀인지 확인해요.,"Ich prüfe, ob die Abstimmungsform per Hand oder geheim ist.",Bürgerversammlung,b2_civic_meeting_1,8,false,voting method,Expression,I check whether the voting method is a show of hands or secret.,vocab_b2_0474
방청,bangcheong,Zuhören,B2,Nomen,방청만 하는 자리에서는 발언하지 않아요.,Auf dem Platz nur zum Zuhören spreche ich nicht.,Bürgerversammlung,b2_civic_meeting_1,9,false,public gallery,Noun,In the public gallery seat I do not speak.,vocab_b2_0475
회의 정족,hoeui jeongjok,Beschlussfähigkeit,B2,Ausdruck,회의 정족이 안 차서 결정을 미뤘어요.,Ohne Beschlussfähigkeit haben wir die Entscheidung verschoben.,Bürgerversammlung,b2_civic_meeting_1,10,true,quorum,Expression,"There was no quorum, so we postponed the decision.",vocab_b2_0476
공개 질의,gonggae jilui,öffentliche Nachfrage,B2,Ausdruck,공개 질의는 개인 비난 없이 사실만 물어요.,"In der öffentlichen Nachfrage frage ich nur nach Fakten, ohne persönliche Kritik.",Bürgerversammlung,b2_civic_meeting_1,11,true,public question,Expression,"In a public question I ask only for facts, without personal blame.",vocab_b2_0477
후속 공지,husok gongji,Folgebekanntgabe,B2,Ausdruck,후속 공지에 일정과 담당 부서를 같이 적어요.,In der Folgebekanntgabe stehen Termin und zuständige Stelle.,Bürgerversammlung,b2_civic_meeting_1,12,true,follow-up notice,Expression,The follow-up notice includes the date and the responsible office.,vocab_b2_0478
양보 범위,yangbo beomwi,Spielraum,B2,Ausdruck,양보 범위를 미리 적어 두고 회의에 들어가요.,Den Spielraum schreibe ich vor der Besprechung auf.,Teamverhandlung,b2_team_negotiation_1,1,false,concession range,Expression,I write the concession range before I enter the meeting.,vocab_b2_0479
핵심 조건,haeksim jogeon,Kernbedingung,B2,Ausdruck,핵심 조건은 일정이고 나머지는 조정 가능해요.,"Die Kernbedingung ist der Termin, der Rest ist verhandelbar.",Teamverhandlung,b2_team_negotiation_1,2,false,must-have,Expression,The must-have is the schedule; the rest can move.,vocab_b2_0480
대안 제시,daean jesi,Gegenvorschlag,B2,Ausdruck,거절만 하지 말고 대안 제시를 한 줄 붙어요.,"Statt nur abzulehnen, hänge ich einen Gegenvorschlag an.",Teamverhandlung,b2_team_negotiation_1,3,false,counter-offer,Expression,"Instead of only refusing, I add one line of counter-offer.",vocab_b2_0481
침묵 구간,chimmuk gugan,Denkpause,B2,Ausdruck,숫자가 나온 뒤 침묵 구간을 십 초 둬요.,Nach der Zahl lasse ich zehn Sekunden Denkpause.,Teamverhandlung,b2_team_negotiation_1,4,false,silent pause,Expression,After a number I leave a ten-second silent pause.,vocab_b2_0482
공동 초안,gongdong choan,Gemeinentwurf,B2,Ausdruck,공동 초안을 화면에 띄우고 문장마다 확인해요.,Den Gemeinentwurf zeigen wir und prüfen Satz für Satz.,Teamverhandlung,b2_team_negotiation_1,5,false,joint draft,Expression,We put the joint draft on screen and check sentence by sentence.,vocab_b2_0483
결정 권한,gyeoljeong gwonhan,Entscheidungskompetenz,B2,Ausdruck,결정 권한이 없는 안건은 보류한다고 말해요.,"Ohne Entscheidungskompetenz sage ich, dass der Punkt ruht.",Teamverhandlung,b2_team_negotiation_1,6,false,decision right,Expression,"If there is no decision right, I say the item is on hold.",vocab_b2_0484
시간 상자,sigan sangja,Zeitfenster,B2,Ausdruck,논쟁은 시간 상자 십오 분을 넘기지 않아요.,Die Debatte bleibt im Zeitfenster von fünfzehn Minuten.,Teamverhandlung,b2_team_negotiation_1,7,false,time box,Expression,The debate does not leave a fifteen-minute time box.,vocab_b2_0485
이해 확인,ihae hwakin,Verständnischeck,B2,Ausdruck,이해 확인으로 상대 말을 한 문장으로 되풀이해요.,Im Verständnischeck wiederhole ich die andere Seite in einem Satz.,Teamverhandlung,b2_team_negotiation_1,8,false,check for understanding,Expression,In the check for understanding I restate the other side in one sentence.,vocab_b2_0486
기록 담당,girok damdang,Protokollführung,B2,Ausdruck,기록 담당을 정해야 합의가 흐려지지 않아요.,Ohne Protokollführung verwässert die Einigung.,Teamverhandlung,b2_team_negotiation_1,9,false,note owner,Expression,Without a note owner the agreement blurs.,vocab_b2_0487
보류 사유,boryu sayu,Ruhegrund,B2,Ausdruck,보류 사유가 자료 부족이면 날짜를 같이 정해요.,"Ist der Ruhegrund fehlendes Material, setzen wir ein Datum.",Teamverhandlung,b2_team_negotiation_1,10,true,reason to pause,Expression,"If the reason to pause is missing material, we set a date together.",vocab_b2_0488
상호 양보,sangho yangbo,wechselseitiges Nachgeben,B2,Ausdruck,상호 양보가 한쪽에만 있으면 다시 말해요.,"Liegt das wechselseitige Nachgeben nur auf einer Seite, spreche ich es an.",Teamverhandlung,b2_team_negotiation_1,11,true,mutual concession,Expression,"If the mutual concession is only on one side, I say so.",vocab_b2_0489
합의 문장,hapui munjang,Einigungssatz,B2,Ausdruck,합의 문장을 채팅에 붙여 확인하고 끝나요.,Wir kleben den Einigungssatz in den Chat und schließen.,Teamverhandlung,b2_team_negotiation_1,12,true,agreed sentence,Expression,"We paste the agreed sentence in chat, confirm, and end.",vocab_b2_0490
한 장 요약,han jang yoyak,Einseiter,B2,Ausdruck,한 장 요약에는 결정이 필요한 질문만 남기어요.,Auf dem Einseiter bleibt nur die Entscheidungsfrage.,Kurzlage,b2_policy_brief_1,1,false,one-pager,Expression,On the one-pager I leave only the question that needs a decision.,vocab_b2_0491
선택지 비교,seontaekji bigyo,Optionsvergleich,B2,Ausdruck,"선택지 비교는 비용, 시간, 위험을 같은 순서로 적어요.","Im Optionsvergleich stehen Kosten, Zeit und Risiko in derselben Reihenfolge.",Kurzlage,b2_policy_brief_1,2,false,option compare,Expression,"In the option compare I list cost, time, and risk in the same order.",vocab_b2_0492
가정 명시,gajeong myeongsi,Annahmenklarheit,B2,Ausdruck,가정 명시를 빼면 숫자가 사실처럼 보여요.,Ohne Annahmenklarheit wirkt die Zahl wie eine Tatsache.,Kurzlage,b2_policy_brief_1,3,false,stated assumption,Expression,Without a stated assumption the number looks like a fact.,vocab_b2_0493
영향 집단,yeonghyang jipdan,betroffene Gruppe,B2,Ausdruck,영향 집단을 먼저 적고 혜택을 나중에 적어요.,"Zuerst nenne ich die betroffene Gruppe, dann den Nutzen.",Kurzlage,b2_policy_brief_1,4,false,affected group,Expression,"I name the affected group first, then the benefit.",vocab_b2_0494
실행 단계,silhaeng dangye,Umsetzungsschritt,B2,Ausdruck,실행 단계는 이번 달에 할 일만 세 개로 줄여요.,Die Umsetzungsschritte kürze ich auf drei Aufgaben in diesem Monat.,Kurzlage,b2_policy_brief_1,5,false,implementation step,Expression,I cut implementation steps to three tasks this month.,vocab_b2_0495
반대 시나리오,bandae sinario,Gegenszenario,B2,Ausdruck,반대 시나리오를 한 단락만 넣어도 설득이 단단해져요.,Schon ein Absatz Gegenszenario macht die Begründung fester.,Kurzlage,b2_policy_brief_1,6,false,counter-case,Expression,Even one paragraph of counter-case makes the case firmer.,vocab_b2_0496
측정 지표,cheukjeong jipyo,Messgröße,B2,Ausdruck,측정 지표가 모호하면 성공을 나중에 다툴 수 있어요.,"Ist die Messgröße unklar, streiten wir später über Erfolg.",Kurzlage,b2_policy_brief_1,7,false,metric,Expression,"If the metric is vague, we may later argue about success.",vocab_b2_0497
권고 문장,gwongo munjang,Empfehlungssatz,B2,Ausdruck,권고 문장은 동사로 시작하고 조건을 붙어요.,Der Empfehlungssatz beginnt mit einem Verb und nennt die Bedingung.,Kurzlage,b2_policy_brief_1,8,false,recommendation line,Expression,The recommendation line starts with a verb and adds a condition.,vocab_b2_0498
공개 범위,gonggae beomwi,Öffnungsgrad,B2,Ausdruck,공개 범위를 내부와 외부로 나눠 적어요.,Den Öffnungsgrad teile ich in intern und extern.,Kurzlage,b2_policy_brief_1,9,false,disclosure scope,Expression,I split the disclosure scope into internal and external.,vocab_b2_0499
결정 기한,gyeoljeong gihan,Entscheidungsfrist,B2,Ausdruck,결정 기한을 적지 않으면 논의가 늘어져요.,Ohne Entscheidungsfrist zieht sich die Debatte.,Kurzlage,b2_policy_brief_1,10,true,decision deadline,Expression,Without a decision deadline the discussion stretches.,vocab_b2_0500
근거 각주,geungeo gakju,Belegfußnote,B2,Ausdruck,근거 각주는 링크보다 날짜와 기관을 먼저 적어요.,In der Belegfußnote stehen Datum und Stelle vor dem Link.,Kurzlage,b2_policy_brief_1,11,true,source footnote,Expression,In the source footnote I put date and institution before the link.,vocab_b2_0501
남은 불확실성,nameun bulhwaksilseong,Restunsicherheit,B2,Ausdruck,남은 불확실성을 숨기지 않고 마지막에 적어요.,"Die Restunsicherheit verstecke ich nicht, sondern schreibe sie ans Ende.",Kurzlage,b2_policy_brief_1,12,true,remaining uncertainty,Expression,I do not hide remaining uncertainty; I put it at the end.,vocab_b2_0502
상위 담당,sangwi damdang,nächste Ebene,B2,Ausdruck,같은 답이 두 번이면 상위 담당 연결을 요청해요.,"Kommt dieselbe Antwort zweimal, bitte ich um die nächste Ebene.",Eskalation,b2_customer_escalation_1,1,false,next-level owner,Expression,"If the same answer comes twice, I ask for the next-level owner.",vocab_b2_0503
사건 번호,sageon beonho,Fallnummer,B2,Ausdruck,사건 번호를 제목에 넣고 이력을 붙여요.,Die Fallnummer setze ich in den Betreff und hänge den Verlauf an.,Eskalation,b2_customer_escalation_1,2,false,case id,Expression,I put the case id in the subject and attach the history.,vocab_b2_0504
약속 불이행,yaksok bulihaeng,Nichteinhaltung,B2,Ausdruck,약속 불이행 날짜를 표로 정리했어요.,Die Daten der Nichteinhaltung habe ich tabellarisch geordnet.,Eskalation,b2_customer_escalation_1,3,false,broken promise,Expression,I listed the dates of the broken promise in a table.,vocab_b2_0505
보상 한도,bosang hando,Kulanzrahmen,B2,Ausdruck,보상 한도를 먼저 밝히면 기대가 맞춰져요.,"Nennt man den Kulanzrahmen zuerst, passen die Erwartungen.",Eskalation,b2_customer_escalation_1,4,false,goodwill limit,Expression,"If you state the goodwill limit first, expectations align.",vocab_b2_0506
재발 기록,jaebal girok,Wiederholungsnotiz,B2,Ausdruck,재발 기록이 세 번이면 점검을 요구해요.,Bei drei Wiederholungsnotizen verlange ich eine Prüfung.,Eskalation,b2_customer_escalation_1,5,false,repeat log,Expression,"If the repeat log hits three, I demand an inspection.",vocab_b2_0507
감정 분리,gamjeong bunri,Sachton,B2,Ausdruck,감정 분리 후에 사실만 세 문장으로 말해요.,Nach dem Sachton nenne ich die Fakten in drei Sätzen.,Eskalation,b2_customer_escalation_1,6,false,separate the feeling,Expression,"After I separate the feeling, I state facts in three sentences.",vocab_b2_0508
우회 채널,uhoe chaeneol,Nebenweg,B2,Ausdruck,우회 채널로 개인 메시지를 보내지 않아요.,Über den Nebenweg schicke ich keine private Nachricht.,Eskalation,b2_customer_escalation_1,7,false,side channel,Expression,I do not send a private message through a side channel.,vocab_b2_0509
최종 통지,choejong tongji,letzte Mitteilung,B2,Ausdruck,최종 통지에는 기한과 다음 절차를 같이 적어요.,In der letzten Mitteilung stehen Frist und nächster Schritt.,Eskalation,b2_customer_escalation_1,8,false,final notice,Expression,The final notice includes the deadline and the next step.,vocab_b2_0510
책임 소재,chaekim sojae,Zuständigkeit,B2,Ausdruck,책임 소재가 두 부서면 한 사람을 지정해 달라고 해요.,"Liegt die Zuständigkeit bei zwei Stellen, bitte ich um eine Person.",Eskalation,b2_customer_escalation_1,9,false,who owns it,Expression,"If who owns it is two offices, I ask them to name one person.",vocab_b2_0511
현장 확인,hyeonjang hwakin,Vor-Ort-Prüfung,B2,Ausdruck,사진만으로 부족하면 현장 확인을 요청해요.,"Reichen Fotos nicht, bitte ich um eine Vor-Ort-Prüfung.",Eskalation,b2_customer_escalation_1,10,true,on-site check,Expression,"If photos are not enough, I request an on-site check.",vocab_b2_0512
합의 조건,hapui jogeon,Vergleichsklausel,B2,Ausdruck,합의 조건을 구두로만 듣지 않고 글로 받아요.,"Die Vergleichsklausel höre ich nicht nur mündlich, ich lasse sie schreiben.",Eskalation,b2_customer_escalation_1,11,true,settlement term,Expression,I do not take the settlement term only verbally; I get it in writing.,vocab_b2_0513
종결 확인,jonggyeol hwakin,Abschlussbestätigung,B2,Ausdruck,종결 확인이 오기 전에는 사건을 닫지 않아요.,Ohne Abschlussbestätigung schließe ich den Fall nicht.,Eskalation,b2_customer_escalation_1,12,true,closure confirm,Expression,I do not close the case before the closure confirm arrives.,vocab_b2_0514
연구 질문,yeongu jilmun,Leitfrage,B2,Ausdruck,연구 질문을 한 문장으로 고정하고 자료를 모아요.,Ich fixiere die Leitfrage in einem Satz und sammle dann Material.,Kurzreferat,b2_research_summary_1,1,false,research question,Expression,"I lock the research question in one sentence, then gather sources.",vocab_b2_0515
표본 크기,pyobon keugi,Stichprobenumfang,B2,Ausdruck,표본 크기가 작으면 일반화를 낮춰 말해요.,"Ist der Stichprobenumfang klein, formuliere ich die Verallgemeinerung schwächer.",Kurzreferat,b2_research_summary_1,2,false,sample size,Expression,"If the sample size is small, I weaken the generalization.",vocab_b2_0516
한계 문장,hangye munjang,Grenzsatz,B2,Ausdruck,한계 문장을 결과보다 먼저 읽게 배치해요.,Den Grenzsatz setze ich vor das Ergebnis.,Kurzreferat,b2_research_summary_1,3,false,limitation line,Expression,I place the limitation line before the result.,vocab_b2_0517
교차 확인,gyocha hwakin,Gegenprobe,B2,Ausdruck,숫자 하나는 교차 확인 없이 발표하지 않아요.,Eine Zahl trage ich nicht ohne Gegenprobe vor.,Kurzreferat,b2_research_summary_1,4,false,cross-check,Expression,I do not present one number without a cross-check.,vocab_b2_0518
용어 정의,yongeo jeongui,Arbeitsdefinition,B2,Ausdruck,용어 정의를 슬라이드 아래에 작게 적어요.,Die Arbeitsdefinition steht klein unter der Folie.,Kurzreferat,b2_research_summary_1,5,false,working definition,Expression,I put the working definition in small type under the slide.,vocab_b2_0519
인용 형식,inyong hyeongsik,Belegform,B2,Ausdruck,인용 형식을 팀 안에서 하나로 맞춰요.,Die Belegform vereinheitlichen wir im Team.,Kurzreferat,b2_research_summary_1,6,false,citation form,Expression,We unify the citation form inside the team.,vocab_b2_0520
결과 강도,gyeolgwa gangdo,Aussagestärke,B2,Ausdruck,결과 강도를 '보인다'와 '확인된다'로 나눠요.,Die Aussagestärke teile ich in 'scheint' und 'ist belegt'.,Kurzreferat,b2_research_summary_1,7,false,claim strength,Expression,I split claim strength into 'appears' and 'is confirmed'.,vocab_b2_0521
도표 읽기,dopyo ilggi,Diagrammlektüre,B2,Ausdruck,도표 읽기는 축부터 소리 내어 확인해요.,Bei der Diagrammlektüre prüfe ich zuerst die Achsen laut.,Kurzreferat,b2_research_summary_1,8,false,chart reading,Expression,In chart reading I check the axes out loud first.,vocab_b2_0522
반례 찾기,banrye chatgi,Gegenbeispielsuche,B2,Ausdruck,반례 찾기를 다섯 분만 해도 주장이 조심스러워져요.,Schon fünf Minuten Gegenbeispielsuche machen die These vorsichtiger.,Kurzreferat,b2_research_summary_1,9,false,looking for counterexamples,Expression,Even five minutes of looking for counterexamples makes the claim more careful.,vocab_b2_0523
요약 문단,yoyak mundan,Kurzabsatz,B2,Ausdruck,요약 문단은 새 정보를 넣지 않아요.,Der Kurzabsatz enthält keine neue Information.,Kurzreferat,b2_research_summary_1,10,true,summary paragraph,Expression,The summary paragraph does not add new information.,vocab_b2_0524
후속 조사,husok josa,Anschlussrecherche,B2,Ausdruck,후속 조사 질문을 발표 끝에 하나만 남겨요.,Am Ende lasse ich nur eine Frage für die Anschlussrecherche.,Kurzreferat,b2_research_summary_1,11,true,follow-up study,Expression,At the end I leave only one follow-up study question.,vocab_b2_0525
출처 목록,chulcheo mokrok,Quellenliste,B2,Ausdruck,출처 목록을 날짜순으로 정리해 공유해요.,Die Quellenliste teile ich nach Datum geordnet.,Kurzreferat,b2_research_summary_1,12,true,source list,Expression,I share the source list sorted by date.,vocab_b2_0526
불확실성 구간,bulhwaksilseong gugan,Unsicherheitsspanne,C1,Ausdruck,불확실성 구간을 숨기면 결론이 과해 보여요.,"Versteckt man die Unsicherheitsspanne, wirkt die Schlussfolgerung zu stark.",Evidenzvorbehalt,c1_evidence_caveat_1,1,false,uncertainty range,Expression,"If you hide the uncertainty range, the conclusion looks too strong.",vocab_c1_0049
표본 편향,pyobon pyeonhyang,Stichprobenverzerrung,C1,Ausdruck,표본 편향을 인정해야 비교가 정직해져요.,Erst mit der Stichprobenverzerrung wird der Vergleich ehrlich.,Evidenzvorbehalt,c1_evidence_caveat_1,2,false,sample bias,Expression,Only after naming sample bias is the comparison honest.,vocab_c1_0050
과잉 일반화,gwaing ilbanhwa,Überverallgemeinerung,C1,Ausdruck,과잉 일반화를 피하려고 적용 범위를 좁혀요.,"Um Überverallgemeinerung zu vermeiden, verenge ich den Geltungsbereich.",Evidenzvorbehalt,c1_evidence_caveat_1,3,false,overgeneralization,Expression,To avoid overgeneralization I narrow the scope of application.,vocab_c1_0051
신뢰 구간,sinroe gugan,Konfidenzintervall,C1,Ausdruck,신뢰 구간이 넓으면 순위 주장을 내려요.,"Ist das Konfidenzintervall breit, senke ich die Rangbehauptung.",Evidenzvorbehalt,c1_evidence_caveat_1,4,false,confidence interval,Expression,"If the confidence interval is wide, I lower the ranking claim.",vocab_c1_0052
공개 한계문,gonggae hangyemun,Grenzhinweis,C1,Ausdruck,공개 한계문을 첫 문단에 두면 오해가 줄어요.,"Steht der Grenzhinweis im ersten Absatz, sinken Missverständnisse.",Evidenzvorbehalt,c1_evidence_caveat_1,5,false,public limitation note,Expression,A public limitation note in the first paragraph reduces misunderstanding.,vocab_c1_0053
설명 강도,seolmyeong gangdo,Erklärstärke,C1,Ausdruck,설명 강도를 자료가 감당하는 만큼만 올려요.,"Die Erklärstärke hebe ich nur so weit, wie die Daten tragen.",Evidenzvorbehalt,c1_evidence_caveat_1,6,false,explanatory strength,Expression,I raise explanatory strength only as far as the data can carry.,vocab_c1_0054
관측 공백,gwancheuk gongbaek,Beobachtungslücke,C1,Ausdruck,관측 공백이 있는 달은 추세를 단정하지 않아요.,In Monaten mit Beobachtungslücke behaupte ich keinen Trend.,Evidenzvorbehalt,c1_evidence_caveat_1,7,false,observation gap,Expression,In months with an observation gap I do not assert a trend.,vocab_c1_0055
측정 오차,cheukjeong ocha,Messabweichung,C1,Ausdruck,측정 오차를 말하면 작은 차이를 과장하지 않게 돼요.,"Nennt man die Messabweichung, übertreibt man kleine Differenzen weniger.",Evidenzvorbehalt,c1_evidence_caveat_1,8,false,measurement error,Expression,Naming measurement error keeps small differences from being overstated.,vocab_c1_0056
인과 단정,ingwa danjeong,Kausalbehauptung,C1,Ausdruck,상관만 있으면 인과 단정을 하지 않아요.,Bei bloßer Korrelation mache ich keine Kausalbehauptung.,Evidenzvorbehalt,c1_evidence_caveat_1,9,false,causal leap,Expression,"If there is only correlation, I do not make a causal leap.",vocab_c1_0057
재현 여부,jaehyeon yeobu,Replizierbarkeit,C1,Ausdruck,재현 여부를 확인하기 전에는 정책을 바꾸지 말자고 해요.,Vor der Prüfung der Replizierbarkeit soll die Politik nicht geändert werden.,Evidenzvorbehalt,c1_evidence_caveat_1,10,true,replicability,Expression,I argue we should not change policy before checking replicability.,vocab_c1_0058
선택 보고,seontaek bogo,selektives Berichten,C1,Ausdruck,선택 보고를 줄이려고 실패한 지표도 표에 남겨요.,Gegen selektives Berichten lasse ich auch gescheiterte Kennzahlen in der Tabelle.,Evidenzvorbehalt,c1_evidence_caveat_1,11,true,selective reporting,Expression,To reduce selective reporting I keep failed metrics in the table.,vocab_c1_0059
잠정 결론,jamjeong gyeolron,vorläufiges Fazit,C1,Ausdruck,잠정 결론이라고 쓰면 청자가 여지를 남겨 둬요.,"Nennt man es ein vorläufiges Fazit, bleibt für die Hörenden Spielraum.",Evidenzvorbehalt,c1_evidence_caveat_1,12,true,provisional conclusion,Expression,Calling it a provisional conclusion leaves listeners room.,vocab_c1_0060
브리핑 문안,beuriping munan,Lageformulierung,C1,Ausdruck,브리핑 문안은 숫자보다 행동을 앞에 두지 않아요.,In der Lageformulierung steht die Zahl vor der Handlung.,Öffentliche Lage,c1_public_briefing_1,1,false,briefing wording,Expression,In briefing wording I do not put action ahead of the number.,vocab_c1_0061
위험 등급,wiheom deunggeup,Risikostufe,C1,Ausdruck,위험 등급을 바꿀 때는 기준표를 같이 보여요.,Beim Wechsel der Risikostufe zeige ich die Tabelle mit.,Öffentliche Lage,c1_public_briefing_1,2,false,risk grade,Expression,When I change the risk grade I show the criteria table too.,vocab_c1_0062
비전문가 설명,bijeonmunga seolmyeong,Laienerklärung,C1,Ausdruck,비전문가 설명에서는 은유를 한 개만 써요.,In der Laienerklärung nutze ich nur eine Metapher.,Öffentliche Lage,c1_public_briefing_1,3,false,plain-language explainer,Expression,In a plain-language explainer I use only one metaphor.,vocab_c1_0063
질의 시간,jilui sigan,Nachfragfenster,C1,Ausdruck,질의 시간을 내부에서 줄이지 않고 공개해요.,"Das Nachfragfenster kürze ich nicht intern, sondern mache es öffentlich.",Öffentliche Lage,c1_public_briefing_1,4,false,question window,Expression,I do not cut the question window internally; I keep it public.,vocab_c1_0064
오해 예방,ohae yebang,Missverständnisvorsorge,C1,Ausdruck,오해 예방을 위해 '전원' 대신 분모를 말해요.,Zur Missverständnisvorsorge nenne ich den Nenner statt 'alle'.,Öffentliche Lage,c1_public_briefing_1,5,false,misread prevention,Expression,For misread prevention I say the denominator instead of 'everyone'.,vocab_c1_0065
속보 절제,sokbo jeolje,Eilzurückhaltung,C1,Ausdruck,속보 절제가 필요할 때는 확인 시각을 밝히고 기다려요.,Bei Eilzurückhaltung nenne ich die Prüfzeit und warte.,Öffentliche Lage,c1_public_briefing_1,6,false,holding a flash update,Expression,When holding a flash update I state the check time and wait.,vocab_c1_0066
공동 발표,gongdong balpyo,Gemeinerklärung,C1,Ausdruck,공동 발표는 기관마다 다른 수치를 먼저 맞추어요.,Vor der Gemeinerklärung gleichen wir abweichende Zahlen ab.,Öffentliche Lage,c1_public_briefing_1,7,false,joint statement,Expression,Before a joint statement we align numbers that differ by office.,vocab_c1_0067
시각 자료,sigak jaryo,Schaubild,C1,Ausdruck,시각 자료의 축을 읽지 않으면 설명을 시작하지 않아요.,Ohne gelesene Achsen beginne ich das Schaubild nicht.,Öffentliche Lage,c1_public_briefing_1,8,false,visual aid,Expression,I do not start the visual aid until the axes have been read.,vocab_c1_0068
정정 창구,jeongjeong changgu,Korrekturkanal,C1,Ausdruck,정정 창구를 브리핑 끝에 크게 안내해요.,Den Korrekturkanal nenne ich am Ende der Lage deutlich.,Öffentliche Lage,c1_public_briefing_1,9,false,correction channel,Expression,I announce the correction channel clearly at the end of the briefing.,vocab_c1_0069
행동 권고,haengdong gwongo,Handlungsempfehlung,C1,Ausdruck,행동 권고는 대상과 기한을 빠뜨리지 않아요.,Die Handlungsempfehlung nennt Zielgruppe und Frist.,Öffentliche Lage,c1_public_briefing_1,10,true,action advice,Expression,Action advice always names the audience and the deadline.,vocab_c1_0070
자료 공개일,jaryo gonggaeil,Veröffentlichungstag,C1,Ausdruck,자료 공개일을 앞당기면 검수 시간이 줄어든다고 말해요.,"Ein früherer Veröffentlichungstag verkürzt die Prüfung, das sage ich offen.",Öffentliche Lage,c1_public_briefing_1,11,true,release day,Expression,I say openly that moving the release day up shortens review time.,vocab_c1_0071
발언 기록,baleon girok,Wortprotokoll,C1,Ausdruck,발언 기록을 남기면 나중에 과장 여부를 확인할 수 있어요.,"Mit Wortprotokoll lässt sich später prüfen, ob übertrieben wurde.",Öffentliche Lage,c1_public_briefing_1,12,true,spoken record,Expression,A spoken record lets us later check whether something was overstated.,vocab_c1_0072
문항 유도,munhang yudo,Suggestivfrage,C1,Ausdruck,문항 유도를 줄이려고 선택지를 대칭으로 만들어요.,Gegen Suggestivfragen mache ich die Optionen symmetrisch.,Erhebungsdesign,c1_survey_design_1,1,false,leading item,Expression,To reduce a leading item I make the options symmetrical.,vocab_c1_0073
무응답 처리,mueungdap cheori,Item-Nonresponse,C1,Ausdruck,무응답 처리를 밝히지 않으면 비율이 부풀어 보여요.,Ohne Item-Nonresponse wirkt der Anteil aufgebläht.,Erhebungsdesign,c1_survey_design_1,2,false,missing-answer handling,Expression,Without missing-answer handling the share looks inflated.,vocab_c1_0074
가중치 부여,gajungchi buyeo,Gewichtung,C1,Nomen,가중치 부여 전후의 결과를 둘 다 보여요.,Ich zeige Ergebnisse vor und nach der Gewichtung.,Erhebungsdesign,c1_survey_design_1,3,false,weighting,Noun,I show results both before and after weighting.,vocab_c1_0075
표집틀,pyojipteul,Auswahlrahmen,C1,Nomen,표집틀에서 빠진 집단을 각주로 적어요.,Gruppen außerhalb des Auswahlrahmens nenne ich in der Fußnote.,Erhebungsdesign,c1_survey_design_1,4,false,sampling frame,Noun,I footnote groups missing from the sampling frame.,vocab_c1_0076
사전 조사,sajeon josa,Pretest,C1,Nomen,사전 조사에서 용어가 다르게 읽힌 문항을 고쳤어요.,"Im Pretest habe ich Items geändert, die anders gelesen wurden.",Erhebungsdesign,c1_survey_design_1,5,false,pretest,Noun,In the pretest I fixed items that were read differently.,vocab_c1_0077
응답 부담,eungdap budam,Antwortlast,C1,Ausdruck,응답 부담이 길면 뒷부분 품질이 떨어져요.,Bei hoher Antwortlast sinkt die Qualität am Ende.,Erhebungsdesign,c1_survey_design_1,6,false,respondent burden,Expression,"If respondent burden is long, later quality drops.",vocab_c1_0078
척도 간격,cheokdo gangyeok,Skalenabstand,C1,Ausdruck,척도 간격이 고르지 않으면 평균을 쓰지 않아요.,Bei ungleichmäßigem Skalenabstand nutze ich keinen Mittelwert.,Erhebungsdesign,c1_survey_design_1,7,false,scale spacing,Expression,"If scale spacing is uneven, I do not use a mean.",vocab_c1_0079
개방형 코딩,gaebanghyeong koding,Offencodierung,C1,Ausdruck,개방형 코딩 규칙을 두 사람이 독립적으로 적용해요.,Die Offencodierung wenden zwei Personen unabhängig an.,Erhebungsdesign,c1_survey_design_1,8,false,open-code scheme,Expression,Two people apply the open-code scheme independently.,vocab_c1_0080
수집 시점,sujip sijeom,Erhebungszeit,C1,Ausdruck,수집 시점이 선거 직후면 해석을 낮춰요.,"Liegt die Erhebungszeit direkt nach der Wahl, dämpfe ich die Deutung.",Erhebungsdesign,c1_survey_design_1,9,false,collection window,Expression,"If the collection window is right after an election, I soften the reading.",vocab_c1_0081
비교 가능성,bigyo ganeungseong,Vergleichbarkeit,C1,Nomen,문항이 바뀌면 비교 가능성을 포기한다고 적어요.,"Ändert sich das Item, schreibe ich, dass die Vergleichbarkeit entfällt.",Erhebungsdesign,c1_survey_design_1,10,true,comparability,Noun,"If the item changes, I write that comparability is dropped.",vocab_c1_0082
익명화 수준,ikmyeonghwa sujun,Anonymisierungsgrad,C1,Ausdruck,익명화 수준을 높이면 지역 분석이 어려워져요.,Ein höherer Anonymisierungsgrad erschwert die lokale Analyse.,Erhebungsdesign,c1_survey_design_1,11,true,anonymization level,Expression,Raising the anonymization level makes local analysis harder.,vocab_c1_0083
설계 메모,seolgye memo,Designnotiz,C1,Ausdruck,설계 메모를 공개해야 나중에 재해석이 가능해요.,Ohne öffentliche Designnotiz ist eine spätere Neuinterpretation schwer.,Erhebungsdesign,c1_survey_design_1,12,true,design memo,Expression,A public design memo is needed for later reinterpretation.,vocab_c1_0084
상대 위험,sangdae wiheom,relatives Risiko,C1,Ausdruck,상대 위험만 말하면 절대 건수가 가려져요.,"Nennt man nur das relative Risiko, verschwindet die absolute Zahl.",Risikosprache,c1_risk_wording_1,1,false,relative risk,Expression,"If you state only relative risk, the absolute count is hidden.",vocab_c1_0085
절대 건수,jeoldae geonsu,Absolutenzahl,C1,Ausdruck,절대 건수를 옆에 두면 공포가 줄어들어요.,"Steht die Absolutenzahl daneben, sinkt die Angst.",Risikosprache,c1_risk_wording_1,2,false,absolute count,Expression,Putting the absolute count beside it reduces fear.,vocab_c1_0086
잔여 위험,janyeo wiheom,Restrisiko,C1,Ausdruck,잔여 위험을 0으로 약속하지 않아요.,Ich verspreche kein Restrisiko von null.,Risikosprache,c1_risk_wording_1,3,false,residual risk,Expression,I do not promise residual risk of zero.,vocab_c1_0087
조기 경보,jogi gyeongbo,Frühwarnung,C1,Nomen,조기 경보는 오탐 비율을 같이 말해야 해요.,Eine Frühwarnung muss die Falschalarmquote nennen.,Risikosprache,c1_risk_wording_1,4,false,early warning,Noun,An early warning must also state the false-alarm rate.,vocab_c1_0088
오탐 비율,otam biyul,Falschalarmquote,C1,Ausdruck,오탐 비율이 높으면 경보를 자주 무시하게 돼요.,Bei hoher Falschalarmquote werden Warnungen ignoriert.,Risikosprache,c1_risk_wording_1,5,false,false-alarm rate,Expression,"If the false-alarm rate is high, people start ignoring alerts.",vocab_c1_0089
노출 시간,nochul sigan,Expositionsdauer,C1,Ausdruck,노출 시간을 빼면 같은 농도도 다르게 들려요.,Ohne Expositionsdauer klingt dieselbe Konzentration anders.,Risikosprache,c1_risk_wording_1,6,false,exposure time,Expression,Without exposure time the same concentration sounds different.,vocab_c1_0090
취약 집단,chwiyak jipdan,vulnerable Gruppe,C1,Ausdruck,취약 집단을 평균에 묻히지 않고 따로 적어요.,Die vulnerable Gruppe lasse ich nicht im Mittel verschwinden.,Risikosprache,c1_risk_wording_1,7,false,vulnerable group,Expression,I do not bury the vulnerable group in the average.,vocab_c1_0091
행동 문턱,haengdong munteok,Handlungsschwelle,C1,Ausdruck,행동 문턱을 숫자로 정해야 현장 판단이 흔들리지 않아요.,Eine zahlenfeste Handlungsschwelle hält die Entscheidung vor Ort stabil.,Risikosprache,c1_risk_wording_1,8,false,action threshold,Expression,A numeric action threshold keeps on-site judgment from wobbling.,vocab_c1_0092
소통 톤,sotong ton,Kommunikationslage,C1,Ausdruck,소통 톤을 낮추면 사람들이 더 오래 들어요.,Ein ruhigerer Ton lässt Menschen länger zuhören.,Risikosprache,c1_risk_wording_1,9,false,communication tone,Expression,A calmer communication tone keeps people listening longer.,vocab_c1_0093
갱신 주기,gaengsin jugi,Aktualisierungsrhythmus,C1,Ausdruck,갱신 주기를 밝히면 침묵이 은폐처럼 안 보여요.,Ein klarer Aktualisierungsrhythmus lässt Stille nicht wie Vertuschung wirken.,Risikosprache,c1_risk_wording_1,10,true,update cadence,Expression,A stated update cadence keeps silence from looking like concealment.,vocab_c1_0094
비교 기준점,bigyo gijunjeom,Vergleichsanker,C1,Ausdruck,비교 기준점을 작년으로 둘지 평년으로 둘지 먼저 정해요.,"Ob der Vergleichsanker das Vorjahr oder das Mittel ist, lege ich zuerst fest.",Risikosprache,c1_risk_wording_1,11,true,comparison anchor,Expression,I first decide whether the comparison anchor is last year or a normal year.,vocab_c1_0095
경고 피로,gyeonggo piro,Warnmüdigkeit,C1,Ausdruck,경고 피로를 줄이려고 등급을 세 단계로만 써요.,Gegen Warnmüdigkeit nutze ich nur drei Stufen.,Risikosprache,c1_risk_wording_1,12,true,alert fatigue,Expression,To reduce alert fatigue I use only three grades.,vocab_c1_0096
접근 비용,jeopgeun biyong,Zugangskosten,C1,Ausdruck,접근 비용을 요금만이 아니라 이동 시간으로도 세요.,"Zugangskosten zähle ich nicht nur als Gebühr, sondern als Wegezeit.",Zugangskosten,c1_access_cost_1,1,false,access cost,Expression,"I count access cost as travel time, not only as a fee.",vocab_c1_0097
유지 부담,yuji budam,Folgelast,C1,Ausdruck,유지 부담을 초기 설치비와 따로 적어요.,Die Folgelast schreibe ich getrennt von den Installationskosten.,Zugangskosten,c1_access_cost_1,2,false,upkeep burden,Expression,I write the upkeep burden separately from install cost.,vocab_c1_0098
선택권 축소,seontaekgwon chukso,Wahlverengung,C1,Ausdruck,선택권 축소를 효율로 포장하지 않아요.,Wahlverengung verkaufe ich nicht als Effizienz.,Zugangskosten,c1_access_cost_1,3,false,narrowed choice,Expression,I do not package narrowed choice as efficiency.,vocab_c1_0099
우회 경로,uhoe gyeongro,Umwegzugang,C1,Ausdruck,우회 경로가 있어야 본 경로 장애를 견딜 수 있어요.,Ein Umwegzugang macht die Störung des Hauptwegs erträglich.,Zugangskosten,c1_access_cost_1,4,false,workaround path,Expression,A workaround path makes a main-path outage bearable.,vocab_c1_0100
보조 인력,bojo inryeok,Assistenzkraft,C1,Ausdruck,보조 인력 예산을 장비비에 묻히지 않아요.,Das Budget für Assistenzkräfte verstecke ich nicht in den Gerätekosten.,Zugangskosten,c1_access_cost_1,5,false,support staff,Expression,I do not bury support-staff budget inside equipment cost.,vocab_c1_0101
예약 장벽,yeyak jangbyeok,Buchungshürde,C1,Ausdruck,예약 장벽이 앱 전용이면 창구 대안을 남겨요.,"Ist die Buchungshürde nur die App, bleibt ein Schalterweg.",Zugangskosten,c1_access_cost_1,6,false,booking barrier,Expression,"If the booking barrier is app-only, I keep a counter option.",vocab_c1_0102
대기 불이익,daegi buliik,Wartenachteil,C1,Ausdruck,대기 불이익이 특정 시간대에 몰리는지 봐요.,"Ich prüfe, ob der Wartenachteil sich auf bestimmte Stunden konzentriert.",Zugangskosten,c1_access_cost_1,7,false,wait penalty,Expression,I check whether the wait penalty clusters at certain hours.,vocab_c1_0103
요금 누진,yogeum nujin,Tarifprogression,C1,Ausdruck,요금 누진이 저사용 가구를 해치는지 계산해요.,"Ich rechne, ob die Tarifprogression Haushalte mit geringem Verbrauch trifft.",Zugangskosten,c1_access_cost_1,8,false,rising fee steps,Expression,I calculate whether rising fee steps hurt low-use households.,vocab_c1_0104
정보 접근,jeongbo jeopgeun,Informationszugang,C1,Ausdruck,정보 접근이 한글만이면 다른 언어 요약을 붙여요.,"Ist der Informationszugang nur auf Koreanisch, hänge ich eine andere Kurzfassung an.",Zugangskosten,c1_access_cost_1,9,false,information access,Expression,"If information access is Korean-only, I add a short version in another language.",vocab_c1_0105
현장 동선,hyeonjang dongseon,Vor-Ort-Weg,C1,Ausdruck,현장 동선에 계단만 있으면 계획이 포용이 아니에요.,"Führt der Vor-Ort-Weg nur über Treppen, ist der Plan nicht inklusiv.",Zugangskosten,c1_access_cost_1,10,true,on-site route,Expression,"If the on-site route is stairs only, the plan is not inclusive.",vocab_c1_0106
지속 가능 조건,jisok ganeung jogeon,Dauerbedingung,C1,Ausdruck,지속 가능 조건에 인력 교대를 넣지 않으면 서비스가 끊겨요.,Ohne Personalwechsel in der Dauerbedingung bricht der Dienst.,Zugangskosten,c1_access_cost_1,11,true,condition for staying viable,Expression,"Without staff rotation in the condition for staying viable, the service breaks.",vocab_c1_0107
비용 전가,biyong jeonga,Kostenverschiebung,C1,Ausdruck,비용 전가가 이용자에게만 가면 설계를 다시 해요.,"Geht die Kostenverschiebung nur an Nutzende, entwerfe ich neu.",Zugangskosten,c1_access_cost_1,12,true,cost shift,Expression,"If the cost shift lands only on users, I redesign.",vocab_c1_0108
참여 장벽,chamyeo jangbyeok,Teilnahmehürde,C1,Ausdruck,"참여 장벽을 시간, 언어, 이동으로 나눠 적어요.","Die Teilnahmehürde teile ich in Zeit, Sprache und Weg.",Beteiligungsdesign,c1_participation_design_1,1,false,participation barrier,Expression,"I split the participation barrier into time, language, and travel.",vocab_c1_0109
발언 할당,baleon haldang,Redequote,C1,Ausdruck,발언 할당을 먼저 온 사람 순으로만 주지 않아요.,Die Redequote vergebe ich nicht nur nach Ankunft.,Beteiligungsdesign,c1_participation_design_1,2,false,speaking allotment,Expression,I do not give the speaking allotment only by who arrived first.,vocab_c1_0110
대리 참여,daeri chamyeo,Stellvertretung,C1,Ausdruck,대리 참여를 허용하면 위임 범위를 짧게 적어요.,"Erlaubt man Stellvertretung, steht der Auftrag kurz.",Beteiligungsdesign,c1_participation_design_1,3,false,proxy participation,Expression,"If proxy participation is allowed, I write a short mandate.",vocab_c1_0111
피드백 순환,pideubaek sunhwan,Rückmeldeschleife,C1,Ausdruck,피드백 순환이 없으면 참여가 일회성으로 끝나요.,Ohne Rückmeldeschleife bleibt Beteiligung einmalig.,Beteiligungsdesign,c1_participation_design_1,4,false,feedback loop,Expression,"Without a feedback loop, participation stays one-off.",vocab_c1_0112
의제 설정권,uije seoljeonggwon,Agendahoheit,C1,Ausdruck,의제 설정권을 주최 측만 가지면 결과가 기울어요.,"Liegt die Agendahoheit nur beim Gastgeber, kippt das Ergebnis.",Beteiligungsdesign,c1_participation_design_1,5,false,agenda power,Expression,"If only the host has agenda power, the outcome tilts.",vocab_c1_0113
소수 의견,sosu uigyeon,Minderheitenlage,C1,Ausdruck,소수 의견을 표 밖에 따로 기록해요.,Die Minderheitenlage steht getrennt neben der Abstimmung.,Beteiligungsdesign,c1_participation_design_1,6,false,minority view,Expression,I record the minority view separately from the vote.,vocab_c1_0114
접근 가능한 장소,jeopgeun ganeunghan jangso,barrierearmer Ort,C1,Ausdruck,접근 가능한 장소를 고르지 못하면 온라인 병행을 열어요.,"Fehlt ein barrierearmer Ort, öffne ich einen Onlineweg.",Beteiligungsdesign,c1_participation_design_1,7,false,accessible venue,Expression,"If I cannot pick an accessible venue, I open an online option.",vocab_c1_0115
통역 지원,tongyeok jiwon,Dolmetschhilfe,C1,Ausdruck,통역 지원을 행사 예산의 기본 항목으로 넣어요.,Dolmetschhilfe steht als Grundposten im Etat.,Beteiligungsdesign,c1_participation_design_1,8,false,interpreting support,Expression,I put interpreting support as a basic budget line.,vocab_c1_0116
사전 자료,sajeon jaryo,Vorabunterlage,C1,Ausdruck,사전 자료를 삼 일 전에 보내야 질문이 깊어져요.,Vorabunterlagen drei Tage vorher machen Fragen tiefer.,Beteiligungsdesign,c1_participation_design_1,9,false,advance packet,Expression,Sending the advance packet three days earlier deepens questions.,vocab_c1_0117
참여 피로,chamyeo piro,Beteiligungsmüdigkeit,C1,Ausdruck,참여 피로를 줄이려고 회의를 겹치지 않게 잡아요.,Gegen Beteiligungsmüdigkeit lege ich Sitzungen nicht übereinander.,Beteiligungsdesign,c1_participation_design_1,10,true,engagement fatigue,Expression,To reduce engagement fatigue I do not stack meetings.,vocab_c1_0118
결정 환류,gyeoljeong hwanryu,Beschlussrückgabe,C1,Ausdruck,결정 환류가 늦으면 다음 참여율이 떨어져요.,"Kommt die Beschlussrückgabe spät, sinkt die nächste Beteiligung.",Beteiligungsdesign,c1_participation_design_1,11,true,decision return,Expression,"If the decision return is late, the next turnout drops.",vocab_c1_0119
공동 설계,gongdong seolgye,Mitgestaltung,C1,Nomen,공동 설계는 취향 투표가 아니라 제약 공유에서 시작해요.,"Mitgestaltung beginnt mit geteilten Grenzen, nicht mit Geschmacksabstimmung.",Beteiligungsdesign,c1_participation_design_1,12,true,co-design,Noun,"Co-design starts from shared constraints, not a taste vote.",vocab_c1_0120
지역 여건,jiyeok yeogeon,Ortslage,C1,Ausdruck,지역 여건을 전국 평균에 맞추면 계획이 빗겨요.,"Passt man die Ortslage an den Landesdurchschnitt, verfehlt der Plan.",Ortliche Abwägung,c1_local_tradeoff_1,1,false,local conditions,Expression,"If you force local conditions to a national average, the plan misses.",vocab_c1_0121
야간 소음 한도,yagan soeum hando,Nachtpegel,C1,Ausdruck,야간 소음 한도를 낮추면 배달 시간이 줄어들어요.,Ein niedrigerer Nachtpegel verkürzt die Lieferzeiten.,Ortliche Abwägung,c1_local_tradeoff_1,2,false,night noise cap,Expression,Lowering the night noise cap shortens delivery hours.,vocab_c1_0122
녹지 보전,nokji bojeon,Grünschutz,C1,Ausdruck,녹지 보전과 주차 확대를 같은 면적에서 고를 수는 없어요.,Grünschutz und mehr Parkraum gehen nicht auf derselben Fläche.,Ortliche Abwägung,c1_local_tradeoff_1,3,false,green-space keep,Expression,You cannot choose green-space keep and more parking on the same land.,vocab_c1_0123
상권 이전,sanggwon ijeon,Lageverschiebung,C1,Ausdruck,상권 이전이 골목을 비우면 저녁 안전이 약해져요.,"Verschiebt sich die Lage und leert die Gasse, sinkt die Abendsicherheit.",Ortliche Abwägung,c1_local_tradeoff_1,4,false,commerce shift,Expression,"If a commerce shift empties the alley, evening safety weakens.",vocab_c1_0124
통행 우회,tonghaeng uhoe,Verkehrsumlegung,C1,Ausdruck,통행 우회가 학교 앞을 지나면 시간대를 바꿔요.,"Führt die Verkehrsumlegung an der Schule vorbei, ändere ich die Stunden.",Ortliche Abwägung,c1_local_tradeoff_1,5,false,traffic diversion,Expression,"If the traffic diversion passes the school, I change the hours.",vocab_c1_0125
보상 대상,bosang daesang,Ausgleichskreis,C1,Ausdruck,보상 대상을 건물주만으로 두면 세입자가 빠져요.,"Ist der Ausgleichskreis nur die Eigentümerschaft, fehlen die Mietenden.",Ortliche Abwägung,c1_local_tradeoff_1,6,false,who is compensated,Expression,"If who is compensated is only owners, tenants drop out.",vocab_c1_0126
계절 제약,gyejeol jeyak,Saisongrenze,C1,Ausdruck,계절 제약 때문에 공사를 장마 뒤로 미뤄요.,Wegen der Saisongrenze schiebe ich den Bau hinter den Regen.,Ortliche Abwägung,c1_local_tradeoff_1,7,false,seasonal constraint,Expression,Because of the seasonal constraint I push construction past the rains.,vocab_c1_0127
공유 편익,gongyu pyeonik,geteilter Nutzen,C1,Ausdruck,공유 편익이 눈에 보여야 규제를 받아들이기 쉬워요.,"Wird der geteilte Nutzen sichtbar, ist die Regel leichter tragbar.",Ortliche Abwägung,c1_local_tradeoff_1,8,false,shared benefit,Expression,"If the shared benefit is visible, the rule is easier to accept.",vocab_c1_0128
이전 비용,ijeon biyong,Verlagerungskosten,C1,Ausdruck,이전 비용을 단발 지원으로만 보면 실패해요.,"Sieht man Verlagerungskosten nur als Einmalhilfe, scheitert es.",Ortliche Abwägung,c1_local_tradeoff_1,9,false,relocation cost,Expression,"If relocation cost is treated as a one-time grant only, it fails.",vocab_c1_0129
야간 조명,yagan jomyeong,Nachtlicht,C1,Ausdruck,야간 조명을 높이면 안전은 오르고 수면은 나빠져요.,Mehr Nachtlicht hebt die Sicherheit und senkt den Schlaf.,Ortliche Abwägung,c1_local_tradeoff_1,10,true,night lighting,Expression,More night lighting raises safety and worsens sleep.,vocab_c1_0130
이용 시간대,iyong sigandae,Nutzungsfenster,C1,Ausdruck,이용 시간대를 나누면 한 공간이 두 집단을 받을 수 있어요.,Geteilte Nutzungsfenster lassen einen Ort zwei Gruppen tragen.,Ortliche Abwägung,c1_local_tradeoff_1,11,true,hours of use,Expression,Split hours of use let one space serve two groups.,vocab_c1_0131
현장 실험,hyeonjang silheom,Ortsversuch,C1,Ausdruck,현장 실험을 한 달만 해도 민원이 구체화돼요.,Schon ein Monats-Ortsversuch macht Beschwerden konkreter.,Ortliche Abwägung,c1_local_tradeoff_1,12,true,on-site trial,Expression,Even a one-month on-site trial makes complaints more specific.,vocab_c1_0132
운영 인력,unyeong inryeok,Betriebspersonal,C1,Ausdruck,운영 인력을 자원봉사에만 기대면 겨울에 끊겨요.,"Stützt sich das Betriebspersonal nur auf Ehrenamt, bricht es im Winter.",Betriebslast,c1_maintenance_burden_1,1,false,ops staff,Expression,"If ops staff rest only on volunteers, service breaks in winter.",vocab_c1_0133
교체 주기,gyoche jugi,Ersatzrhythmus,C1,Ausdruck,교체 주기를 숨기면 나중에 한꺼번에 비용이 와요.,Ein verborgener Ersatzrhythmus bringt die Kosten später auf einmal.,Betriebslast,c1_maintenance_burden_1,2,false,replacement cycle,Expression,Hiding the replacement cycle brings the cost all at once later.,vocab_c1_0134
예비 부품,yebi bupum,Ersatzvorhalt,C1,Ausdruck,예비 부품이 없으면 포용 장비가 바로 멈춰요.,Ohne Ersatzvorhalt steht inklusive Technik sofort still.,Betriebslast,c1_maintenance_burden_1,3,false,spare stock,Expression,"Without spare stock, inclusive equipment stops at once.",vocab_c1_0135
점검 로그,jeomgeom rogeu,Wartungslog,C1,Ausdruck,점검 로그를 공개하면 방치 여부를 따질 수 있어요.,Ein öffentliches Wartungslog lässt Vernachlässigung prüfen.,Betriebslast,c1_maintenance_burden_1,4,false,service log,Expression,A public service log lets people test whether upkeep was neglected.,vocab_c1_0136
야간 당직,yagan dangjik,Nachtdienst,C1,Ausdruck,야간 당직을 한 사람에게만 맡기면 실수가 늘어요.,"Liegt der Nachtdienst bei einer Person, steigen Fehler.",Betriebslast,c1_maintenance_burden_1,5,false,night duty,Expression,"If night duty sits on one person, mistakes rise.",vocab_c1_0137
교육 갱신,gyoyuk gaengsin,Schulungsauffrischung,C1,Ausdruck,교육 갱신을 빼면 새 절차가 현장에 안 남아요.,Ohne Schulungsauffrischung bleibt das neue Verfahren nicht vor Ort.,Betriebslast,c1_maintenance_burden_1,6,false,refresher training,Expression,Without refresher training the new procedure does not stay on site.,vocab_c1_0138
고장 대기,gojang daegi,Störwartezeit,C1,Ausdruck,고장 대기가 길면 대체 수단을 같이 설계해요.,Bei langer Störwartezeit plane ich den Ersatzweg mit.,Betriebslast,c1_maintenance_burden_1,7,false,outage wait,Expression,"If outage wait is long, I design the fallback with it.",vocab_c1_0139
예산 이월,yesan iwol,Mittelübertragung,C1,Ausdruck,예산 이월이 막히면 가을에 성급한 구매가 생겨요.,Ohne Mittelübertragung kommt im Herbst der Hastkauf.,Betriebslast,c1_maintenance_burden_1,8,false,budget carryover,Expression,"If budget carryover is blocked, hasty autumn purchases appear.",vocab_c1_0140
사용자 신고,sayongja singo,Nutzermeldung,C1,Ausdruck,사용자 신고 창구가 어려우면 고장이 늦게 보여요.,"Ist die Nutzermeldung schwer, erscheint die Störung spät.",Betriebslast,c1_maintenance_burden_1,9,false,user report,Expression,"If the user-report channel is hard, outages appear late.",vocab_c1_0141
수명 예측,sumyeong yecheuk,Lebensdauerlage,C1,Ausdruck,수명 예측을 낙관하면 교체 기금이 비어요.,Eine zu hoffnungsvolle Lebensdauerlage leert den Ersatzfonds.,Betriebslast,c1_maintenance_burden_1,10,true,life estimate,Expression,An optimistic life estimate empties the replacement fund.,vocab_c1_0142
외주 의존,oeju uijon,Fremdabhängigkeit,C1,Ausdruck,외주 의존이 높으면 작은 수정도 기다려야 해요.,Bei hoher Fremdabhängigkeit wartet selbst die kleine Änderung.,Betriebslast,c1_maintenance_burden_1,11,true,vendor lock,Expression,"If vendor lock is high, even a small change must wait.",vocab_c1_0143
지속 점검표,jisok jeomgeompyo,Dauercheckliste,C1,Ausdruck,지속 점검표를 행사 날에만 쓰면 평일 품질이 떨어져요.,"Nutzt man die Dauercheckliste nur am Eventtag, sinkt die Alltagqualität.",Betriebslast,c1_maintenance_burden_1,12,true,ongoing checklist,Expression,"If the ongoing checklist is used only on event day, weekday quality drops.",vocab_c1_0144
담론 전제,damron jeonje,Diskursprämisse,C2,Ausdruck,담론 전제를 드러내지 않으면 선택이 자연스러워 보여요.,Ohne sichtbare Diskursprämisse wirkt die Wahl natürlich.,Framinganalyse,c2_framing_analysis_1,1,false,discourse premise,Expression,"If the discourse premise stays hidden, the choice looks natural.",vocab_c2_0049
은유 체계,eunyu chegye,Metaphernnetz,C2,Ausdruck,은유 체계가 '전쟁'이면 타협이 패배처럼 들려요.,"Ist das Metaphernnetz ein Krieg, klingt Kompromiss nach Niederlage.",Framinganalyse,c2_framing_analysis_1,2,false,metaphor system,Expression,"If the metaphor system is war, compromise sounds like defeat.",vocab_c2_0050
주어 선택,jueo seontaek,Subjektwahl,C2,Ausdruck,주어 선택을 바꾸면 책임이 다른 자리에 놓여요.,"Ändert man die Subjektwahl, wandert die Verantwortung.",Framinganalyse,c2_framing_analysis_1,3,false,choice of subject,Expression,Changing the choice of subject moves where responsibility sits.,vocab_c2_0051
수동 은폐,sudong eunpye,Passivverdeckung,C2,Ausdruck,수동 은폐는 행위자를 지워 절차만 남기어요.,Passivverdeckung löscht Handelnde und lässt nur das Verfahren.,Framinganalyse,c2_framing_analysis_1,4,false,passive concealment,Expression,Passive concealment erases the actor and leaves only the procedure.,vocab_c2_0052
범주 이동,beomju idong,Kategorieverschiebung,C2,Ausdruck,범주 이동으로 민원을 범죄처럼 부르면 대응이 과해져요.,Durch Kategorieverschiebung klingt die Beschwerde wie Straftat und die Antwort wird härter.,Framinganalyse,c2_framing_analysis_1,5,false,category shift,Expression,A category shift that names a complaint as crime hardens the response.,vocab_c2_0053
시간 틀,sigan teul,Zeitrahmen,C2,Ausdruck,시간 틀을 한 주로 줄이면 구조 문제는 사라져요.,Ein Zeitrahmen von einer Woche lässt Strukturprobleme verschwinden.,Framinganalyse,c2_framing_analysis_1,6,false,time frame,Expression,A one-week time frame makes structural problems vanish.,vocab_c2_0054
대비 쌍,daebi ssang,Gegenüberstellung,C2,Ausdruck,대비 쌍을 '안전 대 자유'로만 두면 중간이 없어져요.,"Bleibt die Gegenüberstellung nur Sicherheit gegen Freiheit, fehlt die Mitte.",Framinganalyse,c2_framing_analysis_1,7,false,contrast pair,Expression,"If the contrast pair is only safety versus freedom, the middle disappears.",vocab_c2_0055
인용 권위,inyong gwonwi,Zitatautorität,C2,Ausdruck,인용 권위가 직함만이면 근거를 다시 물어요.,"Ist die Zitatautorität nur der Titel, frage ich nach dem Beleg.",Framinganalyse,c2_framing_analysis_1,8,false,quoted authority,Expression,"If quoted authority is only a title, I ask for the evidence again.",vocab_c2_0056
침묵 지점,chimmuk jijeom,Schweigestelle,C2,Ausdruck,침묵 지점을 표로 만들면 빠진 집단이 보여요.,Eine Tabelle der Schweigestellen zeigt die fehlende Gruppe.,Framinganalyse,c2_framing_analysis_1,9,false,what is left unsaid,Expression,A table of what is left unsaid shows the missing group.,vocab_c2_0057
재명명,jaemyeongmyeong,Umbenennung,C2,Nomen,재명명이 부담을 덜어 주면 누구의 부담인지 물어요.,"Mildert die Umbenennung die Last, frage ich, wessen Last das war.",Framinganalyse,c2_framing_analysis_1,10,true,renaming,Noun,"If renaming lightens a burden, I ask whose burden it was.",vocab_c2_0058
청자 위치,cheongja wichi,Adressatenort,C2,Ausdruck,청자 위치를 '우리'로 묶으면 반대가 외부인처럼 보여요.,"Setzt der Adressatenort alle ins Wir, wirkt Widerspruch wie Außen.",Framinganalyse,c2_framing_analysis_1,11,true,where the listener is put,Expression,"If where the listener is put is 'we', dissent looks like an outsider.",vocab_c2_0059
해석 경쟁,haeseok gyeongjaeng,Deutungskonkurrenz,C2,Ausdruck,해석 경쟁을 하나로 닫지 않고 근거를 나란히 둬요.,"Die Deutungskonkurrenz schließe ich nicht, ich lege Belege nebeneinander.",Framinganalyse,c2_framing_analysis_1,12,true,competing readings,Expression,I do not close competing readings; I set the evidence side by side.,vocab_c2_0060
제도적 권한,jedojeok gwonhan,Amtsmacht,C2,Ausdruck,제도적 권한을 절차 뒤에 숨기지 않고 문장 앞에 둬요.,"Amtsmacht verstecke ich nicht hinter dem Verfahren, ich nenne sie zuerst.",Institutionsstimme,c2_institutional_voice_1,1,false,institutional power,Expression,I do not hide institutional power behind procedure; I put it first.,vocab_c2_0061
공식 어조,gongsik eojo,Amtsregister,C2,Ausdruck,공식 어조가 책임을 흐리면 평서문으로 다시 써요.,"Verwässert das Amtsregister die Verantwortung, schreibe ich im Indikativ neu.",Institutionsstimme,c2_institutional_voice_1,2,false,official register,Expression,"If the official register blurs responsibility, I rewrite it as a plain statement.",vocab_c2_0062
위임 범위,wiim beomwi,Zuständigkeitsgrenze,C2,Ausdruck,위임 범위를 넘는 결정을 관행으로 포장하지 않아요.,Eine Entscheidung jenseits der Zuständigkeitsgrenze nenne ich nicht Gewohnheit.,Institutionsstimme,c2_institutional_voice_1,3,false,scope of authority,Expression,I do not dress a decision beyond the scope of authority as custom.,vocab_c2_0063
기록 의무,girok uimu,Dokumentationspflicht,C2,Ausdruck,기록 의무가 약하면 나중에 기억을 고를 수 있어요.,"Ist die Dokumentationspflicht schwach, lässt sich Erinnerung später wählen.",Institutionsstimme,c2_institutional_voice_1,4,false,duty to record,Expression,"If the duty to record is weak, memory can be selected later.",vocab_c2_0064
재량 공간,jaeryang gonggan,Ermessensraum,C2,Ausdruck,재량 공간을 인정하되 기준표를 같이 공개해요.,Ich erkenne den Ermessensraum an und lege die Tabelle offen.,Institutionsstimme,c2_institutional_voice_1,5,false,discretion space,Expression,I admit discretion space and publish the criteria table with it.,vocab_c2_0065
항의 창구,hangui changgu,Widerspruchsstelle,C2,Ausdruck,항의 창구가 같은 부서면 독립이 아니에요.,"Sitzt die Widerspruchsstelle in derselben Abteilung, ist sie nicht unabhängig.",Institutionsstimme,c2_institutional_voice_1,6,false,objection desk,Expression,"If the objection desk is the same office, it is not independent.",vocab_c2_0066
공개 지연,gonggae jiyeon,Offenlegungsverzug,C2,Ausdruck,공개 지연을 검수로만 설명하지 않고 날짜를 대요.,"Offenlegungsverzug erkläre ich nicht nur mit Prüfung, ich nenne das Datum.",Institutionsstimme,c2_institutional_voice_1,7,false,disclosure delay,Expression,I do not explain disclosure delay as review only; I give a date.,vocab_c2_0067
관행 인용,gwanhaeng inyong,Üblichkeitszitat,C2,Ausdruck,관행 인용은 근거가 아니라 습관의 이름이에요.,"Ein Üblichkeitszitat ist kein Beleg, sondern der Name einer Gewohnheit.",Institutionsstimme,c2_institutional_voice_1,8,false,appeal to custom,Expression,An appeal to custom is not evidence; it is the name of a habit.,vocab_c2_0068
책임 분산,chaekim bunsan,Verantwortungsstreuung,C2,Ausdruck,책임 분산이 심하면 서명란을 한 줄로 줄여요.,Bei starker Verantwortungsstreuung kürze ich die Unterschriftszeile auf eine.,Institutionsstimme,c2_institutional_voice_1,9,false,diffused ownership,Expression,"If diffused ownership is severe, I cut the signature line to one.",vocab_c2_0069
내부 지침,naebu jichim,Binnenweisung,C2,Ausdruck,내부 지침이 대외 문구와 다르면 둘을 같이 보여요.,"Weicht die Binnenweisung vom Außenwort ab, zeige ich beide.",Institutionsstimme,c2_institutional_voice_1,10,true,internal directive,Expression,"If the internal directive differs from the public line, I show both.",vocab_c2_0070
권한 위임장,gwonhan wiimjang,Übertragungsakt,C2,Ausdruck,권한 위임장 없이 대행하면 결정을 되돌릴 수 있어요.,Ohne Übertragungsakt ist die Vertretung später rückholbar.,Institutionsstimme,c2_institutional_voice_1,11,true,delegation instrument,Expression,Acting without a delegation instrument makes the decision reversible.,vocab_c2_0071
제도 기억,jedo gieok,Amtsgedächtnis,C2,Ausdruck,제도 기억이 사람 한 명에 있으면 퇴사와 함께 사라져요.,"Sitzt das Amtsgedächtnis in einer Person, geht es mit dem Abschied.",Institutionsstimme,c2_institutional_voice_1,12,true,institutional memory,Expression,"If institutional memory sits in one person, it leaves with them.",vocab_c2_0072
서술 시점,seosul sijeom,Erzählstandort,C2,Ausdruck,서술 시점을 바꾸면 같은 사건도 다른 도덕이 돼요.,Ein anderer Erzählstandort macht aus demselben Ereignis eine andere Moral.,Erinnerungsnarrativ,c2_memory_narrative_1,1,false,narrative standpoint,Expression,A changed narrative standpoint turns the same event into a different moral.,vocab_c2_0073
선택적 기억,seontaekjeok gieok,Selektivgedächtnis,C2,Ausdruck,선택적 기억을 기념일로만 고정하면 나머지가 지워져요.,"Fixiert man Selektivgedächtnis nur am Gedenktag, fällt der Rest weg.",Erinnerungsnarrativ,c2_memory_narrative_1,2,false,selective memory,Expression,"If selective memory is fixed only to a memorial day, the rest is erased.",vocab_c2_0074
증언 위치,jeungeon wichi,Zeugenort,C2,Ausdruck,증언 위치를 무대 가장자리에 두면 목소리가 작아져요.,"Liegt der Zeugenort am Bühnenrand, wird die Stimme klein.",Erinnerungsnarrativ,c2_memory_narrative_1,3,false,where testimony sits,Expression,"If where testimony sits is the edge of the stage, the voice shrinks.",vocab_c2_0075
연대기 절단,yeondaegi jeoldan,Chronikbruch,C2,Ausdruck,연대기 절단은 원인보다 결말만 남기어요.,Ein Chronikbruch lässt das Ende und nimmt die Ursache.,Erinnerungsnarrativ,c2_memory_narrative_1,4,false,cut in the timeline,Expression,A cut in the timeline keeps the ending and drops the cause.,vocab_c2_0076
집합 기억,jiphap gieok,Kollektivgedächtnis,C2,Ausdruck,집합 기억을 하나로 모으면 소수 서사가 밀려나요.,Ein einziges Kollektivgedächtnis drängt Minderheitenerzählungen weg.,Erinnerungsnarrativ,c2_memory_narrative_1,5,false,shared memory,Expression,Forcing one shared memory pushes minority stories aside.,vocab_c2_0077
침묵의 세대,chimmukui sedae,Schweigegeneration,C2,Ausdruck,침묵의 세대를 존중하되 자료는 남기라고 해요.,Ich achte die Schweigegeneration und bitte trotzdem ums Archiv.,Erinnerungsnarrativ,c2_memory_narrative_1,6,false,silent generation,Expression,I respect the silent generation and still ask that records remain.,vocab_c2_0078
기념 문장,ginyeom munjang,Gedenksatz,C2,Ausdruck,기념 문장이 현재 정책을 가리면 다시 써요.,"Verdeckt der Gedenksatz die heutige Politik, formuliere ich neu.",Erinnerungsnarrativ,c2_memory_narrative_1,7,false,commemoration line,Expression,"If the commemoration line hides current policy, I rewrite it.",vocab_c2_0079
기록 공백,girok gongbaek,Archivlücke,C2,Ausdruck,기록 공백을 없다고 메우지 않고 빈칸으로 표시해요.,"Eine Archivlücke fülle ich nicht, ich markiere die Leerstelle.",Erinnerungsnarrativ,c2_memory_narrative_1,8,false,archive gap,Expression,I do not fill an archive gap; I mark the blank.,vocab_c2_0080
회고 왜곡,hoego waegok,Rückschauverzerrung,C2,Ausdruck,회고 왜곡을 줄이려고 당시 문장을 먼저 읽어요.,Gegen Rückschauverzerrung lese ich zuerst den Satz von damals.,Erinnerungsnarrativ,c2_memory_narrative_1,9,false,hindsight warp,Expression,To reduce hindsight warp I read the sentence from that time first.,vocab_c2_0081
복수 서사,boksu seosa,Mehrfacherzählung,C2,Ausdruck,복수 서사를 나란히 두면 승자 역사가 약해져요.,Mehrfacherzählung nebeneinander schwächt die Siegergeschichte.,Erinnerungsnarrativ,c2_memory_narrative_1,10,true,plural narrative,Expression,Plural narrative side by side weakens winner history.,vocab_c2_0082
망각 설계,manggak seolgye,Vergessensordnung,C2,Ausdruck,망각 설계가 보존 예산 삭감으로 나타나면 이름을 붙여요.,"Wird Vergessensordnung zur Kürzung des Archivs, gebe ich ihr einen Namen.",Erinnerungsnarrativ,c2_memory_narrative_1,11,true,designed forgetting,Expression,"If designed forgetting appears as an archive budget cut, I name it.",vocab_c2_0083
계승 쟁점,gyeseung jaengjeom,Weitergabestreit,C2,Ausdruck,계승 쟁점을 후손에게만 미루지 않고 지금 기록해요.,"Den Weitergabestreit schiebe ich nicht auf Nachkommen, ich schreibe jetzt.",Erinnerungsnarrativ,c2_memory_narrative_1,12,true,what gets handed on,Expression,I do not leave what gets handed on to descendants; I record it now.,vocab_c2_0084
명령형 공지,myeongryeonghyeong gongji,Befehlshinweis,C2,Ausdruck,명령형 공지는 이유를 빼면 반발이 커져요.,Ein Befehlshinweis ohne Grund erhöht den Widerstand.,Autoritätssprache,c2_authority_language_1,1,false,imperative notice,Expression,An imperative notice without a reason raises pushback.,vocab_c2_0085
전문 장벽,jeonmun jangbyeok,Fachmauer,C2,Ausdruck,전문 장벽 뒤에 결정을 숨기지 말고 쉬운 문장을 병기해요.,"Hinter der Fachmauer verstecke ich die Entscheidung nicht, ich setze den einfachen Satz daneben.",Autoritätssprache,c2_authority_language_1,2,false,jargon wall,Expression,I do not hide the decision behind a jargon wall; I add a plain sentence.,vocab_c2_0086
불가피 수사,bulgapi susa,Unvermeidlichkeitsrede,C2,Ausdruck,불가피 수사는 대안의 존재를 먼저 지워요.,Unvermeidlichkeitsrede löscht zuerst die Alternative.,Autoritätssprache,c2_authority_language_1,3,false,inevitability talk,Expression,Inevitability talk first erases the existence of alternatives.,vocab_c2_0087
전문가 위임,jeonmunga wiim,Expertenmandat,C2,Ausdruck,전문가 위임이 정치 판단을 대신하면 책임을 물어요.,"Ersetzt das Expertenmandat das politische Urteil, frage ich nach der Verantwortung.",Autoritätssprache,c2_authority_language_1,4,false,expert handover,Expression,"If expert handover replaces a political judgment, I ask who is responsible.",vocab_c2_0088
침묵 압박,chimmuk apbak,Schweigedruck,C2,Ausdruck,침묵 압박을 '팀워크'로 부르지 않아요.,Schweigedruck nenne ich nicht Teamgeist.,Autoritätssprache,c2_authority_language_1,5,false,pressure to stay quiet,Expression,I do not call pressure to stay quiet 'teamwork'.,vocab_c2_0089
권위 인용,gwonwi inyong,Autoritätsbeleg,C2,Ausdruck,권위 인용만 있고 자료가 없으면 보류해요.,"Gibt es nur den Autoritätsbeleg ohne Material, warte ich.",Autoritätssprache,c2_authority_language_1,6,false,appeal to rank,Expression,"If there is only an appeal to rank and no material, I hold.",vocab_c2_0090
완곡 금지,wangok geumji,Euphemismusstopp,C2,Ausdruck,완곡 금지로 '정리' 대신 '해고'를 적어요.,Mit Euphemismusstopp schreibe ich Entlassung statt Ordnung.,Autoritätssprache,c2_authority_language_1,7,false,no softening label,Expression,With no softening label I write 'dismissal' instead of 'tidying'.,vocab_c2_0091
청중 분할,cheongjung bunhal,Publikumsspaltung,C2,Ausdruck,청중 분할로 내부와 외부를 다르게 말하면 기록이 두 개가 돼요.,"Publikumsspaltung erzeugt zwei Protokolle, innen und außen.",Autoritätssprache,c2_authority_language_1,8,false,split audience,Expression,"A split audience creates two records, inside and outside.",vocab_c2_0092
결정 불가역,gyeoljeong bulgayeok,Unumkehrbarkeit,C2,Ausdruck,결정 불가역을 선언하기 전에 철회 경로를 보여요.,Vor der Unumkehrbarkeit zeige ich den Rückholweg.,Autoritätssprache,c2_authority_language_1,9,false,claimed irreversibility,Expression,Before claiming irreversibility I show the withdrawal path.,vocab_c2_0093
규범 포장,gyubeom pojang,Normverpackung,C2,Ausdruck,규범 포장이 취향을 도덕으로 바꾸면 반박해요.,"Macht die Normverpackung Geschmack zur Moral, widerspreche ich.",Autoritätssprache,c2_authority_language_1,10,true,norm wrapping,Expression,"If norm wrapping turns taste into morals, I object.",vocab_c2_0094
침묵 동의,chimmuk dongui,Schweigezustimmung,C2,Ausdruck,침묵 동의를 회의에 적용하지 않고 명시 확인을 받아요.,"Schweigezustimmung wende ich nicht an, ich hole eine klare Bestätigung.",Autoritätssprache,c2_authority_language_1,11,true,silence as consent,Expression,I do not apply silence as consent; I get an explicit confirm.,vocab_c2_0095
말의 자리,malui jari,Wortort,C2,Ausdruck,말의 자리가 훈시이면 질문은 뒤로 밀려요.,"Sitzt der Wortort in der Belehrung, rutscht die Frage nach hinten.",Autoritätssprache,c2_authority_language_1,12,true,where the word sits,Expression,"If where the word sits is a lecture, questions are pushed back.",vocab_c2_0096
이의 경로,iui gyeongro,Einspruchsweg,C2,Ausdruck,이의 경로가 챗봇뿐이면 사람이 없는 것과 같아요.,"Ist der Einspruchsweg nur der Chatbot, fehlt der Mensch.",Einspruchsweg,c2_appeal_path_1,1,false,appeal path,Expression,"If the appeal path is only a chatbot, it is as if no person is there.",vocab_c2_0097
자동 결정,jadong gyeoljeong,Automatenbescheid,C2,Ausdruck,자동 결정에는 사용한 자료 목록을 붙여야 해요.,Am Automatenbescheid muss die genutzte Datenliste stehen.,Einspruchsweg,c2_appeal_path_1,2,false,automated decision,Expression,An automated decision must attach the list of data used.,vocab_c2_0098
인간 재심,ingan jaesim,menschliche Nachprüfung,C2,Ausdruck,인간 재심이 같은 점수를 다시 누르면 재심이 아니에요.,"Drückt die menschliche Nachprüfung dieselbe Note, ist es keine Prüfung.",Einspruchsweg,c2_appeal_path_1,3,false,human review,Expression,"If human review just presses the same score, it is not a review.",vocab_c2_0099
기한 안내,gihan annae,Fristmitteilung,C2,Ausdruck,기한 안내를 거절 화면 하단에만 두지 않아요.,Die Fristmitteilung lasse ich nicht nur unten auf der Ablehnung.,Einspruchsweg,c2_appeal_path_1,4,false,deadline notice,Expression,I do not put the deadline notice only at the bottom of the refusal screen.,vocab_c2_0100
증거 제출란,jeunggeo jechulran,Belegfeld,C2,Ausdruck,증거 제출란이 글자 수만 받으면 사진 소명이 막혀요.,"Nimmt das Belegfeld nur Zeichen, bleibt der Fotobeleg draußen.",Einspruchsweg,c2_appeal_path_1,5,false,evidence field,Expression,"If the evidence field takes only characters, photo proof is blocked.",vocab_c2_0101
결정 요약,gyeoljeong yoyak,Bescheidkern,C2,Ausdruck,결정 요약을 점수 없이 이유 세 줄로 적어요.,Den Bescheidkern schreibe ich in drei Gründen ohne Punktzahl.,Einspruchsweg,c2_appeal_path_1,6,false,decision core,Expression,I write the decision core as three reasons without a score.,vocab_c2_0102
항소 비용,hangso biyong,Beschwerdeaufwand,C2,Ausdruck,항소 비용이 시간으로만 커도 포기는 강요예요.,"Wird der Beschwerdeaufwand nur als Zeit groß, ist der Verzicht erzwungen.",Einspruchsweg,c2_appeal_path_1,7,false,cost of appealing,Expression,"If the cost of appealing grows only as time, giving up is coerced.",vocab_c2_0103
회신 의무,hoesin uimu,Antwortpflicht,C2,Ausdruck,회신 의무 날짜가 없으면 이의는 사라져요.,Ohne Datum der Antwortpflicht verschwindet der Einspruch.,Einspruchsweg,c2_appeal_path_1,8,false,duty to reply,Expression,Without a duty-to-reply date the appeal disappears.,vocab_c2_0104
제3자 검토,jeja geomto,Drittprüfung,C2,Ausdruck,제3자 검토를 같은 업체가 하면 독립이 아니에요.,"Macht dieselbe Firma die Drittprüfung, ist sie nicht unabhängig.",Einspruchsweg,c2_appeal_path_1,9,false,third-party look,Expression,"If the same vendor does the third-party look, it is not independent.",vocab_c2_0105
철회 효과,cheolhoe hyogwa,Rücknahmewirkung,C2,Ausdruck,철회 효과를 장래에만 두면 지난 피해가 남아요.,"Wirkt die Rücknahme nur in die Zukunft, bleibt der alte Schaden.",Einspruchsweg,c2_appeal_path_1,10,true,effect of withdrawal,Expression,"If the effect of withdrawal is future-only, past harm remains.",vocab_c2_0106
접근 언어,jeopgeun eoneo,Zugangssprache,C2,Ausdruck,접근 언어가 법률문이면 이의 경로가 닫혀요.,"Ist die Zugangssprache Juristensprache, schließt sich der Einspruchsweg.",Einspruchsweg,c2_appeal_path_1,11,true,language of access,Expression,"If the language of access is legalese, the appeal path closes.",vocab_c2_0107
종결 이유서,jonggyeol iyuseo,Abschlussbegründung,C2,Ausdruck,종결 이유서를 템플릿 한 줄로 끝내지 않아요.,Die Abschlussbegründung beende ich nicht mit einer Schablonenzeile.,Einspruchsweg,c2_appeal_path_1,12,true,closure rationale,Expression,I do not end the closure rationale with one template line.,vocab_c2_0108
추적 가능성,chujeok ganeungseong,Nachvollziehbarkeit,C2,Ausdruck,추적 가능성이 로그 없이 주장되면 믿지 않아요.,"Wird Nachvollziehbarkeit ohne Protokoll behauptet, glaube ich nicht.",Prüfspur,c2_audit_trail_1,1,false,traceability,Expression,"If traceability is claimed without a log, I do not believe it.",vocab_c2_0109
변경 이력,byeongyeong iryeok,Änderungshistorie,C2,Ausdruck,변경 이력에 사람과 시각이 빠지면 추적이 끊겨요.,"Fehlen Person und Uhrzeit in der Änderungshistorie, reißt die Spur.",Prüfspur,c2_audit_trail_1,2,false,change history,Expression,"If person and time drop from the change history, the trail breaks.",vocab_c2_0110
접근 기록,jeopgeun girok,Zugriffsprotokoll,C2,Ausdruck,접근 기록을 당사자도 볼 수 있어야 감사가 성립해요.,"Nur wenn Betroffene das Zugriffsprotokoll sehen, trägt die Prüfung.",Prüfspur,c2_audit_trail_1,3,false,access log,Expression,An audit holds only if the affected person can also see the access log.,vocab_c2_0111
보존 기한,bojon gihan,Haltedauer,C2,Ausdruck,보존 기한을 너무 짧게 두면 이의가 증거 없이 끝나요.,Eine zu kurze Haltedauer beendet den Einspruch ohne Beleg.,Prüfspur,c2_audit_trail_1,4,false,retention window,Expression,A retention window that is too short ends an appeal without evidence.,vocab_c2_0112
삭제 권한,sakje gwonhan,Löschbefugnis,C2,Ausdruck,삭제 권한을 운영자 한 명에게만 주지 않아요.,Die Löschbefugnis gebe ich nicht einer Betriebsperson allein.,Prüfspur,c2_audit_trail_1,5,false,who may delete,Expression,I do not give who-may-delete to a single operator.,vocab_c2_0113
모델 버전,model beojeon,Modellstand,C2,Ausdruck,모델 버전을 결정문에 적어야 재현이 가능해요.,Ohne Modellstand im Bescheid ist keine Wiederholung möglich.,Prüfspur,c2_audit_trail_1,6,false,model version,Expression,"Without the model version on the decision, reproduction is impossible.",vocab_c2_0114
입력 스냅샷,ipryeok seunaepsyat,Eingabestand,C2,Ausdruck,입력 스냅샷을 남기지 않으면 나중에 다른 자료로 변명해요.,Ohne Eingabestand erklärt man später andere Daten.,Prüfspur,c2_audit_trail_1,7,false,input snapshot,Expression,"Without an input snapshot, later excuses use different data.",vocab_c2_0115
감사 독립,gamsa dokrip,Prüfunabhängigkeit,C2,Ausdruck,감사 독립이 계약으로 막히면 공개 감사가 아니에요.,"Ist Prüfunabhängigkeit vertraglich blockiert, ist es keine öffentliche Prüfung.",Prüfspur,c2_audit_trail_1,8,false,audit independence,Expression,"If audit independence is blocked by contract, it is not a public audit.",vocab_c2_0116
로그 변조,rogeu byeonjo,Protokollbruch,C2,Ausdruck,로그 변조를 탐지하는 서명을 같이 설계해요.,Gegen Protokollbruch entwerfe ich eine Mit-Signatur.,Prüfspur,c2_audit_trail_1,9,false,log tampering,Expression,I design a co-signature that detects log tampering.,vocab_c2_0117
최소 수집,choeso sujip,Minimalerhebung,C2,Ausdruck,최소 수집을 어기면 추적이 감시가 돼요.,"Verletzt man die Minimalerhebung, wird die Spur zur Überwachung.",Prüfspur,c2_audit_trail_1,10,true,minimum collection,Expression,"If you break minimum collection, the trail becomes surveillance.",vocab_c2_0118
열람 창구,yeolram changgu,Einsichtskanal,C2,Ausdruck,열람 창구가 우편뿐이면 기한을 맞추기 어려워요.,"Ist der Einsichtskanal nur die Post, ist die Frist schwer haltbar.",Prüfspur,c2_audit_trail_1,11,true,inspection channel,Expression,"If the inspection channel is mail only, the deadline is hard to meet.",vocab_c2_0119
책임 매핑,chaekim maeping,Zuständigkeitskarte,C2,Ausdruck,책임 매핑이 없으면 오류가 시스템 탓으로만 가요.,Ohne Zuständigkeitskarte wird jeder Fehler nur das System.,Prüfspur,c2_audit_trail_1,12,true,accountability map,Expression,"Without an accountability map, every error is blamed only on the system.",vocab_c2_0120
철회권,cheolhoegwon,Widerrufsrecht,C2,Ausdruck,철회권이 설정 깊숙이 있으면 사실상 없어요.,"Sitzt das Widerrufsrecht tief in den Einstellungen, gibt es es kaum.",Widerrufsrecht,c2_withdrawal_right_1,1,false,right to withdraw,Expression,"If the right to withdraw sits deep in settings, it barely exists.",vocab_c2_0121
동의 철회,dongui cheolhoe,Einwilligungsrücknahme,C2,Ausdruck,동의 철회 후에도 추론 점수가 남으면 철회가 아니에요.,"Bleibt nach der Einwilligungsrücknahme der Schlussfolgerungswert, war es kein Widerruf.",Widerrufsrecht,c2_withdrawal_right_1,2,false,consent withdrawal,Expression,"If an inferred score remains after consent withdrawal, it was not withdrawal.",vocab_c2_0122
파생 데이터,pasaeng deiteo,abgeleitete Daten,C2,Ausdruck,파생 데이터 삭제를 원문에만 적용하면 그림자가 남아요.,"Löscht man abgeleitete Daten nur im Ursprungstext, bleibt der Schatten.",Widerrufsrecht,c2_withdrawal_right_1,3,false,derived data,Expression,"If derived-data deletion applies only to the source text, a shadow remains.",vocab_c2_0123
복원 금지,bokwon geumji,Wiederherstellstopp,C2,Ausdruck,복원 금지를 백업 정책에 명시해야 철회가 완성돼요.,Ohne Wiederherstellstopp in der Sicherung ist der Widerruf unvollständig.,Widerrufsrecht,c2_withdrawal_right_1,4,false,no restore,Expression,"Without no-restore in the backup policy, withdrawal is incomplete.",vocab_c2_0124
처리 정지,cheori jeongji,Verarbeitungsstopp,C2,Ausdruck,처리 정지가 이의 기간에 자동으로 걸려야 해요.,Der Verarbeitungsstopp muss in der Einspruchsfrist automatisch greifen.,Widerrufsrecht,c2_withdrawal_right_1,5,false,processing pause,Expression,A processing pause must engage automatically during the appeal period.,vocab_c2_0125
기본값 설계,gibongaps seolgye,Voreinstellung,C2,Ausdruck,기본값 설계가 수집 쪽이면 철회가 계속 싸움이 돼요.,"Zielt die Voreinstellung aufs Sammeln, bleibt Widerruf ein Kampf.",Widerrufsrecht,c2_withdrawal_right_1,6,false,default design,Expression,"If default design leans toward collection, withdrawal stays a fight.",vocab_c2_0126
고지 시점,goji sijeom,Hinweiszeit,C2,Ausdruck,고지 시점을 가입 뒤로 미루면 동의가 형식만 남아요.,"Liegt die Hinweiszeit nach der Anmeldung, bleibt die Einwilligung formal.",Widerrufsrecht,c2_withdrawal_right_1,7,false,when notice is given,Expression,"If when notice is given is after signup, consent is only formal.",vocab_c2_0127
철회 확인서,cheolhoe hwakinseo,Widerrufsbeleg,C2,Ausdruck,철회 확인서 없이 완료 화면만 보여 주면 증명이 없어요.,Nur der Fertig-Bildschirm ohne Widerrufsbeleg beweist nichts.,Widerrufsrecht,c2_withdrawal_right_1,8,false,withdrawal receipt,Expression,A done screen without a withdrawal receipt proves nothing.,vocab_c2_0128
연계 서비스,yeongye seobiseu,Verbunddienst,C2,Ausdruck,연계 서비스까지 끊기지 않으면 부분 철회예요.,"Bleibt der Verbunddienst an, ist es nur ein Teilwiderruf.",Widerrufsrecht,c2_withdrawal_right_1,9,false,linked service,Expression,"If the linked service stays on, it is only partial withdrawal.",vocab_c2_0129
재동의 압박,jaedongui apbak,Neuerlaubnisdruck,C2,Ausdruck,재동의 압박을 기능 잠금으로 하면 자유가 아니에요.,Neuerlaubnisdruck durch Funktionssperre ist keine Freiheit.,Widerrufsrecht,c2_withdrawal_right_1,10,true,pressure to re-consent,Expression,Pressure to re-consent via a locked feature is not freedom.,vocab_c2_0130
보존 예외,bojon yeoe,Halteausnahme,C2,Ausdruck,보존 예외를 넓게 쓰면 철회권이 구멍 나요.,Eine weite Halteausnahme locht das Widerrufsrecht.,Widerrufsrecht,c2_withdrawal_right_1,11,true,retention exception,Expression,A wide retention exception puts a hole in the right to withdraw.,vocab_c2_0131
종료 경로,jongryo gyeongro,Beendigungsweg,C2,Ausdruck,종료 경로가 전화뿐이면 시간대에 따라 권리가 달라져요.,"Ist der Beendigungsweg nur das Telefon, hängt das Recht an der Uhrzeit.",Widerrufsrecht,c2_withdrawal_right_1,12,true,exit path,Expression,"If the exit path is phone-only, the right changes with the hour.",vocab_c2_0132
차등 영향,chadeung yeonghyang,ungleiche Wirkung,C2,Ausdruck,차등 영향을 평균 정확도 뒤에 숨기지 않아요.,Die ungleiche Wirkung verstecke ich nicht hinter der mittleren Genauigkeit.,Automatenfolgen,c2_automated_harm_1,1,false,uneven impact,Expression,I do not hide uneven impact behind average accuracy.,vocab_c2_0133
오류 비용,oryu biyong,Fehlerpreis,C2,Ausdruck,오류 비용이 한쪽 집단에만 모이면 모델을 멈춰요.,"Sammelt sich der Fehlerpreis in einer Gruppe, halte ich das Modell an.",Automatenfolgen,c2_automated_harm_1,2,false,cost of being wrong,Expression,"If the cost of being wrong piles onto one group, I stop the model.",vocab_c2_0134
피드백 왜곡,pideubaek waegok,Rückkopplungskrümmung,C2,Ausdruck,피드백 왜곡으로 과거 거절이 미래 거절을 만들어요.,Durch Rückkopplungskrümmung erzeugt die alte Ablehnung die nächste.,Automatenfolgen,c2_automated_harm_1,3,false,feedback warp,Expression,Feedback warp makes past refusals produce future refusals.,vocab_c2_0135
대리 변수,daeri byeonsu,Ersatzmerkmal,C2,Ausdruck,대리 변수가 주소를 쓰면 차별이 우회해요.,"Nutzt das Ersatzmerkmal die Adresse, umgeht die Diskriminierung.",Automatenfolgen,c2_automated_harm_1,4,false,proxy feature,Expression,"If the proxy feature uses address, discrimination takes a detour.",vocab_c2_0136
설명 가능 주장,seolmyeong ganeung jujang,Erklärbarkeitsbehauptung,C2,Ausdruck,설명 가능 주장이 사후 이야기면 통제가 아니에요.,"Ist die Erklärbarkeitsbehauptung eine Geschichte hinterher, ist sie keine Kontrolle.",Automatenfolgen,c2_automated_harm_1,5,false,explainability claim,Expression,"If the explainability claim is a story after the fact, it is not control.",vocab_c2_0137
긴급 차단,gingeup chadan,Notsperre,C2,Ausdruck,긴급 차단 권한이 개발팀에만 있으면 공적 통제가 없어요.,"Liegt die Notsperre nur beim Entwicklerteam, fehlt öffentliche Kontrolle.",Automatenfolgen,c2_automated_harm_1,6,false,kill switch,Expression,"If the kill switch sits only with developers, there is no public control.",vocab_c2_0138
피해 구제,pihae guje,Schadensweg,C2,Ausdruck,피해 구제가 쿠폰이면 권리를 값으로 바꾼 거예요.,"Ist der Schadensweg ein Gutschein, wurde das Recht zum Preis.",Automatenfolgen,c2_automated_harm_1,7,false,remedy path,Expression,"If the remedy path is a coupon, a right was turned into a price.",vocab_c2_0139
배포 범위,baepo beomwi,Ausrollkreis,C2,Ausdruck,배포 범위를 취약 지역부터 시작하면 실험이 전가돼요.,"Beginnt der Ausrollkreis in verletzlichen Vierteln, wird das Experiment verschoben.",Automatenfolgen,c2_automated_harm_1,8,false,rollout scope,Expression,"If rollout scope starts in vulnerable areas, the experiment is offloaded.",vocab_c2_0140
감시 전환,gamsi jeonhwan,Überwachungskippung,C2,Ausdruck,감시 전환은 보안 언어로 포장될 때 더 잘 보여요.,"Die Überwachungskippung sieht man klarer, wenn sie Sicherheitssprache trägt.",Automatenfolgen,c2_automated_harm_1,9,false,turn to surveillance,Expression,The turn to surveillance is clearer when it wears security language.,vocab_c2_0141
집단 소송점,jipdan sosongjeom,Sammelpunkt,C2,Ausdruck,집단 소송점이 막히면 개인만 싸우게 돼요.,"Ist der Sammelpunkt blockiert, kämpft nur die Einzelperson.",Automatenfolgen,c2_automated_harm_1,10,true,collective claim point,Expression,"If the collective claim point is blocked, only individuals fight.",vocab_c2_0142
모델 폐기,model pyegi,Modellrückzug,C2,Ausdruck,모델 폐기를 버전 업으로 위장하지 않아요.,Modellrückzug verkleide ich nicht als Versionswechsel.,Automatenfolgen,c2_automated_harm_1,11,true,model retirement,Expression,I do not disguise model retirement as a version bump.,vocab_c2_0143
공적 감독,gongjeok gamdok,öffentliche Aufsicht,C2,Ausdruck,공적 감독 없이 자율 규제만 믿으면 기준이 무너져요.,Ohne öffentliche Aufsicht und nur Selbstregelung bricht der Maßstab.,Automatenfolgen,c2_automated_harm_1,12,true,public oversight,Expression,"If we trust only self-rule without public oversight, the standard collapses.",vocab_c2_0144
