id,level,ko,de,en,field_notes,상태,jin_memo
satz_a1_0256,A1,"안녕하세요, 처음 뵙겠습니다.","Hallo, freut mich.","Hi, nice to meet you.",rights: original; derived from live unused vocab 안녕하세요,approved,Jin explicit app-integration approval (2026-08-17).
satz_a1_0257,A1,"아니요, 저는 안 갈래요.","Nein, ich möchte nicht gehen.","No, I don't want to go.",rights: original; derived from live unused vocab 아니요,approved,Jin explicit app-integration approval (2026-08-17).
satz_a1_0258,A1,이 사람 제 친구예요.,Das ist mein Freund.,This is my friend.,rights: original; derived from live unused vocab 친구,approved,Jin explicit app-integration approval (2026-08-17).
satz_a1_0259,A1,우리 형은 요리를 잘해요.,Mein älterer Bruder kocht gut.,My older brother cooks well.,rights: original; derived from live unused vocab 형,approved,Jin explicit app-integration approval (2026-08-17).
satz_a1_0260,A1,우리 오빠 정말 착해요.,Mein älterer Bruder ist wirklich nett.,My older brother is really nice.,rights: original; derived from live unused vocab 오빠,approved,Jin explicit app-integration approval (2026-08-17).
satz_a1_0261,A1,우리 누나 진짜 예뻐요.,Meine ältere Schwester ist echt hübsch.,My older sister is really pretty.,rights: original; derived from live unused vocab 누나,approved,Jin explicit app-integration approval (2026-08-17).
satz_a1_0262,A1,제 여동생이 정말 귀여워요.,Meine jüngere Schwester ist wirklich süß.,My younger sister is really cute.,rights: original; derived from live unused vocab 여동생,approved,Jin explicit app-integration approval (2026-08-17).
satz_a1_0263,A1,우리 남편은 요리를 잘해요.,Mein Mann kocht gut.,My husband cooks well.,rights: original; derived from live unused vocab 남편,approved,Jin explicit app-integration approval (2026-08-17).
satz_a1_0264,A1,제 아내는 회사에 다녀요.,Meine Frau arbeitet in einer Firma.,My wife works at a company.,rights: original; derived from live unused vocab 아내,approved,Jin explicit app-integration approval (2026-08-17).
satz_a1_0265,A1,오늘 눈이 좀 피곤하네요.,Meine Augen sind heute etwas müde.,My eyes are a bit tired today.,rights: original; derived from live unused vocab 눈,approved,Jin explicit app-integration approval (2026-08-17).
satz_a1_0266,A1,귀가 좀 아파요.,Mein Ohr tut ein bisschen weh.,My ear hurts a bit.,rights: original; derived from live unused vocab 귀,approved,Jin explicit app-integration approval (2026-08-17).
satz_a1_0267,A1,저는 빨간색을 제일 좋아해요.,Ich mag Rot am liebsten.,I like red the most.,rights: original; derived from live unused vocab 빨간색,approved,Jin explicit app-integration approval (2026-08-17).
satz_a1_0268,A1,오늘 하늘이 정말 파래요.,Der Himmel ist heute richtig blau.,The sky is really blue today.,rights: original; derived from live unused vocab 파란색,approved,Jin explicit app-integration approval (2026-08-17).
satz_a1_0269,A1,이 초록색 옷이 예뻐요.,Dieses grüne Outfit ist hübsch.,This green outfit is pretty.,rights: original; derived from live unused vocab 초록색,approved,Jin explicit app-integration approval (2026-08-17).
satz_a1_0270,A1,노란색 우산을 새로 샀어요.,Ich habe einen neuen gelben Regenschirm gekauft.,I bought a new yellow umbrella.,rights: original; derived from live unused vocab 노란색,approved,Jin explicit app-integration approval (2026-08-17).
satz_a1_0271,A1,오늘 저녁은 라면 어때요?,Wie wäre es heute Abend mit Ramen?,How about ramen for dinner tonight?,rights: original; derived from live unused vocab 라면,approved,Jin explicit app-integration approval (2026-08-17).
satz_a1_0272,A1,매일 아침 사과 하나 먹어요.,Ich esse jeden Morgen einen Apfel.,I eat an apple every morning.,rights: original; derived from live unused vocab 사과,approved,Jin explicit app-integration approval (2026-08-17).
satz_a1_0273,A1,아침에 계란 두 개 먹었어요.,Ich habe heute Morgen zwei Eier gegessen.,I ate two eggs this morning.,rights: original; derived from live unused vocab 계란,approved,Jin explicit app-integration approval (2026-08-17).
satz_a1_0274,A1,자기 전에 따뜻한 차 마셔요.,Vor dem Schlafengehen trinke ich warmen Tee.,I drink warm tea before bed.,rights: original; derived from live unused vocab 차,approved,Jin explicit app-integration approval (2026-08-17).
satz_a1_0275,A1,요즘 밤에 늦게 자요.,Zurzeit gehe ich nachts spät ins Bett.,These days I go to bed late at night.,rights: original; derived from live unused vocab 밤,approved,Jin explicit app-integration approval (2026-08-17).
satz_a1_0276,A1,저는 매일 아침 운동해요.,Ich mache jeden Morgen Sport.,I exercise every morning.,rights: original; derived from live unused vocab 매일,approved,Jin explicit app-integration approval (2026-08-17).
satz_a1_0277,A1,항상 도와주셔서 감사해요.,"Danke, dass Sie mir immer helfen.",Thank you for always helping me.,rights: original; derived from live unused vocab 항상,approved,Jin explicit app-integration approval (2026-08-17).
satz_a1_0278,A1,"늦었어요, 빨리 가요!","Wir sind spät dran, gehen wir schnell!","We're late, let's hurry!",rights: original; derived from live unused vocab 빨리,approved,Jin explicit app-integration approval (2026-08-17).
satz_a1_0279,A1,저는 매운 거 진짜 싫어해요.,Ich mag scharfes Essen wirklich nicht.,I really hate spicy food.,rights: original; derived from live unused vocab 싫어하다,approved,Jin explicit app-integration approval (2026-08-17).
satz_a1_0280,A1,우리 가족을 정말 사랑해요.,Ich liebe meine Familie sehr.,I really love my family.,rights: original; derived from live unused vocab 사랑하다,approved,Jin explicit app-integration approval (2026-08-17).
satz_a1_0281,A1,그건 저도 알아요.,Das weiß ich auch.,I know that too.,rights: original; derived from live unused vocab 알다,approved,Jin explicit app-integration approval (2026-08-17).
satz_a1_0282,A1,"죄송해요, 잘 몰라요.","Tut mir leid, das weiß ich nicht genau.","Sorry, I don't really know.",rights: original; derived from live unused vocab 모르다,approved,Jin explicit app-integration approval (2026-08-17).
satz_a1_0283,A1,이거 친구 선물로 줄 거예요.,Das gebe ich einem Freund als Geschenk.,I'm going to give this to a friend as a present.,rights: original; derived from live unused vocab 주다,approved,Jin explicit app-integration approval (2026-08-17).
satz_a1_0284,A1,여기 잠깐 서 있어요.,Bleiben Sie hier kurz stehen.,Please stand here for a moment.,rights: original; derived from live unused vocab 서다,approved,Jin explicit app-integration approval (2026-08-17).
satz_a1_0285,A1,오늘 카페에 사람이 정말 많아요.,Heute sind wirklich viele Leute im Café.,There are so many people at the cafe today.,rights: original; derived from live unused vocab 많다,approved,Jin explicit app-integration approval (2026-08-17).
satz_a1_0286,A1,"아, 진짜 배고파요.","Ah, ich habe echt Hunger.","Ah, I'm really hungry.",rights: original; derived from live unused vocab 배고프다,approved,Jin explicit app-integration approval (2026-08-17).
satz_a2_0231,A2,요즘 회사 일이 좀 많아요.,Zurzeit habe ich ziemlich viel Arbeit in der Firma.,I've got a lot of work at the company these days.,rights: original; derived from live unused vocab 회사,approved,Jin explicit app-integration approval (2026-08-17).
satz_a2_0232,A2,직업이 어떻게 되세요?,Was sind Sie von Beruf?,What do you do for a living?,rights: original; derived from live unused vocab 직업,approved,Jin explicit app-integration approval (2026-08-17).
satz_a2_0233,A2,저는 취미가 사진 찍는 거예요.,Mein Hobby ist Fotografieren.,My hobby is taking photos.,rights: original; derived from live unused vocab 취미,approved,Jin explicit app-integration approval (2026-08-17).
satz_a2_0234,A2,오늘 날씨 진짜 좋네요.,Das Wetter ist heute richtig schön.,The weather is really nice today.,rights: original; derived from live unused vocab 날씨,approved,Jin explicit app-integration approval (2026-08-17).
satz_a2_0235,A2,이제 봄이 왔네요.,Jetzt ist der Frühling da.,Spring is here now.,rights: original; derived from live unused vocab 봄,approved,Jin explicit app-integration approval (2026-08-17).
satz_a2_0236,A2,한국 여름은 진짜 더워요.,Der Sommer in Korea ist echt heiß.,Summer in Korea is really hot.,rights: original; derived from live unused vocab 여름,approved,Jin explicit app-integration approval (2026-08-17).
satz_a2_0237,A2,한국 겨울은 좀 추워요.,Der Winter in Korea ist ziemlich kalt.,Winter in Korea is pretty cold.,rights: original; derived from live unused vocab 겨울,approved,Jin explicit app-integration approval (2026-08-17).
satz_a2_0238,A2,감기가 심해서 병원에 다녀왔어요.,"Meine Erkältung war schlimm, deshalb war ich im Krankenhaus.","My cold was bad, so I went to the hospital.",rights: original; derived from live unused vocab 병원,approved,Jin explicit app-integration approval (2026-08-17).
satz_a2_0239,A2,감기약 좀 사러 왔어요.,"Ich bin hier, um Erkältungsmedizin zu kaufen.",I came to buy some cold medicine.,rights: original; derived from live unused vocab 약,approved,Jin explicit app-integration approval (2026-08-17).
satz_a2_0240,A2,이 근처에 맛있는 식당 있어요?,Gibt es hier in der Nähe ein gutes Restaurant?,Is there a good restaurant around here?,rights: original; derived from live unused vocab 식당,approved,Jin explicit app-integration approval (2026-08-17).
satz_a2_0241,A2,주말에 시장에 다녀왔어요.,Am Wochenende war ich auf dem Markt.,I went to the market over the weekend.,rights: original; derived from live unused vocab 시장,approved,Jin explicit app-integration approval (2026-08-17).
satz_a2_0242,A2,은행이 몇 시까지 열어요?,Bis wie viel Uhr hat die Bank geöffnet?,How late is the bank open?,rights: original; derived from live unused vocab 은행,approved,Jin explicit app-integration approval (2026-08-17).
satz_a2_0243,A2,다음 달에 제주도로 여행 가요.,Nächsten Monat mache ich eine Reise nach Jeju.,Next month I'm going on a trip to Jeju.,rights: original; derived from live unused vocab 여행,approved,Jin explicit app-integration approval (2026-08-17).
satz_a2_0244,A2,비행기가 곧 도착해요.,Das Flugzeug kommt gleich an.,The plane is arriving soon.,rights: original; derived from live unused vocab 비행기,approved,Jin explicit app-integration approval (2026-08-17).
satz_a2_0245,A2,이번 호텔 진짜 좋았어요.,Das Hotel war diesmal richtig gut.,The hotel this time was really nice.,rights: original; derived from live unused vocab 호텔,approved,Jin explicit app-integration approval (2026-08-17).
satz_a2_0246,A2,요즘 이 음악 자주 들어요.,Diese Musik höre ich zurzeit oft.,I've been listening to this music a lot lately.,rights: original; derived from live unused vocab 음악,approved,Jin explicit app-integration approval (2026-08-17).
satz_a2_0247,A2,주말에 영화 한 편 봤어요.,Am Wochenende habe ich einen Film gesehen.,I watched a movie over the weekend.,rights: original; derived from live unused vocab 영화,approved,Jin explicit app-integration approval (2026-08-17).
satz_a2_0248,A2,숙제 다 했어요?,Haben Sie Ihre Hausaufgaben schon gemacht?,Did you finish your homework?,rights: original; derived from live unused vocab 숙제,approved,Jin explicit app-integration approval (2026-08-17).
satz_a2_0249,A2,이번엔 성적이 좀 올랐어요.,Diesmal sind meine Noten etwas besser geworden.,My grades went up a bit this time.,rights: original; derived from live unused vocab 성적,approved,Jin explicit app-integration approval (2026-08-17).
satz_a2_0250,A2,다음 주부터 휴가예요.,Ab nächster Woche habe ich Urlaub.,I'm on vacation starting next week.,rights: original; derived from live unused vocab 휴가,approved,Jin explicit app-integration approval (2026-08-17).
satz_a2_0251,A2,지금 회의 중이에요.,Ich bin gerade in einem Meeting.,I'm in a meeting right now.,rights: original; derived from live unused vocab 회의,approved,Jin explicit app-integration approval (2026-08-17).
satz_a2_0252,A2,여기서 택시 잡기 힘들어요.,"Hier ist es schwer, ein Taxi zu bekommen.",It's hard to catch a taxi here.,rights: original; derived from live unused vocab 택시,approved,Jin explicit app-integration approval (2026-08-17).
satz_a2_0253,A2,기차 시간에 늦었어요.,Ich war zu spät für den Zug.,I was late for the train.,rights: original; derived from live unused vocab 기차,approved,Jin explicit app-integration approval (2026-08-17).
satz_a2_0254,A2,요즘 자전거로 출근해요.,Zurzeit fahre ich mit dem Fahrrad zur Arbeit.,These days I ride my bike to work.,rights: original; derived from live unused vocab 자전거,approved,Jin explicit app-integration approval (2026-08-17).
satz_a2_0255,A2,아까 부재중 전화 왔어요.,Vorhin gab es einen verpassten Anruf.,There was a missed call earlier.,rights: original; derived from live unused vocab 전화,approved,Jin explicit app-integration approval (2026-08-17).
satz_a2_0256,A2,답장 문자 못 봤어요?,Haben Sie meine Antwort-SMS nicht gesehen?,Didn't you see my reply text?,rights: original; derived from live unused vocab 문자,approved,Jin explicit app-integration approval (2026-08-17).
satz_a2_0257,A2,여기 인터넷 좀 느리네요.,Das Internet hier ist etwas langsam.,The internet here is a bit slow.,rights: original; derived from live unused vocab 인터넷,approved,Jin explicit app-integration approval (2026-08-17).
satz_a2_0258,A2,컴퓨터가 갑자기 꺼졌어요.,Der Computer ist plötzlich ausgegangen.,The computer suddenly shut off.,rights: original; derived from live unused vocab 컴퓨터,approved,Jin explicit app-integration approval (2026-08-17).
satz_a2_0259,A2,"아, 지갑을 집에 두고 왔어요.","Ach, ich habe meine Geldbörse zu Hause gelassen.","Oh no, I left my wallet at home.",rights: original; derived from live unused vocab 지갑,approved,Jin explicit app-integration approval (2026-08-17).
satz_a2_0260,A2,우산 안 가져왔는데 어떡해요?,"Ich habe keinen Regenschirm dabei, was soll ich machen?","I didn't bring an umbrella, what should I do?",rights: original; derived from live unused vocab 우산,approved,Jin explicit app-integration approval (2026-08-17).
satz_a2_0261,A2,이거 다 해서 얼마예요?,Wie viel kostet das alles zusammen?,How much is all of this together?,rights: original; derived from live unused vocab 얼마,approved,Jin explicit app-integration approval (2026-08-17).
satz_a2_0262,A2,학생 할인 되나요?,Gibt es Studentenrabatt?,Is there a student discount?,rights: original; derived from live unused vocab 할인,approved,Jin explicit app-integration approval (2026-08-17).
satz_a2_0263,A2,영수증 좀 주시겠어요?,Könnten Sie mir bitte die Quittung geben?,"Could I get the receipt, please?",rights: original; derived from live unused vocab 영수증,approved,Jin explicit app-integration approval (2026-08-17).
satz_a2_0264,A2,요즘 한국어를 공부하고 있어요.,Zurzeit lerne ich Koreanisch.,I'm studying Korean these days.,rights: original; derived from live unused vocab 공부하다,approved,Jin explicit app-integration approval (2026-08-17).
satz_a2_0265,A2,요즘 매일 운동하려고 해요.,"Zurzeit versuche ich, jeden Tag Sport zu machen.",Lately I've been trying to exercise every day.,rights: original; derived from live unused vocab 운동하다,approved,Jin explicit app-integration approval (2026-08-17).
satz_a2_0266,A2,여름에 유럽을 여행하고 싶어요.,Im Sommer möchte ich durch Europa reisen.,I want to travel around Europe in the summer.,rights: original; derived from live unused vocab 여행하다,approved,Jin explicit app-integration approval (2026-08-17).
satz_a2_0267,A2,저는 주말에 요리하는 걸 좋아해요.,Ich koche am Wochenende gern.,I like cooking on weekends.,rights: original; derived from live unused vocab 요리하다,approved,Jin explicit app-integration approval (2026-08-17).
satz_a2_0268,A2,이따 다시 전화할게요.,Ich rufe Sie später noch mal an.,I'll call you back later.,rights: original; derived from live unused vocab 전화하다,approved,Jin explicit app-integration approval (2026-08-17).
satz_a2_0269,A2,지금 막 도착했어요.,Ich bin gerade angekommen.,I just arrived.,rights: original; derived from live unused vocab 도착하다,approved,Jin explicit app-integration approval (2026-08-17).
satz_a2_0270,A2,오늘은 그냥 집에서 쉴래요.,Heute möchte ich mich einfach zu Hause ausruhen.,Today I just want to rest at home.,rights: original; derived from live unused vocab 쉬다,approved,Jin explicit app-integration approval (2026-08-17).
satz_a2_0271,A2,이름이 기억이 안 나요.,Ich kann mich nicht an den Namen erinnern.,I can't remember the name.,rights: original; derived from live unused vocab 기억하다,approved,Jin explicit app-integration approval (2026-08-17).
satz_a2_0272,A2,무슨 말인지 이해했어요.,"Ich habe verstanden, was Sie meinen.",I understood what you meant.,rights: original; derived from live unused vocab 이해하다,approved,Jin explicit app-integration approval (2026-08-17).
satz_a2_0273,A2,요즘 기타를 배우고 있어요.,Zurzeit lerne ich Gitarre.,I'm learning guitar these days.,rights: original; derived from live unused vocab 배우다,approved,Jin explicit app-integration approval (2026-08-17).
satz_a2_0274,A2,저희 언니가 영어를 가르쳐요.,Meine ältere Schwester unterrichtet Englisch.,My older sister teaches English.,rights: original; derived from live unused vocab 가르치다,approved,Jin explicit app-integration approval (2026-08-17).
satz_a2_0275,A2,지금 열쇠를 찾고 있어요.,Ich suche gerade den Schlüssel.,I'm looking for the key right now.,rights: original; derived from live unused vocab 찾다,approved,Jin explicit app-integration approval (2026-08-17).
satz_a2_0276,A2,친구 생일에 케이크를 만들었어요.,Ich habe zum Geburtstag meines Freundes einen Kuchen gemacht.,I made a cake for my friend's birthday.,rights: original; derived from live unused vocab 만들다,approved,Jin explicit app-integration approval (2026-08-17).
satz_a2_0277,A2,저녁 7시로 예약했어요.,Ich habe für 19 Uhr reserviert.,I made a reservation for 7 p.m.,rights: original; derived from live unused vocab 예약하다,approved,Jin explicit app-integration approval (2026-08-17).
satz_a2_0278,A2,방금 사진 보냈어요.,Ich habe gerade das Foto geschickt.,I just sent the photo.,rights: original; derived from live unused vocab 보내다,approved,Jin explicit app-integration approval (2026-08-17).
satz_a2_0279,A2,지갑을 잃어버려서 큰일 났어요.,"Ich habe meine Geldbörse verloren, jetzt habe ich ein großes Problem.","I lost my wallet, and now I'm in big trouble.",rights: original; derived from live unused vocab 잃어버리다,approved,Jin explicit app-integration approval (2026-08-17).
satz_a2_0280,A2,이거 다른 걸로 바꿀 수 있어요?,Kann ich das gegen etwas anderes umtauschen?,Can I exchange this for something else?,rights: original; derived from live unused vocab 바꾸다,approved,Jin explicit app-integration approval (2026-08-17).
satz_a2_0281,A2,회사까지 30분 걸어요.,Bis zur Firma laufe ich 30 Minuten.,I walk 30 minutes to work.,rights: original; derived from live unused vocab 걷다,approved,Jin explicit app-integration approval (2026-08-17).
satz_a2_0282,A2,너무 걱정하지 마세요.,Machen Sie sich nicht zu viele Sorgen.,Don't worry too much.,rights: original; derived from live unused vocab 걱정하다,approved,Jin explicit app-integration approval (2026-08-17).
satz_a2_0283,A2,여기 계산 좀 부탁드려요.,"Die Rechnung, bitte!","Could we get the check, please?",rights: original; derived from live unused vocab 계산하다,approved,Jin explicit app-integration approval (2026-08-17).
satz_a2_0284,A2,밖에 날씨가 많이 추워요.,Draußen ist es sehr kalt.,It's very cold outside.,rights: original; derived from live unused vocab 춥다,approved,Jin explicit app-integration approval (2026-08-17).
satz_a2_0285,A2,오늘따라 좀 피곤하네요.,Heute bin ich irgendwie etwas müde.,For some reason I'm a bit tired today.,rights: original; derived from live unused vocab 피곤하다,approved,Jin explicit app-integration approval (2026-08-17).
satz_a2_0286,A2,요즘 진짜 행복해요.,Zurzeit bin ich richtig glücklich.,I'm really happy these days.,rights: original; derived from live unused vocab 행복하다,approved,Jin explicit app-integration approval (2026-08-17).
satz_a2_0287,A2,그 얘기 들으니까 슬퍼요.,"Wenn ich das höre, werde ich traurig.",Hearing that makes me sad.,rights: original; derived from live unused vocab 슬프다,approved,Jin explicit app-integration approval (2026-08-17).
satz_a2_0288,A2,이 옷 진짜 예뻐요.,Dieses Outfit ist echt hübsch.,This outfit is really pretty.,rights: original; derived from live unused vocab 예쁘다,approved,Jin explicit app-integration approval (2026-08-17).
satz_a2_0289,A2,그 드라마 진짜 재미있어요.,Diese Serie ist wirklich unterhaltsam.,That drama is really fun.,rights: original; derived from live unused vocab 재미있다,approved,Jin explicit app-integration approval (2026-08-17).
satz_a2_0290,A2,그 영화 좀 무서웠어요.,Der Film war ziemlich gruselig.,That movie was pretty scary.,rights: original; derived from live unused vocab 무섭다,approved,Jin explicit app-integration approval (2026-08-17).
satz_a2_0291,A2,부모님이 건강하셨으면 좋겠어요.,"Ich wünsche mir, dass meine Eltern gesund bleiben.",I hope my parents stay healthy.,rights: original; derived from live unused vocab 건강하다,approved,Jin explicit app-integration approval (2026-08-17).
satz_a2_0292,A2,아침부터 배가 너무 아파요.,Seit heute Morgen tut mir der Bauch sehr weh.,My stomach has been hurting badly since this morning.,rights: original; derived from live unused vocab 아프다,approved,Jin explicit app-integration approval (2026-08-17).
satz_a2_0293,A2,택시가 지하철보다 빨라요.,Das Taxi ist schneller als die U-Bahn.,A taxi is faster than the subway.,rights: original; derived from live unused vocab 빠르다,approved,Jin explicit app-integration approval (2026-08-17).
satz_a2_0294,A2,오늘따라 인터넷이 좀 느리네요.,Heute ist das Internet irgendwie langsam.,The internet is somehow slow today.,rights: original; derived from live unused vocab 느리다,approved,Jin explicit app-integration approval (2026-08-17).
satz_a2_0295,A2,가방이 왜 이렇게 무거워요?,Warum ist die Tasche so schwer?,Why is this bag so heavy?,rights: original; derived from live unused vocab 무겁다,approved,Jin explicit app-integration approval (2026-08-17).
satz_a2_0296,A2,새 집이 생각보다 넓어요.,"Die neue Wohnung ist geräumiger, als ich dachte.",The new place is more spacious than I expected.,rights: original; derived from live unused vocab 넓다,approved,Jin explicit app-integration approval (2026-08-17).
satz_a2_0297,A2,"아, 김치 진짜 맵네요.","Oh, das Kimchi ist echt scharf!","Wow, this kimchi is really spicy!",rights: original; derived from live unused vocab 맵다,approved,Jin explicit app-integration approval (2026-08-17).
satz_a2_0298,A2,요즘 고향이 많이 그리워요.,Zurzeit vermisse ich meine Heimat sehr.,I really miss my hometown these days.,rights: original; derived from live unused vocab 그립다,approved,Jin explicit app-integration approval (2026-08-17).
satz_a2_0299,A2,혼자 살면 가끔 외로울 때 있어요.,"Wenn man alleine wohnt, fühlt man sich manchmal einsam.","When you live alone, you sometimes feel lonely.",rights: original; derived from live unused vocab 외롭다,approved,Jin explicit app-integration approval (2026-08-17).
satz_a2_0300,A2,이거 정말 맛있네요.,Das ist wirklich lecker!,It's really delicious!,rights: original; derived from live unused vocab 정말,approved,Jin explicit app-integration approval (2026-08-17).
satz_a2_0301,A2,오늘 너무 덥지 않아요?,Ist es heute nicht zu heiß?,Isn't it too hot today?,rights: original; derived from live unused vocab 너무,approved,Jin explicit app-integration approval (2026-08-17).
satz_a2_0302,A2,오늘 진짜 많이 먹었어요.,Heute habe ich echt viel gegessen.,I ate so much today.,rights: original; derived from live unused vocab 많이,approved,Jin explicit app-integration approval (2026-08-17).
satz_a2_0303,A2,저 혼자 살고 있어요.,Ich wohne alleine.,I live alone.,rights: original; derived from live unused vocab 혼자,approved,Jin explicit app-integration approval (2026-08-17).
satz_a2_0304,A2,우리 같이 갈까요?,Sollen wir zusammen gehen?,Shall we go together?,rights: original; derived from live unused vocab 같이,approved,Jin explicit app-integration approval (2026-08-17).
satz_a2_0305,A2,저 사람 또 왔네요.,Diese Person ist ja schon wieder da.,That person is here again.,rights: original; derived from live unused vocab 또,approved,Jin explicit app-integration approval (2026-08-17).
satz_b1_0272,B1,올해 목표는 한국어 자격증 따는 거예요.,"Mein Ziel für dieses Jahr ist, das Koreanisch-Zertifikat zu machen.",My goal this year is to get a Korean language certificate.,rights: original; derived from live unused vocab 목표,approved,Jin explicit app-integration approval (2026-08-17).
satz_b1_0273,B1,이 문제 좀 같이 볼까요?,Sollen wir uns dieses Problem zusammen ansehen?,Shall we look at this problem together?,rights: original; derived from live unused vocab 문제,approved,Jin explicit app-integration approval (2026-08-17).
satz_b1_0274,B1,이 문제는 빨리 해결해야 해요.,Dieses Problem müssen wir schnell lösen.,We need to solve this problem quickly.,rights: original; derived from live unused vocab 해결,approved,Jin explicit app-integration approval (2026-08-17).
satz_b1_0275,B1,요즘 경제가 진짜 어렵네요.,Die Wirtschaftslage ist zurzeit echt schwierig.,The economy is really tough these days.,rights: original; derived from live unused vocab 경제,approved,Jin explicit app-integration approval (2026-08-17).
satz_b1_0276,B1,교육에 진짜 돈이 많이 들어요.,Bildung kostet wirklich viel Geld.,Education really costs a lot of money.,rights: original; derived from live unused vocab 교육,approved,Jin explicit app-integration approval (2026-08-17).
satz_a2_0306,A2,뭐니 뭐니 해도 건강이 최고예요.,Am Ende ist die Gesundheit doch das Wichtigste.,"At the end of the day, health comes first.",rights: original; derived from live unused vocab 건강,approved,Jin explicit app-integration approval (2026-08-17).
satz_b1_0277,B1,기술 발전 속도가 진짜 빠르네요.,Die Technik entwickelt sich echt schnell.,Technology is advancing really fast.,rights: original; derived from live unused vocab 기술,approved,Jin explicit app-integration approval (2026-08-17).
satz_b1_0278,B1,요즘 스트레스가 너무 심해요.,Zurzeit habe ich echt viel Stress.,I've been really stressed lately.,rights: original; derived from live unused vocab 스트레스,approved,Jin explicit app-integration approval (2026-08-17).
satz_b1_0279,B1,이건 정말 좋은 기회 같아요.,Das scheint eine wirklich gute Gelegenheit zu sein.,This seems like a really good opportunity.,rights: original; derived from live unused vocab 기회,approved,Jin explicit app-integration approval (2026-08-17).
satz_b1_0280,B1,지금 상황이 좀 애매해요.,Die Situation ist gerade etwas unklar.,The situation is a bit unclear right now.,rights: original; derived from live unused vocab 상황,approved,Jin explicit app-integration approval (2026-08-17).
satz_b1_0281,B1,결과가 생각보다 잘 나왔어요.,Das Ergebnis ist besser ausgefallen als gedacht.,The results came out better than expected.,rights: original; derived from live unused vocab 결과,approved,Jin explicit app-integration approval (2026-08-17).
satz_b1_0282,B1,특별한 이유가 있는 건 아니에요.,Es gibt keinen besonderen Grund.,There's no particular reason.,rights: original; derived from live unused vocab 이유,approved,Jin explicit app-integration approval (2026-08-17).
satz_b1_0283,B1,조건이 좀 까다롭네요.,Die Bedingungen sind ganz schön anspruchsvoll.,The conditions are quite demanding.,rights: original; derived from live unused vocab 조건,approved,Jin explicit app-integration approval (2026-08-17).
satz_b1_0284,B1,인터넷에 정보가 너무 많아서 헷갈려요.,"Im Internet gibt es so viele Informationen, dass ich durcheinanderkomme.",There's so much information online that it's confusing.,rights: original; derived from live unused vocab 정보,approved,Jin explicit app-integration approval (2026-08-17).
satz_b1_0285,B1,도착하면 연락 주세요.,"Melden Sie sich bitte, wenn Sie ankommen.",Please contact me when you arrive.,rights: original; derived from live unused vocab 연락,approved,Jin explicit app-integration approval (2026-08-17).
satz_b1_0286,B1,그건 저 혼자 결정하기 어려워요.,Das kann ich schlecht alleine entscheiden.,That's hard for me to decide on my own.,rights: original; derived from live unused vocab 결정하다,approved,Jin explicit app-integration approval (2026-08-17).
satz_b1_0287,B1,발표 준비 잘 하고 계세요?,Läuft die Vorbereitung für die Präsentation gut?,Is your presentation prep going well?,rights: original; derived from live unused vocab 준비하다,approved,Jin explicit app-integration approval (2026-08-17).
satz_b1_0288,B1,짧은 시간에 실력이 많이 발전했네요.,Ihre Fähigkeiten haben sich in kurzer Zeit sehr verbessert.,Your skills have improved a lot in a short time.,rights: original; derived from live unused vocab 발전하다,approved,Jin explicit app-integration approval (2026-08-17).
satz_b1_0289,B1,저도 나름대로 노력하고 있어요.,Ich gebe auf meine Weise auch mein Bestes.,"I'm doing my best in my own way, too.",rights: original; derived from live unused vocab 노력하다,approved,Jin explicit app-integration approval (2026-08-17).
satz_b1_0290,B1,이번 행사에 꼭 참여해 주세요.,Nehmen Sie bitte unbedingt an dieser Veranstaltung teil.,Please be sure to take part in this event.,rights: original; derived from live unused vocab 참여하다,approved,Jin explicit app-integration approval (2026-08-17).
satz_b1_0291,B1,이번 어려움도 잘 극복하시길 바라요.,"Ich hoffe, dass Sie auch diese Schwierigkeit gut überwinden.","I hope you get through this difficulty, too.",rights: original; derived from live unused vocab 극복하다,approved,Jin explicit app-integration approval (2026-08-17).
satz_b1_0292,B1,감정을 잘 표현하는 편이 아니에요.,"Ich bin nicht so gut darin, meine Gefühle auszudrücken.",I'm not very good at expressing my feelings.,rights: original; derived from live unused vocab 표현하다,approved,Jin explicit app-integration approval (2026-08-17).
satz_b1_0293,B1,요즘 일에 집중이 잘 안 돼요.,Zurzeit kann ich mich bei der Arbeit schlecht konzentrieren.,I have trouble focusing on work these days.,rights: original; derived from live unused vocab 집중하다,approved,Jin explicit app-integration approval (2026-08-17).
satz_b1_0294,B1,제 실수를 인정할게요.,Ich gebe meinen Fehler zu.,I'll admit my mistake.,rights: original; derived from live unused vocab 인정하다,approved,Jin explicit app-integration approval (2026-08-17).
satz_b1_0295,B1,무엇보다 건강이 제일 중요해요.,Gesundheit ist das Allerwichtigste.,"Above all, health is the most important thing.",rights: original; derived from live unused vocab 중요하다,approved,Jin explicit app-integration approval (2026-08-17).
satz_b1_0296,B1,이 문제는 생각보다 복잡해요.,Dieses Problem ist komplizierter als gedacht.,This problem is more complicated than you'd think.,rights: original; derived from live unused vocab 복잡하다,approved,Jin explicit app-integration approval (2026-08-17).
satz_b1_0297,B1,생각보다 답은 단순하더라고요.,Die Antwort war einfacher als gedacht.,The answer turned out to be simpler than expected.,rights: original; derived from live unused vocab 단순하다,approved,Jin explicit app-integration approval (2026-08-17).
satz_b1_0298,B1,시간 좀 정확하게 알려주세요.,Bitte sagen Sie mir die genaue Uhrzeit.,Please tell me the exact time.,rights: original; derived from live unused vocab 정확하다,approved,Jin explicit app-integration approval (2026-08-17).
satz_b1_0299,B1,결국 오늘도 야근이네요.,Am Ende mache ich heute also doch wieder Überstunden.,"In the end, I'm working overtime again today.",rights: original; derived from live unused vocab 결국,approved,Jin explicit app-integration approval (2026-08-17).
satz_b2_0348,B2,말씀의 논리가 좀 부족한 것 같아요.,"Ich finde, Ihrer Argumentation fehlt es etwas an Logik.",I think your argument lacks a bit of logic.,rights: original; derived from live unused vocab 논리,approved,Jin explicit app-integration approval (2026-08-17).
satz_b2_0349,B2,이론과 실제는 좀 다르더라고요.,Theorie und Praxis sind eben doch etwas verschieden.,Theory and practice turned out to be a bit different.,rights: original; derived from live unused vocab 이론,approved,Jin explicit app-integration approval (2026-08-17).
satz_b2_0350,B2,결론부터 말씀드리자면 반대예요.,"Um es gleich vorwegzunehmen, ich bin dagegen.","To get straight to the point, I'm against it.",rights: original; derived from live unused vocab 결론,approved,Jin explicit app-integration approval (2026-08-17).
satz_b2_0351,B2,이 주장의 근거가 뭐예요?,Was ist die Grundlage für diese Behauptung?,What's the basis for this claim?,rights: original; derived from live unused vocab 근거,approved,Jin explicit app-integration approval (2026-08-17).
satz_b2_0352,B2,이건 요즘 사회에서 흔한 현상이에요.,Das ist heutzutage ein häufiges Phänomen in unserer Gesellschaft.,That's a common phenomenon in society these days.,rights: original; derived from live unused vocab 현상,approved,Jin explicit app-integration approval (2026-08-17).
satz_b2_0353,B2,이 전제 자체가 잘못됐다고 생각해요.,"Ich denke, diese Voraussetzung ist an sich schon falsch.",I think the premise itself is wrong.,rights: original; derived from live unused vocab 전제,approved,Jin explicit app-integration approval (2026-08-17).
satz_b2_0354,B2,그 발언은 맥락을 봐야 이해가 돼요.,Diese Äußerung versteht man nur im Kontext.,You can only understand that remark in context.,rights: original; derived from live unused vocab 맥락,approved,Jin explicit app-integration approval (2026-08-17).
satz_b2_0355,B2,민주주의는 참여에서 시작돼요.,Demokratie beginnt mit Beteiligung.,Democracy starts with participation.,rights: original; derived from live unused vocab 민주주의,approved,Jin explicit app-integration approval (2026-08-17).
satz_b2_0356,B2,표현의 자유는 존중되어야 해요.,Die Meinungsfreiheit muss respektiert werden.,Freedom of expression must be respected.,rights: original; derived from live unused vocab 자유,approved,Jin explicit app-integration approval (2026-08-17).
satz_b2_0357,B2,이 데이터를 좀 더 분석해 볼게요.,Ich werde diese Daten noch etwas genauer analysieren.,I'll analyze this data a bit more.,rights: original; derived from live unused vocab 분석하다,approved,Jin explicit app-integration approval (2026-08-17).
satz_b2_0358,B2,성과는 객관적으로 평가해야 해요.,Man muss Leistungen objektiv bewerten.,You have to evaluate performance objectively.,rights: original; derived from live unused vocab 평가하다,approved,Jin explicit app-integration approval (2026-08-17).
satz_b2_0359,B2,건설적으로 비판하는 게 중요하죠.,"Es ist wichtig, konstruktiv zu kritisieren.",It's important to criticize constructively.,rights: original; derived from live unused vocab 비판하다,approved,Jin explicit app-integration approval (2026-08-17).
satz_b2_0360,B2,이 부분을 다시 한번 강조하고 싶어요.,Diesen Punkt möchte ich noch einmal betonen.,I'd like to emphasize this point once more.,rights: original; derived from live unused vocab 강조하다,approved,Jin explicit app-integration approval (2026-08-17).
satz_b2_0361,B2,제안서 다시 한번 검토해 주세요.,Bitte prüfen Sie den Vorschlag noch einmal.,Please review the proposal one more time.,rights: original; derived from live unused vocab 검토하다,approved,Jin explicit app-integration approval (2026-08-17).
satz_b2_0362,B2,이 부분은 다음 회의에서 논의하죠.,Besprechen wir diesen Punkt in der nächsten Sitzung.,Let's discuss this part at the next meeting.,rights: original; derived from live unused vocab 논의하다,approved,Jin explicit app-integration approval (2026-08-17).
satz_b2_0363,B2,문제를 정확히 인식하는 게 먼저예요.,Zuerst muss man das Problem genau erkennen.,First you have to recognize the problem accurately.,rights: original; derived from live unused vocab 인식하다,approved,Jin explicit app-integration approval (2026-08-17).
satz_b2_0364,B2,이 조항을 어떻게 해석해야 할까요?,Wie sollen wir diese Klausel interpretieren?,How should we interpret this clause?,rights: original; derived from live unused vocab 해석하다,approved,Jin explicit app-integration approval (2026-08-17).
satz_b2_0365,B2,그 부분은 반박하고 싶은데요.,Diesem Punkt möchte ich widersprechen.,I'd like to push back on that point.,rights: original; derived from live unused vocab 반박하다,approved,Jin explicit app-integration approval (2026-08-17).
satz_b2_0366,B2,새 규정이 다음 달부터 적용됩니다.,Die neue Regelung gilt ab nächstem Monat.,The new regulation takes effect next month.,rights: original; derived from live unused vocab 적용하다,approved,Jin explicit app-integration approval (2026-08-17).
satz_b2_0367,B2,언젠가는 그 꿈을 실현하고 싶어요.,Irgendwann möchte ich diesen Traum verwirklichen.,Someday I want to make that dream come true.,rights: original; derived from live unused vocab 실현하다,approved,Jin explicit app-integration approval (2026-08-17).
satz_b2_0368,B2,지금 방식을 계속 지속하기는 어렵겠어요.,"Es wird wohl schwierig, die jetzige Methode so fortzusetzen.",It'll be hard to keep up the current approach.,rights: original; derived from live unused vocab 지속하다,approved,Jin explicit app-integration approval (2026-08-17).
satz_b2_0369,B2,설명이 좀 추상적이지 않았어요?,War die Erklärung nicht etwas abstrakt?,Wasn't the explanation a bit abstract?,rights: original; derived from live unused vocab 추상적이다,approved,Jin explicit app-integration approval (2026-08-17).
satz_b2_0370,B2,객관적으로 봐도 이 결과가 맞아요.,Auch objektiv betrachtet ist dieses Ergebnis richtig.,"Even looking at it objectively, this result is correct.",rights: original; derived from live unused vocab 객관적이다,approved,Jin explicit app-integration approval (2026-08-17).
satz_b2_0371,B2,그건 너무 주관적인 판단이에요.,Das ist ein sehr subjektives Urteil.,That's a really subjective judgment.,rights: original; derived from live unused vocab 주관적이다,approved,Jin explicit app-integration approval (2026-08-17).
satz_a1_0287,A1,우리 넷이서 같이 가요.,Gehen wir doch zu viert zusammen.,Let's all four go together.,rights: original; derived from live unused vocab 넷,approved,Jin explicit app-integration approval (2026-08-17).
satz_a1_0288,A1,월요일에 다시 만나요.,Wir sehen uns am Montag wieder.,See you again on Monday.,rights: original; derived from live unused vocab 월요일,approved,Jin explicit app-integration approval (2026-08-17).
satz_a1_0289,A1,이번 주 수요일에 만날까요?,Wollen wir uns diesen Mittwoch treffen?,Should we meet this Wednesday?,rights: original; derived from live unused vocab 수요일,approved,Jin explicit app-integration approval (2026-08-17).
satz_a1_0290,A1,이번 주 목요일에 봐요.,Wir sehen uns diesen Donnerstag.,See you this Thursday.,rights: original; derived from live unused vocab 목요일,approved,Jin explicit app-integration approval (2026-08-17).
satz_a1_0291,A1,조심히 안녕히 가세요.,"Tschüss, kommen Sie gut nach Hause.","Bye, get home safe.",rights: original; derived from live unused vocab 안녕히 가세요,approved,Jin explicit app-integration approval (2026-08-17).
satz_a1_0292,A1,저 먼저 갈게요. 안녕히 계세요.,Ich geh schon mal. Tschüss.,I'm heading out first. Bye.,rights: original; derived from live unused vocab 안녕히 계세요,approved,Jin explicit app-integration approval (2026-08-17).
satz_a1_0293,A1,오늘 수고했어요. 잘 자요.,Gute Arbeit heute. Schlafen Sie gut.,Good work today. Sleep well.,rights: original; derived from live unused vocab 잘 자요,approved,Jin explicit app-integration approval (2026-08-17).
satz_a1_0294,A1,처음 뵙겠습니다. 잘 부탁드려요.,Freut mich.,Nice to meet you.,rights: original; derived from live unused vocab 처음 뵙겠습니다,approved,Jin explicit app-integration approval (2026-08-17).
satz_a1_0295,A1,정말 만나서 반가워요.,Freut mich wirklich.,Really nice to meet you.,rights: original; derived from live unused vocab 만나서 반가워요,approved,Jin explicit app-integration approval (2026-08-17).
satz_a1_0296,A1,"별말씀을요, 당연한 거예요.","Keine Ursache, gern.",Don't mention it.,rights: original; derived from live unused vocab 별말씀을요,approved,Jin explicit app-integration approval (2026-08-17).
satz_a1_0297,A1,"실례합니다, 화장실이 어디예요?","Entschuldigung, wo ist die Toilette?","Excuse me, where's the restroom?",rights: original; derived from live unused vocab 실례합니다,approved,Jin explicit app-integration approval (2026-08-17).
satz_a1_0298,A1,"잠시만요, 금방 갈게요.","Einen Moment, ich komme gleich.","Just a second, I'll be right there.",rights: original; derived from live unused vocab 잠시만요,approved,Jin explicit app-integration approval (2026-08-17).
satz_a1_0299,A1,우리 팀 화이팅!,"Auf geht's, unser Team!","Let's go, team!",rights: original; derived from live unused vocab 화이팅,approved,Jin explicit app-integration approval (2026-08-17).
satz_a1_0300,A1,잠깐만 기다려 주세요.,Warten Sie bitte einen Moment.,Please wait a moment.,rights: original; derived from live unused vocab 잠깐,approved,Jin explicit app-integration approval (2026-08-17).
satz_a1_0301,A1,오늘 일찍 자고 싶어요.,Ich möchte heute früh schlafen gehen.,I want to go to bed early tonight.,rights: original; derived from live unused vocab 일찍,approved,Jin explicit app-integration approval (2026-08-17).
satz_a1_0302,A1,저는 커피를 자주 마셔요.,Ich trinke oft Kaffee.,I drink coffee often.,rights: original; derived from live unused vocab 자주,approved,Jin explicit app-integration approval (2026-08-17).
satz_a2_0307,A2,저희 아직 주문 안 했어요.,Wir haben noch nicht bestellt.,We haven't ordered yet.,rights: original; derived from live unused vocab 주문하다,approved,Jin explicit app-integration approval (2026-08-17).
satz_a2_0308,A2,여기서 뭐가 제일 맛있어요?,Empfehlen Sie mir bitte das leckerste Gericht hier.,Please recommend the tastiest dish here.,rights: original; derived from live unused vocab 추천하다,approved,Jin explicit app-integration approval (2026-08-17).
satz_a2_0309,A2,이 집 김치찌개 맛이 진짜예요.,Der Kimchi-Eintopf hier schmeckt einfach unglaublich.,The kimchi stew at this place is the real deal.,rights: original; derived from live unused vocab 맛,approved,Jin explicit app-integration approval (2026-08-17).
satz_a2_0310,A2,이 귤 좀 셔요.,Diese Mandarine ist etwas sauer.,This tangerine is a bit sour.,rights: original; derived from live unused vocab 시다,approved,Jin explicit app-integration approval (2026-08-17).
satz_a2_0311,A2,국이 좀 싱거워요.,Die Suppe ist etwas fade.,The soup is a bit bland.,rights: original; derived from live unused vocab 싱겁다,approved,Jin explicit app-integration approval (2026-08-17).
satz_a2_0312,A2,이거 포장해 주세요.,Packen Sie mir das bitte zum Mitnehmen ein.,"Can I get this to go, please?",rights: original; derived from live unused vocab 포장하다,approved,Jin explicit app-integration approval (2026-08-17).
satz_a2_0313,A2,오늘 저녁은 그냥 배달시켜요.,Bestellen wir heute Abend einfach beim Lieferdienst.,Let's just get delivery tonight.,rights: original; derived from live unused vocab 배달,approved,Jin explicit app-integration approval (2026-08-17).
satz_a2_0314,A2,다른 색깔도 있어요?,Gibt es auch andere Farben?,Are there other colors too?,rights: original; derived from live unused vocab 색깔,approved,Jin explicit app-integration approval (2026-08-17).
satz_a2_0315,A2,이 색이 진짜 잘 어울려요.,Diese Farbe steht Ihnen wirklich gut.,This color really suits you.,rights: original; derived from live unused vocab 어울리다,approved,Jin explicit app-integration approval (2026-08-17).
satz_a2_0316,A2,다른 사이즈로 교환할 수 있을까요?,Könnte ich das in eine andere Größe umtauschen?,Could I exchange this for a different size?,rights: original; derived from live unused vocab 교환,approved,Jin explicit app-integration approval (2026-08-17).
satz_a2_0317,A2,오늘 손님이 많으시네요.,Sie haben heute aber viele Gäste.,You've got a lot of customers today.,rights: original; derived from live unused vocab 손님,approved,Jin explicit app-integration approval (2026-08-17).
satz_a2_0318,A2,점원분이 진짜 친절했어요.,Der Verkäufer war wirklich freundlich.,The clerk was really friendly.,rights: original; derived from live unused vocab 점원,approved,Jin explicit app-integration approval (2026-08-17).
satz_a2_0319,A2,가다가 길을 잃어버렸어요.,Ich habe mich unterwegs verlaufen.,I got lost on the way.,rights: original; derived from live unused vocab 길,approved,Jin explicit app-integration approval (2026-08-17).
satz_a2_0320,A2,여기서 곧장 가시면 돼요.,Gehen Sie von hier einfach geradeaus.,Just go straight from here.,rights: original; derived from live unused vocab 곧장,approved,Jin explicit app-integration approval (2026-08-17).
satz_a2_0321,A2,저 신호등에서 오른쪽으로 가세요.,Biegen Sie an der Ampel dort rechts ab.,Turn right at that traffic light.,rights: original; derived from live unused vocab 신호등,approved,Jin explicit app-integration approval (2026-08-17).
satz_a2_0322,A2,횡단보도 건너서 왼쪽이에요.,"Gehen Sie über den Zebrastreifen, dann ist es links.","Cross at the crosswalk, and it's on the left.",rights: original; derived from live unused vocab 횡단보도,approved,Jin explicit app-integration approval (2026-08-17).
satz_a2_0323,A2,그 말 듣고 진짜 화났어요.,"Als ich das gehört habe, war ich richtig sauer.",I got really mad when I heard that.,rights: original; derived from live unused vocab 화나다,approved,Jin explicit app-integration approval (2026-08-17).
satz_a2_0324,A2,생각만 해도 부끄러워요.,Schon beim Gedanken daran ist es mir peinlich.,I get embarrassed just thinking about it.,rights: original; derived from live unused vocab 부끄럽다,approved,Jin explicit app-integration approval (2026-08-17).
satz_a2_0325,A2,합격했다니 정말 기뻐요.,"Ich freue mich wirklich, dass Sie bestanden haben.",I'm so happy to hear you passed.,rights: original; derived from live unused vocab 기쁘다,approved,Jin explicit app-integration approval (2026-08-17).
satz_a2_0326,A2,그 영화 좀 지루하지 않았어요?,War der Film nicht etwas langweilig?,Wasn't that movie a bit boring?,rights: original; derived from live unused vocab 지루하다,approved,Jin explicit app-integration approval (2026-08-17).
satz_a2_0327,A2,사장님이 진짜 좋으신 분이세요.,Unser Chef ist wirklich ein guter Mensch.,The boss is a really good person.,rights: original; derived from live unused vocab 사장,approved,Jin explicit app-integration approval (2026-08-17).
satz_a2_0328,A2,저희 상사 분은 좀 까다로우세요.,Unser Vorgesetzter ist ein bisschen anspruchsvoll.,Our supervisor is a bit picky.,rights: original; derived from live unused vocab 상사,approved,Jin explicit app-integration approval (2026-08-17).
satz_a2_0329,A2,이번 달 월급이 좀 올랐어요.,Diesen Monat ist mein Gehalt etwas gestiegen.,My pay went up a bit this month.,rights: original; derived from live unused vocab 월급,approved,Jin explicit app-integration approval (2026-08-17).
satz_a2_0330,A2,오늘 방 청소 좀 해야겠어요.,Heute sollte ich mal mein Zimmer putzen.,I really need to clean my room today.,rights: original; derived from live unused vocab 청소하다,approved,Jin explicit app-integration approval (2026-08-17).
satz_a2_0331,A2,책상 좀 정리했어요.,Ich habe den Schreibtisch aufgeräumt.,I tidied up the desk.,rights: original; derived from live unused vocab 정리하다,approved,Jin explicit app-integration approval (2026-08-17).
satz_a2_0332,A2,저 분홍색 진짜 잘 어울리네요.,Das Rosa steht Ihnen wirklich gut.,That pink really suits you.,rights: original; derived from live unused vocab 분홍색,approved,Jin explicit app-integration approval (2026-08-17).
satz_a2_0333,A2,보라색 옷은 잘 안 입어요.,Lila Sachen trage ich eher selten.,I don't really wear purple.,rights: original; derived from live unused vocab 보라색,approved,Jin explicit app-integration approval (2026-08-17).
satz_b1_0300,B1,제 댓글에 답장 달아 주셔서 감사해요.,"Danke, dass Sie auf meinen Kommentar geantwortet haben.",Thanks for replying to my comment.,rights: original; derived from live unused vocab 댓글,approved,Jin explicit app-integration approval (2026-08-17).
satz_b1_0301,B1,제 게시물에 좋아요 눌러 주세요.,Bitte geben Sie meinem Beitrag ein Like.,Please hit Like on my post.,rights: original; derived from live unused vocab 좋아요,approved,Jin explicit app-integration approval (2026-08-17).
satz_b1_0302,B1,요즘 팔로워가 좀 늘었어요.,In letzter Zeit habe ich ein paar Follower dazugewonnen.,I've gained some followers lately.,rights: original; derived from live unused vocab 팔로워,approved,Jin explicit app-integration approval (2026-08-17).
satz_b1_0303,B1,오늘 아침에 게시물 하나 올렸어요.,Heute Morgen habe ich einen Beitrag gepostet.,I put up a post this morning.,rights: original; derived from live unused vocab 게시물,approved,Jin explicit app-integration approval (2026-08-17).
satz_b1_0304,B1,여행 사진 업로드해 놨어요.,Ich habe die Reisefotos hochgeladen.,I've uploaded my travel photos.,rights: original; derived from live unused vocab 업로드하다,approved,Jin explicit app-integration approval (2026-08-17).
satz_b1_0305,B1,그건 인터넷에서 검색해 보시면 나와요.,"Das finden Sie, wenn Sie im Internet danach suchen.",You'll find that if you look it up online.,rights: original; derived from live unused vocab 검색하다,approved,Jin explicit app-integration approval (2026-08-17).
satz_b1_0306,B1,앱 다운로드부터 받으셔야 해요.,Zuerst müssen Sie die App herunterladen.,First you need to download the app.,rights: original; derived from live unused vocab 다운로드,approved,Jin explicit app-integration approval (2026-08-17).
satz_b1_0307,B1,이 링크 좀 공유해 주실 수 있어요?,Könnten Sie diesen Link mit mir teilen?,Could you share this link with me?,rights: original; derived from live unused vocab 공유하다,approved,Jin explicit app-integration approval (2026-08-17).
satz_b1_0308,B1,결과가 나오면 바로 보고드릴게요.,"Sobald die Ergebnisse da sind, berichte ich Ihnen sofort.",I'll report to you as soon as the results come in.,rights: original; derived from live unused vocab 보고하다,approved,Jin explicit app-integration approval (2026-08-17).
satz_b1_0309,B1,일정대로 진행하고 있어요.,Alles läuft nach Zeitplan.,Everything's going according to schedule.,rights: original; derived from live unused vocab 진행하다,approved,Jin explicit app-integration approval (2026-08-17).
satz_b1_0310,B1,회의록 정리해서 공유해 드릴게요.,Ich fasse das Protokoll zusammen und teile es mit Ihnen.,I'll write up the meeting minutes and share them with you.,rights: original; derived from live unused vocab 회의록,approved,Jin explicit app-integration approval (2026-08-17).
satz_b1_0311,B1,정중하게 거절하는 게 쉽지 않네요.,Höflich abzulehnen ist gar nicht so einfach.,Turning someone down politely isn't easy.,rights: original; derived from live unused vocab 거절하다,approved,Jin explicit app-integration approval (2026-08-17).
satz_b1_0312,B1,요즘 다이어트 중이라 야식 안 먹어요.,"Ich mache gerade eine Diät, deshalb esse ich spätabends nichts mehr.","I'm on a diet right now, so I skip late-night snacks.",rights: original; derived from live unused vocab 다이어트,approved,Jin explicit app-integration approval (2026-08-17).
satz_b1_0313,B1,요즘 식단 관리를 좀 하고 있어요.,Ich achte zurzeit ein bisschen auf meine Ernährung.,I've been watching what I eat lately.,rights: original; derived from live unused vocab 식단,approved,Jin explicit app-integration approval (2026-08-17).
satz_b1_0314,B1,저희 둘 공통점이 의외로 많더라고요.,Wir beide haben überraschend viel gemeinsam.,Turns out the two of us have a lot in common.,rights: original; derived from live unused vocab 공통점,approved,Jin explicit app-integration approval (2026-08-17).
satz_b1_0315,B1,성공 가능성이 없진 않아요.,Ganz ohne Erfolgschancen ist es nicht.,It's not like there's no chance of success.,rights: original; derived from live unused vocab 가능성,approved,Jin explicit app-integration approval (2026-08-17).
satz_b1_0316,B1,이번 일은 제 책임이에요.,Das hier ist meine Verantwortung.,This is my responsibility.,rights: original; derived from live unused vocab 책임,approved,Jin explicit app-integration approval (2026-08-17).
satz_b1_0317,B1,여기 직원분들이 정말 친절하세요.,Die Mitarbeiter hier sind wirklich freundlich.,The staff here are really friendly.,rights: original; derived from live unused vocab 친절하다,approved,Jin explicit app-integration approval (2026-08-17).
satz_b1_0318,B1,저희 엄마는 진짜 부지런하세요.,Meine Mutter ist wirklich fleißig.,My mom is really hardworking.,rights: original; derived from live unused vocab 부지런하다,approved,Jin explicit app-integration approval (2026-08-17).
satz_b1_0319,B1,회의 때 좀 더 적극적으로 참여해 주세요.,Beteiligen Sie sich bitte in der Besprechung etwas aktiver.,Please participate more actively in the meeting.,rights: original; derived from live unused vocab 적극적이다,approved,Jin explicit app-integration approval (2026-08-17).
satz_b1_0320,B1,성격이 좀 소극적인 편이에요.,Ich bin vom Charakter her eher zurückhaltend.,I'm kind of reserved by nature.,rights: original; derived from live unused vocab 소극적이다,approved,Jin explicit app-integration approval (2026-08-17).
satz_b1_0321,B1,그 사람은 책임감이 정말 강해요.,Diese Person hat ein wirklich starkes Verantwortungsbewusstsein.,That person has a really strong sense of responsibility.,rights: original; derived from live unused vocab 책임감,approved,Jin explicit app-integration approval (2026-08-17).
satz_b1_0322,B1,결정한 거 후회 안 해요.,Ich bereue meine Entscheidung nicht.,I don't regret my decision.,rights: original; derived from live unused vocab 후회하다,approved,Jin explicit app-integration approval (2026-08-17).
satz_b1_0323,B1,다음 편이 진짜 기대돼요.,Auf die nächste Folge bin ich schon richtig gespannt.,I can't wait for the next episode.,rights: original; derived from live unused vocab 기대하다,approved,Jin explicit app-integration approval (2026-08-17).
satz_b2_0372,B2,계약서 다시 한번 확인해 주세요.,Prüfen Sie den Vertrag bitte noch einmal.,Please check the contract one more time.,rights: original; derived from live unused vocab 계약,approved,Jin explicit app-integration approval (2026-08-17).
satz_b2_0373,B2,이 분야는 투자 가치가 충분해요.,Dieser Bereich ist eine Investition auf jeden Fall wert.,This field is definitely worth investing in.,rights: original; derived from live unused vocab 투자,approved,Jin explicit app-integration approval (2026-08-17).
satz_b2_0374,B2,올해 수익이 작년보다 늘었어요.,Der Gewinn ist dieses Jahr höher als letztes Jahr.,Profits are up this year compared to last year.,rights: original; derived from live unused vocab 수익,approved,Jin explicit app-integration approval (2026-08-17).
satz_b2_0375,B2,우리 팀은 경쟁력이 확실해요.,Unser Team ist eindeutig wettbewerbsfähig.,Our team is definitely competitive.,rights: original; derived from live unused vocab 경쟁력,approved,Jin explicit app-integration approval (2026-08-17).
satz_b2_0376,B2,위기를 기회로 삼아야죠.,Wir sollten die Krise als Chance nutzen.,We should turn this crisis into an opportunity.,rights: original; derived from live unused vocab 위기,approved,Jin explicit app-integration approval (2026-08-17).
satz_b2_0377,B2,국민으로서의 의무를 다해야죠.,Man sollte seine Pflichten als Bürger erfüllen.,We should fulfill our duties as citizens.,rights: original; derived from live unused vocab 의무,approved,Jin explicit app-integration approval (2026-08-17).
satz_b2_0378,B2,성 평등이 아직 갈 길이 멀어요.,Bei der Gleichstellung der Geschlechter ist es noch ein weiter Weg.,Gender equality still has a long way to go.,rights: original; derived from live unused vocab 평등,approved,Jin explicit app-integration approval (2026-08-17).
satz_b2_0379,B2,인권은 절대 양보할 수 없는 가치예요.,"Menschenrechte sind ein Wert, bei dem es keine Kompromisse geben darf.",Human rights are a value we can never compromise on.,rights: original; derived from live unused vocab 인권,approved,Jin explicit app-integration approval (2026-08-17).
satz_b2_0380,B2,요즘 조금씩 자신감이 붙고 있어요.,In letzter Zeit gewinne ich langsam an Selbstvertrauen.,I'm slowly building confidence these days.,rights: original; derived from live unused vocab 자신감,approved,Jin explicit app-integration approval (2026-08-17).
satz_b2_0381,B2,이 팀의 잠재력이 무궁무진해요.,Das Potenzial dieses Teams ist grenzenlos.,This team's potential is limitless.,rights: original; derived from live unused vocab 잠재력,approved,Jin explicit app-integration approval (2026-08-17).
satz_b2_0382,B2,요즘 동기 부여가 잘 안 돼요.,Zurzeit kann ich mich nur schwer motivieren.,I'm having a hard time staying motivated lately.,rights: original; derived from live unused vocab 동기,approved,Jin explicit app-integration approval (2026-08-17).
satz_b2_0383,B2,대학교 때 무슨 전공이셨어요?,Was haben Sie an der Uni studiert?,What was your major in college?,rights: original; derived from live unused vocab 전공,approved,Jin explicit app-integration approval (2026-08-17).
satz_b2_0384,B2,논문 마감 때문에 요즘 정신없어요.,Wegen der Abgabefrist meiner Abschlussarbeit bin ich zurzeit total im Stress.,I'm totally swamped these days because of my thesis deadline.,rights: original; derived from live unused vocab 논문,approved,Jin explicit app-integration approval (2026-08-17).
satz_b2_0385,B2,출처를 정확히 인용해 주세요.,Zitieren Sie die Quelle bitte genau.,Please cite the source accurately.,rights: original; derived from live unused vocab 인용하다,approved,Jin explicit app-integration approval (2026-08-17).
satz_b2_0386,B2,우선 가설부터 세워 봅시다.,Stellen wir zuerst eine Hypothese auf.,Let's start by setting up a hypothesis.,rights: original; derived from live unused vocab 가설,approved,Jin explicit app-integration approval (2026-08-17).
satz_b2_0387,B2,본질적인 원인부터 짚어야 해요.,Wir müssen zuerst die eigentliche Ursache angehen.,We need to tackle the root cause first.,rights: original; derived from live unused vocab 본질적이다,approved,Jin explicit app-integration approval (2026-08-17).
satz_b2_0388,B2,타이밍이 아주 적절했어요.,Das Timing war genau richtig.,The timing was just right.,rights: original; derived from live unused vocab 적절하다,approved,Jin explicit app-integration approval (2026-08-17).
satz_b2_0389,B2,답변이 좀 모호하시네요.,Ihre Antwort ist etwas vage.,Your answer is a bit vague.,rights: original; derived from live unused vocab 모호하다,approved,Jin explicit app-integration approval (2026-08-17).
satz_b2_0390,B2,합리적인 가격이라 결정했어요.,"Der Preis war vernünftig, deshalb habe ich mich dafür entschieden.","The price was reasonable, so I went for it.",rights: original; derived from live unused vocab 합리적이다,approved,Jin explicit app-integration approval (2026-08-17).
satz_a2_0334,A2,저희 집 거실이 좀 좁아요.,Unser Wohnzimmer ist etwas klein.,Our living room is a bit small.,rights: original; derived from live unused vocab 거실,approved,Jin explicit app-integration approval (2026-08-17).
satz_a2_0335,A2,저희 부엌에서 요리 자주 해요.,In unserer Küche koche ich oft.,I cook in our kitchen a lot.,rights: original; derived from live unused vocab 부엌,approved,Jin explicit app-integration approval (2026-08-17).
satz_a2_0336,A2,세탁기 좀 고장 났어요.,Die Waschmaschine ist kaputtgegangen.,The washing machine broke down.,rights: original; derived from live unused vocab 세탁기,approved,Jin explicit app-integration approval (2026-08-17).
satz_a2_0337,A2,청소기 좀 돌리고 나갈게요.,"Ich sauge noch kurz Staub, bevor ich gehe.",I'll vacuum real quick before heading out.,rights: original; derived from live unused vocab 청소기,approved,Jin explicit app-integration approval (2026-08-17).
satz_a2_0338,A2,이 동네 월세가 좀 비싸요.,Die Monatsmiete in dieser Gegend ist etwas teuer.,The monthly rent in this area is a bit expensive.,rights: original; derived from live unused vocab 월세,approved,Jin explicit app-integration approval (2026-08-17).
satz_a2_0339,A2,보증금은 얼마 정도예요?,Wie hoch ist ungefähr die Kaution?,About how much is the deposit?,rights: original; derived from live unused vocab 보증금,approved,Jin explicit app-integration approval (2026-08-17).
satz_a2_0340,A2,집주인 아저씨한테 연락해 볼게요.,"Ich versuche mal, den Vermieter zu erreichen.",I'll try getting in touch with the landlord.,rights: original; derived from live unused vocab 집주인,approved,Jin explicit app-integration approval (2026-08-17).
satz_a2_0341,A2,현금 없는데 카드 돼요?,"Ich habe kein Bargeld, geht auch Karte?","I don't have cash, do you take cards?",rights: original; derived from live unused vocab 현금,approved,Jin explicit app-integration approval (2026-08-17).
satz_a2_0342,A2,새 통장을 만들려고 왔어요.,Ich möchte ein neues Konto eröffnen.,I'm here to open a new bank account.,rights: original; derived from live unused vocab 통장,approved,Jin explicit app-integration approval (2026-08-17).
satz_a2_0343,A2,방금 입금해 드렸어요.,Ich habe Ihnen das Geld gerade überwiesen.,I just sent the money to your account.,rights: original; derived from live unused vocab 입금하다,approved,Jin explicit app-integration approval (2026-08-17).
satz_a2_0344,A2,만 원만 출금할게요.,Ich hebe nur zehntausend Won ab.,I'll just withdraw ten thousand won.,rights: original; derived from live unused vocab 출금하다,approved,Jin explicit app-integration approval (2026-08-17).
satz_a2_0345,A2,친구한테 십만 원 송금했어요.,Ich habe einem Freund hunderttausend Won überwiesen.,I transferred a hundred thousand won to a friend.,rights: original; derived from live unused vocab 송금하다,approved,Jin explicit app-integration approval (2026-08-17).
satz_a2_0346,A2,잔액이 얼마나 남았어요?,Wie viel Guthaben ist noch übrig?,How much is left in the account?,rights: original; derived from live unused vocab 잔액,approved,Jin explicit app-integration approval (2026-08-17).
satz_a2_0347,A2,송금 수수료 얼마예요?,Wie hoch ist die Überweisungsgebühr?,How much is the transfer fee?,rights: original; derived from live unused vocab 수수료,approved,Jin explicit app-integration approval (2026-08-17).
satz_a2_0348,A2,공항에서 유로로 환전했어요.,Ich habe am Flughafen Geld in Euro gewechselt.,I exchanged money into euros at the airport.,rights: original; derived from live unused vocab 환전하다,approved,Jin explicit app-integration approval (2026-08-17).
satz_a2_0349,A2,매달 조금씩이라도 저축하려고 해요.,"Ich versuche, jeden Monat wenigstens etwas zu sparen.",I try to save at least a little every month.,rights: original; derived from live unused vocab 저축하다,approved,Jin explicit app-integration approval (2026-08-17).
satz_b1_0324,B1,요즘 이 광고가 아주 인기예요.,Diese Werbung ist zurzeit sehr beliebt.,This ad is very popular these days.,rights: original; derived from live unused vocab 광고,approved,Jin explicit app-integration approval (2026-08-17).
satz_b1_0325,B1,어제 그 방송 봤어요?,Hast du gestern die Sendung gesehen?,Did you watch that broadcast yesterday?,rights: original; derived from live unused vocab 방송,approved,Jin explicit app-integration approval (2026-08-17).
satz_b1_0326,B1,아침마다 뉴스를 봐요.,Ich schaue jeden Morgen die Nachrichten.,I watch the news every morning.,rights: original; derived from live unused vocab 뉴스,approved,Jin explicit app-integration approval (2026-08-17).
satz_b1_0327,B1,제가 좋아하는 배우가 나와요.,Mein Lieblingsschauspieler tritt auf.,My favorite actor appears.,rights: original; derived from live unused vocab 배우,approved,Jin explicit app-integration approval (2026-08-17).
satz_b1_0328,B1,주말에 공연을 보러 가요.,Am Wochenende gehe ich zu einer Aufführung.,I am going to see a performance this weekend.,rights: original; derived from live unused vocab 공연,approved,Jin explicit app-integration approval (2026-08-17).
satz_b1_0329,B1,가수가 무대에 올라갔어요.,Der Sänger ging auf die Bühne.,The singer went on stage.,rights: original; derived from live unused vocab 무대,approved,Jin explicit app-integration approval (2026-08-17).
satz_b1_0330,B1,한국 문학에 관심이 있어요.,Ich interessiere mich für koreanische Literatur.,I am interested in Korean literature.,rights: original; derived from live unused vocab 문학,approved,Jin explicit app-integration approval (2026-08-17).
satz_b1_0331,B1,이 마을은 전통을 지켜요.,Dieses Dorf bewahrt seine Tradition.,This village keeps its tradition.,rights: original; derived from live unused vocab 전통,approved,Jin explicit app-integration approval (2026-08-17).
satz_b1_0332,B1,이 노래가 요즘 유행이에요.,Dieses Lied ist gerade im Trend.,This song is trending these days.,rights: original; derived from live unused vocab 유행,approved,Jin explicit app-integration approval (2026-08-17).
satz_b1_0333,B1,미술관이 어디에 있어요?,Wo ist das Kunstmuseum?,Where is the art museum?,rights: original; derived from live unused vocab 미술관,approved,Jin explicit app-integration approval (2026-08-17).
satz_b1_0334,B1,박물관은 월요일에 쉬어요.,Das Museum hat montags geschlossen.,The museum is closed on Mondays.,rights: original; derived from live unused vocab 박물관,approved,Jin explicit app-integration approval (2026-08-17).
satz_b1_0335,B1,기념품은 어디에서 팔아요?,Wo werden Souvenirs verkauft?,Where do they sell souvenirs?,rights: original; derived from live unused vocab 기념품,approved,Jin explicit app-integration approval (2026-08-17).
satz_b1_0336,B1,광장에 사람이 많아요.,Auf dem Platz sind viele Menschen.,There are many people in the plaza.,rights: original; derived from live unused vocab 광장,approved,Jin explicit app-integration approval (2026-08-17).
satz_b1_0337,B1,시청 앞에서 만나요.,Treffen wir uns vor dem Rathaus.,Let us meet in front of city hall.,rights: original; derived from live unused vocab 시청,approved,Jin explicit app-integration approval (2026-08-17).
satz_b1_0338,B1,이 호텔은 시설이 좋아요.,Dieses Hotel hat eine gute Ausstattung.,This hotel has good facilities.,rights: original; derived from live unused vocab 시설,approved,Jin explicit app-integration approval (2026-08-17).
satz_b1_0339,B1,집 근처에 상가가 있어요.,In der Nähe meiner Wohnung gibt es eine Einkaufszeile.,There is a shopping street near my home.,rights: original; derived from live unused vocab 상가,approved,Jin explicit app-integration approval (2026-08-17).
satz_b1_0340,B1,아이들과 동물원에 갔어요.,Ich war mit den Kindern im Zoo.,I went to the zoo with the kids.,rights: original; derived from live unused vocab 동물원,approved,Jin explicit app-integration approval (2026-08-17).
satz_b1_0341,B1,주말에 놀이공원에 가요.,Am Wochenende gehen wir in den Freizeitpark.,We go to the amusement park on weekends.,rights: original; derived from live unused vocab 놀이공원,approved,Jin explicit app-integration approval (2026-08-17).
satz_b1_0342,B1,공연장 입구가 복잡해요.,Der Eingang der Konzerthalle ist voll.,The concert hall entrance is crowded.,rights: original; derived from live unused vocab 공연장,approved,Jin explicit app-integration approval (2026-08-17).
satz_b1_0343,B1,대학교 근처 하숙집에 살아요.,Ich wohne in einer Studentenpension nahe der Uni.,I live in a boarding house near the university.,rights: original; derived from live unused vocab 하숙집,approved,Jin explicit app-integration approval (2026-08-17).
satz_b1_0344,B1,공항 면세점에서 화장품을 샀어요.,Im Duty-free-Laden am Flughafen habe ich Kosmetik gekauft.,I bought cosmetics at the airport duty-free shop.,rights: original; derived from live unused vocab 면세점,approved,Jin explicit app-integration approval (2026-08-17).
satz_b1_0345,B1,동네 책방에서 책을 샀어요.,Ich habe im Buchladen im Viertel ein Buch gekauft.,I bought a book at the local bookstore.,rights: original; derived from live unused vocab 책방,approved,Jin explicit app-integration approval (2026-08-17).
satz_b1_0346,B1,우체국에서 소포를 보냈어요.,Ich habe bei der Post ein Paket verschickt.,I sent a package at the post office.,rights: original; derived from live unused vocab 우체국,approved,Jin explicit app-integration approval (2026-08-17).
satz_b1_0347,B1,지갑을 잃어버려서 경찰서에 갔어요.,Ich habe meinen Geldbeutel verloren und bin zur Polizeiwache gegangen.,I lost my wallet and went to the police station.,rights: original; derived from live unused vocab 경찰서,approved,Jin explicit app-integration approval (2026-08-17).
satz_b1_0348,B1,지폐를 동전으로 바꿨어요.,Ich habe den Geldschein in Münzen gewechselt.,I changed the banknote into coins.,rights: original; derived from live unused vocab 지폐,approved,Jin explicit app-integration approval (2026-08-17).
satz_b1_0349,B1,동전이 하나도 없어요.,Ich habe keine einzige Münze.,I do not have a single coin.,rights: original; derived from live unused vocab 동전,approved,Jin explicit app-integration approval (2026-08-17).
satz_b1_0350,B1,오늘 환율이 어떻게 돼요?,Wie steht heute der Wechselkurs?,What is the exchange rate today?,rights: original; derived from live unused vocab 환율,approved,Jin explicit app-integration approval (2026-08-17).
satz_b1_0351,B1,매달 공과금을 내요.,Ich zahle jeden Monat die Nebenkosten.,I pay utility bills every month.,rights: original; derived from live unused vocab 공과금,approved,Jin explicit app-integration approval (2026-08-17).
satz_b1_0352,B1,주차 벌금을 냈어요.,Ich habe ein Bußgeld fürs Parken bezahlt.,I paid a parking fine.,rights: original; derived from live unused vocab 벌금,approved,Jin explicit app-integration approval (2026-08-17).
satz_b1_0353,B1,은행에 예금이 조금 있어요.,Ich habe etwas Sparguthaben auf der Bank.,I have some savings in the bank.,rights: original; derived from live unused vocab 예금,approved,Jin explicit app-integration approval (2026-08-17).
satz_b1_0354,B1,서울은 생활비가 비싸요.,In Seoul sind die Lebenshaltungskosten hoch.,Living expenses in Seoul are high.,rights: original; derived from live unused vocab 생활비,approved,Jin explicit app-integration approval (2026-08-17).
satz_b1_0355,B1,이번 달 식비가 많이 나왔어요.,Diesen Monat waren die Essenskosten hoch.,Food expenses were high this month.,rights: original; derived from live unused vocab 식비,approved,Jin explicit app-integration approval (2026-08-17).
satz_b1_0356,B1,카드로 지불이 가능해요?,Ist Bezahlung mit Karte möglich?,Is payment by card possible?,rights: original; derived from live unused vocab 지불,approved,Jin explicit app-integration approval (2026-08-17).
satz_b1_0357,B1,열차가 곧 출발해요.,Der Zug fährt gleich ab.,The train departs soon.,rights: original; derived from live unused vocab 열차,approved,Jin explicit app-integration approval (2026-08-17).
satz_b1_0358,B1,저는 대중교통을 자주 이용해요.,Ich benutze oft öffentliche Verkehrsmittel.,I often use public transportation.,rights: original; derived from live unused vocab 대중교통,approved,Jin explicit app-integration approval (2026-08-17).
satz_b1_0359,B1,교통카드 어디에서 충전해요?,Wo kann ich die Verkehrskarte aufladen?,Where can I top up the transit card?,rights: original; derived from live unused vocab 교통카드,approved,Jin explicit app-integration approval (2026-08-17).
satz_b1_0360,B1,다음 역에서 갈아타세요.,Steigen Sie an der nächsten Station um.,Transfer at the next station.,rights: original; derived from live unused vocab 갈아타다,approved,Jin explicit app-integration approval (2026-08-17).
satz_b1_0361,B1,여기에서 좌회전 해 주세요.,Biegen Sie hier bitte links ab.,Please turn left here.,rights: original; derived from live unused vocab 좌회전,approved,Jin explicit app-integration approval (2026-08-17).
satz_b1_0362,B1,다음 골목에서 우회전 하세요.,Biegen Sie an der nächsten Gasse rechts ab.,Turn right at the next alley.,rights: original; derived from live unused vocab 우회전,approved,Jin explicit app-integration approval (2026-08-17).
satz_b1_0363,B1,이 길로 직진 해 주세요.,Fahren Sie auf dieser Straße bitte geradeaus.,Please go straight on this road.,rights: original; derived from live unused vocab 직진,approved,Jin explicit app-integration approval (2026-08-17).
satz_b1_0364,B1,버스가 정류장에 정차해요.,Der Bus hält an der Haltestelle.,The bus stops at the station.,rights: original; derived from live unused vocab 정차하다,approved,Jin explicit app-integration approval (2026-08-17).
satz_b1_0365,B1,부산은 관광으로 유명해요.,Busan ist für Tourismus bekannt.,Busan is famous for tourism.,rights: original; derived from live unused vocab 관광,approved,Jin explicit app-integration approval (2026-08-17).
satz_b1_0366,B1,비상구는 어디에 있어요?,Wo ist der Notausgang?,Where is the emergency exit?,rights: original; derived from live unused vocab 비상구,approved,Jin explicit app-integration approval (2026-08-17).
satz_b1_0367,B1,입장권 두 장 주세요.,Zwei Eintrittskarten bitte.,Two admission tickets please.,rights: original; derived from live unused vocab 입장권,approved,Jin explicit app-integration approval (2026-08-17).
satz_b1_0368,B1,입구에 안내문이 붙어 있어요.,Am Eingang hängt ein Hinweisblatt.,A notice is posted at the entrance.,rights: original; derived from live unused vocab 안내문,approved,Jin explicit app-integration approval (2026-08-17).
satz_b1_0369,B1,병원에 환자가 많아요.,Im Krankenhaus sind viele Patienten.,There are many patients in the hospital.,rights: original; derived from live unused vocab 환자,approved,Jin explicit app-integration approval (2026-08-17).
satz_b1_0370,B1,의사가 처방전을 써 줬어요.,Der Arzt hat mir ein Rezept ausgestellt.,The doctor wrote me a prescription.,rights: original; derived from live unused vocab 처방전,approved,Jin explicit app-integration approval (2026-08-17).
satz_b1_0371,B1,이를 치료해야 해요.,Der Zahn muss behandelt werden.,The tooth needs to be treated.,rights: original; derived from live unused vocab 치료하다,approved,Jin explicit app-integration approval (2026-08-17).
satz_b1_0372,B1,할머니가 지난주에 입원하셨어요.,Meine Großmutter kam letzte Woche ins Krankenhaus.,My grandmother was hospitalized last week.,rights: original; derived from live unused vocab 입원하다,approved,Jin explicit app-integration approval (2026-08-17).
satz_b1_0373,B1,내일 퇴원할 수 있어요.,Morgen kann ich entlassen werden.,I can be discharged tomorrow.,rights: original; derived from live unused vocab 퇴원하다,approved,Jin explicit app-integration approval (2026-08-17).
satz_b1_0374,B1,약국에서 감기약을 샀어요.,Ich habe in der Apotheke Erkältungsmedizin gekauft.,I bought cold medicine at the pharmacy.,rights: original; derived from live unused vocab 감기약,approved,Jin explicit app-integration approval (2026-08-17).
satz_b1_0375,B1,진통제를 하루에 두 번 드세요.,Nehmen Sie das Schmerzmittel zweimal täglich.,Take the painkiller twice a day.,rights: original; derived from live unused vocab 진통제,approved,Jin explicit app-integration approval (2026-08-17).
satz_b1_0376,B1,속이 안 좋아서 소화제를 먹었어요.,Mir war schlecht und ich habe ein Verdauungsmittel genommen.,I felt unwell and took digestive medicine.,rights: original; derived from live unused vocab 소화제,approved,Jin explicit app-integration approval (2026-08-17).
satz_b1_0377,B1,눈이 건조해서 안약을 넣어요.,Meine Augen sind trocken und ich benutze Augentropfen.,My eyes are dry so I use eye drops.,rights: original; derived from live unused vocab 안약,approved,Jin explicit app-integration approval (2026-08-17).
satz_b1_0378,B1,운동하다가 다리를 다쳤어요.,Beim Sport habe ich mir das Bein verletzt.,I hurt my leg while exercising.,rights: original; derived from live unused vocab 다치다,approved,Jin explicit app-integration approval (2026-08-17).
satz_b1_0379,B1,다음 주에 부산으로 출장을 가요.,Nächste Woche mache ich eine Dienstreise nach Busan.,I go on a business trip to Busan next week.,rights: original; derived from live unused vocab 출장,approved,Jin explicit app-integration approval (2026-08-17).
satz_b1_0380,B1,형이 은행에 취직했어요.,Mein Bruder hat eine Stelle bei einer Bank gefunden.,My brother got a job at a bank.,rights: original; derived from live unused vocab 취직하다,approved,Jin explicit app-integration approval (2026-08-17).
satz_b1_0381,B1,신입사원 교육이 있어요.,Es gibt eine Schulung für neue Mitarbeiter.,There is training for new employees.,rights: original; derived from live unused vocab 신입사원,approved,Jin explicit app-integration approval (2026-08-17).
satz_b1_0382,B1,오늘 업무가 많아요.,Heute habe ich viele Arbeitsaufgaben.,I have a lot of work today.,rights: original; derived from live unused vocab 업무,approved,Jin explicit app-integration approval (2026-08-17).
satz_b1_0383,B1,저는 주말에도 근무해요.,Ich bin auch am Wochenende im Dienst.,I also work on weekends.,rights: original; derived from live unused vocab 근무하다,approved,Jin explicit app-integration approval (2026-08-17).
satz_b1_0384,B1,서류를 준비해 주세요.,Bereiten Sie bitte die Unterlagen vor.,Please prepare the documents.,rights: original; derived from live unused vocab 서류,approved,Jin explicit app-integration approval (2026-08-17).
satz_b1_0385,B1,내일까지 보고서를 써야 해요.,Bis morgen muss ich den Bericht schreiben.,I have to write the report by tomorrow.,rights: original; derived from live unused vocab 보고서,approved,Jin explicit app-integration approval (2026-08-17).
satz_b1_0386,B1,여기에 서명해 주세요.,Unterschreiben Sie bitte hier.,Please sign here.,rights: original; derived from live unused vocab 서명하다,approved,Jin explicit app-integration approval (2026-08-17).
satz_b1_0387,B1,회사가 새 직원을 모집해요.,Die Firma rekrutiert neue Mitarbeiter.,The company is recruiting new employees.,rights: original; derived from live unused vocab 모집하다,approved,Jin explicit app-integration approval (2026-08-17).
satz_b1_0388,B1,오늘 회사에 지각했어요.,Heute bin ich zu spät zur Arbeit gekommen.,I was late for work today.,rights: original; derived from live unused vocab 지각하다,approved,Jin explicit app-integration approval (2026-08-17).
satz_b1_0389,B1,오늘 저녁에 모임이 있어요.,Heute Abend habe ich ein Treffen.,I have a gathering this evening.,rights: original; derived from live unused vocab 모임,approved,Jin explicit app-integration approval (2026-08-17).
satz_b1_0390,B1,친구를 집에 초대했어요.,Ich habe einen Freund nach Hause eingeladen.,I invited a friend to my home.,rights: original; derived from live unused vocab 초대하다,approved,Jin explicit app-integration approval (2026-08-17).
satz_b1_0391,B1,토요일에 집들이를 해요.,Am Samstag machen wir eine Einweihungsfeier.,We are having a housewarming party on Saturday.,rights: original; derived from live unused vocab 집들이,approved,Jin explicit app-integration approval (2026-08-17).
satz_b1_0392,B1,조카 돌잔치에 갔어요.,Ich war auf dem ersten Geburtstagsfest meiner Nichte.,I went to my niece's first birthday party.,rights: original; derived from live unused vocab 돌잔치,approved,Jin explicit app-integration approval (2026-08-17).
satz_b1_0393,B1,부장님 송별회가 금요일이에요.,Die Abschiedsfeier des Abteilungsleiters ist am Freitag.,The manager's farewell party is on Friday.,rights: original; derived from live unused vocab 송별회,approved,Jin explicit app-integration approval (2026-08-17).
satz_b1_0394,B1,주말에 결혼식에 가요.,Am Wochenende gehe ich zu einer Hochzeit.,I am going to a wedding this weekend.,rights: original; derived from live unused vocab 결혼식,approved,Jin explicit app-integration approval (2026-08-17).
satz_b1_0395,B1,오늘은 부모님 결혼기념일이에요.,Heute ist der Hochzeitstag meiner Eltern.,Today is my parents' wedding anniversary.,rights: original; derived from live unused vocab 결혼기념일,approved,Jin explicit app-integration approval (2026-08-17).
satz_b1_0396,B1,신혼여행은 제주도로 가요.,Die Flitterwochen verbringen wir auf Jeju.,We are going to Jeju for our honeymoon.,rights: original; derived from live unused vocab 신혼여행,approved,Jin explicit app-integration approval (2026-08-17).
satz_b1_0397,B1,부모님께 꽃을 선물했어요.,Ich habe meinen Eltern Blumen geschenkt.,I gave my parents flowers.,rights: original; derived from live unused vocab 선물하다,approved,Jin explicit app-integration approval (2026-08-17).
satz_b1_0398,B1,회의에 꼭 참석해 주세요.,Nehmen Sie bitte unbedingt an der Sitzung teil.,Please be sure to attend the meeting.,rights: original; derived from live unused vocab 참석하다,approved,Jin explicit app-integration approval (2026-08-17).
satz_b1_0399,B1,모임 회비는 만 원이에요.,Der Beitrag für das Treffen beträgt 10.000 Won.,The meeting fee is 10000 won.,rights: original; derived from live unused vocab 회비,approved,Jin explicit app-integration approval (2026-08-17).
satz_b1_0400,B1,오늘은 가족과 외식을 해요.,Heute gehen wir mit der Familie essen.,We are eating out with the family today.,rights: original; derived from live unused vocab 외식,approved,Jin explicit app-integration approval (2026-08-17).
satz_b1_0401,B1,이 표현은 자주 써요.,Diesen Ausdruck benutzt man oft.,This expression is used often.,rights: original; derived from live unused vocab 표현,approved,Jin explicit app-integration approval (2026-08-17).
satz_b1_0402,B1,어휘를 늘리고 싶어요.,Ich möchte meinen Wortschatz erweitern.,I want to expand my vocabulary.,rights: original; derived from live unused vocab 어휘,approved,Jin explicit app-integration approval (2026-08-17).
satz_b1_0403,B1,이 문장은 조금 어려워요.,Dieser Satz ist etwas schwierig.,This sentence is a bit difficult.,rights: original; derived from live unused vocab 문장,approved,Jin explicit app-integration approval (2026-08-17).
satz_b1_0404,B1,이 단어는 뜻이 두 개예요.,Dieses Wort hat zwei Bedeutungen.,This word has two meanings.,rights: original; derived from live unused vocab 뜻,approved,Jin explicit app-integration approval (2026-08-17).
satz_a2_0350,A2,한국어로 대화를 연습해요.,Wir üben Gespräche auf Koreanisch.,We practice conversations in Korean.,rights: original; derived from live unused vocab 대화,approved,Jin explicit app-integration approval (2026-08-17).
satz_b1_0405,B1,이 문장을 독일어로 번역해 주세요.,Übersetzen Sie diesen Satz bitte ins Deutsche.,Please translate this sentence into German.,rights: original; derived from live unused vocab 번역하다,approved,Jin explicit app-integration approval (2026-08-17).
satz_b1_0406,B1,친구가 통역을 해 줬어요.,Ein Freund hat für mich gedolmetscht.,A friend interpreted for me.,rights: original; derived from live unused vocab 통역,approved,Jin explicit app-integration approval (2026-08-17).
satz_a2_0351,A2,질문이 하나 있어요.,Ich habe eine Frage.,I have a question.,rights: original; derived from live unused vocab 질문,approved,Jin explicit app-integration approval (2026-08-17).
satz_b1_0407,B1,질문에 대답해 주세요.,Antworten Sie bitte auf die Frage.,Please answer the question.,rights: original; derived from live unused vocab 대답하다,approved,Jin explicit app-integration approval (2026-08-17).
satz_b1_0408,B1,친구를 소개해 줄게요.,Ich stelle dir einen Freund vor.,I will introduce a friend to you.,rights: original; derived from live unused vocab 소개하다,approved,Jin explicit app-integration approval (2026-08-17).
satz_b1_0409,B1,어른에게는 존댓말을 써요.,Gegenüber Älteren benutzt man die Höflichkeitssprache.,You use honorific speech with elders.,rights: original; derived from live unused vocab 존댓말,approved,Jin explicit app-integration approval (2026-08-17).
satz_b1_0410,B1,친한 친구와는 반말을 해요.,Mit engen Freunden spricht man informell.,You speak casually with close friends.,rights: original; derived from live unused vocab 반말,approved,Jin explicit app-integration approval (2026-08-17).
satz_b1_0411,B1,제 동생은 성격이 밝아요.,Meine kleine Schwester hat einen fröhlichen Charakter.,My younger sister has a cheerful personality.,rights: original; derived from live unused vocab 성격,approved,Jin explicit app-integration approval (2026-08-17).
satz_b1_0412,B1,역사에 관심이 많아요.,Ich habe großes Interesse an Geschichte.,I am very interested in history.,rights: original; derived from live unused vocab 관심,approved,Jin explicit app-integration approval (2026-08-17).
satz_b1_0413,B1,합격 소식은 큰 기쁨이었어요.,Die Nachricht vom Bestehen war eine große Freude.,The news of passing was a great joy.,rights: original; derived from live unused vocab 기쁨,approved,Jin explicit app-integration approval (2026-08-17).
satz_b1_0414,B1,슬픔은 시간이 지나면 나아져요.,Trauer wird mit der Zeit leichter.,Sadness gets better with time.,rights: original; derived from live unused vocab 슬픔,approved,Jin explicit app-integration approval (2026-08-17).
satz_b1_0415,B1,혼자 살면 가끔 외로움을 느껴요.,Beim Alleinleben fühlt man manchmal Einsamkeit.,Living alone you sometimes feel loneliness.,rights: original; derived from live unused vocab 외로움,approved,Jin explicit app-integration approval (2026-08-17).
satz_b1_0416,B1,요즘 고민이 하나 있어요.,Zurzeit habe ich eine Sorge.,I have one worry these days.,rights: original; derived from live unused vocab 고민,approved,Jin explicit app-integration approval (2026-08-17).
satz_b1_0417,B1,여행 사진을 보니까 정말 부러워요.,Beim Anblick deiner Reisefotos beneide ich dich wirklich.,Seeing your travel photos I really envy you.,rights: original; derived from live unused vocab 부럽다,approved,Jin explicit app-integration approval (2026-08-17).
satz_b1_0418,B1,결과가 정말 궁금해요.,Ich bin sehr gespannt auf das Ergebnis.,I am very curious about the result.,rights: original; derived from live unused vocab 궁금하다,approved,Jin explicit app-integration approval (2026-08-17).
satz_b1_0419,B1,연락이 없어서 조금 섭섭했어요.,Ohne deine Nachricht war ich etwas enttäuscht.,I felt a bit hurt because you did not call.,rights: original; derived from live unused vocab 섭섭하다,approved,Jin explicit app-integration approval (2026-08-17).
satz_b1_0420,B1,문제가 생각보다 심각해요.,Das Problem ist ernster als gedacht.,The problem is more serious than expected.,rights: original; derived from live unused vocab 심각하다,approved,Jin explicit app-integration approval (2026-08-17).
satz_b1_0421,B1,이 소리 좀 이상해요.,Dieses Geräusch ist etwas seltsam.,This sound is a bit strange.,rights: original; derived from live unused vocab 이상하다,approved,Jin explicit app-integration approval (2026-08-17).
satz_b1_0422,B1,발표가 정말 훌륭했어요.,Die Präsentation war wirklich ausgezeichnet.,The presentation was truly excellent.,rights: original; derived from live unused vocab 훌륭하다,approved,Jin explicit app-integration approval (2026-08-17).
satz_b1_0423,B1,가방을 호텔에 맡겼어요.,Ich habe die Tasche im Hotel abgegeben.,I left my bag at the hotel.,rights: original; derived from live unused vocab 맡기다,approved,Jin explicit app-integration approval (2026-08-17).
satz_b1_0424,B1,방을 좀 치워 주세요.,Räum bitte das Zimmer auf.,Please clean up the room.,rights: original; derived from live unused vocab 치우다,approved,Jin explicit app-integration approval (2026-08-17).
satz_b1_0425,B1,한국 친구를 많이 사귀었어요.,Ich habe viele koreanische Freunde gefunden.,I made many Korean friends.,rights: original; derived from live unused vocab 사귀다,approved,Jin explicit app-integration approval (2026-08-17).
satz_b1_0426,B1,길에서 지갑을 주웠어요.,Ich habe auf der Straße einen Geldbeutel aufgehoben.,I picked up a wallet on the street.,rights: original; derived from live unused vocab 줍다,approved,Jin explicit app-integration approval (2026-08-17).
satz_b1_0427,B1,저는 고양이 한 마리를 키워요.,Ich halte eine Katze.,I am raising a cat.,rights: original; derived from live unused vocab 키우다,approved,Jin explicit app-integration approval (2026-08-17).
satz_b1_0428,B1,취미로 우표를 모아요.,Als Hobby sammle ich Briefmarken.,I collect stamps as a hobby.,rights: original; derived from live unused vocab 모으다,approved,Jin explicit app-integration approval (2026-08-17).
satz_b1_0429,B1,아르바이트로 돈을 벌어요.,Mit einem Nebenjob verdiene ich Geld.,I earn money with a part-time job.,rights: original; derived from live unused vocab 벌다,approved,Jin explicit app-integration approval (2026-08-17).
satz_b1_0430,B1,사과를 깎아서 먹었어요.,Ich habe den Apfel geschält und gegessen.,I peeled the apple and ate it.,rights: original; derived from live unused vocab 깎다,approved,Jin explicit app-integration approval (2026-08-17).
satz_b1_0431,B1,약속을 깜빡 잊어버렸어요.,Ich habe den Termin völlig vergessen.,I completely forgot the appointment.,rights: original; derived from live unused vocab 잊어버리다,approved,Jin explicit app-integration approval (2026-08-17).
satz_b1_0432,B1,컴퓨터를 고쳐야 해요.,Der Computer muss repariert werden.,The computer needs to be fixed.,rights: original; derived from live unused vocab 고치다,approved,Jin explicit app-integration approval (2026-08-17).
satz_b1_0433,B1,공을 던져 주세요.,Wirf mir bitte den Ball zu.,Please throw me the ball.,rights: original; derived from live unused vocab 던지다,approved,Jin explicit app-integration approval (2026-08-17).
satz_b1_0434,B1,우리 고양이는 조금 뚱뚱해요.,Unsere Katze ist etwas dick.,Our cat is a little fat.,rights: original; derived from live unused vocab 뚱뚱하다,approved,Jin explicit app-integration approval (2026-08-17).
satz_b1_0435,B1,겨울에는 길이 미끄러워요.,Im Winter sind die Straßen rutschig.,The roads are slippery in winter.,rights: original; derived from live unused vocab 미끄럽다,approved,Jin explicit app-integration approval (2026-08-17).
satz_b1_0436,B1,지하철이 정말 편리해요.,Die U-Bahn ist wirklich praktisch.,The subway is really convenient.,rights: original; derived from live unused vocab 편리하다,approved,Jin explicit app-integration approval (2026-08-17).
satz_b1_0437,B1,이 의자는 불편해요.,Dieser Stuhl ist unbequem.,This chair is uncomfortable.,rights: original; derived from live unused vocab 불편하다,approved,Jin explicit app-integration approval (2026-08-17).
satz_b1_0438,B1,우리는 취미가 똑같아요.,Wir haben genau das gleiche Hobby.,We have exactly the same hobby.,rights: original; derived from live unused vocab 똑같다,approved,Jin explicit app-integration approval (2026-08-17).
satz_b1_0439,B1,두 단어는 뜻이 비슷해요.,Die beiden Wörter haben eine ähnliche Bedeutung.,The two words have similar meanings.,rights: original; derived from live unused vocab 비슷하다,approved,Jin explicit app-integration approval (2026-08-17).
satz_b1_0440,B1,바람이 아주 세요.,Der Wind ist sehr stark.,The wind is very strong.,rights: original; derived from live unused vocab 세다,approved,Jin explicit app-integration approval (2026-08-17).
satz_b1_0441,B1,굵은 펜으로 써 주세요.,Schreiben Sie bitte mit einem dicken Stift.,Please write with a thick pen.,rights: original; derived from live unused vocab 굵다,approved,Jin explicit app-integration approval (2026-08-17).
satz_b1_0442,B1,이 방은 아주 밝아요.,Dieses Zimmer ist sehr hell.,This room is very bright.,rights: original; derived from live unused vocab 밝다,approved,Jin explicit app-integration approval (2026-08-17).
satz_b1_0443,B1,밖이 벌써 어두워요.,Draußen ist es schon dunkel.,It is already dark outside.,rights: original; derived from live unused vocab 어둡다,approved,Jin explicit app-integration approval (2026-08-17).
satz_b1_0444,B1,시험 기간에는 바빠요.,In der Prüfungszeit bin ich beschäftigt.,I am busy during exam period.,rights: original; derived from live unused vocab 기간,approved,Jin explicit app-integration approval (2026-08-17).
satz_b1_0445,B1,그 순간을 잊을 수 없어요.,Diesen Moment kann ich nicht vergessen.,I cannot forget that moment.,rights: original; derived from live unused vocab 순간,approved,Jin explicit app-integration approval (2026-08-17).
satz_b1_0446,B1,평일에는 회사에 가요.,An Wochentagen gehe ich zur Arbeit.,I go to work on weekdays.,rights: original; derived from live unused vocab 평일,approved,Jin explicit app-integration approval (2026-08-17).
satz_b1_0447,B1,이번 연휴에 뭐 해요?,Was machst du an den langen Feiertagen?,What are you doing over the long holiday?,rights: original; derived from live unused vocab 연휴,approved,Jin explicit app-integration approval (2026-08-17).
satz_b1_0448,B1,세월이 참 빨라요.,Die Zeit vergeht wirklich schnell.,Time really flies.,rights: original; derived from live unused vocab 세월,approved,Jin explicit app-integration approval (2026-08-17).
satz_b1_0449,B1,저는 서울에서 태어났어요.,Ich bin in Seoul geboren.,I was born in Seoul.,rights: original; derived from live unused vocab 태어나다,approved,Jin explicit app-integration approval (2026-08-17).
satz_b1_0450,B1,내년에 대학교를 졸업해요.,Nächstes Jahr mache ich meinen Uni-Abschluss.,I graduate from university next year.,rights: original; derived from live unused vocab 졸업하다,approved,Jin explicit app-integration approval (2026-08-17).
satz_b1_0451,B1,조카가 올해 초등학교에 입학했어요.,Meine Nichte wurde dieses Jahr eingeschult.,My niece started elementary school this year.,rights: original; derived from live unused vocab 입학하다,approved,Jin explicit app-integration approval (2026-08-17).
satz_b1_0452,B1,어른에게 존댓말을 써야 해요.,Gegenüber Erwachsenen muss man höflich sprechen.,You must speak politely to adults.,rights: original; derived from live unused vocab 어른,approved,Jin explicit app-integration approval (2026-08-17).
satz_b1_0453,B1,지하철에서 노인에게 자리를 양보했어요.,In der U-Bahn habe ich einem älteren Menschen den Platz überlassen.,I gave my seat to an elderly person on the subway.,rights: original; derived from live unused vocab 노인,approved,Jin explicit app-integration approval (2026-08-17).
satz_b1_0454,B1,미래를 위해 저축해요.,Für die Zukunft spare ich.,I save for the future.,rights: original; derived from live unused vocab 미래,approved,Jin explicit app-integration approval (2026-08-17).
satz_b1_0455,B1,옛날에는 여기가 시장이었어요.,Früher war hier ein Markt.,This used to be a market in the old days.,rights: original; derived from live unused vocab 옛날,approved,Jin explicit app-integration approval (2026-08-17).
satz_b2_0391,B2,현대 사회는 변화가 빨라요.,Die moderne Gesellschaft verändert sich schnell.,Modern society changes fast.,rights: original; derived from live unused vocab 현대,approved,Jin explicit app-integration approval (2026-08-17).
satz_b2_0392,B2,현대인은 스트레스가 많아요.,Moderne Menschen haben viel Stress.,Modern people have a lot of stress.,rights: original; derived from live unused vocab 현대인,approved,Jin explicit app-integration approval (2026-08-17).
satz_b2_0393,B2,이 건물은 최신식 시설을 갖췄어요.,Dieses Gebäude hat eine hochmoderne Ausstattung.,This building has state-of-the-art facilities.,rights: original; derived from live unused vocab 최신식,approved,Jin explicit app-integration approval (2026-08-17).
satz_b2_0394,B2,이 기계는 사용법이 간단해요.,Diese Maschine ist einfach zu bedienen.,This machine is easy to use.,rights: original; derived from live unused vocab 기계,approved,Jin explicit app-integration approval (2026-08-17).
satz_b1_0456,B1,문제를 스스로 해결했어요.,Ich habe das Problem selbst gelöst.,I solved the problem by myself.,rights: original; derived from live unused vocab 스스로,approved,Jin explicit app-integration approval (2026-08-17).
satz_b2_0395,B2,서른 살에 부모님에게서 독립했어요.,Mit dreißig bin ich von zu Hause ausgezogen.,I became independent from my parents at thirty.,rights: original; derived from live unused vocab 독립하다,approved,Jin explicit app-integration approval (2026-08-17).
satz_b2_0396,B2,이 방은 공간이 넓어요.,Dieses Zimmer bietet viel Raum.,This room has a lot of space.,rights: original; derived from live unused vocab 공간,approved,Jin explicit app-integration approval (2026-08-17).
satz_b2_0397,B2,동아리 활동을 해요.,Ich mache bei Klubaktivitäten mit.,I take part in club activities.,rights: original; derived from live unused vocab 활동,approved,Jin explicit app-integration approval (2026-08-17).
satz_b1_0457,B1,평소에 일찍 일어나요.,Normalerweise stehe ich früh auf.,I usually get up early.,rights: original; derived from live unused vocab 평소,approved,Jin explicit app-integration approval (2026-08-17).
satz_b1_0458,B1,이 가수는 인기가 많아요.,Dieser Sänger ist sehr beliebt.,This singer is very popular.,rights: original; derived from live unused vocab 인기,approved,Jin explicit app-integration approval (2026-08-17).
satz_b2_0398,B2,동네가 많이 달라졌어요.,Das Viertel hat sich stark verändert.,The neighborhood has changed a lot.,rights: original; derived from live unused vocab 달라지다,approved,Jin explicit app-integration approval (2026-08-17).
satz_b2_0399,B2,식사 예절을 배웠어요.,Ich habe Tischmanieren gelernt.,I learned table manners.,rights: original; derived from live unused vocab 예절,approved,Jin explicit app-integration approval (2026-08-17).
satz_b2_0400,B2,예의를 지키는 게 중요해요.,Höflichkeit zu wahren ist wichtig.,Keeping good manners is important.,rights: original; derived from live unused vocab 예의,approved,Jin explicit app-integration approval (2026-08-17).
satz_b2_0401,B2,버스에서 자리를 양보했어요.,Im Bus habe ich meinen Platz überlassen.,I gave up my seat on the bus.,rights: original; derived from live unused vocab 양보하다,approved,Jin explicit app-integration approval (2026-08-17).
satz_b2_0402,B2,공부를 방해하지 마세요.,Stör mich bitte nicht beim Lernen.,Please do not disturb my studying.,rights: original; derived from live unused vocab 방해하다,approved,Jin explicit app-integration approval (2026-08-17).
satz_b2_0403,B2,계단에서는 주의가 필요해요.,Auf der Treppe ist Vorsicht nötig.,Caution is needed on the stairs.,rights: original; derived from live unused vocab 주의,approved,Jin explicit app-integration approval (2026-08-17).
satz_b2_0404,B2,여기서는 흡연을 금지해요.,Hier ist Rauchen verboten.,Smoking is prohibited here.,rights: original; derived from live unused vocab 금지하다,approved,Jin explicit app-integration approval (2026-08-17).
satz_b2_0405,B2,여기는 출입 금지예요.,Hier ist der Zutritt verboten.,Entry is forbidden here.,rights: original; derived from live unused vocab 출입,approved,Jin explicit app-integration approval (2026-08-17).
satz_b2_0406,B2,거짓말을 하면 벌을 받아요.,Auf Lügen folgt eine Strafe.,Lying brings punishment.,rights: original; derived from live unused vocab 벌,approved,Jin explicit app-integration approval (2026-08-17).
satz_b2_0407,B2,사회생활에서는 예의가 중요해요.,Im Berufsleben ist Höflichkeit wichtig.,Manners matter in social life.,rights: original; derived from live unused vocab 사회생활,approved,Jin explicit app-integration approval (2026-08-17).
satz_b2_0408,B2,세상에는 좋은 사람이 많아요.,Auf der Welt gibt es viele gute Menschen.,There are many good people in the world.,rights: original; derived from live unused vocab 세상,approved,Jin explicit app-integration approval (2026-08-17).
satz_b2_0409,B2,임산부에게 자리를 양보하세요.,Überlassen Sie Schwangeren den Platz.,Give up your seat to pregnant women.,rights: original; derived from live unused vocab 임산부,approved,Jin explicit app-integration approval (2026-08-17).
satz_b1_0459,B1,비가 올 경우에는 취소돼요.,Im Fall von Regen wird es abgesagt.,In case of rain it is canceled.,rights: original; derived from live unused vocab 경우,approved,Jin explicit app-integration approval (2026-08-17).
satz_b1_0460,B1,학생 전체가 참여했어요.,Alle Schüler haben teilgenommen.,All the students participated.,rights: original; derived from live unused vocab 전체,approved,Jin explicit app-integration approval (2026-08-17).
satz_b1_0461,B1,삼십 분 정도 걸려요.,Es dauert etwa dreißig Minuten.,It takes about thirty minutes.,rights: original; derived from live unused vocab 정도,approved,Jin explicit app-integration approval (2026-08-17).
satz_b1_0462,B1,차 종류가 정말 많네요.,Es gibt wirklich viele Teesorten.,There are so many kinds of tea.,rights: original; derived from live unused vocab 종류,approved,Jin explicit app-integration approval (2026-08-17).
satz_b1_0463,B1,이 노래는 느낌이 좋아요.,Dieses Lied fühlt sich gut an.,This song has a good feeling.,rights: original; derived from live unused vocab 느낌,approved,Jin explicit app-integration approval (2026-08-17).
satz_b2_0410,B2,문제의 핵심을 말해 주세요.,Nennen Sie bitte den Kern des Problems.,Please state the core of the problem.,rights: original; derived from live unused vocab 핵심,approved,Jin explicit app-integration approval (2026-08-17).
satz_b2_0411,B2,시험 문제 유형을 분석했어요.,Ich habe die Aufgabentypen der Prüfung analysiert.,I analyzed the exam question types.,rights: original; derived from live unused vocab 유형,approved,Jin explicit app-integration approval (2026-08-17).
satz_b1_0464,B1,이 부분을 다시 설명해 주세요.,Erklären Sie diesen Teil bitte noch einmal.,Please explain this part again.,rights: original; derived from live unused vocab 부분,approved,Jin explicit app-integration approval (2026-08-17).
satz_b1_0465,B1,책 내용이 어려워요.,Der Inhalt des Buches ist schwierig.,The content of the book is difficult.,rights: original; derived from live unused vocab 내용,approved,Jin explicit app-integration approval (2026-08-17).
satz_b1_0466,B1,오늘 회의 주제가 뭐예요?,Was ist das Thema der heutigen Sitzung?,What is the topic of today's meeting?,rights: original; derived from live unused vocab 주제,approved,Jin explicit app-integration approval (2026-08-17).
satz_b2_0412,B2,발표 자료를 준비했어요.,Ich habe die Präsentationsunterlagen vorbereitet.,I prepared the presentation materials.,rights: original; derived from live unused vocab 자료,approved,Jin explicit app-integration approval (2026-08-17).
satz_b2_0413,B2,건강의 비결이 뭐예요?,Was ist das Geheimnis Ihrer Gesundheit?,What is the secret of your health?,rights: original; derived from live unused vocab 비결,approved,Jin explicit app-integration approval (2026-08-17).
satz_b2_0414,B2,한국어 문법은 재미있어요.,Koreanische Grammatik macht Spaß.,Korean grammar is fun.,rights: original; derived from live unused vocab 문법,approved,Jin explicit app-integration approval (2026-08-17).
satz_b2_0415,B2,이 단어는 명사예요.,Dieses Wort ist ein Substantiv.,This word is a noun.,rights: original; derived from live unused vocab 명사,approved,Jin explicit app-integration approval (2026-08-17).
satz_b2_0416,B2,동사는 문장 끝에 와요.,Das Verb steht am Satzende.,The verb comes at the end of the sentence.,rights: original; derived from live unused vocab 동사,approved,Jin explicit app-integration approval (2026-08-17).
satz_b2_0417,B2,형용사로 기분을 표현해요.,Mit Adjektiven drückt man Gefühle aus.,You express feelings with adjectives.,rights: original; derived from live unused vocab 형용사,approved,Jin explicit app-integration approval (2026-08-17).
satz_b2_0418,B2,부사는 동사를 꾸며요.,Adverbien beschreiben das Verb.,Adverbs modify the verb.,rights: original; derived from live unused vocab 부사,approved,Jin explicit app-integration approval (2026-08-17).
satz_b2_0419,B2,한글에는 자음이 열아홉 개 있어요.,Hangul hat neunzehn Konsonanten.,Hangul has nineteen consonants.,rights: original; derived from live unused vocab 자음,approved,Jin explicit app-integration approval (2026-08-17).
satz_b2_0420,B2,크다의 반의어는 작다예요.,Das Antonym von groß ist klein.,The antonym of big is small.,rights: original; derived from live unused vocab 반의어,approved,Jin explicit app-integration approval (2026-08-17).
satz_b2_0421,B2,두 단어는 동의어예요.,Die beiden Wörter sind Synonyme.,The two words are synonyms.,rights: original; derived from live unused vocab 동의어,approved,Jin explicit app-integration approval (2026-08-17).
satz_b2_0422,B2,철자를 자주 틀려요.,Ich mache oft Rechtschreibfehler.,I often make spelling mistakes.,rights: original; derived from live unused vocab 철자,approved,Jin explicit app-integration approval (2026-08-17).
satz_b2_0423,B2,문장에 오류가 있어요.,Im Satz ist ein Fehler.,There is an error in the sentence.,rights: original; derived from live unused vocab 오류,approved,Jin explicit app-integration approval (2026-08-17).
satz_b2_0424,B2,단어를 매일 외워요.,Ich lerne jeden Tag Wörter auswendig.,I memorize words every day.,rights: original; derived from live unused vocab 외우다,approved,Jin explicit app-integration approval (2026-08-17).
satz_b2_0425,B2,방 온도가 너무 높아요.,Die Zimmertemperatur ist zu hoch.,The room temperature is too high.,rights: original; derived from live unused vocab 온도,approved,Jin explicit app-integration approval (2026-08-17).
satz_b2_0426,B2,여름에는 습도가 높아요.,Im Sommer ist die Luftfeuchtigkeit hoch.,Humidity is high in summer.,rights: original; derived from live unused vocab 습도,approved,Jin explicit app-integration approval (2026-08-17).
satz_b2_0427,B2,에어컨 온도를 조절했어요.,Ich habe die Klimaanlage eingestellt.,I adjusted the air conditioner.,rights: original; derived from live unused vocab 조절하다,approved,Jin explicit app-integration approval (2026-08-17).
satz_b2_0428,B2,겨울에는 공기가 건조해요.,Im Winter ist die Luft trocken.,The air is dry in winter.,rights: original; derived from live unused vocab 건조하다,approved,Jin explicit app-integration approval (2026-08-17).
satz_b2_0429,B2,방에 가습기를 켰어요.,Ich habe den Luftbefeuchter im Zimmer angemacht.,I turned on the humidifier in the room.,rights: original; derived from live unused vocab 가습기,approved,Jin explicit app-integration approval (2026-08-17).
satz_b2_0430,B2,형광등을 갈아야 해요.,Die Leuchtstofflampe muss gewechselt werden.,The fluorescent light needs changing.,rights: original; derived from live unused vocab 형광등,approved,Jin explicit app-integration approval (2026-08-17).
satz_b2_0431,B2,병 뚜껑을 열어 주세요.,Öffne bitte den Flaschendeckel.,Please open the bottle lid.,rights: original; derived from live unused vocab 뚜껑,approved,Jin explicit app-integration approval (2026-08-17).
satz_b2_0432,B2,편지를 봉투에 넣었어요.,Ich habe den Brief in den Umschlag gesteckt.,I put the letter in the envelope.,rights: original; derived from live unused vocab 봉투,approved,Jin explicit app-integration approval (2026-08-17).
satz_b2_0433,B2,서랍에 열쇠가 있어요.,Der Schlüssel ist in der Schublade.,The key is in the drawer.,rights: original; derived from live unused vocab 서랍,approved,Jin explicit app-integration approval (2026-08-17).
satz_b2_0434,B2,과일을 바구니에 담았어요.,Ich habe das Obst in den Korb getan.,I put the fruit in the basket.,rights: original; derived from live unused vocab 담다,approved,Jin explicit app-integration approval (2026-08-17).
satz_b2_0435,B2,비에 옷이 다 젖었어요.,Meine Kleidung ist im Regen ganz nass geworden.,My clothes got all wet in the rain.,rights: original; derived from live unused vocab 젖다,approved,Jin explicit app-integration approval (2026-08-17).
satz_b2_0436,B2,머리를 말리고 나갈게요.,Ich trockne mir die Haare und gehe dann los.,I will dry my hair and then leave.,rights: original; derived from live unused vocab 말리다,approved,Jin explicit app-integration approval (2026-08-17).
satz_b1_0467,B1,그 부부는 정말 행복해 보여요.,Das Ehepaar sieht wirklich glücklich aus.,That couple looks really happy.,rights: original; derived from live unused vocab 부부,approved,Jin explicit app-integration approval (2026-08-17).
satz_b1_0468,B1,명절에 친척들이 모여요.,An Feiertagen kommen die Verwandten zusammen.,Relatives gather on holidays.,rights: original; derived from live unused vocab 친척,approved,Jin explicit app-integration approval (2026-08-17).
satz_b2_0437,B2,애인과 영화를 봤어요.,Ich habe mit meinem Partner einen Film gesehen.,I watched a movie with my partner.,rights: original; derived from live unused vocab 애인,approved,Jin explicit app-integration approval (2026-08-17).
satz_b2_0438,B2,어제 고등학교 동창을 만났어요.,Gestern habe ich einen alten Schulfreund getroffen.,I met a high school classmate yesterday.,rights: original; derived from live unused vocab 동창,approved,Jin explicit app-integration approval (2026-08-17).
satz_b2_0439,B2,부모는 자식을 걱정해요.,Eltern sorgen sich um ihre Kinder.,Parents worry about their children.,rights: original; derived from live unused vocab 자식,approved,Jin explicit app-integration approval (2026-08-17).
satz_b2_0440,B2,제 동생들은 쌍둥이예요.,Meine jüngeren Geschwister sind Zwillinge.,My younger siblings are twins.,rights: original; derived from live unused vocab 쌍둥이,approved,Jin explicit app-integration approval (2026-08-17).
satz_b2_0441,B2,저는 아버지를 닮았어요.,Ich ähnele meinem Vater.,I resemble my father.,rights: original; derived from live unused vocab 닮다,approved,Jin explicit app-integration approval (2026-08-17).
satz_b2_0442,B2,운동으로 몸매를 관리해요.,Mit Sport halte ich meine Figur.,I keep my figure through exercise.,rights: original; derived from live unused vocab 몸매,approved,Jin explicit app-integration approval (2026-08-17).
satz_b2_0443,B2,아직 한국어가 서툴러요.,Mein Koreanisch ist noch holprig.,My Korean is still clumsy.,rights: original; derived from live unused vocab 서투르다,approved,Jin explicit app-integration approval (2026-08-17).
satz_b2_0444,B2,동생을 울리지 마!,Bring deine kleine Schwester nicht zum Weinen!,Do not make your little sister cry!,rights: original; derived from live unused vocab 울리다,approved,Jin explicit app-integration approval (2026-08-17).
satz_b2_0445,B2,그 배우는 정말 잘생겼어요.,Dieser Schauspieler sieht wirklich gut aus.,That actor is really handsome.,rights: original; derived from live unused vocab 잘생기다,approved,Jin explicit app-integration approval (2026-08-17).
satz_b2_0446,B2,이 동네는 밤에도 안전해요.,Dieses Viertel ist auch nachts sicher.,This neighborhood is safe even at night.,rights: original; derived from live unused vocab 안전하다,approved,Jin explicit app-integration approval (2026-08-17).
satz_b2_0447,B2,귀중품은 금고에 보관하세요.,Bewahren Sie Wertsachen im Safe auf.,Store valuables in the safe.,rights: original; derived from live unused vocab 보관하다,approved,Jin explicit app-integration approval (2026-08-17).
satz_b2_0448,B2,빨간불에서는 정지해야 해요.,Bei Rot muss man anhalten.,You must stop at a red light.,rights: original; derived from live unused vocab 정지하다,approved,Jin explicit app-integration approval (2026-08-17).
satz_b2_0449,B2,우유 유통기한을 확인하세요.,Prüfen Sie das Haltbarkeitsdatum der Milch.,Check the milk's expiration date.,rights: original; derived from live unused vocab 유통기한,approved,Jin explicit app-integration approval (2026-08-17).
satz_b2_0450,B2,약속을 꼭 지키세요.,Halten Sie Ihr Versprechen unbedingt ein.,Be sure to keep your promise.,rights: original; derived from live unused vocab 지키다,approved,Jin explicit app-integration approval (2026-08-17).
satz_b2_0451,B2,비상 상황에는 이 버튼을 누르세요.,Im Notfall drücken Sie diesen Knopf.,Press this button in an emergency.,rights: original; derived from live unused vocab 비상,approved,Jin explicit app-integration approval (2026-08-17).
satz_b2_0452,B2,어제 길에서 사고가 났어요.,Gestern gab es auf der Straße einen Unfall.,There was an accident on the road yesterday.,rights: original; derived from live unused vocab 사고,approved,Jin explicit app-integration approval (2026-08-17).
satz_b2_0453,B2,문제가 생기면 즉시 연락하세요.,Bei Problemen melden Sie sich sofort.,Contact us immediately if problems arise.,rights: original; derived from live unused vocab 즉시,approved,Jin explicit app-integration approval (2026-08-17).
satz_b2_0454,B2,안전벨트를 반드시 매세요.,Schnallen Sie sich unbedingt an.,Be sure to wear your seat belt.,rights: original; derived from live unused vocab 반드시,approved,Jin explicit app-integration approval (2026-08-17).
satz_b2_0455,B2,전기 요금 고지서가 왔어요.,Die Stromrechnung ist gekommen.,The electricity bill has arrived.,rights: original; derived from live unused vocab 고지서,approved,Jin explicit app-integration approval (2026-08-17).
satz_b2_0456,B2,기차표를 미리 예매했어요.,Ich habe die Zugtickets im Voraus gebucht.,I booked the train tickets in advance.,rights: original; derived from live unused vocab 예매하다,approved,Jin explicit app-integration approval (2026-08-17).
satz_b2_0457,B2,내일 학교에서 소풍을 가요.,Morgen macht die Schule einen Ausflug.,The school goes on a picnic tomorrow.,rights: original; derived from live unused vocab 소풍,approved,Jin explicit app-integration approval (2026-08-17).
satz_b2_0458,B2,설날은 음력 1월 1일이에요.,Seollal ist der erste Tag des Mondkalenders.,Seollal is the first day of the lunar calendar.,rights: original; derived from live unused vocab 음력,approved,Jin explicit app-integration approval (2026-08-17).
satz_b2_0459,B2,명절에 제사를 지내요.,An Feiertagen halten wir die Ahnenzeremonie ab.,We hold ancestral rites on holidays.,rights: original; derived from live unused vocab 제사,approved,Jin explicit app-integration approval (2026-08-17).
satz_b2_0460,B2,설날에 가족과 윷놀이를 해요.,An Seollal spielen wir mit der Familie Yut.,We play yut with the family at Seollal.,rights: original; derived from live unused vocab 윷놀이,approved,Jin explicit app-integration approval (2026-08-17).
satz_b2_0461,B2,공연장에 관객이 가득해요.,Die Halle ist voller Zuschauer.,The hall is full of spectators.,rights: original; derived from live unused vocab 관객,approved,Jin explicit app-integration approval (2026-08-17).
satz_b2_0462,B2,결혼 10주년을 기념했어요.,Wir haben den zehnten Hochzeitstag gefeiert.,We celebrated our tenth wedding anniversary.,rights: original; derived from live unused vocab 기념하다,approved,Jin explicit app-integration approval (2026-08-17).
satz_b2_0463,B2,케이크에 촛불을 켰어요.,Wir haben die Kerzen auf der Torte angezündet.,We lit the candles on the cake.,rights: original; derived from live unused vocab 촛불,approved,Jin explicit app-integration approval (2026-08-17).
satz_b2_0464,B2,광복절에 국기를 달아요.,Am Befreiungstag hängen wir die Nationalflagge auf.,We fly the national flag on Liberation Day.,rights: original; derived from live unused vocab 국기,approved,Jin explicit app-integration approval (2026-08-17).
satz_b2_0465,B2,세계 여러 나라를 여행하고 싶어요.,Ich möchte viele Länder der Welt bereisen.,I want to travel to many countries of the world.,rights: original; derived from live unused vocab 세계,approved,Jin explicit app-integration approval (2026-08-17).
satz_b2_0466,B2,내일은 공휴일이라서 쉬어요.,Morgen ist Feiertag und wir haben frei.,Tomorrow is a public holiday so we rest.,rights: original; derived from live unused vocab 공휴일,approved,Jin explicit app-integration approval (2026-08-17).
satz_b2_0467,B2,서울의 야경이 아름다워요.,Die nächtliche Skyline von Seoul ist wunderschön.,Seoul's night view is beautiful.,rights: original; derived from live unused vocab 야경,approved,Jin explicit app-integration approval (2026-08-17).
satz_b2_0468,B2,새로운 카페를 발견했어요.,Ich habe ein neues Café entdeckt.,I discovered a new café.,rights: original; derived from live unused vocab 발견하다,approved,Jin explicit app-integration approval (2026-08-17).
satz_b2_0469,B2,드디어 꿈을 이뤘어요.,Endlich habe ich meinen Traum verwirklicht.,I finally achieved my dream.,rights: original; derived from live unused vocab 이루다,approved,Jin explicit app-integration approval (2026-08-17).
satz_b2_0470,B2,회의가 밤까지 이어졌어요.,Die Sitzung zog sich bis in die Nacht.,The meeting continued into the night.,rights: original; derived from live unused vocab 이어지다,approved,Jin explicit app-integration approval (2026-08-17).
satz_b2_0471,B2,그 추억을 마음에 간직할게요.,Diese Erinnerung bewahre ich im Herzen.,I will treasure that memory in my heart.,rights: original; derived from live unused vocab 간직하다,approved,Jin explicit app-integration approval (2026-08-17).
satz_b2_0472,B2,이 호텔은 모든 시설을 갖췄어요.,Dieses Hotel ist mit allem ausgestattet.,This hotel is equipped with everything.,rights: original; derived from live unused vocab 갖추다,approved,Jin explicit app-integration approval (2026-08-17).
satz_b2_0473,B2,가족에게 안부를 전해 주세요.,Richten Sie Ihrer Familie Grüße aus.,Please give my regards to your family.,rights: original; derived from live unused vocab 전하다,approved,Jin explicit app-integration approval (2026-08-17).
satz_b2_0474,B2,주말에 가족이 다 모여요.,Am Wochenende kommt die ganze Familie zusammen.,The whole family gathers on weekends.,rights: original; derived from live unused vocab 모이다,approved,Jin explicit app-integration approval (2026-08-17).
satz_b2_0475,B2,가을에 김치를 담가요.,Im Herbst legen wir Kimchi ein.,We make kimchi in autumn.,rights: original; derived from live unused vocab 담그다,approved,Jin explicit app-integration approval (2026-08-17).
satz_b2_0476,B2,물과 기름은 잘 안 섞여요.,Wasser und Öl vermischen sich nicht gut.,Water and oil do not mix well.,rights: original; derived from live unused vocab 섞이다,approved,Jin explicit app-integration approval (2026-08-17).
satz_b2_0477,B2,약속 시간을 정합시다.,Legen wir die Uhrzeit fest.,Let us set the meeting time.,rights: original; derived from live unused vocab 정하다,approved,Jin explicit app-integration approval (2026-08-17).
satz_b2_0478,B2,십 년 사이에 도시가 많이 변했어요.,In zehn Jahren hat sich die Stadt stark verändert.,The city changed a lot in ten years.,rights: original; derived from live unused vocab 변하다,approved,Jin explicit app-integration approval (2026-08-17).
satz_b2_0479,B2,빵을 반으로 나눴어요.,Ich habe das Brot halbiert.,I divided the bread in half.,rights: original; derived from live unused vocab 나누다,approved,Jin explicit app-integration approval (2026-08-17).
satz_b2_0480,B2,선생님 말씀 잘 들었어요.,Ich habe Ihre Worte aufmerksam gehört.,I listened carefully to your words.,rights: original; derived from live unused vocab 말씀,approved,Jin explicit app-integration approval (2026-08-17).
satz_b2_0481,B2,할아버지 연세가 어떻게 되세요?,Wie alt ist Ihr Großvater?,How old is your grandfather?,rights: original; derived from live unused vocab 연세,approved,Jin explicit app-integration approval (2026-08-17).
satz_b2_0482,B2,성함이 어떻게 되세요?,Wie ist Ihr werter Name?,May I ask your name?,rights: original; derived from live unused vocab 성함,approved,Jin explicit app-integration approval (2026-08-17).
satz_b2_0483,B2,내일이 할머니 생신이에요.,Morgen hat meine Großmutter Geburtstag.,Tomorrow is my grandmother's birthday.,rights: original; derived from live unused vocab 생신,approved,Jin explicit app-integration approval (2026-08-17).
satz_b2_0484,B2,선생님 댁에 초대받았어요.,Ich wurde zum Haus des Lehrers eingeladen.,I was invited to the teacher's house.,rights: original; derived from live unused vocab 댁,approved,Jin explicit app-integration approval (2026-08-17).
satz_b2_0485,B2,할머니께 선물을 드렸어요.,Ich habe meiner Großmutter ein Geschenk überreicht.,I gave my grandmother a present.,rights: original; derived from live unused vocab 드리다,approved,Jin explicit app-integration approval (2026-08-17).
satz_b2_0486,B2,선생님께 여쭤 볼게요.,Ich werde den Lehrer ehrerbietig fragen.,I will ask the teacher politely.,rights: original; derived from live unused vocab 여쭈다,approved,Jin explicit app-integration approval (2026-08-17).
satz_b2_0487,B2,부모님은 벌써 주무세요.,Meine Eltern schlafen schon.,My parents are already asleep.,rights: original; derived from live unused vocab 주무시다,approved,Jin explicit app-integration approval (2026-08-17).
satz_b2_0488,B2,어머니는 지금 집에 계세요.,Meine Mutter ist gerade zu Hause.,My mother is at home right now.,rights: original; derived from live unused vocab 계시다,approved,Jin explicit app-integration approval (2026-08-17).
satz_b2_0489,B2,할머니는 아침을 잡수셨어요.,Meine Großmutter hat gefrühstückt.,My grandmother ate breakfast.,rights: original; derived from live unused vocab 잡수시다,approved,Jin explicit app-integration approval (2026-08-17).
satz_a2_0352,A2,겨울에는 코트를 입어요.,Im Winter trage ich einen Mantel.,I wear a coat in winter.,rights: original; derived from live unused vocab 코트,approved,Jin explicit app-integration approval (2026-08-17).
satz_a2_0353,A2,오늘은 치마를 입었어요.,Heute trage ich einen Rock.,I am wearing a skirt today.,rights: original; derived from live unused vocab 치마,approved,Jin explicit app-integration approval (2026-08-17).
satz_a2_0354,A2,파티에 원피스를 입고 갔어요.,Ich bin im Kleid zur Party gegangen.,I went to the party in a dress.,rights: original; derived from live unused vocab 원피스,approved,Jin explicit app-integration approval (2026-08-17).
satz_a2_0355,A2,아버지는 양복을 입고 출근해요.,Mein Vater geht im Anzug zur Arbeit.,My father goes to work in a suit.,rights: original; derived from live unused vocab 양복,approved,Jin explicit app-integration approval (2026-08-17).
satz_a2_0356,A2,새 구두가 조금 작아요.,Die neuen Schuhe sind etwas klein.,The new shoes are a bit small.,rights: original; derived from live unused vocab 구두,approved,Jin explicit app-integration approval (2026-08-17).
satz_a2_0357,A2,따뜻한 양말을 신었어요.,Ich habe warme Socken angezogen.,I put on warm socks.,rights: original; derived from live unused vocab 양말,approved,Jin explicit app-integration approval (2026-08-17).
satz_a2_0358,A2,장갑을 어디에 뒀지요?,Wo habe ich meine Handschuhe hingelegt?,Where did I put my gloves?,rights: original; derived from live unused vocab 장갑,approved,Jin explicit app-integration approval (2026-08-17).
satz_a2_0359,A2,할머니가 목도리를 떠 주셨어요.,Meine Oma hat mir einen Schal gestrickt.,My grandma knitted me a scarf.,rights: original; derived from live unused vocab 목도리,approved,Jin explicit app-integration approval (2026-08-17).
satz_a2_0360,A2,예쁜 반지를 선물 받았어요.,Ich habe einen schönen Ring geschenkt bekommen.,I received a pretty ring as a gift.,rights: original; derived from live unused vocab 반지,approved,Jin explicit app-integration approval (2026-08-17).
satz_a2_0361,A2,새 귀걸이를 하고 나갔어요.,Ich bin mit neuen Ohrringen ausgegangen.,I went out wearing new earrings.,rights: original; derived from live unused vocab 귀걸이,approved,Jin explicit app-integration approval (2026-08-17).
satz_a2_0362,A2,파란 넥타이가 잘 어울려요.,Die blaue Krawatte steht dir gut.,The blue tie suits you well.,rights: original; derived from live unused vocab 넥타이,approved,Jin explicit app-integration approval (2026-08-17).
satz_a2_0363,A2,배낭을 메고 여행을 떠났어요.,Mit dem Rucksack bin ich auf Reisen gegangen.,I went traveling with a backpack.,rights: original; derived from live unused vocab 배낭,approved,Jin explicit app-integration approval (2026-08-17).
satz_a2_0364,A2,운동화를 신고 뛰어요.,Ich laufe in Turnschuhen.,I run wearing sneakers.,rights: original; derived from live unused vocab 신다,approved,Jin explicit app-integration approval (2026-08-17).
satz_a2_0365,A2,집에서는 신발을 벗어요.,Zu Hause zieht man die Schuhe aus.,You take off your shoes at home.,rights: original; derived from live unused vocab 벗다,approved,Jin explicit app-integration approval (2026-08-17).
satz_a2_0366,A2,넥타이를 매는 법을 배웠어요.,Ich habe gelernt eine Krawatte zu binden.,I learned how to tie a tie.,rights: original; derived from live unused vocab 매다,approved,Jin explicit app-integration approval (2026-08-17).
satz_a2_0367,A2,추워서 장갑을 꼈어요.,Wegen der Kälte habe ich Handschuhe angezogen.,I put on gloves because it was cold.,rights: original; derived from live unused vocab 끼다,approved,Jin explicit app-integration approval (2026-08-17).
satz_a2_0368,A2,새 시계를 차고 있어요.,Ich trage eine neue Uhr.,I am wearing a new watch.,rights: original; derived from live unused vocab 차다,approved,Jin explicit app-integration approval (2026-08-17).
satz_a2_0369,A2,가방을 메고 학교에 가요.,Ich gehe mit der Tasche über der Schulter zur Schule.,I go to school with a bag on my shoulder.,rights: original; derived from live unused vocab 메다,approved,Jin explicit app-integration approval (2026-08-17).
satz_a2_0370,A2,바지가 커서 벨트를 했어요.,Die Hose war groß und ich habe einen Gürtel angelegt.,The pants were big so I wore a belt.,rights: original; derived from live unused vocab 벨트,approved,Jin explicit app-integration approval (2026-08-17).
satz_a2_0371,A2,은 팔찌를 자주 해요.,Ich trage oft ein silbernes Armband.,I often wear a silver bracelet.,rights: original; derived from live unused vocab 팔찌,approved,Jin explicit app-integration approval (2026-08-17).
satz_a2_0372,A2,눈이 와서 부츠를 신었어요.,Es hat geschneit und ich habe Stiefel angezogen.,It snowed so I wore boots.,rights: original; derived from live unused vocab 부츠,approved,Jin explicit app-integration approval (2026-08-17).
satz_a2_0373,A2,여름에는 샌들이 편해요.,Im Sommer sind Sandalen bequem.,Sandals are comfortable in summer.,rights: original; derived from live unused vocab 샌들,approved,Jin explicit app-integration approval (2026-08-17).
satz_a2_0374,A2,집에서 슬리퍼를 신어요.,Zu Hause trage ich Hausschuhe.,I wear slippers at home.,rights: original; derived from live unused vocab 슬리퍼,approved,Jin explicit app-integration approval (2026-08-17).
satz_a2_0375,A2,스타킹에 구멍이 났어요.,Meine Strumpfhose hat ein Loch.,My stockings have a hole.,rights: original; derived from live unused vocab 스타킹,approved,Jin explicit app-integration approval (2026-08-17).
satz_a2_0376,A2,한국 식당은 반찬이 많아요.,Koreanische Restaurants haben viele Beilagen.,Korean restaurants have many side dishes.,rights: original; derived from live unused vocab 반찬,approved,Jin explicit app-integration approval (2026-08-17).
satz_a2_0377,A2,소금 좀 건네주세요.,Reich mir bitte das Salz.,Please pass the salt.,rights: original; derived from live unused vocab 소금,approved,Jin explicit app-integration approval (2026-08-17).
satz_a2_0378,A2,수프에 후추를 넣었어요.,Ich habe Pfeffer in die Suppe getan.,I put pepper in the soup.,rights: original; derived from live unused vocab 후추,approved,Jin explicit app-integration approval (2026-08-17).
satz_a2_0379,A2,젓가락 사용이 어려워요.,Stäbchen zu benutzen ist schwierig.,Using chopsticks is difficult.,rights: original; derived from live unused vocab 젓가락,approved,Jin explicit app-integration approval (2026-08-17).
satz_a2_0380,A2,숟가락으로 국을 먹어요.,Suppe isst man mit dem Löffel.,You eat soup with a spoon.,rights: original; derived from live unused vocab 숟가락,approved,Jin explicit app-integration approval (2026-08-17).
satz_a2_0381,A2,계산서 좀 주세요.,Die Rechnung bitte.,The check please.,rights: original; derived from live unused vocab 계산서,approved,Jin explicit app-integration approval (2026-08-17).
satz_a2_0382,A2,차림표 좀 볼 수 있을까요?,Könnte ich die Speisekarte sehen?,Could I see the menu?,rights: original; derived from live unused vocab 차림표,approved,Jin explicit app-integration approval (2026-08-17).
satz_a2_0383,A2,불고기 2인분 주세요.,Zwei Portionen Bulgogi bitte.,Two servings of bulgogi please.,rights: original; derived from live unused vocab 인분,approved,Jin explicit app-integration approval (2026-08-17).
satz_a2_0384,A2,너무 많이 먹어서 배불러요.,Ich habe zu viel gegessen und bin satt.,I ate too much and I am full.,rights: original; derived from live unused vocab 배부르다,approved,Jin explicit app-integration approval (2026-08-17).
satz_a2_0385,A2,음식을 천천히 씹으세요.,Kauen Sie das Essen langsam.,Chew your food slowly.,rights: original; derived from live unused vocab 씹다,approved,Jin explicit app-integration approval (2026-08-17).
satz_a2_0386,A2,이 김치 좀 맛보세요.,Probieren Sie mal dieses Kimchi.,Try this kimchi.,rights: original; derived from live unused vocab 맛보다,approved,Jin explicit app-integration approval (2026-08-17).
satz_a2_0387,A2,후식으로 아이스크림을 먹었어요.,Als Nachtisch habe ich Eis gegessen.,I had ice cream for dessert.,rights: original; derived from live unused vocab 후식,approved,Jin explicit app-integration approval (2026-08-17).
satz_a2_0388,A2,거울을 보면서 머리를 빗어요.,Ich kämme mich vor dem Spiegel.,I comb my hair in front of the mirror.,rights: original; derived from live unused vocab 거울,approved,Jin explicit app-integration approval (2026-08-17).
satz_a2_0389,A2,달력에 약속을 표시했어요.,Ich habe den Termin im Kalender markiert.,I marked the appointment on the calendar.,rights: original; derived from live unused vocab 달력,approved,Jin explicit app-integration approval (2026-08-17).
satz_a2_0390,A2,비누로 손을 씻으세요.,Waschen Sie die Hände mit Seife.,Wash your hands with soap.,rights: original; derived from live unused vocab 비누,approved,Jin explicit app-integration approval (2026-08-17).
satz_a2_0391,A2,새 칫솔로 바꿨어요.,Ich habe eine neue Zahnbürste genommen.,I switched to a new toothbrush.,rights: original; derived from live unused vocab 칫솔,approved,Jin explicit app-integration approval (2026-08-17).
satz_a2_0392,A2,깨끗한 수건 있어요?,Gibt es ein sauberes Handtuch?,Is there a clean towel?,rights: original; derived from live unused vocab 수건,approved,Jin explicit app-integration approval (2026-08-17).
satz_a2_0393,A2,그릇을 씻어서 정리했어요.,Ich habe die Schüsseln gespült und weggeräumt.,I washed and put away the bowls.,rights: original; derived from live unused vocab 그릇,approved,Jin explicit app-integration approval (2026-08-17).
satz_a2_0394,A2,컵에 물을 따랐어요.,Ich habe Wasser in die Tasse gegossen.,I poured water into the cup.,rights: original; derived from live unused vocab 컵,approved,Jin explicit app-integration approval (2026-08-17).
satz_a2_0395,A2,부엌에서 좋은 냄새가 나요.,Aus der Küche kommt ein guter Geruch.,A good smell comes from the kitchen.,rights: original; derived from live unused vocab 냄새,approved,Jin explicit app-integration approval (2026-08-17).
satz_a2_0396,A2,더워서 창문을 열었어요.,Mir war warm und ich habe das Fenster geöffnet.,I was hot so I opened the window.,rights: original; derived from live unused vocab 창문,approved,Jin explicit app-integration approval (2026-08-17).
satz_a2_0397,A2,꽃병에 장미를 꽂았어요.,Ich habe Rosen in die Vase gestellt.,I put roses in the vase.,rights: original; derived from live unused vocab 꽃병,approved,Jin explicit app-integration approval (2026-08-17).
satz_a2_0398,A2,창가에 화분이 세 개 있어요.,Am Fenster stehen drei Blumentöpfe.,There are three flower pots by the window.,rights: original; derived from live unused vocab 화분,approved,Jin explicit app-integration approval (2026-08-17).
satz_a2_0399,A2,코트를 옷걸이에 걸었어요.,Ich habe den Mantel auf den Bügel gehängt.,I hung the coat on the hanger.,rights: original; derived from live unused vocab 옷걸이,approved,Jin explicit app-integration approval (2026-08-17).
satz_a2_0400,A2,야채를 많이 드세요.,Essen Sie viel Gemüse.,Eat lots of vegetables.,rights: original; derived from live unused vocab 야채,approved,Jin explicit app-integration approval (2026-08-17).
satz_a2_0401,A2,여름에는 수박이 최고예요.,Im Sommer ist Wassermelone das Beste.,Watermelon is the best in summer.,rights: original; derived from live unused vocab 수박,approved,Jin explicit app-integration approval (2026-08-17).
satz_a2_0402,A2,한국 배는 크고 달아요.,Koreanische Birnen sind groß und süß.,Korean pears are big and sweet.,rights: original; derived from live unused vocab 배,approved,Jin explicit app-integration approval (2026-08-17).
satz_a2_0403,A2,딸기 케이크를 좋아해요.,Ich mag Erdbeerkuchen.,I like strawberry cake.,rights: original; derived from live unused vocab 딸기,approved,Jin explicit app-integration approval (2026-08-17).
satz_a2_0404,A2,쇠고기로 국을 끓였어요.,Ich habe Suppe mit Rindfleisch gekocht.,I made soup with beef.,rights: original; derived from live unused vocab 쇠고기,approved,Jin explicit app-integration approval (2026-08-17).
satz_a2_0405,A2,돼지고기는 잘 익혀야 해요.,Schweinefleisch muss gut durchgegart werden.,Pork must be cooked well.,rights: original; derived from live unused vocab 돼지고기,approved,Jin explicit app-integration approval (2026-08-17).
satz_a2_0406,A2,저녁에 불고기를 만들어요.,Zum Abendessen mache ich Bulgogi.,I am making bulgogi for dinner.,rights: original; derived from live unused vocab 불고기,approved,Jin explicit app-integration approval (2026-08-17).
satz_a2_0407,A2,비빔밥에는 나물이 들어가요.,In Bibimbap kommen Gemüsebeilagen.,Bibimbap contains seasoned vegetables.,rights: original; derived from live unused vocab 비빔밥,approved,Jin explicit app-integration approval (2026-08-17).
satz_a2_0408,A2,여름에 냉면을 자주 먹어요.,Im Sommer esse ich oft kalte Nudeln.,I often eat cold noodles in summer.,rights: original; derived from live unused vocab 냉면,approved,Jin explicit app-integration approval (2026-08-17).
satz_a2_0409,A2,땅콩 알레르기가 있어요?,Haben Sie eine Erdnussallergie?,Do you have a peanut allergy?,rights: original; derived from live unused vocab 땅콩,approved,Jin explicit app-integration approval (2026-08-17).
satz_a2_0410,A2,빵에 딸기 잼을 발랐어요.,Ich habe Erdbeermarmelade aufs Brot gestrichen.,I spread strawberry jam on the bread.,rights: original; derived from live unused vocab 잼,approved,Jin explicit app-integration approval (2026-08-17).
satz_a2_0411,A2,밀가루로 빵을 만들어요.,Aus Mehl macht man Brot.,Bread is made from flour.,rights: original; derived from live unused vocab 밀가루,approved,Jin explicit app-integration approval (2026-08-17).
satz_a2_0412,A2,태양이 밝게 빛나요.,Die Sonne scheint hell.,The sun shines brightly.,rights: original; derived from live unused vocab 태양,approved,Jin explicit app-integration approval (2026-08-17).
satz_a2_0413,A2,강에 물고기가 많아요.,Im Fluss gibt es viele Fische.,There are many fish in the river.,rights: original; derived from live unused vocab 물고기,approved,Jin explicit app-integration approval (2026-08-17).
satz_a2_0414,A2,여름 밤에는 모기가 많아요.,In Sommernächten gibt es viele Mücken.,There are many mosquitoes on summer nights.,rights: original; derived from live unused vocab 모기,approved,Jin explicit app-integration approval (2026-08-17).
satz_a2_0415,A2,풀 위에 앉아서 쉬었어요.,Ich habe mich ins Gras gesetzt und ausgeruht.,I sat on the grass and rested.,rights: original; derived from live unused vocab 풀,approved,Jin explicit app-integration approval (2026-08-17).
satz_a2_0416,A2,가을에는 잎이 빨개져요.,Im Herbst werden die Blätter rot.,Leaves turn red in autumn.,rights: original; derived from live unused vocab 잎,approved,Jin explicit app-integration approval (2026-08-17).
satz_a2_0417,A2,옛날이야기에 용이 나와요.,In alten Geschichten kommen Drachen vor.,Dragons appear in old tales.,rights: original; derived from live unused vocab 용,approved,Jin explicit app-integration approval (2026-08-17).
satz_a2_0418,A2,오늘은 바람이 시원해요.,Heute ist der Wind angenehm kühl.,The wind is cool today.,rights: original; derived from live unused vocab 바람,approved,Jin explicit app-integration approval (2026-08-17).
satz_a2_0419,A2,아이들이 눈사람을 만들어요.,Die Kinder bauen einen Schneemann.,The children are building a snowman.,rights: original; derived from live unused vocab 눈사람,approved,Jin explicit app-integration approval (2026-08-17).
satz_a2_0420,A2,친구들과 눈싸움을 했어요.,Ich habe mit Freunden eine Schneeballschlacht gemacht.,I had a snowball fight with friends.,rights: original; derived from live unused vocab 눈싸움,approved,Jin explicit app-integration approval (2026-08-17).
satz_a2_0421,A2,우리 동네는 조용해요.,Unser Viertel ist ruhig.,Our neighborhood is quiet.,rights: original; derived from live unused vocab 동네,approved,Jin explicit app-integration approval (2026-08-17).
satz_a2_0422,A2,저 가수는 노래를 정말 잘해요.,Dieser Sänger singt wirklich gut.,That singer sings really well.,rights: original; derived from live unused vocab 가수,approved,Jin explicit app-integration approval (2026-08-17).
satz_a2_0423,A2,경찰이 길을 안내해 줬어요.,Ein Polizist hat mir den Weg gezeigt.,A police officer showed me the way.,rights: original; derived from live unused vocab 경찰,approved,Jin explicit app-integration approval (2026-08-17).
satz_a2_0424,A2,형은 지금 군인이에요.,Mein Bruder ist gerade Soldat.,My brother is a soldier now.,rights: original; derived from live unused vocab 군인,approved,Jin explicit app-integration approval (2026-08-17).
satz_a2_0425,A2,저는 회사 사원이에요.,Ich bin Angestellter in einer Firma.,I am a company employee.,rights: original; derived from live unused vocab 사원,approved,Jin explicit app-integration approval (2026-08-17).
satz_a2_0426,A2,가게 주인이 친절해요.,Der Ladenbesitzer ist freundlich.,The shop owner is friendly.,rights: original; derived from live unused vocab 주인,approved,Jin explicit app-integration approval (2026-08-17).
satz_a2_0427,A2,택시 아저씨가 길을 잘 알아요.,Der Taxifahrer kennt den Weg gut.,The taxi driver knows the way well.,rights: original; derived from live unused vocab 아저씨,approved,Jin explicit app-integration approval (2026-08-17).
satz_a2_0428,A2,식당 아주머니가 반찬을 더 주셨어요.,Die Wirtin hat uns mehr Beilagen gegeben.,The restaurant lady gave us more side dishes.,rights: original; derived from live unused vocab 아주머니,approved,Jin explicit app-integration approval (2026-08-17).
satz_a2_0429,A2,세종대왕은 유명한 왕이에요.,König Sejong ist ein berühmter König.,King Sejong is a famous king.,rights: original; derived from live unused vocab 왕,approved,Jin explicit app-integration approval (2026-08-17).
satz_a2_0430,A2,왕비가 궁에 살았어요.,Die Königin lebte im Palast.,The queen lived in the palace.,rights: original; derived from live unused vocab 왕비,approved,Jin explicit app-integration approval (2026-08-17).
satz_a2_0431,A2,동화에 왕자가 나와요.,Im Märchen kommt ein Prinz vor.,A prince appears in the fairy tale.,rights: original; derived from live unused vocab 왕자,approved,Jin explicit app-integration approval (2026-08-17).
satz_a2_0432,A2,아이가 공주 그림을 그렸어요.,Das Kind hat eine Prinzessin gemalt.,The child drew a princess.,rights: original; derived from live unused vocab 공주,approved,Jin explicit app-integration approval (2026-08-17).
satz_a2_0433,A2,교실이 아주 조용해요.,Das Klassenzimmer ist sehr ruhig.,The classroom is very quiet.,rights: original; derived from live unused vocab 교실,approved,Jin explicit app-integration approval (2026-08-17).
satz_a2_0434,A2,교과서 20쪽을 펴세요.,Öffnet das Lehrbuch auf Seite zwanzig.,Open the textbook to page twenty.,rights: original; derived from live unused vocab 교과서,approved,Jin explicit app-integration approval (2026-08-17).
satz_a2_0435,A2,공책에 단어를 썼어요.,Ich habe die Wörter ins Heft geschrieben.,I wrote the words in my notebook.,rights: original; derived from live unused vocab 공책,approved,Jin explicit app-integration approval (2026-08-17).
satz_a2_0436,A2,선생님이 칠판에 써요.,Der Lehrer schreibt an die Tafel.,The teacher writes on the blackboard.,rights: original; derived from live unused vocab 칠판,approved,Jin explicit app-integration approval (2026-08-17).
satz_a2_0437,A2,누나는 대학교에 다녀요.,Meine Schwester geht zur Universität.,My sister attends university.,rights: original; derived from live unused vocab 대학교,approved,Jin explicit app-integration approval (2026-08-17).
satz_a2_0438,A2,중학생 때 한국어를 시작했어요.,Als Mittelschüler habe ich mit Koreanisch angefangen.,I started Korean in middle school.,rights: original; derived from live unused vocab 중학생,approved,Jin explicit app-integration approval (2026-08-17).
satz_a2_0439,A2,우리 반은 학생이 스무 명이에요.,Unsere Klasse hat zwanzig Schüler.,Our class has twenty students.,rights: original; derived from live unused vocab 반,approved,Jin explicit app-integration approval (2026-08-17).
satz_a2_0440,A2,교수님 수업이 재미있어요.,Die Vorlesung des Professors ist interessant.,The professor's lecture is interesting.,rights: original; derived from live unused vocab 교수,approved,Jin explicit app-integration approval (2026-08-17).
satz_a2_0441,A2,내년에 한국으로 유학을 가요.,Nächstes Jahr gehe ich zum Studium nach Korea.,I am going to study in Korea next year.,rights: original; derived from live unused vocab 유학,approved,Jin explicit app-integration approval (2026-08-17).
satz_a2_0442,A2,우리 학교에 유학생이 많아요.,An unserer Schule gibt es viele Auslandsstudenten.,There are many international students at our school.,rights: original; derived from live unused vocab 유학생,approved,Jin explicit app-integration approval (2026-08-17).
satz_a2_0443,A2,문이 저절로 열렸어요.,Die Tür öffnete sich von selbst.,The door opened by itself.,rights: original; derived from live unused vocab 열리다,approved,Jin explicit app-integration approval (2026-08-17).
satz_a2_0444,A2,바람에 창문이 닫혔어요.,Das Fenster schloss sich durch den Wind.,The window closed from the wind.,rights: original; derived from live unused vocab 닫히다,approved,Jin explicit app-integration approval (2026-08-17).
satz_a2_0445,A2,불이 자동으로 켜져요.,Das Licht geht automatisch an.,The light turns on automatically.,rights: original; derived from live unused vocab 켜지다,approved,Jin explicit app-integration approval (2026-08-17).
satz_a2_0446,A2,갑자기 불이 꺼졌어요.,Plötzlich ging das Licht aus.,The light suddenly went out.,rights: original; derived from live unused vocab 꺼지다,approved,Jin explicit app-integration approval (2026-08-17).
satz_a2_0447,A2,책이 책상에서 떨어졌어요.,Das Buch fiel vom Tisch.,The book fell off the desk.,rights: original; derived from live unused vocab 떨어지다,approved,Jin explicit app-integration approval (2026-08-17).
satz_a2_0448,A2,음식이 많이 남았어요.,Es ist viel Essen übrig geblieben.,A lot of food was left over.,rights: original; derived from live unused vocab 남다,approved,Jin explicit app-integration approval (2026-08-17).
satz_a2_0449,A2,벽에 포스터가 붙어 있어요.,An der Wand klebt ein Poster.,A poster is stuck on the wall.,rights: original; derived from live unused vocab 붙다,approved,Jin explicit app-integration approval (2026-08-17).
satz_a2_0450,A2,벽에 그림이 걸려 있어요.,An der Wand hängt ein Bild.,A picture hangs on the wall.,rights: original; derived from live unused vocab 걸리다,approved,Jin explicit app-integration approval (2026-08-17).
satz_a2_0451,A2,가방에서 책을 뺐어요.,Ich habe das Buch aus der Tasche genommen.,I took the book out of the bag.,rights: original; derived from live unused vocab 빼다,approved,Jin explicit app-integration approval (2026-08-17).
satz_a2_0452,A2,차를 여기에 세워 주세요.,Stellen Sie das Auto bitte hier ab.,Please park the car here.,rights: original; derived from live unused vocab 세우다,approved,Jin explicit app-integration approval (2026-08-17).
satz_a2_0453,A2,잠깐 밖에 나갔다 올게요.,Ich gehe kurz raus und komme wieder.,I will step out for a moment.,rights: original; derived from live unused vocab 나가다,approved,Jin explicit app-integration approval (2026-08-17).
satz_a2_0454,A2,회의가 끝나고 방에서 나왔어요.,Nach der Sitzung kam ich aus dem Raum.,I came out of the room after the meeting.,rights: original; derived from live unused vocab 나오다,approved,Jin explicit app-integration approval (2026-08-17).
satz_b2_0490,B2,걔는 항상 제 멋대로야.,"Der macht immer, was er will.",That person always does whatever they want.,rights: original; derived from live unused vocab 제 멋대로,approved,Jin explicit app-integration approval (2026-08-17).
satz_b2_0491,B2,감정을 억누르면 몸에 안 좋아.,Gefühle zu unterdrücken ist schlecht für den Körper.,Suppressing emotions is bad for your body.,rights: original; derived from live unused vocab 감정을 억누르다,approved,Jin explicit app-integration approval (2026-08-17).
satz_b2_0492,B2,그 회사는 사회적 가치를 추구한다.,Das Unternehmen verfolgt gesellschaftliche Werte.,That company pursues social values.,rights: original; derived from live unused vocab 가치를 추구하다,approved,Jin explicit app-integration approval (2026-08-17).
satz_b2_0493,B2,우리는 더불어 살아가는 법을 배워야 해.,"Wir müssen lernen, miteinander zu leben.",We need to learn to live together.,rights: original; derived from live unused vocab 더불어 살아가다,approved,Jin explicit app-integration approval (2026-08-17).
satz_b2_0494,B2,편견 없이 사람을 봐야 해.,Man muss Menschen ohne Vorurteile sehen.,You should see people without prejudice.,rights: original; derived from live unused vocab 편견,approved,Jin explicit app-integration approval (2026-08-17).
satz_b2_0495,B2,그녀는 장애를 이겨 냈다.,Sie hat ihre Behinderung überwunden.,She overcame her disability.,rights: original; derived from live unused vocab 이겨 내다,approved,Jin explicit app-integration approval (2026-08-17).
satz_b2_0496,B2,내 좌우명은 '포기하지 마'야.,Mein Lebensmotto ist 'Gib nicht auf'.,My life motto is 'Don't give up'.,rights: original; derived from live unused vocab 좌우명,approved,Jin explicit app-integration approval (2026-08-17).
satz_b2_0497,B2,이상만 좇으면 현실을 놓칠 수 있어.,"Wer nur Idealen nachjagt, kann die Realität verlieren.",Chasing only ideals can make you lose touch with reality.,rights: original; derived from live unused vocab 이상을 좇다,approved,Jin explicit app-integration approval (2026-08-17).
satz_b2_0498,B2,그는 가족을 우선시하는 편이야.,"Er neigt dazu, seine Familie zu priorisieren.",He tends to prioritize his family.,rights: original; derived from live unused vocab 우선시하다,approved,Jin explicit app-integration approval (2026-08-17).
satz_b2_0499,B2,후회 없는 삶을 살고 싶어.,Ich möchte ein Leben ohne Reue leben.,I want to live a life without regret.,rights: original; derived from live unused vocab 후회 없는 삶,approved,Jin explicit app-integration approval (2026-08-17).
satz_b2_0500,B2,이 노래 가사가 너무 서정적이야.,Der Songtext ist richtig gefühlvoll.,This song's lyrics are really lyrical.,rights: original; derived from live unused vocab 서정적이다,approved,Jin explicit app-integration approval (2026-08-17).
satz_b2_0501,B2,그 소식에 마음이 심란했어.,Die Nachricht hat mich aufgewühlt.,That news distressed me.,rights: original; derived from live unused vocab 심란하다,approved,Jin explicit app-integration approval (2026-08-17).
satz_b2_0502,B2,그는 심각한 상황에서도 태연했어.,Er blieb auch in einer ernsten Lage gelassen.,He stayed composed even in a serious situation.,rights: original; derived from live unused vocab 태연하다,approved,Jin explicit app-integration approval (2026-08-17).
satz_b2_0503,B2,태풍이 다행히 우리 지역을 비껴갔다.,Der Taifun ist zum Glück an unserer Gegend vorbeigezogen.,The typhoon narrowly missed our area.,rights: original; derived from live unused vocab 비껴가다,approved,Jin explicit app-integration approval (2026-08-17).
satz_b2_0504,B2,이 작품은 문학성이 높다.,Dieses Werk hat hohe literarische Qualität.,This work has high literary merit.,rights: original; derived from live unused vocab 문학성,approved,Jin explicit app-integration approval (2026-08-17).
satz_b2_0505,B2,그 감독은 실화를 소재로 삼았다.,Der Regisseur verwendete eine wahre Geschichte als Stoff.,The director used a true story as subject matter.,rights: original; derived from live unused vocab 소재로 삼다,approved,Jin explicit app-integration approval (2026-08-17).
satz_b2_0506,B2,힘들어도 절망하지 마.,"Verzweifle nicht, auch wenn es schwer ist.","Don't despair, even when it's hard.",rights: original; derived from live unused vocab 절망하다,approved,Jin explicit app-integration approval (2026-08-17).
satz_b2_0507,B2,어려울 때 가족에게 의지했어.,In schwierigen Zeiten habe ich mich auf meine Familie verlassen.,I relied on my family during hard times.,rights: original; derived from live unused vocab 의지하다,approved,Jin explicit app-integration approval (2026-08-17).
satz_b2_0508,B2,그 작가의 대표작을 읽어 봤어?,Hast du das Hauptwerk des Autors gelesen?,Have you read that author's major work?,rights: original; derived from live unused vocab 대표작,approved,Jin explicit app-integration approval (2026-08-17).
satz_b2_0509,B2,이 글귀가 마음에 와 닿았어.,Diese Passage hat mich berührt.,This passage touched me.,rights: original; derived from live unused vocab 글귀,approved,Jin explicit app-integration approval (2026-08-17).
satz_b2_0510,B2,요즘 신조어가 너무 빨리 생겨.,Heutzutage entstehen Neologismen so schnell.,Neologisms pop up so fast these days.,rights: original; derived from live unused vocab 신조어,approved,Jin explicit app-integration approval (2026-08-17).
satz_b2_0511,B2,디지털이 종이를 대체하고 있어.,Digital ersetzt Papier.,Digital is replacing paper.,rights: original; derived from live unused vocab 대체하다,approved,Jin explicit app-integration approval (2026-08-17).
satz_b2_0512,B2,옛날 말이 점점 소멸하고 있다.,Alte Wörter sterben nach und nach aus.,Old words are gradually dying out.,rights: original; derived from live unused vocab 소멸하다,approved,Jin explicit app-integration approval (2026-08-17).
satz_b2_0513,B2,그 운동이 전국으로 확산됐어.,Die Bewegung hat sich landesweit verbreitet.,The movement spread nationwide.,rights: original; derived from live unused vocab 확산되다,approved,Jin explicit app-integration approval (2026-08-17).
satz_b2_0514,B2,외래어가 범람하고 있어.,Fremdwörter überfluten die Sprache.,Foreign words are flooding the language.,rights: original; derived from live unused vocab 범람하다,approved,Jin explicit app-integration approval (2026-08-17).
satz_b2_0515,B2,건전한 언어 사용이 중요해.,Angemessener Sprachgebrauch ist wichtig.,Wholesome language use is important.,rights: original; derived from live unused vocab 건전하다,approved,Jin explicit app-integration approval (2026-08-17).
satz_b2_0516,B2,스마트폰을 과도하게 사용하면 안 돼.,Man sollte das Smartphone nicht übermäßig nutzen.,You shouldn't use your smartphone excessively.,rights: original; derived from live unused vocab 과도하게,approved,Jin explicit app-integration approval (2026-08-17).
satz_b2_0517,B2,외래어를 우리말로 다듬는 노력이 필요해.,"Es braucht Bemühungen, Fremdwörter in koreanische Wörter umzuwandeln.",We need efforts to refine foreign words into Korean.,rights: original; derived from live unused vocab 말을 다듬다,approved,Jin explicit app-integration approval (2026-08-17).
satz_b2_0518,B2,SNS를 통해 새로운 말이 생성되고 있다.,Über Social Media entstehen neue Wörter.,New words are being generated through social media.,rights: original; derived from live unused vocab 생성되다,approved,Jin explicit app-integration approval (2026-08-17).
satz_b2_0519,B2,올해의 단어를 선정했다.,Das Wort des Jahres wurde gewählt.,The word of the year was selected.,rights: original; derived from live unused vocab 선정하다,approved,Jin explicit app-integration approval (2026-08-17).
