id,level,ko,de,en,field_notes,상태,jin_memo
satz_a1_0064,A1,문 앞에서 인사드리겠습니다 하고 숨을 골랐어요.,Vor der Tür sagte ich ich werde mich höflich vorstellen und holte Luft.,At the door I said I will greet you respectfully and took a breath.,rights: original; pack: a1_partner_meet_names_1; canonical sentence derives cloze_a1_0100 and satz_a1_0064,approved,Jin explicit app-integration approval (2026-08-15).
satz_a1_0065,A1,문 앞에서 먼저 인사드렸어요.,Vor der Tür habe ich zuerst höflich gegrüßt.,I greeted them respectfully at the door first.,rights: original; pack: a1_partner_meet_names_1; canonical sentence derives cloze_a1_0101 and satz_a1_0065,approved,Jin explicit app-integration approval (2026-08-15).
satz_a1_0066,A1,오늘은 장인어른께 처음 인사드려요.,Heute begrüße ich zum ersten Mal meinen Schwiegervater.,Today I greet my father-in-law for the first time.,rights: original; pack: a1_partner_meet_names_1; canonical sentence derives cloze_a1_0102 and satz_a1_0066,approved,Jin explicit app-integration approval (2026-08-15).
satz_a1_0067,A1,"장모님, 이 과일 받아 주세요.","Frau Schwiegermutter, bitte nehmen Sie dieses Obst.","Please take this fruit, eomeonim.",rights: original; pack: a1_partner_meet_names_1; canonical sentence derives cloze_a1_0103 and satz_a1_0067,approved,Jin explicit app-integration approval (2026-08-15).
satz_a1_0068,A1,시아버지께서 현관에 나오셨어요.,Mein Schwiegervater ist in den Flur gekommen.,My father-in-law came out to the hallway.,rights: original; pack: a1_partner_meet_names_1; canonical sentence derives cloze_a1_0104 and satz_a1_0068,approved,Jin explicit app-integration approval (2026-08-15).
satz_a1_0069,A1,시어머니께서 미소를 지으셨어요.,Meine Schwiegermutter hat gelächelt.,My mother-in-law smiled.,rights: original; pack: a1_partner_meet_names_1; canonical sentence derives cloze_a1_0105 and satz_a1_0069,approved,Jin explicit app-integration approval (2026-08-15).
satz_a1_0070,A1,호칭이 어려워서 현우에게 물어봤어요.,"Die Anrede ist schwer, deshalb habe ich Hyunwoo gefragt.","The form of address is hard, so I asked Hyunwoo.",rights: original; pack: a1_partner_meet_names_1; canonical sentence derives cloze_a1_0106 and satz_a1_0070,approved,Jin explicit app-integration approval (2026-08-15).
satz_a1_0071,A1,부모님 앞에서는 높임말을 써요.,Vor den Eltern benutze ich die Höflichkeitsform.,I use raised speech in front of the parents.,rights: original; pack: a1_partner_meet_names_1; canonical sentence derives cloze_a1_0107 and satz_a1_0071,approved,Jin explicit app-integration approval (2026-08-15).
satz_a1_0072,A1,성함을 묻기 전에 현우가 눈짓을 했어요.,"Bevor ich nach dem Namen fragte, gab Hyunwoo ein Zeichen.","Before I asked the name politely, Hyunwoo gave a look.",rights: original; pack: a1_partner_meet_names_1; canonical sentence derives cloze_a1_0108 and satz_a1_0072,approved,Jin explicit app-integration approval (2026-08-15).
satz_a1_0073,A1,나이는 묻지 말고 몇 살이세요는 나중에 들어요.,Fragen Sie nicht nach dem Alter; 몇 살이세요 hören Sie später.,Do not ask age first; you will hear 몇 살이세요 later.,rights: original; pack: a1_partner_meet_names_1; canonical sentence derives cloze_a1_0109 and satz_a1_0073,approved,Jin explicit app-integration approval (2026-08-15).
satz_a1_0074,A1,앞으로 잘 부탁드립니다.,Bitte sehen Sie es mir nach und nehmen Sie mich auf.,Please look after me from now on.,rights: original; pack: a1_partner_meet_names_1; canonical sentence derives cloze_a1_0110 and satz_a1_0074,approved,Jin explicit app-integration approval (2026-08-15).
satz_a1_0075,A1,댁에 처음 와서 신발이 헷갈려요.,Ich bin zum ersten Mal bei Ihnen und verwechsele die Schuhe.,"It is my first time at your home, so the shoes confuse me.",rights: original; pack: a1_partner_meet_names_1; canonical sentence derives cloze_a1_0111 and satz_a1_0075,approved,Jin explicit app-integration approval (2026-08-15).
satz_a1_0076,A1,과일 바구니를 들고 초인종을 눌렀어요.,Mit einem Obstkorb habe ich geklingelt.,I rang the doorbell holding a fruit basket.,rights: original; pack: a1_partner_first_gift_1; canonical sentence derives cloze_a1_0112 and satz_a1_0076,approved,Jin explicit app-integration approval (2026-08-15).
satz_a1_0077,A1,건강식품은 너무 약처럼 보일까 봐 고민했어요.,"Ich überlegte, ob Gesundheitslebensmittel zu sehr nach Medizin aussehen.",I wondered whether health food would look too much like medicine.,rights: original; pack: a1_partner_first_gift_1; canonical sentence derives cloze_a1_0113 and satz_a1_0077,approved,Jin explicit app-integration approval (2026-08-15).
satz_a1_0078,A1,과한 선물은 부담이 된다고 현우가 말했어요.,"Hyunwoo sagte, ein zu großes Geschenk mache Druck.",Hyunwoo said an overly big gift creates pressure.,rights: original; pack: a1_partner_first_gift_1; canonical sentence derives cloze_a1_0114 and satz_a1_0078,approved,Jin explicit app-integration approval (2026-08-15).
satz_a1_0079,A1,큰돈 말고 작은 정성이면 충분해요.,"Kein großes Geld, eine kleine Aufmerksamkeit reicht.",Not a lot of money; a small token of care is enough.,rights: original; pack: a1_partner_first_gift_1; canonical sentence derives cloze_a1_0115 and satz_a1_0079,approved,Jin explicit app-integration approval (2026-08-15).
satz_a1_0080,A1,포장이 예쁘면 인사가 쉬워져요.,"Wenn die Verpackung schön ist, fällt der Gruß leichter.",Nice wrapping makes the greeting easier.,rights: original; pack: a1_partner_first_gift_1; canonical sentence derives cloze_a1_0116 and satz_a1_0080,approved,Jin explicit app-integration approval (2026-08-15).
satz_a1_0081,A1,별건 아니지만 받아 주세요.,"Es ist nichts Besonderes, aber bitte nehmen Sie es.","It is nothing special, but please accept it.",rights: original; pack: a1_partner_first_gift_1; canonical sentence derives cloze_a1_0117 and satz_a1_0081,approved,Jin explicit app-integration approval (2026-08-15).
satz_a1_0082,A1,처음에는 사양하다가 결국 받으셨어요.,Zuerst lehnten sie höflich ab und nahmen es dann doch.,They declined politely at first and then accepted.,rights: original; pack: a1_partner_first_gift_1; canonical sentence derives cloze_a1_0118 and satz_a1_0082,approved,Jin explicit app-integration approval (2026-08-15).
satz_a1_0083,A1,빈손으로 가면 현우가 더 긴장해요.,"Wenn ich mit leeren Händen komme, ist Hyunwoo noch nervöser.","If I arrive empty-handed, Hyunwoo gets even more nervous.",rights: original; pack: a1_partner_first_gift_1; canonical sentence derives cloze_a1_0119 and satz_a1_0083,approved,Jin explicit app-integration approval (2026-08-15).
satz_a1_0084,A1,백화점 상품권은 실용적이지만 차가워 보일 수 있어요.,"Ein Kaufhausgutschein ist praktisch, kann aber kühl wirken.",A department-store voucher is practical but can feel cold.,rights: original; pack: a1_partner_first_gift_1; canonical sentence derives cloze_a1_0120 and satz_a1_0084,approved,Jin explicit app-integration approval (2026-08-15).
satz_a1_0085,A1,꽃다발은 예쁘지만 버스에서 힘들어요.,"Ein Blumenstrauß ist schön, aber im Bus anstrengend.",A bouquet is pretty but hard to carry on the bus.,rights: original; pack: a1_partner_first_gift_1; canonical sentence derives cloze_a1_0121 and satz_a1_0085,approved,Jin explicit app-integration approval (2026-08-15).
satz_a1_0086,A1,돌아갈 때 답례로 반찬을 주셨어요.,Beim Gehen gaben sie als Gegengeschenk Beilagen mit.,When I left they gave side dishes as a return gift.,rights: original; pack: a1_partner_first_gift_1; canonical sentence derives cloze_a1_0122 and satz_a1_0086,approved,Jin explicit app-integration approval (2026-08-15).
satz_a1_0087,A1,선물 뒤에 짧은 감사 인사를 꼭 해요.,Nach dem Geschenk mache ich unbedingt einen kurzen Dankesgruß.,After the gift I always give a short thank-you.,rights: original; pack: a1_partner_first_gift_1; canonical sentence derives cloze_a1_0123 and satz_a1_0087,approved,Jin explicit app-integration approval (2026-08-15).
satz_a1_0088,A1,현관에서 신발을 벗고 잠시 멈췄어요.,In der Diele zog ich die Schuhe aus und blieb kurz stehen.,I took off my shoes in the entryway and paused.,rights: original; pack: a1_partner_house_entry_1; canonical sentence derives cloze_a1_0124 and satz_a1_0088,approved,Jin explicit app-integration approval (2026-08-15).
satz_a1_0089,A1,손님 슬리퍼가 왼쪽 짝만 남았어요.,Von den Gästeslippern war nur der linke übrig.,Only the left guest slipper was left.,rights: original; pack: a1_partner_house_entry_1; canonical sentence derives cloze_a1_0125 and satz_a1_0089,approved,Jin explicit app-integration approval (2026-08-15).
satz_a1_0090,A1,앉으세요 하셨는데 어디가 제 자리인지 몰랐어요.,"Sie sagten setzen Sie sich bitte, aber ich wusste nicht, welcher Platz meiner ist.","They said please sit, but I did not know which seat was mine.",rights: original; pack: a1_partner_house_entry_1; canonical sentence derives cloze_a1_0126 and satz_a1_0090,approved,Jin explicit app-integration approval (2026-08-15).
satz_a1_0091,A1,윗목은 어른 자리라서 현우가 눈을 깜빡였어요.,"Der innere Sitzplatz ist für Ältere, deshalb blinzelte Hyunwoo.","The inner seat is for elders, so Hyunwoo blinked at me.",rights: original; pack: a1_partner_house_entry_1; canonical sentence derives cloze_a1_0127 and satz_a1_0091,approved,Jin explicit app-integration approval (2026-08-15).
satz_a1_0092,A1,저는 아랫목에 앉는 게 안전해요.,Für mich ist der Platz näher zur Tür sicherer.,The seat nearer the door is safer for me.,rights: original; pack: a1_partner_house_entry_1; canonical sentence derives cloze_a1_0128 and satz_a1_0092,approved,Jin explicit app-integration approval (2026-08-15).
satz_a1_0093,A1,바닥에 앉으니 무릎이 먼저 아팠어요.,"Als ich auf dem Boden saß, taten zuerst die Knie weh.","When I sat on the floor, my knees hurt first.",rights: original; pack: a1_partner_house_entry_1; canonical sentence derives cloze_a1_0129 and satz_a1_0093,approved,Jin explicit app-integration approval (2026-08-15).
satz_a1_0094,A1,방석을 밀어 주시는데 감사하다고 했어요.,"Sie schoben mir ein Sitzkissen hin, und ich sagte danke.","They slid a floor cushion over, and I said thank you.",rights: original; pack: a1_partner_house_entry_1; canonical sentence derives cloze_a1_0130 and satz_a1_0094,approved,Jin explicit app-integration approval (2026-08-15).
satz_a1_0095,A1,물 드세요 하시자마자 컵을 두 손으로 받았어요.,"Kaum sagten sie trinken Sie etwas, nahm ich die Tasse mit beiden Händen.","As soon as they said please have water, I took the cup with both hands.",rights: original; pack: a1_partner_house_entry_1; canonical sentence derives cloze_a1_0131 and satz_a1_0095,approved,Jin explicit app-integration approval (2026-08-15).
satz_a1_0096,A1,밥 전에 손 씻기 화장실이 어디인지 물었어요.,"Vor dem Essen fragte ich, wo man sich die Hände wäscht.",Before the meal I asked where to wash my hands.,rights: original; pack: a1_partner_house_entry_1; canonical sentence derives cloze_a1_0132 and satz_a1_0096,approved,Jin explicit app-integration approval (2026-08-15).
satz_a1_0097,A1,화장실 문을 열고 손님 슬리퍼를 또 찾았어요.,Ich öffnete die Toilettentür und suchte wieder nach Gästeslippern.,I opened the bathroom door and looked for guest slippers again.,rights: original; pack: a1_partner_house_entry_1; canonical sentence derives cloze_a1_0133 and satz_a1_0097,approved,Jin explicit app-integration approval (2026-08-15).
satz_a1_0098,A1,할아버지가 주무셔서 조용히 했어요.,"Der Großvater schlief, deshalb war ich leise.","Grandfather was sleeping, so I kept quiet.",rights: original; pack: a1_partner_house_entry_1; canonical sentence derives cloze_a1_0134 and satz_a1_0098,approved,Jin explicit app-integration approval (2026-08-15).
satz_a1_0099,A1,집들이 예절은 현우가 차에 타기 전에 알려 줬어요.,Die Besuchsmanieren erklärte Hyunwoo noch vor der Autofahrt.,Hyunwoo explained house-visit manners before we got in the car.,rights: original; pack: a1_partner_house_entry_1; canonical sentence derives cloze_a1_0135 and satz_a1_0099,approved,Jin explicit app-integration approval (2026-08-15).
satz_a1_0100,A1,진지 드세요 하니까 숟가락을 집었어요.,"Als sie die ehrenvolle Mahlzeit anboten, nahm ich den Löffel.","When they offered the meal, I picked up the spoon.",rights: original; pack: a1_partner_table_basic_1; canonical sentence derives cloze_a1_0136 and satz_a1_0100,approved,Jin explicit app-integration approval (2026-08-15).
satz_a1_0101,A1,수저가 두 벌이라 어느 게 제 것인지 봤어요.,"Es gab zwei Garnituren Löffel und Stäbchen, also schaute ich, welche meine sind.","There were two sets of spoon and chopsticks, so I checked which were mine.",rights: original; pack: a1_partner_table_basic_1; canonical sentence derives cloze_a1_0137 and satz_a1_0101,approved,Jin explicit app-integration approval (2026-08-15).
satz_a1_0102,A1,밑반찬이 열 가지라서 눈이 커졌어요.,"Es gab zehn Grundbeilagen, da wurden meine Augen groß.","There were ten basic side dishes, so my eyes got wide.",rights: original; pack: a1_partner_table_basic_1; canonical sentence derives cloze_a1_0138 and satz_a1_0102,approved,Jin explicit app-integration approval (2026-08-15).
satz_a1_0103,A1,더 드세요를 세 번 듣고 수저를 다시 들었어요.,Nach dreimal essen Sie noch mehr hob ich die Stäbchen wieder.,"After hearing please eat more three times, I picked up the utensils again.",rights: original; pack: a1_partner_table_basic_1; canonical sentence derives cloze_a1_0139 and satz_a1_0103,approved,Jin explicit app-integration approval (2026-08-15).
satz_a1_0104,A1,배불러요라고 했는데도 과일이 나왔어요.,"Ich sagte ich bin satt, und trotzdem kam Obst.","I said I am full, and fruit still came out.",rights: original; pack: a1_partner_table_basic_1; canonical sentence derives cloze_a1_0140 and satz_a1_0104,approved,Jin explicit app-integration approval (2026-08-15).
satz_a1_0105,A1,맛있어요를 매 접시마다 말하니 현우가 웃었어요.,"Bei jedem Teller sagte ich, dass es schmeckt, und Hyunwoo hat gelacht.","I kept saying it was tasty, and Hyunwoo laughed.",rights: original; pack: a1_partner_table_basic_1; canonical sentence derives cloze_a1_0141 and satz_a1_0105,approved,Jin explicit app-integration approval (2026-08-15).
satz_a1_0106,A1,집밥이 식당보다 반찬이 많아요.,Hausmannskost hat mehr Beilagen als ein Restaurant.,Home cooking has more side dishes than a restaurant.,rights: original; pack: a1_partner_table_basic_1; canonical sentence derives cloze_a1_0142 and satz_a1_0106,approved,Jin explicit app-integration approval (2026-08-15).
satz_a1_0107,A1,국물을 소리 없이 떠먹으려고 집중했어요.,"Ich konzentrierte mich, die Brühe ohne Geräusch zu löffeln.",I focused on spooning the broth without noise.,rights: original; pack: a1_partner_table_basic_1; canonical sentence derives cloze_a1_0143 and satz_a1_0107,approved,Jin explicit app-integration approval (2026-08-15).
satz_a1_0108,A1,젓가락질이 흔들려서 콩나물을 놓쳤어요.,"Meine Stäbchenhaltung wackelte, und ich verlor die Sojasprossen.","My chopstick grip wobbled, and I dropped the bean sprouts.",rights: original; pack: a1_partner_table_basic_1; canonical sentence derives cloze_a1_0144 and satz_a1_0108,approved,Jin explicit app-integration approval (2026-08-15).
satz_a1_0109,A1,앞접시에 먼저 조금 덜었어요.,Auf den kleinen Essteller habe ich zuerst etwas genommen.,I put a little on the individual plate first.,rights: original; pack: a1_partner_table_basic_1; canonical sentence derives cloze_a1_0145 and satz_a1_0109,approved,Jin explicit app-integration approval (2026-08-15).
satz_a1_0110,A1,이야기를 들을 때는 수저 놓고 고개를 끄덕였어요.,Beim Zuhören legte ich das Besteck hin und nickte.,While listening I put the utensils down and nodded.,rights: original; pack: a1_partner_table_basic_1; canonical sentence derives cloze_a1_0146 and satz_a1_0110,approved,Jin explicit app-integration approval (2026-08-15).
satz_a1_0111,A1,설거지를 돕겠다고 일어섰더니 앉으라고 하셨어요.,"Ich stand auf, um beim Abwasch zu helfen, und sollte wieder sitzen.",I stood up to help with dishes and was told to sit back down.,rights: original; pack: a1_partner_table_basic_1; canonical sentence derives cloze_a1_0147 and satz_a1_0111,approved,Jin explicit app-integration approval (2026-08-15).
satz_a1_0112,A1,설날 아침에 한복을 빌려 입었어요.,Am Seollal-Morgen habe ich Hanbok ausgeliehen.,On Seollal morning I borrowed a hanbok.,rights: original; pack: a1_partner_seollal_basic_1; canonical sentence derives cloze_a1_0148 and satz_a1_0112,approved,Jin explicit app-integration approval (2026-08-15).
satz_a1_0113,A1,세배 각도를 현우가 거실에서 연습시켜 줬어요.,Hyunwoo hat den Winkel der Neujahrsverbeugung im Wohnzimmer geübt.,Hyunwoo had me practice the New Year bow in the living room.,rights: original; pack: a1_partner_seollal_basic_1; canonical sentence derives cloze_a1_0149 and satz_a1_0113,approved,Jin explicit app-integration approval (2026-08-15).
satz_a1_0114,A1,떡국 한 그릇을 비우니 나이 농담이 나왔어요.,Nach einer Schüssel Reiskuchen-Suppe kamen Scherze über das Alter.,"After one bowl of rice-cake soup, age jokes started.",rights: original; pack: a1_partner_seollal_basic_1; canonical sentence derives cloze_a1_0150 and satz_a1_0114,approved,Jin explicit app-integration approval (2026-08-15).
satz_a1_0115,A1,세뱃돈을 받으니 얼굴이 빨개졌어요.,"Als ich Neujahrsgeld bekam, wurde ich rot.",I blushed when I received New Year money.,rights: original; pack: a1_partner_seollal_basic_1; canonical sentence derives cloze_a1_0151 and satz_a1_0115,approved,Jin explicit app-integration approval (2026-08-15).
satz_a1_0116,A1,한복 고름을 앞에서 매다가 현우 엄마가 도와주셨어요.,"Als ich die Hanbok-Schleife vorne band, half Hyunwoos Mutter.",Hyunwoo's mom helped when I tied the hanbok ribbon in front.,rights: original; pack: a1_partner_seollal_basic_1; canonical sentence derives cloze_a1_0152 and satz_a1_0116,approved,Jin explicit app-integration approval (2026-08-15).
satz_a1_0117,A1,새해 복 많이 받으세요를 세 번 연습하고 들어갔어요.,Ich übte ein gesegnetes neues Jahr dreimal und ging hinein.,I practiced happy new year three times and then went in.,rights: original; pack: a1_partner_seollal_basic_1; canonical sentence derives cloze_a1_0153 and satz_a1_0117,approved,Jin explicit app-integration approval (2026-08-15).
satz_a1_0118,A1,절하는 타이밍을 놓쳐서 한 박자 늦게 했어요.,Ich verpasste den Moment zum Verbeugen und war einen Schlag zu spät.,I missed the bow timing and was one beat late.,rights: original; pack: a1_partner_seollal_basic_1; canonical sentence derives cloze_a1_0154 and satz_a1_0118,approved,Jin explicit app-integration approval (2026-08-15).
satz_a1_0119,A1,어른께 세배 드리고 일어나니 무릎이 하얘졌어요.,Nach der Verbeugung vor den Älteren wurden meine Knie weiß.,"After offering the New Year bow, my knees went white.",rights: original; pack: a1_partner_seollal_basic_1; canonical sentence derives cloze_a1_0155 and satz_a1_0119,approved,Jin explicit app-integration approval (2026-08-15).
satz_a1_0120,A1,덕담을 들으니 독일어로 뭐라고 할지 생각이 멈췄어요.,Beim Neujahrswunsch blieb mein Deutsch stehen.,"When I heard the well-wish, my German froze.",rights: original; pack: a1_partner_seollal_basic_1; canonical sentence derives cloze_a1_0156 and satz_a1_0120,approved,Jin explicit app-integration approval (2026-08-15).
satz_a1_0121,A1,차례상 앞에서는 사진을 찍지 말라고 했어요.,Vor dem Ahnenopfer-Tisch sollte ich nicht fotografieren.,They told me not to take photos in front of the rite table.,rights: original; pack: a1_partner_seollal_basic_1; canonical sentence derives cloze_a1_0157 and satz_a1_0121,approved,Jin explicit app-integration approval (2026-08-15).
satz_a1_0122,A1,세배함이 얇아서 두 손으로 더 조심히 받았어요.,"Der Umschlag war dünn, also nahm ich ihn noch vorsichtiger mit beiden Händen.","The envelope was thin, so I received it even more carefully with both hands.",rights: original; pack: a1_partner_seollal_basic_1; canonical sentence derives cloze_a1_0158 and satz_a1_0122,approved,Jin explicit app-integration approval (2026-08-15).
satz_a1_0123,A1,설빔으로 한복 대신 단정한 니트를 골랐어요.,Als Neujahrskleidung wählte ich statt Hanbok einen schlichten Pullover.,For New Year clothes I chose a neat sweater instead of hanbok.,rights: original; pack: a1_partner_seollal_basic_1; canonical sentence derives cloze_a1_0159 and satz_a1_0123,approved,Jin explicit app-integration approval (2026-08-15).
satz_a1_0124,A1,추석에는 고속도로가 주차장이에요.,An Chuseok ist die Autobahn ein Parkplatz.,At Chuseok the highway is a parking lot.,rights: original; pack: a1_partner_chuseok_basic_1; canonical sentence derives cloze_a1_0160 and satz_a1_0124,approved,Jin explicit app-integration approval (2026-08-15).
satz_a1_0125,A1,송편 속이 달아서 하나만 더 집었어요.,"Die Füllung der Songpyeon war süß, also nahm ich noch eines.","The songpyeon filling was sweet, so I took one more.",rights: original; pack: a1_partner_chuseok_basic_1; canonical sentence derives cloze_a1_0161 and satz_a1_0125,approved,Jin explicit app-integration approval (2026-08-15).
satz_a1_0126,A1,송편 빚다가 만두처럼 커졌어요.,Beim Formen wurden sie so groß wie Teigtaschen.,While shaping songpyeon they grew as big as dumplings.,rights: original; pack: a1_partner_chuseok_basic_1; canonical sentence derives cloze_a1_0162 and satz_a1_0126,approved,Jin explicit app-integration approval (2026-08-15).
satz_a1_0127,A1,귀성 기차를 예매하려고 알람을 다섯 개 맞췄어요.,"Für die Heimfahrt stellte ich fünf Wecker, um Tickets zu kaufen.",I set five alarms to book the holiday train home.,rights: original; pack: a1_partner_chuseok_basic_1; canonical sentence derives cloze_a1_0163 and satz_a1_0127,approved,Jin explicit app-integration approval (2026-08-15).
satz_a1_0128,A1,성묘 갈 때 편한 신발을 신으라고 했어요.,Zum Grabbesuch sollte ich bequeme Schuhe anziehen.,They told me to wear comfortable shoes for the grave visit.,rights: original; pack: a1_partner_chuseok_basic_1; canonical sentence derives cloze_a1_0164 and satz_a1_0128,approved,Jin explicit app-integration approval (2026-08-15).
satz_a1_0129,A1,벌초는 산에 올라가서 풀을 깎는 일이에요.,"Grabpflege heißt, den Berg hinaufzusteigen und Gras zu schneiden.",Tending the grave means climbing the hill and cutting grass.,rights: original; pack: a1_partner_chuseok_basic_1; canonical sentence derives cloze_a1_0165 and satz_a1_0129,approved,Jin explicit app-integration approval (2026-08-15).
satz_a1_0130,A1,송편 찌는 김에 부엌이 하얘졌어요.,Beim Dämpfen der Songpyeon wurde die Küche weiß.,Steam from the songpyeon turned the kitchen white.,rights: original; pack: a1_partner_chuseok_basic_1; canonical sentence derives cloze_a1_0166 and satz_a1_0130,approved,Jin explicit app-integration approval (2026-08-15).
satz_a1_0131,A1,햇과일을 차례상에 먼저 올렸어요.,Das Obst der neuen Ernte kam zuerst auf den Tisch.,The first fruit of the season went on the rite table first.,rights: original; pack: a1_partner_chuseok_basic_1; canonical sentence derives cloze_a1_0167 and satz_a1_0131,approved,Jin explicit app-integration approval (2026-08-15).
satz_a1_0132,A1,한가위에는 보름달이 크다고 아이들이 말했어요.,"An Hangawi sagten die Kinder, der Vollmond sei groß.",At Hangawi the children said the full moon is huge.,rights: original; pack: a1_partner_chuseok_basic_1; canonical sentence derives cloze_a1_0168 and satz_a1_0132,approved,Jin explicit app-integration approval (2026-08-15).
satz_a1_0133,A1,송편 잎을 떼고 먹으라고 손짓하셨어요.,"Sie winkten, die Kiefernnadel vor dem Essen abzunehmen.",They gestured to take the pine needle off before eating.,rights: original; pack: a1_partner_chuseok_basic_1; canonical sentence derives cloze_a1_0169 and satz_a1_0133,approved,Jin explicit app-integration approval (2026-08-15).
satz_a1_0134,A1,명절 증후군은 차 안에서 이미 시작됐어요.,Die Festtagserschöpfung begann schon im Auto.,Holiday fatigue started already in the car.,rights: original; pack: a1_partner_chuseok_basic_1; canonical sentence derives cloze_a1_0170 and satz_a1_0134,approved,Jin explicit app-integration approval (2026-08-15).
satz_a1_0135,A1,차례 전에는 웃음소리를 줄였어요.,Vor dem Ahnenritual senkte ich das Lachen.,Before the rite I lowered my laughter.,rights: original; pack: a1_partner_chuseok_basic_1; canonical sentence derives cloze_a1_0171 and satz_a1_0135,approved,Jin explicit app-integration approval (2026-08-15).
satz_a1_0136,A1,처남이 엘리베이터에서 먼저 손을 흔들었어요.,Der Schwager winkte zuerst im Aufzug.,My wife's brother waved first in the elevator.,rights: original; pack: a1_partner_siblings_hello_1; canonical sentence derives cloze_a1_0172 and satz_a1_0136,approved,Jin explicit app-integration approval (2026-08-15).
satz_a1_0137,A1,처제가 독일어를 한 마디 해서 분위기가 풀렸어요.,"Die jüngere Schwester sagte ein deutsches Wort, und die Stimmung lockerte sich.","The younger sister said one German word, and the mood eased.",rights: original; pack: a1_partner_siblings_hello_1; canonical sentence derives cloze_a1_0173 and satz_a1_0137,approved,Jin explicit app-integration approval (2026-08-15).
satz_a1_0138,A1,시누이가 옷걸이를 찾아 줬어요.,Die Schwägerin fand den Kleiderbügel für mich.,My husband's sister found a hanger for me.,rights: original; pack: a1_partner_siblings_hello_1; canonical sentence derives cloze_a1_0174 and satz_a1_0138,approved,Jin explicit app-integration approval (2026-08-15).
satz_a1_0139,A1,시동생이 게임을 하자고 해서 현우가 말렸어요.,"Der jüngere Schwager wollte spielen, aber Hyunwoo hielt ihn zurück.","The younger brother wanted to play a game, but Hyunwoo stopped him.",rights: original; pack: a1_partner_siblings_hello_1; canonical sentence derives cloze_a1_0175 and satz_a1_0139,approved,Jin explicit app-integration approval (2026-08-15).
satz_a1_0140,A1,형부가 맥주를 권해서 반만 받았어요.,"Der Schwager bot Bier an, ich nahm nur die Hälfte.",The older sister's husband offered beer; I took only half.,rights: original; pack: a1_partner_siblings_hello_1; canonical sentence derives cloze_a1_0176 and satz_a1_0140,approved,Jin explicit app-integration approval (2026-08-15).
satz_a1_0141,A1,올케가 주방에서 눈짓으로 물컵을 가리켰어요.,Die Schwägerin zeigte in der Küche mit den Augen auf das Wasserglas.,My brother's wife pointed at the water glass with her eyes.,rights: original; pack: a1_partner_siblings_hello_1; canonical sentence derives cloze_a1_0177 and satz_a1_0141,approved,Jin explicit app-integration approval (2026-08-15).
satz_a1_0142,A1,막내가 사진을 찍어 주겠다고 뛰어왔어요.,Das Nesthäkchen rannte her und wollte ein Foto machen.,The youngest ran over and offered to take a photo.,rights: original; pack: a1_partner_siblings_hello_1; canonical sentence derives cloze_a1_0178 and satz_a1_0142,approved,Jin explicit app-integration approval (2026-08-15).
satz_a1_0143,A1,맏이가 자리 배치를 조용히 정했어요.,Das älteste Kind regelte leise die Sitzordnung.,The eldest quietly set the seating.,rights: original; pack: a1_partner_siblings_hello_1; canonical sentence derives cloze_a1_0179 and satz_a1_0143,approved,Jin explicit app-integration approval (2026-08-15).
satz_a1_0144,A1,동생이에요라고 소개하니 악수를 할지 고민했어요.,"Bei das ist die jüngere Schwester überlegte ich, ob ich die Hand gebe.","When they said this is the younger sibling, I wondered whether to shake hands.",rights: original; pack: a1_partner_siblings_hello_1; canonical sentence derives cloze_a1_0180 and satz_a1_0144,approved,Jin explicit app-integration approval (2026-08-15).
satz_a1_0145,A1,게임 한 판 하니 금방 친해졌어요.,Nach einer Spielrunde wurden wir schnell vertrauter.,After one game we got closer quickly.,rights: original; pack: a1_partner_siblings_hello_1; canonical sentence derives cloze_a1_0181 and satz_a1_0145,approved,Jin explicit app-integration approval (2026-08-15).
satz_a1_0146,A1,장난으로 제 발음을 따라 해서 같이 웃었어요.,"Im Scherz ahmten sie meine Aussprache nach, und wir lachten.","They teased my pronunciation, and we laughed together.",rights: original; pack: a1_partner_siblings_hello_1; canonical sentence derives cloze_a1_0182 and satz_a1_0146,approved,Jin explicit app-integration approval (2026-08-15).
satz_a1_0147,A1,단체 사진에서 제가 제일 뒤에 서 있어요.,Auf dem Gruppenfoto stehe ich ganz hinten.,In the group photo I am standing at the very back.,rights: original; pack: a1_partner_siblings_hello_1; canonical sentence derives cloze_a1_0183 and satz_a1_0147,approved,Jin explicit app-integration approval (2026-08-15).
satz_a1_0148,A1,인증샷은 올리지 말라고 현우가 먼저 말했어요.,"Hyunwoo sagte zuerst, das Beweis-Foto nicht hochzuladen.",Hyunwoo said first not to post the proof photo.,rights: original; pack: a1_partner_photo_thanks_1; canonical sentence derives cloze_a1_0184 and satz_a1_0148,approved,Jin explicit app-integration approval (2026-08-15).
satz_a1_0149,A1,가족 앨범에서 현우 교복 사진을 봤어요.,Im Familienalbum sah ich Hyunwoos Schuluniform.,I saw Hyunwoo's school uniform in the family album.,rights: original; pack: a1_partner_photo_thanks_1; canonical sentence derives cloze_a1_0185 and satz_a1_0149,approved,Jin explicit app-integration approval (2026-08-15).
satz_a1_0150,A1,차례상 앞은 촬영 금지라고 작은 소리로 들었어요.,Vor dem Ritualtisch hörte ich leise Fotografierverbot.,I heard no photos in a low voice in front of the rite table.,rights: original; pack: a1_partner_photo_thanks_1; canonical sentence derives cloze_a1_0186 and satz_a1_0150,approved,Jin explicit app-integration approval (2026-08-15).
satz_a1_0151,A1,나갈 때 잘 다녀오겠습니다라고 했어요.,"Beim Hinausgehen sagte ich, ich gehe und komme gut wieder.",When leaving I said I will go and come back safely.,rights: original; pack: a1_partner_photo_thanks_1; canonical sentence derives cloze_a1_0187 and satz_a1_0151,approved,Jin explicit app-integration approval (2026-08-15).
satz_a1_0152,A1,상을 물릴 때 잘 먹었습니다를 크게 했어요.,Beim Abräumen sagte ich laut danke für die Mahlzeit.,When clearing the table I said thank you for the meal clearly.,rights: original; pack: a1_partner_photo_thanks_1; canonical sentence derives cloze_a1_0188 and satz_a1_0152,approved,Jin explicit app-integration approval (2026-08-15).
satz_a1_0153,A1,다음에 또 오세요 하셔서 신발을 거꾸로 신었어요.,"Als sie kommen Sie wieder sagten, zog ich die Schuhe falsch herum an.","When they said please come again, I put my shoes on backwards.",rights: original; pack: a1_partner_photo_thanks_1; canonical sentence derives cloze_a1_0189 and satz_a1_0153,approved,Jin explicit app-integration approval (2026-08-15).
satz_a1_0154,A1,문 앞에서 연락드릴게요라고 손을 흔들었어요.,Vor der Tür sagte ich ich melde mich und winkte.,At the door I said I will be in touch and waved.,rights: original; pack: a1_partner_photo_thanks_1; canonical sentence derives cloze_a1_0190 and satz_a1_0154,approved,Jin explicit app-integration approval (2026-08-15).
satz_a1_0155,A1,차에서 카톡으로 감사 메시지를 보냈어요.,Im Auto schickte ich die Danke-Nachricht per KakaoTalk.,In the car I sent a thank-you message on KakaoTalk.,rights: original; pack: a1_partner_photo_thanks_1; canonical sentence derives cloze_a1_0191 and satz_a1_0155,approved,Jin explicit app-integration approval (2026-08-15).
satz_a1_0156,A1,이모티콘은 절하는 토끼로 골랐어요.,Als Emoticon wählte ich das sich verbeugende Kaninchen.,I chose the bowing-rabbit sticker.,rights: original; pack: a1_partner_photo_thanks_1; canonical sentence derives cloze_a1_0192 and satz_a1_0156,approved,Jin explicit app-integration approval (2026-08-15).
satz_a1_0157,A1,다음 날 안부를 짧게 물었어요.,Am nächsten Tag fragte ich kurz nach ihrem Befinden.,The next day I sent a short greeting.,rights: original; pack: a1_partner_photo_thanks_1; canonical sentence derives cloze_a1_0193 and satz_a1_0157,approved,Jin explicit app-integration approval (2026-08-15).
satz_a1_0158,A1,사진 전송 전에 현우에게 먼저 보여 줬어요.,Vor dem Senden zeigte ich die Fotos zuerst Hyunwoo.,Before sending I showed the photos to Hyunwoo first.,rights: original; pack: a1_partner_photo_thanks_1; canonical sentence derives cloze_a1_0194 and satz_a1_0158,approved,Jin explicit app-integration approval (2026-08-15).
satz_a1_0159,A1,방문 소감은 따뜻했다고만 적었어요.,"Als Eindruck schrieb ich nur, es war warm.",For the visit impression I only wrote that it felt warm.,rights: original; pack: a1_partner_photo_thanks_1; canonical sentence derives cloze_a1_0195 and satz_a1_0159,approved,Jin explicit app-integration approval (2026-08-15).
satz_a2_0039,A2,어디서 오셨어요 하시길래 독일 베를린이라고 했어요.,"Sie fragten, woher ich komme, also sagte ich Berlin.","They asked where I am from, so I said Berlin in Germany.",rights: original; pack: a2_partner_dinner_talk_1; canonical sentence derives cloze_a2_0076 and satz_a2_0039,approved,Jin explicit app-integration approval (2026-08-15).
satz_a2_0040,A2,한국어 잘하시네요는 칭찬인데 더 긴장됐어요.,Das Lob machte mich noch nervöser.,"Your Korean is good is praise, but I got more nervous.",rights: original; pack: a2_partner_dinner_talk_1; canonical sentence derives cloze_a2_0077 and satz_a2_0040,approved,Jin explicit app-integration approval (2026-08-15).
satz_a2_0041,A2,직업이 뭐예요에 디자이너라고 짧게 답했어요.,Auf die Berufsfrage antwortete ich kurz Designerin.,"To what do you do I answered designer, briefly.",rights: original; pack: a2_partner_dinner_talk_1; canonical sentence derives cloze_a2_0078 and satz_a2_0041,approved,Jin explicit app-integration approval (2026-08-15).
satz_a2_0042,A2,언제 왔어요는 한국에 온 해를 묻는 말이에요.,Die Frage meint das Ankunftsjahr in Korea.,When did you come asks which year I arrived in Korea.,rights: original; pack: a2_partner_dinner_talk_1; canonical sentence derives cloze_a2_0079 and satz_a2_0042,approved,Jin explicit app-integration approval (2026-08-15).
satz_a2_0043,A2,사귄 지 얼마나 됐어요를 듣고 현우가 물을 마셨어요.,"Als sie nach der Beziehungsdauer fragten, trank Hyunwoo Wasser.","When they asked how long we have been together, Hyunwoo drank water.",rights: original; pack: a2_partner_dinner_talk_1; canonical sentence derives cloze_a2_0080 and satz_a2_0043,approved,Jin explicit app-integration approval (2026-08-15).
satz_a2_0044,A2,소개팅이 아니라 동아리에서 만났다고 했어요.,"Wir haben uns nicht über ein Date, sondern im Verein kennengelernt.","I said we met in a club, not on a set-up date.",rights: original; pack: a2_partner_dinner_talk_1; canonical sentence derives cloze_a2_0081 and satz_a2_0044,approved,Jin explicit app-integration approval (2026-08-15).
satz_a2_0045,A2,유창하지 않아도 천천히 말하면 통해요.,Auch ohne fließendes Koreanisch versteht man langsames Sprechen.,"Even if it is not fluent, slow speech still works.",rights: original; pack: a2_partner_dinner_talk_1; canonical sentence derives cloze_a2_0082 and satz_a2_0045,approved,Jin explicit app-integration approval (2026-08-15).
satz_a2_0046,A2,어려운 말은 현우에게 통역 부탁을 했어요.,Schwierige Sätze ließ ich mir von Hyunwoo dolmetschen.,I asked Hyunwoo for interpreting on the hard parts.,rights: original; pack: a2_partner_dinner_talk_1; canonical sentence derives cloze_a2_0083 and satz_a2_0046,approved,Jin explicit app-integration approval (2026-08-15).
satz_a2_0047,A2,자기소개를 세 문장으로 준비해 갔어요.,Ich hatte die Selbstvorstellung in drei Sätzen vorbereitet.,I prepared the self-introduction in three sentences.,rights: original; pack: a2_partner_dinner_talk_1; canonical sentence derives cloze_a2_0084 and satz_a2_0047,approved,Jin explicit app-integration approval (2026-08-15).
satz_a2_0048,A2,고향 이야기를 하니 할머니가 지도를 찾아오셨어요.,"Als ich von der Heimat erzählte, holte die Großmutter eine Karte.","When I told a hometown story, grandmother brought a map.",rights: original; pack: a2_partner_dinner_talk_1; canonical sentence derives cloze_a2_0085 and satz_a2_0048,approved,Jin explicit app-integration approval (2026-08-15).
satz_a2_0049,A2,음식 취향을 묻길래 매운 건 조금 먹는다고 했어요.,"Nach den Vorlieben gefragt sagte ich, Scharfes esse ich wenig.","They asked about food preferences, so I said I eat spicy food a little.",rights: original; pack: a2_partner_dinner_talk_1; canonical sentence derives cloze_a2_0086 and satz_a2_0049,approved,Jin explicit app-integration approval (2026-08-15).
satz_a2_0050,A2,분위기 파악이 안 되면 현우 얼굴을 봐요.,"Wenn ich die Lage nicht lese, schaue ich Hyunwoo an.","If I cannot read the room, I look at Hyunwoo's face.",rights: original; pack: a2_partner_dinner_talk_1; canonical sentence derives cloze_a2_0087 and satz_a2_0050,approved,Jin explicit app-integration approval (2026-08-15).
satz_a2_0051,A2,오전에 세배하러 가는 집이 세 곳이었어요.,Vormittags gab es drei Häuser für die Verbeugung.,In the morning there were three houses for New Year bows.,rights: original; pack: a2_partner_seollal_day_1; canonical sentence derives cloze_a2_0088 and satz_a2_0051,approved,Jin explicit app-integration approval (2026-08-15).
satz_a2_0052,A2,떡국 먹다 보면 한 살이 는다는 농담을 들었어요.,"Beim Essen hörte ich den Witz, man werde ein Jahr älter.",While eating the soup I heard the joke that you gain a year.,rights: original; pack: a2_partner_seollal_day_1; canonical sentence derives cloze_a2_0089 and satz_a2_0052,approved,Jin explicit app-integration approval (2026-08-15).
satz_a2_0053,A2,어른인데 세뱃돈 사양을 두 번 하고 받았어요.,Als Erwachsene lehnte ich das Geld zweimal ab und nahm es dann.,"As an adult I declined the New Year money twice, then accepted.",rights: original; pack: a2_partner_seollal_day_1; canonical sentence derives cloze_a2_0090 and satz_a2_0053,approved,Jin explicit app-integration approval (2026-08-15).
satz_a2_0054,A2,한복 대여 가게가 명절 전날 문을 일찍 닫았어요.,Der Hanbok-Verleih schloss am Vortag früh.,The hanbok rental closed early the day before.,rights: original; pack: a2_partner_seollal_day_1; canonical sentence derives cloze_a2_0091 and satz_a2_0054,approved,Jin explicit app-integration approval (2026-08-15).
satz_a2_0055,A2,세배 순서는 나이 많은 분부터예요.,Die Reihenfolge beginnt bei den Ältesten.,The bowing order starts with the oldest people.,rights: original; pack: a2_partner_seollal_day_1; canonical sentence derives cloze_a2_0092 and satz_a2_0055,approved,Jin explicit app-integration approval (2026-08-15).
satz_a2_0056,A2,아이 복주머니에 세뱃돈을 넣어 주셨어요.,In den Glücksbeutel des Kindes steckten sie das Geld.,They put the New Year money into the child's lucky pouch.,rights: original; pack: a2_partner_seollal_day_1; canonical sentence derives cloze_a2_0093 and satz_a2_0056,approved,Jin explicit app-integration approval (2026-08-15).
satz_a2_0057,A2,설날 인사말을 종이에 적어 주머니에 넣었어요.,Die Grußformel schrieb ich auf Papier und steckte sie ein.,I wrote the Seollal greeting on paper and put it in my pocket.,rights: original; pack: a2_partner_seollal_day_1; canonical sentence derives cloze_a2_0094 and satz_a2_0057,approved,Jin explicit app-integration approval (2026-08-15).
satz_a2_0058,A2,세배 영상은 가족 앨범에만 두래요.,Das Video sollte nur ins Familienalbum.,They said keep the bowing video in the family album only.,rights: original; pack: a2_partner_seollal_day_1; canonical sentence derives cloze_a2_0095 and satz_a2_0058,approved,Jin explicit app-integration approval (2026-08-15).
satz_a2_0059,A2,명절 음식은 전 냄새가 먼저 나요.,Beim Festtagsessen riecht man zuerst die Pfannengerichte.,With holiday food you smell the pancakes first.,rights: original; pack: a2_partner_seollal_day_1; canonical sentence derives cloze_a2_0096 and satz_a2_0059,approved,Jin explicit app-integration approval (2026-08-15).
satz_a2_0060,A2,전 부치는 기름이 팔에 튀었어요.,Beim Braten spritzte Öl auf den Arm.,Oil from frying jeon splashed on my arm.,rights: original; pack: a2_partner_seollal_day_1; canonical sentence derives cloze_a2_0097 and satz_a2_0060,approved,Jin explicit app-integration approval (2026-08-15).
satz_a2_0061,A2,세배 연습을 거울 앞에서 열 번 했어요.,Die Verbeugung übte ich zehnmal vor dem Spiegel.,I practiced the bow ten times in front of the mirror.,rights: original; pack: a2_partner_seollal_day_1; canonical sentence derives cloze_a2_0098 and satz_a2_0061,approved,Jin explicit app-integration approval (2026-08-15).
satz_a2_0062,A2,새해 목표를 묻길래 한국어 일기라고 했어요.,Nach dem Vorsatz gefragt sagte ich koreanisches Tagebuch.,"They asked for a new-year goal, so I said a Korean diary.",rights: original; pack: a2_partner_seollal_day_1; canonical sentence derives cloze_a2_0099 and satz_a2_0062,approved,Jin explicit app-integration approval (2026-08-15).
satz_a2_0063,A2,귀성길에서 휴게소 호두과자를 샀어요.,Im Heimreiseverkehr kaufte ich Walnusskuchen an der Raststätte.,In holiday traffic I bought walnut cakes at the rest stop.,rights: original; pack: a2_partner_chuseok_day_1; canonical sentence derives cloze_a2_0100 and satz_a2_0063,approved,Jin explicit app-integration approval (2026-08-15).
satz_a2_0064,A2,송편 맛이 콩이면 제가 이기고 깨면 현우가 이겨요.,"Bei Bohnenfüllung gewinne ich, bei Sesam Hyunwoo.","If the filling is bean I win; if sesame, Hyunwoo wins.",rights: original; pack: a2_partner_chuseok_day_1; canonical sentence derives cloze_a2_0101 and satz_a2_0064,approved,Jin explicit app-integration approval (2026-08-15).
satz_a2_0065,A2,보름달을 보며 소원을 말하래요.,Beim Vollmond sollte ich einen Wunsch sagen.,They told me to make a wish looking at the full moon.,rights: original; pack: a2_partner_chuseok_day_1; canonical sentence derives cloze_a2_0102 and satz_a2_0065,approved,Jin explicit app-integration approval (2026-08-15).
satz_a2_0066,A2,성묘 옷은 흰색보다 어두운 색이 편해요.,Für den Grabbesuch sind dunkle Farben bequemer als Weiß.,For the grave visit dark colors are easier than white.,rights: original; pack: a2_partner_chuseok_day_1; canonical sentence derives cloze_a2_0103 and satz_a2_0066,approved,Jin explicit app-integration approval (2026-08-15).
satz_a2_0067,A2,벌초 장갑을 끼고 사진만 찍었어요.,Mit Jätehandschuhen machte ich nur Fotos.,I put on weeding gloves and only took photos.,rights: original; pack: a2_partner_chuseok_day_1; canonical sentence derives cloze_a2_0104 and satz_a2_0067,approved,Jin explicit app-integration approval (2026-08-15).
satz_a2_0068,A2,차례 음식은 먹기 전에 먼저 올렸어요.,"Die Ritualspeisen kamen auf den Tisch, bevor jemand ass.",The rite food was offered before anyone ate.,rights: original; pack: a2_partner_chuseok_day_1; canonical sentence derives cloze_a2_0105 and satz_a2_0068,approved,Jin explicit app-integration approval (2026-08-15).
satz_a2_0069,A2,송편 만들기는 손끝이 분홍해지는 일이에요.,Beim Formen werden die Finger rosa.,Making songpyeon turns your fingertips pink.,rights: original; pack: a2_partner_chuseok_day_1; canonical sentence derives cloze_a2_0106 and satz_a2_0069,approved,Jin explicit app-integration approval (2026-08-15).
satz_a2_0070,A2,"카톡 명절 인사는 짧게, 하지만 존댓말로 보냈어요.","Den Festtagsgruss schickte ich kurz, aber höflich.","I sent the holiday greeting short, but in honorifics.",rights: original; pack: a2_partner_chuseok_day_1; canonical sentence derives cloze_a2_0107 and satz_a2_0070,approved,Jin explicit app-integration approval (2026-08-15).
satz_a2_0071,A2,고향집 마당에 감이 아직 열려 있었어요.,Im Hof des Elternhauses hingen noch Kakis.,Persimmons were still hanging in the hometown yard.,rights: original; pack: a2_partner_chuseok_day_1; canonical sentence derives cloze_a2_0108 and satz_a2_0071,approved,Jin explicit app-integration approval (2026-08-15).
satz_a2_0072,A2,친척 방문이 다섯 집이라 미소를 아껴 썼어요.,Bei fünf Besuchen sparte ich das Lächeln ein.,With five relative visits I rationed my smile.,rights: original; pack: a2_partner_chuseok_day_1; canonical sentence derives cloze_a2_0109 and satz_a2_0072,approved,Jin explicit app-integration approval (2026-08-15).
satz_a2_0073,A2,송편 점이 깨면 딸이라는 말에 현우가 숨었어요.,"Bei Sesam werde es eine Tochter, sagte man, und Hyunwoo versteckte sich.","They said sesame means a daughter, and Hyunwoo hid.",rights: original; pack: a2_partner_chuseok_day_1; canonical sentence derives cloze_a2_0110 and satz_a2_0073,approved,Jin explicit app-integration approval (2026-08-15).
satz_a2_0074,A2,추석 연휴 마지막 날 기차가 제일 비쌌어요.,Am letzten Ferientag war der Zug am teuersten.,On the last day of the Chuseok break the train was most expensive.,rights: original; pack: a2_partner_chuseok_day_1; canonical sentence derives cloze_a2_0111 and satz_a2_0074,approved,Jin explicit app-integration approval (2026-08-15).
satz_a2_0075,A2,누가 내 발음을 놀려도 그냥 웃어넘기면 돼요.,"Auch wenn sich jemand über meine Aussprache lustig macht, kann ich einfach darüber lachen.","Even if someone makes fun of my pronunciation, I can just laugh it off.",rights: original; pack: a2_partner_sibling_tease_1; canonical sentence derives cloze_a2_0112 and satz_a2_0075,approved,Jin explicit app-integration approval (2026-08-15).
satz_a2_0076,A2,현우가 제 편을 들어 줘서 든든했어요.,"Hyunwoo hat zu mir gehalten, und das hat mir Sicherheit gegeben.","Hyunwoo took my side, and that made me feel supported.",rights: original; pack: a2_partner_sibling_tease_1; canonical sentence derives cloze_a2_0113 and satz_a2_0076,approved,Jin explicit app-integration approval (2026-08-15).
satz_a2_0077,A2,별명이 생기기 전에 제가 먼저 하나를 정했어요.,"Bevor ein Spitzname entstand, wählte ich selbst einen.","Before a nickname appeared, I chose one first.",rights: original; pack: a2_partner_sibling_tease_1; canonical sentence derives cloze_a2_0114 and satz_a2_0077,approved,Jin explicit app-integration approval (2026-08-15).
satz_a2_0078,A2,게임 한 판 하니 존댓말이 반말로 넘어갔어요.,Nach einer Runde rutschte die Höflichkeit ins Vertraute.,"After one game, honorifics slipped into casual speech.",rights: original; pack: a2_partner_sibling_tease_1; canonical sentence derives cloze_a2_0115 and satz_a2_0078,approved,Jin explicit app-integration approval (2026-08-15).
satz_a2_0079,A2,현우가 어릴 때 이야기는 아무에게도 말하지 않기로 했어요.,"Ich habe beschlossen, niemandem von Hyunwoos Kindheit zu erzählen.","I decided not to tell anyone about Hyunwoo's childhood.",rights: original; pack: a2_partner_sibling_tease_1; canonical sentence derives cloze_a2_0116 and satz_a2_0079,approved,Jin explicit app-integration approval (2026-08-15).
satz_a2_0080,A2,현우의 이야기를 들으면서 계속 맞장구를 쳤어요.,"Während ich Hyunwoos Geschichte zuhörte, reagierte ich immer wieder zustimmend.","While listening to Hyunwoo's story, I kept responding in agreement.",rights: original; pack: a2_partner_sibling_tease_1; canonical sentence derives cloze_a2_0117 and satz_a2_0080,approved,Jin explicit app-integration approval (2026-08-15).
satz_a2_0081,A2,통역 눈짓을 현우가 못 보면 그냥 웃어요.,"Versteht Hyunwoo meinen Blick nicht, lache ich einfach.","If Hyunwoo doesn't get the look, I just laugh.",rights: original; pack: a2_partner_sibling_tease_1; canonical sentence derives cloze_a2_0118 and satz_a2_0081,approved,Jin explicit app-integration approval (2026-08-15).
satz_a2_0082,A2,같이 웃다 보면 존댓말 실수는 잊혀요.,"Wenn man zusammen lacht, vergisst man Höflichkeitsfehler.","If you laugh together, honorific mistakes are forgotten.",rights: original; pack: a2_partner_sibling_tease_1; canonical sentence derives cloze_a2_0119 and satz_a2_0082,approved,Jin explicit app-integration approval (2026-08-15).
satz_a2_0083,A2,동생 편을 들면 현우가 눈을 흘겨요.,"Halte ich zum jüngeren Geschwister, schielt Hyunwoo.","If I take the younger sibling side, Hyunwoo side-eyes me.",rights: original; pack: a2_partner_sibling_tease_1; canonical sentence derives cloze_a2_0120 and satz_a2_0083,approved,Jin explicit app-integration approval (2026-08-15).
satz_a2_0084,A2,단톡방에 입장하자마자 이모티콘이 쏟아졌어요.,"Kaum war ich im Familienchat, regnete es Sticker.","As soon as I joined the family group chat, stickers poured in.",rights: original; pack: a2_partner_sibling_tease_1; canonical sentence derives cloze_a2_0121 and satz_a2_0084,approved,Jin explicit app-integration approval (2026-08-15).
satz_a2_0085,A2,남은 반찬 봉투가 두 개라서 양손에 들었어요.,Ich trug zwei Tüten Reste in beiden Händen.,"I carried two leftover bags, one in each hand.",rights: original; pack: a2_partner_sibling_tease_1; canonical sentence derives cloze_a2_0122 and satz_a2_0085,approved,Jin explicit app-integration approval (2026-08-15).
satz_a2_0086,A2,반말 실수를 하자 동생이 더 좋아했어요.,Nach einem vertraulichen Sprachfehler freute sich das jüngere Geschwister noch mehr.,After a casual-speech slip the younger sibling liked me even more.,rights: original; pack: a2_partner_sibling_tease_1; canonical sentence derives cloze_a2_0123 and satz_a2_0086,approved,Jin explicit app-integration approval (2026-08-15).
satz_a2_0087,A2,손님방에 이불이 세 겹이라 더웠어요.,"Im Gästezimmer lagen drei Decken, es war zu warm.","The guest room had three blankets, so it was too warm.",rights: original; pack: a2_partner_overnight_1; canonical sentence derives cloze_a2_0124 and satz_a2_0087,approved,Jin explicit app-integration approval (2026-08-15).
satz_a2_0088,A2,이불을 개다가 현우 엄마가 들어오셨어요.,"Als ich die Decke faltete, kam Hyunwoos Mutter herein.","While folding the blanket, Hyunwoo's mom came in.",rights: original; pack: a2_partner_overnight_1; canonical sentence derives cloze_a2_0125 and satz_a2_0088,approved,Jin explicit app-integration approval (2026-08-15).
satz_a2_0089,A2,세면 도구를 깜빡해서 새 칫솔을 받았어요.,Ich hatte das Waschzeug vergessen und bekam eine neue Bürste.,I forgot my toiletries and was given a new toothbrush.,rights: original; pack: a2_partner_overnight_1; canonical sentence derives cloze_a2_0126 and satz_a2_0089,approved,Jin explicit app-integration approval (2026-08-15).
satz_a2_0090,A2,아침 인사는 일어나자마자 큰 소리로 했어요.,Den Morgengruß sagte ich laut gleich nach dem Aufstehen.,I said the morning greeting loudly as soon as I got up.,rights: original; pack: a2_partner_overnight_1; canonical sentence derives cloze_a2_0127 and satz_a2_0090,approved,Jin explicit app-integration approval (2026-08-15).
satz_a2_0091,A2,일찍 일어나려고 알람을 네 개 맞췄어요.,"Um früh aufzustehen, stellte ich vier Wecker.",I set four alarms to get up early.,rights: original; pack: a2_partner_overnight_1; canonical sentence derives cloze_a2_0128 and satz_a2_0091,approved,Jin explicit app-integration approval (2026-08-15).
satz_a2_0092,A2,화장실 줄이 생겨서 물부터 마셨어요.,"Es gab eine Schlange, also trank ich zuerst Wasser.","There was a bathroom queue, so I drank water first.",rights: original; pack: a2_partner_overnight_1; canonical sentence derives cloze_a2_0129 and satz_a2_0092,approved,Jin explicit app-integration approval (2026-08-15).
satz_a2_0093,A2,잠옷 대신 편한 티를 입어도 되냐고 물었어요.,"Ich fragte, ob statt Schlafanzug ein T-Shirt reicht.",I asked whether a T-shirt was fine instead of pajamas.,rights: original; pack: a2_partner_overnight_1; canonical sentence derives cloze_a2_0130 and satz_a2_0093,approved,Jin explicit app-integration approval (2026-08-15).
satz_a2_0094,A2,코골이 소리가 벽 너머로 들려서 현우가 미안해했어요.,"Schnarchen kam durch die Wand, und Hyunwoo entschuldigte sich.","Snoring came through the wall, and Hyunwoo apologized.",rights: original; pack: a2_partner_overnight_1; canonical sentence derives cloze_a2_0131 and satz_a2_0094,approved,Jin explicit app-integration approval (2026-08-15).
satz_a2_0095,A2,아침밥이 저녁만큼 많아서 천천히 먹었어요.,Das Frühstück war so reich wie das Abendessen.,"Breakfast was as big as dinner, so I ate slowly.",rights: original; pack: a2_partner_overnight_1; canonical sentence derives cloze_a2_0132 and satz_a2_0095,approved,Jin explicit app-integration approval (2026-08-15).
satz_a2_0096,A2,손님 수건이 분홍색이라 현우 거라고 착각했어요.,"Das Gästehandtuch war rosa, ich dachte es sei Hyunwoos.","The guest towel was pink, so I thought it was Hyunwoo's.",rights: original; pack: a2_partner_overnight_1; canonical sentence derives cloze_a2_0133 and satz_a2_0096,approved,Jin explicit app-integration approval (2026-08-15).
satz_a2_0097,A2,문 닫기를 너무 세게 해서 깜짝 놀랐어요.,Ich schloss die Tür zu fest und erschrak selbst.,I closed the door too hard and startled myself.,rights: original; pack: a2_partner_overnight_1; canonical sentence derives cloze_a2_0134 and satz_a2_0097,approved,Jin explicit app-integration approval (2026-08-15).
satz_a2_0098,A2,잘 주무셨어요 하고 먼저 말하니 분위기가 편해졌어요.,"Als ich zuerst nach dem Schlaf fragte, wurde es lockerer.",Asking did you sleep well first made the mood easier.,rights: original; pack: a2_partner_overnight_1; canonical sentence derives cloze_a2_0135 and satz_a2_0098,approved,Jin explicit app-integration approval (2026-08-15).
satz_a2_0099,A2,가려는데 반찬을 싸 주셔서 가방이 무거워졌어요.,"Beim Gehen packten sie Beilagen ein, und die Tasche wurde schwer.","As we left they packed side dishes, and the bag got heavy.",rights: original; pack: a2_partner_leftover_bags_1; canonical sentence derives cloze_a2_0136 and satz_a2_0099,approved,Jin explicit app-integration approval (2026-08-15).
satz_a2_0100,A2,밀폐 용기가 세 개라 버스에서 조심했어요.,"Drei Frischhaltedosen, im Bus ging ich vorsichtig.","There were three airtight containers, so I was careful on the bus.",rights: original; pack: a2_partner_leftover_bags_1; canonical sentence derives cloze_a2_0137 and satz_a2_0100,approved,Jin explicit app-integration approval (2026-08-15).
satz_a2_0101,A2,김치 국물이 샐까 봐 봉지를 두 겹으로 했어요.,Aus Angst vor Kimchi-Saft nahm ich zwei Tüten.,I used two bags in case the kimchi juice leaked.,rights: original; pack: a2_partner_leftover_bags_1; canonical sentence derives cloze_a2_0138 and satz_a2_0101,approved,Jin explicit app-integration approval (2026-08-15).
satz_a2_0102,A2,냉동실에 넣으라고 스티커까지 붙여 주셨어요.,Sie klebten sogar einen Zettel ans Gefrierfach.,They even put a sticker on it for the freezer.,rights: original; pack: a2_partner_leftover_bags_1; canonical sentence derives cloze_a2_0139 and satz_a2_0102,approved,Jin explicit app-integration approval (2026-08-15).
satz_a2_0103,A2,보자기로 싼 그릇이 미끄러워서 양손으로 들었어요.,"Die in ein Tuch gewickelte Schüssel rutschte, also nahm ich beide Hände.","The bowl wrapped in cloth slipped, so I used both hands.",rights: original; pack: a2_partner_leftover_bags_1; canonical sentence derives cloze_a2_0140 and satz_a2_0103,approved,Jin explicit app-integration approval (2026-08-15).
satz_a2_0104,A2,비닐봉지가 얇아서 밑에 책을 받쳤어요.,"Die Tute war dünn, also hielt ich ein Buch darunter.","The plastic bag was thin, so I put a book under it.",rights: original; pack: a2_partner_leftover_bags_1; canonical sentence derives cloze_a2_0141 and satz_a2_0104,approved,Jin explicit app-integration approval (2026-08-15).
satz_a2_0105,A2,양손에 통이 있어서 엘리베이터 버튼을 팔꿈치로 눌렀어요.,Mit beiden Händen voll drückte ich den Knopf mit dem Ellbogen.,With both hands full I pressed the elevator button with my elbow.,rights: original; pack: a2_partner_leftover_bags_1; canonical sentence derives cloze_a2_0142 and satz_a2_0105,approved,Jin explicit app-integration approval (2026-08-15).
satz_a2_0106,A2,냉동 보관이라고 쓴 메모를 뚜껑에 붙였어요.,Ich klebte den Zettel Tiefkühllagerung auf den Deckel.,I stuck a freezer-storage note on the lid.,rights: original; pack: a2_partner_leftover_bags_1; canonical sentence derives cloze_a2_0143 and satz_a2_0106,approved,Jin explicit app-integration approval (2026-08-15).
satz_a2_0107,A2,집까지 국물 냄새를 들고 가서 현우가 창문을 열었어요.,"Bis nach Hause trug ich den Suppengeruch, und Hyunwoo öffnete das Fenster.","I carried the broth smell all the way home, and Hyunwoo opened the window.",rights: original; pack: a2_partner_leftover_bags_1; canonical sentence derives cloze_a2_0144 and satz_a2_0107,approved,Jin explicit app-integration approval (2026-08-15).
satz_a2_0108,A2,가방이 무겁다고 하자 아버지가 차까지 들어 주셨어요.,"Als ich sagte, die Tasche sei schwer, trug der Vater sie zum Auto.","When I said the bag is heavy, father carried it to the car.",rights: original; pack: a2_partner_leftover_bags_1; canonical sentence derives cloze_a2_0145 and satz_a2_0108,approved,Jin explicit app-integration approval (2026-08-15).
satz_a2_0109,A2,국물 샐까 봐 뚜껑을 두 번 확인했어요.,Aus Angst vor auslaufender Brühe prüfte ich den Deckel zweimal.,I checked the lid twice in case the broth leaked.,rights: original; pack: a2_partner_leftover_bags_1; canonical sentence derives cloze_a2_0146 and satz_a2_0109,approved,Jin explicit app-integration approval (2026-08-15).
satz_a2_0110,A2,반찬 봉투가 두 개라서 현우와 나눠 들었어요.,"Es gab zwei Beilagenbeutel, also trugen Hyunwoo und ich je einen.","There were two side-dish bags, so Hyunwoo and I each carried one.",rights: original; pack: a2_partner_leftover_bags_1; canonical sentence derives cloze_a2_0147 and satz_a2_0110,approved,Jin explicit app-integration approval (2026-08-15).
satz_a2_0111,A2,고속버스 좌석이 창가라서 할머니께 사진을 보냈어요.,"Der Fernbusplatz war am Fenster, also schickte ich der Großmutter ein Foto.","The express-bus seat was by the window, so I sent grandmother a photo.",rights: original; pack: a2_partner_hometown_trip_1; canonical sentence derives cloze_a2_0148 and satz_a2_0111,approved,Jin explicit app-integration approval (2026-08-15).
satz_a2_0112,A2,휴게소에서 호두과자를 사니 현우 아빠가 웃으셨어요.,"An der Raststätte kaufte ich Walnusskuchen, und Hyunwoos Vater lachte.","At the rest stop I bought walnut cakes, and Hyunwoo's dad smiled.",rights: original; pack: a2_partner_hometown_trip_1; canonical sentence derives cloze_a2_0149 and satz_a2_0112,approved,Jin explicit app-integration approval (2026-08-15).
satz_a2_0113,A2,명절 기차는 서서 가는 칸이 더 떠들썩했어요.,Im Festtagszug war der Stehwagen noch lauter.,On the holiday train the standing car was even noisier.,rights: original; pack: a2_partner_hometown_trip_1; canonical sentence derives cloze_a2_0150 and satz_a2_0113,approved,Jin explicit app-integration approval (2026-08-15).
satz_a2_0114,A2,좌석 배정이 떨어져서 현우와 쪽지로 이야기했어요.,"Die Sitze lagen auseinander, also schrieben Hyunwoo und ich Zettel.","The seat assignment split us, so Hyunwoo and I passed notes.",rights: original; pack: a2_partner_hometown_trip_1; canonical sentence derives cloze_a2_0151 and satz_a2_0114,approved,Jin explicit app-integration approval (2026-08-15).
satz_a2_0115,A2,김치를 짐 부치려다 안 된다고 해서 무릎 위에 올렸어요.,"Kimchi durfte ich nicht aufgeben, also kam es auf die Knie.","I could not check the kimchi, so I put it on my lap.",rights: original; pack: a2_partner_hometown_trip_1; canonical sentence derives cloze_a2_0152 and satz_a2_0115,approved,Jin explicit app-integration approval (2026-08-15).
satz_a2_0116,A2,도착 인사는 현관이 아니라 주차장에서 시작됐어요.,"Der Ankunftsgruss begann auf dem Parkplatz, nicht in der Diele.","The arrival greeting started in the parking lot, not at the door.",rights: original; pack: a2_partner_hometown_trip_1; canonical sentence derives cloze_a2_0153 and satz_a2_0116,approved,Jin explicit app-integration approval (2026-08-15).
satz_a2_0117,A2,친척 집이 언덕이라 선물을 다시 묶어 들었어요.,"Das Verwandtenhaus lag am Hang, also band ich das Geschenk neu.","The relative's house was on a hill, so I retied the gift.",rights: original; pack: a2_partner_hometown_trip_1; canonical sentence derives cloze_a2_0154 and satz_a2_0117,approved,Jin explicit app-integration approval (2026-08-15).
satz_a2_0118,A2,마을 버스가 한 대라 시간을 두 번 확인했어요.,"Es gab nur einen Dorfbus, also prüfte ich die Zeit zweimal.","There was only one village bus, so I checked the time twice.",rights: original; pack: a2_partner_hometown_trip_1; canonical sentence derives cloze_a2_0155 and satz_a2_0118,approved,Jin explicit app-integration approval (2026-08-15).
satz_a2_0119,A2,집 마당에 개가 있어서 앉아 있으라고 했어요.,"Im Hof war ein Hund, also sollte ich sitzen bleiben.","There was a dog in the yard, so they told me to stay seated.",rights: original; pack: a2_partner_hometown_trip_1; canonical sentence derives cloze_a2_0156 and satz_a2_0119,approved,Jin explicit app-integration approval (2026-08-15).
satz_a2_0120,A2,밤참으로 과일만 달라고 했는데 라면이 나왔어요.,"Als Spätimbiss wollte ich nur Obst, aber es kam Ramyeon.","I asked only for fruit as a late snack, but ramyeon appeared.",rights: original; pack: a2_partner_hometown_trip_1; canonical sentence derives cloze_a2_0157 and satz_a2_0120,approved,Jin explicit app-integration approval (2026-08-15).
satz_a2_0121,A2,돌아가는 길에 남은 전을 또 받았어요.,Auf dem Rückweg bekam ich noch einmal Pfannengerichte.,On the way back I was given more jeon again.,rights: original; pack: a2_partner_hometown_trip_1; canonical sentence derives cloze_a2_0158 and satz_a2_0121,approved,Jin explicit app-integration approval (2026-08-15).
satz_a2_0122,A2,서울 도착하자마자 안부 전화를 드렸어요.,"Kaum in Seoul, rief ich an, dass wir gut angekommen sind.",As soon as we reached Seoul I made the safe-arrival call.,rights: original; pack: a2_partner_hometown_trip_1; canonical sentence derives cloze_a2_0159 and satz_a2_0122,approved,Jin explicit app-integration approval (2026-08-15).
satz_a2_0123,A2,반말 전환은 동생이 먼저 하자고 했어요.,Den Wechsel ins Vertraute schlug das jüngere Geschwister zuerst vor.,The younger sibling suggested the switch to casual speech first.,rights: original; pack: a2_partner_banmal_switch_1; canonical sentence derives cloze_a2_0160 and satz_a2_0123,approved,Jin explicit app-integration approval (2026-08-15).
satz_a2_0124,A2,부모님 앞에서는 존댓말 유지를 약속했어요.,"Vor den Eltern versprach ich, die Höflichkeit beizubehalten.",In front of the parents I promised to keep honorifics.,rights: original; pack: a2_partner_banmal_switch_1; canonical sentence derives cloze_a2_0161 and satz_a2_0124,approved,Jin explicit app-integration approval (2026-08-15).
satz_a2_0125,A2,말실수로 형이라고 해서 현우가 눈을 커졌어요.,"Durch einen Versprecher sagte ich hyeong, und Hyunwoos Augen wurden groß.","I slipped and said hyeong, and Hyunwoo's eyes went wide.",rights: original; pack: a2_partner_banmal_switch_1; canonical sentence derives cloze_a2_0162 and satz_a2_0125,approved,Jin explicit app-integration approval (2026-08-15).
satz_a2_0126,A2,호칭 연습을 차에 타기 전에 세 번 했어요.,Die Anrede übte ich dreimal vor der Autofahrt.,I practiced the address terms three times before the car ride.,rights: original; pack: a2_partner_banmal_switch_1; canonical sentence derives cloze_a2_0163 and satz_a2_0126,approved,Jin explicit app-integration approval (2026-08-15).
satz_a2_0127,A2,편하게 말해요 하셔도 처음엔 존댓말이 나왔어요.,Auch nach sprechen Sie locker kam zuerst Höflichkeit.,"Even after please speak comfortably, honorifics came out first.",rights: original; pack: a2_partner_banmal_switch_1; canonical sentence derives cloze_a2_0164 and satz_a2_0127,approved,Jin explicit app-integration approval (2026-08-15).
satz_a2_0128,A2,아직 어색해요라고 하니 동생이 천천히 해 줬어요.,"Als ich sagte, es sei noch ungewohnt, wurde das Tempo langsamer.","When I said it still feels awkward, the younger sibling slowed down.",rights: original; pack: a2_partner_banmal_switch_1; canonical sentence derives cloze_a2_0165 and satz_a2_0128,approved,Jin explicit app-integration approval (2026-08-15).
satz_a2_0129,A2,존댓말 버릇이 남아서 게임에서도 요를 붙였어요.,"Die Höflichkeitsgewohnheit blieb, sogar im Spiel sagte ich yo.","The honorific habit stayed, so I even added yo in the game.",rights: original; pack: a2_partner_banmal_switch_1; canonical sentence derives cloze_a2_0166 and satz_a2_0129,approved,Jin explicit app-integration approval (2026-08-15).
satz_a2_0130,A2,나이 확인 전에는 이름을 부르지 않았어요.,Vor dem Altersabgleich benutzte ich keinen Vornamen.,I did not use a first name before checking ages.,rights: original; pack: a2_partner_banmal_switch_1; canonical sentence derives cloze_a2_0167 and satz_a2_0130,approved,Jin explicit app-integration approval (2026-08-15).
satz_a2_0131,A2,처음엔 서로 존댓말로 시작해 마음이 놓였어요.,"Am Anfang half gegenseitige Höflichkeit, ich war erleichtert.",Starting with mutual honorifics made me feel safer.,rights: original; pack: a2_partner_banmal_switch_1; canonical sentence derives cloze_a2_0168 and satz_a2_0131,approved,Jin explicit app-integration approval (2026-08-15).
satz_a2_0132,A2,말투 맞추기는 현우가 눈짓으로 도와줬어요.,"Hyunwoo half mit einem Blick, den Ton anzupassen.",Hyunwoo helped me match the speech style with a look.,rights: original; pack: a2_partner_banmal_switch_1; canonical sentence derives cloze_a2_0169 and satz_a2_0132,approved,Jin explicit app-integration approval (2026-08-15).
satz_a2_0133,A2,존댓말 실수를 사과하니 아버지가 괜찮다고 하셨어요.,"Nach der Entschuldigung für den Höflichkeitsfehler sagte der Vater, es sei in Ordnung.","When I apologized for the honorific mistake, father said it was fine.",rights: original; pack: a2_partner_banmal_switch_1; canonical sentence derives cloze_a2_0170 and satz_a2_0133,approved,Jin explicit app-integration approval (2026-08-15).
satz_a2_0134,A2,반말 연습은 주차장에서만 하기로 했어요.,Banmal übten wir nur auf dem Parkplatz.,We agreed to practice casual speech only in the parking lot.,rights: original; pack: a2_partner_banmal_switch_1; canonical sentence derives cloze_a2_0171 and satz_a2_0134,approved,Jin explicit app-integration approval (2026-08-15).
satz_b1_0080,B1,결혼 계획을 묻길래 아직 천천히 알아가는 중이라고 했어요.,"Nach Heiratsplänen gefragt sagte ich, wir lernen uns noch in Ruhe kennen.","Asked about marriage plans, I said we are still getting to know each other slowly.",rights: original; pack: b1_partner_awkward_questions_1; canonical sentence derives cloze_b1_0084 and satz_b1_0080,approved,Jin explicit app-integration approval (2026-08-15).
satz_b1_0081,B1,아이 가지냐는 질문에 현우가 물을 마시며 시간을 벌었어요.,"Als sie nach Kindern fragten, trank Hyunwoo Wasser und gewann Zeit.","When they asked about kids, Hyunwoo drank some water to buy time.",rights: original; pack: b1_partner_awkward_questions_1; canonical sentence derives cloze_b1_0085 and satz_b1_0081,approved,Jin explicit app-integration approval (2026-08-15).
satz_b1_0082,B1,월급 이야기는 웃으면서 아직 배우는 중이라고 넘겼어요.,Das Gehaltsgespräch lenkte ich lächelnd mit ich lerne noch ab.,I smiled through the salary talk and said I am still learning.,rights: original; pack: b1_partner_awkward_questions_1; canonical sentence derives cloze_b1_0086 and satz_b1_0082,approved,Jin explicit app-integration approval (2026-08-15).
satz_b1_0083,B1,종교 질문에는 존중한다는 말만 짧게 했어요.,"Auf die Religionsfrage sagte ich nur kurz, ich respektiere das.",To the religion question I only said briefly that I respect it.,rights: original; pack: b1_partner_awkward_questions_1; canonical sentence derives cloze_b1_0087 and satz_b1_0083,approved,Jin explicit app-integration approval (2026-08-15).
satz_b1_0084,B1,언제 결혼해요는 농담처럼 들려도 답이 필요했어요.,"Wann heiratet ihr klang wie ein Scherz, brauchte aber eine Antwort.",When will you marry sounded like a joke but still needed an answer.,rights: original; pack: b1_partner_awkward_questions_1; canonical sentence derives cloze_b1_0088 and satz_b1_0084,approved,Jin explicit app-integration approval (2026-08-15).
satz_b1_0085,B1,국적 문제는 서류보다 마음이 먼저라고 했어요.,"Bei der Staatsangehörigkeit sei das Herz wichtiger als das Papier, sagte ich.",On the nationality issue I said the heart comes before the paperwork.,rights: original; pack: b1_partner_awkward_questions_1; canonical sentence derives cloze_b1_0089 and satz_b1_0085,approved,Jin explicit app-integration approval (2026-08-15).
satz_b1_0086,B1,부모 허락을 아직 구하지 않았다고 솔직히 말했어요.,"Ich sagte ehrlich, dass wir die Erlaubnis der Eltern noch nicht erbeten haben.",I said honestly that we have not asked for the parents' blessing yet.,rights: original; pack: b1_partner_awkward_questions_1; canonical sentence derives cloze_b1_0090 and satz_b1_0086,approved,Jin explicit app-integration approval (2026-08-15).
satz_b1_0087,B1,직접 거절 대신 돌려 말하기를 현우가 먼저 했어요.,Statt eines direkten Neins umschrieb Hyunwoo zuerst.,"Instead of a direct no, Hyunwoo spoke indirectly first.",rights: original; pack: b1_partner_awkward_questions_1; canonical sentence derives cloze_b1_0091 and satz_b1_0087,approved,Jin explicit app-integration approval (2026-08-15).
satz_b1_0088,B1,화제 돌리기는 날씨보다 음식 칭찬이 안전했어요.,Zum Themenwechsel war ein Lob für das Essen sicherer als das Wetter.,"For changing the subject, praising the food was safer than the weather.",rights: original; pack: b1_partner_awkward_questions_1; canonical sentence derives cloze_b1_0092 and satz_b1_0088,approved,Jin explicit app-integration approval (2026-08-15).
satz_b1_0089,B1,나이 농담은 웃고 넘기니 할머니가 만족하셨어요.,Den Altersscherz wegzulächeln reichte der Großmutter.,Laughing off the age joke satisfied grandmother.,rights: original; pack: b1_partner_awkward_questions_1; canonical sentence derives cloze_b1_0093 and satz_b1_0089,approved,Jin explicit app-integration approval (2026-08-15).
satz_b1_0090,B1,솔직한 선을 정하니 현우도 어깨가 내려갔어요.,Eine ehrliche Grenze zu setzen senkte auch Hyunwoos Schultern.,Setting an honest boundary dropped Hyunwoo's shoulders too.,rights: original; pack: b1_partner_awkward_questions_1; canonical sentence derives cloze_b1_0094 and satz_b1_0090,approved,Jin explicit app-integration approval (2026-08-15).
satz_b1_0091,B1,다음에 말씀드릴게요로 시간을 사니 분위기가 남았어요.,"Mit ich sage später mehr kaufte ich Zeit, ohne die Stimmung zu verlieren.",Saying I will tell you later bought time without losing the mood.,rights: original; pack: b1_partner_awkward_questions_1; canonical sentence derives cloze_b1_0095 and satz_b1_0091,approved,Jin explicit app-integration approval (2026-08-15).
satz_b1_0092,B1,취업 비자 만료일을 먼저 말해 오해가 줄었어요.,Das Ablaufdatum des Arbeitsvisums zuerst zu nennen verringerte Missverständnisse.,Saying the work-visa expiry first reduced misunderstanding.,rights: original; pack: b1_partner_job_visa_1; canonical sentence derives cloze_b1_0096 and satz_b1_0092,approved,Jin explicit app-integration approval (2026-08-15).
satz_b1_0093,B1,계약직이라고 하니 안정적이냐는 질문이 바로 나왔어요.,"Als ich befristete Stelle sagte, kam sofort die Frage nach Stabilität.","When I said fixed-term, the stability question came at once.",rights: original; pack: b1_partner_job_visa_1; canonical sentence derives cloze_b1_0097 and satz_b1_0093,approved,Jin explicit app-integration approval (2026-08-15).
satz_b1_0094,B1,원격 근무라 명절에도 노트북을 가져왔어요.,Wegen Homeoffice nahm ich den Laptop auch an Feiertagen mit.,Because of remote work I brought the laptop even on the holiday.,rights: original; pack: b1_partner_job_visa_1; canonical sentence derives cloze_b1_0098 and satz_b1_0094,approved,Jin explicit app-integration approval (2026-08-15).
satz_b1_0095,B1,이직 생각은 아직 없다고 짧게 했어요.,Einen Jobwechselgedanken verneinte ich kurz.,I said briefly that I am not thinking of changing jobs yet.,rights: original; pack: b1_partner_job_visa_1; canonical sentence derives cloze_b1_0099 and satz_b1_0095,approved,Jin explicit app-integration approval (2026-08-15).
satz_b1_0096,B1,체류 기간을 묻길래 내년까지 연장할 계획이라고 했어요.,"Nach der Aufenthaltsdauer gefragt sagte ich, ich plane eine Verlängerung bis nächstes Jahr.","Asked about the length of stay, I said I plan to extend through next year.",rights: original; pack: b1_partner_job_visa_1; canonical sentence derives cloze_b1_0100 and satz_b1_0096,approved,Jin explicit app-integration approval (2026-08-15).
satz_b1_0097,B1,한국어 능력은 일보다 가족 식탁에서 더 떨렸어요.,Meine Koreanischkenntnisse zitterten am Familientisch mehr als bei der Arbeit.,My Korean ability shook more at the family table than at work.,rights: original; pack: b1_partner_job_visa_1; canonical sentence derives cloze_b1_0101 and satz_b1_0097,approved,Jin explicit app-integration approval (2026-08-15).
satz_b1_0098,B1,야근이 많다고 하니 건강부터 챙기라고 하셨어요.,"Als ich von viel Spätarbeit erzählte, sollte ich zuerst auf die Gesundheit achten.","When I mentioned a lot of overtime, they told me to take care of my health first.",rights: original; pack: b1_partner_job_visa_1; canonical sentence derives cloze_b1_0102 and satz_b1_0098,approved,Jin explicit app-integration approval (2026-08-15).
satz_b1_0099,B1,퇴사 계획은 없다고 하니 표정이 풀렸어요.,"Als ich keine Kündigung plante, entspannte sich das Gesicht.","When I said I had no plan to leave the job, their faces eased.",rights: original; pack: b1_partner_job_visa_1; canonical sentence derives cloze_b1_0103 and satz_b1_0099,approved,Jin explicit app-integration approval (2026-08-15).
satz_b1_0100,B1,연봉 공개는 하지 않고 범위만 말했어요.,Statt einer Gehaltsoffenlegung nannte ich nur eine Spanne.,I did not disclose the salary and only named a range.,rights: original; pack: b1_partner_job_visa_1; canonical sentence derives cloze_b1_0104 and satz_b1_0100,approved,Jin explicit app-integration approval (2026-08-15).
satz_b1_0101,B1,직장 분위기를 묻길래 동료가 친절하다고 했어요.,"Nach dem Betriebsklima gefragt sagte ich, die Kolleginnen seien freundlich.","Asked about the workplace atmosphere, I said colleagues are kind.",rights: original; pack: b1_partner_job_visa_1; canonical sentence derives cloze_b1_0105 and satz_b1_0101,approved,Jin explicit app-integration approval (2026-08-15).
satz_b1_0102,B1,통역 없이 세 문장만 준비해 갔어요.,Ohne Dolmetschen hatte ich nur drei Sätze vorbereitet.,Without interpreting I prepared only three sentences.,rights: original; pack: b1_partner_job_visa_1; canonical sentence derives cloze_b1_0106 and satz_b1_0102,approved,Jin explicit app-integration approval (2026-08-15).
satz_b1_0103,B1,안정적으로 지낸다고 하니 아버지가 고개를 끄덕이셨어요.,"Als ich sagte, ich lebe auf stabile Weise, nickte der Vater.","When I said I am living in a stable way, father nodded.",rights: original; pack: b1_partner_job_visa_1; canonical sentence derives cloze_b1_0107 and satz_b1_0103,approved,Jin explicit app-integration approval (2026-08-15).
satz_b1_0104,B1,통역을 맡기 전에 현우가 제 눈을 봤어요.,"Bevor Hyunwoo das Dolmetschen übernahm, sah er mir in die Augen.","Before taking on interpreting, Hyunwoo looked at my eyes.",rights: original; pack: b1_partner_translating_1; canonical sentence derives cloze_b1_0108 and satz_b1_0104,approved,Jin explicit app-integration approval (2026-08-15).
satz_b1_0105,B1,긴 이야기는 요약해서 전하니 핵심만 남았어요.,Die lange Rede knapp weiterzugeben ließ nur den Kern.,Passing on a summary left only the core.,rights: original; pack: b1_partner_translating_1; canonical sentence derives cloze_b1_0109 and satz_b1_0105,approved,Jin explicit app-integration approval (2026-08-15).
satz_b1_0106,B1,농담은 그대로 옮기면 분위기가 깨질 뻔했어요.,Den Witz wörtlich zu übertragen hätte die Stimmung fast zerstört.,Rendering the joke word for word almost broke the mood.,rights: original; pack: b1_partner_translating_1; canonical sentence derives cloze_b1_0110 and satz_b1_0106,approved,Jin explicit app-integration approval (2026-08-15).
satz_b1_0107,B1,뉘앙스가 사라질까 봐 현우가 손짓으로 멈췄어요.,"Aus Angst, die Nuance gehe verloren, hielt Hyunwoo mit der Hand inne.","Afraid the nuance would vanish, Hyunwoo paused with a hand signal.",rights: original; pack: b1_partner_translating_1; canonical sentence derives cloze_b1_0111 and satz_b1_0107,approved,Jin explicit app-integration approval (2026-08-15).
satz_b1_0108,B1,현우가 민감한 질문은 빠뜨리고 음식 이야기로 갔어요.,Hyunwoo ließ die heikle Frage aus und sprach über das Essen.,Hyunwoo left out the sensitive question and went to food talk.,rights: original; pack: b1_partner_translating_1; canonical sentence derives cloze_b1_0112 and satz_b1_0108,approved,Jin explicit app-integration approval (2026-08-15).
satz_b1_0109,B1,제가 끼어들어 한 문장을 직접 말하니 박수를 쳤어요.,"Als ich mich einmischte und einen Satz selbst sagte, klatschten sie.","When I cut in and said one sentence myself, they clapped.",rights: original; pack: b1_partner_translating_1; canonical sentence derives cloze_b1_0113 and satz_b1_0109,approved,Jin explicit app-integration approval (2026-08-15).
satz_b1_0110,B1,천천히 말해 주세요를 두 번 하니 속도가 줄었어요.,Zweimal bitte sprechen Sie langsam senkte das Tempo.,Saying please speak slowly twice lowered the speed.,rights: original; pack: b1_partner_translating_1; canonical sentence derives cloze_b1_0114 and satz_b1_0110,approved,Jin explicit app-integration approval (2026-08-15).
satz_b1_0111,B1,숫자와 날짜는 다시 확인해서 전했어요.,"Zahlen und Daten prüfte ich noch einmal, bevor ich sie weitergab.",I double-checked numbers and dates before passing them on.,rights: original; pack: b1_partner_translating_1; canonical sentence derives cloze_b1_0115 and satz_b1_0111,approved,Jin explicit app-integration approval (2026-08-15).
satz_b1_0112,B1,오역을 바로잡으니 아버지가 오히려 고마워하셨어요.,Die Falschübersetzung zu korrigieren dankte der Vater sogar.,Correcting the mistranslation made father grateful instead.,rights: original; pack: b1_partner_translating_1; canonical sentence derives cloze_b1_0116 and satz_b1_0112,approved,Jin explicit app-integration approval (2026-08-15).
satz_b1_0113,B1,통역 중에도 눈치 보며 웃을 타이밍을 골랐어요.,Beim Dolmetschen las ich die Lage und wählte den Moment zum Lachen.,While interpreting I read the room and chose when to laugh.,rights: original; pack: b1_partner_translating_1; canonical sentence derives cloze_b1_0117 and satz_b1_0113,approved,Jin explicit app-integration approval (2026-08-15).
satz_b1_0114,B1,대충 하지 말라고 현우가 귓속말로 했어요.,"Nicht ungenau, flüsterte Hyunwoo.",Hyunwoo whispered not to do the interpreting roughly.,rights: original; pack: b1_partner_translating_1; canonical sentence derives cloze_b1_0118 and satz_b1_0114,approved,Jin explicit app-integration approval (2026-08-15).
satz_b1_0115,B1,쉬운 질문은 직접 대답하니 표정이 밝아졌어요.,Leichte Fragen selbst zu beantworten hellte die Gesichter auf.,Answering easy questions in person brightened their faces.,rights: original; pack: b1_partner_translating_1; canonical sentence derives cloze_b1_0119 and satz_b1_0115,approved,Jin explicit app-integration approval (2026-08-15).
satz_b1_0116,B1,잔을 받을 때 두 손으로 하니 삼촌이 고개를 끄덕이셨어요.,Das Glas mit beiden Händen entgegenzunehmen ließ den Onkel nicken.,Receiving the glass with both hands made uncle nod.,rights: original; pack: b1_partner_drink_table_1; canonical sentence derives cloze_b1_0120 and satz_b1_0116,approved,Jin explicit app-integration approval (2026-08-15).
satz_b1_0117,B1,잔을 따를 때 병목을 가리니 현우가 잘했다고 했어요.,Beim Einschenken den Flaschenhals zu verdecken lobte Hyunwoo.,Covering the bottle neck while pouring earned Hyunwoo's praise.,rights: original; pack: b1_partner_drink_table_1; canonical sentence derives cloze_b1_0121 and satz_b1_0117,approved,Jin explicit app-integration approval (2026-08-15).
satz_b1_0118,B1,건배 전에 어른 눈을 피하라고 해서 잔만 봤어요.,"Vor dem Anstossen sollte ich den Blick der Älteren meiden, also sah ich nur das Glas.","Before the toast I was told to avoid elders' eyes, so I looked at the glass.",rights: original; pack: b1_partner_drink_table_1; canonical sentence derives cloze_b1_0122 and satz_b1_0118,approved,Jin explicit app-integration approval (2026-08-15).
satz_b1_0119,B1,폭음은 안 한다고 하니 아버지가 물을 밀어 주셨어요.,"Als ich starkes Trinken ablehnte, schob der Vater Wasser her.","When I refused heavy drinking, father pushed water over.",rights: original; pack: b1_partner_drink_table_1; canonical sentence derives cloze_b1_0123 and satz_b1_0119,approved,Jin explicit app-integration approval (2026-08-15).
satz_b1_0120,B1,대리 운전을 부르니 안심하라는 말이 나왔어요.,"Einen Ersatzfahrer zu rufen brachte die Worte, wir sollen uns nicht sorgen.",Calling a designated-driver service brought a don't-worry.,rights: original; pack: b1_partner_drink_table_1; canonical sentence derives cloze_b1_0124 and satz_b1_0120,approved,Jin explicit app-integration approval (2026-08-15).
satz_b1_0121,B1,술잔 돌리기는 위생 때문에 웃으며 거절했어요.,Das Weiterreichen der Gläser lehnte ich lächelnd aus Hygienegründen ab.,I smiled and declined passing glasses around for hygiene.,rights: original; pack: b1_partner_drink_table_1; canonical sentence derives cloze_b1_0125 and satz_b1_0121,approved,Jin explicit app-integration approval (2026-08-15).
satz_b1_0122,B1,취하기 전에 자리에서 일어나 물을 마셨어요.,"Bevor ich betrunken wurde, stand ich auf und trank Wasser.",Before getting drunk I stood up and drank water.,rights: original; pack: b1_partner_drink_table_1; canonical sentence derives cloze_b1_0126 and satz_b1_0122,approved,Jin explicit app-integration approval (2026-08-15).
satz_b1_0123,B1,분위기 맞추려고 한 모금만 더 했어요.,"Um die Stimmung mitzugehen, nahm ich nur noch einen Schluck.",To match the mood I took only one more sip.,rights: original; pack: b1_partner_drink_table_1; canonical sentence derives cloze_b1_0127 and satz_b1_0123,approved,Jin explicit app-integration approval (2026-08-15).
satz_b1_0124,B1,먼저 따르고 제 잔은 나중에 채웠어요.,Zuerst schenkte ich anderen ein und füllte mein Glas später.,I poured for others first and filled my glass later.,rights: original; pack: b1_partner_drink_table_1; canonical sentence derives cloze_b1_0128 and satz_b1_0124,approved,Jin explicit app-integration approval (2026-08-15).
satz_b1_0125,B1,취중진담이 나오기 전에 현우가 화제를 바꿨어요.,"Bevor die Wahrheit im Rausch kam, wechselte Hyunwoo das Thema.","Before drunk honesty appeared, Hyunwoo changed the topic.",rights: original; pack: b1_partner_drink_table_1; canonical sentence derives cloze_b1_0129 and satz_b1_0125,approved,Jin explicit app-integration approval (2026-08-15).
satz_b1_0126,B1,독한 술은 물로 받아도 되냐고 물었어요.,"Ich fragte, ob ich den starken Schnaps mit Wasser annehmen darf.",I asked whether I could accept the strong drink with water.,rights: original; pack: b1_partner_drink_table_1; canonical sentence derives cloze_b1_0130 and satz_b1_0126,approved,Jin explicit app-integration approval (2026-08-15).
satz_b1_0127,B1,취하신 분 옆은 자리 피하는 게 안전했어요.,Neben einer betrunkenen Person den Platz zu meiden war sicherer.,Stepping away from a drunk relative's seat was safer.,rights: original; pack: b1_partner_drink_table_1; canonical sentence derives cloze_b1_0131 and satz_b1_0127,approved,Jin explicit app-integration approval (2026-08-15).
satz_b1_0128,B1,방 배정이 따로라서 안도하면서도 서운했어요.,Getrennte Zimmerzuteilung erleichterte und enttäuschte zugleich.,Separate room assignment brought relief and a little disappointment.,rights: original; pack: b1_partner_sleep_room_1; canonical sentence derives cloze_b1_0132 and satz_b1_0128,approved,Jin explicit app-integration approval (2026-08-15).
satz_b1_0129,B1,이성 친구와 한 방은 아직 이르다고 하셨어요.,"Ein Zimmer mit einem Freund des anderen Geschlechts sei noch zu früh, hieß es.",They said sharing a room with a partner of the other sex is still too early.,rights: original; pack: b1_partner_sleep_room_1; canonical sentence derives cloze_b1_0133 and satz_b1_0129,approved,Jin explicit app-integration approval (2026-08-15).
satz_b1_0130,B1,문 열어 두라는 말을 듣고 현우가 한숨을 쉬었어요.,Die Tür offen zu lassen ließ Hyunwoo seufzen.,Hearing leave the door open made Hyunwoo sigh.,rights: original; pack: b1_partner_sleep_room_1; canonical sentence derives cloze_b1_0134 and satz_b1_0130,approved,Jin explicit app-integration approval (2026-08-15).
satz_b1_0131,B1,잠자리 예절은 큰 소리와 늦은 샤워를 피하는 거였어요.,"Schlafmanieren hieß, Lärm und spätes Duschen zu vermeiden.",Sleeping manners meant avoiding noise and a late shower.,rights: original; pack: b1_partner_sleep_room_1; canonical sentence derives cloze_b1_0135 and satz_b1_0131,approved,Jin explicit app-integration approval (2026-08-15).
satz_b1_0132,B1,아침에 이불 개고 나오니 칭찬을 들었어요.,Die Decke am Morgen zu falten brachte Lob.,Folding the blanket in the morning earned praise.,rights: original; pack: b1_partner_sleep_room_1; canonical sentence derives cloze_b1_0136 and satz_b1_0132,approved,Jin explicit app-integration approval (2026-08-15).
satz_b1_0133,B1,코골이 사과는 현우가 대신 했어요.,Die Schnarchentschuldigung übernahm Hyunwoo.,Hyunwoo made the snoring apology for me.,rights: original; pack: b1_partner_sleep_room_1; canonical sentence derives cloze_b1_0137 and satz_b1_0133,approved,Jin explicit app-integration approval (2026-08-15).
satz_b1_0134,B1,새벽 화장실 길을 미리 물어 발을 부딪치지 않았어요.,Den Nachtweg zur Toilette vorher zu fragen bewahrte mich vor Stossen.,Asking the night bathroom path in advance kept me from hitting furniture.,rights: original; pack: b1_partner_sleep_room_1; canonical sentence derives cloze_b1_0138 and satz_b1_0134,approved,Jin explicit app-integration approval (2026-08-15).
satz_b1_0135,B1,불 끄기는 어른이 먼저 하라고 눈짓하셨어요.,"Das Licht zu löschen sollte zuerst die ältere Person, zeigte ein Blick.",A look said the elder should turn off the lights first.,rights: original; pack: b1_partner_sleep_room_1; canonical sentence derives cloze_b1_0139 and satz_b1_0135,approved,Jin explicit app-integration approval (2026-08-15).
satz_b1_0136,B1,아침 이부자리를 치우니 공간이 바로 거실이 됐어요.,Das Morgenbett wegzuräumen machte den Raum wieder zum Wohnzimmer.,Clearing the morning bedding turned the space back into a living room.,rights: original; pack: b1_partner_sleep_room_1; canonical sentence derives cloze_b1_0140 and satz_b1_0136,approved,Jin explicit app-integration approval (2026-08-15).
satz_b1_0137,B1,잠옷 대신 긴 옷을 입으니 마음이 놓였어요.,Statt Schlafanzug lange Kleidung zu tragen beruhigte mich.,Wearing long clothes instead of pajamas eased me.,rights: original; pack: b1_partner_sleep_room_1; canonical sentence derives cloze_b1_0141 and satz_b1_0137,approved,Jin explicit app-integration approval (2026-08-15).
satz_b1_0138,B1,방문 두드리고 들어가니 현우 동생이 고마워했어요.,An die Zimmertür zu klopfen dankte Hyunwoos jüngerem Geschwister.,Knocking on the room door made Hyunwoo's younger sibling grateful.,rights: original; pack: b1_partner_sleep_room_1; canonical sentence derives cloze_b1_0142 and satz_b1_0138,approved,Jin explicit app-integration approval (2026-08-15).
satz_b1_0139,B1,같이 자면 얘기가 난다는 말에 방을 나눴어요.,"Wenn wir zusammen schlafen, gebe es Gespräch, also trennten wir die Zimmer.","They said if we sleep in the same room there will be talk, so we split rooms.",rights: original; pack: b1_partner_sleep_room_1; canonical sentence derives cloze_b1_0143 and satz_b1_0139,approved,Jin explicit app-integration approval (2026-08-15).
satz_b1_0140,B1,차 안에서 방문 후기를 솔직하게 나눴어요.,Im Auto teilten wir die Besuchsnachlese ehrlich.,In the car we shared an honest after-visit recap.,rights: original; pack: b1_partner_after_visit_1; canonical sentence derives cloze_b1_0144 and satz_b1_0140,approved,Jin explicit app-integration approval (2026-08-15).
satz_b1_0141,B1,실수 목록을 적으니 생각보다 짧아서 안도했어요.,"Die Fehlerliste war kürzer als gedacht, da atmete ich auf.","The list of slips was shorter than I thought, so I exhaled.",rights: original; pack: b1_partner_after_visit_1; canonical sentence derives cloze_b1_0145 and satz_b1_0141,approved,Jin explicit app-integration approval (2026-08-15).
satz_b1_0142,B1,감사 메시지는 현우 엄마께 먼저 보냈어요.,Die Dankesnachricht ging zuerst an Hyunwoos Mutter.,I sent the thank-you message to Hyunwoo's mom first.,rights: original; pack: b1_partner_after_visit_1; canonical sentence derives cloze_b1_0146 and satz_b1_0142,approved,Jin explicit app-integration approval (2026-08-15).
satz_b1_0143,B1,호칭 오해 풀기는 다음 날 전화로 했어요.,Das Missverständnis um die Anrede klärten wir am nächsten Tag am Telefon.,We cleared the address-term misunderstanding by phone the next day.,rights: original; pack: b1_partner_after_visit_1; canonical sentence derives cloze_b1_0147 and satz_b1_0143,approved,Jin explicit app-integration approval (2026-08-15).
satz_b1_0144,B1,다음 방문은 더 짧게 하자고 현우가 먼저 말했어요.,Den nächsten Besuch kürzer zu machen schlug Hyunwoo zuerst vor.,Hyunwoo suggested first that the next visit be shorter.,rights: original; pack: b1_partner_after_visit_1; canonical sentence derives cloze_b1_0148 and satz_b1_0144,approved,Jin explicit app-integration approval (2026-08-15).
satz_b1_0145,B1,감정 정리를 하니 긴장보다 따뜻함이 남았어요.,Die Gefühle zu ordnen ließ Wärme statt Anspannung zurück.,Sorting feelings left warmth more than tension.,rights: original; pack: b1_partner_after_visit_1; canonical sentence derives cloze_b1_0149 and satz_b1_0145,approved,Jin explicit app-integration approval (2026-08-15).
satz_b1_0146,B1,가족 단톡에 사진 한 장만 올렸어요.,In den Familienchat lud ich nur ein Foto.,I posted only one photo in the family group chat.,rights: original; pack: b1_partner_after_visit_1; canonical sentence derives cloze_b1_0150 and satz_b1_0146,approved,Jin explicit app-integration approval (2026-08-15).
satz_b1_0147,B1,잔소리 해석을 현우가 해 주니 상처가 줄었어요.,Hyunwoos Deutung der Nörgelei verringerte die Verletzung.,Hyunwoo's reading of the nagging reduced the sting.,rights: original; pack: b1_partner_after_visit_1; canonical sentence derives cloze_b1_0151 and satz_b1_0147,approved,Jin explicit app-integration approval (2026-08-15).
satz_b1_0148,B1,칭찬 기억을 적어 두니 다음이 덜 무서웠어요.,Erinnerte Lobe aufzuschreiben machte den nächsten Besuch weniger unheimlich.,Writing down remembered praise made the next time less scary.,rights: original; pack: b1_partner_after_visit_1; canonical sentence derives cloze_b1_0152 and satz_b1_0148,approved,Jin explicit app-integration approval (2026-08-15).
satz_b1_0149,B1,잠자리 경계 다시 정하니 둘이 편해졌어요.,Die Schlafgrenze neu zu setzen entlastete uns beide.,Resetting the sleep boundary made both of us easier.,rights: original; pack: b1_partner_after_visit_1; canonical sentence derives cloze_b1_0153 and satz_b1_0149,approved,Jin explicit app-integration approval (2026-08-15).
satz_b1_0150,B1,선물 감사를 빠뜨릴 뻔해서 급히 보냈어요.,Den Geschenkdank hätte ich fast vergessen und schickte ihn eilig.,I almost forgot thanks for the gift and sent it in a hurry.,rights: original; pack: b1_partner_after_visit_1; canonical sentence derives cloze_b1_0154 and satz_b1_0150,approved,Jin explicit app-integration approval (2026-08-15).
satz_b1_0151,B1,다음엔 내가 통역 없이 인사하겠다고 했어요.,"Nächstes Mal ich begrüße ohne Dolmetschen, sagte ich.",I said next time I will greet without interpreting.,rights: original; pack: b1_partner_after_visit_1; canonical sentence derives cloze_b1_0155 and satz_b1_0151,approved,Jin explicit app-integration approval (2026-08-15).
satz_b1_0152,B1,단톡 입장 인사에 이모티콘을 너무 많이 넣었어요.,In die Beitrittsgrüßung setzte ich zu viele Sticker.,I put too many stickers in the joining-the-chat greeting.,rights: original; pack: b1_partner_group_chat_1; canonical sentence derives cloze_b1_0156 and satz_b1_0152,approved,Jin explicit app-integration approval (2026-08-15).
satz_b1_0153,B1,읽씹이 길어질까 봐 짧게라도 답했어요.,Aus Angst vor langem Gelesen-ohne-Antwort antwortete ich wenigstens kurz.,"Afraid of a long read-without-reply, I answered at least briefly.",rights: original; pack: b1_partner_group_chat_1; canonical sentence derives cloze_b1_0157 and satz_b1_0153,approved,Jin explicit app-integration approval (2026-08-15).
satz_b1_0154,B1,공지 확인을 안 해서 모임 시간을 헷갈렸어요.,Den Hinweis nicht zu lesen ließ mich die Treffenzeit verwechseln.,Not checking the notice made me mix up the meeting time.,rights: original; pack: b1_partner_group_chat_1; canonical sentence derives cloze_b1_0158 and satz_b1_0154,approved,Jin explicit app-integration approval (2026-08-15).
satz_b1_0155,B1,사진 올리기 전에 얼굴이 잘린 컷은 뺐어요.,Vor dem Hochladen ließ ich angeschnittene Gesichter weg.,Before posting photos I dropped the shots with cropped faces.,rights: original; pack: b1_partner_group_chat_1; canonical sentence derives cloze_b1_0159 and satz_b1_0155,approved,Jin explicit app-integration approval (2026-08-15).
satz_b1_0156,B1,읽음 표시가 켜져 있어서 바로 답해야 했어요.,"Der Gelesen-Haken war an, also musste ich sofort antworten.","The read receipt was on, so I had to reply at once.",rights: original; pack: b1_partner_group_chat_1; canonical sentence derives cloze_b1_0160 and satz_b1_0156,approved,Jin explicit app-integration approval (2026-08-15).
satz_b1_0157,B1,단체 호출은 급한 공지만 쓰라고 현우가 말렸어요.,"Hyunwoo hielt mich zurück, die Gruppenerwähnung nur für Eiliges zu nutzen.",Hyunwoo stopped me from using a group mention except for urgent notices.,rights: original; pack: b1_partner_group_chat_1; canonical sentence derives cloze_b1_0161 and satz_b1_0157,approved,Jin explicit app-integration approval (2026-08-15).
satz_b1_0158,B1,이모티콘 과다는 삼촌이 못 읽는다고 해서 줄였어요.,"Zu viele Sticker konnte der Onkel nicht lesen, also reduzierte ich sie.","Uncle could not read too many stickers, so I cut them.",rights: original; pack: b1_partner_group_chat_1; canonical sentence derives cloze_b1_0162 and satz_b1_0158,approved,Jin explicit app-integration approval (2026-08-15).
satz_b1_0159,B1,존댓말 채팅을 유지하니 이모가 좋아하셨어요.,Höflichen Chat beizubehalten gefiel der Tante.,Keeping honorific chat pleased aunt.,rights: original; pack: b1_partner_group_chat_1; canonical sentence derives cloze_b1_0163 and satz_b1_0159,approved,Jin explicit app-integration approval (2026-08-15).
satz_b1_0160,B1,새벽 메시지는 보내지 않기로 스스로 정했어요.,Mitternachtstexte nicht zu senden beschloss ich selbst.,I decided myself not to send late-night messages.,rights: original; pack: b1_partner_group_chat_1; canonical sentence derives cloze_b1_0164 and satz_b1_0160,approved,Jin explicit app-integration approval (2026-08-15).
satz_b1_0161,B1,할 말이 없어도 공백만 보내진 않았어요.,Auch ohne Worte sandte ich nicht nur ein Leerzeichen.,Even with nothing to say I did not send only a space.,rights: original; pack: b1_partner_group_chat_1; canonical sentence derives cloze_b1_0165 and satz_b1_0161,approved,Jin explicit app-integration approval (2026-08-15).
satz_b1_0162,B1,나가기 금지는 서운해 보일 수 있다고 했어요.,"Nicht verlassen, hieß es, weil Gehen gekränkt wirken könne.","They said do not leave, because leaving can look hurt.",rights: original; pack: b1_partner_group_chat_1; canonical sentence derives cloze_b1_0166 and satz_b1_0162,approved,Jin explicit app-integration approval (2026-08-15).
satz_b1_0163,B1,읽은 척하지 말고 나중에 확인한다고 썼어요.,"Nicht so tun als gelesen, schrieb ich, ich prüfe später.",I wrote I would check later instead of pretending to have read.,rights: original; pack: b1_partner_group_chat_1; canonical sentence derives cloze_b1_0167 and satz_b1_0163,approved,Jin explicit app-integration approval (2026-08-15).
satz_b1_0164,B1,양쪽 집을 하루씩 나누는 표가 필요했어요.,Für beide Elternhäuser brauchten wir einen Tagesplan.,We needed a chart to split both family homes by day.,rights: original; pack: b1_partner_holiday_plan_1; canonical sentence derives cloze_b1_0168 and satz_b1_0164,approved,Jin explicit app-integration approval (2026-08-15).
satz_b1_0165,B1,명절 당번이 현우 쪽이라 제 가족에게 미리 사과했어요.,"Der Feiertagsdienst lag bei Hyunwoo, also entschuldigte ich mich bei meiner Familie.","Holiday duty was on Hyunwoo's side, so I apologized to my family in advance.",rights: original; pack: b1_partner_holiday_plan_1; canonical sentence derives cloze_b1_0169 and satz_b1_0165,approved,Jin explicit app-integration approval (2026-08-15).
satz_b1_0166,B1,연휴 근무가 끼어서 기차표를 다시 샀어요.,"Feiertagsarbeit zwang uns, die Zugtickets neu zu kaufen.",Holiday-week work made us buy the train tickets again.,rights: original; pack: b1_partner_holiday_plan_1; canonical sentence derives cloze_b1_0170 and satz_b1_0166,approved,Jin explicit app-integration approval (2026-08-15).
satz_b1_0167,B1,방문 순서는 나이 많은 집부터라고 적혀 있었어요.,Die Besuchsreihenfolge begann beim ältesten Haus.,The visit order started with the oldest household.,rights: original; pack: b1_partner_holiday_plan_1; canonical sentence derives cloze_b1_0171 and satz_b1_0167,approved,Jin explicit app-integration approval (2026-08-15).
satz_b1_0168,B1,일정 충돌이 나자 현우가 어머니께 먼저 전화했어요.,Beim Terminkonflikt rief Hyunwoo zuerst die Mutter an.,"When a schedule clash appeared, Hyunwoo called his mother first.",rights: original; pack: b1_partner_holiday_plan_1; canonical sentence derives cloze_b1_0172 and satz_b1_0168,approved,Jin explicit app-integration approval (2026-08-15).
satz_b1_0169,B1,하루만 가도 되냐고 묻자 아쉽다는 답이 왔어요.,"Ob nur ein Tag reicht, fragte ich, und hörte Bedauern.",I asked if going for only one day was all right and heard regret.,rights: original; pack: b1_partner_holiday_plan_1; canonical sentence derives cloze_b1_0173 and satz_b1_0169,approved,Jin explicit app-integration approval (2026-08-15).
satz_b1_0170,B1,못 가는 집에는 영상 인사로 세배를 대신했어요.,"Beim Haus, das wir nicht schafften, ersetzte ein Videogruss die Verbeugung.","For the house we could not visit, a video greeting stood in for the bow.",rights: original; pack: b1_partner_holiday_plan_1; canonical sentence derives cloze_b1_0174 and satz_b1_0170,approved,Jin explicit app-integration approval (2026-08-15).
satz_b1_0171,B1,선물 분배를 표로 짜니 빈손이 사라졌어요.,Die Geschenkverteilung als Tabelle ließ keine leeren Hände.,Planning the gift split as a table removed empty hands.,rights: original; pack: b1_partner_holiday_plan_1; canonical sentence derives cloze_b1_0175 and satz_b1_0171,approved,Jin explicit app-integration approval (2026-08-15).
satz_b1_0172,B1,명절 예산을 넘기지 않으려고 과일만 골랐어요.,"Um das Feiertagsbudget nicht zu sprengen, wählte ich nur Obst.",To stay in the holiday budget I chose only fruit.,rights: original; pack: b1_partner_holiday_plan_1; canonical sentence derives cloze_b1_0176 and satz_b1_0172,approved,Jin explicit app-integration approval (2026-08-15).
satz_b1_0173,B1,교통 대란을 피해 새벽 차를 탔어요.,Dem Verkehrschaos wichen wir mit einer Fahrt in der Frühe aus.,We avoided travel chaos by taking a dawn car.,rights: original; pack: b1_partner_holiday_plan_1; canonical sentence derives cloze_b1_0177 and satz_b1_0173,approved,Jin explicit app-integration approval (2026-08-15).
satz_b1_0174,B1,일정표 공유를 하니 양쪽 잔소리가 줄었어요.,Den Plan zu teilen verringerte das Nörgeln auf beiden Seiten.,Sharing the schedule reduced nagging on both sides.,rights: original; pack: b1_partner_holiday_plan_1; canonical sentence derives cloze_b1_0178 and satz_b1_0174,approved,Jin explicit app-integration approval (2026-08-15).
satz_b1_0175,B1,올해는 못 가요를 미리 말하니 실망이 덜했어요.,Dieses Jahr schaffen wir es nicht früh zu sagen milderte die Enttäuschung.,Saying we cannot go this year early softened the disappointment.,rights: original; pack: b1_partner_holiday_plan_1; canonical sentence derives cloze_b1_0179 and satz_b1_0175,approved,Jin explicit app-integration approval (2026-08-15).
satz_b2_0156,B2,시댁 첫 명절에는 말수를 줄이는 게 안전했어요.,Am ersten Fest im Haus des Ehemanns war weniger Reden sicherer.,"At the first holiday in the husband's family, speaking less was safer.",rights: original; pack: b2_partner_inlaws_1; canonical sentence derives cloze_b2_0170 and satz_b2_0156,approved,Jin explicit app-integration approval (2026-08-15).
satz_b2_0157,B2,처가에서는 제가 손님인데도 설거지를 하겠다고 했어요.,"Im Haus der Ehefrau bot ich den Abwasch an, obwohl ich Gast war.",At the wife's family I offered to wash dishes even as a guest.,rights: original; pack: b2_partner_inlaws_1; canonical sentence derives cloze_b2_0171 and satz_b2_0157,approved,Jin explicit app-integration approval (2026-08-15).
satz_b2_0158,B2,며느리 역할을 기대하는 눈빛을 현우가 먼저 읽었어요.,"Den Blick, der eine Schwiegertochterrolle erwartete, las Hyunwoo zuerst.",Hyunwoo first read the look that expected a daughter-in-law role.,rights: original; pack: b2_partner_inlaws_1; canonical sentence derives cloze_b2_0172 and satz_b2_0158,approved,Jin explicit app-integration approval (2026-08-15).
satz_b2_0159,B2,사위 대접이 과해서 자리가 오히려 불편했어요.,"Die Schwiegersohnbehandlung war so fürsorglich, dass der Platz unbequem wurde.",The son-in-law treatment was so extra that the seat felt awkward.,rights: original; pack: b2_partner_inlaws_1; canonical sentence derives cloze_b2_0173 and satz_b2_0159,approved,Jin explicit app-integration approval (2026-08-15).
satz_b2_0160,B2,양가 눈치를 보느라 선물을 두 세트로 샀어요.,"Um beide Familien zu lesen, kaufte ich Geschenke in zwei Sätzen.","Reading both families, I bought gifts in two sets.",rights: original; pack: b2_partner_inlaws_1; canonical sentence derives cloze_b2_0174 and satz_b2_0160,approved,Jin explicit app-integration approval (2026-08-15).
satz_b2_0161,B2,시월드는 농담 같지만 규칙이 진짜였어요.,"Schwiegerwelt klingt wie ein Witz, die Regeln waren echt.","In-law world sounds like a joke, but the rules were real.",rights: original; pack: b2_partner_inlaws_1; canonical sentence derives cloze_b2_0175 and satz_b2_0161,approved,Jin explicit app-integration approval (2026-08-15).
satz_b2_0162,B2,처가살이는 며칠만이라고 선을 그었어요.,Das Leben bei der Frau Familie begrenzte ich auf wenige Tage.,I drew a line that staying with the wife's family was only a few days.,rights: original; pack: b2_partner_inlaws_1; canonical sentence derives cloze_b2_0176 and satz_b2_0162,approved,Jin explicit app-integration approval (2026-08-15).
satz_b2_0163,B2,명절 순환을 문서로 적으니 싸움이 줄었어요.,Die Festtagsrotation aufzuschreiben verringerte Streit.,Writing the holiday rotation down reduced fights.,rights: original; pack: b2_partner_inlaws_1; canonical sentence derives cloze_b2_0177 and satz_b2_0163,approved,Jin explicit app-integration approval (2026-08-15).
satz_b2_0164,B2,시어머니 말씀을 평가하지 않고 현우에게만 확인했어요.,"Die Worte der Schwiegermutter bewertete ich nicht, ich prüfte nur bei Hyunwoo.",I did not judge the mother-in-law's remarks; I only checked with Hyunwoo.,rights: original; pack: b2_partner_inlaws_1; canonical sentence derives cloze_b2_0178 and satz_b2_0164,approved,Jin explicit app-integration approval (2026-08-15).
satz_b2_0165,B2,장인어른 건강을 묻는 게 날씨보다 안전한 시작이었어요.,Nach der Gesundheit des Schwiegervaters zu fragen war ein sichererer Einstieg als Wetter.,Asking about the father-in-law's health was a safer start than weather.,rights: original; pack: b2_partner_inlaws_1; canonical sentence derives cloze_b2_0179 and satz_b2_0165,approved,Jin explicit app-integration approval (2026-08-15).
satz_b2_0166,B2,양가 공평은 시간보다 성의로 보여 주려 했어요.,Fairness zwischen den Häusern wollte ich eher durch Sorgfalt als durch Stunden zeigen.,I tried to show fairness between houses through care more than hours.,rights: original; pack: b2_partner_inlaws_1; canonical sentence derives cloze_b2_0180 and satz_b2_0166,approved,Jin explicit app-integration approval (2026-08-15).
satz_b2_0167,B2,한쪽에만 가면 다음 명절이 더 무거워져요.,Nur zu einer Seite zu gehen macht das nächste Fest schwerer.,Going to only one side makes the next holiday heavier.,rights: original; pack: b2_partner_inlaws_1; canonical sentence derives cloze_b2_0181 and satz_b2_0167,approved,Jin explicit app-integration approval (2026-08-15).
satz_b2_0168,B2,상견례 장소를 식당으로 정하니 집이 덜 부담됐어요.,Das formelle Kennenlernen ins Restaurant zu legen entlastete das Haus.,Setting the parents' formal meeting at a restaurant eased the house.,rights: original; pack: b2_partner_marriage_talk_1; canonical sentence derives cloze_b2_0182 and satz_b2_0168,approved,Jin explicit app-integration approval (2026-08-15).
satz_b2_0169,B2,예식 날짜를 음력과 양력으로 둘 다 적었어요.,Das Hochzeitsdatum schrieb ich im Mond- und Sonnenkalender.,I wrote the wedding date in both lunar and solar calendars.,rights: original; pack: b2_partner_marriage_talk_1; canonical sentence derives cloze_b2_0183 and satz_b2_0169,approved,Jin explicit app-integration approval (2026-08-15).
satz_b2_0170,B2,지참금 농담이 나와서 현우가 바로 화제를 접었어요.,"Ein Mitgiftwitz kam, und Hyunwoo beendete das Thema sofort.","A dowry joke appeared, and Hyunwoo closed the topic at once.",rights: original; pack: b2_partner_marriage_talk_1; canonical sentence derives cloze_b2_0184 and satz_b2_0170,approved,Jin explicit app-integration approval (2026-08-15).
satz_b2_0171,B2,혼수 이야기를 앞에서 하지 말라고 미리 약속했어요.,Über die Aussteuer nicht vor den Eltern zu sprechen hatten wir vorher vereinbart.,We had agreed not to talk about wedding goods in front of them.,rights: original; pack: b2_partner_marriage_talk_1; canonical sentence derives cloze_b2_0185 and satz_b2_0171,approved,Jin explicit app-integration approval (2026-08-15).
satz_b2_0172,B2,양가 회의 안건을 세 줄로 줄여 갔어요.,Die Sitzung beider Familien kürzte ich auf drei Punkte.,I cut the both-families meeting agenda to three lines.,rights: original; pack: b2_partner_marriage_talk_1; canonical sentence derives cloze_b2_0186 and satz_b2_0172,approved,Jin explicit app-integration approval (2026-08-15).
satz_b2_0173,B2,결혼식 규모는 작게 하자고 먼저 말했어요.,Einen kleinen Hochzeitsumfang schlug ich zuerst vor.,I said first that the wedding scale should stay small.,rights: original; pack: b2_partner_marriage_talk_1; canonical sentence derives cloze_b2_0187 and satz_b2_0173,approved,Jin explicit app-integration approval (2026-08-15).
satz_b2_0174,B2,하객 명단이 길어지자 우선순위를 다시 매겼어요.,"Als die Gästeliste wuchs, setzten wir die Reihenfolge neu.","When the guest list grew, we ranked priorities again.",rights: original; pack: b2_partner_marriage_talk_1; canonical sentence derives cloze_b2_0188 and satz_b2_0174,approved,Jin explicit app-integration approval (2026-08-15).
satz_b2_0175,B2,예단은 형식이 아니라 성의라고 설명했어요.,"Das Brautgeschenk sei Sorgfalt, nicht Form, erklärte ich.","I explained that the bridal gift is care, not form.",rights: original; pack: b2_partner_marriage_talk_1; canonical sentence derives cloze_b2_0189 and satz_b2_0175,approved,Jin explicit app-integration approval (2026-08-15).
satz_b2_0176,B2,결혼 압박을 농담으로 넘기지 않고 일정을 말했어요.,"Heiratsdruck nicht wegzulachen, sondern einen Zeitrahmen zu nennen, half.",Not laughing off marriage pressure and naming a timeline helped.,rights: original; pack: b2_partner_marriage_talk_1; canonical sentence derives cloze_b2_0190 and satz_b2_0176,approved,Jin explicit app-integration approval (2026-08-15).
satz_b2_0177,B2,서로의 속도를 존중한다고 하니 질문이 줄었어요.,Das Tempo des anderen zu achten verringerte die Fragen.,Saying we respect each other's pace reduced the questions.,rights: original; pack: b2_partner_marriage_talk_1; canonical sentence derives cloze_b2_0191 and satz_b2_0177,approved,Jin explicit app-integration approval (2026-08-15).
satz_b2_0178,B2,아직 아니에요를 부드럽게 반복하니 더 이상 묻지 않으셨어요.,Noch nicht sanft zu wiederholen stoppte weitere Fragen.,Repeating not yet gently stopped further questions.,rights: original; pack: b2_partner_marriage_talk_1; canonical sentence derives cloze_b2_0192 and satz_b2_0178,approved,Jin explicit app-integration approval (2026-08-15).
satz_b2_0179,B2,우리가 정할게요라고 하니 아버지가 한 박자 쉬셨어요.,Wir entscheiden das ließ den Vater einen Schlag innehalten.,Saying we will decide that made father pause a beat.,rights: original; pack: b2_partner_marriage_talk_1; canonical sentence derives cloze_b2_0193 and satz_b2_0179,approved,Jin explicit app-integration approval (2026-08-15).
satz_b2_0180,B2,호칭 체계를 표로 그리니 실수가 줄었어요.,Das Anredesystem als Tabelle zu zeichnen verringerte Fehler.,Drawing the address-term system as a table reduced slips.,rights: original; pack: b2_partner_honorific_trap_1; canonical sentence derives cloze_b2_0194 and satz_b2_0180,approved,Jin explicit app-integration approval (2026-08-15).
satz_b2_0181,B2,어른 앞에서 현우를 이름으로 부르지 않기로 했어요.,Vor den Älteren Hyunwoo nicht beim Namen zu nennen vereinbarten wir.,We agreed not to call Hyunwoo by name in front of elders.,rights: original; pack: b2_partner_honorific_trap_1; canonical sentence derives cloze_b2_0195 and satz_b2_0181,approved,Jin explicit app-integration approval (2026-08-15).
satz_b2_0182,B2,동생을 낮춰 부르다가 현우가 기침으로 막아 줬어요.,"Als ich das jüngere Geschwister zu vertraulich anredete, hustete Hyunwoo.","When I addressed the younger sibling too casually, Hyunwoo coughed to stop me.",rights: original; pack: b2_partner_honorific_trap_1; canonical sentence derives cloze_b2_0196 and satz_b2_0182,approved,Jin explicit app-integration approval (2026-08-15).
satz_b2_0183,B2,같은 나이인데 높여 부르니 오히려 거리가 생겼어요.,Gleichaltrig zu höflich anreden schuf Distanz.,Addressing a same-age sibling too highly created distance.,rights: original; pack: b2_partner_honorific_trap_1; canonical sentence derives cloze_b2_0197 and satz_b2_0183,approved,Jin explicit app-integration approval (2026-08-15).
satz_b2_0184,B2,"호칭 정정은 작게, 그리고 바로 했어요.",Die Anredekorektur machte ich leise und sofort.,I made the address-term correction quietly and at once.,rights: original; pack: b2_partner_honorific_trap_1; canonical sentence derives cloze_b2_0198 and satz_b2_0184,approved,Jin explicit app-integration approval (2026-08-15).
satz_b2_0185,B2,관계 말을 빼면 문장이 갑자기 차갑게 들렸어요.,Ohne Beziehungswort klang der Satz plötzlich kalt.,Without the relationship word the sentence suddenly sounded cold.,rights: original; pack: b2_partner_honorific_trap_1; canonical sentence derives cloze_b2_0199 and satz_b2_0185,approved,Jin explicit app-integration approval (2026-08-15).
satz_b2_0186,B2,사적 호칭은 집 밖에서만 쓰기로 했어요.,Die private Anrede behielten wir für draußen.,We kept the private nickname for outside the house.,rights: original; pack: b2_partner_honorific_trap_1; canonical sentence derives cloze_b2_0200 and satz_b2_0186,approved,Jin explicit app-integration approval (2026-08-15).
satz_b2_0187,B2,호칭 질문을 먼저 하니 긴장이 풀렸어요.,Die Anredefrage zuerst zu stellen löste die Anspannung.,Asking the address-term question first eased the tension.,rights: original; pack: b2_partner_honorific_trap_1; canonical sentence derives cloze_b2_0201 and satz_b2_0187,approved,Jin explicit app-integration approval (2026-08-15).
satz_b2_0188,B2,잘못된 형이라고 부르는 순간 현우 얼굴이 멈췄어요.,Im Moment des falschen hyeong blieb Hyunwoos Gesicht stehen.,"The moment I used the wrong hyeong, Hyunwoo's face froze.",rights: original; pack: b2_partner_honorific_trap_1; canonical sentence derives cloze_b2_0202 and satz_b2_0188,approved,Jin explicit app-integration approval (2026-08-15).
satz_b2_0189,B2,호칭 메모를 주머니에 넣고 화장실에서 봤어요.,"Die Anredenotiz lag in der Tasche, ich las sie auf der Toilette.",I kept an address-term note in my pocket and checked it in the bathroom.,rights: original; pack: b2_partner_honorific_trap_1; canonical sentence derives cloze_b2_0203 and satz_b2_0189,approved,Jin explicit app-integration approval (2026-08-15).
satz_b2_0190,B2,헷갈리면 다시 여쭤보는 게 침묵보다 나았어요.,Bei Zweifel noch einmal höflich zu fragen war besser als Schweigen.,"When unsure, asking again politely was better than silence.",rights: original; pack: b2_partner_honorific_trap_1; canonical sentence derives cloze_b2_0204 and satz_b2_0190,approved,Jin explicit app-integration approval (2026-08-15).
satz_b2_0191,B2,호칭을 미루고 성함만 쓰니 갈등이 없었어요.,Die Anrede aufzuschieben und nur den Namen zu nutzen vermied Konflikt.,Postponing the address and using the name avoided conflict.,rights: original; pack: b2_partner_honorific_trap_1; canonical sentence derives cloze_b2_0205 and satz_b2_0191,approved,Jin explicit app-integration approval (2026-08-15).
satz_b2_0192,B2,제사상 앞에서는 발을 모으고 서 있었어요.,Vor dem Ahnentisch stand ich mit geschlossenen Füßen.,In front of the offering table I stood with my feet together.,rights: original; pack: b2_partner_ancestral_rite_1; canonical sentence derives cloze_b2_0206 and satz_b2_0192,approved,Jin explicit app-integration approval (2026-08-15).
satz_b2_0193,B2,지방 쓰기는 제가 하지 않고 옆에서 종이만 잡았어요.,"Den Ahnenzettel schrieb ich nicht, ich hielt nur das Papier.",I did not write the name paper; I only held the sheet.,rights: original; pack: b2_partner_ancestral_rite_1; canonical sentence derives cloze_b2_0207 and satz_b2_0193,approved,Jin explicit app-integration approval (2026-08-15).
satz_b2_0194,B2,술잔 올리기 순서를 놓쳐서 한 박자 늦게 했어요.,Die Reihenfolge beim Darbringen verpasste ich um einen Schlag.,I missed the wine-cup offering order and was one beat late.,rights: original; pack: b2_partner_ancestral_rite_1; canonical sentence derives cloze_b2_0208 and satz_b2_0194,approved,Jin explicit app-integration approval (2026-08-15).
satz_b2_0195,B2,재배 각도를 현우가 거실에서 다시 보여 줬어요.,Den Winkel der doppelten Verbeugung zeigte Hyunwoo noch einmal im Wohnzimmer.,Hyunwoo showed me the double bow again in the living room.,rights: original; pack: b2_partner_ancestral_rite_1; canonical sentence derives cloze_b2_0209 and satz_b2_0195,approved,Jin explicit app-integration approval (2026-08-15).
satz_b2_0196,B2,축문은 듣지 못해도 고개를 숙이면 됐어요.,"Den Ritualtext verstand ich nicht, Senken des Kopfes reichte.",I could not follow the prayer text; lowering my head was enough.,rights: original; pack: b2_partner_ancestral_rite_1; canonical sentence derives cloze_b2_0210 and satz_b2_0196,approved,Jin explicit app-integration approval (2026-08-15).
satz_b2_0197,B2,음복 전에는 음식을 집지 말라고 했어요.,Vor dem Mitessen nach dem Ritual sollte ich nichts nehmen.,They told me not to take food before the after-rite meal.,rights: original; pack: b2_partner_ancestral_rite_1; canonical sentence derives cloze_b2_0211 and satz_b2_0197,approved,Jin explicit app-integration approval (2026-08-15).
satz_b2_0198,B2,사진 예절은 상 옆이 아니라 끝난 뒤에만이었어요.,"Fotomanieren hieß: nicht neben dem Tisch, erst danach.","Photo manners meant not beside the table, only after.",rights: original; pack: b2_partner_ancestral_rite_1; canonical sentence derives cloze_b2_0212 and satz_b2_0198,approved,Jin explicit app-integration approval (2026-08-15).
satz_b2_0199,B2,제사 역할이 없으면 조용히 서는 게 도움이었어요.,Ohne Ritualaufgabe half ruhiges Stehen.,"With no rite role, standing quietly helped.",rights: original; pack: b2_partner_ancestral_rite_1; canonical sentence derives cloze_b2_0213 and satz_b2_0199,approved,Jin explicit app-integration approval (2026-08-15).
satz_b2_0200,B2,차례 순서를 종이에 적어 주머니에 넣었어요.,Den Ablauf schrieb ich auf Papier und steckte ihn ein.,I wrote the rite order on paper and put it in my pocket.,rights: original; pack: b2_partner_ancestral_rite_1; canonical sentence derives cloze_b2_0214 and satz_b2_0200,approved,Jin explicit app-integration approval (2026-08-15).
satz_b2_0201,B2,조상님께 인사한다는 설명을 듣고 마음이 차분해졌어요.,"Die Erklärung, den Vorfahren zu grüßen, beruhigte mich.",Hearing that we greet the ancestors calmed me.,rights: original; pack: b2_partner_ancestral_rite_1; canonical sentence derives cloze_b2_0215 and satz_b2_0201,approved,Jin explicit app-integration approval (2026-08-15).
satz_b2_0202,B2,제사 음식 배치를 건드리지 말라고 눈짓하셨어요.,Die Anordnung der Ritualspeisen nicht zu berühren zeigte ein Blick.,A look said not to touch the arrangement of rite food.,rights: original; pack: b2_partner_ancestral_rite_1; canonical sentence derives cloze_b2_0216 and satz_b2_0202,approved,Jin explicit app-integration approval (2026-08-15).
satz_b2_0203,B2,뜻을 몰라도 예를 갖추면 자리를 지킬 수 있었어요.,Auch ohne den Sinn zu kennen wahrte die Form meinen Platz.,"Even without knowing the meaning, keeping form held my place.",rights: original; pack: b2_partner_ancestral_rite_1; canonical sentence derives cloze_b2_0217 and satz_b2_0203,approved,Jin explicit app-integration approval (2026-08-15).
satz_b2_0204,B2,명절에 용돈 드리는 봉투를 현우가 미리 준비했어요.,Den Umschlag für Taschengeld an die Älteren bereitete Hyunwoo vorher vor.,Hyunwoo prepared the pocket-money envelope for the elders in advance.,rights: original; pack: b2_partner_family_money_1; canonical sentence derives cloze_b2_0218 and satz_b2_0204,approved,Jin explicit app-integration approval (2026-08-15).
satz_b2_0205,B2,더치페이 오해가 나와서 제가 밥값을 먼저 냈어요.,"Ein Missverständnis um Getrenntzahlen entstand, also zahlte ich zuerst.","A split-bill misunderstanding appeared, so I paid for the meal first.",rights: original; pack: b2_partner_family_money_1; canonical sentence derives cloze_b2_0219 and satz_b2_0205,approved,Jin explicit app-integration approval (2026-08-15).
satz_b2_0206,B2,축의금 액수를 공개 자리에서 묻지 않기로 했어요.,Die Höhe des Glücksgeldes nicht öffentlich zu fragen vereinbarten wir.,We agreed not to ask the wedding-money amount in public.,rights: original; pack: b2_partner_family_money_1; canonical sentence derives cloze_b2_0220 and satz_b2_0206,approved,Jin explicit app-integration approval (2026-08-15).
satz_b2_0207,B2,부조 장부를 보고 액수를 맞추려다 현우가 말렸어요.,Im Beistandsbuch die Summe anzugleichen hinderte Hyunwoo.,Hyunwoo stopped me from matching the amount in the aid ledger.,rights: original; pack: b2_partner_family_money_1; canonical sentence derives cloze_b2_0221 and satz_b2_0207,approved,Jin explicit app-integration approval (2026-08-15).
satz_b2_0208,B2,생활비 분담은 가족 앞에서 자세히 말하지 않았어요.,Die Teilung der Lebenshaltungskosten erklärte ich vor der Familie nicht im Detail.,I did not explain sharing living costs in detail in front of the family.,rights: original; pack: b2_partner_family_money_1; canonical sentence derives cloze_b2_0222 and satz_b2_0208,approved,Jin explicit app-integration approval (2026-08-15).
satz_b2_0209,B2,빚 이야기는 식탁이 아니라 나중에 둘이 하기로 했어요.,"Schuldenrede gehörte nicht an den Tisch, sondern später zu uns beiden.","Talk about debt was for later between us, not at the table.",rights: original; pack: b2_partner_family_money_1; canonical sentence derives cloze_b2_0223 and satz_b2_0209,approved,Jin explicit app-integration approval (2026-08-15).
satz_b2_0210,B2,집 장만 질문을 범위만 말하고 숫자를 피했어요.,"Die Wohnungskauffrage beantwortete ich mit einem Rahmen, ohne Zahlen.",I answered the home-buying question with a range and avoided numbers.,rights: original; pack: b2_partner_family_money_1; canonical sentence derives cloze_b2_0224 and satz_b2_0210,approved,Jin explicit app-integration approval (2026-08-15).
satz_b2_0211,B2,부모님 지원 여부는 감사만 하고 액수는 숨겼어요.,"Ob die Eltern unterstützen, dankte ich, die Summe blieb privat.",On parental support I only gave thanks and hid the amount.,rights: original; pack: b2_partner_family_money_1; canonical sentence derives cloze_b2_0225 and satz_b2_0211,approved,Jin explicit app-integration approval (2026-08-15).
satz_b2_0212,B2,돈 농담이 날카로워서 웃지 않고 물로 넘겼어요.,"Der Geldscherz war scharf, ich lachte nicht und trank Wasser.","The money joke was sharp, so I did not laugh and drank water.",rights: original; pack: b2_partner_family_money_1; canonical sentence derives cloze_b2_0226 and satz_b2_0212,approved,Jin explicit app-integration approval (2026-08-15).
satz_b2_0213,B2,각자 계산은 가족 식사에서 서운해 보일 수 있어요.,Getrennt zahlen kann bei einem Familienessen gekränkt wirken.,Each paying their share can look cold at a family meal.,rights: original; pack: b2_partner_family_money_1; canonical sentence derives cloze_b2_0227 and satz_b2_0213,approved,Jin explicit app-integration approval (2026-08-15).
satz_b2_0214,B2,봉투 준비를 빠뜨릴 뻔해서 편의점에서 샀어요.,Die Umschlagvorbereitung hätte ich fast vergessen und kaufte einen im Laden.,I almost forgot preparing an envelope and bought one at a convenience store.,rights: original; pack: b2_partner_family_money_1; canonical sentence derives cloze_b2_0228 and satz_b2_0214,approved,Jin explicit app-integration approval (2026-08-15).
satz_b2_0215,B2,액수는 비밀이라고 하니 더 묻지 않으셨어요.,Die Summe bleibt privat stoppte weitere Fragen.,Saying the amount stays private stopped further questions.,rights: original; pack: b2_partner_family_money_1; canonical sentence derives cloze_b2_0229 and satz_b2_0215,approved,Jin explicit app-integration approval (2026-08-15).
satz_b2_0216,B2,전 부침을 도우려다 기름이 손목에 튀었어요.,Beim Braten der Pfannengerichte spritzte Öl aufs Handgelenk.,"While helping fry pancakes, oil splashed on my wrist.",rights: original; pack: b2_partner_holiday_duty_1; canonical sentence derives cloze_b2_0230 and satz_b2_0216,approved,Jin explicit app-integration approval (2026-08-15).
satz_b2_0217,B2,설거지 교대를 제안하니 이모가 놀라셨어요.,Einen Abwaschwechsel vorzuschlagen überraschte die Tante.,Suggesting a dish-washing rotation surprised aunt.,rights: original; pack: b2_partner_holiday_duty_1; canonical sentence derives cloze_b2_0231 and satz_b2_0217,approved,Jin explicit app-integration approval (2026-08-15).
satz_b2_0218,B2,남자는 안 한다는 말을 듣고 현우가 일부러 일어났어요.,Männer machen das nicht hörte Hyunwoo und stand absichtlich auf.,"Hearing men do not do that, Hyunwoo stood up on purpose.",rights: original; pack: b2_partner_holiday_duty_1; canonical sentence derives cloze_b2_0232 and satz_b2_0218,approved,Jin explicit app-integration approval (2026-08-15).
satz_b2_0219,B2,명절 노동이 한쪽에만 몰려 있어서 표를 그려 봤어요.,"Die Feiertagsarbeit lastete auf einer Seite, also zeichnete ich eine Tabelle.","Holiday housework sat on one side, so I drew a chart.",rights: original; pack: b2_partner_holiday_duty_1; canonical sentence derives cloze_b2_0233 and satz_b2_0219,approved,Jin explicit app-integration approval (2026-08-15).
satz_b2_0220,B2,손님 대접은 웃는 일만이 아니라 물컵을 채우는 일이었어요.,"Gästebewirtung war nicht nur Lächeln, sondern Gläser nachzufüllen.",Hosting guests was not only smiling but refilling water.,rights: original; pack: b2_partner_holiday_duty_1; canonical sentence derives cloze_b2_0234 and satz_b2_0220,approved,Jin explicit app-integration approval (2026-08-15).
satz_b2_0221,B2,휴식 교대를 말하니 처음엔 어색했지만 효과가 있었어요.,"Den Pausenwechsel anzusprechen war erst ungewohnt, wirkte dann.","Mentioning a rest rotation felt awkward at first, then worked.",rights: original; pack: b2_partner_holiday_duty_1; canonical sentence derives cloze_b2_0235 and satz_b2_0221,approved,Jin explicit app-integration approval (2026-08-15).
satz_b2_0222,B2,음식 나르기를 제가 맡으니 허리가 먼저 아팠어요.,"Speisen zu tragen übernahm ich, und zuerst tat der Rücken weh.","I took on carrying dishes, and my back hurt first.",rights: original; pack: b2_partner_holiday_duty_1; canonical sentence derives cloze_b2_0236 and satz_b2_0222,approved,Jin explicit app-integration approval (2026-08-15).
satz_b2_0223,B2,아이 돌보기를 자처하니 형제들이 고마워했어요.,Kinderhüten anzubieten dankten die Geschwister.,Offering to watch the children made the siblings grateful.,rights: original; pack: b2_partner_holiday_duty_1; canonical sentence derives cloze_b2_0237 and satz_b2_0223,approved,Jin explicit app-integration approval (2026-08-15).
satz_b2_0224,B2,불공평을 바로 지적하지 않고 다음 할 일을 나눴어요.,"Die Ungerechtigkeit nannte ich nicht sofort, wir teilten die nächste Aufgabe.",I did not name the unfairness at once; we split the next task.,rights: original; pack: b2_partner_holiday_duty_1; canonical sentence derives cloze_b2_0238 and satz_b2_0224,approved,Jin explicit app-integration approval (2026-08-15).
satz_b2_0225,B2,도와드리겠습니다를 큰 소리로 하니 자리가 열렸어요.,Ich werde helfen laut zu sagen öffnete einen Platz.,Saying I will help out loud opened a place.,rights: original; pack: b2_partner_holiday_duty_1; canonical sentence derives cloze_b2_0239 and satz_b2_0225,approved,Jin explicit app-integration approval (2026-08-15).
satz_b2_0226,B2,앉아서 기다리기만 하니 현우 얼굴이 굳었어요.,Nur sitzend zu warten ließ Hyunwoos Gesicht fest werden.,Only sitting and waiting made Hyunwoo's face tighten.,rights: original; pack: b2_partner_holiday_duty_1; canonical sentence derives cloze_b2_0240 and satz_b2_0226,approved,Jin explicit app-integration approval (2026-08-15).
satz_b2_0227,B2,노동을 나누자고 하니 처음엔 웃음이 나왔어요.,Die Arbeit zu teilen vorschlagen löste zuerst Lachen aus.,Suggesting we share the labor first brought a laugh.,rights: original; pack: b2_partner_holiday_duty_1; canonical sentence derives cloze_b2_0241 and satz_b2_0227,approved,Jin explicit app-integration approval (2026-08-15).
satz_b2_0228,B2,선을 긋되 감사는 남기려고 문장을 두 개로 나눴어요.,"Eine Grenze zu ziehen und trotzdem zu danken hieß, zwei Sätze zu machen.","To draw a line and still keep thanks, I split it into two sentences.",rights: original; pack: b2_partner_boundary_1; canonical sentence derives cloze_b2_0242 and satz_b2_0228,approved,Jin explicit app-integration approval (2026-08-15).
satz_b2_0229,B2,사생활 질문은 웃으며 다음에 말하겠다고 했어요.,Fragen zur Privatsphäre beantwortete ich lächelnd mit später.,I smiled at privacy questions and said I would tell later.,rights: original; pack: b2_partner_boundary_1; canonical sentence derives cloze_b2_0243 and satz_b2_0229,approved,Jin explicit app-integration approval (2026-08-15).
satz_b2_0230,B2,연락 빈도를 주 일 회로 정하니 부담이 줄었어요.,Die Kontakthäufigkeit auf einmal pro Woche zu setzen senkte den Druck.,Setting contact to once a week reduced the pressure.,rights: original; pack: b2_partner_boundary_1; canonical sentence derives cloze_b2_0244 and satz_b2_0230,approved,Jin explicit app-integration approval (2026-08-15).
satz_b2_0231,B2,거절 문장을 미리 외워 두니 목소리가 흔들리지 않았어요.,Einen Absagesatz auswendig zu können hielt die Stimme ruhig.,Memorizing a refusal sentence kept my voice steady.,rights: original; pack: b2_partner_boundary_1; canonical sentence derives cloze_b2_0245 and satz_b2_0231,approved,Jin explicit app-integration approval (2026-08-15).
satz_b2_0232,B2,타협안을 먼저 내니 거절이 덜 차갑게 들렸어요.,Einen Kompromiss zuerst anzubieten machte das Nein weniger kalt.,Offering a compromise first made the no sound less cold.,rights: original; pack: b2_partner_boundary_1; canonical sentence derives cloze_b2_0246 and satz_b2_0232,approved,Jin explicit app-integration approval (2026-08-15).
satz_b2_0233,B2,감정 노동이 몰릴 때는 현우와 교대하기로 했어요.,"Wenn die Gefühlsarbeit sich staute, wechselten Hyunwoo und ich uns ab.","When emotional labor piled up, Hyunwoo and I took turns.",rights: original; pack: b2_partner_boundary_1; canonical sentence derives cloze_b2_0247 and satz_b2_0233,approved,Jin explicit app-integration approval (2026-08-15).
satz_b2_0234,B2,가족 기대를 전부 맞출 수는 없다고 둘이 먼저 합의했어요.,Nicht jede Familienerwartung erfüllen zu können vereinbarten wir zuerst.,We first agreed we cannot meet every family expectation.,rights: original; pack: b2_partner_boundary_1; canonical sentence derives cloze_b2_0248 and satz_b2_0234,approved,Jin explicit app-integration approval (2026-08-15).
satz_b2_0235,B2,정중한 거리를 유지하니 관계가 오히려 오래 갔어요.,Höfliche Distanz zu halten machte die Beziehung länger tragfähig.,Keeping polite distance made the relationship last better.,rights: original; pack: b2_partner_boundary_1; canonical sentence derives cloze_b2_0249 and satz_b2_0235,approved,Jin explicit app-integration approval (2026-08-15).
satz_b2_0236,B2,반복 요구에는 같은 답을 같은 톤으로 했어요.,Auf die wiederholte Bitte gab ich dieselbe Antwort im selben Ton.,To a repeated demand I gave the same answer in the same tone.,rights: original; pack: b2_partner_boundary_1; canonical sentence derives cloze_b2_0250 and satz_b2_0236,approved,Jin explicit app-integration approval (2026-08-15).
satz_b2_0237,B2,우리가 결정할게요를 두 번 말하니 압박이 줄었어요.,Wir werden entscheiden zweimal zu sagen senkte den Druck.,Saying we will decide twice reduced the pressure.,rights: original; pack: b2_partner_boundary_1; canonical sentence derives cloze_b2_0251 and satz_b2_0237,approved,Jin explicit app-integration approval (2026-08-15).
satz_b2_0238,B2,오늘은 여기까지라고 하니 현우가 바로 일어났어요.,"Für heute reicht es sagte ich, und Hyunwoo stand sofort auf.","When I said that is enough for today, Hyunwoo stood up at once.",rights: original; pack: b2_partner_boundary_1; canonical sentence derives cloze_b2_0252 and satz_b2_0238,approved,Jin explicit app-integration approval (2026-08-15).
satz_b2_0239,B2,선을 그어도 관계를 지키려고 감사 인사를 남겼어요.,"Trotz Grenze ließ ich den Dank, um die Beziehung zu wahren.",Even after the line I left thanks to keep the relationship.,rights: original; pack: b2_partner_boundary_1; canonical sentence derives cloze_b2_0253 and satz_b2_0239,approved,Jin explicit app-integration approval (2026-08-15).
satz_b2_0240,B2,공식 소개에서는 이름보다 관계를 먼저 말했어요.,"In der formellen Vorstellung nannte ich zuerst die Beziehung, dann den Namen.",In the formal introduction I named the relationship before the name.,rights: original; pack: b2_partner_public_intro_1; canonical sentence derives cloze_b2_0254 and satz_b2_0240,approved,Jin explicit app-integration approval (2026-08-15).
satz_b2_0241,B2,자리 배치는 나이 순이라 제가 문을 가까운 쪽에 앉았어요.,"Die öffentliche Sitzordnung folgte dem Alter, ich saß nah an der Tür.","Public seating followed age, so I sat nearer the door.",rights: original; pack: b2_partner_public_intro_1; canonical sentence derives cloze_b2_0255 and satz_b2_0241,approved,Jin explicit app-integration approval (2026-08-15).
satz_b2_0242,B2,사진 공개 전에 얼굴이 나온 분들께 확인했어요.,Vor der Fotoeröffentlichung fragte ich alle sichtbaren Gesichter.,Before posting a photo publicly I checked with every visible face.,rights: original; pack: b2_partner_public_intro_1; canonical sentence derives cloze_b2_0256 and satz_b2_0242,approved,Jin explicit app-integration approval (2026-08-15).
satz_b2_0243,B2,호칭 공개는 집 안 말과 다르게 더 높였어요.,Die öffentliche Anrede war höher als zu Hause.,The public form of address was higher than at home.,rights: original; pack: b2_partner_public_intro_1; canonical sentence derives cloze_b2_0257 and satz_b2_0243,approved,Jin explicit app-integration approval (2026-08-15).
satz_b2_0244,B2,모임 지각을 사과할 때 변명보다 감사를 먼저 했어요.,Beim Zuspätkommen dankte ich zuerst statt zu erklären.,When late to the gathering I thanked first instead of explaining.,rights: original; pack: b2_partner_public_intro_1; canonical sentence derives cloze_b2_0258 and satz_b2_0244,approved,Jin explicit app-integration approval (2026-08-15).
satz_b2_0245,B2,단체 인사는 큰 소리보다 고개가 중요했어요.,Beim Gruppengruss zählte die Verbeugung mehr als die Lautstärke.,In the group greeting the bow mattered more than volume.,rights: original; pack: b2_partner_public_intro_1; canonical sentence derives cloze_b2_0259 and satz_b2_0245,approved,Jin explicit app-integration approval (2026-08-15).
satz_b2_0246,B2,자리 양보를 하자 삼촌이 괜찮다고 손짓하셨어요.,Den Platz abzutreten winkte der Onkel als unnötig ab.,"When I gave up a seat, uncle gestured that it was fine.",rights: original; pack: b2_partner_public_intro_1; canonical sentence derives cloze_b2_0260 and satz_b2_0246,approved,Jin explicit app-integration approval (2026-08-15).
satz_b2_0247,B2,공개 질문에는 짧은 답만 하고 자세한 건 나중에 했어요.,"Auf öffentliche Fragen gab ich kurze Antworten, Details später.",To a question in public I gave a short answer and left details for later.,rights: original; pack: b2_partner_public_intro_1; canonical sentence derives cloze_b2_0261 and satz_b2_0247,approved,Jin explicit app-integration approval (2026-08-15).
satz_b2_0248,B2,커플 호칭을 밖에서 낮추지 않기로 했어요.,Die Paaranrede in der Öffentlichkeit nicht zu senken vereinbarten wir.,We agreed not to drop couple address terms in public.,rights: original; pack: b2_partner_public_intro_1; canonical sentence derives cloze_b2_0262 and satz_b2_0248,approved,Jin explicit app-integration approval (2026-08-15).
satz_b2_0249,B2,사람이 많을 때는 소개를 미루는 게 실수가 적었어요.,Bei vielen Leuten die Vorstellung zu verschieben vermied Fehler.,"With many people, delaying the introduction caused fewer slips.",rights: original; pack: b2_partner_public_intro_1; canonical sentence derives cloze_b2_0263 and satz_b2_0249,approved,Jin explicit app-integration approval (2026-08-15).
satz_b2_0250,B2,관계부터 말하니 악수 타이밍이 맞았어요.,Zuerst die Beziehung zu nennen traf den Moment zum Handschlag.,Naming the relationship first hit the handshake timing.,rights: original; pack: b2_partner_public_intro_1; canonical sentence derives cloze_b2_0264 and satz_b2_0250,approved,Jin explicit app-integration approval (2026-08-15).
satz_b2_0251,B2,밖에서 예의를 지키니 집 안 실수는 잊히는 편이었어요.,In der Öffentlichkeit die Form zu wahren ließ Fehler zu Hause eher vergessen.,Keeping form in public made indoor slips easier to forget.,rights: original; pack: b2_partner_public_intro_1; canonical sentence derives cloze_b2_0265 and satz_b2_0251,approved,Jin explicit app-integration approval (2026-08-15).
satz_c1_0055,C1,우리 며느리라는 말은 환영처럼 들려도 역할을 씌웠어요.,Unsere Schwiegertochter klang wie Willkommen und legte doch eine Rolle auf.,Our daughter-in-law sounded like welcome and still assigned a role.,rights: original; pack: c1_partner_family_framing_1; canonical sentence derives cloze_c1_0053 and satz_c1_0055,approved,Jin explicit app-integration approval (2026-08-15).
satz_c1_0056,C1,손님으로 두면 편하지만 소속에서 밀려난 느낌이 났어요.,Als Gast belassen zu werden war bequem und schloss zugleich aus.,Being left as a guest was comfortable and also felt excluded.,rights: original; pack: c1_partner_family_framing_1; canonical sentence derives cloze_c1_0054 and satz_c1_0056,approved,Jin explicit app-integration approval (2026-08-15).
satz_c1_0057,C1,소속 프레임을 누가 말하느냐에 따라 자리가 달라졌어요.,"Wer den Zugehörigkeitsrahmen setzte, verschob meinen Platz.",Who set the belonging frame changed my seat.,rights: original; pack: c1_partner_family_framing_1; canonical sentence derives cloze_c1_0055 and satz_c1_0057,approved,Jin explicit app-integration approval (2026-08-15).
satz_c1_0058,C1,역할 언어를 들을 때마다 현우와 나중에 번역하기로 했어요.,Rollensprache später mit Hyunwoo zu übersetzen vereinbarten wir.,We agreed to translate role language with Hyunwoo later.,rights: original; pack: c1_partner_family_framing_1; canonical sentence derives cloze_c1_0056 and satz_c1_0058,approved,Jin explicit app-integration approval (2026-08-15).
satz_c1_0059,C1,포용적 호칭을 제안하니 처음엔 어색했지만 공기가 바뀌었어요.,Eine inklusive Anrede vorzuschlagen war erst ungewohnt und änderte dann die Luft.,Proposing an inclusive address felt awkward at first and then changed the air.,rights: original; pack: c1_partner_family_framing_1; canonical sentence derives cloze_c1_0057 and satz_c1_0059,approved,Jin explicit app-integration approval (2026-08-15).
satz_c1_0060,C1,타자화가 웃음을 타고 와서 바로 지적하기 어려웠어요.,Othering kam auf einem Lachen und war schwer sofort zu benennen.,Othering arrived on a laugh and was hard to name at once.,rights: original; pack: c1_partner_family_framing_1; canonical sentence derives cloze_c1_0058 and satz_c1_0060,approved,Jin explicit app-integration approval (2026-08-15).
satz_c1_0061,C1,가족 서사에 제가 갑자기 주인공이 되어 부담됐어요.,In der Familienerzählung plötzlich Hauptfigur zu sein druckte.,Suddenly becoming the lead in the family narrative felt heavy.,rights: original; pack: c1_partner_family_framing_1; canonical sentence derives cloze_c1_0059 and satz_c1_0061,approved,Jin explicit app-integration approval (2026-08-15).
satz_c1_0062,C1,해석의 주체가 누구인지 묻자 잠시 조용해졌어요.,"Die Frage, wer deutet, machte einen kurzen Stillstand.",Asking who gets to interpret made a short silence.,rights: original; pack: c1_partner_family_framing_1; canonical sentence derives cloze_c1_0060 and satz_c1_0062,approved,Jin explicit app-integration approval (2026-08-15).
satz_c1_0063,C1,말의 자리가 의자보다 먼저 배치된다는 걸 그날 배웠어요.,"Dass der Platz der Worte vor dem Stuhl kommt, lernte ich an dem Tag.",That day I learned the seat that words give is set before the chair.,rights: original; pack: c1_partner_family_framing_1; canonical sentence derives cloze_c1_0061 and satz_c1_0063,approved,Jin explicit app-integration approval (2026-08-15).
satz_c1_0064,C1,우리 편이 아니라 같이 온 사람이라고 다시 명명해 달라고 했어요.,"Nicht unsere Seite, sondern die mitgekommene Person neu zu benennen bat ich.",I asked them to rename me not as our side but as the person who came along.,rights: original; pack: c1_partner_family_framing_1; canonical sentence derives cloze_c1_0062 and satz_c1_0064,approved,Jin explicit app-integration approval (2026-08-15).
satz_c1_0065,C1,프레임을 드러내니 비난이 아니라 설명이 됐어요.,"Den Rahmen sichtbar zu machen wurde Erklärung, nicht Anklage.","Making the frame visible became explanation, not blame.",rights: original; pack: c1_partner_family_framing_1; canonical sentence derives cloze_c1_0063 and satz_c1_0065,approved,Jin explicit app-integration approval (2026-08-15).
satz_c1_0066,C1,자리를 재협상하자 다음 명절 표가 달라졌어요.,Den Platz neu zu verhandeln änderte den Plan für das nächste Fest.,Renegotiating my place changed the chart for the next holiday.,rights: original; pack: c1_partner_family_framing_1; canonical sentence derives cloze_c1_0064 and satz_c1_0066,approved,Jin explicit app-integration approval (2026-08-15).
satz_c1_0067,C1,보이지 않는 일이 상을 완성한다는 걸 설거지통에서 봤어요.,"Dass unsichtbare Arbeit den Tisch vollendet, sah ich an der Spüle.",I saw at the sink that invisible work finishes the table.,rights: original; pack: c1_partner_holiday_labor_1; canonical sentence derives cloze_c1_0065 and satz_c1_0067,approved,Jin explicit app-integration approval (2026-08-15).
satz_c1_0068,C1,성별 분업을 전통으로만 설명하면 대화가 멈췄어요.,Die geschlechtliche Arbeitsteilung nur als Tradition zu erklären stoppte das Gespräch.,Explaining the gendered division of labor as only tradition stopped talk.,rights: original; pack: c1_partner_holiday_labor_1; canonical sentence derives cloze_c1_0066 and satz_c1_0068,approved,Jin explicit app-integration approval (2026-08-15).
satz_c1_0069,C1,돌봄 부담이 한 사람에게 몰리면 웃음의 질이 달라졌어요.,"Konzentrierte sich die Fürsorgelast auf eine Person, änderte sich das Lachen.","When the care burden sat on one person, the quality of laughter changed.",rights: original; pack: c1_partner_holiday_labor_1; canonical sentence derives cloze_c1_0067 and satz_c1_0069,approved,Jin explicit app-integration approval (2026-08-15).
satz_c1_0070,C1,기여의 가시성을 사진이 아니라 교대표로 남기기로 했어요.,"Die Sichtbarkeit des Beitrags hielten wir in einem Wechselplan fest, nicht im Foto.","We recorded visibility of contribution on a rotation chart, not in photos.",rights: original; pack: c1_partner_holiday_labor_1; canonical sentence derives cloze_c1_0068 and satz_c1_0070,approved,Jin explicit app-integration approval (2026-08-15).
satz_c1_0071,C1,전통의 선택을 모두 지킬 필요는 없다고 짧게 말했어요.,"Nicht jede Auswahl in der Tradition sei Pflicht, sagte ich kurz.",I said briefly that we do not have to keep every piece of tradition.,rights: original; pack: c1_partner_holiday_labor_1; canonical sentence derives cloze_c1_0069 and satz_c1_0071,approved,Jin explicit app-integration approval (2026-08-15).
satz_c1_0072,C1,노동 인정은 칭찬 한 마디보다 다음 할 일을 나누는 것이었어요.,Anerkennung der Arbeit war weniger ein Lob als das Teilen der nächsten Aufgabe.,Recognition of labor was sharing the next task more than one compliment.,rights: original; pack: c1_partner_holiday_labor_1; canonical sentence derives cloze_c1_0070 and satz_c1_0072,approved,Jin explicit app-integration approval (2026-08-15).
satz_c1_0073,C1,휴식권을 말하니 처음엔 예의가 아니라는 눈이 왔어요.,"Das Recht auf Pause anzusprechen brachte zuerst Blicke, das sei ungehörig.",Naming a right to rest first brought looks that it was improper.,rights: original; pack: c1_partner_holiday_labor_1; canonical sentence derives cloze_c1_0071 and satz_c1_0073,approved,Jin explicit app-integration approval (2026-08-15).
satz_c1_0074,C1,분배 기준을 나이에서 체력으로 바꾸자 반발이 줄었어요.,Den Verteilungsmaßstab vom Alter auf Kraft zu ändern senkte den Widerstand.,Changing the sharing standard from age to stamina reduced pushback.,rights: original; pack: c1_partner_holiday_labor_1; canonical sentence derives cloze_c1_0072 and satz_c1_0074,approved,Jin explicit app-integration approval (2026-08-15).
satz_c1_0075,C1,침묵의 동의를 합의로 보지 않기로 둘이 정했어요.,Zustimmung durch Schweigen nicht als Einigung zu lesen beschlossen wir.,We decided not to read consent by silence as agreement.,rights: original; pack: c1_partner_holiday_labor_1; canonical sentence derives cloze_c1_0073 and satz_c1_0075,approved,Jin explicit app-integration approval (2026-08-15).
satz_c1_0076,C1,한 사람의 성품이 아니라 구조를 바꾸자고 했어요.,"Nicht den Charakter einer Person, die Struktur ändern, schlug ich vor.","I proposed changing the structure, not one person's character.",rights: original; pack: c1_partner_holiday_labor_1; canonical sentence derives cloze_c1_0074 and satz_c1_0076,approved,Jin explicit app-integration approval (2026-08-15).
satz_c1_0077,C1,노동을 보이게 하자 감사의 대상이 달라졌어요.,"Arbeit sichtbar zu machen verschob, wem gedankt wurde.",Making labor visible changed who received thanks.,rights: original; pack: c1_partner_holiday_labor_1; canonical sentence derives cloze_c1_0075 and satz_c1_0077,approved,Jin explicit app-integration approval (2026-08-15).
satz_c1_0078,C1,공평을 설계하니 감정이 아니라 표가 남았어요.,Fairness zu entwerfen ließ eine Tabelle statt nur Gefühle.,"Designing fairness left a chart, not only feelings.",rights: original; pack: c1_partner_holiday_labor_1; canonical sentence derives cloze_c1_0076 and satz_c1_0078,approved,Jin explicit app-integration approval (2026-08-15).
satz_c2_0055,C2,의사결정권이 어디에 있는지 묻자 웃음이 먼저 나왔어요.,"Wo das Entscheidungsrecht liege, zu fragen löste zuerst Lachen aus.",Asking where decision rights sit first produced a laugh.,rights: original; pack: c2_partner_inlaw_power_1; canonical sentence derives cloze_c2_0053 and satz_c2_0055,approved,Jin explicit app-integration approval (2026-08-15).
satz_c2_0056,C2,침묵 압력은 거절보다 오래 남아서 기록을 남겼어요.,"Druck durch Schweigen blieb länger als ein Nein, also schrieb ich ihn auf.","Pressure through silence lasted longer than a no, so I recorded it.",rights: original; pack: c2_partner_inlaw_power_1; canonical sentence derives cloze_c2_0054 and satz_c2_0056,approved,Jin explicit app-integration approval (2026-08-15).
satz_c2_0057,C2,대리 발화가 제 뜻을 바꾸길래 한 문장을 다시 말했어요.,"Das Sprechen an meiner Stelle änderte meinen Sinn, also wiederholte ich einen Satz.","Speaking on my behalf changed my meaning, so I said one sentence again.",rights: original; pack: c2_partner_inlaw_power_1; canonical sentence derives cloze_c2_0055 and satz_c2_0057,approved,Jin explicit app-integration approval (2026-08-15).
satz_c2_0058,C2,체면 경제에서는 사실이 아니라 체면이 예산을 정했어요.,"In der Gesichtsökonomie setzte das Gesicht das Budget, nicht die Tatsache.","In the economy of face, face set the budget, not the fact.",rights: original; pack: c2_partner_inlaw_power_1; canonical sentence derives cloze_c2_0056 and satz_c2_0058,approved,Jin explicit app-integration approval (2026-08-15).
satz_c2_0059,C2,순응 연출을 기대하는 자리에선 침묵이 칭찬이 됐어요.,"Wo man Inszenierung von Fügsamkeit erwartete, wurde Schweigen Lob.","Where a performance of compliance was expected, silence became praise.",rights: original; pack: c2_partner_inlaw_power_1; canonical sentence derives cloze_c2_0057 and satz_c2_0059,approved,Jin explicit app-integration approval (2026-08-15).
satz_c2_0060,C2,권한의 출처를 혈연으로만 두면 외부인은 영원히 손님이에요.,"Liegt die Quelle der Befugnis nur in der Blutsbindung, bleibt die Außenstehende Gast.","If the source of authority is only blood, an outsider stays a guest forever.",rights: original; pack: c2_partner_inlaw_power_1; canonical sentence derives cloze_c2_0058 and satz_c2_0060,approved,Jin explicit app-integration approval (2026-08-15).
satz_c2_0061,C2,말의 위계를 깨지 않고도 질문을 하나 넣을 자리는 있었어요.,Ohne die Hierarchie der Rede zu zerbrechen gab es Raum für eine Frage.,Without breaking the hierarchy of speech there was still room for one question.,rights: original; pack: c2_partner_inlaw_power_1; canonical sentence derives cloze_c2_0059 and satz_c2_0061,approved,Jin explicit app-integration approval (2026-08-15).
satz_c2_0062,C2,동의의 형식이 고개인지 서명인지 먼저 정해야 했어요.,"Ob die Form der Zustimmung ein Nicken oder eine Unterschrift ist, mussten wir klären.",We had to decide whether the form of consent is a nod or a signature.,rights: original; pack: c2_partner_inlaw_power_1; canonical sentence derives cloze_c2_0060 and satz_c2_0062,approved,Jin explicit app-integration approval (2026-08-15).
satz_c2_0063,C2,불복의 비용을 계산하니 그날은 기록만 남기기로 했어요.,"Den Preis des Widerspruchs zu rechnen hieß, an dem Tag nur aufzuschreiben.",Calculating the cost of dissent meant only recording that day.,rights: original; pack: c2_partner_inlaw_power_1; canonical sentence derives cloze_c2_0061 and satz_c2_0063,approved,Jin explicit app-integration approval (2026-08-15).
satz_c2_0064,C2,권력을 호명하니 방이 잠시 조용해졌다가 다시 숨이 돌아왔어요.,"Macht beim Namen zu nennen machte die Raumstille kurz, dann kam der Atem zurück.","Naming the power quieted the room, then breath returned.",rights: original; pack: c2_partner_inlaw_power_1; canonical sentence derives cloze_c2_0062 and satz_c2_0064,approved,Jin explicit app-integration approval (2026-08-15).
satz_c2_0065,C2,기분이 아니라 절차를 요구하니 다음 결정이 투명해졌어요.,"Nicht Stimmung, ein Verfahren zu verlangen machte die nächste Entscheidung klarer.","Demanding a procedure, not a mood, made the next decision clearer.",rights: original; pack: c2_partner_inlaw_power_1; canonical sentence derives cloze_c2_0063 and satz_c2_0065,approved,Jin explicit app-integration approval (2026-08-15).
satz_c2_0066,C2,자리를 문서화하자 기억 싸움이 줄었어요.,Den Platz zu dokumentieren verringerte den Streit um Erinnerung.,Documenting my place reduced fights over memory.,rights: original; pack: c2_partner_inlaw_power_1; canonical sentence derives cloze_c2_0064 and satz_c2_0066,approved,Jin explicit app-integration approval (2026-08-15).
satz_c2_0067,C2,이름 호명이 누구에게는 친밀이고 누구에게는 무례였어요.,"Beim Namen rufen war für die einen Nähe, für die anderen Unhöflichkeit.",Calling by name was intimacy for some and rudeness for others.,rights: original; pack: c2_partner_name_memory_1; canonical sentence derives cloze_c2_0065 and satz_c2_0067,approved,Jin explicit app-integration approval (2026-08-15).
satz_c2_0068,C2,기억의 편집은 앨범에서 누가 잘리는지로 보였어요.,"Der Schnitt der Erinnerung zeigte sich daran, wer im Album fehlt.",The editing of memory showed in who was cropped from the album.,rights: original; pack: c2_partner_name_memory_1; canonical sentence derives cloze_c2_0066 and satz_c2_0068,approved,Jin explicit app-integration approval (2026-08-15).
satz_c2_0069,C2,서사의 주인이 바뀌자 같은 방문이 다른 이야기가 됐어요.,"Als der Herr der Erzählung wechselte, wurde derselbe Besuch eine andere Geschichte.","When the owner of the story changed, the same visit became another tale.",rights: original; pack: c2_partner_name_memory_1; canonical sentence derives cloze_c2_0067 and satz_c2_0069,approved,Jin explicit app-integration approval (2026-08-15).
satz_c2_0070,C2,호칭의 정치는 친근함의 가면을 쓰고 경계를 정했어요.,Die Politik der Anrede setzte Grenzen hinter der Maske der Nähe.,The politics of address set borders behind a mask of closeness.,rights: original; pack: c2_partner_name_memory_1; canonical sentence derives cloze_c2_0068 and satz_c2_0070,approved,Jin explicit app-integration approval (2026-08-15).
satz_c2_0071,C2,망각의 예절은 아픈 질문을 다시 하지 않는 일이었어요.,"Manieren des Vergessens hießen, die schmerzende Frage nicht zu wiederholen.",Manners of forgetting meant not asking the painful question again.,rights: original; pack: c2_partner_name_memory_1; canonical sentence derives cloze_c2_0069 and satz_c2_0071,approved,Jin explicit app-integration approval (2026-08-15).
satz_c2_0072,C2,기록 주체가 누구인지에 따라 실수의 주인이 달라졌어요.,"Wer aufschreibt, verschob, wem der Fehler gehörte.",Who writes the record changed who owned the mistake.,rights: original; pack: c2_partner_name_memory_1; canonical sentence derives cloze_c2_0070 and satz_c2_0072,approved,Jin explicit app-integration approval (2026-08-15).
satz_c2_0073,C2,호명의 거부를 무례가 아니라 자기 보호로 설명해 달라고 했어요.,"Die Verweigerung der Benennung als Schutz, nicht als Unhöflichkeit zu lesen bat ich.","I asked them to read refusal of a name as protection, not rudeness.",rights: original; pack: c2_partner_name_memory_1; canonical sentence derives cloze_c2_0071 and satz_c2_0073,approved,Jin explicit app-integration approval (2026-08-15).
satz_c2_0074,C2,공동 기억을 한 장의 사진으로 고정하지 않기로 했어요.,Geteilte Erinnerung nicht auf ein Foto zu reduzieren vereinbarten wir.,We agreed not to freeze shared memory into one photo.,rights: original; pack: c2_partner_name_memory_1; canonical sentence derives cloze_c2_0072 and satz_c2_0074,approved,Jin explicit app-integration approval (2026-08-15).
satz_c2_0075,C2,말의 유산이 다음 명절의 대본이 되지 않게 메모를 고쳤어요.,"Damit das Erbe der Worte nicht das nächste Festskript wird, änderte ich die Notiz.",I changed the note so the inheritance of words would not script the next holiday.,rights: original; pack: c2_partner_name_memory_1; canonical sentence derives cloze_c2_0073 and satz_c2_0075,approved,Jin explicit app-integration approval (2026-08-15).
satz_c2_0076,C2,별명 대신 이름을 되찾자고 하니 방이 잠시 멈췄어요.,Den Namen statt des Spitznamens zurückzuholen ließ den Raum kurz stehen.,Asking to reclaim a name instead of the nickname paused the room.,rights: original; pack: c2_partner_name_memory_1; canonical sentence derives cloze_c2_0074 and satz_c2_0076,approved,Jin explicit app-integration approval (2026-08-15).
satz_c2_0077,C2,기억을 재배치하자 내가 손님만은 아니게 됐어요.,Erinnerung neu zu ordnen machte mich zu mehr als nur Gast.,Rearranging memory made me more than only a guest.,rights: original; pack: c2_partner_name_memory_1; canonical sentence derives cloze_c2_0075 and satz_c2_0077,approved,Jin explicit app-integration approval (2026-08-15).
satz_c2_0078,C2,서사를 공유하자 한 사람의 농담이 모두의 역사가 되지 않았어요.,"Die Erzählung zu teilen hinderte den Witz einer Person, aller Geschichte zu werden.",Sharing authorship stopped one person's joke from becoming everyone's history.,rights: original; pack: c2_partner_name_memory_1; canonical sentence derives cloze_c2_0076 and satz_c2_0078,approved,Jin explicit app-integration approval (2026-08-15).
