id,level,ko,de,en,field_notes,상태,jin_memo
cloze_a1_0100,A1,우표를 세 장 주세요.,Bitte geben Sie mir drei Briefmarken.,Please give me three stamps.,rights: original; derived from same-batch vocab example,draft,
cloze_a1_0101,A1,이 소포를 독일로 보내고 싶어요.,Ich möchte dieses Paket nach Deutschland schicken.,I want to send this parcel to Germany.,rights: original; derived from same-batch vocab example,draft,
cloze_a1_0102,A1,중요한 서류는 등기로 보내요.,Wichtige Unterlagen schicke ich per Einschreiben.,I send important papers by registered mail.,rights: original; derived from same-batch vocab example,draft,
cloze_a1_0103,A1,편지는 아래 우편함에 넣어 주세요.,Bitte legen Sie den Brief in den Briefkasten unten.,Please put the letter in the mailbox downstairs.,rights: original; derived from same-batch vocab example,draft,
cloze_a1_0104,A1,소포를 부치다 전에 주소를 확인해요.,"Bevor ich das Paket aufgebe, prüfe ich die Adresse.","Before I mail the parcel, I check the address.",rights: original; derived from same-batch vocab example,draft,
cloze_a1_0105,A1,무게가 이 킬로그램을 넘어요.,Das Gewicht liegt über zwei Kilogramm.,The weight is over two kilograms.,rights: original; derived from same-batch vocab example,draft,
cloze_a1_0106,A1,받는 사람 주소를 여기에 써 주세요.,Bitte schreiben Sie die Empfängeradresse hierhin.,Please write the recipient address here.,rights: original; derived from same-batch vocab example,draft,
cloze_a1_0107,A1,보내는 사람 이름을 크게 썼어요.,Ich habe den Absendernamen groß geschrieben.,I wrote the sender name in large letters.,rights: original; derived from same-batch vocab example,draft,
cloze_a1_0108,A1,받는 사람 전화번호를 적어 주세요.,Bitte notieren Sie die Telefonnummer des Empfängers.,Please write the recipient's phone number.,rights: original; derived from same-batch vocab example,draft,
cloze_a1_0109,A1,도착 문자가 오면 알려 주세요.,"Sagen Sie mir Bescheid, wenn die Zustellnachricht kommt.",Tell me when the delivery text arrives.,rights: original; derived from same-batch vocab example,draft,
cloze_a1_0110,A1,깨지기 쉬운 컵은 포장지로 감싸요.,Zerbrechliche Tassen wickle ich in Packpapier.,I wrap fragile cups in wrapping paper.,rights: original; derived from same-batch vocab example,draft,
cloze_a1_0111,A1,세 번 창구에서 기다리세요.,Bitte warten Sie am Schalter drei.,Please wait at counter number three.,rights: original; derived from same-batch vocab example,draft,
cloze_a1_0112,A1,이 연고를 하루에 두 번 발라요.,Ich trage diese Salbe zweimal am Tag auf.,I apply this ointment twice a day.,rights: original; derived from same-batch vocab example,draft,
cloze_a1_0113,A1,약국에서 마스크를 한 통 샀어요.,In der Apotheke habe ich eine Packung Masken gekauft.,I bought a pack of masks at the pharmacy.,rights: original; derived from same-batch vocab example,draft,
cloze_a1_0114,A1,계산대 앞에서 카드를 꺼냈어요.,Vor der Kasse habe ich meine Karte herausgenommen.,I took out my card in front of the checkout.,rights: original; derived from same-batch vocab example,draft,
cloze_a1_0115,A1,복용 시간을 종이에 적어 주세요.,Bitte schreiben Sie die Einnahmezeiten auf Papier.,Please write the dose times on paper.,rights: original; derived from same-batch vocab example,draft,
cloze_a1_0116,A1,일회용 밴드를 작은 걸로 주세요.,Bitte geben Sie mir ein kleines Pflaster.,Please give me a small adhesive bandage.,rights: original; derived from same-batch vocab example,draft,
cloze_a1_0117,A1,체온계가 어디에 있어요?,Wo ist das Fieberthermometer?,Where is the thermometer?,rights: original; derived from same-batch vocab example,draft,
cloze_a1_0118,A1,목이 아파서 가글액을 찾고 있어요.,"Mein Hals tut weh, deshalb suche ich Mundspülung.","My throat hurts, so I am looking for mouthwash.",rights: original; derived from same-batch vocab example,draft,
cloze_a1_0119,A1,비타민제를 식후에 먹어요.,Ich nehme das Vitaminpräparat nach dem Essen.,I take the vitamin supplement after meals.,rights: original; derived from same-batch vocab example,draft,
cloze_a1_0120,A1,이 약에 알레르기가 있는지 확인해요.,"Ich prüfe, ob ich gegen dieses Mittel eine Allergie habe.",I check whether I have an allergy to this medicine.,rights: original; derived from same-batch vocab example,draft,
cloze_a1_0121,A1,이 약은 무처방으로 살 수 있어요.,Dieses Mittel gibt es rezeptfrei.,You can buy this medicine over the counter.,rights: original; derived from same-batch vocab example,draft,
cloze_a1_0122,A1,허리가 아파서 파스를 붙였어요.,"Mein Rücken tut weh, deshalb habe ich ein Schmerzpflaster aufgeklebt.","My back hurts, so I put on a pain relief patch.",rights: original; derived from same-batch vocab example,draft,
cloze_a1_0123,A1,속이 쓰려서 제산제를 샀어요.,"Mir ist übel, deshalb habe ich ein Antazidum gekauft.","I have heartburn, so I bought an antacid.",rights: original; derived from same-batch vocab example,draft,
cloze_a1_0124,A1,일요일에는 늦잠을 자고 싶어요.,Am Sonntag möchte ich ausschlafen.,On Sunday I want to sleep in.,rights: original; derived from same-batch vocab example,draft,
cloze_a1_0125,A1,약속 시간을 세 시로 바꿀까요?,Sollen wir die Terminzeit auf drei Uhr ändern?,Shall we change the meeting time to three?,rights: original; derived from same-batch vocab example,draft,
cloze_a1_0126,A1,약속 장소는 역 앞이에요.,Der Treffpunkt ist vor dem Bahnhof.,The meeting place is in front of the station.,rights: original; derived from same-batch vocab example,draft,
cloze_a1_0127,A1,비가 오면 산책을 취소하다 결정해요.,"Wenn es regnet, entscheide ich, den Spaziergang abzusagen.","If it rains, I decide to cancel the walk.",rights: original; derived from same-batch vocab example,draft,
cloze_a1_0128,A1,늦으면 미리 연락해 주세요.,"Wenn Sie sich verspäten, sagen Sie bitte vorher Bescheid.","If you will be late, please give advance notice.",rights: original; derived from same-batch vocab example,draft,
cloze_a1_0129,A1,내일 오후에 시간 맞추다 문자를 보냈어요.,"Morgen Nachmittag habe ich geschrieben, um die Zeit abzustimmen.",I texted tomorrow afternoon to match the time.,rights: original; derived from same-batch vocab example,draft,
cloze_a1_0130,A1,오늘은 여기까지 하고 다음에 봐요.,"Für heute reicht es, bis zum nächsten Mal.","That's enough for today, see you next time.",rights: original; derived from same-batch vocab example,draft,
cloze_a1_0131,A1,지금 나와서 바로 갈게요.,Ich gehe jetzt raus und komme gleich.,I'm heading out now and I'll come right away.,rights: original; derived from same-batch vocab example,draft,
cloze_a1_0132,A1,주말 계획을 같이 세워 봐요.,Lassen Sie uns den Wochenendplan gemeinsam machen.,Let's make the weekend plan together.,rights: original; derived from same-batch vocab example,draft,
cloze_a1_0133,A1,버스가 막혀서 늦을 것 같다 연락했어요.,"Der Bus steckt fest, deshalb habe ich geschrieben, dass ich wahrscheinlich zu spät bin.","The bus is stuck, so I wrote that it looks like I'll be late.",rights: original; derived from same-batch vocab example,draft,
cloze_a1_0134,A1,한강에서 같이 걷다 제안했어요.,"Ich habe vorgeschlagen, am Hangang zusammen zu gehen.",I suggested that we walk together at the Hangang.,rights: original; derived from same-batch vocab example,draft,
cloze_a1_0135,A1,저는 먼저 가다 자리를 잡을게요.,Ich gehe schon voraus und sichere uns Plätze.,I'll go ahead first and hold seats.,rights: original; derived from same-batch vocab example,draft,
cloze_a1_0136,A1,초인종을 두 번 눌렀어요.,Ich habe zweimal an der Klingel gedrückt.,I pressed the doorbell twice.,rights: original; derived from same-batch vocab example,draft,
cloze_a1_0137,A1,복도에 신발을 두지 마세요.,Bitte stellen Sie keine Schuhe in den Flur.,Please do not leave shoes in the hallway.,rights: original; derived from same-batch vocab example,draft,
cloze_a1_0138,A1,이웃집에 택배가 잘못 왔어요.,Ein Paket wurde falsch an die Nachbarwohnung geliefert.,A parcel was delivered to the neighbor's place by mistake.,rights: original; derived from same-batch vocab example,draft,
cloze_a1_0139,A1,저희 층수는 다섯 층이에요.,Unser Stockwerk ist der fünfte.,Our floor number is the fifth.,rights: original; derived from same-batch vocab example,draft,
cloze_a1_0140,A1,플라스틱은 분리배출하세요.,Bitte entsorgen Sie Plastik getrennt.,Please use sorted disposal for plastic.,rights: original; derived from same-batch vocab example,draft,
cloze_a1_0141,A1,문패에 이름을 새로 붙였어요.,Ich habe ein neues Namensschild an die Tür geklebt.,I put a new nameplate on the door.,rights: original; derived from same-batch vocab example,draft,
cloze_a1_0142,A1,공동현관 비밀번호가 바뀌었어요.,Das Passwort am Hauseingang hat sich geändert.,The shared entrance password changed.,rights: original; derived from same-batch vocab example,draft,
cloze_a1_0143,A1,밤에는 층간소음을 조심해요.,Nachts achte ich auf Lärm zwischen den Etagen.,At night I am careful about noise between floors.,rights: original; derived from same-batch vocab example,draft,
cloze_a1_0144,A1,택배함에 비밀번호를 넣어요.,Ich gebe das Passwort in den Paketkasten ein.,I enter the password on the parcel locker.,rights: original; derived from same-batch vocab example,draft,
cloze_a1_0145,A1,엘리베이터에 공지문이 있어요.,Am Aufzug hängt ein Aushang.,There is a notice on the elevator.,rights: original; derived from same-batch vocab example,draft,
cloze_a1_0146,A1,입구 앞 무단주차는 안 돼요.,Unerlaubtes Parken vor der Einfahrt ist nicht erlaubt.,Unauthorized parking in front of the entrance is not allowed.,rights: original; derived from same-batch vocab example,draft,
cloze_a1_0147,A1,아침에 이웃 인사를 했어요.,Heute Morgen habe ich den Nachbarsgruß gesagt.,This morning I gave a neighbor greeting.,rights: original; derived from same-batch vocab example,draft,
cloze_a1_0148,A1,필통 안에 펜이 세 자루 있어요.,Im Federmäppchen sind drei Stifte.,There are three pens in the pencil case.,rights: original; derived from same-batch vocab example,draft,
cloze_a1_0149,A1,연필 실수를 지우개로 지워요.,Ich radiere den Bleistiftfehler mit dem Radiergummi weg.,I erase the pencil mistake with an eraser.,rights: original; derived from same-batch vocab example,draft,
cloze_a1_0150,A1,이 종이를 가위로 잘라 주세요.,Bitte schneiden Sie dieses Papier mit der Schere.,Please cut this paper with scissors.,rights: original; derived from same-batch vocab example,draft,
cloze_a1_0151,A1,자로 선을 반듯하게 그어요.,Mit dem Lineal ziehe ich eine gerade Linie.,I draw a straight line with a ruler.,rights: original; derived from same-batch vocab example,draft,
cloze_a1_0152,A1,지도를 색연필로 칠했어요.,Ich habe die Karte mit Buntstiften ausgemalt.,I colored the map with colored pencils.,rights: original; derived from same-batch vocab example,draft,
cloze_a1_0153,A1,한글을 연습장에 여러 번 썼어요.,Ich habe Hangul mehrmals ins Schreibheft geschrieben.,I wrote Hangul several times in the practice notebook.,rights: original; derived from same-batch vocab example,draft,
cloze_a1_0154,A1,내일 수업 준비물을 가방에 넣어요.,Ich packe die Mitbringsel für den Unterricht morgen in die Tasche.,I put tomorrow's class supplies in the bag.,rights: original; derived from same-batch vocab example,draft,
cloze_a1_0155,A1,숙제를 제출하다 전에 이름을 써요.,"Bevor ich die Hausaufgaben abgebe, schreibe ich meinen Namen.","Before I submit the homework, I write my name.",rights: original; derived from same-batch vocab example,draft,
cloze_a1_0156,A1,선생님이 화이트보드에 단어를 썼어요.,Die Lehrkraft hat das Wort auf das Whiteboard geschrieben.,The teacher wrote the word on the whiteboard.,rights: original; derived from same-batch vocab example,draft,
cloze_a1_0157,A1,첫날에는 자리표 이름을 확인해요.,Am ersten Tag prüfe ich den Namen auf der Platzkarte.,On the first day I check the name on the seat card.,rights: original; derived from same-batch vocab example,draft,
cloze_a1_0158,A1,중요한 문장은 빨리 필기하다 보면 손이 아파요.,"Wenn ich wichtige Sätze schnell mitschreibe, tun die Hände weh.","If I take notes on important sentences quickly, my hands hurt.",rights: original; derived from same-batch vocab example,draft,
cloze_a1_0159,A1,수업 시작 전에 준비됐나요?,Sind Sie vor Unterrichtsbeginn bereit?,Are you ready before class starts?,rights: original; derived from same-batch vocab example,draft,
cloze_a1_0160,A1,다음 역에서 환승하세요.,Steigen Sie an der nächsten Station um.,Transfer at the next station.,rights: original; derived from same-batch vocab example,draft,
cloze_a1_0161,A1,사 번 출구로 나가면 은행이 있어요.,"Wenn Sie Ausgang vier nehmen, ist dort eine Bank.","If you take exit four, there is a bank.",rights: original; derived from same-batch vocab example,draft,
cloze_a1_0162,A1,승강장에서 노란 선 뒤에 서요.,Auf dem Bahnsteig stehe ich hinter der gelben Linie.,On the platform I stand behind the yellow line.,rights: original; derived from same-batch vocab example,draft,
cloze_a1_0163,A1,오늘 막차는 열두 시예요.,Der letzte Zug ist heute um zwölf Uhr.,The last train today is at twelve.,rights: original; derived from same-batch vocab example,draft,
cloze_a1_0164,A1,시청역에서 하차하면 됩니다.,Sie können am Rathaus aussteigen.,You can get off at City Hall station.,rights: original; derived from same-batch vocab example,draft,
cloze_a1_0165,A1,문이 열리면 천천히 승차하세요.,"Wenn die Tür aufgeht, steigen Sie bitte langsam ein.","When the door opens, please board slowly.",rights: original; derived from same-batch vocab example,draft,
cloze_a1_0166,A1,한 달 정기권을 충전했어요.,Ich habe eine Monatskarte aufgeladen.,I loaded a one-month pass.,rights: original; derived from same-batch vocab example,draft,
cloze_a1_0167,A1,개찰구에 카드를 찍고 들어가요.,Ich halte die Karte an die Sperre und gehe hinein.,I tap the card at the ticket gate and go in.,rights: original; derived from same-batch vocab example,draft,
cloze_a1_0168,A1,노선도에서 빨간 선을 찾아요.,Auf dem Linienplan suche ich die rote Linie.,I look for the red line on the map.,rights: original; derived from same-batch vocab example,draft,
cloze_a1_0169,A1,도착 안내가 나오면 일어나요.,"Wenn die Ansage kommt, stehe ich auf.","When the arrival announcement comes, I stand up.",rights: original; derived from same-batch vocab example,draft,
cloze_a1_0170,A1,카드 잔액이 부족해서 충전이 필요해요.,"Das Kartenguthaben reicht nicht, ich muss aufladen.","The card balance is low, so I need to top up.",rights: original; derived from same-batch vocab example,draft,
cloze_a1_0171,A1,내리는 문은 오른쪽이에요.,Die Ausstiegstür ist rechts.,The exit door is on the right.,rights: original; derived from same-batch vocab example,draft,
cloze_a1_0172,A1,바람이 불어서 겉옷을 입어요.,"Es ist windig, deshalb ziehe ich einen Überzieher an.","It is windy, so I put on an outer layer.",rights: original; derived from same-batch vocab example,draft,
cloze_a1_0173,A1,오늘 미세먼지가 많아서 마스크를 써요.,"Heute gibt es viel Feinstaub, deshalb trage ich eine Maske.","There is a lot of fine dust today, so I wear a mask.",rights: original; derived from same-batch vocab example,draft,
cloze_a1_0174,A1,일기예보를 보고 옷을 골라요.,Ich schaue den Wetterbericht und wähle die Kleidung.,I check the forecast and choose clothes.,rights: original; derived from same-batch vocab example,draft,
cloze_a1_0175,A1,소나기가 와서 우비를 챙겼어요.,"Ein Schauer kommt, deshalb habe ich die Regenjacke eingepackt.","A shower is coming, so I packed a rain jacket.",rights: original; derived from same-batch vocab example,draft,
cloze_a1_0176,A1,낮에는 얇은 옷이 편해요.,Tagsüber ist leichte Kleidung angenehm.,Light clothes are comfortable during the day.,rights: original; derived from same-batch vocab example,draft,
cloze_a1_0177,A1,밤에는 두꺼운 옷이 필요해요.,Nachts brauche ich dicke Kleidung.,At night I need thick clothes.,rights: original; derived from same-batch vocab example,draft,
cloze_a1_0178,A1,봄에는 일교차가 커서 겉옷이 필요해요.,"Im Frühling ist der Tag-Nacht-Unterschied groß, deshalb brauche ich einen Überzieher.","In spring the day-night gap is large, so I need an outer layer.",rights: original; derived from same-batch vocab example,draft,
cloze_a1_0179,A1,오늘 공기가 습하다 느껴져서 창문을 열어요.,"Die Luft fühlt sich heute schwül an, deshalb öffne ich das Fenster.","The air feels humid today, so I open the window.",rights: original; derived from same-batch vocab example,draft,
cloze_a1_0180,A1,아침이 쌀쌀하다 해서 목을 가렸어요.,"Weil der Morgen kühl ist, habe ich den Hals bedeckt.","Because the morning is chilly, I covered my neck.",rights: original; derived from same-batch vocab example,draft,
cloze_a1_0181,A1,오후 예보가 맑음이에요.,Die Nachmittagsvorhersage ist heiter.,The afternoon forecast is clear skies.,rights: original; derived from same-batch vocab example,draft,
cloze_a1_0182,A1,소나기가 금방 지나갈 거예요.,Der Schauer wird bald vorübergehen.,The shower will pass soon.,rights: original; derived from same-batch vocab example,draft,
cloze_a1_0183,A1,일교차가 클 때는 옷을 겹쳐 입다 해요.,Bei großem Temperaturunterschied trage ich Kleidung in Lagen.,"When the temperature gap is large, I layer clothes.",rights: original; derived from same-batch vocab example,draft,
cloze_a1_0184,A1,늦게 와서 죄송하다 말하고 앉았어요.,"Ich sagte, es tue mir leid, dass ich zu spät komme, und setzte mich.",I said I was sorry for being late and sat down.,rights: original; derived from same-batch vocab example,draft,
cloze_a1_0185,A1,도와주셔서 감사하다 인사를 했어요.,"Ich habe mich bedankt, weil Sie geholfen haben.",I said I was grateful that you helped.,rights: original; derived from same-batch vocab example,draft,
cloze_a1_0186,A1,잠깐 실례하다 하고 지나갔어요.,Ich sagte Entschuldigung und ging vorbei.,I said excuse me and passed by.,rights: original; derived from same-batch vocab example,draft,
cloze_a1_0187,A1,소음에 양해를 구했어요.,Ich habe um Verständnis für den Lärm gebeten.,I asked for understanding about the noise.,rights: original; derived from same-batch vocab example,draft,
cloze_a1_0188,A1,창문을 닫아 달라고 부탁하다 전에 먼저 인사해요.,"Bevor ich bitte, das Fenster zu schließen, grüße ich zuerst.","Before I ask them to close the window, I greet them first.",rights: original; derived from same-batch vocab example,draft,
cloze_a1_0189,A1,실수해도 문제없어요.,"Wenn Sie einen Fehler machen, ist das kein Problem.","If you make a mistake, no problem.",rights: original; derived from same-batch vocab example,draft,
cloze_a1_0190,A1,도와줘서 고맙다는 말에 제가 더요.,"Auf das Danke sage ich, ich habe zu danken.","When someone thanks me, I say I should thank you.",rights: original; derived from same-batch vocab example,draft,
cloze_a1_0191,A1,계산 전에 잠깐만요.,"Vor dem Bezahlen, einen Moment bitte.",Just a moment before paying.,rights: original; derived from same-batch vocab example,draft,
cloze_a1_0192,A1,못 들어서 다시 말하다 부탁했어요.,"Ich habe gebeten, es noch einmal zu sagen, weil ich es nicht gehört habe.",I asked them to say it again because I did not hear it.,rights: original; derived from same-batch vocab example,draft,
cloze_a1_0193,A1,한국어를 천천히 말하다 들으면 이해가 돼요.,"Wenn Sie Koreanisch langsam sprechen, verstehe ich es.","If you speak Korean slowly, I understand.",rights: original; derived from same-batch vocab example,draft,
cloze_a1_0194,A1,자리를 양보해 주셔서 정말 감사해요.,"Vielen Dank, dass Sie den Platz überlassen haben.",Thank you so much for giving up the seat.,rights: original; derived from same-batch vocab example,draft,
cloze_a1_0195,A1,발을 밟아서 정말 죄송해요.,"Es tut mir sehr leid, dass ich auf Ihren Fuß getreten bin.",I am very sorry I stepped on your foot.,rights: original; derived from same-batch vocab example,draft,
cloze_a2_0076,A2,이 요금제가 데이터량이 더 많아요.,Dieser Tarif hat mehr Datenvolumen.,This rate plan has more data.,rights: original; derived from same-batch vocab example,draft,
cloze_a2_0077,A2,이번 달 데이터량이 벌써 끝났어요.,Das Datenvolumen für diesen Monat ist schon aufgebraucht.,This month's data allowance is already gone.,rights: original; derived from same-batch vocab example,draft,
cloze_a2_0078,A2,주말에는 데이터가 무제한이에요.,Am Wochenende ist das Datenvolumen unbegrenzt.,On weekends the data is unlimited.,rights: original; derived from same-batch vocab example,draft,
cloze_a2_0079,A2,약정이 올해 십이월에 끝나요.,Die Vertragslaufzeit endet im Dezember dieses Jahres.,The contract term ends this December.,rights: original; derived from same-batch vocab example,draft,
cloze_a2_0080,A2,지금 바꾸면 위약금이 나와요.,"Wenn ich jetzt wechsle, fällt eine Vertragsstrafe an.","If I switch now, there is an early-termination fee.",rights: original; derived from same-batch vocab example,draft,
cloze_a2_0081,A2,독일 가기 전에 로밍을 신청해요.,Vor der Reise nach Deutschland beantrage ich Roaming.,I apply for roaming before going to Germany.,rights: original; derived from same-batch vocab example,draft,
cloze_a2_0082,A2,필요 없는 부가서비스를 껐어요.,Ich habe unnötige Zusatzdienste ausgeschaltet.,I turned off add-on services I do not need.,rights: original; derived from same-batch vocab example,draft,
cloze_a2_0083,A2,이번 달 청구서가 평소보다 높아요.,Die Rechnung diesen Monat ist höher als sonst.,This month's bill is higher than usual.,rights: original; derived from same-batch vocab example,draft,
cloze_a2_0084,A2,요금은 자동이체로 빠져요.,Die Gebühr wird per Lastschrift abgebucht.,The fee is taken by auto debit.,rights: original; derived from same-batch vocab example,draft,
cloze_a2_0085,A2,고객센터에 오전에 전화했어요.,Ich habe das Kundencenter am Vormittag angerufen.,I called the customer center in the morning.,rights: original; derived from same-batch vocab example,draft,
cloze_a2_0086,A2,새 번호를 개통하다 전에 신분증이 필요해요.,"Bevor ich eine neue Nummer freischalte, brauche ich den Ausweis.","Before I activate a new number, I need ID.",rights: original; derived from same-batch vocab example,draft,
cloze_a2_0087,A2,부족하면 데이터 충전을 추가로 사요.,"Wenn es nicht reicht, kaufe ich eine Datenaufladung dazu.","If it is not enough, I buy a data top-up.",rights: original; derived from same-batch vocab example,draft,
cloze_a2_0088,A2,월세를 오늘 이체하다 전에 잔고를 봐요.,"Bevor ich die Miete überweise, schaue ich auf den Kontostand.","Before I transfer the rent, I check the balance.",rights: original; derived from same-batch vocab example,draft,
cloze_a2_0089,A2,인터넷 뱅킹 인증서가 만료됐어요.,Das Onlinebanking-Zertifikat ist abgelaufen.,The online banking certificate expired.,rights: original; derived from same-batch vocab example,draft,
cloze_a2_0090,A2,보안카드 번호를 두 개 입력해요.,Ich gebe zwei Nummern der Sicherheitskarte ein.,I enter two numbers from the security card.,rights: original; derived from same-batch vocab example,draft,
cloze_a2_0091,A2,대기번호를 뽑고 앉아서 기다려요.,Ich ziehe eine Wartenummer und warte im Sitzen.,I take a queue number and wait seated.,rights: original; derived from same-batch vocab example,draft,
cloze_a2_0092,A2,하루 이체 한도를 올렸어요.,Ich habe das tägliche Überweisungslimit erhöht.,I raised the daily transfer limit.,rights: original; derived from same-batch vocab example,draft,
cloze_a2_0093,A2,창구직원이 서류를 천천히 설명해요.,Die Schalterkraft erklärt die Unterlagen langsam.,The counter staff explains the papers slowly.,rights: original; derived from same-batch vocab example,draft,
cloze_a2_0094,A2,창구에서 통장정리를 부탁했어요.,Am Schalter habe ich um einen Kontoauszug gebeten.,I asked for a passbook update at the counter.,rights: original; derived from same-batch vocab example,draft,
cloze_a2_0095,A2,계좌를 만들 때 인감이 필요해요.,Zum Kontoeröffnen brauche ich den Namensstempel.,I need a name seal to open an account.,rights: original; derived from same-batch vocab example,draft,
cloze_a2_0096,A2,비밀번호 재설정을 위해 신분증을 보여 줬어요.,Zum Passwort zurücksetzen habe ich den Ausweis gezeigt.,I showed my ID for a password reset.,rights: original; derived from same-batch vocab example,draft,
cloze_a2_0097,A2,창구 마감이 네 시라서 서둘렀어요.,"Der Schalterschluss ist um vier, deshalb habe ich mich beeilt.","Counter closing is at four, so I hurried.",rights: original; derived from same-batch vocab example,draft,
cloze_a2_0098,A2,입금 확인 문자가 아직 안 왔어요.,Die Eingangsbestätigung ist noch nicht gekommen.,The deposit confirmation text has not arrived yet.,rights: original; derived from same-batch vocab example,draft,
cloze_a2_0099,A2,출금 한도를 잠시 낮춰 두었어요.,Ich habe das Abhebungslimit vorübergehend gesenkt.,I temporarily lowered the withdrawal limit.,rights: original; derived from same-batch vocab example,draft,
cloze_a2_0100,A2,퇴근 후에 헬스장에 가요.,Nach der Arbeit gehe ich ins Fitnessstudio.,After work I go to the gym.,rights: original; derived from same-batch vocab example,draft,
cloze_a2_0101,A2,운동복을 락커에 넣어 두어요.,Ich lasse die Sportkleidung im Spind.,I leave the workout clothes in the locker.,rights: original; derived from same-batch vocab example,draft,
cloze_a2_0102,A2,러닝머신에서 십 분을 걸어요.,Auf dem Laufband gehe ich zehn Minuten.,I walk ten minutes on the treadmill.,rights: original; derived from same-batch vocab example,draft,
cloze_a2_0103,A2,시작 전에 스트레칭을 해요.,Vor dem Start mache ich Dehnungen.,I do stretching before starting.,rights: original; derived from same-batch vocab example,draft,
cloze_a2_0104,A2,이 동작은 횟수를 열 번으로 해요.,Diese Übung mache ich mit zehn Wiederholungen.,I do this move with ten reps.,rights: original; derived from same-batch vocab example,draft,
cloze_a2_0105,A2,세트 사이에 물을 마셔요.,Zwischen den Sätzen trinke ich Wasser.,I drink water between sets.,rights: original; derived from same-batch vocab example,draft,
cloze_a2_0106,A2,트레이너가 자세를 고쳐 줘요.,Der Trainer korrigiert meine Haltung.,The trainer corrects my posture.,rights: original; derived from same-batch vocab example,draft,
cloze_a2_0107,A2,락커 열쇠를 프론트에 맡겼어요.,Ich habe den Spindschlüssel an der Rezeption abgegeben.,I left the locker key at the front desk.,rights: original; derived from same-batch vocab example,draft,
cloze_a2_0108,A2,세 달 회원권을 끊었어요.,Ich habe eine dreimonatige Mitgliedschaft gekauft.,I bought a three-month membership.,rights: original; derived from same-batch vocab example,draft,
cloze_a2_0109,A2,준비운동을 빼면 다치기 쉬워요.,Ohne Aufwärmen verletzt man sich leicht.,Without a warm-up it is easy to get hurt.,rights: original; derived from same-batch vocab example,draft,
cloze_a2_0110,A2,근력 운동은 주 이 번만 해요.,Krafttraining mache ich nur zweimal pro Woche.,I do strength training only twice a week.,rights: original; derived from same-batch vocab example,draft,
cloze_a2_0111,A2,유산소 후에 숨이 고르게 돌아와요.,Nach dem Ausdauertraining wird die Atmung wieder ruhig.,After cardio my breathing steadies again.,rights: original; derived from same-batch vocab example,draft,
cloze_a2_0112,A2,토요일 오전에 미용실에 예약했어요.,Am Samstagvormittag habe ich im Friseursalon reserviert.,I booked the hair salon for Saturday morning.,rights: original; derived from same-batch vocab example,draft,
cloze_a2_0113,A2,이번엔 커트를 조금만 해 주세요.,Bitte machen Sie den Schnitt diesmal nur ein wenig kürzer.,Please make the haircut just a little shorter this time.,rights: original; derived from same-batch vocab example,draft,
cloze_a2_0114,A2,염색은 너무 어둡지 않게 해 주세요.,Bitte machen Sie die Färbung nicht zu dunkel.,Please do not make the dye too dark.,rights: original; derived from same-batch vocab example,draft,
cloze_a2_0115,A2,여름에는 펌을 하지 않을게요.,Im Sommer mache ich keine Dauerwelle.,I will not get a perm in summer.,rights: original; derived from same-batch vocab example,draft,
cloze_a2_0116,A2,앞머리를 눈에 안 들어오게 잘라 주세요.,"Bitte schneiden Sie den Pony so, dass er nicht ins Auge fällt.",Please cut the bangs so they do not fall into my eyes.,rights: original; derived from same-batch vocab example,draft,
cloze_a2_0117,A2,커트 후에 드라이만 해 주세요.,Nach dem Schnitt bitte nur föhnen.,"After the cut, please just blow-dry.",rights: original; derived from same-batch vocab example,draft,
cloze_a2_0118,A2,스타일리스트가 거울로 뒷모습을 보여 줘요.,Der Stylist zeigt mir den Hinterkopf im Spiegel.,The stylist shows me the back of my head in the mirror.,rights: original; derived from same-batch vocab example,draft,
cloze_a2_0119,A2,주말 예약은 예약금이 있어요.,Für eine Wochenendreservierung gibt es eine Anzahlung.,Weekend bookings have a deposit.,rights: original; derived from same-batch vocab example,draft,
cloze_a2_0120,A2,향이 약한 샴푸로 감겨 주세요.,Bitte waschen Sie mit einem schwachen Shampoo.,Please wash with a mild-scent shampoo.,rights: original; derived from same-batch vocab example,draft,
cloze_a2_0121,A2,끝이 갈라져서 트리트먼트를 추가했어요.,"Die Spitzen sind splissig, deshalb habe ich eine Kur dazugenommen.","The ends are split, so I added a treatment.",rights: original; derived from same-batch vocab example,draft,
cloze_a2_0122,A2,옆머리를 귀에 안 붙게 해 주세요.,Bitte lassen Sie das Seitenhaar nicht am Ohr kleben.,Please keep the side hair off my ears.,rights: original; derived from same-batch vocab example,draft,
cloze_a2_0123,A2,출근 전에 간단한 손질만 해요.,Vor der Arbeit mache ich nur eine kurze Pflege.,Before work I only do quick grooming.,rights: original; derived from same-batch vocab example,draft,
cloze_a2_0124,A2,관리사무소에 주차 스티커를 받으러 가요.,Ich hole den Parkaufkleber in der Hausverwaltung.,I go to the management office for a parking sticker.,rights: original; derived from same-batch vocab example,draft,
cloze_a2_0125,A2,입주민만 지하 주차장을 쓸 수 있어요.,Nur Bewohner dürfen die Tiefgarage nutzen.,Only residents can use the underground parking.,rights: original; derived from same-batch vocab example,draft,
cloze_a2_0126,A2,주차스티커를 앞 유리에 붙여요.,Ich klebe den Parkaufkleber an die Windschutzscheibe.,I put the parking sticker on the windshield.,rights: original; derived from same-batch vocab example,draft,
cloze_a2_0127,A2,음식물 봉투는 지정된 통에만 넣어요.,Die Biotüte kommt nur in die vorgesehene Tonne.,Food-waste bags go only in the designated bin.,rights: original; derived from same-batch vocab example,draft,
cloze_a2_0128,A2,열 시 이후에는 야간소음을 피해요.,Nach zehn Uhr vermeide ich Nachtlärm.,After ten I avoid night noise.,rights: original; derived from same-batch vocab example,draft,
cloze_a2_0129,A2,현관문이 세게 닫히지 않게 잡아요.,"Ich halte die Wohnungstür, damit sie nicht laut zufällt.",I hold the front door so it does not slam.,rights: original; derived from same-batch vocab example,draft,
cloze_a2_0130,A2,손님은 방문증을 받아 입장해요.,Gäste gehen mit einem Besucherausweis hinein.,Guests enter with a visitor pass.,rights: original; derived from same-batch vocab example,draft,
cloze_a2_0131,A2,박스는 재활용실에서 접어서 넣어요.,Kartons falte ich im Wertstoffraum zusammen.,I fold boxes in the recycling room.,rights: original; derived from same-batch vocab example,draft,
cloze_a2_0132,A2,소파는 대형폐기로 신청해야 해요.,Das Sofa muss als Sperrmüll angemeldet werden.,The sofa must be booked as bulk waste.,rights: original; derived from same-batch vocab example,draft,
cloze_a2_0133,A2,밤에 경비 순찰이 두 번 돌아요.,Nachts macht der Wachdienst zwei Rundgänge.,At night security does two patrols.,rights: original; derived from same-batch vocab example,draft,
cloze_a2_0134,A2,흡연 위반이 반복되면 경고가 와요.,Bei wiederholtem Verstoß gegen das Rauchverbot kommt eine Warnung.,Repeated smoking violations bring a warning.,rights: original; derived from same-batch vocab example,draft,
cloze_a2_0135,A2,입주자 회의에서 엘리베이터 수리를 정했어요.,In der Bewohnerversammlung wurde die Aufzugreparatur beschlossen.,The residents' meeting decided on the elevator repair.,rights: original; derived from same-batch vocab example,draft,
cloze_a2_0136,A2,이번 달부터 시급이 올랐어요.,Ab diesem Monat ist der Stundenlohn gestiegen.,The hourly wage went up this month.,rights: original; derived from same-batch vocab example,draft,
cloze_a2_0137,A2,다음 주 근무표가 오늘 올라와요.,Der Dienstplan für nächste Woche kommt heute.,Next week's shift schedule is posted today.,rights: original; derived from same-batch vocab example,draft,
cloze_a2_0138,A2,열 시 이후에는 야간수당이 붙어요.,Nach zehn Uhr gibt es einen Nachtzuschlag.,After ten there is a night bonus.,rights: original; derived from same-batch vocab example,draft,
cloze_a2_0139,A2,네 시간마다 휴게시간이 십오 분이에요.,Alle vier Stunden gibt es fünfzehn Minuten Pause.,Every four hours there is a fifteen-minute break.,rights: original; derived from same-batch vocab example,draft,
cloze_a2_0140,A2,마감 전에 인수인계를 짧게 해요.,Vor Feierabend machen wir eine kurze Übergabe.,Before closing we do a short handover.,rights: original; derived from same-batch vocab example,draft,
cloze_a2_0141,A2,새 알바생에게 커피 기계를 보여 줬어요.,Ich habe der neuen Aushilfe die Kaffeemaschine gezeigt.,I showed the new part-timer the coffee machine.,rights: original; derived from same-batch vocab example,draft,
cloze_a2_0142,A2,일주일에 십오 시간을 일하면 주휴수당이 나와요.,Bei fünfzehn Stunden pro Woche gibt es Wochenruhegeld.,"If you work fifteen hours a week, you get weekly rest pay.",rights: original; derived from same-batch vocab example,draft,
cloze_a2_0143,A2,첫날에 근로계약을 읽고 서명해요.,Am ersten Tag lese ich den Arbeitsvertrag und unterschreibe.,On the first day I read and sign the work contract.,rights: original; derived from same-batch vocab example,draft,
cloze_a2_0144,A2,여섯 시에 교대가 있어서 조금 일찍 와요.,"Um sechs ist Schichtwechsel, deshalb komme ich etwas früher.","Shift change is at six, so I come a bit early.",rights: original; derived from same-batch vocab example,draft,
cloze_a2_0145,A2,점장에게 휴가를 미리 말했어요.,Ich habe der Filialleitung den Urlaub vorher gesagt.,I told the store manager about the leave in advance.,rights: original; derived from same-batch vocab example,draft,
cloze_a2_0146,A2,가게를 마감하다 전에 바닥을 닦아요.,"Bevor ich den Laden abschließe, wische ich den Boden.","Before I close up the shop, I mop the floor.",rights: original; derived from same-batch vocab example,draft,
cloze_a2_0147,A2,시급 명세서를 문자로 받았어요.,Ich habe den Lohnzettel per Nachricht bekommen.,I received the wage slip by text.,rights: original; derived from same-batch vocab example,draft,
cloze_a2_0148,A2,지하철 분실물을 역 사무실에 문의했어요.,Ich habe im Bahnhofsbüro nach der Fundsache gefragt.,I asked the station office about the lost item.,rights: original; derived from same-batch vocab example,draft,
cloze_a2_0149,A2,우산을 습득하다 바로 안내데스크에 맡겼어요.,"Als ich den Schirm gefunden habe, habe ich ihn sofort an den Infoschalter gegeben.","When I found the umbrella, I took it straight to the information desk.",rights: original; derived from same-batch vocab example,draft,
cloze_a2_0150,A2,지갑은 보관함에 삼 일 동안 있어요.,Die Geldbörse bleibt drei Tage in der Aufbewahrung.,The wallet stays at the holding desk for three days.,rights: original; derived from same-batch vocab example,draft,
cloze_a2_0151,A2,찾을 때 신분증을 보여 주세요.,Bitte zeigen Sie beim Abholen den Ausweis.,Please show your ID when you pick it up.,rights: original; derived from same-batch vocab example,draft,
cloze_a2_0152,A2,우산을 찾아가다 전에 전화로 확인해요.,"Bevor ich den Schirm abhole, rufe ich zur Bestätigung an.","Before I pick up the umbrella, I confirm by phone.",rights: original; derived from same-batch vocab example,draft,
cloze_a2_0153,A2,가방을 잃어버려서 바로 신고하다 했어요.,Ich habe die Tasche verloren und sie sofort gemeldet.,I lost the bag and reported it right away.,rights: original; derived from same-batch vocab example,draft,
cloze_a2_0154,A2,안내데스크에서 분실물 번호를 받았어요.,Am Infoschalter habe ich eine Fundsachennummer bekommen.,I got a lost-item number at the information desk.,rights: original; derived from same-batch vocab example,draft,
cloze_a2_0155,A2,소지품에 이름을 적어 두면 찾기 쉬워요.,"Wenn der Name auf den Habseligkeiten steht, findet man sie leichter.","If you write your name on belongings, they are easier to find.",rights: original; derived from same-batch vocab example,draft,
cloze_a2_0156,A2,가방 안쪽 라벨에 전화번호를 썼어요.,Auf dem Etikett innen in der Tasche steht meine Nummer.,I wrote my number on the label inside the bag.,rights: original; derived from same-batch vocab example,draft,
cloze_a2_0157,A2,수령인 이름을 정확히 말해 주세요.,Bitte nennen Sie den Namen des Abholers genau.,Please say the recipient name exactly.,rights: original; derived from same-batch vocab example,draft,
cloze_a2_0158,A2,보관기간이 지나면 물건을 옮긴대요.,Nach der Aufbewahrungsfrist wird der Gegenstand weitergegeben.,After the holding period they move the item.,rights: original; derived from same-batch vocab example,draft,
cloze_a2_0159,A2,찾을 때 확인서를 받아서 서명해요.,Beim Abholen unterschreibe ich die Bestätigung.,When I pick it up I sign the confirmation slip.,rights: original; derived from same-batch vocab example,draft,
cloze_a2_0160,A2,동네 축제가 이번 주말에 열려요.,Das Viertelfest findet dieses Wochenende statt.,The neighborhood festival is this weekend.,rights: original; derived from same-batch vocab example,draft,
cloze_a2_0161,A2,전통차 부스가 입구 옆에 있어요.,Der Stand mit TraditionsTee steht neben dem Eingang.,The traditional-tea booth is next to the entrance.,rights: original; derived from same-batch vocab example,draft,
cloze_a2_0162,A2,한지를 체험하다 전에 줄을 서요.,"Bevor ich Hanji ausprobiere, stelle ich mich an.","Before I try Hanji, I stand in line.",rights: original; derived from same-batch vocab example,draft,
cloze_a2_0163,A2,인기 부스는 오전에 줄서다 시작해요.,Am beliebten Stand beginnt man schon am Vormittag anstehen.,At the popular booth people start to queue in the morning.,rights: original; derived from same-batch vocab example,draft,
cloze_a2_0164,A2,안내원이 스탬프 위치를 알려 줘요.,"Der Betreuer zeigt, wo der Stempel ist.",The guide shows where the stamp is.,rights: original; derived from same-batch vocab example,draft,
cloze_a2_0165,A2,무료시식은 한 사람당 한 개예요.,Die Kostprobe gibt es eine pro Person.,The free tasting is one per person.,rights: original; derived from same-batch vocab example,draft,
cloze_a2_0166,A2,홍보물을 가방에 넣지 말고 다시 봐요.,"Schauen Sie den Flyer noch einmal an, statt ihn nur einzupacken.",Look at the flyer again instead of just putting it in the bag.,rights: original; derived from same-batch vocab example,draft,
cloze_a2_0167,A2,다섯 개 스탬프를 모으면 차를 받아요.,Mit fünf Stempeln bekommt man einen Tee.,"If you collect five stamps, you get tea.",rights: original; derived from same-batch vocab example,draft,
cloze_a2_0168,A2,부스 운영시간은 여섯 시까지예요.,Die Öffnungszeit des Stands geht bis sechs.,The booth's opening hours go until six.,rights: original; derived from same-batch vocab example,draft,
cloze_a2_0169,A2,현장접수는 열 명까지만 받아요.,Die Vor-Ort-Anmeldung nimmt nur zehn Personen auf.,On-site signup takes only ten people.,rights: original; derived from same-batch vocab example,draft,
cloze_a2_0170,A2,자원봉사자가 줄을 나눠 안내해요.,Ehrenamtliche teilen die Schlange und weisen den Weg.,Volunteers split the line and give directions.,rights: original; derived from same-batch vocab example,draft,
cloze_a2_0171,A2,체험권을 보여 주면 재료를 받아요.,"Wenn Sie die Mitmachkarte zeigen, bekommen Sie das Material.","If you show the activity ticket, you get the materials.",rights: original; derived from same-batch vocab example,draft,
cloze_b1_0084,B1,팀장만 참조에 넣고 보내요.,Ich setze nur die Teamleitung in Kopie.,I only put the team lead in cc.,rights: original; derived from same-batch vocab example,draft,
cloze_b1_0085,B1,외부 주소는 숨은참조로 넣어요.,Externe Adressen setze ich in Blindkopie.,I put external addresses in bcc.,rights: original; derived from same-batch vocab example,draft,
cloze_b1_0086,B1,회신 기한을 금요일 낮으로 적었어요.,Ich habe die Antwortfrist auf Freitagmittag gesetzt.,I wrote the reply deadline as Friday noon.,rights: original; derived from same-batch vocab example,draft,
cloze_b1_0087,B1,첨부 누락이 있어서 바로 다시 보냈어요.,Wegen eines fehlenden Anhangs habe ich die Mail sofort noch einmal geschickt.,"There was a missing attachment, so I sent it again right away.",rights: original; derived from same-batch vocab example,draft,
cloze_b1_0088,B1,이 메일을 전달하다 전에 개인 정보를 지워요.,"Bevor ich die Mail weiterleite, lösche ich persönliche Daten.","Before I forward this mail, I remove personal data.",rights: original; derived from same-batch vocab example,draft,
cloze_b1_0089,B1,숫자 오류를 정정 메일로 알렸어요.,Den Zahlenfehler habe ich per Korrekturmail mitgeteilt.,I reported the number error in a correction email.,rights: original; derived from same-batch vocab example,draft,
cloze_b1_0090,B1,급한 요청에만 읽음 확인을 켜요.,Lesebestätigung schalte ich nur bei dringenden Bitten ein.,I turn on read receipt only for urgent requests.,rights: original; derived from same-batch vocab example,draft,
cloze_b1_0091,B1,전달할 때 제목을 고치다 보니 내용이 분명해졌어요.,"Als ich beim Weiterleiten den Betreff geändert habe, wurde der Inhalt klarer.","When I fixed the subject while forwarding, the content became clearer.",rights: original; derived from same-batch vocab example,draft,
cloze_b1_0092,B1,답장이 없어서 후속 메일을 짧게 보냈어요.,"Weil keine Antwort kam, habe ich eine kurze Folgmail geschickt.","No reply came, so I sent a short follow-up mail.",rights: original; derived from same-batch vocab example,draft,
cloze_b1_0093,B1,양식은 내부망에서만 내려받아요.,Das Formular lade ich nur aus dem Intranet herunter.,I download the form only from the intranet.,rights: original; derived from same-batch vocab example,draft,
cloze_b1_0094,B1,공손한 맺음으로 시간을 배려한다고 썼어요.,"Im höflichen Schluss habe ich geschrieben, dass ich die Zeit respektiere.",In the polite closing I wrote that I respect their time.,rights: original; derived from same-batch vocab example,draft,
cloze_b1_0095,B1,수신 확인이 떠서 다시 보내지 않았어요.,"Die Empfangsbestätigung erschien, deshalb habe ich nicht noch einmal gesendet.","The delivery receipt appeared, so I did not send it again.",rights: original; derived from same-batch vocab example,draft,
cloze_b1_0096,B1,공용 선반에는 이름 스티커를 붙여요.,Auf das gemeinsame Regal klebe ich Namensaufkleber.,I put name stickers on the shared shelf.,rights: original; derived from same-batch vocab example,draft,
cloze_b1_0097,B1,이번 주 청소 당번은 제가 맡아요.,Den Putzdienst diese Woche übernehme ich.,I take the cleaning turn this week.,rights: original; derived from same-batch vocab example,draft,
cloze_b1_0098,B1,공과금 정산을 일요일에 같이 해요.,Die Nebenkostenabrechnung machen wir sonntags gemeinsam.,We do the utility split together on Sunday.,rights: original; derived from same-batch vocab example,draft,
cloze_b1_0099,B1,시험 주에는 조용한 시간을 아홉 시부터 지켜요.,In der Prüfungswoche halten wir die Ruhezeit ab neun Uhr ein.,In exam week we keep quiet hours from nine.,rights: original; derived from same-batch vocab example,draft,
cloze_b1_0100,B1,밤늦게 오면 손님 사전 알림을 보내요.,"Wenn Gäste spät kommen, schicke ich eine Gästeankündigung.","If guests come late, I send a guest notice.",rights: original; derived from same-batch vocab example,draft,
cloze_b1_0101,B1,제 냉장고 칸에 약만 넣어 두어요.,In mein Kühlfach lege ich nur Medizin.,I only put medicine on my fridge shelf.,rights: original; derived from same-batch vocab example,draft,
cloze_b1_0102,B1,빨래 순서를 표로 붙여 두었어요.,Die Waschreihenfolge habe ich als Tabelle aufgehängt.,I posted the laundry turn as a chart.,rights: original; derived from same-batch vocab example,draft,
cloze_b1_0103,B1,공용 세제가 떨어지면 같이 사요.,"Wenn der Gemeinschaftsreiniger leer ist, kaufen wir ihn zusammen.","When the shared detergent runs out, we buy it together.",rights: original; derived from same-batch vocab example,draft,
cloze_b1_0104,B1,밤에는 문 닫힘을 더 조용히 해요.,Nachts mache ich das Türschließen leiser.,At night I close the door more quietly.,rights: original; derived from same-batch vocab example,draft,
cloze_b1_0105,B1,생활 리듬이 달라서 아침 소음을 줄였어요.,"Weil der Alltagsrhythmus anders ist, habe ich den Morgenlärm reduziert.","Our daily rhythms differ, so I reduced morning noise.",rights: original; derived from same-batch vocab example,draft,
cloze_b1_0106,B1,휴지는 공동 구매로 더 싸게 샀어요.,Toilettenpapier haben wir im Sammelkauf günstiger gekauft.,We bought toilet paper cheaper as a group purchase.,rights: original; derived from same-batch vocab example,draft,
cloze_b1_0107,B1,서운한 점은 바로 말하지 않고 저녁에 이야기해요.,"Eine Kränkung spreche ich nicht sofort an, sondern abends.","I do not raise a sore point immediately, but in the evening.",rights: original; derived from same-batch vocab example,draft,
cloze_b1_0108,B1,사고 접수를 당일 오후에 했어요.,Die Schadensmeldung habe ich noch am Nachmittag gemacht.,I filed the claim the same afternoon.,rights: original; derived from same-batch vocab example,draft,
cloze_b1_0109,B1,보장 범위를 약관 삼 쪽에서 확인해요.,Den Leistungsrahmen prüfe ich auf Seite drei der Bedingungen.,I check the coverage scope on page three of the terms.,rights: original; derived from same-batch vocab example,draft,
cloze_b1_0110,B1,자기부담금이 오만 원이라 수리를 다시 계산해요.,"Die Selbstbeteiligung beträgt fünfzigtausend Won, deshalb rechne ich die Reparatur neu.","The deductible is 50,000 won, so I recalculate the repair.",rights: original; derived from same-batch vocab example,draft,
cloze_b1_0111,B1,병원 진단서를 스캔해서 올렸어요.,Ich habe das Attest gescannt und hochgeladen.,I scanned the medical note and uploaded it.,rights: original; derived from same-batch vocab example,draft,
cloze_b1_0112,B1,보험금이 언제 입금되는지 물었어요.,"Ich habe gefragt, wann die Versicherungssumme eingeht.",I asked when the payout will be deposited.,rights: original; derived from same-batch vocab example,draft,
cloze_b1_0113,B1,기존 질환은 면책이라고 안내받았어요.,"Mir wurde gesagt, dass Vorerkrankungen ein Ausschluss sind.",I was told existing conditions are an exclusion.,rights: original; derived from same-batch vocab example,draft,
cloze_b1_0114,B1,청구 서류가 하나 빠져서 보완했어요.,"Eine der Antragsunterlagen fehlte, deshalb habe ich nachgereicht.","One claim document was missing, so I supplemented it.",rights: original; derived from same-batch vocab example,draft,
cloze_b1_0115,B1,담당 설계사에게 진행 상황을 물어봤어요.,Ich habe den Berater nach dem Stand gefragt.,I asked the agent about the status.,rights: original; derived from same-batch vocab example,draft,
cloze_b1_0116,B1,보상 심사가 이번 주까지라고 들었어요.,Die Leistungsprüfung soll bis Ende der Woche fertig sein.,I heard the payout review is due this week.,rights: original; derived from same-batch vocab example,draft,
cloze_b1_0117,B1,사고 경위를 시간 순으로 적었어요.,Den Hergang habe ich in zeitlicher Reihenfolge geschrieben.,I wrote the incident account in time order.,rights: original; derived from same-batch vocab example,draft,
cloze_b1_0118,B1,치과 특약이 있어야 스케일링이 나가요.,Nur mit dem Zahn-Zusatzbaustein wird die Zahnreinigung erstattet.,Only with the dental rider is cleaning covered.,rights: original; derived from same-batch vocab example,draft,
cloze_b1_0119,B1,사진이 흐려서 지급 보류가 됐어요.,"Weil das Foto unscharf war, gab es einen Auszahlungsstopp.","The photo was blurry, so the payout was held.",rights: original; derived from same-batch vocab example,draft,
cloze_b1_0120,B1,민원실에서 번호표를 뽑고 기다려요.,Im Bürgerbüro ziehe ich eine Nummer und warte.,I take a number at the civil affairs desk and wait.,rights: original; derived from same-batch vocab example,draft,
cloze_b1_0121,B1,구비 서류 목록을 홈페이지에서 인쇄했어요.,Die Liste der erforderlichen Unterlagen habe ich von der Website gedruckt.,I printed the required-papers list from the website.,rights: original; derived from same-batch vocab example,draft,
cloze_b1_0122,B1,접수증 번호를 사진으로 남겨 두어요.,Die Nummer auf dem Eingangsbeleg fotografiere ich.,I photograph the number on the intake slip.,rights: original; derived from same-batch vocab example,draft,
cloze_b1_0123,B1,처리 기한이 이 주라고 안내받았어요.,Mir wurde eine Bearbeitungsfrist von zwei Wochen genannt.,I was told the processing time is two weeks.,rights: original; derived from same-batch vocab example,draft,
cloze_b1_0124,B1,전입 신고는 담당 창구가 따로 있어요.,Für die Ummeldung gibt es einen zuständigen Schalter.,Change-of-address has its own responsible counter.,rights: original; derived from same-batch vocab example,draft,
cloze_b1_0125,B1,보완 요청 문자가 와서 사본을 추가했어요.,Wegen einer Nachforderung habe ich eine Kopie nachgereicht.,"A supplement request text came, so I added a copy.",rights: original; derived from same-batch vocab example,draft,
cloze_b1_0126,B1,본인만 서류 열람이 가능해요.,Nur die Person selbst darf Einsicht in die Unterlagen nehmen.,Only the person themselves can inspect the documents.,rights: original; derived from same-batch vocab example,draft,
cloze_b1_0127,B1,대리 신청에는 위임장이 필요해요.,Für einen Antrag durch Vertretung braucht man eine Vollmacht.,A proxy application needs a letter of authorization.,rights: original; derived from same-batch vocab example,draft,
cloze_b1_0128,B1,수수료 납부는 카드만 된다고 했어요.,Die Gebührenzahlung sei nur mit Karte möglich.,They said fee payment is card only.,rights: original; derived from same-batch vocab example,draft,
cloze_b1_0129,B1,민원 번호로 진행 상태를 조회해요.,Mit der Vorgangsnummer prüfe ich den Stand.,I check the status with the case number.,rights: original; derived from same-batch vocab example,draft,
cloze_b1_0130,B1,전화로 담당자 연결을 두 번 요청했어요.,Am Telefon habe ich zweimal um Durchstellung gebeten.,I asked twice on the phone for a transfer to an officer.,rights: original; derived from same-batch vocab example,draft,
cloze_b1_0131,B1,처리 완료 알림이 오면 서류를 받으러 가요.,"Wenn die Meldung über den Abschluss der Bearbeitung kommt, hole ich die Unterlagen.","When the processing-complete notice arrives, I pick up the papers.",rights: original; derived from same-batch vocab example,draft,
cloze_b1_0132,B1,이번 달 봉사 시간을 표에 적어요.,Die Ehrenamtsstunden diesen Monat trage ich in die Tabelle ein.,I write this month's volunteer hours in the chart.,rights: original; derived from same-batch vocab example,draft,
cloze_b1_0133,B1,배정표에서 제 구역을 확인해요.,Im Einsatzplan prüfe ich meinen Bereich.,I check my area on the assignment sheet.,rights: original; derived from same-batch vocab example,draft,
cloze_b1_0134,B1,사전 교육을 들어야 부스를 맡을 수 있어요.,Ohne Vorschulung darf ich den Stand nicht übernehmen.,I need pre-shift training before I can run the booth.,rights: original; derived from same-batch vocab example,draft,
cloze_b1_0135,B1,도로 안내는 안전 조끼를 입고 해요.,Die Wegweisung mache ich mit Warnweste.,I do street guidance wearing a safety vest.,rights: original; derived from same-batch vocab example,draft,
cloze_b1_0136,B1,다음 조를 위해 인수 메모를 남겼어요.,Für die nächste Gruppe habe ich eine Übergabenotiz hinterlassen.,I left a handover note for the next team.,rights: original; derived from same-batch vocab example,draft,
cloze_b1_0137,B1,오전에 결원이 나서 제가 한 시간 더 했어요.,"Am Vormittag gab es einen Ausfall, deshalb blieb ich eine Stunde länger.","There was a no-show gap in the morning, so I stayed an hour more.",rights: original; derived from same-batch vocab example,draft,
cloze_b1_0138,B1,명찰에 역할 이름을 크게 썼어요.,Auf dem Namensschild steht die Rolle groß.,I wrote the role large on the name badge.,rights: original; derived from same-batch vocab example,draft,
cloze_b1_0139,B1,비상 연락망 첫 번호는 현장 책임자예요.,Die erste Nummer der Notfallkette ist die Leitung vor Ort.,The first number in the emergency chain is the on-site lead.,rights: original; derived from same-batch vocab example,draft,
cloze_b1_0140,B1,시작 전에 물품 점검을 둘이서 해요.,Vor dem Start machen wir die Materialkontrolle zu zweit.,Before starting we do the supply check in pairs.,rights: original; derived from same-batch vocab example,draft,
cloze_b1_0141,B1,교대 시간보다 십 분 일찍 도착해요.,Ich komme zehn Minuten vor der Ablösezeit.,I arrive ten minutes before relief time.,rights: original; derived from same-batch vocab example,draft,
cloze_b1_0142,B1,문제가 생기면 현장 책임자에게 바로 말해요.,Bei einem Problem sage ich es sofort der Einsatzleitung.,"If a problem happens, I tell the site lead immediately.",rights: original; derived from same-batch vocab example,draft,
cloze_b1_0143,B1,학기말에 봉사 확인서를 받아요.,Am Semesterende bekomme ich den Nachweis.,I receive the service certificate at the end of the term.,rights: original; derived from same-batch vocab example,draft,
cloze_b1_0144,B1,학부모 면담을 수요일 저녁으로 잡았어요.,Das Elterngespräch habe ich auf Mittwochabend gelegt.,I scheduled the parent meeting for Wednesday evening.,rights: original; derived from same-batch vocab example,draft,
cloze_b1_0145,B1,알림장에 준비물을 적어 보내요.,Ins Mitteilungsheft schreibe ich die Mitbringsel.,I write the supplies in the home note.,rights: original; derived from same-batch vocab example,draft,
cloze_b1_0146,B1,상담 시간이 십오 분이라 질문을 미리 적어요.,"Die Sprechzeit beträgt fünfzehn Minuten, deshalb schreibe ich Fragen vorher auf.","The office hour is fifteen minutes, so I write questions in advance.",rights: original; derived from same-batch vocab example,draft,
cloze_b1_0147,B1,학습 태도는 좋아졌지만 숙제 속도가 느려요.,"Die Lernhaltung ist besser, aber die Hausaufgaben dauern länger.","The study attitude improved, but homework is slower.",rights: original; derived from same-batch vocab example,draft,
cloze_b1_0148,B1,한글 보충 수업을 주 한 번 신청했어요.,Ich habe einmal pro Woche eine Förderstunde für Hangul beantragt.,I signed up for a Hangul support class once a week.,rights: original; derived from same-batch vocab example,draft,
cloze_b1_0149,B1,가정 통신에 현장학습 날짜가 있어요.,Im Elternbrief steht das Datum des Ausflugs.,The school letter has the field-trip date.,rights: original; derived from same-batch vocab example,draft,
cloze_b1_0150,B1,참관 수업은 조용히 뒤쪽에 앉아요.,Bei der Hospitation sitze ich hinten und bleibe still.,During class observation I sit quietly at the back.,rights: original; derived from same-batch vocab example,draft,
cloze_b1_0151,B1,생활 기록에 친구 관계를 짧게 적었어요.,In der Entwicklungsnotiz steht kurz etwas zu den Freundschaften.,The progress note briefly mentions friendships.,rights: original; derived from same-batch vocab example,draft,
cloze_b1_0152,B1,준비물 분담표를 반 단톡에 올렸어요.,Die Materialteilung habe ich in den Klassenchat gestellt.,I posted the shared-supplies chart in the class chat.,rights: original; derived from same-batch vocab example,draft,
cloze_b1_0153,B1,하원 시간이 밀리면 미리 문자를 보내요.,"Wenn sich die Abholzeit verschiebt, schreibe ich vorher.","If pickup time slips, I text in advance.",rights: original; derived from same-batch vocab example,draft,
cloze_b1_0154,B1,담임 선생님께 상담 연기를 정중히 부탁했어요.,Ich habe die Klassenleitung höflich um Verschiebung gebeten.,I politely asked the homeroom teacher to postpone.,rights: original; derived from same-batch vocab example,draft,
cloze_b1_0155,B1,사진 촬영 동의서를 오늘 제출해요.,Die Einverständniserklärung für Fotos gebe ich heute ab.,I submit the photo consent form today.,rights: original; derived from same-batch vocab example,draft,
cloze_b1_0156,B1,고장 부위를 사진으로 세 장 찍었어요.,Die defekte Stelle habe ich dreimal fotografiert.,I took three photos of the fault location.,rights: original; derived from same-batch vocab example,draft,
cloze_b1_0157,B1,부품 교체 비용이 예상보다 높아요.,Der Teiletausch kostet mehr als gedacht.,Part replacement costs more than expected.,rights: original; derived from same-batch vocab example,draft,
cloze_b1_0158,B1,출장 수리는 오전 방문만 가능하대요.,Die Vor-Ort-Reparatur sei nur vormittags möglich.,They said on-site repair is only possible in the morning.,rights: original; derived from same-batch vocab example,draft,
cloze_b1_0159,B1,무상 기간이 일주일 남아 있어요.,Die Garantiezeit beträgt noch eine Woche.,One week remains in the warranty period.,rights: original; derived from same-batch vocab example,draft,
cloze_b1_0160,B1,점검 결과를 문자로 요약해 달라고 했어요.,Ich habe um eine kurze Nachricht zum Prüfergebnis gebeten.,I asked them to summarize the inspection result by text.,rights: original; derived from same-batch vocab example,draft,
cloze_b1_0161,B1,부품이 없어서 재방문을 잡았어요.,"Weil das Teil fehlt, habe ich einen Zweitbesuch vereinbart.","The part is missing, so I booked a return visit.",rights: original; derived from same-batch vocab example,draft,
cloze_b1_0162,B1,물이 새서 임시 조치로 밸브를 잠갔어요.,"Weil Wasser austrat, habe ich als Notlösung das Ventil geschlossen.","Water was leaking, so as a temporary fix I shut the valve.",rights: original; derived from same-batch vocab example,draft,
cloze_b1_0163,B1,견적 변경이 있으면 먼저 전화해 달라고 했어요.,Bei einer Kostenvoranschlagsänderung sollen sie zuerst anrufen.,I asked them to call first if there is a quote change.,rights: original; derived from same-batch vocab example,draft,
cloze_b1_0164,B1,설치 오류인지 사용 문제인지 구분해 주세요.,Bitte trennen Sie Montagefehler und Bedienproblem.,Please distinguish an install error from a usage problem.,rights: original; derived from same-batch vocab example,draft,
cloze_b1_0165,B1,무거운 기기는 A/S 센터로 직접 가져가요.,Schwere Geräte bringe ich selbst zur Kundendienststelle.,I take heavy devices to the service center myself.,rights: original; derived from same-batch vocab example,draft,
cloze_b1_0166,B1,수리 완료증을 받아야 보증이 이어져요.,Ohne Fertigstellungsbeleg läuft die Garantie nicht weiter.,The warranty continues only with the repair receipt.,rights: original; derived from same-batch vocab example,draft,
cloze_b1_0167,B1,재발 방지를 위해 사용 방법을 다시 배웠어요.,Zum Rückfallschutz habe ich die Nutzung noch einmal gelernt.,To prevent recurrence I relearned how to use it.,rights: original; derived from same-batch vocab example,draft,
cloze_b1_0168,B1,태풍 때문에 일정 변경을 요청했어요.,Wegen des Taifuns habe ich eine Terminänderung gebeten.,I requested a schedule change because of the typhoon.,rights: original; derived from same-batch vocab example,draft,
cloze_b1_0169,B1,환불 규정을 예약 확인서에서 다시 읽어요.,Die Erstattungsregel lese ich noch einmal in der Buchungsbestätigung.,I reread the refund rule on the booking confirmation.,rights: original; derived from same-batch vocab example,draft,
cloze_b1_0170,B1,천재지변이면 수수료 면제가 가능하대요.,Bei höherer Gewalt sei ein Gebührenerlass möglich.,They said a fee waiver is possible for a natural disaster.,rights: original; derived from same-batch vocab example,draft,
cloze_b1_0171,B1,지연되면 대체 열차 좌석을 다시 배정해요.,Bei Verspätung wird ein Sitz im Ersatzzug neu zugewiesen.,"If delayed, they reassign a seat on the replacement train.",rights: original; derived from same-batch vocab example,draft,
cloze_b1_0172,B1,숙소 이월이 되는지 저녁에 답변 달래요.,"Ob eine Übernachtungsverschiebung möglich ist, sagen sie am Abend.",They will say this evening whether a stay shift is possible.,rights: original; derived from same-batch vocab example,draft,
cloze_b1_0173,B1,탑승 마감 삼십 분 전에는 카운터에 있어야 해요.,Dreißig Minuten vor Check-in-Schluss muss ich am Schalter sein.,I must be at the counter thirty minutes before boarding cutoff.,rights: original; derived from same-batch vocab example,draft,
cloze_b1_0174,B1,연결편이 끊기면 숙박권을 받아요.,"Wenn der Anschluss ausfällt, bekomme ich einen Hotelgutschein.","If the connecting service is missed, I get a hotel voucher.",rights: original; derived from same-batch vocab example,draft,
cloze_b1_0175,B1,좌석 재배정 문자가 출발 한 시간 전에 왔어요.,Die Nachricht zur Neuzuweisung kam eine Stunde vor Abfahrt.,The reseating text arrived an hour before departure.,rights: original; derived from same-batch vocab example,draft,
cloze_b1_0176,B1,여행자 보험에 일정 변경이 포함되는지 확인해요.,"Ich prüfe, ob die Reiseversicherung die Terminänderung abdeckt.",I check whether travel insurance covers the schedule change.,rights: original; derived from same-batch vocab example,draft,
cloze_b1_0177,B1,출발 지연이 한 시간을 넘으면 안내가 나와요.,"Dauert der Abfahrtsverzug länger als eine Stunde, kommt eine Durchsage.","If the departure delay exceeds one hour, there is an announcement.",rights: original; derived from same-batch vocab example,draft,
cloze_b1_0178,B1,변경 수수료를 카드로 바로 냈어요.,Die Umbuchungsgebühr habe ich sofort mit Karte gezahlt.,I paid the change fee by card immediately.,rights: original; derived from same-batch vocab example,draft,
cloze_b1_0179,B1,확정 대기 상태라 저녁에 다시 확인해요.,"Es steht auf der Warteliste, deshalb prüfe ich am Abend erneut.","It is on a waitlist hold, so I check again in the evening.",rights: original; derived from same-batch vocab example,draft,
cloze_b2_0170,B2,성과 면담 전에 스스로 한 일을 세 줄로 적어요.,Vor dem Beurteilungsgespräch schreibe ich drei Zeilen zu meiner Arbeit.,Before the performance talk I write three lines about what I did.,rights: original; derived from same-batch vocab example,draft,
cloze_b2_0171,B2,목표 대비 숫자를 과장하지 않아요.,Beim Soll-Ist übertreibe ich die Zahlen nicht.,In target versus actual I do not exaggerate the numbers.,rights: original; derived from same-batch vocab example,draft,
cloze_b2_0172,B2,개선 과제는 한 분기 안에 측정 가능하게 정해요.,Die Entwicklungsaufgabe formuliere ich in einem Quartal messbar.,I set the growth task so it can be measured within a quarter.,rights: original; derived from same-batch vocab example,draft,
cloze_b2_0173,B2,자기 평가에는 실패한 시도도 짧게 남기어요.,In der Selbsteinschätzung erwähne ich auch gescheiterte Versuche kurz.,In the self-review I briefly include failed attempts.,rights: original; derived from same-batch vocab example,draft,
cloze_b2_0174,B2,역량 기술은 형용사보다 사례로 적어요.,Die Kompetenzbeschreibung schreibe ich mit Fällen statt mit Adjektiven.,"I write the skill description with cases, not adjectives.",rights: original; derived from same-batch vocab example,draft,
cloze_b2_0175,B2,피드백 메모를 받은 날 바로 정리해요.,Die Rückmeldungsnotiz ordne ich am selben Tag.,I organize the feedback note the same day I receive it.,rights: original; derived from same-batch vocab example,draft,
cloze_b2_0176,B2,승진 기준이 공개되지 않아 질문을 준비했어요.,"Weil das Beförderungskriterium nicht offen liegt, habe ich Fragen vorbereitet.","The promotion criterion is not public, so I prepared questions.",rights: original; derived from same-batch vocab example,draft,
cloze_b2_0177,B2,면담 기록을 이틀 안에 공유해 달라고 했어요.,"Ich habe gebeten, das Gesprächsprotokoll innerhalb von zwei Tagen zu teilen.",I asked them to share the review minutes within two days.,rights: original; derived from same-batch vocab example,draft,
cloze_b2_0178,B2,강점 서술은 팀 결과에 연결해서 말해요.,Die Stärkenformulierung knüpfe ich an das Teamergebnis.,I tie the strength statement to the team result.,rights: original; derived from same-batch vocab example,draft,
cloze_b2_0179,B2,보완 계획에는 지원이 필요한 조건을 적어요.,"Im Nachholplan steht, welche Unterstützung nötig ist.",The remediation plan states what support is needed.,rights: original; derived from same-batch vocab example,draft,
cloze_b2_0180,B2,평가 주기가 반기라서 중간 점검을 넣었어요.,"Der Beurteilungszyklus ist halbjährlich, deshalb habe ich eine Zwischenprüfung eingefügt.","The review cycle is half-yearly, so I added a midpoint check.",rights: original; derived from same-batch vocab example,draft,
cloze_b2_0181,B2,합의된 다음 단계를 달력에 바로 넣어요.,Den vereinbarten Folgeschritt trage ich sofort in den Kalender ein.,I put the agreed next step on the calendar immediately.,rights: original; derived from same-batch vocab example,draft,
cloze_b2_0182,B2,수리 거절을 내용증명으로 남겼어요.,Die Ablehnung der Reparatur habe ich per Einschreiben mit Inhalt festgehalten.,I recorded the repair refusal with content-certified mail.,rights: original; derived from same-batch vocab example,draft,
cloze_b2_0183,B2,원상복구 범위를 계약서 조항과 맞춰 봐요.,Den Rückbau gleiche ich mit der Vertragsklausel ab.,I match the restoration scope to the contract clause.,rights: original; derived from same-batch vocab example,draft,
cloze_b2_0184,B2,하자 보수 기한을 이 주로 요청했어요.,Für die Mängelbeseitigung habe ich zwei Wochen erbeten.,I asked for two weeks for the defect repair.,rights: original; derived from same-batch vocab example,draft,
cloze_b2_0185,B2,관리단에 공용부 누수를 공식 안건으로 올렸어요.,Bei der Eigentümergemeinschaft habe ich das Gemeinschaftsleck als Tagesordnung gesetzt.,I put the shared leak on the owners' group agenda.,rights: original; derived from same-batch vocab example,draft,
cloze_b2_0186,B2,직접 합의가 안 되어 조정 신청을 넣었어요.,"Weil keine direkte Einigung kam, habe ich einen Schlichtungsantrag gestellt.","Direct agreement failed, so I filed a mediation request.",rights: original; derived from same-batch vocab example,draft,
cloze_b2_0187,B2,증거 사진에 날짜가 보이게 찍었어요.,Auf dem Beweisfoto ist das Datum sichtbar.,I took the evidence photo so the date is visible.,rights: original; derived from same-batch vocab example,draft,
cloze_b2_0188,B2,공사 기간 사용 제한을 미리 공지해 달라고 했어요.,"Ich habe gebeten, die Nutzungsbeschränkung während der Bauzeit vorher bekanntzugeben.",I asked them to announce the use restriction during construction in advance.,rights: original; derived from same-batch vocab example,draft,
cloze_b2_0189,B2,공용부 비용 분담 비율을 규약에서 찾았어요.,Den Anteil der Kostenteilung habe ich in der Ordnung gefunden.,I found the shared cost-share ratio in the bylaws.,rights: original; derived from same-batch vocab example,draft,
cloze_b2_0190,B2,퇴거 통보 기한이 법 기준보다 짧아서 이의를 넣었어요.,"Die Frist der Räumungsankündigung war kürzer als gesetzlich, deshalb habe ich widersprochen.","The vacate notice period was shorter than the legal standard, so I objected.",rights: original; derived from same-batch vocab example,draft,
cloze_b2_0191,B2,전입 날짜와 열쇠 수령일을 따로 적어요.,Melddatum und Schlüsselübergabe schreibe ich getrennt auf.,I write the move-in date and key handover separately.,rights: original; derived from same-batch vocab example,draft,
cloze_b2_0192,B2,분쟁 조항에 관할 기관이 명시되어 있어요.,In der Streitklausel steht die zuständige Stelle.,The dispute clause names the competent body.,rights: original; derived from same-batch vocab example,draft,
cloze_b2_0193,B2,합의서 초안을 받기 전에는 공사에 동의하지 않아요.,Ohne Vergleichsentwurf stimme ich den Arbeiten nicht zu.,I do not agree to the work before receiving a settlement draft.,rights: original; derived from same-batch vocab example,draft,
cloze_b2_0194,B2,제목만 보지 말고 원문 대조를 먼저 해요.,"Schauen Sie nicht nur die Überschrift an, machen Sie zuerst einen Quellenabgleich.",Do not look only at the headline; do a source check first.,rights: original; derived from same-batch vocab example,draft,
cloze_b2_0195,B2,짧은 영상은 선택 편집일 수 있어서 앞뒤를 찾아요.,"Ein kurzes Video kann eine Auswahlmontage sein, deshalb suche ich Vorher und Nachher.","A short clip may be a selective edit, so I look for what came before and after.",rights: original; derived from same-batch vocab example,draft,
cloze_b2_0196,B2,후원 표시가 없으면 광고인지 의심해요.,"Ohne Kennzeichnung prüfe ich, ob es Werbung ist.",Without a sponsorship label I question whether it is an ad.,rights: original; derived from same-batch vocab example,draft,
cloze_b2_0197,B2,통계 단위가 바뀌면 비교가 어려워요.,"Wechselt die Maßeinheit, wird der Vergleich schwer.","If the statistic unit changes, comparison gets hard.",rights: original; derived from same-batch vocab example,draft,
cloze_b2_0198,B2,한 문장만 떼면 인용 맥락이 사라져요.,"Reißt man einen Satz heraus, fehlt der Zitatrahmen.","If you lift one sentence, the quote context disappears.",rights: original; derived from same-batch vocab example,draft,
cloze_b2_0199,B2,정정 보도가 내려도 첫 제목이 더 멀리 퍼져요.,Auch nach einer Richtigstellung verbreitet sich die erste Überschrift weiter.,"Even after a correction notice, the first headline travels farther.",rights: original; derived from same-batch vocab example,draft,
cloze_b2_0200,B2,익명 제보는 다른 출처와 겹치는지 봐요.,Bei einer anonymen Meldung prüfe ich Überschneidungen mit anderen Quellen.,With an anonymous tip I check overlap with other sources.,rights: original; derived from same-batch vocab example,draft,
cloze_b2_0201,B2,알고리즘 추천만 보면 같은 의견만 보여요.,"Folgt man nur der Empfehlungslogik, sieht man dieselben Meinungen.","If you follow only feed ranking, you see the same views.",rights: original; derived from same-batch vocab example,draft,
cloze_b2_0202,B2,공유 전에 사실 확인 한 줄을 남겨 둬요.,Vor dem Teilen lasse ich eine Zeile Faktenprüfung stehen.,Before sharing I leave one line of fact check.,rights: original; derived from same-batch vocab example,draft,
cloze_b2_0203,B2,과장 표현을 빼고 숫자를 다시 말해요.,Ich lasse die Übertreibung weg und nenne die Zahl erneut.,I drop the loaded wording and restate the number.,rights: original; derived from same-batch vocab example,draft,
cloze_b2_0204,B2,출처 계층이 2차면 1차를 찾아요.,"Ist die Quellenlage sekundär, suche ich das Original.","If the source layer is secondary, I look for the primary.",rights: original; derived from same-batch vocab example,draft,
cloze_b2_0205,B2,화가 날수록 공유 보류를 십 분 해요.,"Je ärgerlicher ich bin, desto länger lasse ich den Teilestopp von zehn Minuten.","The angrier I am, the more I use a ten-minute hold before sharing.",rights: original; derived from same-batch vocab example,draft,
cloze_b2_0206,B2,주민 의견을 삼 분 안에 한 가지로 말해요.,Die Einwohnerstimme fasse ich in drei Minuten auf einen Punkt.,I state resident input as one point in three minutes.,rights: original; derived from same-batch vocab example,draft,
cloze_b2_0207,B2,안건 순서가 바뀌면 발언 준비를 다시 해요.,"Ändert sich die Tagesordnung, bereite ich die Wortmeldung neu vor.","If the agenda order changes, I prepare the remark again.",rights: original; derived from same-batch vocab example,draft,
cloze_b2_0208,B2,발언권을 받은 뒤에만 자료를 나눠 줘요.,Erst nach dem Rederecht verteile ich Unterlagen.,I hand out papers only after I have the floor.,rights: original; derived from same-batch vocab example,draft,
cloze_b2_0209,B2,회의 기록문 초안을 이틀 안에 검토해요.,Den Entwurf des Sitzungsprotokolls prüfe ich innerhalb von zwei Tagen.,I review the minutes draft within two days.,rights: original; derived from same-batch vocab example,draft,
cloze_b2_0210,B2,이해관계를 먼저 밝히고 제안을 말해요.,Ich nenne zuerst die Interessenlage und dann den Vorschlag.,"I disclose the stake first, then the proposal.",rights: original; derived from same-batch vocab example,draft,
cloze_b2_0211,B2,반대 이유는 감정 대신 비용으로 말해요.,Den Gegengrund nenne ich mit Kosten statt mit Gefühl.,"I state the reason against with cost, not emotion.",rights: original; derived from same-batch vocab example,draft,
cloze_b2_0212,B2,수정안을 문구 단위로 읽어 달라고 했어요.,"Ich habe gebeten, den Änderungsantrag satzweise vorzulesen.",I asked them to read the amendment sentence by sentence.,rights: original; derived from same-batch vocab example,draft,
cloze_b2_0213,B2,표결 방식이 거수인지 비밀인지 확인해요.,"Ich prüfe, ob die Abstimmungsform per Hand oder geheim ist.",I check whether the voting method is a show of hands or secret.,rights: original; derived from same-batch vocab example,draft,
cloze_b2_0214,B2,방청만 하는 자리에서는 발언하지 않아요.,Auf dem Platz nur zum Zuhören spreche ich nicht.,In the public gallery seat I do not speak.,rights: original; derived from same-batch vocab example,draft,
cloze_b2_0215,B2,회의 정족이 안 차서 결정을 미뤘어요.,Ohne Beschlussfähigkeit haben wir die Entscheidung verschoben.,"There was no quorum, so we postponed the decision.",rights: original; derived from same-batch vocab example,draft,
cloze_b2_0216,B2,공개 질의는 개인 비난 없이 사실만 물어요.,"In der öffentlichen Nachfrage frage ich nur nach Fakten, ohne persönliche Kritik.","In a public question I ask only for facts, without personal blame.",rights: original; derived from same-batch vocab example,draft,
cloze_b2_0217,B2,후속 공지에 일정과 담당 부서를 같이 적어요.,In der Folgebekanntgabe stehen Termin und zuständige Stelle.,The follow-up notice includes the date and the responsible office.,rights: original; derived from same-batch vocab example,draft,
cloze_b2_0218,B2,양보 범위를 미리 적어 두고 회의에 들어가요.,Den Spielraum schreibe ich vor der Besprechung auf.,I write the concession range before I enter the meeting.,rights: original; derived from same-batch vocab example,draft,
cloze_b2_0219,B2,핵심 조건은 일정이고 나머지는 조정 가능해요.,"Die Kernbedingung ist der Termin, der Rest ist verhandelbar.",The must-have is the schedule; the rest can move.,rights: original; derived from same-batch vocab example,draft,
cloze_b2_0220,B2,거절만 하지 말고 대안 제시를 한 줄 붙어요.,"Statt nur abzulehnen, hänge ich einen Gegenvorschlag an.","Instead of only refusing, I add one line of counter-offer.",rights: original; derived from same-batch vocab example,draft,
cloze_b2_0221,B2,숫자가 나온 뒤 침묵 구간을 십 초 둬요.,Nach der Zahl lasse ich zehn Sekunden Denkpause.,After a number I leave a ten-second silent pause.,rights: original; derived from same-batch vocab example,draft,
cloze_b2_0222,B2,공동 초안을 화면에 띄우고 문장마다 확인해요.,Den Gemeinentwurf zeigen wir und prüfen Satz für Satz.,We put the joint draft on screen and check sentence by sentence.,rights: original; derived from same-batch vocab example,draft,
cloze_b2_0223,B2,결정 권한이 없는 안건은 보류한다고 말해요.,"Ohne Entscheidungskompetenz sage ich, dass der Punkt ruht.","If there is no decision right, I say the item is on hold.",rights: original; derived from same-batch vocab example,draft,
cloze_b2_0224,B2,논쟁은 시간 상자 십오 분을 넘기지 않아요.,Die Debatte bleibt im Zeitfenster von fünfzehn Minuten.,The debate does not leave a fifteen-minute time box.,rights: original; derived from same-batch vocab example,draft,
cloze_b2_0225,B2,이해 확인으로 상대 말을 한 문장으로 되풀이해요.,Im Verständnischeck wiederhole ich die andere Seite in einem Satz.,In the check for understanding I restate the other side in one sentence.,rights: original; derived from same-batch vocab example,draft,
cloze_b2_0226,B2,기록 담당을 정해야 합의가 흐려지지 않아요.,Ohne Protokollführung verwässert die Einigung.,Without a note owner the agreement blurs.,rights: original; derived from same-batch vocab example,draft,
cloze_b2_0227,B2,보류 사유가 자료 부족이면 날짜를 같이 정해요.,"Ist der Ruhegrund fehlendes Material, setzen wir ein Datum.","If the reason to pause is missing material, we set a date together.",rights: original; derived from same-batch vocab example,draft,
cloze_b2_0228,B2,상호 양보가 한쪽에만 있으면 다시 말해요.,"Liegt das wechselseitige Nachgeben nur auf einer Seite, spreche ich es an.","If the mutual concession is only on one side, I say so.",rights: original; derived from same-batch vocab example,draft,
cloze_b2_0229,B2,합의 문장을 채팅에 붙여 확인하고 끝나요.,Wir kleben den Einigungssatz in den Chat und schließen.,"We paste the agreed sentence in chat, confirm, and end.",rights: original; derived from same-batch vocab example,draft,
cloze_b2_0230,B2,한 장 요약에는 결정이 필요한 질문만 남기어요.,Auf dem Einseiter bleibt nur die Entscheidungsfrage.,On the one-pager I leave only the question that needs a decision.,rights: original; derived from same-batch vocab example,draft,
cloze_b2_0231,B2,"선택지 비교는 비용, 시간, 위험을 같은 순서로 적어요.","Im Optionsvergleich stehen Kosten, Zeit und Risiko in derselben Reihenfolge.","In the option compare I list cost, time, and risk in the same order.",rights: original; derived from same-batch vocab example,draft,
cloze_b2_0232,B2,가정 명시를 빼면 숫자가 사실처럼 보여요.,Ohne Annahmenklarheit wirkt die Zahl wie eine Tatsache.,Without a stated assumption the number looks like a fact.,rights: original; derived from same-batch vocab example,draft,
cloze_b2_0233,B2,영향 집단을 먼저 적고 혜택을 나중에 적어요.,"Zuerst nenne ich die betroffene Gruppe, dann den Nutzen.","I name the affected group first, then the benefit.",rights: original; derived from same-batch vocab example,draft,
cloze_b2_0234,B2,실행 단계는 이번 달에 할 일만 세 개로 줄여요.,Die Umsetzungsschritte kürze ich auf drei Aufgaben in diesem Monat.,I cut implementation steps to three tasks this month.,rights: original; derived from same-batch vocab example,draft,
cloze_b2_0235,B2,반대 시나리오를 한 단락만 넣어도 설득이 단단해져요.,Schon ein Absatz Gegenszenario macht die Begründung fester.,Even one paragraph of counter-case makes the case firmer.,rights: original; derived from same-batch vocab example,draft,
cloze_b2_0236,B2,측정 지표가 모호하면 성공을 나중에 다툴 수 있어요.,"Ist die Messgröße unklar, streiten wir später über Erfolg.","If the metric is vague, we may later argue about success.",rights: original; derived from same-batch vocab example,draft,
cloze_b2_0237,B2,권고 문장은 동사로 시작하고 조건을 붙어요.,Der Empfehlungssatz beginnt mit einem Verb und nennt die Bedingung.,The recommendation line starts with a verb and adds a condition.,rights: original; derived from same-batch vocab example,draft,
cloze_b2_0238,B2,공개 범위를 내부와 외부로 나눠 적어요.,Den Öffnungsgrad teile ich in intern und extern.,I split the disclosure scope into internal and external.,rights: original; derived from same-batch vocab example,draft,
cloze_b2_0239,B2,결정 기한을 적지 않으면 논의가 늘어져요.,Ohne Entscheidungsfrist zieht sich die Debatte.,Without a decision deadline the discussion stretches.,rights: original; derived from same-batch vocab example,draft,
cloze_b2_0240,B2,근거 각주는 링크보다 날짜와 기관을 먼저 적어요.,In der Belegfußnote stehen Datum und Stelle vor dem Link.,In the source footnote I put date and institution before the link.,rights: original; derived from same-batch vocab example,draft,
cloze_b2_0241,B2,남은 불확실성을 숨기지 않고 마지막에 적어요.,"Die Restunsicherheit verstecke ich nicht, sondern schreibe sie ans Ende.",I do not hide remaining uncertainty; I put it at the end.,rights: original; derived from same-batch vocab example,draft,
cloze_b2_0242,B2,같은 답이 두 번이면 상위 담당 연결을 요청해요.,"Kommt dieselbe Antwort zweimal, bitte ich um die nächste Ebene.","If the same answer comes twice, I ask for the next-level owner.",rights: original; derived from same-batch vocab example,draft,
cloze_b2_0243,B2,사건 번호를 제목에 넣고 이력을 붙여요.,Die Fallnummer setze ich in den Betreff und hänge den Verlauf an.,I put the case id in the subject and attach the history.,rights: original; derived from same-batch vocab example,draft,
cloze_b2_0244,B2,약속 불이행 날짜를 표로 정리했어요.,Die Daten der Nichteinhaltung habe ich tabellarisch geordnet.,I listed the dates of the broken promise in a table.,rights: original; derived from same-batch vocab example,draft,
cloze_b2_0245,B2,보상 한도를 먼저 밝히면 기대가 맞춰져요.,"Nennt man den Kulanzrahmen zuerst, passen die Erwartungen.","If you state the goodwill limit first, expectations align.",rights: original; derived from same-batch vocab example,draft,
cloze_b2_0246,B2,재발 기록이 세 번이면 점검을 요구해요.,Bei drei Wiederholungsnotizen verlange ich eine Prüfung.,"If the repeat log hits three, I demand an inspection.",rights: original; derived from same-batch vocab example,draft,
cloze_b2_0247,B2,감정 분리 후에 사실만 세 문장으로 말해요.,Nach dem Sachton nenne ich die Fakten in drei Sätzen.,"After I separate the feeling, I state facts in three sentences.",rights: original; derived from same-batch vocab example,draft,
cloze_b2_0248,B2,우회 채널로 개인 메시지를 보내지 않아요.,Über den Nebenweg schicke ich keine private Nachricht.,I do not send a private message through a side channel.,rights: original; derived from same-batch vocab example,draft,
cloze_b2_0249,B2,최종 통지에는 기한과 다음 절차를 같이 적어요.,In der letzten Mitteilung stehen Frist und nächster Schritt.,The final notice includes the deadline and the next step.,rights: original; derived from same-batch vocab example,draft,
cloze_b2_0250,B2,책임 소재가 두 부서면 한 사람을 지정해 달라고 해요.,"Liegt die Zuständigkeit bei zwei Stellen, bitte ich um eine Person.","If who owns it is two offices, I ask them to name one person.",rights: original; derived from same-batch vocab example,draft,
cloze_b2_0251,B2,사진만으로 부족하면 현장 확인을 요청해요.,"Reichen Fotos nicht, bitte ich um eine Vor-Ort-Prüfung.","If photos are not enough, I request an on-site check.",rights: original; derived from same-batch vocab example,draft,
cloze_b2_0252,B2,합의 조건을 구두로만 듣지 않고 글로 받아요.,"Die Vergleichsklausel höre ich nicht nur mündlich, ich lasse sie schreiben.",I do not take the settlement term only verbally; I get it in writing.,rights: original; derived from same-batch vocab example,draft,
cloze_b2_0253,B2,종결 확인이 오기 전에는 사건을 닫지 않아요.,Ohne Abschlussbestätigung schließe ich den Fall nicht.,I do not close the case before the closure confirm arrives.,rights: original; derived from same-batch vocab example,draft,
cloze_b2_0254,B2,연구 질문을 한 문장으로 고정하고 자료를 모아요.,Ich fixiere die Leitfrage in einem Satz und sammle dann Material.,"I lock the research question in one sentence, then gather sources.",rights: original; derived from same-batch vocab example,draft,
cloze_b2_0255,B2,표본 크기가 작으면 일반화를 낮춰 말해요.,"Ist der Stichprobenumfang klein, formuliere ich die Verallgemeinerung schwächer.","If the sample size is small, I weaken the generalization.",rights: original; derived from same-batch vocab example,draft,
cloze_b2_0256,B2,한계 문장을 결과보다 먼저 읽게 배치해요.,Den Grenzsatz setze ich vor das Ergebnis.,I place the limitation line before the result.,rights: original; derived from same-batch vocab example,draft,
cloze_b2_0257,B2,숫자 하나는 교차 확인 없이 발표하지 않아요.,Eine Zahl trage ich nicht ohne Gegenprobe vor.,I do not present one number without a cross-check.,rights: original; derived from same-batch vocab example,draft,
cloze_b2_0258,B2,용어 정의를 슬라이드 아래에 작게 적어요.,Die Arbeitsdefinition steht klein unter der Folie.,I put the working definition in small type under the slide.,rights: original; derived from same-batch vocab example,draft,
cloze_b2_0259,B2,인용 형식을 팀 안에서 하나로 맞춰요.,Die Belegform vereinheitlichen wir im Team.,We unify the citation form inside the team.,rights: original; derived from same-batch vocab example,draft,
cloze_b2_0260,B2,결과 강도를 '보인다'와 '확인된다'로 나눠요.,Die Aussagestärke teile ich in 'scheint' und 'ist belegt'.,I split claim strength into 'appears' and 'is confirmed'.,rights: original; derived from same-batch vocab example,draft,
cloze_b2_0261,B2,도표 읽기는 축부터 소리 내어 확인해요.,Bei der Diagrammlektüre prüfe ich zuerst die Achsen laut.,In chart reading I check the axes out loud first.,rights: original; derived from same-batch vocab example,draft,
cloze_b2_0262,B2,반례 찾기를 다섯 분만 해도 주장이 조심스러워져요.,Schon fünf Minuten Gegenbeispielsuche machen die These vorsichtiger.,Even five minutes of looking for counterexamples makes the claim more careful.,rights: original; derived from same-batch vocab example,draft,
cloze_b2_0263,B2,요약 문단은 새 정보를 넣지 않아요.,Der Kurzabsatz enthält keine neue Information.,The summary paragraph does not add new information.,rights: original; derived from same-batch vocab example,draft,
cloze_b2_0264,B2,후속 조사 질문을 발표 끝에 하나만 남겨요.,Am Ende lasse ich nur eine Frage für die Anschlussrecherche.,At the end I leave only one follow-up study question.,rights: original; derived from same-batch vocab example,draft,
cloze_b2_0265,B2,출처 목록을 날짜순으로 정리해 공유해요.,Die Quellenliste teile ich nach Datum geordnet.,I share the source list sorted by date.,rights: original; derived from same-batch vocab example,draft,
cloze_c1_0053,C1,불확실성 구간을 숨기면 결론이 과해 보여요.,"Versteckt man die Unsicherheitsspanne, wirkt die Schlussfolgerung zu stark.","If you hide the uncertainty range, the conclusion looks too strong.",rights: original; derived from same-batch vocab example,draft,
cloze_c1_0054,C1,표본 편향을 인정해야 비교가 정직해져요.,Erst mit der Stichprobenverzerrung wird der Vergleich ehrlich.,Only after naming sample bias is the comparison honest.,rights: original; derived from same-batch vocab example,draft,
cloze_c1_0055,C1,과잉 일반화를 피하려고 적용 범위를 좁혀요.,"Um Überverallgemeinerung zu vermeiden, verenge ich den Geltungsbereich.",To avoid overgeneralization I narrow the scope of application.,rights: original; derived from same-batch vocab example,draft,
cloze_c1_0056,C1,신뢰 구간이 넓으면 순위 주장을 내려요.,"Ist das Konfidenzintervall breit, senke ich die Rangbehauptung.","If the confidence interval is wide, I lower the ranking claim.",rights: original; derived from same-batch vocab example,draft,
cloze_c1_0057,C1,공개 한계문을 첫 문단에 두면 오해가 줄어요.,"Steht der Grenzhinweis im ersten Absatz, sinken Missverständnisse.",A public limitation note in the first paragraph reduces misunderstanding.,rights: original; derived from same-batch vocab example,draft,
cloze_c1_0058,C1,설명 강도를 자료가 감당하는 만큼만 올려요.,"Die Erklärstärke hebe ich nur so weit, wie die Daten tragen.",I raise explanatory strength only as far as the data can carry.,rights: original; derived from same-batch vocab example,draft,
cloze_c1_0059,C1,관측 공백이 있는 달은 추세를 단정하지 않아요.,In Monaten mit Beobachtungslücke behaupte ich keinen Trend.,In months with an observation gap I do not assert a trend.,rights: original; derived from same-batch vocab example,draft,
cloze_c1_0060,C1,측정 오차를 말하면 작은 차이를 과장하지 않게 돼요.,"Nennt man die Messabweichung, übertreibt man kleine Differenzen weniger.",Naming measurement error keeps small differences from being overstated.,rights: original; derived from same-batch vocab example,draft,
cloze_c1_0061,C1,상관만 있으면 인과 단정을 하지 않아요.,Bei bloßer Korrelation mache ich keine Kausalbehauptung.,"If there is only correlation, I do not make a causal leap.",rights: original; derived from same-batch vocab example,draft,
cloze_c1_0062,C1,재현 여부를 확인하기 전에는 정책을 바꾸지 말자고 해요.,Vor der Prüfung der Replizierbarkeit soll die Politik nicht geändert werden.,I argue we should not change policy before checking replicability.,rights: original; derived from same-batch vocab example,draft,
cloze_c1_0063,C1,선택 보고를 줄이려고 실패한 지표도 표에 남겨요.,Gegen selektives Berichten lasse ich auch gescheiterte Kennzahlen in der Tabelle.,To reduce selective reporting I keep failed metrics in the table.,rights: original; derived from same-batch vocab example,draft,
cloze_c1_0064,C1,잠정 결론이라고 쓰면 청자가 여지를 남겨 둬요.,"Nennt man es ein vorläufiges Fazit, bleibt für die Hörenden Spielraum.",Calling it a provisional conclusion leaves listeners room.,rights: original; derived from same-batch vocab example,draft,
cloze_c1_0065,C1,브리핑 문안은 숫자보다 행동을 앞에 두지 않아요.,In der Lageformulierung steht die Zahl vor der Handlung.,In briefing wording I do not put action ahead of the number.,rights: original; derived from same-batch vocab example,draft,
cloze_c1_0066,C1,위험 등급을 바꿀 때는 기준표를 같이 보여요.,Beim Wechsel der Risikostufe zeige ich die Tabelle mit.,When I change the risk grade I show the criteria table too.,rights: original; derived from same-batch vocab example,draft,
cloze_c1_0067,C1,비전문가 설명에서는 은유를 한 개만 써요.,In der Laienerklärung nutze ich nur eine Metapher.,In a plain-language explainer I use only one metaphor.,rights: original; derived from same-batch vocab example,draft,
cloze_c1_0068,C1,질의 시간을 내부에서 줄이지 않고 공개해요.,"Das Nachfragfenster kürze ich nicht intern, sondern mache es öffentlich.",I do not cut the question window internally; I keep it public.,rights: original; derived from same-batch vocab example,draft,
cloze_c1_0069,C1,오해 예방을 위해 '전원' 대신 분모를 말해요.,Zur Missverständnisvorsorge nenne ich den Nenner statt 'alle'.,For misread prevention I say the denominator instead of 'everyone'.,rights: original; derived from same-batch vocab example,draft,
cloze_c1_0070,C1,속보 절제가 필요할 때는 확인 시각을 밝히고 기다려요.,Bei Eilzurückhaltung nenne ich die Prüfzeit und warte.,When holding a flash update I state the check time and wait.,rights: original; derived from same-batch vocab example,draft,
cloze_c1_0071,C1,공동 발표는 기관마다 다른 수치를 먼저 맞추어요.,Vor der Gemeinerklärung gleichen wir abweichende Zahlen ab.,Before a joint statement we align numbers that differ by office.,rights: original; derived from same-batch vocab example,draft,
cloze_c1_0072,C1,시각 자료의 축을 읽지 않으면 설명을 시작하지 않아요.,Ohne gelesene Achsen beginne ich das Schaubild nicht.,I do not start the visual aid until the axes have been read.,rights: original; derived from same-batch vocab example,draft,
cloze_c1_0073,C1,정정 창구를 브리핑 끝에 크게 안내해요.,Den Korrekturkanal nenne ich am Ende der Lage deutlich.,I announce the correction channel clearly at the end of the briefing.,rights: original; derived from same-batch vocab example,draft,
cloze_c1_0074,C1,행동 권고는 대상과 기한을 빠뜨리지 않아요.,Die Handlungsempfehlung nennt Zielgruppe und Frist.,Action advice always names the audience and the deadline.,rights: original; derived from same-batch vocab example,draft,
cloze_c1_0075,C1,자료 공개일을 앞당기면 검수 시간이 줄어든다고 말해요.,"Ein früherer Veröffentlichungstag verkürzt die Prüfung, das sage ich offen.",I say openly that moving the release day up shortens review time.,rights: original; derived from same-batch vocab example,draft,
cloze_c1_0076,C1,발언 기록을 남기면 나중에 과장 여부를 확인할 수 있어요.,"Mit Wortprotokoll lässt sich später prüfen, ob übertrieben wurde.",A spoken record lets us later check whether something was overstated.,rights: original; derived from same-batch vocab example,draft,
cloze_c1_0077,C1,문항 유도를 줄이려고 선택지를 대칭으로 만들어요.,Gegen Suggestivfragen mache ich die Optionen symmetrisch.,To reduce a leading item I make the options symmetrical.,rights: original; derived from same-batch vocab example,draft,
cloze_c1_0078,C1,무응답 처리를 밝히지 않으면 비율이 부풀어 보여요.,Ohne Item-Nonresponse wirkt der Anteil aufgebläht.,Without missing-answer handling the share looks inflated.,rights: original; derived from same-batch vocab example,draft,
cloze_c1_0079,C1,가중치 부여 전후의 결과를 둘 다 보여요.,Ich zeige Ergebnisse vor und nach der Gewichtung.,I show results both before and after weighting.,rights: original; derived from same-batch vocab example,draft,
cloze_c1_0080,C1,표집틀에서 빠진 집단을 각주로 적어요.,Gruppen außerhalb des Auswahlrahmens nenne ich in der Fußnote.,I footnote groups missing from the sampling frame.,rights: original; derived from same-batch vocab example,draft,
cloze_c1_0081,C1,사전 조사에서 용어가 다르게 읽힌 문항을 고쳤어요.,"Im Pretest habe ich Items geändert, die anders gelesen wurden.",In the pretest I fixed items that were read differently.,rights: original; derived from same-batch vocab example,draft,
cloze_c1_0082,C1,응답 부담이 길면 뒷부분 품질이 떨어져요.,Bei hoher Antwortlast sinkt die Qualität am Ende.,"If respondent burden is long, later quality drops.",rights: original; derived from same-batch vocab example,draft,
cloze_c1_0083,C1,척도 간격이 고르지 않으면 평균을 쓰지 않아요.,Bei ungleichmäßigem Skalenabstand nutze ich keinen Mittelwert.,"If scale spacing is uneven, I do not use a mean.",rights: original; derived from same-batch vocab example,draft,
cloze_c1_0084,C1,개방형 코딩 규칙을 두 사람이 독립적으로 적용해요.,Die Offencodierung wenden zwei Personen unabhängig an.,Two people apply the open-code scheme independently.,rights: original; derived from same-batch vocab example,draft,
cloze_c1_0085,C1,수집 시점이 선거 직후면 해석을 낮춰요.,"Liegt die Erhebungszeit direkt nach der Wahl, dämpfe ich die Deutung.","If the collection window is right after an election, I soften the reading.",rights: original; derived from same-batch vocab example,draft,
cloze_c1_0086,C1,문항이 바뀌면 비교 가능성을 포기한다고 적어요.,"Ändert sich das Item, schreibe ich, dass die Vergleichbarkeit entfällt.","If the item changes, I write that comparability is dropped.",rights: original; derived from same-batch vocab example,draft,
cloze_c1_0087,C1,익명화 수준을 높이면 지역 분석이 어려워져요.,Ein höherer Anonymisierungsgrad erschwert die lokale Analyse.,Raising the anonymization level makes local analysis harder.,rights: original; derived from same-batch vocab example,draft,
cloze_c1_0088,C1,설계 메모를 공개해야 나중에 재해석이 가능해요.,Ohne öffentliche Designnotiz ist eine spätere Neuinterpretation schwer.,A public design memo is needed for later reinterpretation.,rights: original; derived from same-batch vocab example,draft,
cloze_c1_0089,C1,상대 위험만 말하면 절대 건수가 가려져요.,"Nennt man nur das relative Risiko, verschwindet die absolute Zahl.","If you state only relative risk, the absolute count is hidden.",rights: original; derived from same-batch vocab example,draft,
cloze_c1_0090,C1,절대 건수를 옆에 두면 공포가 줄어들어요.,"Steht die Absolutenzahl daneben, sinkt die Angst.",Putting the absolute count beside it reduces fear.,rights: original; derived from same-batch vocab example,draft,
cloze_c1_0091,C1,잔여 위험을 0으로 약속하지 않아요.,Ich verspreche kein Restrisiko von null.,I do not promise residual risk of zero.,rights: original; derived from same-batch vocab example,draft,
cloze_c1_0092,C1,조기 경보는 오탐 비율을 같이 말해야 해요.,Eine Frühwarnung muss die Falschalarmquote nennen.,An early warning must also state the false-alarm rate.,rights: original; derived from same-batch vocab example,draft,
cloze_c1_0093,C1,오탐 비율이 높으면 경보를 자주 무시하게 돼요.,Bei hoher Falschalarmquote werden Warnungen ignoriert.,"If the false-alarm rate is high, people start ignoring alerts.",rights: original; derived from same-batch vocab example,draft,
cloze_c1_0094,C1,노출 시간을 빼면 같은 농도도 다르게 들려요.,Ohne Expositionsdauer klingt dieselbe Konzentration anders.,Without exposure time the same concentration sounds different.,rights: original; derived from same-batch vocab example,draft,
cloze_c1_0095,C1,취약 집단을 평균에 묻히지 않고 따로 적어요.,Die vulnerable Gruppe lasse ich nicht im Mittel verschwinden.,I do not bury the vulnerable group in the average.,rights: original; derived from same-batch vocab example,draft,
cloze_c1_0096,C1,행동 문턱을 숫자로 정해야 현장 판단이 흔들리지 않아요.,Eine zahlenfeste Handlungsschwelle hält die Entscheidung vor Ort stabil.,A numeric action threshold keeps on-site judgment from wobbling.,rights: original; derived from same-batch vocab example,draft,
cloze_c1_0097,C1,소통 톤을 낮추면 사람들이 더 오래 들어요.,Ein ruhigerer Ton lässt Menschen länger zuhören.,A calmer communication tone keeps people listening longer.,rights: original; derived from same-batch vocab example,draft,
cloze_c1_0098,C1,갱신 주기를 밝히면 침묵이 은폐처럼 안 보여요.,Ein klarer Aktualisierungsrhythmus lässt Stille nicht wie Vertuschung wirken.,A stated update cadence keeps silence from looking like concealment.,rights: original; derived from same-batch vocab example,draft,
cloze_c1_0099,C1,비교 기준점을 작년으로 둘지 평년으로 둘지 먼저 정해요.,"Ob der Vergleichsanker das Vorjahr oder das Mittel ist, lege ich zuerst fest.",I first decide whether the comparison anchor is last year or a normal year.,rights: original; derived from same-batch vocab example,draft,
cloze_c1_0100,C1,경고 피로를 줄이려고 등급을 세 단계로만 써요.,Gegen Warnmüdigkeit nutze ich nur drei Stufen.,To reduce alert fatigue I use only three grades.,rights: original; derived from same-batch vocab example,draft,
cloze_c1_0101,C1,접근 비용을 요금만이 아니라 이동 시간으로도 세요.,"Zugangskosten zähle ich nicht nur als Gebühr, sondern als Wegezeit.","I count access cost as travel time, not only as a fee.",rights: original; derived from same-batch vocab example,draft,
cloze_c1_0102,C1,유지 부담을 초기 설치비와 따로 적어요.,Die Folgelast schreibe ich getrennt von den Installationskosten.,I write the upkeep burden separately from install cost.,rights: original; derived from same-batch vocab example,draft,
cloze_c1_0103,C1,선택권 축소를 효율로 포장하지 않아요.,Wahlverengung verkaufe ich nicht als Effizienz.,I do not package narrowed choice as efficiency.,rights: original; derived from same-batch vocab example,draft,
cloze_c1_0104,C1,우회 경로가 있어야 본 경로 장애를 견딜 수 있어요.,Ein Umwegzugang macht die Störung des Hauptwegs erträglich.,A workaround path makes a main-path outage bearable.,rights: original; derived from same-batch vocab example,draft,
cloze_c1_0105,C1,보조 인력 예산을 장비비에 묻히지 않아요.,Das Budget für Assistenzkräfte verstecke ich nicht in den Gerätekosten.,I do not bury support-staff budget inside equipment cost.,rights: original; derived from same-batch vocab example,draft,
cloze_c1_0106,C1,예약 장벽이 앱 전용이면 창구 대안을 남겨요.,"Ist die Buchungshürde nur die App, bleibt ein Schalterweg.","If the booking barrier is app-only, I keep a counter option.",rights: original; derived from same-batch vocab example,draft,
cloze_c1_0107,C1,대기 불이익이 특정 시간대에 몰리는지 봐요.,"Ich prüfe, ob der Wartenachteil sich auf bestimmte Stunden konzentriert.",I check whether the wait penalty clusters at certain hours.,rights: original; derived from same-batch vocab example,draft,
cloze_c1_0108,C1,요금 누진이 저사용 가구를 해치는지 계산해요.,"Ich rechne, ob die Tarifprogression Haushalte mit geringem Verbrauch trifft.",I calculate whether rising fee steps hurt low-use households.,rights: original; derived from same-batch vocab example,draft,
cloze_c1_0109,C1,정보 접근이 한글만이면 다른 언어 요약을 붙여요.,"Ist der Informationszugang nur auf Koreanisch, hänge ich eine andere Kurzfassung an.","If information access is Korean-only, I add a short version in another language.",rights: original; derived from same-batch vocab example,draft,
cloze_c1_0110,C1,현장 동선에 계단만 있으면 계획이 포용이 아니에요.,"Führt der Vor-Ort-Weg nur über Treppen, ist der Plan nicht inklusiv.","If the on-site route is stairs only, the plan is not inclusive.",rights: original; derived from same-batch vocab example,draft,
cloze_c1_0111,C1,지속 가능 조건에 인력 교대를 넣지 않으면 서비스가 끊겨요.,Ohne Personalwechsel in der Dauerbedingung bricht der Dienst.,"Without staff rotation in the condition for staying viable, the service breaks.",rights: original; derived from same-batch vocab example,draft,
cloze_c1_0112,C1,비용 전가가 이용자에게만 가면 설계를 다시 해요.,"Geht die Kostenverschiebung nur an Nutzende, entwerfe ich neu.","If the cost shift lands only on users, I redesign.",rights: original; derived from same-batch vocab example,draft,
cloze_c1_0113,C1,"참여 장벽을 시간, 언어, 이동으로 나눠 적어요.","Die Teilnahmehürde teile ich in Zeit, Sprache und Weg.","I split the participation barrier into time, language, and travel.",rights: original; derived from same-batch vocab example,draft,
cloze_c1_0114,C1,발언 할당을 먼저 온 사람 순으로만 주지 않아요.,Die Redequote vergebe ich nicht nur nach Ankunft.,I do not give the speaking allotment only by who arrived first.,rights: original; derived from same-batch vocab example,draft,
cloze_c1_0115,C1,대리 참여를 허용하면 위임 범위를 짧게 적어요.,"Erlaubt man Stellvertretung, steht der Auftrag kurz.","If proxy participation is allowed, I write a short mandate.",rights: original; derived from same-batch vocab example,draft,
cloze_c1_0116,C1,피드백 순환이 없으면 참여가 일회성으로 끝나요.,Ohne Rückmeldeschleife bleibt Beteiligung einmalig.,"Without a feedback loop, participation stays one-off.",rights: original; derived from same-batch vocab example,draft,
cloze_c1_0117,C1,의제 설정권을 주최 측만 가지면 결과가 기울어요.,"Liegt die Agendahoheit nur beim Gastgeber, kippt das Ergebnis.","If only the host has agenda power, the outcome tilts.",rights: original; derived from same-batch vocab example,draft,
cloze_c1_0118,C1,소수 의견을 표 밖에 따로 기록해요.,Die Minderheitenlage steht getrennt neben der Abstimmung.,I record the minority view separately from the vote.,rights: original; derived from same-batch vocab example,draft,
cloze_c1_0119,C1,접근 가능한 장소를 고르지 못하면 온라인 병행을 열어요.,"Fehlt ein barrierearmer Ort, öffne ich einen Onlineweg.","If I cannot pick an accessible venue, I open an online option.",rights: original; derived from same-batch vocab example,draft,
cloze_c1_0120,C1,통역 지원을 행사 예산의 기본 항목으로 넣어요.,Dolmetschhilfe steht als Grundposten im Etat.,I put interpreting support as a basic budget line.,rights: original; derived from same-batch vocab example,draft,
cloze_c1_0121,C1,사전 자료를 삼 일 전에 보내야 질문이 깊어져요.,Vorabunterlagen drei Tage vorher machen Fragen tiefer.,Sending the advance packet three days earlier deepens questions.,rights: original; derived from same-batch vocab example,draft,
cloze_c1_0122,C1,참여 피로를 줄이려고 회의를 겹치지 않게 잡아요.,Gegen Beteiligungsmüdigkeit lege ich Sitzungen nicht übereinander.,To reduce engagement fatigue I do not stack meetings.,rights: original; derived from same-batch vocab example,draft,
cloze_c1_0123,C1,결정 환류가 늦으면 다음 참여율이 떨어져요.,"Kommt die Beschlussrückgabe spät, sinkt die nächste Beteiligung.","If the decision return is late, the next turnout drops.",rights: original; derived from same-batch vocab example,draft,
cloze_c1_0124,C1,공동 설계는 취향 투표가 아니라 제약 공유에서 시작해요.,"Mitgestaltung beginnt mit geteilten Grenzen, nicht mit Geschmacksabstimmung.","Co-design starts from shared constraints, not a taste vote.",rights: original; derived from same-batch vocab example,draft,
cloze_c1_0125,C1,지역 여건을 전국 평균에 맞추면 계획이 빗겨요.,"Passt man die Ortslage an den Landesdurchschnitt, verfehlt der Plan.","If you force local conditions to a national average, the plan misses.",rights: original; derived from same-batch vocab example,draft,
cloze_c1_0126,C1,야간 소음 한도를 낮추면 배달 시간이 줄어들어요.,Ein niedrigerer Nachtpegel verkürzt die Lieferzeiten.,Lowering the night noise cap shortens delivery hours.,rights: original; derived from same-batch vocab example,draft,
cloze_c1_0127,C1,녹지 보전과 주차 확대를 같은 면적에서 고를 수는 없어요.,Grünschutz und mehr Parkraum gehen nicht auf derselben Fläche.,You cannot choose green-space keep and more parking on the same land.,rights: original; derived from same-batch vocab example,draft,
cloze_c1_0128,C1,상권 이전이 골목을 비우면 저녁 안전이 약해져요.,"Verschiebt sich die Lage und leert die Gasse, sinkt die Abendsicherheit.","If a commerce shift empties the alley, evening safety weakens.",rights: original; derived from same-batch vocab example,draft,
cloze_c1_0129,C1,통행 우회가 학교 앞을 지나면 시간대를 바꿔요.,"Führt die Verkehrsumlegung an der Schule vorbei, ändere ich die Stunden.","If the traffic diversion passes the school, I change the hours.",rights: original; derived from same-batch vocab example,draft,
cloze_c1_0130,C1,보상 대상을 건물주만으로 두면 세입자가 빠져요.,"Ist der Ausgleichskreis nur die Eigentümerschaft, fehlen die Mietenden.","If who is compensated is only owners, tenants drop out.",rights: original; derived from same-batch vocab example,draft,
cloze_c1_0131,C1,계절 제약 때문에 공사를 장마 뒤로 미뤄요.,Wegen der Saisongrenze schiebe ich den Bau hinter den Regen.,Because of the seasonal constraint I push construction past the rains.,rights: original; derived from same-batch vocab example,draft,
cloze_c1_0132,C1,공유 편익이 눈에 보여야 규제를 받아들이기 쉬워요.,"Wird der geteilte Nutzen sichtbar, ist die Regel leichter tragbar.","If the shared benefit is visible, the rule is easier to accept.",rights: original; derived from same-batch vocab example,draft,
cloze_c1_0133,C1,이전 비용을 단발 지원으로만 보면 실패해요.,"Sieht man Verlagerungskosten nur als Einmalhilfe, scheitert es.","If relocation cost is treated as a one-time grant only, it fails.",rights: original; derived from same-batch vocab example,draft,
cloze_c1_0134,C1,야간 조명을 높이면 안전은 오르고 수면은 나빠져요.,Mehr Nachtlicht hebt die Sicherheit und senkt den Schlaf.,More night lighting raises safety and worsens sleep.,rights: original; derived from same-batch vocab example,draft,
cloze_c1_0135,C1,이용 시간대를 나누면 한 공간이 두 집단을 받을 수 있어요.,Geteilte Nutzungsfenster lassen einen Ort zwei Gruppen tragen.,Split hours of use let one space serve two groups.,rights: original; derived from same-batch vocab example,draft,
cloze_c1_0136,C1,현장 실험을 한 달만 해도 민원이 구체화돼요.,Schon ein Monats-Ortsversuch macht Beschwerden konkreter.,Even a one-month on-site trial makes complaints more specific.,rights: original; derived from same-batch vocab example,draft,
cloze_c1_0137,C1,운영 인력을 자원봉사에만 기대면 겨울에 끊겨요.,"Stützt sich das Betriebspersonal nur auf Ehrenamt, bricht es im Winter.","If ops staff rest only on volunteers, service breaks in winter.",rights: original; derived from same-batch vocab example,draft,
cloze_c1_0138,C1,교체 주기를 숨기면 나중에 한꺼번에 비용이 와요.,Ein verborgener Ersatzrhythmus bringt die Kosten später auf einmal.,Hiding the replacement cycle brings the cost all at once later.,rights: original; derived from same-batch vocab example,draft,
cloze_c1_0139,C1,예비 부품이 없으면 포용 장비가 바로 멈춰요.,Ohne Ersatzvorhalt steht inklusive Technik sofort still.,"Without spare stock, inclusive equipment stops at once.",rights: original; derived from same-batch vocab example,draft,
cloze_c1_0140,C1,점검 로그를 공개하면 방치 여부를 따질 수 있어요.,Ein öffentliches Wartungslog lässt Vernachlässigung prüfen.,A public service log lets people test whether upkeep was neglected.,rights: original; derived from same-batch vocab example,draft,
cloze_c1_0141,C1,야간 당직을 한 사람에게만 맡기면 실수가 늘어요.,"Liegt der Nachtdienst bei einer Person, steigen Fehler.","If night duty sits on one person, mistakes rise.",rights: original; derived from same-batch vocab example,draft,
cloze_c1_0142,C1,교육 갱신을 빼면 새 절차가 현장에 안 남아요.,Ohne Schulungsauffrischung bleibt das neue Verfahren nicht vor Ort.,Without refresher training the new procedure does not stay on site.,rights: original; derived from same-batch vocab example,draft,
cloze_c1_0143,C1,고장 대기가 길면 대체 수단을 같이 설계해요.,Bei langer Störwartezeit plane ich den Ersatzweg mit.,"If outage wait is long, I design the fallback with it.",rights: original; derived from same-batch vocab example,draft,
cloze_c1_0144,C1,예산 이월이 막히면 가을에 성급한 구매가 생겨요.,Ohne Mittelübertragung kommt im Herbst der Hastkauf.,"If budget carryover is blocked, hasty autumn purchases appear.",rights: original; derived from same-batch vocab example,draft,
cloze_c1_0145,C1,사용자 신고 창구가 어려우면 고장이 늦게 보여요.,"Ist die Nutzermeldung schwer, erscheint die Störung spät.","If the user-report channel is hard, outages appear late.",rights: original; derived from same-batch vocab example,draft,
cloze_c1_0146,C1,수명 예측을 낙관하면 교체 기금이 비어요.,Eine zu hoffnungsvolle Lebensdauerlage leert den Ersatzfonds.,An optimistic life estimate empties the replacement fund.,rights: original; derived from same-batch vocab example,draft,
cloze_c1_0147,C1,외주 의존이 높으면 작은 수정도 기다려야 해요.,Bei hoher Fremdabhängigkeit wartet selbst die kleine Änderung.,"If vendor lock is high, even a small change must wait.",rights: original; derived from same-batch vocab example,draft,
cloze_c1_0148,C1,지속 점검표를 행사 날에만 쓰면 평일 품질이 떨어져요.,"Nutzt man die Dauercheckliste nur am Eventtag, sinkt die Alltagqualität.","If the ongoing checklist is used only on event day, weekday quality drops.",rights: original; derived from same-batch vocab example,draft,
cloze_c2_0053,C2,담론 전제를 드러내지 않으면 선택이 자연스러워 보여요.,Ohne sichtbare Diskursprämisse wirkt die Wahl natürlich.,"If the discourse premise stays hidden, the choice looks natural.",rights: original; derived from same-batch vocab example,draft,
cloze_c2_0054,C2,은유 체계가 '전쟁'이면 타협이 패배처럼 들려요.,"Ist das Metaphernnetz ein Krieg, klingt Kompromiss nach Niederlage.","If the metaphor system is war, compromise sounds like defeat.",rights: original; derived from same-batch vocab example,draft,
cloze_c2_0055,C2,주어 선택을 바꾸면 책임이 다른 자리에 놓여요.,"Ändert man die Subjektwahl, wandert die Verantwortung.",Changing the choice of subject moves where responsibility sits.,rights: original; derived from same-batch vocab example,draft,
cloze_c2_0056,C2,수동 은폐는 행위자를 지워 절차만 남기어요.,Passivverdeckung löscht Handelnde und lässt nur das Verfahren.,Passive concealment erases the actor and leaves only the procedure.,rights: original; derived from same-batch vocab example,draft,
cloze_c2_0057,C2,범주 이동으로 민원을 범죄처럼 부르면 대응이 과해져요.,Durch Kategorieverschiebung klingt die Beschwerde wie Straftat und die Antwort wird härter.,A category shift that names a complaint as crime hardens the response.,rights: original; derived from same-batch vocab example,draft,
cloze_c2_0058,C2,시간 틀을 한 주로 줄이면 구조 문제는 사라져요.,Ein Zeitrahmen von einer Woche lässt Strukturprobleme verschwinden.,A one-week time frame makes structural problems vanish.,rights: original; derived from same-batch vocab example,draft,
cloze_c2_0059,C2,대비 쌍을 '안전 대 자유'로만 두면 중간이 없어져요.,"Bleibt die Gegenüberstellung nur Sicherheit gegen Freiheit, fehlt die Mitte.","If the contrast pair is only safety versus freedom, the middle disappears.",rights: original; derived from same-batch vocab example,draft,
cloze_c2_0060,C2,인용 권위가 직함만이면 근거를 다시 물어요.,"Ist die Zitatautorität nur der Titel, frage ich nach dem Beleg.","If quoted authority is only a title, I ask for the evidence again.",rights: original; derived from same-batch vocab example,draft,
cloze_c2_0061,C2,침묵 지점을 표로 만들면 빠진 집단이 보여요.,Eine Tabelle der Schweigestellen zeigt die fehlende Gruppe.,A table of what is left unsaid shows the missing group.,rights: original; derived from same-batch vocab example,draft,
cloze_c2_0062,C2,재명명이 부담을 덜어 주면 누구의 부담인지 물어요.,"Mildert die Umbenennung die Last, frage ich, wessen Last das war.","If renaming lightens a burden, I ask whose burden it was.",rights: original; derived from same-batch vocab example,draft,
cloze_c2_0063,C2,청자 위치를 '우리'로 묶으면 반대가 외부인처럼 보여요.,"Setzt der Adressatenort alle ins Wir, wirkt Widerspruch wie Außen.","If where the listener is put is 'we', dissent looks like an outsider.",rights: original; derived from same-batch vocab example,draft,
cloze_c2_0064,C2,해석 경쟁을 하나로 닫지 않고 근거를 나란히 둬요.,"Die Deutungskonkurrenz schließe ich nicht, ich lege Belege nebeneinander.",I do not close competing readings; I set the evidence side by side.,rights: original; derived from same-batch vocab example,draft,
cloze_c2_0065,C2,제도적 권한을 절차 뒤에 숨기지 않고 문장 앞에 둬요.,"Amtsmacht verstecke ich nicht hinter dem Verfahren, ich nenne sie zuerst.",I do not hide institutional power behind procedure; I put it first.,rights: original; derived from same-batch vocab example,draft,
cloze_c2_0066,C2,공식 어조가 책임을 흐리면 평서문으로 다시 써요.,"Verwässert das Amtsregister die Verantwortung, schreibe ich im Indikativ neu.","If the official register blurs responsibility, I rewrite it as a plain statement.",rights: original; derived from same-batch vocab example,draft,
cloze_c2_0067,C2,위임 범위를 넘는 결정을 관행으로 포장하지 않아요.,Eine Entscheidung jenseits der Zuständigkeitsgrenze nenne ich nicht Gewohnheit.,I don't pass off a decision beyond the scope of authority as custom.,rights: original; derived from same-batch vocab example,draft,
cloze_c2_0068,C2,기록 의무가 약하면 나중에 기억을 고를 수 있어요.,"Ist die Dokumentationspflicht schwach, lässt sich Erinnerung später wählen.","If the duty to record is weak, memory can be selected later.",rights: original; derived from same-batch vocab example,draft,
cloze_c2_0069,C2,재량 공간을 인정하되 기준표를 같이 공개해요.,Ich erkenne den Ermessensraum an und lege die Tabelle offen.,I admit discretion space and publish the criteria table with it.,rights: original; derived from same-batch vocab example,draft,
cloze_c2_0070,C2,항의 창구가 같은 부서면 독립이 아니에요.,"Sitzt die Widerspruchsstelle in derselben Abteilung, ist sie nicht unabhängig.","If the objection desk is the same office, it is not independent.",rights: original; derived from same-batch vocab example,draft,
cloze_c2_0071,C2,공개 지연을 검수로만 설명하지 않고 날짜를 대요.,"Offenlegungsverzug erkläre ich nicht nur mit Prüfung, ich nenne das Datum.",I do not explain disclosure delay as review only; I give a date.,rights: original; derived from same-batch vocab example,draft,
cloze_c2_0072,C2,관행 인용은 근거가 아니라 습관의 이름이에요.,"Ein Üblichkeitszitat ist kein Beleg, sondern der Name einer Gewohnheit.",An appeal to custom is not evidence; it is the name of a habit.,rights: original; derived from same-batch vocab example,draft,
cloze_c2_0073,C2,책임 분산이 심하면 서명란을 한 줄로 줄여요.,Bei starker Verantwortungsstreuung kürze ich die Unterschriftszeile auf eine.,"If diffused ownership is severe, I cut the signature line to one.",rights: original; derived from same-batch vocab example,draft,
cloze_c2_0074,C2,내부 지침이 대외 문구와 다르면 둘을 같이 보여요.,"Weicht die Binnenweisung vom Außenwort ab, zeige ich beide.","If the internal directive differs from the public line, I show both.",rights: original; derived from same-batch vocab example,draft,
cloze_c2_0075,C2,권한 위임장 없이 대행하면 결정을 되돌릴 수 있어요.,Ohne Übertragungsakt ist die Vertretung später rückholbar.,Acting without a delegation instrument makes the decision reversible.,rights: original; derived from same-batch vocab example,draft,
cloze_c2_0076,C2,제도 기억이 사람 한 명에 있으면 퇴사와 함께 사라져요.,"Sitzt das Amtsgedächtnis in einer Person, geht es mit dem Abschied.","If institutional memory sits in one person, it leaves with them.",rights: original; derived from same-batch vocab example,draft,
cloze_c2_0077,C2,서술 시점을 바꾸면 같은 사건도 다른 도덕이 돼요.,Ein anderer Erzählstandort macht aus demselben Ereignis eine andere Moral.,A changed narrative standpoint turns the same event into a different moral.,rights: original; derived from same-batch vocab example,draft,
cloze_c2_0078,C2,선택적 기억을 기념일로만 고정하면 나머지가 지워져요.,"Fixiert man Selektivgedächtnis nur am Gedenktag, fällt der Rest weg.","If selective memory is fixed only to a memorial day, the rest is erased.",rights: original; derived from same-batch vocab example,draft,
cloze_c2_0079,C2,증언 위치를 무대 가장자리에 두면 목소리가 작아져요.,"Liegt der Zeugenort am Bühnenrand, wird die Stimme klein.","If where testimony sits is the edge of the stage, the voice shrinks.",rights: original; derived from same-batch vocab example,draft,
cloze_c2_0080,C2,연대기 절단은 원인보다 결말만 남기어요.,Ein Chronikbruch lässt das Ende und nimmt die Ursache.,A cut in the timeline keeps the ending and drops the cause.,rights: original; derived from same-batch vocab example,draft,
cloze_c2_0081,C2,집합 기억을 하나로 모으면 소수 서사가 밀려나요.,Ein einziges Kollektivgedächtnis drängt Minderheitenerzählungen weg.,Forcing one shared memory pushes minority stories aside.,rights: original; derived from same-batch vocab example,draft,
cloze_c2_0082,C2,침묵의 세대를 존중하되 자료는 남기라고 해요.,Ich achte die Schweigegeneration und bitte trotzdem ums Archiv.,I respect the silent generation and still ask that records remain.,rights: original; derived from same-batch vocab example,draft,
cloze_c2_0083,C2,기념 문장이 현재 정책을 가리면 다시 써요.,"Verdeckt der Gedenksatz die heutige Politik, formuliere ich neu.","If the commemoration line hides current policy, I rewrite it.",rights: original; derived from same-batch vocab example,draft,
cloze_c2_0084,C2,기록 공백을 없다고 메우지 않고 빈칸으로 표시해요.,"Eine Archivlücke fülle ich nicht, ich markiere die Leerstelle.",I do not fill an archive gap; I mark the blank.,rights: original; derived from same-batch vocab example,draft,
cloze_c2_0085,C2,회고 왜곡을 줄이려고 당시 문장을 먼저 읽어요.,Gegen Rückschauverzerrung lese ich zuerst den Satz von damals.,To reduce hindsight warp I read the sentence from that time first.,rights: original; derived from same-batch vocab example,draft,
cloze_c2_0086,C2,복수 서사를 나란히 두면 승자 역사가 약해져요.,Mehrfacherzählung nebeneinander schwächt die Siegergeschichte.,Plural narrative side by side weakens winner history.,rights: original; derived from same-batch vocab example,draft,
cloze_c2_0087,C2,망각 설계가 보존 예산 삭감으로 나타나면 이름을 붙여요.,"Wird Vergessensordnung zur Kürzung des Archivs, gebe ich ihr einen Namen.","If designed forgetting appears as an archive budget cut, I name it.",rights: original; derived from same-batch vocab example,draft,
cloze_c2_0088,C2,계승 쟁점을 후손에게만 미루지 않고 지금 기록해요.,"Den Weitergabestreit schiebe ich nicht auf Nachkommen, ich schreibe jetzt.",I do not leave what gets handed on to descendants; I record it now.,rights: original; derived from same-batch vocab example,draft,
cloze_c2_0089,C2,명령형 공지는 이유를 빼면 반발이 커져요.,Ein Befehlshinweis ohne Grund erhöht den Widerstand.,An imperative notice without a reason raises pushback.,rights: original; derived from same-batch vocab example,draft,
cloze_c2_0090,C2,전문 장벽 뒤에 결정을 숨기지 말고 쉬운 문장을 병기해요.,"Hinter der Fachmauer verstecke ich die Entscheidung nicht, ich setze den einfachen Satz daneben.",I do not hide the decision behind a jargon wall; I add a plain sentence.,rights: original; derived from same-batch vocab example,draft,
cloze_c2_0091,C2,불가피 수사는 대안의 존재를 먼저 지워요.,Unvermeidlichkeitsrede löscht zuerst die Alternative.,Inevitability talk first erases the existence of alternatives.,rights: original; derived from same-batch vocab example,draft,
cloze_c2_0092,C2,전문가 위임이 정치 판단을 대신하면 책임을 물어요.,"Ersetzt das Expertenmandat das politische Urteil, frage ich nach der Verantwortung.","If expert handover replaces a political judgment, I ask who is responsible.",rights: original; derived from same-batch vocab example,draft,
cloze_c2_0093,C2,침묵 압박을 '팀워크'로 부르지 않아요.,Schweigedruck nenne ich nicht Teamgeist.,I do not call pressure to stay quiet 'teamwork'.,rights: original; derived from same-batch vocab example,draft,
cloze_c2_0094,C2,권위 인용만 있고 자료가 없으면 보류해요.,"Gibt es nur den Autoritätsbeleg ohne Material, warte ich.","If there is only an appeal to rank and no material, I hold.",rights: original; derived from same-batch vocab example,draft,
cloze_c2_0095,C2,완곡 금지로 '정리' 대신 '해고'를 적어요.,Mit Euphemismusstopp schreibe ich Entlassung statt Ordnung.,With no softening label I write 'dismissal' instead of 'tidying'.,rights: original; derived from same-batch vocab example,draft,
cloze_c2_0096,C2,청중 분할로 내부와 외부를 다르게 말하면 기록이 두 개가 돼요.,"Publikumsspaltung erzeugt zwei Protokolle, innen und außen.","A split audience creates two records, inside and outside.",rights: original; derived from same-batch vocab example,draft,
cloze_c2_0097,C2,결정 불가역을 선언하기 전에 철회 경로를 보여요.,Vor der Unumkehrbarkeit zeige ich den Rückholweg.,Before claiming irreversibility I show the withdrawal path.,rights: original; derived from same-batch vocab example,draft,
cloze_c2_0098,C2,규범 포장이 취향을 도덕으로 바꾸면 반박해요.,"Macht die Normverpackung Geschmack zur Moral, widerspreche ich.","If norm wrapping turns taste into morals, I object.",rights: original; derived from same-batch vocab example,draft,
cloze_c2_0099,C2,침묵 동의를 회의에 적용하지 않고 명시 확인을 받아요.,"Schweigezustimmung wende ich nicht an, ich hole eine klare Bestätigung.",I do not apply silence as consent; I get an explicit confirm.,rights: original; derived from same-batch vocab example,draft,
cloze_c2_0100,C2,말의 자리가 훈시이면 질문은 뒤로 밀려요.,"Sitzt der Wortort in der Belehrung, rutscht die Frage nach hinten.","If where the word sits is a lecture, questions are pushed back.",rights: original; derived from same-batch vocab example,draft,
cloze_c2_0101,C2,이의 경로가 챗봇뿐이면 사람이 없는 것과 같아요.,"Ist der Einspruchsweg nur der Chatbot, fehlt der Mensch.","If the appeal path is only a chatbot, it is as if no person is there.",rights: original; derived from same-batch vocab example,draft,
cloze_c2_0102,C2,자동 결정에는 사용한 자료 목록을 붙여야 해요.,Am Automatenbescheid muss die genutzte Datenliste stehen.,An automated decision must attach the list of data used.,rights: original; derived from same-batch vocab example,draft,
cloze_c2_0103,C2,인간 재심이 같은 점수를 다시 누르면 재심이 아니에요.,"Drückt die menschliche Nachprüfung dieselbe Note, ist es keine Prüfung.","If human review just presses the same score, it is not a review.",rights: original; derived from same-batch vocab example,draft,
cloze_c2_0104,C2,기한 안내를 거절 화면 하단에만 두지 않아요.,Die Fristmitteilung lasse ich nicht nur unten auf der Ablehnung.,I do not put the deadline notice only at the bottom of the refusal screen.,rights: original; derived from same-batch vocab example,draft,
cloze_c2_0105,C2,증거 제출란이 글자 수만 받으면 사진 소명이 막혀요.,"Nimmt das Belegfeld nur Zeichen, bleibt der Fotobeleg draußen.","If the evidence field takes only characters, photo proof is blocked.",rights: original; derived from same-batch vocab example,draft,
cloze_c2_0106,C2,결정 요약을 점수 없이 이유 세 줄로 적어요.,Den Bescheidkern schreibe ich in drei Gründen ohne Punktzahl.,I write the decision core as three reasons without a score.,rights: original; derived from same-batch vocab example,draft,
cloze_c2_0107,C2,항소 비용이 시간으로만 커도 포기는 강요예요.,"Wird der Beschwerdeaufwand nur als Zeit groß, ist der Verzicht erzwungen.","If the cost of appealing grows only as time, giving up is coerced.",rights: original; derived from same-batch vocab example,draft,
cloze_c2_0108,C2,회신 의무 날짜가 없으면 이의는 사라져요.,Ohne Datum der Antwortpflicht verschwindet der Einspruch.,Without a duty-to-reply date the appeal disappears.,rights: original; derived from same-batch vocab example,draft,
cloze_c2_0109,C2,제3자 검토를 같은 업체가 하면 독립이 아니에요.,"Macht dieselbe Firma die Drittprüfung, ist sie nicht unabhängig.","If the same vendor does the third-party look, it is not independent.",rights: original; derived from same-batch vocab example,draft,
cloze_c2_0110,C2,철회 효과를 장래에만 두면 지난 피해가 남아요.,"Wirkt die Rücknahme nur in die Zukunft, bleibt der alte Schaden.","If the effect of withdrawal is future-only, past harm remains.",rights: original; derived from same-batch vocab example,draft,
cloze_c2_0111,C2,접근 언어가 법률문이면 이의 경로가 닫혀요.,"Ist die Zugangssprache Juristensprache, schließt sich der Einspruchsweg.","If the language of access is legalese, the appeal path closes.",rights: original; derived from same-batch vocab example,draft,
cloze_c2_0112,C2,종결 이유서를 템플릿 한 줄로 끝내지 않아요.,Die Abschlussbegründung beende ich nicht mit einer Schablonenzeile.,I do not end the closure rationale with one template line.,rights: original; derived from same-batch vocab example,draft,
cloze_c2_0113,C2,추적 가능성이 로그 없이 주장되면 믿지 않아요.,"Wird Nachvollziehbarkeit ohne Protokoll behauptet, glaube ich nicht.","If traceability is claimed without a log, I do not believe it.",rights: original; derived from same-batch vocab example,draft,
cloze_c2_0114,C2,변경 이력에 사람과 시각이 빠지면 추적이 끊겨요.,"Fehlen Person und Uhrzeit in der Änderungshistorie, reißt die Spur.","If person and time drop from the change history, the trail breaks.",rights: original; derived from same-batch vocab example,draft,
cloze_c2_0115,C2,접근 기록을 당사자도 볼 수 있어야 감사가 성립해요.,"Nur wenn Betroffene das Zugriffsprotokoll sehen, trägt die Prüfung.",An audit holds only if the affected person can also see the access log.,rights: original; derived from same-batch vocab example,draft,
cloze_c2_0116,C2,보존 기한을 너무 짧게 두면 이의가 증거 없이 끝나요.,Eine zu kurze Haltedauer beendet den Einspruch ohne Beleg.,A retention window that is too short ends an appeal without evidence.,rights: original; derived from same-batch vocab example,draft,
cloze_c2_0117,C2,삭제 권한을 운영자 한 명에게만 주지 않아요.,Die Löschbefugnis gebe ich nicht einer Betriebsperson allein.,I do not give who-may-delete to a single operator.,rights: original; derived from same-batch vocab example,draft,
cloze_c2_0118,C2,모델 버전을 결정문에 적어야 재현이 가능해요.,Ohne Modellstand im Bescheid ist keine Wiederholung möglich.,"Without the model version on the decision, reproduction is impossible.",rights: original; derived from same-batch vocab example,draft,
cloze_c2_0119,C2,입력 스냅샷을 남기지 않으면 나중에 다른 자료로 변명해요.,Ohne Eingabestand erklärt man später andere Daten.,"Without an input snapshot, later excuses use different data.",rights: original; derived from same-batch vocab example,draft,
cloze_c2_0120,C2,감사 독립이 계약으로 막히면 공개 감사가 아니에요.,"Ist Prüfunabhängigkeit vertraglich blockiert, ist es keine öffentliche Prüfung.","If audit independence is blocked by contract, it is not a public audit.",rights: original; derived from same-batch vocab example,draft,
cloze_c2_0121,C2,로그 변조를 탐지하는 서명을 같이 설계해요.,Gegen Protokollbruch entwerfe ich eine Mit-Signatur.,I design a co-signature that detects log tampering.,rights: original; derived from same-batch vocab example,draft,
cloze_c2_0122,C2,최소 수집을 어기면 추적이 감시가 돼요.,"Verletzt man die Minimalerhebung, wird die Spur zur Überwachung.","If you break minimum collection, the trail becomes surveillance.",rights: original; derived from same-batch vocab example,draft,
cloze_c2_0123,C2,열람 창구가 우편뿐이면 기한을 맞추기 어려워요.,"Ist der Einsichtskanal nur die Post, ist die Frist schwer haltbar.","If the inspection channel is mail only, the deadline is hard to meet.",rights: original; derived from same-batch vocab example,draft,
cloze_c2_0124,C2,책임 매핑이 없으면 오류가 시스템 탓으로만 가요.,Ohne Zuständigkeitskarte wird jeder Fehler nur das System.,"Without an accountability map, every error is blamed only on the system.",rights: original; derived from same-batch vocab example,draft,
cloze_c2_0125,C2,철회권이 설정 깊숙이 있으면 사실상 없어요.,"Sitzt das Widerrufsrecht tief in den Einstellungen, gibt es es kaum.","If the right to withdraw sits deep in settings, it barely exists.",rights: original; derived from same-batch vocab example,draft,
cloze_c2_0126,C2,동의 철회 후에도 추론 점수가 남으면 철회가 아니에요.,"Bleibt nach der Einwilligungsrücknahme der Schlussfolgerungswert, war es kein Widerruf.","If an inferred score remains after consent withdrawal, it was not withdrawal.",rights: original; derived from same-batch vocab example,draft,
cloze_c2_0127,C2,파생 데이터 삭제를 원문에만 적용하면 그림자가 남아요.,"Löscht man abgeleitete Daten nur im Ursprungstext, bleibt der Schatten.","If derived-data deletion applies only to the source text, a shadow remains.",rights: original; derived from same-batch vocab example,draft,
cloze_c2_0128,C2,복원 금지를 백업 정책에 명시해야 철회가 완성돼요.,Ohne Wiederherstellstopp in der Sicherung ist der Widerruf unvollständig.,"Without no-restore in the backup policy, withdrawal is incomplete.",rights: original; derived from same-batch vocab example,draft,
cloze_c2_0129,C2,처리 정지가 이의 기간에 자동으로 걸려야 해요.,Der Verarbeitungsstopp muss in der Einspruchsfrist automatisch greifen.,A processing pause must engage automatically during the appeal period.,rights: original; derived from same-batch vocab example,draft,
cloze_c2_0130,C2,기본값 설계가 수집 쪽이면 철회가 계속 싸움이 돼요.,"Zielt die Voreinstellung aufs Sammeln, bleibt Widerruf ein Kampf.","If default design leans toward collection, withdrawal stays a fight.",rights: original; derived from same-batch vocab example,draft,
cloze_c2_0131,C2,고지 시점을 가입 뒤로 미루면 동의가 형식만 남아요.,"Liegt die Hinweiszeit nach der Anmeldung, bleibt die Einwilligung formal.","If when notice is given is after signup, consent is only formal.",rights: original; derived from same-batch vocab example,draft,
cloze_c2_0132,C2,철회 확인서 없이 완료 화면만 보여 주면 증명이 없어요.,Nur der Fertig-Bildschirm ohne Widerrufsbeleg beweist nichts.,A done screen without a withdrawal receipt proves nothing.,rights: original; derived from same-batch vocab example,draft,
cloze_c2_0133,C2,연계 서비스까지 끊기지 않으면 부분 철회예요.,"Bleibt der Verbunddienst an, ist es nur ein Teilwiderruf.","If the linked service stays on, it is only partial withdrawal.",rights: original; derived from same-batch vocab example,draft,
cloze_c2_0134,C2,재동의 압박을 기능 잠금으로 하면 자유가 아니에요.,Neuerlaubnisdruck durch Funktionssperre ist keine Freiheit.,Pressure to re-consent via a locked feature is not freedom.,rights: original; derived from same-batch vocab example,draft,
cloze_c2_0135,C2,보존 예외를 넓게 쓰면 철회권이 구멍 나요.,Eine weite Halteausnahme locht das Widerrufsrecht.,A wide retention exception puts a hole in the right to withdraw.,rights: original; derived from same-batch vocab example,draft,
cloze_c2_0136,C2,종료 경로가 전화뿐이면 시간대에 따라 권리가 달라져요.,"Ist der Beendigungsweg nur das Telefon, hängt das Recht an der Uhrzeit.","If the exit path is phone-only, the right changes with the hour.",rights: original; derived from same-batch vocab example,draft,
cloze_c2_0137,C2,차등 영향을 평균 정확도 뒤에 숨기지 않아요.,Die ungleiche Wirkung verstecke ich nicht hinter der mittleren Genauigkeit.,I do not hide uneven impact behind average accuracy.,rights: original; derived from same-batch vocab example,draft,
cloze_c2_0138,C2,오류 비용이 한쪽 집단에만 모이면 모델을 멈춰요.,"Sammelt sich der Fehlerpreis in einer Gruppe, halte ich das Modell an.","If the cost of being wrong piles onto one group, I stop the model.",rights: original; derived from same-batch vocab example,draft,
cloze_c2_0139,C2,피드백 왜곡으로 과거 거절이 미래 거절을 만들어요.,Durch Rückkopplungskrümmung erzeugt die alte Ablehnung die nächste.,Feedback warp makes past refusals produce future refusals.,rights: original; derived from same-batch vocab example,draft,
cloze_c2_0140,C2,대리 변수가 주소를 쓰면 차별이 우회해요.,"Nutzt das Ersatzmerkmal die Adresse, umgeht die Diskriminierung.","If the proxy feature uses address, discrimination takes a detour.",rights: original; derived from same-batch vocab example,draft,
cloze_c2_0141,C2,설명 가능 주장이 사후 이야기면 통제가 아니에요.,"Ist die Erklärbarkeitsbehauptung eine Geschichte hinterher, ist sie keine Kontrolle.","If the explainability claim is a story after the fact, it is not control.",rights: original; derived from same-batch vocab example,draft,
cloze_c2_0142,C2,긴급 차단 권한이 개발팀에만 있으면 공적 통제가 없어요.,"Liegt die Notsperre nur beim Entwicklerteam, fehlt öffentliche Kontrolle.","If the kill switch sits only with developers, there is no public control.",rights: original; derived from same-batch vocab example,draft,
cloze_c2_0143,C2,피해 구제가 쿠폰이면 권리를 값으로 바꾼 거예요.,"Ist der Schadensweg ein Gutschein, wurde das Recht zum Preis.","If the remedy path is a coupon, a right was turned into a price.",rights: original; derived from same-batch vocab example,draft,
cloze_c2_0144,C2,배포 범위를 취약 지역부터 시작하면 실험이 전가돼요.,"Beginnt der Ausrollkreis in verletzlichen Vierteln, wird das Experiment verschoben.","If rollout scope starts in vulnerable areas, the experiment is offloaded.",rights: original; derived from same-batch vocab example,draft,
cloze_c2_0145,C2,감시 전환은 보안 언어로 포장될 때 더 잘 보여요.,"Die Überwachungskippung sieht man klarer, wenn sie Sicherheitssprache trägt.",The turn to surveillance is clearer when it wears security language.,rights: original; derived from same-batch vocab example,draft,
cloze_c2_0146,C2,집단 소송점이 막히면 개인만 싸우게 돼요.,"Ist der Sammelpunkt blockiert, kämpft nur die Einzelperson.","If the collective claim point is blocked, only individuals fight.",rights: original; derived from same-batch vocab example,draft,
cloze_c2_0147,C2,모델 폐기를 버전 업으로 위장하지 않아요.,Modellrückzug verkleide ich nicht als Versionswechsel.,I do not disguise model retirement as a version bump.,rights: original; derived from same-batch vocab example,draft,
cloze_c2_0148,C2,공적 감독 없이 자율 규제만 믿으면 기준이 무너져요.,Ohne öffentliche Aufsicht und nur Selbstregelung bricht der Maßstab.,"If we trust only self-rule without public oversight, the standard collapses.",rights: original; derived from same-batch vocab example,draft,
