id,level,ko,de,en,field_notes,상태,jin_memo
vocab_a1_0308,A1,우표,Briefmarke,stamp,rights: original; pack: a1_post_office_1; canonical sentence derives matching cloze/satz,approved,Jin explicit app-integration approval (2026-08-15).
vocab_a1_0309,A1,소포,Paket,parcel,rights: original; pack: a1_post_office_1; canonical sentence derives matching cloze/satz,approved,Jin explicit app-integration approval (2026-08-15).
vocab_a1_0310,A1,등기,Einschreiben,registered mail,rights: original; pack: a1_post_office_1; canonical sentence derives matching cloze/satz,approved,Jin explicit app-integration approval (2026-08-15).
vocab_a1_0311,A1,우편함,Briefkasten,mailbox,rights: original; pack: a1_post_office_1; canonical sentence derives matching cloze/satz,approved,Jin explicit app-integration approval (2026-08-15).
vocab_a1_0312,A1,부치다,aufgeben,to mail,rights: original; pack: a1_post_office_1; canonical sentence derives matching cloze/satz,approved,Jin explicit app-integration approval (2026-08-15).
vocab_a1_0313,A1,무게,Gewicht,weight,rights: original; pack: a1_post_office_1; canonical sentence derives matching cloze/satz,approved,Jin explicit app-integration approval (2026-08-15).
vocab_a1_0314,A1,주소,Adresse,address,rights: original; pack: a1_post_office_1; canonical sentence derives matching cloze/satz,approved,Jin explicit app-integration approval (2026-08-15).
vocab_a1_0315,A1,보내는 사람,Absender,sender,rights: original; pack: a1_post_office_1; canonical sentence derives matching cloze/satz,approved,Jin explicit app-integration approval (2026-08-15).
vocab_a1_0316,A1,받는 사람,Empfänger,recipient,rights: original; pack: a1_post_office_1; canonical sentence derives matching cloze/satz,approved,Jin explicit app-integration approval (2026-08-15).
vocab_a1_0317,A1,도착 문자,Zustellnachricht,delivery text,rights: original; pack: a1_post_office_1; canonical sentence derives matching cloze/satz,approved,Jin explicit app-integration approval (2026-08-15).
vocab_a1_0318,A1,포장지,Packpapier,wrapping paper,rights: original; pack: a1_post_office_1; canonical sentence derives matching cloze/satz,approved,Jin explicit app-integration approval (2026-08-15).
vocab_a1_0319,A1,창구,Schalter,counter,rights: original; pack: a1_post_office_1; canonical sentence derives matching cloze/satz,approved,Jin explicit app-integration approval (2026-08-15).
vocab_a1_0320,A1,연고,Salbe,ointment,rights: original; pack: a1_pharmacy_ask_1; canonical sentence derives matching cloze/satz,approved,Jin explicit app-integration approval (2026-08-15).
vocab_a1_0321,A1,마스크,Maske,mask,rights: original; pack: a1_pharmacy_ask_1; canonical sentence derives matching cloze/satz,approved,Jin explicit app-integration approval (2026-08-15).
vocab_a1_0322,A1,계산대,Kasse,checkout,rights: original; pack: a1_pharmacy_ask_1; canonical sentence derives matching cloze/satz,approved,Jin explicit app-integration approval (2026-08-15).
vocab_a1_0323,A1,복용 시간,Einnahmezeit,dose time,rights: original; pack: a1_pharmacy_ask_1; canonical sentence derives matching cloze/satz,approved,Jin explicit app-integration approval (2026-08-15).
vocab_a1_0324,A1,일회용 밴드,Pflaster,adhesive bandage,rights: original; pack: a1_pharmacy_ask_1; canonical sentence derives matching cloze/satz,approved,Jin explicit app-integration approval (2026-08-15).
vocab_a1_0325,A1,체온계,Fieberthermometer,thermometer,rights: original; pack: a1_pharmacy_ask_1; canonical sentence derives matching cloze/satz,approved,Jin explicit app-integration approval (2026-08-15).
vocab_a1_0326,A1,가글액,Mundspülung,mouthwash,rights: original; pack: a1_pharmacy_ask_1; canonical sentence derives matching cloze/satz,approved,Jin explicit app-integration approval (2026-08-15).
vocab_a1_0327,A1,비타민제,Vitaminpräparat,vitamin supplement,rights: original; pack: a1_pharmacy_ask_1; canonical sentence derives matching cloze/satz,approved,Jin explicit app-integration approval (2026-08-15).
vocab_a1_0328,A1,알레르기,Allergie,allergy,rights: original; pack: a1_pharmacy_ask_1; canonical sentence derives matching cloze/satz,approved,Jin explicit app-integration approval (2026-08-15).
vocab_a1_0329,A1,무처방,rezeptfrei,over the counter,rights: original; pack: a1_pharmacy_ask_1; canonical sentence derives matching cloze/satz,approved,Jin explicit app-integration approval (2026-08-15).
vocab_a1_0330,A1,파스,Schmerzpflaster,pain relief patch,rights: original; pack: a1_pharmacy_ask_1; canonical sentence derives matching cloze/satz,approved,Jin explicit app-integration approval (2026-08-15).
vocab_a1_0331,A1,제산제,Antazidum,antacid,rights: original; pack: a1_pharmacy_ask_1; canonical sentence derives matching cloze/satz,approved,Jin explicit app-integration approval (2026-08-15).
vocab_a1_0332,A1,늦잠,Ausschlafen,sleeping in,rights: original; pack: a1_weekend_promise_1; canonical sentence derives matching cloze/satz,approved,Jin explicit app-integration approval (2026-08-15).
vocab_a1_0333,A1,약속 시간,Terminzeit,meeting time,rights: original; pack: a1_weekend_promise_1; canonical sentence derives matching cloze/satz,approved,Jin explicit app-integration approval (2026-08-15).
vocab_a1_0334,A1,약속 장소,Treffpunkt,meeting place,rights: original; pack: a1_weekend_promise_1; canonical sentence derives matching cloze/satz,approved,Jin explicit app-integration approval (2026-08-15).
vocab_a1_0335,A1,취소하다,absagen,to cancel,rights: original; pack: a1_weekend_promise_1; canonical sentence derives matching cloze/satz,approved,Jin explicit app-integration approval (2026-08-15).
vocab_a1_0336,A1,미리 연락,vorher Bescheid sagen,advance notice,rights: original; pack: a1_weekend_promise_1; canonical sentence derives matching cloze/satz,approved,Jin explicit app-integration approval (2026-08-15).
vocab_a1_0337,A1,시간 맞추다,die Zeit abstimmen,to match the time,rights: original; pack: a1_weekend_promise_1; canonical sentence derives matching cloze/satz,approved,Jin explicit app-integration approval (2026-08-15).
vocab_a1_0338,A1,다음에 봐요,bis zum nächsten Mal,see you next time,rights: original; pack: a1_weekend_promise_1; canonical sentence derives matching cloze/satz,approved,Jin explicit app-integration approval (2026-08-15).
vocab_a1_0339,A1,바로 갈게요,ich komme gleich,I'll come right away,rights: original; pack: a1_weekend_promise_1; canonical sentence derives matching cloze/satz,approved,Jin explicit app-integration approval (2026-08-15).
vocab_a1_0340,A1,주말 계획,Wochenendplan,weekend plan,rights: original; pack: a1_weekend_promise_1; canonical sentence derives matching cloze/satz,approved,Jin explicit app-integration approval (2026-08-15).
vocab_a1_0341,A1,늦을 것 같다,wahrscheinlich zu spät,looks like I'll be late,rights: original; pack: a1_weekend_promise_1; canonical sentence derives matching cloze/satz,approved,Jin explicit app-integration approval (2026-08-15).
vocab_a1_0342,A1,같이 걷다,zusammen gehen,to walk together,rights: original; pack: a1_weekend_promise_1; canonical sentence derives matching cloze/satz,approved,Jin explicit app-integration approval (2026-08-15).
vocab_a1_0343,A1,먼저 가다,schon vorausgehen,to go ahead first,rights: original; pack: a1_weekend_promise_1; canonical sentence derives matching cloze/satz,approved,Jin explicit app-integration approval (2026-08-15).
vocab_a1_0344,A1,초인종,Klingel,doorbell,rights: original; pack: a1_neighbors_hall_1; canonical sentence derives matching cloze/satz,approved,Jin explicit app-integration approval (2026-08-15).
vocab_a1_0345,A1,복도,Flur,hallway,rights: original; pack: a1_neighbors_hall_1; canonical sentence derives matching cloze/satz,approved,Jin explicit app-integration approval (2026-08-15).
vocab_a1_0346,A1,이웃집,Nachbarwohnung,neighbor's place,rights: original; pack: a1_neighbors_hall_1; canonical sentence derives matching cloze/satz,approved,Jin explicit app-integration approval (2026-08-15).
vocab_a1_0347,A1,층수,Stockwerk,floor number,rights: original; pack: a1_neighbors_hall_1; canonical sentence derives matching cloze/satz,approved,Jin explicit app-integration approval (2026-08-15).
vocab_a1_0348,A1,분리배출,getrennte Entsorgung,sorted disposal,rights: original; pack: a1_neighbors_hall_1; canonical sentence derives matching cloze/satz,approved,Jin explicit app-integration approval (2026-08-15).
vocab_a1_0349,A1,문패,Namensschild,door nameplate,rights: original; pack: a1_neighbors_hall_1; canonical sentence derives matching cloze/satz,approved,Jin explicit app-integration approval (2026-08-15).
vocab_a1_0350,A1,공동현관,Hauseingang,shared entrance,rights: original; pack: a1_neighbors_hall_1; canonical sentence derives matching cloze/satz,approved,Jin explicit app-integration approval (2026-08-15).
vocab_a1_0351,A1,층간소음,Lärm zwischen den Etagen,noise between floors,rights: original; pack: a1_neighbors_hall_1; canonical sentence derives matching cloze/satz,approved,Jin explicit app-integration approval (2026-08-15).
vocab_a1_0352,A1,택배함,Paketkasten,parcel locker,rights: original; pack: a1_neighbors_hall_1; canonical sentence derives matching cloze/satz,approved,Jin explicit app-integration approval (2026-08-15).
vocab_a1_0353,A1,공지문,Aushang,notice,rights: original; pack: a1_neighbors_hall_1; canonical sentence derives matching cloze/satz,approved,Jin explicit app-integration approval (2026-08-15).
vocab_a1_0354,A1,무단주차,unerlaubtes Parken,unauthorized parking,rights: original; pack: a1_neighbors_hall_1; canonical sentence derives matching cloze/satz,approved,Jin explicit app-integration approval (2026-08-15).
vocab_a1_0355,A1,이웃 인사,Nachbarsgruß,neighbor greeting,rights: original; pack: a1_neighbors_hall_1; canonical sentence derives matching cloze/satz,approved,Jin explicit app-integration approval (2026-08-15).
vocab_a1_0356,A1,필통,Federmäppchen,pencil case,rights: original; pack: a1_school_supplies_1; canonical sentence derives matching cloze/satz,approved,Jin explicit app-integration approval (2026-08-15).
vocab_a1_0357,A1,지우개,Radiergummi,eraser,rights: original; pack: a1_school_supplies_1; canonical sentence derives matching cloze/satz,approved,Jin explicit app-integration approval (2026-08-15).
vocab_a1_0358,A1,가위,Schere,scissors,rights: original; pack: a1_school_supplies_1; canonical sentence derives matching cloze/satz,approved,Jin explicit app-integration approval (2026-08-15).
vocab_a1_0359,A1,자,Lineal,ruler,rights: original; pack: a1_school_supplies_1; canonical sentence derives matching cloze/satz,approved,Jin explicit app-integration approval (2026-08-15).
vocab_a1_0360,A1,색연필,Buntstift,colored pencil,rights: original; pack: a1_school_supplies_1; canonical sentence derives matching cloze/satz,approved,Jin explicit app-integration approval (2026-08-15).
vocab_a1_0361,A1,연습장,Schreibheft,practice notebook,rights: original; pack: a1_school_supplies_1; canonical sentence derives matching cloze/satz,approved,Jin explicit app-integration approval (2026-08-15).
vocab_a1_0362,A1,준비물,Mitbringsel,things to bring,rights: original; pack: a1_school_supplies_1; canonical sentence derives matching cloze/satz,approved,Jin explicit app-integration approval (2026-08-15).
vocab_a1_0363,A1,제출하다,abgeben,to submit,rights: original; pack: a1_school_supplies_1; canonical sentence derives matching cloze/satz,approved,Jin explicit app-integration approval (2026-08-15).
vocab_a1_0364,A1,화이트보드,Whiteboard,whiteboard,rights: original; pack: a1_school_supplies_1; canonical sentence derives matching cloze/satz,approved,Jin explicit app-integration approval (2026-08-15).
vocab_a1_0365,A1,자리표,Platzkarte,seat card,rights: original; pack: a1_school_supplies_1; canonical sentence derives matching cloze/satz,approved,Jin explicit app-integration approval (2026-08-15).
vocab_a1_0366,A1,필기하다,mitschreiben,to take notes,rights: original; pack: a1_school_supplies_1; canonical sentence derives matching cloze/satz,approved,Jin explicit app-integration approval (2026-08-15).
vocab_a1_0367,A1,준비됐나요,sind Sie bereit,are you ready,rights: original; pack: a1_school_supplies_1; canonical sentence derives matching cloze/satz,approved,Jin explicit app-integration approval (2026-08-15).
vocab_a1_0368,A1,환승,Umsteigen,transfer,rights: original; pack: a1_subway_card_1; canonical sentence derives matching cloze/satz,approved,Jin explicit app-integration approval (2026-08-15).
vocab_a1_0369,A1,출구,Ausgang,exit,rights: original; pack: a1_subway_card_1; canonical sentence derives matching cloze/satz,approved,Jin explicit app-integration approval (2026-08-15).
vocab_a1_0370,A1,승강장,Bahnsteig,platform,rights: original; pack: a1_subway_card_1; canonical sentence derives matching cloze/satz,approved,Jin explicit app-integration approval (2026-08-15).
vocab_a1_0371,A1,막차,letzter Zug,last train,rights: original; pack: a1_subway_card_1; canonical sentence derives matching cloze/satz,approved,Jin explicit app-integration approval (2026-08-15).
vocab_a1_0372,A1,하차,Aussteigen,getting off,rights: original; pack: a1_subway_card_1; canonical sentence derives matching cloze/satz,approved,Jin explicit app-integration approval (2026-08-15).
vocab_a1_0373,A1,승차,Einsteigen,boarding,rights: original; pack: a1_subway_card_1; canonical sentence derives matching cloze/satz,approved,Jin explicit app-integration approval (2026-08-15).
vocab_a1_0374,A1,정기권,Zeitkarte,pass,rights: original; pack: a1_subway_card_1; canonical sentence derives matching cloze/satz,approved,Jin explicit app-integration approval (2026-08-15).
vocab_a1_0375,A1,개찰구,Sperre,ticket gate,rights: original; pack: a1_subway_card_1; canonical sentence derives matching cloze/satz,approved,Jin explicit app-integration approval (2026-08-15).
vocab_a1_0376,A1,노선도,Linienplan,line map,rights: original; pack: a1_subway_card_1; canonical sentence derives matching cloze/satz,approved,Jin explicit app-integration approval (2026-08-15).
vocab_a1_0377,A1,도착 안내,Ansage,arrival announcement,rights: original; pack: a1_subway_card_1; canonical sentence derives matching cloze/satz,approved,Jin explicit app-integration approval (2026-08-15).
vocab_a1_0378,A1,카드 잔액,Kartenguthaben,card balance,rights: original; pack: a1_subway_card_1; canonical sentence derives matching cloze/satz,approved,Jin explicit app-integration approval (2026-08-15).
vocab_a1_0379,A1,내리는 문,Ausstiegstür,exit door,rights: original; pack: a1_subway_card_1; canonical sentence derives matching cloze/satz,approved,Jin explicit app-integration approval (2026-08-15).
vocab_a1_0380,A1,겉옷,Überzieher,outer layer,rights: original; pack: a1_weather_layer_1; canonical sentence derives matching cloze/satz,approved,Jin explicit app-integration approval (2026-08-15).
vocab_a1_0381,A1,미세먼지,Feinstaub,fine dust,rights: original; pack: a1_weather_layer_1; canonical sentence derives matching cloze/satz,approved,Jin explicit app-integration approval (2026-08-15).
vocab_a1_0382,A1,일기예보,Wetterbericht,weather forecast,rights: original; pack: a1_weather_layer_1; canonical sentence derives matching cloze/satz,approved,Jin explicit app-integration approval (2026-08-15).
vocab_a1_0383,A1,우비,Regenjacke,rain jacket,rights: original; pack: a1_weather_layer_1; canonical sentence derives matching cloze/satz,approved,Jin explicit app-integration approval (2026-08-15).
vocab_a1_0384,A1,얇은 옷,leichte Kleidung,light clothes,rights: original; pack: a1_weather_layer_1; canonical sentence derives matching cloze/satz,approved,Jin explicit app-integration approval (2026-08-15).
vocab_a1_0385,A1,두꺼운 옷,dicke Kleidung,thick clothes,rights: original; pack: a1_weather_layer_1; canonical sentence derives matching cloze/satz,approved,Jin explicit app-integration approval (2026-08-15).
vocab_a1_0386,A1,일교차,Tag-Nacht-Unterschied,day-night gap,rights: original; pack: a1_weather_layer_1; canonical sentence derives matching cloze/satz,approved,Jin explicit app-integration approval (2026-08-15).
vocab_a1_0387,A1,습하다,schwül,humid,rights: original; pack: a1_weather_layer_1; canonical sentence derives matching cloze/satz,approved,Jin explicit app-integration approval (2026-08-15).
vocab_a1_0388,A1,쌀쌀하다,kühl,chilly,rights: original; pack: a1_weather_layer_1; canonical sentence derives matching cloze/satz,approved,Jin explicit app-integration approval (2026-08-15).
vocab_a1_0389,A1,맑음,heiter,clear skies,rights: original; pack: a1_weather_layer_1; canonical sentence derives matching cloze/satz,approved,Jin explicit app-integration approval (2026-08-15).
vocab_a1_0390,A1,소나기,Schauer,shower,rights: original; pack: a1_weather_layer_1; canonical sentence derives matching cloze/satz,approved,Jin explicit app-integration approval (2026-08-15).
vocab_a1_0391,A1,겹쳐 입다,in Lagen tragen,to layer clothes,rights: original; pack: a1_weather_layer_1; canonical sentence derives matching cloze/satz,approved,Jin explicit app-integration approval (2026-08-15).
vocab_a1_0392,A1,죄송하다,leidtun,to be sorry,rights: original; pack: a1_sorry_thanks_1; canonical sentence derives matching cloze/satz,approved,Jin explicit app-integration approval (2026-08-15).
vocab_a1_0393,A1,감사하다,dankbar sein,to be grateful,rights: original; pack: a1_sorry_thanks_1; canonical sentence derives matching cloze/satz,approved,Jin explicit app-integration approval (2026-08-15).
vocab_a1_0394,A1,실례하다,stören,to excuse oneself,rights: original; pack: a1_sorry_thanks_1; canonical sentence derives matching cloze/satz,approved,Jin explicit app-integration approval (2026-08-15).
vocab_a1_0395,A1,양해,Verständnis,understanding,rights: original; pack: a1_sorry_thanks_1; canonical sentence derives matching cloze/satz,approved,Jin explicit app-integration approval (2026-08-15).
vocab_a1_0396,A1,부탁하다,bitten,to ask a favor,rights: original; pack: a1_sorry_thanks_1; canonical sentence derives matching cloze/satz,approved,Jin explicit app-integration approval (2026-08-15).
vocab_a1_0397,A1,문제없어요,kein Problem,no problem,rights: original; pack: a1_sorry_thanks_1; canonical sentence derives matching cloze/satz,approved,Jin explicit app-integration approval (2026-08-15).
vocab_a1_0398,A1,제가 더요,ich habe zu danken,I should thank you,rights: original; pack: a1_sorry_thanks_1; canonical sentence derives matching cloze/satz,approved,Jin explicit app-integration approval (2026-08-15).
vocab_a1_0399,A1,잠깐만요,einen Moment,just a moment,rights: original; pack: a1_sorry_thanks_1; canonical sentence derives matching cloze/satz,approved,Jin explicit app-integration approval (2026-08-15).
vocab_a1_0400,A1,다시 말하다,noch einmal sagen,to say again,rights: original; pack: a1_sorry_thanks_1; canonical sentence derives matching cloze/satz,approved,Jin explicit app-integration approval (2026-08-15).
vocab_a1_0401,A1,천천히 말하다,langsam sprechen,to speak slowly,rights: original; pack: a1_sorry_thanks_1; canonical sentence derives matching cloze/satz,approved,Jin explicit app-integration approval (2026-08-15).
vocab_a1_0402,A1,정말 감사해요,vielen Dank,thank you so much,rights: original; pack: a1_sorry_thanks_1; canonical sentence derives matching cloze/satz,approved,Jin explicit app-integration approval (2026-08-15).
vocab_a1_0403,A1,정말 죄송해요,es tut mir sehr leid,I am very sorry,rights: original; pack: a1_sorry_thanks_1; canonical sentence derives matching cloze/satz,approved,Jin explicit app-integration approval (2026-08-15).
vocab_a2_0365,A2,요금제,Tarif,rate plan,rights: original; pack: a2_phone_plan_1; canonical sentence derives matching cloze/satz,approved,Jin explicit app-integration approval (2026-08-15).
vocab_a2_0366,A2,데이터량,Datenvolumen,data allowance,rights: original; pack: a2_phone_plan_1; canonical sentence derives matching cloze/satz,approved,Jin explicit app-integration approval (2026-08-15).
vocab_a2_0367,A2,무제한,unbegrenzt,unlimited,rights: original; pack: a2_phone_plan_1; canonical sentence derives matching cloze/satz,approved,Jin explicit app-integration approval (2026-08-15).
vocab_a2_0368,A2,약정,Vertragslaufzeit,contract term,rights: original; pack: a2_phone_plan_1; canonical sentence derives matching cloze/satz,approved,Jin explicit app-integration approval (2026-08-15).
vocab_a2_0369,A2,위약금,Vertragsstrafe,early-termination fee,rights: original; pack: a2_phone_plan_1; canonical sentence derives matching cloze/satz,approved,Jin explicit app-integration approval (2026-08-15).
vocab_a2_0370,A2,로밍,Roaming,roaming,rights: original; pack: a2_phone_plan_1; canonical sentence derives matching cloze/satz,approved,Jin explicit app-integration approval (2026-08-15).
vocab_a2_0371,A2,부가서비스,Zusatzdienst,add-on service,rights: original; pack: a2_phone_plan_1; canonical sentence derives matching cloze/satz,approved,Jin explicit app-integration approval (2026-08-15).
vocab_a2_0372,A2,청구서,Rechnung,bill,rights: original; pack: a2_phone_plan_1; canonical sentence derives matching cloze/satz,approved,Jin explicit app-integration approval (2026-08-15).
vocab_a2_0373,A2,자동이체,Lastschrift,auto debit,rights: original; pack: a2_phone_plan_1; canonical sentence derives matching cloze/satz,approved,Jin explicit app-integration approval (2026-08-15).
vocab_a2_0374,A2,고객센터,Kundencenter,customer center,rights: original; pack: a2_phone_plan_1; canonical sentence derives matching cloze/satz,approved,Jin explicit app-integration approval (2026-08-15).
vocab_a2_0375,A2,개통하다,freischalten,to activate a line,rights: original; pack: a2_phone_plan_1; canonical sentence derives matching cloze/satz,approved,Jin explicit app-integration approval (2026-08-15).
vocab_a2_0376,A2,데이터 충전,Datenaufladung,data top-up,rights: original; pack: a2_phone_plan_1; canonical sentence derives matching cloze/satz,approved,Jin explicit app-integration approval (2026-08-15).
vocab_a2_0377,A2,이체하다,überweisen,to transfer,rights: original; pack: a2_bank_counter_1; canonical sentence derives matching cloze/satz,approved,Jin explicit app-integration approval (2026-08-15).
vocab_a2_0378,A2,인증서,Zertifikat,certificate,rights: original; pack: a2_bank_counter_1; canonical sentence derives matching cloze/satz,approved,Jin explicit app-integration approval (2026-08-15).
vocab_a2_0379,A2,보안카드,Sicherheitskarte,security card,rights: original; pack: a2_bank_counter_1; canonical sentence derives matching cloze/satz,approved,Jin explicit app-integration approval (2026-08-15).
vocab_a2_0380,A2,대기번호,Wartenummer,queue number,rights: original; pack: a2_bank_counter_1; canonical sentence derives matching cloze/satz,approved,Jin explicit app-integration approval (2026-08-15).
vocab_a2_0381,A2,한도,Limit,limit,rights: original; pack: a2_bank_counter_1; canonical sentence derives matching cloze/satz,approved,Jin explicit app-integration approval (2026-08-15).
vocab_a2_0382,A2,창구직원,Schalterkraft,counter staff,rights: original; pack: a2_bank_counter_1; canonical sentence derives matching cloze/satz,approved,Jin explicit app-integration approval (2026-08-15).
vocab_a2_0383,A2,통장정리,Kontoauszug,passbook update,rights: original; pack: a2_bank_counter_1; canonical sentence derives matching cloze/satz,approved,Jin explicit app-integration approval (2026-08-15).
vocab_a2_0384,A2,인감,Namensstempel,name seal,rights: original; pack: a2_bank_counter_1; canonical sentence derives matching cloze/satz,approved,Jin explicit app-integration approval (2026-08-15).
vocab_a2_0385,A2,비밀번호 재설정,Passwort zurücksetzen,password reset,rights: original; pack: a2_bank_counter_1; canonical sentence derives matching cloze/satz,approved,Jin explicit app-integration approval (2026-08-15).
vocab_a2_0386,A2,창구 마감,Schalterschluss,counter closing,rights: original; pack: a2_bank_counter_1; canonical sentence derives matching cloze/satz,approved,Jin explicit app-integration approval (2026-08-15).
vocab_a2_0387,A2,입금 확인,Eingangsbestätigung,deposit confirmation,rights: original; pack: a2_bank_counter_1; canonical sentence derives matching cloze/satz,approved,Jin explicit app-integration approval (2026-08-15).
vocab_a2_0388,A2,출금 한도,Abhebungslimit,withdrawal limit,rights: original; pack: a2_bank_counter_1; canonical sentence derives matching cloze/satz,approved,Jin explicit app-integration approval (2026-08-15).
vocab_a2_0389,A2,헬스장,Fitnessstudio,gym,rights: original; pack: a2_gym_class_1; canonical sentence derives matching cloze/satz,approved,Jin explicit app-integration approval (2026-08-15).
vocab_a2_0390,A2,운동복,Sportkleidung,workout clothes,rights: original; pack: a2_gym_class_1; canonical sentence derives matching cloze/satz,approved,Jin explicit app-integration approval (2026-08-15).
vocab_a2_0391,A2,러닝머신,Laufband,treadmill,rights: original; pack: a2_gym_class_1; canonical sentence derives matching cloze/satz,approved,Jin explicit app-integration approval (2026-08-15).
vocab_a2_0392,A2,스트레칭,Dehnung,stretching,rights: original; pack: a2_gym_class_1; canonical sentence derives matching cloze/satz,approved,Jin explicit app-integration approval (2026-08-15).
vocab_a2_0393,A2,횟수,Wiederholungen,reps,rights: original; pack: a2_gym_class_1; canonical sentence derives matching cloze/satz,approved,Jin explicit app-integration approval (2026-08-15).
vocab_a2_0394,A2,세트,Satz,set,rights: original; pack: a2_gym_class_1; canonical sentence derives matching cloze/satz,approved,Jin explicit app-integration approval (2026-08-15).
vocab_a2_0395,A2,트레이너,Trainer,trainer,rights: original; pack: a2_gym_class_1; canonical sentence derives matching cloze/satz,approved,Jin explicit app-integration approval (2026-08-15).
vocab_a2_0396,A2,락커,Spind,locker,rights: original; pack: a2_gym_class_1; canonical sentence derives matching cloze/satz,approved,Jin explicit app-integration approval (2026-08-15).
vocab_a2_0397,A2,회원권,Mitgliedschaft,membership,rights: original; pack: a2_gym_class_1; canonical sentence derives matching cloze/satz,approved,Jin explicit app-integration approval (2026-08-15).
vocab_a2_0398,A2,준비운동,Aufwärmen,warm-up,rights: original; pack: a2_gym_class_1; canonical sentence derives matching cloze/satz,approved,Jin explicit app-integration approval (2026-08-15).
vocab_a2_0399,A2,근력,Kraft,strength,rights: original; pack: a2_gym_class_1; canonical sentence derives matching cloze/satz,approved,Jin explicit app-integration approval (2026-08-15).
vocab_a2_0400,A2,유산소,Ausdauer,cardio,rights: original; pack: a2_gym_class_1; canonical sentence derives matching cloze/satz,approved,Jin explicit app-integration approval (2026-08-15).
vocab_a2_0401,A2,미용실,Friseursalon,hair salon,rights: original; pack: a2_salon_visit_1; canonical sentence derives matching cloze/satz,approved,Jin explicit app-integration approval (2026-08-15).
vocab_a2_0402,A2,커트,Schnitt,haircut,rights: original; pack: a2_salon_visit_1; canonical sentence derives matching cloze/satz,approved,Jin explicit app-integration approval (2026-08-15).
vocab_a2_0403,A2,염색,Färbung,dye,rights: original; pack: a2_salon_visit_1; canonical sentence derives matching cloze/satz,approved,Jin explicit app-integration approval (2026-08-15).
vocab_a2_0404,A2,펌,Dauerwelle,perm,rights: original; pack: a2_salon_visit_1; canonical sentence derives matching cloze/satz,approved,Jin explicit app-integration approval (2026-08-15).
vocab_a2_0405,A2,앞머리,Pony,bangs,rights: original; pack: a2_salon_visit_1; canonical sentence derives matching cloze/satz,approved,Jin explicit app-integration approval (2026-08-15).
vocab_a2_0406,A2,드라이,Föhnen,blow-dry,rights: original; pack: a2_salon_visit_1; canonical sentence derives matching cloze/satz,approved,Jin explicit app-integration approval (2026-08-15).
vocab_a2_0407,A2,스타일리스트,Stylist,stylist,rights: original; pack: a2_salon_visit_1; canonical sentence derives matching cloze/satz,approved,Jin explicit app-integration approval (2026-08-15).
vocab_a2_0408,A2,예약금,Anzahlung,booking deposit,rights: original; pack: a2_salon_visit_1; canonical sentence derives matching cloze/satz,approved,Jin explicit app-integration approval (2026-08-15).
vocab_a2_0409,A2,샴푸,Shampoo,shampoo,rights: original; pack: a2_salon_visit_1; canonical sentence derives matching cloze/satz,approved,Jin explicit app-integration approval (2026-08-15).
vocab_a2_0410,A2,트리트먼트,Kur,treatment,rights: original; pack: a2_salon_visit_1; canonical sentence derives matching cloze/satz,approved,Jin explicit app-integration approval (2026-08-15).
vocab_a2_0411,A2,옆머리,Seitenhaar,side hair,rights: original; pack: a2_salon_visit_1; canonical sentence derives matching cloze/satz,approved,Jin explicit app-integration approval (2026-08-15).
vocab_a2_0412,A2,손질,Pflege,grooming,rights: original; pack: a2_salon_visit_1; canonical sentence derives matching cloze/satz,approved,Jin explicit app-integration approval (2026-08-15).
vocab_a2_0413,A2,관리사무소,Hausverwaltung,management office,rights: original; pack: a2_apt_rules_1; canonical sentence derives matching cloze/satz,approved,Jin explicit app-integration approval (2026-08-15).
vocab_a2_0414,A2,입주민,Bewohner,resident,rights: original; pack: a2_apt_rules_1; canonical sentence derives matching cloze/satz,approved,Jin explicit app-integration approval (2026-08-15).
vocab_a2_0415,A2,주차스티커,Parkaufkleber,parking sticker,rights: original; pack: a2_apt_rules_1; canonical sentence derives matching cloze/satz,approved,Jin explicit app-integration approval (2026-08-15).
vocab_a2_0416,A2,음식물 봉투,Biotüte,food-waste bag,rights: original; pack: a2_apt_rules_1; canonical sentence derives matching cloze/satz,approved,Jin explicit app-integration approval (2026-08-15).
vocab_a2_0417,A2,야간소음,Nachtlärm,night noise,rights: original; pack: a2_apt_rules_1; canonical sentence derives matching cloze/satz,approved,Jin explicit app-integration approval (2026-08-15).
vocab_a2_0418,A2,현관문,Wohnungstür,front door,rights: original; pack: a2_apt_rules_1; canonical sentence derives matching cloze/satz,approved,Jin explicit app-integration approval (2026-08-15).
vocab_a2_0419,A2,방문증,Besucherausweis,visitor pass,rights: original; pack: a2_apt_rules_1; canonical sentence derives matching cloze/satz,approved,Jin explicit app-integration approval (2026-08-15).
vocab_a2_0420,A2,재활용실,Wertstoffraum,recycling room,rights: original; pack: a2_apt_rules_1; canonical sentence derives matching cloze/satz,approved,Jin explicit app-integration approval (2026-08-15).
vocab_a2_0421,A2,대형폐기,Sperrmüll,bulk waste,rights: original; pack: a2_apt_rules_1; canonical sentence derives matching cloze/satz,approved,Jin explicit app-integration approval (2026-08-15).
vocab_a2_0422,A2,순찰,Rundgang,patrol,rights: original; pack: a2_apt_rules_1; canonical sentence derives matching cloze/satz,approved,Jin explicit app-integration approval (2026-08-15).
vocab_a2_0423,A2,위반,Verstoß,violation,rights: original; pack: a2_apt_rules_1; canonical sentence derives matching cloze/satz,approved,Jin explicit app-integration approval (2026-08-15).
vocab_a2_0424,A2,입주자 회의,Bewohnerversammlung,residents' meeting,rights: original; pack: a2_apt_rules_1; canonical sentence derives matching cloze/satz,approved,Jin explicit app-integration approval (2026-08-15).
vocab_a2_0425,A2,시급,Stundenlohn,hourly wage,rights: original; pack: a2_part_time_1; canonical sentence derives matching cloze/satz,approved,Jin explicit app-integration approval (2026-08-15).
vocab_a2_0426,A2,근무표,Dienstplan,shift schedule,rights: original; pack: a2_part_time_1; canonical sentence derives matching cloze/satz,approved,Jin explicit app-integration approval (2026-08-15).
vocab_a2_0427,A2,야간수당,Nachtzuschlag,night bonus,rights: original; pack: a2_part_time_1; canonical sentence derives matching cloze/satz,approved,Jin explicit app-integration approval (2026-08-15).
vocab_a2_0428,A2,휴게시간,Pause,break time,rights: original; pack: a2_part_time_1; canonical sentence derives matching cloze/satz,approved,Jin explicit app-integration approval (2026-08-15).
vocab_a2_0429,A2,인수인계,Übergabe,handover,rights: original; pack: a2_part_time_1; canonical sentence derives matching cloze/satz,approved,Jin explicit app-integration approval (2026-08-15).
vocab_a2_0430,A2,알바생,Aushilfe,part-timer,rights: original; pack: a2_part_time_1; canonical sentence derives matching cloze/satz,approved,Jin explicit app-integration approval (2026-08-15).
vocab_a2_0431,A2,주휴수당,Wochenruhegeld,weekly rest pay,rights: original; pack: a2_part_time_1; canonical sentence derives matching cloze/satz,approved,Jin explicit app-integration approval (2026-08-15).
vocab_a2_0432,A2,근로계약,Arbeitsvertrag,work contract,rights: original; pack: a2_part_time_1; canonical sentence derives matching cloze/satz,approved,Jin explicit app-integration approval (2026-08-15).
vocab_a2_0433,A2,교대,Schichtwechsel,shift change,rights: original; pack: a2_part_time_1; canonical sentence derives matching cloze/satz,approved,Jin explicit app-integration approval (2026-08-15).
vocab_a2_0434,A2,점장,Filialleitung,store manager,rights: original; pack: a2_part_time_1; canonical sentence derives matching cloze/satz,approved,Jin explicit app-integration approval (2026-08-15).
vocab_a2_0435,A2,마감하다,abschließen,to close up,rights: original; pack: a2_part_time_1; canonical sentence derives matching cloze/satz,approved,Jin explicit app-integration approval (2026-08-15).
vocab_a2_0436,A2,시급 명세서,Lohnzettel,wage slip,rights: original; pack: a2_part_time_1; canonical sentence derives matching cloze/satz,approved,Jin explicit app-integration approval (2026-08-15).
vocab_a2_0437,A2,분실물,Fundsache,lost item,rights: original; pack: a2_lost_found_1; canonical sentence derives matching cloze/satz,approved,Jin explicit app-integration approval (2026-08-15).
vocab_a2_0438,A2,습득하다,finden,to find and keep,rights: original; pack: a2_lost_found_1; canonical sentence derives matching cloze/satz,approved,Jin explicit app-integration approval (2026-08-15).
vocab_a2_0439,A2,보관함,Aufbewahrung,holding desk,rights: original; pack: a2_lost_found_1; canonical sentence derives matching cloze/satz,approved,Jin explicit app-integration approval (2026-08-15).
vocab_a2_0440,A2,신분증,Ausweis,ID card,rights: original; pack: a2_lost_found_1; canonical sentence derives matching cloze/satz,approved,Jin explicit app-integration approval (2026-08-15).
vocab_a2_0441,A2,찾아가다,abholen,to pick up,rights: original; pack: a2_lost_found_1; canonical sentence derives matching cloze/satz,approved,Jin explicit app-integration approval (2026-08-15).
vocab_a2_0442,A2,신고하다,melden,to report,rights: original; pack: a2_lost_found_1; canonical sentence derives matching cloze/satz,approved,Jin explicit app-integration approval (2026-08-15).
vocab_a2_0443,A2,안내데스크,Infoschalter,information desk,rights: original; pack: a2_lost_found_1; canonical sentence derives matching cloze/satz,approved,Jin explicit app-integration approval (2026-08-15).
vocab_a2_0444,A2,소지품,Habseligkeiten,belongings,rights: original; pack: a2_lost_found_1; canonical sentence derives matching cloze/satz,approved,Jin explicit app-integration approval (2026-08-15).
vocab_a2_0445,A2,라벨,Etikett,label,rights: original; pack: a2_lost_found_1; canonical sentence derives matching cloze/satz,approved,Jin explicit app-integration approval (2026-08-15).
vocab_a2_0446,A2,수령인,Abholer,recipient,rights: original; pack: a2_lost_found_1; canonical sentence derives matching cloze/satz,approved,Jin explicit app-integration approval (2026-08-15).
vocab_a2_0447,A2,보관기간,Aufbewahrungsfrist,holding period,rights: original; pack: a2_lost_found_1; canonical sentence derives matching cloze/satz,approved,Jin explicit app-integration approval (2026-08-15).
vocab_a2_0448,A2,확인서,Bestätigung,confirmation slip,rights: original; pack: a2_lost_found_1; canonical sentence derives matching cloze/satz,approved,Jin explicit app-integration approval (2026-08-15).
vocab_a2_0449,A2,축제,Fest,festival,rights: original; pack: a2_festival_booth_1; canonical sentence derives matching cloze/satz,approved,Jin explicit app-integration approval (2026-08-15).
vocab_a2_0450,A2,부스,Stand,booth,rights: original; pack: a2_festival_booth_1; canonical sentence derives matching cloze/satz,approved,Jin explicit app-integration approval (2026-08-15).
vocab_a2_0451,A2,체험하다,ausprobieren,to try out,rights: original; pack: a2_festival_booth_1; canonical sentence derives matching cloze/satz,approved,Jin explicit app-integration approval (2026-08-15).
vocab_a2_0452,A2,줄서다,anstehen,to queue,rights: original; pack: a2_festival_booth_1; canonical sentence derives matching cloze/satz,approved,Jin explicit app-integration approval (2026-08-15).
vocab_a2_0453,A2,안내원,Betreuer,guide,rights: original; pack: a2_festival_booth_1; canonical sentence derives matching cloze/satz,approved,Jin explicit app-integration approval (2026-08-15).
vocab_a2_0454,A2,무료시식,Kostprobe,free tasting,rights: original; pack: a2_festival_booth_1; canonical sentence derives matching cloze/satz,approved,Jin explicit app-integration approval (2026-08-15).
vocab_a2_0455,A2,홍보물,Flyer,flyer,rights: original; pack: a2_festival_booth_1; canonical sentence derives matching cloze/satz,approved,Jin explicit app-integration approval (2026-08-15).
vocab_a2_0456,A2,스탬프,Stempel,stamp,rights: original; pack: a2_festival_booth_1; canonical sentence derives matching cloze/satz,approved,Jin explicit app-integration approval (2026-08-15).
vocab_a2_0457,A2,운영시간,Öffnungszeit,opening hours,rights: original; pack: a2_festival_booth_1; canonical sentence derives matching cloze/satz,approved,Jin explicit app-integration approval (2026-08-15).
vocab_a2_0458,A2,현장접수,Vor-Ort-Anmeldung,on-site signup,rights: original; pack: a2_festival_booth_1; canonical sentence derives matching cloze/satz,approved,Jin explicit app-integration approval (2026-08-15).
vocab_a2_0459,A2,자원봉사자,Ehrenamtliche,volunteer,rights: original; pack: a2_festival_booth_1; canonical sentence derives matching cloze/satz,approved,Jin explicit app-integration approval (2026-08-15).
vocab_a2_0460,A2,체험권,Mitmachkarte,activity ticket,rights: original; pack: a2_festival_booth_1; canonical sentence derives matching cloze/satz,approved,Jin explicit app-integration approval (2026-08-15).
vocab_b1_0368,B1,참조,in Kopie,cc,rights: original; pack: b1_workplace_mail_1; canonical sentence derives matching cloze/satz,approved,Jin explicit app-integration approval (2026-08-15).
vocab_b1_0369,B1,숨은참조,Blindkopie,bcc,rights: original; pack: b1_workplace_mail_1; canonical sentence derives matching cloze/satz,approved,Jin explicit app-integration approval (2026-08-15).
vocab_b1_0370,B1,회신 기한,Antwortfrist,reply deadline,rights: original; pack: b1_workplace_mail_1; canonical sentence derives matching cloze/satz,approved,Jin explicit app-integration approval (2026-08-15).
vocab_b1_0371,B1,첨부 누락,fehlender Anhang,missing attachment,rights: original; pack: b1_workplace_mail_1; canonical sentence derives matching cloze/satz,approved,Jin explicit app-integration approval (2026-08-15).
vocab_b1_0372,B1,전달하다,weiterleiten,to forward,rights: original; pack: b1_workplace_mail_1; canonical sentence derives matching cloze/satz,approved,Jin explicit app-integration approval (2026-08-15).
vocab_b1_0373,B1,정정 메일,Korrekturmail,correction email,rights: original; pack: b1_workplace_mail_1; canonical sentence derives matching cloze/satz,approved,Jin explicit app-integration approval (2026-08-15).
vocab_b1_0374,B1,읽음 확인,Lesebestätigung,read receipt,rights: original; pack: b1_workplace_mail_1; canonical sentence derives matching cloze/satz,approved,Jin explicit app-integration approval (2026-08-15).
vocab_b1_0375,B1,제목을 고치다,den Betreff ändern,to fix the subject,rights: original; pack: b1_workplace_mail_1; canonical sentence derives matching cloze/satz,approved,Jin explicit app-integration approval (2026-08-15).
vocab_b1_0376,B1,후속 메일,Folgmail,follow-up mail,rights: original; pack: b1_workplace_mail_1; canonical sentence derives matching cloze/satz,approved,Jin explicit app-integration approval (2026-08-15).
vocab_b1_0377,B1,내부망,Intranet,intranet,rights: original; pack: b1_workplace_mail_1; canonical sentence derives matching cloze/satz,approved,Jin explicit app-integration approval (2026-08-15).
vocab_b1_0378,B1,공손한 맺음,höflicher Schluss,polite closing,rights: original; pack: b1_workplace_mail_1; canonical sentence derives matching cloze/satz,approved,Jin explicit app-integration approval (2026-08-15).
vocab_b1_0379,B1,수신 확인,Empfangsbestätigung,delivery receipt,rights: original; pack: b1_workplace_mail_1; canonical sentence derives matching cloze/satz,approved,Jin explicit app-integration approval (2026-08-15).
vocab_b1_0380,B1,공용 선반,gemeinsames Regal,shared shelf,rights: original; pack: b1_roommate_talk_1; canonical sentence derives matching cloze/satz,approved,Jin explicit app-integration approval (2026-08-15).
vocab_b1_0381,B1,청소 당번,Putzdienst,cleaning turn,rights: original; pack: b1_roommate_talk_1; canonical sentence derives matching cloze/satz,approved,Jin explicit app-integration approval (2026-08-15).
vocab_b1_0382,B1,공과금 정산,Nebenkostenabrechnung,utility split,rights: original; pack: b1_roommate_talk_1; canonical sentence derives matching cloze/satz,approved,Jin explicit app-integration approval (2026-08-15).
vocab_b1_0383,B1,조용한 시간,Ruhezeit,quiet hours,rights: original; pack: b1_roommate_talk_1; canonical sentence derives matching cloze/satz,approved,Jin explicit app-integration approval (2026-08-15).
vocab_b1_0384,B1,손님 사전 알림,Gästeankündigung,guest notice,rights: original; pack: b1_roommate_talk_1; canonical sentence derives matching cloze/satz,approved,Jin explicit app-integration approval (2026-08-15).
vocab_b1_0385,B1,냉장고 칸,Kühlfach,fridge shelf,rights: original; pack: b1_roommate_talk_1; canonical sentence derives matching cloze/satz,approved,Jin explicit app-integration approval (2026-08-15).
vocab_b1_0386,B1,빨래 순서,Waschreihenfolge,laundry turn,rights: original; pack: b1_roommate_talk_1; canonical sentence derives matching cloze/satz,approved,Jin explicit app-integration approval (2026-08-15).
vocab_b1_0387,B1,공용 세제,Gemeinschaftsreiniger,shared detergent,rights: original; pack: b1_roommate_talk_1; canonical sentence derives matching cloze/satz,approved,Jin explicit app-integration approval (2026-08-15).
vocab_b1_0388,B1,문 닫힘,Türschließen,door closing,rights: original; pack: b1_roommate_talk_1; canonical sentence derives matching cloze/satz,approved,Jin explicit app-integration approval (2026-08-15).
vocab_b1_0389,B1,생활 리듬,Alltagsrhythmus,daily rhythm,rights: original; pack: b1_roommate_talk_1; canonical sentence derives matching cloze/satz,approved,Jin explicit app-integration approval (2026-08-15).
vocab_b1_0390,B1,공동 구매,Sammelkauf,group purchase,rights: original; pack: b1_roommate_talk_1; canonical sentence derives matching cloze/satz,approved,Jin explicit app-integration approval (2026-08-15).
vocab_b1_0391,B1,서운한 점,Kränkung,sore point,rights: original; pack: b1_roommate_talk_1; canonical sentence derives matching cloze/satz,approved,Jin explicit app-integration approval (2026-08-15).
vocab_b1_0392,B1,사고 접수,Schadensmeldung,claim filing,rights: original; pack: b1_insurance_claim_1; canonical sentence derives matching cloze/satz,approved,Jin explicit app-integration approval (2026-08-15).
vocab_b1_0393,B1,보장 범위,Leistungsrahmen,coverage scope,rights: original; pack: b1_insurance_claim_1; canonical sentence derives matching cloze/satz,approved,Jin explicit app-integration approval (2026-08-15).
vocab_b1_0394,B1,자기부담금,Selbstbeteiligung,deductible,rights: original; pack: b1_insurance_claim_1; canonical sentence derives matching cloze/satz,approved,Jin explicit app-integration approval (2026-08-15).
vocab_b1_0395,B1,진단서,Attest,medical note,rights: original; pack: b1_insurance_claim_1; canonical sentence derives matching cloze/satz,approved,Jin explicit app-integration approval (2026-08-15).
vocab_b1_0396,B1,보험금,Versicherungssumme,payout,rights: original; pack: b1_insurance_claim_1; canonical sentence derives matching cloze/satz,approved,Jin explicit app-integration approval (2026-08-15).
vocab_b1_0397,B1,면책,Ausschluss,exclusion,rights: original; pack: b1_insurance_claim_1; canonical sentence derives matching cloze/satz,approved,Jin explicit app-integration approval (2026-08-15).
vocab_b1_0398,B1,청구 서류,Antragsunterlagen,claim documents,rights: original; pack: b1_insurance_claim_1; canonical sentence derives matching cloze/satz,approved,Jin explicit app-integration approval (2026-08-15).
vocab_b1_0399,B1,담당 설계사,Berater,agent,rights: original; pack: b1_insurance_claim_1; canonical sentence derives matching cloze/satz,approved,Jin explicit app-integration approval (2026-08-15).
vocab_b1_0400,B1,보상 심사,Leistungsprüfung,payout review,rights: original; pack: b1_insurance_claim_1; canonical sentence derives matching cloze/satz,approved,Jin explicit app-integration approval (2026-08-15).
vocab_b1_0401,B1,사고 경위,Hergang,incident account,rights: original; pack: b1_insurance_claim_1; canonical sentence derives matching cloze/satz,approved,Jin explicit app-integration approval (2026-08-15).
vocab_b1_0402,B1,특약,Zusatzbaustein,rider,rights: original; pack: b1_insurance_claim_1; canonical sentence derives matching cloze/satz,approved,Jin explicit app-integration approval (2026-08-15).
vocab_b1_0403,B1,지급 보류,Auszahlungsstopp,held payout,rights: original; pack: b1_insurance_claim_1; canonical sentence derives matching cloze/satz,approved,Jin explicit app-integration approval (2026-08-15).
vocab_b1_0404,B1,민원실,Bürgerbüro,civil affairs desk,rights: original; pack: b1_public_office_1; canonical sentence derives matching cloze/satz,approved,Jin explicit app-integration approval (2026-08-15).
vocab_b1_0405,B1,구비 서류,erforderliche Unterlagen,required papers,rights: original; pack: b1_public_office_1; canonical sentence derives matching cloze/satz,approved,Jin explicit app-integration approval (2026-08-15).
vocab_b1_0406,B1,접수증,Eingangsbeleg,intake slip,rights: original; pack: b1_public_office_1; canonical sentence derives matching cloze/satz,approved,Jin explicit app-integration approval (2026-08-15).
vocab_b1_0407,B1,처리 기한,Bearbeitungsfrist,processing time,rights: original; pack: b1_public_office_1; canonical sentence derives matching cloze/satz,approved,Jin explicit app-integration approval (2026-08-15).
vocab_b1_0408,B1,담당 창구,zuständiger Schalter,responsible counter,rights: original; pack: b1_public_office_1; canonical sentence derives matching cloze/satz,approved,Jin explicit app-integration approval (2026-08-15).
vocab_b1_0409,B1,보완 요청,Nachforderung,request to supplement,rights: original; pack: b1_public_office_1; canonical sentence derives matching cloze/satz,approved,Jin explicit app-integration approval (2026-08-15).
vocab_b1_0410,B1,열람,Einsicht,inspection,rights: original; pack: b1_public_office_1; canonical sentence derives matching cloze/satz,approved,Jin explicit app-integration approval (2026-08-15).
vocab_b1_0411,B1,대리 신청,Antrag durch Vertretung,proxy application,rights: original; pack: b1_public_office_1; canonical sentence derives matching cloze/satz,approved,Jin explicit app-integration approval (2026-08-15).
vocab_b1_0412,B1,수수료 납부,Gebührenzahlung,fee payment,rights: original; pack: b1_public_office_1; canonical sentence derives matching cloze/satz,approved,Jin explicit app-integration approval (2026-08-15).
vocab_b1_0413,B1,민원 번호,Vorgangsnummer,case number,rights: original; pack: b1_public_office_1; canonical sentence derives matching cloze/satz,approved,Jin explicit app-integration approval (2026-08-15).
vocab_b1_0414,B1,담당자 연결,Durchstellung,transfer to an officer,rights: original; pack: b1_public_office_1; canonical sentence derives matching cloze/satz,approved,Jin explicit app-integration approval (2026-08-15).
vocab_b1_0415,B1,처리 완료,Abschluss der Bearbeitung,processing complete,rights: original; pack: b1_public_office_1; canonical sentence derives matching cloze/satz,approved,Jin explicit app-integration approval (2026-08-15).
vocab_b1_0416,B1,봉사 시간,Ehrenamtsstunden,volunteer hours,rights: original; pack: b1_volunteer_shift_1; canonical sentence derives matching cloze/satz,approved,Jin explicit app-integration approval (2026-08-15).
vocab_b1_0417,B1,배정표,Einsatzplan,assignment sheet,rights: original; pack: b1_volunteer_shift_1; canonical sentence derives matching cloze/satz,approved,Jin explicit app-integration approval (2026-08-15).
vocab_b1_0418,B1,사전 교육,Vorschulung,pre-shift training,rights: original; pack: b1_volunteer_shift_1; canonical sentence derives matching cloze/satz,approved,Jin explicit app-integration approval (2026-08-15).
vocab_b1_0419,B1,안전 조끼,Warnweste,safety vest,rights: original; pack: b1_volunteer_shift_1; canonical sentence derives matching cloze/satz,approved,Jin explicit app-integration approval (2026-08-15).
vocab_b1_0420,B1,인수 메모,Übergabenotiz,handover note,rights: original; pack: b1_volunteer_shift_1; canonical sentence derives matching cloze/satz,approved,Jin explicit app-integration approval (2026-08-15).
vocab_b1_0421,B1,결원,Ausfall,no-show gap,rights: original; pack: b1_volunteer_shift_1; canonical sentence derives matching cloze/satz,approved,Jin explicit app-integration approval (2026-08-15).
vocab_b1_0422,B1,명찰,Namensschild,name badge,rights: original; pack: b1_volunteer_shift_1; canonical sentence derives matching cloze/satz,approved,Jin explicit app-integration approval (2026-08-15).
vocab_b1_0423,B1,비상 연락망,Notfallkette,emergency chain,rights: original; pack: b1_volunteer_shift_1; canonical sentence derives matching cloze/satz,approved,Jin explicit app-integration approval (2026-08-15).
vocab_b1_0424,B1,물품 점검,Materialkontrolle,supply check,rights: original; pack: b1_volunteer_shift_1; canonical sentence derives matching cloze/satz,approved,Jin explicit app-integration approval (2026-08-15).
vocab_b1_0425,B1,교대 시간,Ablösezeit,relief time,rights: original; pack: b1_volunteer_shift_1; canonical sentence derives matching cloze/satz,approved,Jin explicit app-integration approval (2026-08-15).
vocab_b1_0426,B1,현장 책임자,Einsatzleitung,site lead,rights: original; pack: b1_volunteer_shift_1; canonical sentence derives matching cloze/satz,approved,Jin explicit app-integration approval (2026-08-15).
vocab_b1_0427,B1,봉사 확인서,Nachweis,service certificate,rights: original; pack: b1_volunteer_shift_1; canonical sentence derives matching cloze/satz,approved,Jin explicit app-integration approval (2026-08-15).
vocab_b1_0428,B1,학부모 면담,Elterngespräch,parent meeting,rights: original; pack: b1_parent_school_1; canonical sentence derives matching cloze/satz,approved,Jin explicit app-integration approval (2026-08-15).
vocab_b1_0429,B1,알림장,Mitteilungsheft,home note,rights: original; pack: b1_parent_school_1; canonical sentence derives matching cloze/satz,approved,Jin explicit app-integration approval (2026-08-15).
vocab_b1_0430,B1,상담 시간,Sprechzeit,office hour,rights: original; pack: b1_parent_school_1; canonical sentence derives matching cloze/satz,approved,Jin explicit app-integration approval (2026-08-15).
vocab_b1_0431,B1,학습 태도,Lernhaltung,study attitude,rights: original; pack: b1_parent_school_1; canonical sentence derives matching cloze/satz,approved,Jin explicit app-integration approval (2026-08-15).
vocab_b1_0432,B1,보충 수업,Förderstunde,support class,rights: original; pack: b1_parent_school_1; canonical sentence derives matching cloze/satz,approved,Jin explicit app-integration approval (2026-08-15).
vocab_b1_0433,B1,가정 통신,Elternbrief,school letter,rights: original; pack: b1_parent_school_1; canonical sentence derives matching cloze/satz,approved,Jin explicit app-integration approval (2026-08-15).
vocab_b1_0434,B1,참관 수업,Hospitation,class observation,rights: original; pack: b1_parent_school_1; canonical sentence derives matching cloze/satz,approved,Jin explicit app-integration approval (2026-08-15).
vocab_b1_0435,B1,생활 기록,Entwicklungsnotiz,progress note,rights: original; pack: b1_parent_school_1; canonical sentence derives matching cloze/satz,approved,Jin explicit app-integration approval (2026-08-15).
vocab_b1_0436,B1,준비물 분담,Materialteilung,shared supplies,rights: original; pack: b1_parent_school_1; canonical sentence derives matching cloze/satz,approved,Jin explicit app-integration approval (2026-08-15).
vocab_b1_0437,B1,하원 시간,Abholzeit,pickup time,rights: original; pack: b1_parent_school_1; canonical sentence derives matching cloze/satz,approved,Jin explicit app-integration approval (2026-08-15).
vocab_b1_0438,B1,담임 선생님,Klassenleitung,homeroom teacher,rights: original; pack: b1_parent_school_1; canonical sentence derives matching cloze/satz,approved,Jin explicit app-integration approval (2026-08-15).
vocab_b1_0439,B1,동의서,Einverständnis,consent form,rights: original; pack: b1_parent_school_1; canonical sentence derives matching cloze/satz,approved,Jin explicit app-integration approval (2026-08-15).
vocab_b1_0440,B1,고장 부위,defekte Stelle,fault location,rights: original; pack: b1_repair_words_1; canonical sentence derives matching cloze/satz,approved,Jin explicit app-integration approval (2026-08-15).
vocab_b1_0441,B1,부품 교체,Teiletausch,part replacement,rights: original; pack: b1_repair_words_1; canonical sentence derives matching cloze/satz,approved,Jin explicit app-integration approval (2026-08-15).
vocab_b1_0442,B1,출장 수리,Vor-Ort-Reparatur,on-site repair,rights: original; pack: b1_repair_words_1; canonical sentence derives matching cloze/satz,approved,Jin explicit app-integration approval (2026-08-15).
vocab_b1_0443,B1,무상 기간,Garantiezeit,warranty period,rights: original; pack: b1_repair_words_1; canonical sentence derives matching cloze/satz,approved,Jin explicit app-integration approval (2026-08-15).
vocab_b1_0444,B1,점검 결과,Prüfergebnis,inspection result,rights: original; pack: b1_repair_words_1; canonical sentence derives matching cloze/satz,approved,Jin explicit app-integration approval (2026-08-15).
vocab_b1_0445,B1,재방문,Zweitbesuch,return visit,rights: original; pack: b1_repair_words_1; canonical sentence derives matching cloze/satz,approved,Jin explicit app-integration approval (2026-08-15).
vocab_b1_0446,B1,임시 조치,Notlösung,temporary fix,rights: original; pack: b1_repair_words_1; canonical sentence derives matching cloze/satz,approved,Jin explicit app-integration approval (2026-08-15).
vocab_b1_0447,B1,견적 변경,Kostenvoranschlagsänderung,quote change,rights: original; pack: b1_repair_words_1; canonical sentence derives matching cloze/satz,approved,Jin explicit app-integration approval (2026-08-15).
vocab_b1_0448,B1,설치 오류,Montagefehler,install error,rights: original; pack: b1_repair_words_1; canonical sentence derives matching cloze/satz,approved,Jin explicit app-integration approval (2026-08-15).
vocab_b1_0449,B1,A/S 센터,Kundendienststelle,service center,rights: original; pack: b1_repair_words_1; canonical sentence derives matching cloze/satz,approved,Jin explicit app-integration approval (2026-08-15).
vocab_b1_0450,B1,수리 완료증,Fertigstellungsbeleg,repair receipt,rights: original; pack: b1_repair_words_1; canonical sentence derives matching cloze/satz,approved,Jin explicit app-integration approval (2026-08-15).
vocab_b1_0451,B1,재발 방지,Rückfallschutz,preventing recurrence,rights: original; pack: b1_repair_words_1; canonical sentence derives matching cloze/satz,approved,Jin explicit app-integration approval (2026-08-15).
vocab_b1_0452,B1,일정 변경,Terminänderung,schedule change,rights: original; pack: b1_travel_change_1; canonical sentence derives matching cloze/satz,approved,Jin explicit app-integration approval (2026-08-15).
vocab_b1_0453,B1,환불 규정,Erstattungsregel,refund rule,rights: original; pack: b1_travel_change_1; canonical sentence derives matching cloze/satz,approved,Jin explicit app-integration approval (2026-08-15).
vocab_b1_0454,B1,수수료 면제,Gebührenerlass,fee waiver,rights: original; pack: b1_travel_change_1; canonical sentence derives matching cloze/satz,approved,Jin explicit app-integration approval (2026-08-15).
vocab_b1_0455,B1,대체 열차,Ersatzzug,replacement train,rights: original; pack: b1_travel_change_1; canonical sentence derives matching cloze/satz,approved,Jin explicit app-integration approval (2026-08-15).
vocab_b1_0456,B1,숙소 이월,Übernachtungsverschiebung,stay shift,rights: original; pack: b1_travel_change_1; canonical sentence derives matching cloze/satz,approved,Jin explicit app-integration approval (2026-08-15).
vocab_b1_0457,B1,탑승 마감,Check-in-Schluss,boarding cutoff,rights: original; pack: b1_travel_change_1; canonical sentence derives matching cloze/satz,approved,Jin explicit app-integration approval (2026-08-15).
vocab_b1_0458,B1,연결편,Anschluss,connecting service,rights: original; pack: b1_travel_change_1; canonical sentence derives matching cloze/satz,approved,Jin explicit app-integration approval (2026-08-15).
vocab_b1_0459,B1,좌석 재배정,Neuzuweisung,reseating,rights: original; pack: b1_travel_change_1; canonical sentence derives matching cloze/satz,approved,Jin explicit app-integration approval (2026-08-15).
vocab_b1_0460,B1,여행자 보험,Reiseversicherung,travel insurance,rights: original; pack: b1_travel_change_1; canonical sentence derives matching cloze/satz,approved,Jin explicit app-integration approval (2026-08-15).
vocab_b1_0461,B1,출발 지연,Abfahrtsverzug,departure delay,rights: original; pack: b1_travel_change_1; canonical sentence derives matching cloze/satz,approved,Jin explicit app-integration approval (2026-08-15).
vocab_b1_0462,B1,변경 수수료,Umbuchungsgebühr,change fee,rights: original; pack: b1_travel_change_1; canonical sentence derives matching cloze/satz,approved,Jin explicit app-integration approval (2026-08-15).
vocab_b1_0463,B1,확정 대기,Warteliste,waitlist hold,rights: original; pack: b1_travel_change_1; canonical sentence derives matching cloze/satz,approved,Jin explicit app-integration approval (2026-08-15).
vocab_b2_0527,B2,성과 면담,Beurteilungsgespräch,performance talk,rights: original; pack: b2_performance_review_1; canonical sentence derives matching cloze/satz,approved,Jin explicit app-integration approval (2026-08-15).
vocab_b2_0528,B2,목표 대비,Soll-Ist,target versus actual,rights: original; pack: b2_performance_review_1; canonical sentence derives matching cloze/satz,approved,Jin explicit app-integration approval (2026-08-15).
vocab_b2_0529,B2,개선 과제,Entwicklungsaufgabe,growth task,rights: original; pack: b2_performance_review_1; canonical sentence derives matching cloze/satz,approved,Jin explicit app-integration approval (2026-08-15).
vocab_b2_0530,B2,자기 평가,Selbsteinschätzung,self-review,rights: original; pack: b2_performance_review_1; canonical sentence derives matching cloze/satz,approved,Jin explicit app-integration approval (2026-08-15).
vocab_b2_0531,B2,역량 기술,Kompetenzbeschreibung,skill description,rights: original; pack: b2_performance_review_1; canonical sentence derives matching cloze/satz,approved,Jin explicit app-integration approval (2026-08-15).
vocab_b2_0532,B2,피드백 메모,Rückmeldungsnotiz,feedback note,rights: original; pack: b2_performance_review_1; canonical sentence derives matching cloze/satz,approved,Jin explicit app-integration approval (2026-08-15).
vocab_b2_0533,B2,승진 기준,Beförderungskriterium,promotion criterion,rights: original; pack: b2_performance_review_1; canonical sentence derives matching cloze/satz,approved,Jin explicit app-integration approval (2026-08-15).
vocab_b2_0534,B2,면담 기록,Gesprächsprotokoll,review minutes,rights: original; pack: b2_performance_review_1; canonical sentence derives matching cloze/satz,approved,Jin explicit app-integration approval (2026-08-15).
vocab_b2_0535,B2,강점 서술,Stärkenformulierung,strength statement,rights: original; pack: b2_performance_review_1; canonical sentence derives matching cloze/satz,approved,Jin explicit app-integration approval (2026-08-15).
vocab_b2_0536,B2,보완 계획,Nachholplan,remediation plan,rights: original; pack: b2_performance_review_1; canonical sentence derives matching cloze/satz,approved,Jin explicit app-integration approval (2026-08-15).
vocab_b2_0537,B2,평가 주기,Beurteilungszyklus,review cycle,rights: original; pack: b2_performance_review_1; canonical sentence derives matching cloze/satz,approved,Jin explicit app-integration approval (2026-08-15).
vocab_b2_0538,B2,합의된 다음 단계,vereinbarter Folgeschritt,agreed next step,rights: original; pack: b2_performance_review_1; canonical sentence derives matching cloze/satz,approved,Jin explicit app-integration approval (2026-08-15).
vocab_b2_0539,B2,내용증명,Einschreiben mit Inhalt,content-certified mail,rights: original; pack: b2_housing_dispute_1; canonical sentence derives matching cloze/satz,approved,Jin explicit app-integration approval (2026-08-15).
vocab_b2_0540,B2,원상복구,Rückbau,restoration,rights: original; pack: b2_housing_dispute_1; canonical sentence derives matching cloze/satz,approved,Jin explicit app-integration approval (2026-08-15).
vocab_b2_0541,B2,하자 보수,Mängelbeseitigung,defect repair,rights: original; pack: b2_housing_dispute_1; canonical sentence derives matching cloze/satz,approved,Jin explicit app-integration approval (2026-08-15).
vocab_b2_0542,B2,관리단,Eigentümergemeinschaft,owners' group,rights: original; pack: b2_housing_dispute_1; canonical sentence derives matching cloze/satz,approved,Jin explicit app-integration approval (2026-08-15).
vocab_b2_0543,B2,조정 신청,Schlichtungsantrag,mediation request,rights: original; pack: b2_housing_dispute_1; canonical sentence derives matching cloze/satz,approved,Jin explicit app-integration approval (2026-08-15).
vocab_b2_0544,B2,증거 사진,Beweisfoto,evidence photo,rights: original; pack: b2_housing_dispute_1; canonical sentence derives matching cloze/satz,approved,Jin explicit app-integration approval (2026-08-15).
vocab_b2_0545,B2,사용 제한,Nutzungsbeschränkung,use restriction,rights: original; pack: b2_housing_dispute_1; canonical sentence derives matching cloze/satz,approved,Jin explicit app-integration approval (2026-08-15).
vocab_b2_0546,B2,비용 분담,Kostenteilung,cost share,rights: original; pack: b2_housing_dispute_1; canonical sentence derives matching cloze/satz,approved,Jin explicit app-integration approval (2026-08-15).
vocab_b2_0547,B2,퇴거 통보,Räumungsankündigung,vacate notice,rights: original; pack: b2_housing_dispute_1; canonical sentence derives matching cloze/satz,approved,Jin explicit app-integration approval (2026-08-15).
vocab_b2_0548,B2,전입 날짜,Melddatum,move-in date,rights: original; pack: b2_housing_dispute_1; canonical sentence derives matching cloze/satz,approved,Jin explicit app-integration approval (2026-08-15).
vocab_b2_0549,B2,분쟁 조항,Streitklausel,dispute clause,rights: original; pack: b2_housing_dispute_1; canonical sentence derives matching cloze/satz,approved,Jin explicit app-integration approval (2026-08-15).
vocab_b2_0550,B2,합의서 초안,Vergleichsentwurf,settlement draft,rights: original; pack: b2_housing_dispute_1; canonical sentence derives matching cloze/satz,approved,Jin explicit app-integration approval (2026-08-15).
vocab_b2_0551,B2,원문 대조,Quellenabgleich,source check,rights: original; pack: b2_media_literacy_1; canonical sentence derives matching cloze/satz,approved,Jin explicit app-integration approval (2026-08-15).
vocab_b2_0552,B2,선택 편집,Auswahlmontage,selective edit,rights: original; pack: b2_media_literacy_1; canonical sentence derives matching cloze/satz,approved,Jin explicit app-integration approval (2026-08-15).
vocab_b2_0553,B2,후원 표시,Kennzeichnung,sponsorship label,rights: original; pack: b2_media_literacy_1; canonical sentence derives matching cloze/satz,approved,Jin explicit app-integration approval (2026-08-15).
vocab_b2_0554,B2,통계 단위,Maßeinheit,statistic unit,rights: original; pack: b2_media_literacy_1; canonical sentence derives matching cloze/satz,approved,Jin explicit app-integration approval (2026-08-15).
vocab_b2_0555,B2,인용 맥락,Zitatrahmen,quote context,rights: original; pack: b2_media_literacy_1; canonical sentence derives matching cloze/satz,approved,Jin explicit app-integration approval (2026-08-15).
vocab_b2_0556,B2,정정 보도,Richtigstellung,correction notice,rights: original; pack: b2_media_literacy_1; canonical sentence derives matching cloze/satz,approved,Jin explicit app-integration approval (2026-08-15).
vocab_b2_0557,B2,익명 제보,anonyme Meldung,anonymous tip,rights: original; pack: b2_media_literacy_1; canonical sentence derives matching cloze/satz,approved,Jin explicit app-integration approval (2026-08-15).
vocab_b2_0558,B2,알고리즘 추천,Empfehlungslogik,feed ranking,rights: original; pack: b2_media_literacy_1; canonical sentence derives matching cloze/satz,approved,Jin explicit app-integration approval (2026-08-15).
vocab_b2_0559,B2,사실 확인,Faktenprüfung,fact check,rights: original; pack: b2_media_literacy_1; canonical sentence derives matching cloze/satz,approved,Jin explicit app-integration approval (2026-08-15).
vocab_b2_0560,B2,과장 표현,Übertreibung,loaded wording,rights: original; pack: b2_media_literacy_1; canonical sentence derives matching cloze/satz,approved,Jin explicit app-integration approval (2026-08-15).
vocab_b2_0561,B2,출처 계층,Quellenlage,source layer,rights: original; pack: b2_media_literacy_1; canonical sentence derives matching cloze/satz,approved,Jin explicit app-integration approval (2026-08-15).
vocab_b2_0562,B2,공유 보류,Teilestopp,hold before sharing,rights: original; pack: b2_media_literacy_1; canonical sentence derives matching cloze/satz,approved,Jin explicit app-integration approval (2026-08-15).
vocab_b2_0563,B2,주민 의견,Einwohnerstimme,resident input,rights: original; pack: b2_civic_meeting_1; canonical sentence derives matching cloze/satz,approved,Jin explicit app-integration approval (2026-08-15).
vocab_b2_0564,B2,안건 순서,Tagesordnung,agenda order,rights: original; pack: b2_civic_meeting_1; canonical sentence derives matching cloze/satz,approved,Jin explicit app-integration approval (2026-08-15).
vocab_b2_0565,B2,발언권,Rederecht,the floor,rights: original; pack: b2_civic_meeting_1; canonical sentence derives matching cloze/satz,approved,Jin explicit app-integration approval (2026-08-15).
vocab_b2_0566,B2,회의 기록문,Sitzungsprotokoll,minutes,rights: original; pack: b2_civic_meeting_1; canonical sentence derives matching cloze/satz,approved,Jin explicit app-integration approval (2026-08-15).
vocab_b2_0567,B2,이해관계,Interessenlage,stake,rights: original; pack: b2_civic_meeting_1; canonical sentence derives matching cloze/satz,approved,Jin explicit app-integration approval (2026-08-15).
vocab_b2_0568,B2,반대 이유,Gegengrund,reason against,rights: original; pack: b2_civic_meeting_1; canonical sentence derives matching cloze/satz,approved,Jin explicit app-integration approval (2026-08-15).
vocab_b2_0569,B2,수정안,Änderungsantrag,amendment,rights: original; pack: b2_civic_meeting_1; canonical sentence derives matching cloze/satz,approved,Jin explicit app-integration approval (2026-08-15).
vocab_b2_0570,B2,표결 방식,Abstimmungsform,voting method,rights: original; pack: b2_civic_meeting_1; canonical sentence derives matching cloze/satz,approved,Jin explicit app-integration approval (2026-08-15).
vocab_b2_0571,B2,방청,Zuhören,public gallery,rights: original; pack: b2_civic_meeting_1; canonical sentence derives matching cloze/satz,approved,Jin explicit app-integration approval (2026-08-15).
vocab_b2_0572,B2,회의 정족,Beschlussfähigkeit,quorum,rights: original; pack: b2_civic_meeting_1; canonical sentence derives matching cloze/satz,approved,Jin explicit app-integration approval (2026-08-15).
vocab_b2_0573,B2,공개 질의,öffentliche Nachfrage,public question,rights: original; pack: b2_civic_meeting_1; canonical sentence derives matching cloze/satz,approved,Jin explicit app-integration approval (2026-08-15).
vocab_b2_0574,B2,후속 공지,Folgebekanntgabe,follow-up notice,rights: original; pack: b2_civic_meeting_1; canonical sentence derives matching cloze/satz,approved,Jin explicit app-integration approval (2026-08-15).
vocab_b2_0575,B2,양보 범위,Spielraum,concession range,rights: original; pack: b2_team_negotiation_1; canonical sentence derives matching cloze/satz,approved,Jin explicit app-integration approval (2026-08-15).
vocab_b2_0576,B2,핵심 조건,Kernbedingung,must-have,rights: original; pack: b2_team_negotiation_1; canonical sentence derives matching cloze/satz,approved,Jin explicit app-integration approval (2026-08-15).
vocab_b2_0577,B2,대안 제시,Gegenvorschlag,counter-offer,rights: original; pack: b2_team_negotiation_1; canonical sentence derives matching cloze/satz,approved,Jin explicit app-integration approval (2026-08-15).
vocab_b2_0578,B2,침묵 구간,Denkpause,silent pause,rights: original; pack: b2_team_negotiation_1; canonical sentence derives matching cloze/satz,approved,Jin explicit app-integration approval (2026-08-15).
vocab_b2_0579,B2,공동 초안,Gemeinentwurf,joint draft,rights: original; pack: b2_team_negotiation_1; canonical sentence derives matching cloze/satz,approved,Jin explicit app-integration approval (2026-08-15).
vocab_b2_0580,B2,결정 권한,Entscheidungskompetenz,decision right,rights: original; pack: b2_team_negotiation_1; canonical sentence derives matching cloze/satz,approved,Jin explicit app-integration approval (2026-08-15).
vocab_b2_0581,B2,시간 상자,Zeitfenster,time box,rights: original; pack: b2_team_negotiation_1; canonical sentence derives matching cloze/satz,approved,Jin explicit app-integration approval (2026-08-15).
vocab_b2_0582,B2,이해 확인,Verständnischeck,check for understanding,rights: original; pack: b2_team_negotiation_1; canonical sentence derives matching cloze/satz,approved,Jin explicit app-integration approval (2026-08-15).
vocab_b2_0583,B2,기록 담당,Protokollführung,note owner,rights: original; pack: b2_team_negotiation_1; canonical sentence derives matching cloze/satz,approved,Jin explicit app-integration approval (2026-08-15).
vocab_b2_0584,B2,보류 사유,Ruhegrund,reason to pause,rights: original; pack: b2_team_negotiation_1; canonical sentence derives matching cloze/satz,approved,Jin explicit app-integration approval (2026-08-15).
vocab_b2_0585,B2,상호 양보,wechselseitiges Nachgeben,mutual concession,rights: original; pack: b2_team_negotiation_1; canonical sentence derives matching cloze/satz,approved,Jin explicit app-integration approval (2026-08-15).
vocab_b2_0586,B2,합의 문장,Einigungssatz,agreed sentence,rights: original; pack: b2_team_negotiation_1; canonical sentence derives matching cloze/satz,approved,Jin explicit app-integration approval (2026-08-15).
vocab_b2_0587,B2,한 장 요약,Einseiter,one-pager,rights: original; pack: b2_policy_brief_1; canonical sentence derives matching cloze/satz,approved,Jin explicit app-integration approval (2026-08-15).
vocab_b2_0588,B2,선택지 비교,Optionsvergleich,option compare,rights: original; pack: b2_policy_brief_1; canonical sentence derives matching cloze/satz,approved,Jin explicit app-integration approval (2026-08-15).
vocab_b2_0589,B2,가정 명시,Annahmenklarheit,stated assumption,rights: original; pack: b2_policy_brief_1; canonical sentence derives matching cloze/satz,approved,Jin explicit app-integration approval (2026-08-15).
vocab_b2_0590,B2,영향 집단,betroffene Gruppe,affected group,rights: original; pack: b2_policy_brief_1; canonical sentence derives matching cloze/satz,approved,Jin explicit app-integration approval (2026-08-15).
vocab_b2_0591,B2,실행 단계,Umsetzungsschritt,implementation step,rights: original; pack: b2_policy_brief_1; canonical sentence derives matching cloze/satz,approved,Jin explicit app-integration approval (2026-08-15).
vocab_b2_0592,B2,반대 시나리오,Gegenszenario,counter-case,rights: original; pack: b2_policy_brief_1; canonical sentence derives matching cloze/satz,approved,Jin explicit app-integration approval (2026-08-15).
vocab_b2_0593,B2,측정 지표,Messgröße,metric,rights: original; pack: b2_policy_brief_1; canonical sentence derives matching cloze/satz,approved,Jin explicit app-integration approval (2026-08-15).
vocab_b2_0594,B2,권고 문장,Empfehlungssatz,recommendation line,rights: original; pack: b2_policy_brief_1; canonical sentence derives matching cloze/satz,approved,Jin explicit app-integration approval (2026-08-15).
vocab_b2_0595,B2,공개 범위,Öffnungsgrad,disclosure scope,rights: original; pack: b2_policy_brief_1; canonical sentence derives matching cloze/satz,approved,Jin explicit app-integration approval (2026-08-15).
vocab_b2_0596,B2,결정 기한,Entscheidungsfrist,decision deadline,rights: original; pack: b2_policy_brief_1; canonical sentence derives matching cloze/satz,approved,Jin explicit app-integration approval (2026-08-15).
vocab_b2_0597,B2,근거 각주,Belegfußnote,source footnote,rights: original; pack: b2_policy_brief_1; canonical sentence derives matching cloze/satz,approved,Jin explicit app-integration approval (2026-08-15).
vocab_b2_0598,B2,남은 불확실성,Restunsicherheit,remaining uncertainty,rights: original; pack: b2_policy_brief_1; canonical sentence derives matching cloze/satz,approved,Jin explicit app-integration approval (2026-08-15).
vocab_b2_0599,B2,상위 담당,nächste Ebene,next-level owner,rights: original; pack: b2_customer_escalation_1; canonical sentence derives matching cloze/satz,approved,Jin explicit app-integration approval (2026-08-15).
vocab_b2_0600,B2,사건 번호,Fallnummer,case id,rights: original; pack: b2_customer_escalation_1; canonical sentence derives matching cloze/satz,approved,Jin explicit app-integration approval (2026-08-15).
vocab_b2_0601,B2,약속 불이행,Nichteinhaltung,broken promise,rights: original; pack: b2_customer_escalation_1; canonical sentence derives matching cloze/satz,approved,Jin explicit app-integration approval (2026-08-15).
vocab_b2_0602,B2,보상 한도,Kulanzrahmen,goodwill limit,rights: original; pack: b2_customer_escalation_1; canonical sentence derives matching cloze/satz,approved,Jin explicit app-integration approval (2026-08-15).
vocab_b2_0603,B2,재발 기록,Wiederholungsnotiz,repeat log,rights: original; pack: b2_customer_escalation_1; canonical sentence derives matching cloze/satz,approved,Jin explicit app-integration approval (2026-08-15).
vocab_b2_0604,B2,감정 분리,Sachton,separate the feeling,rights: original; pack: b2_customer_escalation_1; canonical sentence derives matching cloze/satz,approved,Jin explicit app-integration approval (2026-08-15).
vocab_b2_0605,B2,우회 채널,Nebenweg,side channel,rights: original; pack: b2_customer_escalation_1; canonical sentence derives matching cloze/satz,approved,Jin explicit app-integration approval (2026-08-15).
vocab_b2_0606,B2,최종 통지,letzte Mitteilung,final notice,rights: original; pack: b2_customer_escalation_1; canonical sentence derives matching cloze/satz,approved,Jin explicit app-integration approval (2026-08-15).
vocab_b2_0607,B2,책임 소재,Zuständigkeit,who owns it,rights: original; pack: b2_customer_escalation_1; canonical sentence derives matching cloze/satz,approved,Jin explicit app-integration approval (2026-08-15).
vocab_b2_0608,B2,현장 확인,Vor-Ort-Prüfung,on-site check,rights: original; pack: b2_customer_escalation_1; canonical sentence derives matching cloze/satz,approved,Jin explicit app-integration approval (2026-08-15).
vocab_b2_0609,B2,합의 조건,Vergleichsklausel,settlement term,rights: original; pack: b2_customer_escalation_1; canonical sentence derives matching cloze/satz,approved,Jin explicit app-integration approval (2026-08-15).
vocab_b2_0610,B2,종결 확인,Abschlussbestätigung,closure confirm,rights: original; pack: b2_customer_escalation_1; canonical sentence derives matching cloze/satz,approved,Jin explicit app-integration approval (2026-08-15).
vocab_b2_0611,B2,연구 질문,Leitfrage,research question,rights: original; pack: b2_research_summary_1; canonical sentence derives matching cloze/satz,approved,Jin explicit app-integration approval (2026-08-15).
vocab_b2_0612,B2,표본 크기,Stichprobenumfang,sample size,rights: original; pack: b2_research_summary_1; canonical sentence derives matching cloze/satz,approved,Jin explicit app-integration approval (2026-08-15).
vocab_b2_0613,B2,한계 문장,Grenzsatz,limitation line,rights: original; pack: b2_research_summary_1; canonical sentence derives matching cloze/satz,approved,Jin explicit app-integration approval (2026-08-15).
vocab_b2_0614,B2,교차 확인,Gegenprobe,cross-check,rights: original; pack: b2_research_summary_1; canonical sentence derives matching cloze/satz,approved,Jin explicit app-integration approval (2026-08-15).
vocab_b2_0615,B2,용어 정의,Arbeitsdefinition,working definition,rights: original; pack: b2_research_summary_1; canonical sentence derives matching cloze/satz,approved,Jin explicit app-integration approval (2026-08-15).
vocab_b2_0616,B2,인용 형식,Belegform,citation form,rights: original; pack: b2_research_summary_1; canonical sentence derives matching cloze/satz,approved,Jin explicit app-integration approval (2026-08-15).
vocab_b2_0617,B2,결과 강도,Aussagestärke,claim strength,rights: original; pack: b2_research_summary_1; canonical sentence derives matching cloze/satz,approved,Jin explicit app-integration approval (2026-08-15).
vocab_b2_0618,B2,도표 읽기,Diagrammlektüre,chart reading,rights: original; pack: b2_research_summary_1; canonical sentence derives matching cloze/satz,approved,Jin explicit app-integration approval (2026-08-15).
vocab_b2_0619,B2,반례 찾기,Gegenbeispielsuche,looking for counterexamples,rights: original; pack: b2_research_summary_1; canonical sentence derives matching cloze/satz,approved,Jin explicit app-integration approval (2026-08-15).
vocab_b2_0620,B2,요약 문단,Kurzabsatz,summary paragraph,rights: original; pack: b2_research_summary_1; canonical sentence derives matching cloze/satz,approved,Jin explicit app-integration approval (2026-08-15).
vocab_b2_0621,B2,후속 조사,Anschlussrecherche,follow-up study,rights: original; pack: b2_research_summary_1; canonical sentence derives matching cloze/satz,approved,Jin explicit app-integration approval (2026-08-15).
vocab_b2_0622,B2,출처 목록,Quellenliste,source list,rights: original; pack: b2_research_summary_1; canonical sentence derives matching cloze/satz,approved,Jin explicit app-integration approval (2026-08-15).
vocab_c1_0073,C1,불확실성 구간,Unsicherheitsspanne,uncertainty range,rights: original; pack: c1_evidence_caveat_1; canonical sentence derives matching cloze/satz,approved,Jin explicit app-integration approval (2026-08-15).
vocab_c1_0074,C1,표본 편향,Stichprobenverzerrung,sample bias,rights: original; pack: c1_evidence_caveat_1; canonical sentence derives matching cloze/satz,approved,Jin explicit app-integration approval (2026-08-15).
vocab_c1_0075,C1,과잉 일반화,Überverallgemeinerung,overgeneralization,rights: original; pack: c1_evidence_caveat_1; canonical sentence derives matching cloze/satz,approved,Jin explicit app-integration approval (2026-08-15).
vocab_c1_0076,C1,신뢰 구간,Konfidenzintervall,confidence interval,rights: original; pack: c1_evidence_caveat_1; canonical sentence derives matching cloze/satz,approved,Jin explicit app-integration approval (2026-08-15).
vocab_c1_0077,C1,공개 한계문,Grenzhinweis,public limitation note,rights: original; pack: c1_evidence_caveat_1; canonical sentence derives matching cloze/satz,approved,Jin explicit app-integration approval (2026-08-15).
vocab_c1_0078,C1,설명 강도,Erklärstärke,explanatory strength,rights: original; pack: c1_evidence_caveat_1; canonical sentence derives matching cloze/satz,approved,Jin explicit app-integration approval (2026-08-15).
vocab_c1_0079,C1,관측 공백,Beobachtungslücke,observation gap,rights: original; pack: c1_evidence_caveat_1; canonical sentence derives matching cloze/satz,approved,Jin explicit app-integration approval (2026-08-15).
vocab_c1_0080,C1,측정 오차,Messabweichung,measurement error,rights: original; pack: c1_evidence_caveat_1; canonical sentence derives matching cloze/satz,approved,Jin explicit app-integration approval (2026-08-15).
vocab_c1_0081,C1,인과 단정,Kausalbehauptung,causal leap,rights: original; pack: c1_evidence_caveat_1; canonical sentence derives matching cloze/satz,approved,Jin explicit app-integration approval (2026-08-15).
vocab_c1_0082,C1,재현 여부,Replizierbarkeit,replicability,rights: original; pack: c1_evidence_caveat_1; canonical sentence derives matching cloze/satz,approved,Jin explicit app-integration approval (2026-08-15).
vocab_c1_0083,C1,선택 보고,selektives Berichten,selective reporting,rights: original; pack: c1_evidence_caveat_1; canonical sentence derives matching cloze/satz,approved,Jin explicit app-integration approval (2026-08-15).
vocab_c1_0084,C1,잠정 결론,vorläufiges Fazit,provisional conclusion,rights: original; pack: c1_evidence_caveat_1; canonical sentence derives matching cloze/satz,approved,Jin explicit app-integration approval (2026-08-15).
vocab_c1_0085,C1,브리핑 문안,Lageformulierung,briefing wording,rights: original; pack: c1_public_briefing_1; canonical sentence derives matching cloze/satz,approved,Jin explicit app-integration approval (2026-08-15).
vocab_c1_0086,C1,위험 등급,Risikostufe,risk grade,rights: original; pack: c1_public_briefing_1; canonical sentence derives matching cloze/satz,approved,Jin explicit app-integration approval (2026-08-15).
vocab_c1_0087,C1,비전문가 설명,Laienerklärung,plain-language explainer,rights: original; pack: c1_public_briefing_1; canonical sentence derives matching cloze/satz,approved,Jin explicit app-integration approval (2026-08-15).
vocab_c1_0088,C1,질의 시간,Nachfragfenster,question window,rights: original; pack: c1_public_briefing_1; canonical sentence derives matching cloze/satz,approved,Jin explicit app-integration approval (2026-08-15).
vocab_c1_0089,C1,오해 예방,Missverständnisvorsorge,misread prevention,rights: original; pack: c1_public_briefing_1; canonical sentence derives matching cloze/satz,approved,Jin explicit app-integration approval (2026-08-15).
vocab_c1_0090,C1,속보 절제,Eilzurückhaltung,holding a flash update,rights: original; pack: c1_public_briefing_1; canonical sentence derives matching cloze/satz,approved,Jin explicit app-integration approval (2026-08-15).
vocab_c1_0091,C1,공동 발표,Gemeinerklärung,joint statement,rights: original; pack: c1_public_briefing_1; canonical sentence derives matching cloze/satz,approved,Jin explicit app-integration approval (2026-08-15).
vocab_c1_0092,C1,시각 자료,Schaubild,visual aid,rights: original; pack: c1_public_briefing_1; canonical sentence derives matching cloze/satz,approved,Jin explicit app-integration approval (2026-08-15).
vocab_c1_0093,C1,정정 창구,Korrekturkanal,correction channel,rights: original; pack: c1_public_briefing_1; canonical sentence derives matching cloze/satz,approved,Jin explicit app-integration approval (2026-08-15).
vocab_c1_0094,C1,행동 권고,Handlungsempfehlung,action advice,rights: original; pack: c1_public_briefing_1; canonical sentence derives matching cloze/satz,approved,Jin explicit app-integration approval (2026-08-15).
vocab_c1_0095,C1,자료 공개일,Veröffentlichungstag,release day,rights: original; pack: c1_public_briefing_1; canonical sentence derives matching cloze/satz,approved,Jin explicit app-integration approval (2026-08-15).
vocab_c1_0096,C1,발언 기록,Wortprotokoll,spoken record,rights: original; pack: c1_public_briefing_1; canonical sentence derives matching cloze/satz,approved,Jin explicit app-integration approval (2026-08-15).
vocab_c1_0097,C1,문항 유도,Suggestivfrage,leading item,rights: original; pack: c1_survey_design_1; canonical sentence derives matching cloze/satz,approved,Jin explicit app-integration approval (2026-08-15).
vocab_c1_0098,C1,무응답 처리,Item-Nonresponse,missing-answer handling,rights: original; pack: c1_survey_design_1; canonical sentence derives matching cloze/satz,approved,Jin explicit app-integration approval (2026-08-15).
vocab_c1_0099,C1,가중치 부여,Gewichtung,weighting,rights: original; pack: c1_survey_design_1; canonical sentence derives matching cloze/satz,approved,Jin explicit app-integration approval (2026-08-15).
vocab_c1_0100,C1,표집틀,Auswahlrahmen,sampling frame,rights: original; pack: c1_survey_design_1; canonical sentence derives matching cloze/satz,approved,Jin explicit app-integration approval (2026-08-15).
vocab_c1_0101,C1,사전 조사,Pretest,pretest,rights: original; pack: c1_survey_design_1; canonical sentence derives matching cloze/satz,approved,Jin explicit app-integration approval (2026-08-15).
vocab_c1_0102,C1,응답 부담,Antwortlast,respondent burden,rights: original; pack: c1_survey_design_1; canonical sentence derives matching cloze/satz,approved,Jin explicit app-integration approval (2026-08-15).
vocab_c1_0103,C1,척도 간격,Skalenabstand,scale spacing,rights: original; pack: c1_survey_design_1; canonical sentence derives matching cloze/satz,approved,Jin explicit app-integration approval (2026-08-15).
vocab_c1_0104,C1,개방형 코딩,Offencodierung,open-code scheme,rights: original; pack: c1_survey_design_1; canonical sentence derives matching cloze/satz,approved,Jin explicit app-integration approval (2026-08-15).
vocab_c1_0105,C1,수집 시점,Erhebungszeit,collection window,rights: original; pack: c1_survey_design_1; canonical sentence derives matching cloze/satz,approved,Jin explicit app-integration approval (2026-08-15).
vocab_c1_0106,C1,비교 가능성,Vergleichbarkeit,comparability,rights: original; pack: c1_survey_design_1; canonical sentence derives matching cloze/satz,approved,Jin explicit app-integration approval (2026-08-15).
vocab_c1_0107,C1,익명화 수준,Anonymisierungsgrad,anonymization level,rights: original; pack: c1_survey_design_1; canonical sentence derives matching cloze/satz,approved,Jin explicit app-integration approval (2026-08-15).
vocab_c1_0108,C1,설계 메모,Designnotiz,design memo,rights: original; pack: c1_survey_design_1; canonical sentence derives matching cloze/satz,approved,Jin explicit app-integration approval (2026-08-15).
vocab_c1_0109,C1,상대 위험,relatives Risiko,relative risk,rights: original; pack: c1_risk_wording_1; canonical sentence derives matching cloze/satz,approved,Jin explicit app-integration approval (2026-08-15).
vocab_c1_0110,C1,절대 건수,Absolutenzahl,absolute count,rights: original; pack: c1_risk_wording_1; canonical sentence derives matching cloze/satz,approved,Jin explicit app-integration approval (2026-08-15).
vocab_c1_0111,C1,잔여 위험,Restrisiko,residual risk,rights: original; pack: c1_risk_wording_1; canonical sentence derives matching cloze/satz,approved,Jin explicit app-integration approval (2026-08-15).
vocab_c1_0112,C1,조기 경보,Frühwarnung,early warning,rights: original; pack: c1_risk_wording_1; canonical sentence derives matching cloze/satz,approved,Jin explicit app-integration approval (2026-08-15).
vocab_c1_0113,C1,오탐 비율,Falschalarmquote,false-alarm rate,rights: original; pack: c1_risk_wording_1; canonical sentence derives matching cloze/satz,approved,Jin explicit app-integration approval (2026-08-15).
vocab_c1_0114,C1,노출 시간,Expositionsdauer,exposure time,rights: original; pack: c1_risk_wording_1; canonical sentence derives matching cloze/satz,approved,Jin explicit app-integration approval (2026-08-15).
vocab_c1_0115,C1,취약 집단,vulnerable Gruppe,vulnerable group,rights: original; pack: c1_risk_wording_1; canonical sentence derives matching cloze/satz,approved,Jin explicit app-integration approval (2026-08-15).
vocab_c1_0116,C1,행동 문턱,Handlungsschwelle,action threshold,rights: original; pack: c1_risk_wording_1; canonical sentence derives matching cloze/satz,approved,Jin explicit app-integration approval (2026-08-15).
vocab_c1_0117,C1,소통 톤,Kommunikationslage,communication tone,rights: original; pack: c1_risk_wording_1; canonical sentence derives matching cloze/satz,approved,Jin explicit app-integration approval (2026-08-15).
vocab_c1_0118,C1,갱신 주기,Aktualisierungsrhythmus,update cadence,rights: original; pack: c1_risk_wording_1; canonical sentence derives matching cloze/satz,approved,Jin explicit app-integration approval (2026-08-15).
vocab_c1_0119,C1,비교 기준점,Vergleichsanker,comparison anchor,rights: original; pack: c1_risk_wording_1; canonical sentence derives matching cloze/satz,approved,Jin explicit app-integration approval (2026-08-15).
vocab_c1_0120,C1,경고 피로,Warnmüdigkeit,alert fatigue,rights: original; pack: c1_risk_wording_1; canonical sentence derives matching cloze/satz,approved,Jin explicit app-integration approval (2026-08-15).
vocab_c1_0121,C1,접근 비용,Zugangskosten,access cost,rights: original; pack: c1_access_cost_1; canonical sentence derives matching cloze/satz,approved,Jin explicit app-integration approval (2026-08-15).
vocab_c1_0122,C1,유지 부담,Folgelast,upkeep burden,rights: original; pack: c1_access_cost_1; canonical sentence derives matching cloze/satz,approved,Jin explicit app-integration approval (2026-08-15).
vocab_c1_0123,C1,선택권 축소,Wahlverengung,narrowed choice,rights: original; pack: c1_access_cost_1; canonical sentence derives matching cloze/satz,approved,Jin explicit app-integration approval (2026-08-15).
vocab_c1_0124,C1,우회 경로,Umwegzugang,workaround path,rights: original; pack: c1_access_cost_1; canonical sentence derives matching cloze/satz,approved,Jin explicit app-integration approval (2026-08-15).
vocab_c1_0125,C1,보조 인력,Assistenzkraft,support staff,rights: original; pack: c1_access_cost_1; canonical sentence derives matching cloze/satz,approved,Jin explicit app-integration approval (2026-08-15).
vocab_c1_0126,C1,예약 장벽,Buchungshürde,booking barrier,rights: original; pack: c1_access_cost_1; canonical sentence derives matching cloze/satz,approved,Jin explicit app-integration approval (2026-08-15).
vocab_c1_0127,C1,대기 불이익,Wartenachteil,wait penalty,rights: original; pack: c1_access_cost_1; canonical sentence derives matching cloze/satz,approved,Jin explicit app-integration approval (2026-08-15).
vocab_c1_0128,C1,요금 누진,Tarifprogression,rising fee steps,rights: original; pack: c1_access_cost_1; canonical sentence derives matching cloze/satz,approved,Jin explicit app-integration approval (2026-08-15).
vocab_c1_0129,C1,정보 접근,Informationszugang,information access,rights: original; pack: c1_access_cost_1; canonical sentence derives matching cloze/satz,approved,Jin explicit app-integration approval (2026-08-15).
vocab_c1_0130,C1,현장 동선,Vor-Ort-Weg,on-site route,rights: original; pack: c1_access_cost_1; canonical sentence derives matching cloze/satz,approved,Jin explicit app-integration approval (2026-08-15).
vocab_c1_0131,C1,지속 가능 조건,Dauerbedingung,condition for staying viable,rights: original; pack: c1_access_cost_1; canonical sentence derives matching cloze/satz,approved,Jin explicit app-integration approval (2026-08-15).
vocab_c1_0132,C1,비용 전가,Kostenverschiebung,cost shift,rights: original; pack: c1_access_cost_1; canonical sentence derives matching cloze/satz,approved,Jin explicit app-integration approval (2026-08-15).
vocab_c1_0133,C1,참여 장벽,Teilnahmehürde,participation barrier,rights: original; pack: c1_participation_design_1; canonical sentence derives matching cloze/satz,approved,Jin explicit app-integration approval (2026-08-15).
vocab_c1_0134,C1,발언 할당,Redequote,speaking allotment,rights: original; pack: c1_participation_design_1; canonical sentence derives matching cloze/satz,approved,Jin explicit app-integration approval (2026-08-15).
vocab_c1_0135,C1,대리 참여,Stellvertretung,proxy participation,rights: original; pack: c1_participation_design_1; canonical sentence derives matching cloze/satz,approved,Jin explicit app-integration approval (2026-08-15).
vocab_c1_0136,C1,피드백 순환,Rückmeldeschleife,feedback loop,rights: original; pack: c1_participation_design_1; canonical sentence derives matching cloze/satz,approved,Jin explicit app-integration approval (2026-08-15).
vocab_c1_0137,C1,의제 설정권,Agendahoheit,agenda power,rights: original; pack: c1_participation_design_1; canonical sentence derives matching cloze/satz,approved,Jin explicit app-integration approval (2026-08-15).
vocab_c1_0138,C1,소수 의견,Minderheitenlage,minority view,rights: original; pack: c1_participation_design_1; canonical sentence derives matching cloze/satz,approved,Jin explicit app-integration approval (2026-08-15).
vocab_c1_0139,C1,접근 가능한 장소,barrierearmer Ort,accessible venue,rights: original; pack: c1_participation_design_1; canonical sentence derives matching cloze/satz,approved,Jin explicit app-integration approval (2026-08-15).
vocab_c1_0140,C1,통역 지원,Dolmetschhilfe,interpreting support,rights: original; pack: c1_participation_design_1; canonical sentence derives matching cloze/satz,approved,Jin explicit app-integration approval (2026-08-15).
vocab_c1_0141,C1,사전 자료,Vorabunterlage,advance packet,rights: original; pack: c1_participation_design_1; canonical sentence derives matching cloze/satz,approved,Jin explicit app-integration approval (2026-08-15).
vocab_c1_0142,C1,참여 피로,Beteiligungsmüdigkeit,engagement fatigue,rights: original; pack: c1_participation_design_1; canonical sentence derives matching cloze/satz,approved,Jin explicit app-integration approval (2026-08-15).
vocab_c1_0143,C1,결정 환류,Beschlussrückgabe,decision return,rights: original; pack: c1_participation_design_1; canonical sentence derives matching cloze/satz,approved,Jin explicit app-integration approval (2026-08-15).
vocab_c1_0144,C1,공동 설계,Mitgestaltung,co-design,rights: original; pack: c1_participation_design_1; canonical sentence derives matching cloze/satz,approved,Jin explicit app-integration approval (2026-08-15).
vocab_c1_0145,C1,지역 여건,Ortslage,local conditions,rights: original; pack: c1_local_tradeoff_1; canonical sentence derives matching cloze/satz,approved,Jin explicit app-integration approval (2026-08-15).
vocab_c1_0146,C1,야간 소음 한도,Nachtpegel,night noise cap,rights: original; pack: c1_local_tradeoff_1; canonical sentence derives matching cloze/satz,approved,Jin explicit app-integration approval (2026-08-15).
vocab_c1_0147,C1,녹지 보전,Grünschutz,green-space keep,rights: original; pack: c1_local_tradeoff_1; canonical sentence derives matching cloze/satz,approved,Jin explicit app-integration approval (2026-08-15).
vocab_c1_0148,C1,상권 이전,Lageverschiebung,commerce shift,rights: original; pack: c1_local_tradeoff_1; canonical sentence derives matching cloze/satz,approved,Jin explicit app-integration approval (2026-08-15).
vocab_c1_0149,C1,통행 우회,Verkehrsumlegung,traffic diversion,rights: original; pack: c1_local_tradeoff_1; canonical sentence derives matching cloze/satz,approved,Jin explicit app-integration approval (2026-08-15).
vocab_c1_0150,C1,보상 대상,Ausgleichskreis,who is compensated,rights: original; pack: c1_local_tradeoff_1; canonical sentence derives matching cloze/satz,approved,Jin explicit app-integration approval (2026-08-15).
vocab_c1_0151,C1,계절 제약,Saisongrenze,seasonal constraint,rights: original; pack: c1_local_tradeoff_1; canonical sentence derives matching cloze/satz,approved,Jin explicit app-integration approval (2026-08-15).
vocab_c1_0152,C1,공유 편익,geteilter Nutzen,shared benefit,rights: original; pack: c1_local_tradeoff_1; canonical sentence derives matching cloze/satz,approved,Jin explicit app-integration approval (2026-08-15).
vocab_c1_0153,C1,이전 비용,Verlagerungskosten,relocation cost,rights: original; pack: c1_local_tradeoff_1; canonical sentence derives matching cloze/satz,approved,Jin explicit app-integration approval (2026-08-15).
vocab_c1_0154,C1,야간 조명,Nachtlicht,night lighting,rights: original; pack: c1_local_tradeoff_1; canonical sentence derives matching cloze/satz,approved,Jin explicit app-integration approval (2026-08-15).
vocab_c1_0155,C1,이용 시간대,Nutzungsfenster,hours of use,rights: original; pack: c1_local_tradeoff_1; canonical sentence derives matching cloze/satz,approved,Jin explicit app-integration approval (2026-08-15).
vocab_c1_0156,C1,현장 실험,Ortsversuch,on-site trial,rights: original; pack: c1_local_tradeoff_1; canonical sentence derives matching cloze/satz,approved,Jin explicit app-integration approval (2026-08-15).
vocab_c1_0157,C1,운영 인력,Betriebspersonal,ops staff,rights: original; pack: c1_maintenance_burden_1; canonical sentence derives matching cloze/satz,approved,Jin explicit app-integration approval (2026-08-15).
vocab_c1_0158,C1,교체 주기,Ersatzrhythmus,replacement cycle,rights: original; pack: c1_maintenance_burden_1; canonical sentence derives matching cloze/satz,approved,Jin explicit app-integration approval (2026-08-15).
vocab_c1_0159,C1,예비 부품,Ersatzvorhalt,spare stock,rights: original; pack: c1_maintenance_burden_1; canonical sentence derives matching cloze/satz,approved,Jin explicit app-integration approval (2026-08-15).
vocab_c1_0160,C1,점검 로그,Wartungslog,service log,rights: original; pack: c1_maintenance_burden_1; canonical sentence derives matching cloze/satz,approved,Jin explicit app-integration approval (2026-08-15).
vocab_c1_0161,C1,야간 당직,Nachtdienst,night duty,rights: original; pack: c1_maintenance_burden_1; canonical sentence derives matching cloze/satz,approved,Jin explicit app-integration approval (2026-08-15).
vocab_c1_0162,C1,교육 갱신,Schulungsauffrischung,refresher training,rights: original; pack: c1_maintenance_burden_1; canonical sentence derives matching cloze/satz,approved,Jin explicit app-integration approval (2026-08-15).
vocab_c1_0163,C1,고장 대기,Störwartezeit,outage wait,rights: original; pack: c1_maintenance_burden_1; canonical sentence derives matching cloze/satz,approved,Jin explicit app-integration approval (2026-08-15).
vocab_c1_0164,C1,예산 이월,Mittelübertragung,budget carryover,rights: original; pack: c1_maintenance_burden_1; canonical sentence derives matching cloze/satz,approved,Jin explicit app-integration approval (2026-08-15).
vocab_c1_0165,C1,사용자 신고,Nutzermeldung,user report,rights: original; pack: c1_maintenance_burden_1; canonical sentence derives matching cloze/satz,approved,Jin explicit app-integration approval (2026-08-15).
vocab_c1_0166,C1,수명 예측,Lebensdauerlage,life estimate,rights: original; pack: c1_maintenance_burden_1; canonical sentence derives matching cloze/satz,approved,Jin explicit app-integration approval (2026-08-15).
vocab_c1_0167,C1,외주 의존,Fremdabhängigkeit,vendor lock,rights: original; pack: c1_maintenance_burden_1; canonical sentence derives matching cloze/satz,approved,Jin explicit app-integration approval (2026-08-15).
vocab_c1_0168,C1,지속 점검표,Dauercheckliste,ongoing checklist,rights: original; pack: c1_maintenance_burden_1; canonical sentence derives matching cloze/satz,approved,Jin explicit app-integration approval (2026-08-15).
vocab_c2_0073,C2,담론 전제,Diskursprämisse,discourse premise,rights: original; pack: c2_framing_analysis_1; canonical sentence derives matching cloze/satz,approved,Jin explicit app-integration approval (2026-08-15).
vocab_c2_0074,C2,은유 체계,Metaphernnetz,metaphor system,rights: original; pack: c2_framing_analysis_1; canonical sentence derives matching cloze/satz,approved,Jin explicit app-integration approval (2026-08-15).
vocab_c2_0075,C2,주어 선택,Subjektwahl,choice of subject,rights: original; pack: c2_framing_analysis_1; canonical sentence derives matching cloze/satz,approved,Jin explicit app-integration approval (2026-08-15).
vocab_c2_0076,C2,수동 은폐,Passivverdeckung,passive concealment,rights: original; pack: c2_framing_analysis_1; canonical sentence derives matching cloze/satz,approved,Jin explicit app-integration approval (2026-08-15).
vocab_c2_0077,C2,범주 이동,Kategorieverschiebung,category shift,rights: original; pack: c2_framing_analysis_1; canonical sentence derives matching cloze/satz,approved,Jin explicit app-integration approval (2026-08-15).
vocab_c2_0078,C2,시간 틀,Zeitrahmen,time frame,rights: original; pack: c2_framing_analysis_1; canonical sentence derives matching cloze/satz,approved,Jin explicit app-integration approval (2026-08-15).
vocab_c2_0079,C2,대비 쌍,Gegenüberstellung,contrast pair,rights: original; pack: c2_framing_analysis_1; canonical sentence derives matching cloze/satz,approved,Jin explicit app-integration approval (2026-08-15).
vocab_c2_0080,C2,인용 권위,Zitatautorität,quoted authority,rights: original; pack: c2_framing_analysis_1; canonical sentence derives matching cloze/satz,approved,Jin explicit app-integration approval (2026-08-15).
vocab_c2_0081,C2,침묵 지점,Schweigestelle,what is left unsaid,rights: original; pack: c2_framing_analysis_1; canonical sentence derives matching cloze/satz,approved,Jin explicit app-integration approval (2026-08-15).
vocab_c2_0082,C2,재명명,Umbenennung,renaming,rights: original; pack: c2_framing_analysis_1; canonical sentence derives matching cloze/satz,approved,Jin explicit app-integration approval (2026-08-15).
vocab_c2_0083,C2,청자 위치,Adressatenort,where the listener is put,rights: original; pack: c2_framing_analysis_1; canonical sentence derives matching cloze/satz,approved,Jin explicit app-integration approval (2026-08-15).
vocab_c2_0084,C2,해석 경쟁,Deutungskonkurrenz,competing readings,rights: original; pack: c2_framing_analysis_1; canonical sentence derives matching cloze/satz,approved,Jin explicit app-integration approval (2026-08-15).
vocab_c2_0085,C2,제도적 권한,Amtsmacht,institutional power,rights: original; pack: c2_institutional_voice_1; canonical sentence derives matching cloze/satz,approved,Jin explicit app-integration approval (2026-08-15).
vocab_c2_0086,C2,공식 어조,Amtsregister,official register,rights: original; pack: c2_institutional_voice_1; canonical sentence derives matching cloze/satz,approved,Jin explicit app-integration approval (2026-08-15).
vocab_c2_0087,C2,위임 범위,Zuständigkeitsgrenze,scope of authority,rights: original; pack: c2_institutional_voice_1; canonical sentence derives matching cloze/satz,approved,Jin explicit app-integration approval (2026-08-15).
vocab_c2_0088,C2,기록 의무,Dokumentationspflicht,duty to record,rights: original; pack: c2_institutional_voice_1; canonical sentence derives matching cloze/satz,approved,Jin explicit app-integration approval (2026-08-15).
vocab_c2_0089,C2,재량 공간,Ermessensraum,discretion space,rights: original; pack: c2_institutional_voice_1; canonical sentence derives matching cloze/satz,approved,Jin explicit app-integration approval (2026-08-15).
vocab_c2_0090,C2,항의 창구,Widerspruchsstelle,objection desk,rights: original; pack: c2_institutional_voice_1; canonical sentence derives matching cloze/satz,approved,Jin explicit app-integration approval (2026-08-15).
vocab_c2_0091,C2,공개 지연,Offenlegungsverzug,disclosure delay,rights: original; pack: c2_institutional_voice_1; canonical sentence derives matching cloze/satz,approved,Jin explicit app-integration approval (2026-08-15).
vocab_c2_0092,C2,관행 인용,Üblichkeitszitat,appeal to custom,rights: original; pack: c2_institutional_voice_1; canonical sentence derives matching cloze/satz,approved,Jin explicit app-integration approval (2026-08-15).
vocab_c2_0093,C2,책임 분산,Verantwortungsstreuung,diffused ownership,rights: original; pack: c2_institutional_voice_1; canonical sentence derives matching cloze/satz,approved,Jin explicit app-integration approval (2026-08-15).
vocab_c2_0094,C2,내부 지침,Binnenweisung,internal directive,rights: original; pack: c2_institutional_voice_1; canonical sentence derives matching cloze/satz,approved,Jin explicit app-integration approval (2026-08-15).
vocab_c2_0095,C2,권한 위임장,Übertragungsakt,delegation instrument,rights: original; pack: c2_institutional_voice_1; canonical sentence derives matching cloze/satz,approved,Jin explicit app-integration approval (2026-08-15).
vocab_c2_0096,C2,제도 기억,Amtsgedächtnis,institutional memory,rights: original; pack: c2_institutional_voice_1; canonical sentence derives matching cloze/satz,approved,Jin explicit app-integration approval (2026-08-15).
vocab_c2_0097,C2,서술 시점,Erzählstandort,narrative standpoint,rights: original; pack: c2_memory_narrative_1; canonical sentence derives matching cloze/satz,approved,Jin explicit app-integration approval (2026-08-15).
vocab_c2_0098,C2,선택적 기억,Selektivgedächtnis,selective memory,rights: original; pack: c2_memory_narrative_1; canonical sentence derives matching cloze/satz,approved,Jin explicit app-integration approval (2026-08-15).
vocab_c2_0099,C2,증언 위치,Zeugenort,where testimony sits,rights: original; pack: c2_memory_narrative_1; canonical sentence derives matching cloze/satz,approved,Jin explicit app-integration approval (2026-08-15).
vocab_c2_0100,C2,연대기 절단,Chronikbruch,cut in the timeline,rights: original; pack: c2_memory_narrative_1; canonical sentence derives matching cloze/satz,approved,Jin explicit app-integration approval (2026-08-15).
vocab_c2_0101,C2,집합 기억,Kollektivgedächtnis,shared memory,rights: original; pack: c2_memory_narrative_1; canonical sentence derives matching cloze/satz,approved,Jin explicit app-integration approval (2026-08-15).
vocab_c2_0102,C2,침묵의 세대,Schweigegeneration,silent generation,rights: original; pack: c2_memory_narrative_1; canonical sentence derives matching cloze/satz,approved,Jin explicit app-integration approval (2026-08-15).
vocab_c2_0103,C2,기념 문장,Gedenksatz,commemoration line,rights: original; pack: c2_memory_narrative_1; canonical sentence derives matching cloze/satz,approved,Jin explicit app-integration approval (2026-08-15).
vocab_c2_0104,C2,기록 공백,Archivlücke,archive gap,rights: original; pack: c2_memory_narrative_1; canonical sentence derives matching cloze/satz,approved,Jin explicit app-integration approval (2026-08-15).
vocab_c2_0105,C2,회고 왜곡,Rückschauverzerrung,hindsight warp,rights: original; pack: c2_memory_narrative_1; canonical sentence derives matching cloze/satz,approved,Jin explicit app-integration approval (2026-08-15).
vocab_c2_0106,C2,복수 서사,Mehrfacherzählung,plural narrative,rights: original; pack: c2_memory_narrative_1; canonical sentence derives matching cloze/satz,approved,Jin explicit app-integration approval (2026-08-15).
vocab_c2_0107,C2,망각 설계,Vergessensordnung,designed forgetting,rights: original; pack: c2_memory_narrative_1; canonical sentence derives matching cloze/satz,approved,Jin explicit app-integration approval (2026-08-15).
vocab_c2_0108,C2,계승 쟁점,Weitergabestreit,what gets handed on,rights: original; pack: c2_memory_narrative_1; canonical sentence derives matching cloze/satz,approved,Jin explicit app-integration approval (2026-08-15).
vocab_c2_0109,C2,명령형 공지,Befehlshinweis,imperative notice,rights: original; pack: c2_authority_language_1; canonical sentence derives matching cloze/satz,approved,Jin explicit app-integration approval (2026-08-15).
vocab_c2_0110,C2,전문 장벽,Fachmauer,jargon wall,rights: original; pack: c2_authority_language_1; canonical sentence derives matching cloze/satz,approved,Jin explicit app-integration approval (2026-08-15).
vocab_c2_0111,C2,불가피 수사,Unvermeidlichkeitsrede,inevitability talk,rights: original; pack: c2_authority_language_1; canonical sentence derives matching cloze/satz,approved,Jin explicit app-integration approval (2026-08-15).
vocab_c2_0112,C2,전문가 위임,Expertenmandat,expert handover,rights: original; pack: c2_authority_language_1; canonical sentence derives matching cloze/satz,approved,Jin explicit app-integration approval (2026-08-15).
vocab_c2_0113,C2,침묵 압박,Schweigedruck,pressure to stay quiet,rights: original; pack: c2_authority_language_1; canonical sentence derives matching cloze/satz,approved,Jin explicit app-integration approval (2026-08-15).
vocab_c2_0114,C2,권위 인용,Autoritätsbeleg,appeal to rank,rights: original; pack: c2_authority_language_1; canonical sentence derives matching cloze/satz,approved,Jin explicit app-integration approval (2026-08-15).
vocab_c2_0115,C2,완곡 금지,Euphemismusstopp,no softening label,rights: original; pack: c2_authority_language_1; canonical sentence derives matching cloze/satz,approved,Jin explicit app-integration approval (2026-08-15).
vocab_c2_0116,C2,청중 분할,Publikumsspaltung,split audience,rights: original; pack: c2_authority_language_1; canonical sentence derives matching cloze/satz,approved,Jin explicit app-integration approval (2026-08-15).
vocab_c2_0117,C2,결정 불가역,Unumkehrbarkeit,claimed irreversibility,rights: original; pack: c2_authority_language_1; canonical sentence derives matching cloze/satz,approved,Jin explicit app-integration approval (2026-08-15).
vocab_c2_0118,C2,규범 포장,Normverpackung,norm wrapping,rights: original; pack: c2_authority_language_1; canonical sentence derives matching cloze/satz,approved,Jin explicit app-integration approval (2026-08-15).
vocab_c2_0119,C2,침묵 동의,Schweigezustimmung,silence as consent,rights: original; pack: c2_authority_language_1; canonical sentence derives matching cloze/satz,approved,Jin explicit app-integration approval (2026-08-15).
vocab_c2_0120,C2,발화의 자리,Äußerungsort,seat of the utterance,rights: original; pack: c2_authority_language_1; canonical sentence derives matching cloze/satz,approved,Jin explicit app-integration approval (2026-08-15).
vocab_c2_0121,C2,이의 경로,Einspruchsweg,appeal path,rights: original; pack: c2_appeal_path_1; canonical sentence derives matching cloze/satz,approved,Jin explicit app-integration approval (2026-08-15).
vocab_c2_0122,C2,자동 결정,Automatenbescheid,automated decision,rights: original; pack: c2_appeal_path_1; canonical sentence derives matching cloze/satz,approved,Jin explicit app-integration approval (2026-08-15).
vocab_c2_0123,C2,인간 재심,menschliche Nachprüfung,human review,rights: original; pack: c2_appeal_path_1; canonical sentence derives matching cloze/satz,approved,Jin explicit app-integration approval (2026-08-15).
vocab_c2_0124,C2,기한 안내,Fristmitteilung,deadline notice,rights: original; pack: c2_appeal_path_1; canonical sentence derives matching cloze/satz,approved,Jin explicit app-integration approval (2026-08-15).
vocab_c2_0125,C2,증거 제출란,Belegfeld,evidence field,rights: original; pack: c2_appeal_path_1; canonical sentence derives matching cloze/satz,approved,Jin explicit app-integration approval (2026-08-15).
vocab_c2_0126,C2,결정 요약,Bescheidkern,decision core,rights: original; pack: c2_appeal_path_1; canonical sentence derives matching cloze/satz,approved,Jin explicit app-integration approval (2026-08-15).
vocab_c2_0127,C2,항소 비용,Beschwerdeaufwand,cost of appealing,rights: original; pack: c2_appeal_path_1; canonical sentence derives matching cloze/satz,approved,Jin explicit app-integration approval (2026-08-15).
vocab_c2_0128,C2,회신 의무,Antwortpflicht,duty to reply,rights: original; pack: c2_appeal_path_1; canonical sentence derives matching cloze/satz,approved,Jin explicit app-integration approval (2026-08-15).
vocab_c2_0129,C2,제3자 검토,Drittprüfung,third-party look,rights: original; pack: c2_appeal_path_1; canonical sentence derives matching cloze/satz,approved,Jin explicit app-integration approval (2026-08-15).
vocab_c2_0130,C2,철회 효과,Rücknahmewirkung,effect of withdrawal,rights: original; pack: c2_appeal_path_1; canonical sentence derives matching cloze/satz,approved,Jin explicit app-integration approval (2026-08-15).
vocab_c2_0131,C2,접근 언어,Zugangssprache,language of access,rights: original; pack: c2_appeal_path_1; canonical sentence derives matching cloze/satz,approved,Jin explicit app-integration approval (2026-08-15).
vocab_c2_0132,C2,종결 이유서,Abschlussbegründung,closure rationale,rights: original; pack: c2_appeal_path_1; canonical sentence derives matching cloze/satz,approved,Jin explicit app-integration approval (2026-08-15).
vocab_c2_0133,C2,추적 가능성,Nachvollziehbarkeit,traceability,rights: original; pack: c2_audit_trail_1; canonical sentence derives matching cloze/satz,approved,Jin explicit app-integration approval (2026-08-15).
vocab_c2_0134,C2,변경 이력,Änderungshistorie,change history,rights: original; pack: c2_audit_trail_1; canonical sentence derives matching cloze/satz,approved,Jin explicit app-integration approval (2026-08-15).
vocab_c2_0135,C2,접근 기록,Zugriffsprotokoll,access log,rights: original; pack: c2_audit_trail_1; canonical sentence derives matching cloze/satz,approved,Jin explicit app-integration approval (2026-08-15).
vocab_c2_0136,C2,보존 기한,Haltedauer,retention window,rights: original; pack: c2_audit_trail_1; canonical sentence derives matching cloze/satz,approved,Jin explicit app-integration approval (2026-08-15).
vocab_c2_0137,C2,삭제 권한,Löschbefugnis,who may delete,rights: original; pack: c2_audit_trail_1; canonical sentence derives matching cloze/satz,approved,Jin explicit app-integration approval (2026-08-15).
vocab_c2_0138,C2,모델 버전,Modellstand,model version,rights: original; pack: c2_audit_trail_1; canonical sentence derives matching cloze/satz,approved,Jin explicit app-integration approval (2026-08-15).
vocab_c2_0139,C2,입력 스냅샷,Eingabestand,input snapshot,rights: original; pack: c2_audit_trail_1; canonical sentence derives matching cloze/satz,approved,Jin explicit app-integration approval (2026-08-15).
vocab_c2_0140,C2,감사 독립,Prüfunabhängigkeit,audit independence,rights: original; pack: c2_audit_trail_1; canonical sentence derives matching cloze/satz,approved,Jin explicit app-integration approval (2026-08-15).
vocab_c2_0141,C2,로그 변조,Protokollbruch,log tampering,rights: original; pack: c2_audit_trail_1; canonical sentence derives matching cloze/satz,approved,Jin explicit app-integration approval (2026-08-15).
vocab_c2_0142,C2,최소 수집,Minimalerhebung,minimum collection,rights: original; pack: c2_audit_trail_1; canonical sentence derives matching cloze/satz,approved,Jin explicit app-integration approval (2026-08-15).
vocab_c2_0143,C2,열람 창구,Einsichtskanal,inspection channel,rights: original; pack: c2_audit_trail_1; canonical sentence derives matching cloze/satz,approved,Jin explicit app-integration approval (2026-08-15).
vocab_c2_0144,C2,책임 매핑,Zuständigkeitskarte,accountability map,rights: original; pack: c2_audit_trail_1; canonical sentence derives matching cloze/satz,approved,Jin explicit app-integration approval (2026-08-15).
vocab_c2_0145,C2,철회권,Widerrufsrecht,right to withdraw,rights: original; pack: c2_withdrawal_right_1; canonical sentence derives matching cloze/satz,approved,Jin explicit app-integration approval (2026-08-15).
vocab_c2_0146,C2,동의 철회,Einwilligungsrücknahme,consent withdrawal,rights: original; pack: c2_withdrawal_right_1; canonical sentence derives matching cloze/satz,approved,Jin explicit app-integration approval (2026-08-15).
vocab_c2_0147,C2,파생 데이터,abgeleitete Daten,derived data,rights: original; pack: c2_withdrawal_right_1; canonical sentence derives matching cloze/satz,approved,Jin explicit app-integration approval (2026-08-15).
vocab_c2_0148,C2,복원 금지,Wiederherstellstopp,no restore,rights: original; pack: c2_withdrawal_right_1; canonical sentence derives matching cloze/satz,approved,Jin explicit app-integration approval (2026-08-15).
vocab_c2_0149,C2,처리 정지,Verarbeitungsstopp,processing pause,rights: original; pack: c2_withdrawal_right_1; canonical sentence derives matching cloze/satz,approved,Jin explicit app-integration approval (2026-08-15).
vocab_c2_0150,C2,기본값 설계,Voreinstellung,default design,rights: original; pack: c2_withdrawal_right_1; canonical sentence derives matching cloze/satz,approved,Jin explicit app-integration approval (2026-08-15).
vocab_c2_0151,C2,고지 시점,Hinweiszeit,when notice is given,rights: original; pack: c2_withdrawal_right_1; canonical sentence derives matching cloze/satz,approved,Jin explicit app-integration approval (2026-08-15).
vocab_c2_0152,C2,철회 확인서,Widerrufsbeleg,withdrawal receipt,rights: original; pack: c2_withdrawal_right_1; canonical sentence derives matching cloze/satz,approved,Jin explicit app-integration approval (2026-08-15).
vocab_c2_0153,C2,연계 서비스,Verbunddienst,linked service,rights: original; pack: c2_withdrawal_right_1; canonical sentence derives matching cloze/satz,approved,Jin explicit app-integration approval (2026-08-15).
vocab_c2_0154,C2,재동의 압박,Neuerlaubnisdruck,pressure to re-consent,rights: original; pack: c2_withdrawal_right_1; canonical sentence derives matching cloze/satz,approved,Jin explicit app-integration approval (2026-08-15).
vocab_c2_0155,C2,보존 예외,Halteausnahme,retention exception,rights: original; pack: c2_withdrawal_right_1; canonical sentence derives matching cloze/satz,approved,Jin explicit app-integration approval (2026-08-15).
vocab_c2_0156,C2,종료 경로,Beendigungsweg,exit path,rights: original; pack: c2_withdrawal_right_1; canonical sentence derives matching cloze/satz,approved,Jin explicit app-integration approval (2026-08-15).
vocab_c2_0157,C2,차등 영향,ungleiche Wirkung,uneven impact,rights: original; pack: c2_automated_harm_1; canonical sentence derives matching cloze/satz,approved,Jin explicit app-integration approval (2026-08-15).
vocab_c2_0158,C2,오류 비용,Fehlerpreis,cost of being wrong,rights: original; pack: c2_automated_harm_1; canonical sentence derives matching cloze/satz,approved,Jin explicit app-integration approval (2026-08-15).
vocab_c2_0159,C2,피드백 왜곡,Rückkopplungskrümmung,feedback warp,rights: original; pack: c2_automated_harm_1; canonical sentence derives matching cloze/satz,approved,Jin explicit app-integration approval (2026-08-15).
vocab_c2_0160,C2,대리 변수,Ersatzmerkmal,proxy feature,rights: original; pack: c2_automated_harm_1; canonical sentence derives matching cloze/satz,approved,Jin explicit app-integration approval (2026-08-15).
vocab_c2_0161,C2,설명 가능 주장,Erklärbarkeitsbehauptung,explainability claim,rights: original; pack: c2_automated_harm_1; canonical sentence derives matching cloze/satz,approved,Jin explicit app-integration approval (2026-08-15).
vocab_c2_0162,C2,긴급 차단,Notsperre,kill switch,rights: original; pack: c2_automated_harm_1; canonical sentence derives matching cloze/satz,approved,Jin explicit app-integration approval (2026-08-15).
vocab_c2_0163,C2,피해 구제,Schadensweg,remedy path,rights: original; pack: c2_automated_harm_1; canonical sentence derives matching cloze/satz,approved,Jin explicit app-integration approval (2026-08-15).
vocab_c2_0164,C2,배포 범위,Ausrollkreis,rollout scope,rights: original; pack: c2_automated_harm_1; canonical sentence derives matching cloze/satz,approved,Jin explicit app-integration approval (2026-08-15).
vocab_c2_0165,C2,감시 전환,Überwachungskippung,turn to surveillance,rights: original; pack: c2_automated_harm_1; canonical sentence derives matching cloze/satz,approved,Jin explicit app-integration approval (2026-08-15).
vocab_c2_0166,C2,집단 소송점,Sammelpunkt,collective claim point,rights: original; pack: c2_automated_harm_1; canonical sentence derives matching cloze/satz,approved,Jin explicit app-integration approval (2026-08-15).
vocab_c2_0167,C2,모델 폐기,Modellrückzug,model retirement,rights: original; pack: c2_automated_harm_1; canonical sentence derives matching cloze/satz,approved,Jin explicit app-integration approval (2026-08-15).
vocab_c2_0168,C2,공적 감독,öffentliche Aufsicht,public oversight,rights: original; pack: c2_automated_harm_1; canonical sentence derives matching cloze/satz,approved,Jin explicit app-integration approval (2026-08-15).
