korean,romanization,german,level,pos_de,example_korean,example_german,topic,pack_id,pack_order,is_review_boss,english,pos_en,example_english,id
안녕하세요,annyeonghaseyo,Hallo (höflich),A1,Ausdruck,"안녕하세요, 처음 뵙겠습니다.","Guten Tag, schön, Sie kennenzulernen.",Begrüßung,a1_greetings_1,1,false,Hello (polite),Expression,"Hello, nice to meet you.",vocab_a1_0001
안녕,annyeong,Hallo / Tschüss (informell),A1,Ausdruck,"안녕, 오랜만이야!","Hey, lange her!",Begrüßung,a1_greetings_1,2,false,Hi / Bye (informal),Expression,"Hey, it's been a while!",vocab_a1_0002
감사합니다,gamsahamnida,Vielen Dank (formell),A1,Ausdruck,도와주셔서 감사합니다.,Vielen Dank für Ihre Hilfe.,Höflichkeit,a1_greetings_1,3,false,Thank you (formal),Expression,Thank you for your help.,vocab_a1_0003
고마워요,gomawoyo,Danke (höflich),A1,Ausdruck,정말 고마워요.,Wirklich vielen Dank.,Höflichkeit,a1_greetings_1,4,false,Thanks (polite),Expression,Thank you so much.,vocab_a1_0004
죄송합니다,joesonghamnida,Entschuldigung (formell),A1,Ausdruck,늦어서 죄송합니다.,"Entschuldigen Sie, dass ich zu spät bin.",Höflichkeit,a1_greetings_1,5,false,I'm sorry (formal),Expression,I'm sorry I'm late.,vocab_a1_0005
미안해요,mianhaeyo,Tut mir leid (höflich),A1,Ausdruck,진짜 미안해요.,Es tut mir wirklich leid.,Höflichkeit,a1_greetings_1,6,false,I'm sorry (polite),Expression,I'm really sorry.,vocab_a1_0006
괜찮아요,gwaenchanayo,Kein Problem / Es ist okay,A1,Ausdruck,저는 괜찮아요.,Mir geht es gut.,Alltag,a1_daily_1,1,false,It's okay / No problem,Expression,I'm okay.,vocab_a1_0007
네,ne,Ja,A1,Ausdruck,"네, 알겠어요.","Ja, alles klar.",Alltag,a1_daily_1,2,false,Yes,Expression,"Yes, got it.",vocab_a1_0008
아니요,aniyo,Nein,A1,Ausdruck,"아니요, 저는 안 가요.","Nein, ich gehe nicht.",Alltag,a1_daily_1,3,false,No,Expression,"No, I'm not going.",vocab_a1_0009
이름,ireum,Name,A1,Nomen,제 이름은 크리스티안이에요.,Mein Name ist Christian.,Person,a1_self_intro,1,false,name,Noun,My name is Christian.,vocab_a1_0010
나이,nai,Alter,A1,Nomen,나이가 어떻게 되세요?,Wie alt sind Sie?,Person,a1_self_intro,2,false,age,Noun,How old are you?,vocab_a1_0011
나라,nara,Land,A1,Nomen,어느 나라 사람이에요?,Aus welchem Land kommen Sie?,Geographie,a1_misc_1,1,false,country,Noun,Which country are you from?,vocab_a1_0012
학생,haksaeng,"Student/in, Schüler/in",A1,Nomen,저는 학생이에요.,Ich bin Student.,Person,a1_self_intro,3,false,student / pupil,Noun,I'm a student.,vocab_a1_0013
선생님,seonsaengnim,Lehrer/in,A1,Nomen,"선생님, 안녕하세요.",Guten Tag!,Person,a1_self_intro,4,false,teacher,Noun,"Hello, teacher!",vocab_a1_0014
친구,chingu,Freund/Freundin,A1,Nomen,이 사람 제 친구예요.,Das ist mein Freund.,Beziehungen,a1_family_1,1,false,friend,Noun,This is my friend.,vocab_a1_0015
남자친구,namjachingu,Freund (Beziehung),A1,Nomen,남자친구가 있어요.,Ich habe einen Freund.,Beziehungen,a1_family_1,2,false,boyfriend,Noun,I have a boyfriend.,vocab_a1_0016
여자친구,yeojachingu,Freundin (Beziehung),A1,Nomen,여자친구가 있어요.,Ich habe eine Freundin.,Beziehungen,a1_family_1,3,false,girlfriend,Noun,I have a girlfriend.,vocab_a1_0017
가족,gajok,Familie,A1,Nomen,저희 가족은 네 명이에요.,In meiner Familie sind wir zu viert.,Familie,a1_family_1,4,false,family,Noun,There are four of us in my family.,vocab_a1_0018
집,jip,Haus / Zuhause,A1,Nomen,집에 가요.,Ich gehe nach Hause.,Alltag,a1_daily_1,4,false,house / home,Noun,I'm going home.,vocab_a1_0019
학교,hakgyo,Schule,A1,Nomen,학교에 가요.,Ich gehe zur Schule.,Bildung,a1_misc_1,2,false,school,Noun,I go to school.,vocab_a1_0020
물,mul,Wasser,A1,Nomen,물 주세요.,Wasser bitte.,Essen & Trinken,a1_food_1,1,false,water,Noun,"Water, please.",vocab_a1_0021
밥,bap,Reis / Mahlzeit,A1,Nomen,밥 먹었어요?,Hast du gegessen?,Essen & Trinken,a1_food_1,2,false,rice / meal,Noun,Have you eaten?,vocab_a1_0022
커피,keopi,Kaffee,A1,Nomen,커피 마셔요.,Ich trinke Kaffee.,Essen & Trinken,a1_food_1,3,false,coffee,Noun,I drink coffee.,vocab_a1_0023
빵,ppang,Brot,A1,Nomen,빵을 먹어요.,Ich esse Brot.,Essen & Trinken,a1_food_1,4,false,bread,Noun,I eat bread.,vocab_a1_0024
책,chaek,Buch,A1,Nomen,책을 읽어요.,Ich lese ein Buch.,Bildung,a1_misc_1,3,false,book,Noun,I read a book.,vocab_a1_0025
핸드폰,haendeupon,Handy,A1,Nomen,핸드폰이 있어요?,Haben Sie ein Handy?,Technologie,a1_misc_1,4,false,phone,Noun,Do you have a phone?,vocab_a1_0026
버스,beoseu,Bus,A1,Nomen,버스를 타요.,Ich nehme den Bus.,Verkehr,a1_transport,1,false,bus,Noun,I take the bus.,vocab_a1_0027
지하철,jihacheol,U-Bahn,A1,Nomen,지하철역이 어디예요?,Wo ist die U-Bahn-Station?,Verkehr,a1_transport,2,false,subway,Noun,Where is the subway station?,vocab_a1_0028
오늘,oneul,heute,A1,Adverb,오늘 뭐 해요?,Was machst du heute?,Zeit,a1_time_1,1,false,today,Adverb,What are you doing today?,vocab_a1_0029
내일,naeil,morgen,A1,Adverb,내일 만나요.,Wir treffen uns morgen.,Zeit,a1_time_1,2,false,tomorrow,Adverb,See you tomorrow.,vocab_a1_0030
어제,eoje,gestern,A1,Adverb,어제 어디 갔어요?,Wohin sind Sie gestern gegangen?,Zeit,a1_time_1,3,false,yesterday,Adverb,Where did you go yesterday?,vocab_a1_0031
아버지,abeoji,Vater (formell),A1,Nomen,아버지가 집에 있어요.,Mein Vater ist zu Hause.,Familie,a1_family_1,5,false,father (formal),Noun,My father is at home.,vocab_a1_0032
어머니,eomeoni,Mutter (formell),A1,Nomen,어머니한테 전화해요.,Ich rufe meine Mutter an.,Familie,a1_family_1,6,false,mother (formal),Noun,I call my mother.,vocab_a1_0033
아빠,appa,Papa (informell),A1,Nomen,아빠 사랑해요.,"Ich liebe dich, Papa.",Familie,a1_family_1,7,false,dad (informal),Noun,"I love you, Dad.",vocab_a1_0034
엄마,eomma,Mama (informell),A1,Nomen,엄마 어디 있어요?,"Wo bist du, Mama?",Familie,a1_family_1,8,true,mom (informal),Noun,"Where are you, Mom?",vocab_a1_0035
형,hyeong,älterer Bruder (Sicht des Mannes),A1,Nomen,우리 형은 요리를 잘해요.,Mein älterer Bruder kocht gut.,Familie,a1_family_1,9,true,older brother (for a male),Noun,My older brother cooks well.,vocab_a1_0036
오빠,oppa,älterer Bruder (Sicht der Frau),A1,Nomen,우리 오빠 정말 착해요.,Mein älterer Bruder ist wirklich nett.,Familie,a1_family_2,1,false,older brother (for a female),Noun,My older brother is really nice.,vocab_a1_0037
누나,nuna,ältere Schwester (Sicht des Mannes),A1,Nomen,우리 누나 진짜 예뻐요.,Meine ältere Schwester ist echt hübsch.,Familie,a1_family_2,2,false,older sister (for a male),Noun,My older sister is really pretty.,vocab_a1_0038
언니,eonni,ältere Schwester (Sicht der Frau),A1,Nomen,언니랑 같이 가요.,Ich gehe mit meiner Schwester.,Familie,a1_family_2,3,false,older sister (for a female),Noun,I'm going with my older sister.,vocab_a1_0039
남동생,namdongsaeng,jüngerer Bruder,A1,Nomen,남동생은 학생이에요.,Mein jüngerer Bruder ist Schüler.,Familie,a1_family_2,4,false,younger brother,Noun,My younger brother is a student.,vocab_a1_0040
여동생,yeodongsaeng,jüngere Schwester,A1,Nomen,제 여동생이 정말 귀여워요.,Meine jüngere Schwester ist wirklich süß.,Familie,a1_family_2,5,false,younger sister,Noun,My younger sister is really cute.,vocab_a1_0041
남편,nampyeon,Ehemann,A1,Nomen,우리 남편은 요리를 잘해요.,Mein Mann kocht gut.,Familie,a1_family_2,6,false,husband,Noun,My husband cooks well.,vocab_a1_0042
아내,anae,Ehefrau,A1,Nomen,제 아내는 회사에 다녀요.,Meine Frau arbeitet in einer Firma.,Familie,a1_family_2,7,false,wife,Noun,My wife works at a company.,vocab_a1_0043
머리,meori,Kopf / Haare,A1,Nomen,머리가 아파요.,Mein Kopf tut weh.,Körper,a1_body,1,false,head / hair,Noun,My head hurts.,vocab_a1_0044
눈,nun,Auge,A1,Nomen,오늘 눈이 좀 피곤해요.,Meine Augen sind heute etwas müde.,Körper,a1_body,2,false,eye,Noun,My eyes are a bit tired today.,vocab_a1_0045
코,ko,Nase,A1,Nomen,코가 아파요.,Meine Nase tut weh.,Körper,a1_body,3,false,nose,Noun,My nose hurts.,vocab_a1_0046
입,ip,Mund,A1,Nomen,입을 여세요.,Machen Sie bitte den Mund auf.,Körper,a1_body,4,false,mouth,Noun,Please open your mouth.,vocab_a1_0047
귀,gwi,Ohr,A1,Nomen,귀가 좀 아파요.,Mein Ohr tut ein bisschen weh.,Körper,a1_body,5,false,ear,Noun,My ear hurts a bit.,vocab_a1_0048
손,son,Hand,A1,Nomen,손을 씻어요.,Ich wasche meine Hände.,Körper,a1_body,6,false,hand,Noun,I wash my hands.,vocab_a1_0049
발,bal,Fuß,A1,Nomen,발이 아파요.,Mein Fuß tut weh.,Körper,a1_body,7,false,foot,Noun,My foot hurts.,vocab_a1_0050
다리,dari,Bein,A1,Nomen,다리가 길어요.,Die Beine sind lang.,Körper,a1_body,8,false,leg,Noun,The legs are long.,vocab_a1_0051
몸,mom,Körper,A1,Nomen,몸이 좀 안 좋아요.,Ich fühle mich nicht so wohl.,Körper,a1_body,9,true,body,Noun,I'm not feeling so well.,vocab_a1_0052
빨간색,ppalgansaek,rot,A1,Nomen,저는 빨간색을 제일 좋아해요.,Ich mag Rot am liebsten.,Farben,a1_colors,1,false,red,Noun,Red is my favorite.,vocab_a1_0053
파란색,paransaek,blau,A1,Nomen,이 가방은 파란색이에요.,Diese Tasche ist blau.,Farben,a1_colors,2,false,blue,Noun,This bag is blue.,vocab_a1_0054
초록색,choroksaek,grün,A1,Nomen,이 초록색 옷이 예뻐요.,Dieses grüne Outfit ist hübsch.,Farben,a1_colors,3,false,green,Noun,This green outfit is pretty.,vocab_a1_0055
노란색,noransaek,gelb,A1,Nomen,노란색 우산을 새로 샀어요.,Ich habe einen neuen gelben Regenschirm gekauft.,Farben,a1_colors,4,false,yellow,Noun,I bought a new yellow umbrella.,vocab_a1_0056
흰색,huinsaek,weiß,A1,Nomen,흰색 옷을 입어요.,Ich trage weiße Kleidung.,Farben,a1_colors,5,true,white,Noun,I wear white clothes.,vocab_a1_0057
검은색,geomeunsaek,schwarz,A1,Nomen,검은색 가방이에요.,Das ist eine schwarze Tasche.,Farben,a1_colors,6,true,black,Noun,That's a black bag.,vocab_a1_0058
고기,gogi,Fleisch,A1,Nomen,고기를 먹어요.,Ich esse Fleisch.,Essen & Trinken,a1_food_1,5,false,meat,Noun,I eat meat.,vocab_a1_0059
생선,saengseon,Fisch (als Essen),A1,Nomen,생선을 좋아해요?,Magst du Fisch?,Essen & Trinken,a1_food_1,6,false,fish (as food),Noun,Do you like fish?,vocab_a1_0060
채소,chaeso,Gemüse,A1,Nomen,채소를 많이 먹어요.,Ich esse viel Gemüse.,Essen & Trinken,a1_food_1,7,false,vegetable,Noun,I eat a lot of vegetables.,vocab_a1_0061
과일,gwail,Obst,A1,Nomen,과일이 맛있어요.,Das Obst ist lecker.,Essen & Trinken,a1_food_1,8,true,fruit,Noun,The fruit is delicious.,vocab_a1_0062
라면,ramyeon,Ramen / Instant-Nudeln,A1,Nomen,오늘 저녁은 라면 어때요?,Wie wäre es heute Abend mit Ramen?,Essen & Trinken,a1_food_1,9,true,ramen / instant noodles,Noun,How about ramen for dinner tonight?,vocab_a1_0063
김치,gimchi,Kimchi (fermentierter Kohl),A1,Nomen,김치가 매워요.,Kimchi ist scharf.,Essen & Trinken,a1_food_2,1,false,kimchi (fermented cabbage),Noun,Kimchi is spicy.,vocab_a1_0064
사과,sagwa,Apfel,A1,Nomen,매일 아침 사과 하나 먹어요.,Ich esse jeden Morgen einen Apfel.,Essen & Trinken,a1_food_2,2,false,apple,Noun,I eat an apple every morning.,vocab_a1_0065
계란,gyeran,Ei,A1,Nomen,아침에 계란 두 개 먹었어요.,Ich habe heute Morgen zwei Eier gegessen.,Essen & Trinken,a1_food_2,3,false,egg,Noun,I ate two eggs this morning.,vocab_a1_0066
차,cha,Tee,A1,Nomen,자기 전에 따뜻한 차 마셔요.,Vor dem Schlafengehen trinke ich warmen Tee.,Essen & Trinken,a1_food_2,4,false,tea,Noun,I drink warm tea before bed.,vocab_a1_0067
화장실,hwajangsil,Toilette / Badezimmer,A1,Nomen,화장실이 어디예요?,Wo ist die Toilette?,Alltag,a1_daily_1,5,false,toilet / bathroom,Noun,Where is the bathroom?,vocab_a1_0068
편의점,pyeonuijeom,Convenience-Store,A1,Nomen,편의점에서 사요.,Ich kaufe es im Convenience-Store.,Alltag,a1_daily_1,6,false,convenience store,Noun,I buy it at the convenience store.,vocab_a1_0069
공원,gongwon,Park,A1,Nomen,공원에 가요.,Ich gehe in den Park.,Freizeit,a1_misc_1,5,false,park,Noun,I go to the park.,vocab_a1_0070
도서관,doseogwan,Bibliothek,A1,Nomen,도서관에 가요.,Ich gehe in die Bibliothek.,Bildung,a1_misc_1,6,false,library,Noun,I go to the library.,vocab_a1_0071
방,bang,Zimmer / Raum,A1,Nomen,제 방이 작아요.,Mein Zimmer ist klein.,Alltag,a1_daily_1,7,false,room,Noun,My room is small.,vocab_a1_0072
침대,chimdae,Bett,A1,Nomen,침대에서 자요.,Ich schlafe im Bett.,Alltag,a1_daily_1,8,true,bed,Noun,I sleep in bed.,vocab_a1_0073
의자,uija,Stuhl,A1,Nomen,의자에 앉아요.,Ich sitze auf dem Stuhl.,Alltag,a1_daily_1,9,true,chair,Noun,I sit on the chair.,vocab_a1_0074
문,mun,Tür,A1,Nomen,문을 열어요.,Ich öffne die Tür.,Alltag,a1_daily_2,1,false,door,Noun,I open the door.,vocab_a1_0075
옷,ot,Kleidung,A1,Nomen,새 옷을 샀어요.,Ich habe neue Kleidung gekauft.,Alltag,a1_daily_2,2,false,clothes,Noun,I bought new clothes.,vocab_a1_0076
지금,jigeum,jetzt / gerade,A1,Adverb,지금 뭐 해요?,Was machst du gerade?,Zeit,a1_time_1,4,false,now / right now,Adverb,What are you doing now?,vocab_a1_0077
아침,achim,Morgen / Frühstück,A1,Nomen,아침을 먹어요.,Ich esse Frühstück.,Zeit,a1_time_1,5,false,morning / breakfast,Noun,I eat breakfast.,vocab_a1_0078
점심,jeomsim,Mittag / Mittagessen,A1,Nomen,점심 같이 먹어요.,Lass uns zusammen Mittagessen.,Zeit,a1_time_1,6,false,noon / lunch,Noun,Let's have lunch together.,vocab_a1_0079
저녁,jeonyeok,Abend / Abendessen,A1,Nomen,저녁을 먹어요.,Ich esse zu Abend.,Zeit,a1_time_1,7,false,evening / dinner,Noun,I eat dinner.,vocab_a1_0080
밤,bam,Nacht,A1,Nomen,요즘 밤에 늦게 자요.,Zurzeit gehe ich nachts spät ins Bett.,Zeit,a1_time_1,8,true,night,Noun,These days I go to bed late at night.,vocab_a1_0081
주말,jumal,Wochenende,A1,Nomen,주말에 뭐 해요?,Was machst du am Wochenende?,Zeit,a1_time_1,9,true,weekend,Noun,What do you do on the weekend?,vocab_a1_0082
매일,maeil,jeden Tag / täglich,A1,Adverb,저는 매일 학교에 가요.,Ich gehe jeden Tag zur Schule.,Zeit,a1_time_2,1,false,every day / daily,Adverb,I go to school every day.,vocab_a1_0083
항상,hangsang,immer,A1,Adverb,항상 도와주셔서 감사해요.,"Danke, dass Sie mir immer helfen.",Alltag,a1_daily_2,3,false,always,Adverb,Thank you for always helping me.,vocab_a1_0084
가끔,gakkeum,manchmal,A1,Adverb,가끔 영화를 봐요.,Ich schaue manchmal Filme.,Alltag,a1_daily_2,4,false,sometimes,Adverb,I sometimes watch movies.,vocab_a1_0085
빨리,ppalli,schnell,A1,Adverb,"늦었어요, 빨리 가요!","Wir sind spät dran, gehen wir schnell!",Alltag,a1_daily_2,5,false,quickly,Adverb,"We're late, let's hurry!",vocab_a1_0086
가다,gada,gehen,A1,Verb,학교에 가요.,Ich gehe zur Schule.,Bewegung,a1_transport,3,true,to go,Verb,I go to school.,vocab_a1_0087
오다,oda,kommen,A1,Verb,집에 와요.,Ich komme nach Hause.,Bewegung,a1_transport,4,true,to come,Verb,I come home.,vocab_a1_0088
먹다,meokda,essen,A1,Verb,밥을 먹어요.,Ich esse.,Essen & Trinken,a1_food_2,5,false,to eat,Verb,I'm eating.,vocab_a1_0089
마시다,masida,trinken,A1,Verb,커피를 마셔요.,Ich trinke Kaffee.,Essen & Trinken,a1_food_2,6,false,to drink,Verb,I drink coffee.,vocab_a1_0090
있다,itda,da sein / haben,A1,Verb,집에 있어요.,Ich bin zu Hause.,Alltag,a1_daily_2,6,false,to be there / to have,Verb,I'm at home.,vocab_a1_0091
없다,eopda,nicht da sein / nicht haben,A1,Verb,시간이 없어요.,Ich habe keine Zeit.,Alltag,a1_daily_2,7,false,to not be there / to not have,Verb,I have no time.,vocab_a1_0092
하다,hada,machen / tun,A1,Verb,뭐 해요?,Was machst du?,Alltag,a1_daily_2,8,true,to do,Verb,What are you doing?,vocab_a1_0093
보다,boda,sehen / schauen,A1,Verb,TV를 봐요.,Ich schaue fern.,Freizeit,a1_misc_1,7,false,to see / to watch,Verb,I watch TV.,vocab_a1_0094
듣다,deutda,hören,A1,Verb,음악을 들어요.,Ich höre Musik.,Freizeit,a1_misc_1,8,false,to listen / to hear,Verb,I listen to music.,vocab_a1_0095
읽다,ikda,lesen,A1,Verb,책을 읽어요.,Ich lese ein Buch.,Bildung,a1_misc_1,9,true,to read,Verb,I read a book.,vocab_a1_0096
자다,jada,schlafen,A1,Verb,일찍 자요.,Ich gehe früh schlafen.,Alltag,a1_daily_2,9,true,to sleep,Verb,I go to bed early.,vocab_a1_0097
만나다,mannada,treffen,A1,Verb,친구를 만나요.,Ich treffe einen Freund.,Beziehungen,a1_family_2,8,true,to meet,Verb,I meet a friend.,vocab_a1_0098
좋아하다,joahada,mögen / gerne haben,A1,Verb,한국어를 좋아해요.,Ich mag Koreanisch.,Gefühle,a1_misc_1,10,true,to like,Verb,I like Korean.,vocab_a1_0099
싫어하다,sileohada,nicht mögen / ablehnen,A1,Verb,저는 매운 거 진짜 싫어해요.,Ich mag scharfes Essen wirklich nicht.,Gefühle,a1_misc_2,1,false,to dislike,Verb,I really hate spicy food.,vocab_a1_0100
사랑하다,saranghada,lieben,A1,Verb,우리 가족을 정말 사랑해요.,Ich liebe meine Familie sehr.,Gefühle,a1_misc_2,2,false,to love,Verb,I really love my family.,vocab_a1_0101
사다,sada,kaufen,A1,Verb,옷을 사요.,Ich kaufe Kleidung.,Einkaufen,a1_misc_2,3,false,to buy,Verb,I buy clothes.,vocab_a1_0102
말하다,malhada,sprechen / sagen,A1,Verb,한국어로 말해요.,Ich spreche auf Koreanisch.,Kommunikation,a1_misc_2,4,false,to speak / to say,Verb,I speak in Korean.,vocab_a1_0103
쓰다,sseuda,schreiben / benutzen,A1,Verb,편지를 써요.,Ich schreibe einen Brief.,Bildung,a1_misc_2,5,false,to write / to use,Verb,I write a letter.,vocab_a1_0104
알다,alda,wissen / kennen,A1,Verb,그건 저도 알아요.,Das weiß ich auch.,Alltag,a1_daily_3,1,false,to know,Verb,I know that too.,vocab_a1_0105
모르다,moreuda,nicht wissen,A1,Verb,"죄송해요, 잘 몰라요.","Tut mir leid, das weiß ich nicht genau.",Alltag,a1_daily_3,2,false,to not know,Verb,"Sorry, I don't really know.",vocab_a1_0106
주다,juda,geben,A1,Verb,친구에게 선물을 줘요.,Ich gebe einem Freund ein Geschenk.,Alltag,a1_daily_3,3,false,to give,Verb,I give a friend a present.,vocab_a1_0107
받다,batda,bekommen / empfangen,A1,Verb,선물을 받았어요.,Ich habe ein Geschenk bekommen.,Alltag,a1_daily_3,4,false,to receive / to get,Verb,I received a gift.,vocab_a1_0108
앉다,anda,sitzen,A1,Verb,의자에 앉아요.,Ich sitze auf dem Stuhl.,Alltag,a1_daily_3,5,false,to sit,Verb,I sit on the chair.,vocab_a1_0109
서다,seoda,stehen,A1,Verb,여기 잠깐 서 있어요.,Bleiben Sie hier bitte kurz stehen.,Alltag,a1_daily_3,6,false,to stand,Verb,Please stay here a moment.,vocab_a1_0110
열다,yeolda,öffnen,A1,Verb,문을 열어요.,Ich öffne die Tür.,Alltag,a1_daily_3,7,false,to open,Verb,I open the door.,vocab_a1_0111
닫다,datda,schließen,A1,Verb,창문을 닫아요.,Ich schließe das Fenster.,Alltag,a1_daily_3,8,true,to close,Verb,I close the window.,vocab_a1_0112
입다,ipda,anziehen / tragen (Kleidung),A1,Verb,옷을 입어요.,Ich ziehe mich an.,Alltag,a1_daily_3,9,true,to wear / to put on (clothes),Verb,I get dressed.,vocab_a1_0113
일하다,ilhada,arbeiten,A1,Verb,회사에서 일해요.,Ich arbeite in einer Firma.,Beruf,a1_misc_2,6,false,to work,Verb,I work at a company.,vocab_a1_0114
좋다,jota,gut / schön,A1,Adjektiv,날씨가 좋아요.,Das Wetter ist schön.,Beschreibung,a1_descriptions,1,false,good / nice,Adjective,The weather is nice.,vocab_a1_0115
크다,keuda,groß,A1,Adjektiv,집이 커요.,Das Haus ist groß.,Beschreibung,a1_descriptions,2,false,big,Adjective,The house is big.,vocab_a1_0116
작다,jakda,klein,A1,Adjektiv,방이 작아요.,Das Zimmer ist klein.,Beschreibung,a1_descriptions,3,false,small,Adjective,The room is small.,vocab_a1_0117
많다,manta,viel,A1,Adjektiv,오늘 카페에 사람이 정말 많아요.,Heute sind wirklich viele Leute im Café.,Menge,a1_numbers_1,1,false,many / much,Adjective,There are so many people at the cafe today.,vocab_a1_0118
비싸다,bissada,teuer,A1,Adjektiv,이 옷은 비싸요.,Diese Kleidung ist teuer.,Einkaufen,a1_misc_2,7,false,expensive,Adjective,These clothes are expensive.,vocab_a1_0119
싸다,ssada,billig / günstig,A1,Adjektiv,여기 진짜 싸요.,Hier ist es echt günstig.,Einkaufen,a1_misc_2,8,true,cheap,Adjective,This place is really cheap.,vocab_a1_0120
맛있다,masitda,lecker,A1,Adjektiv,이 음식은 맛있어요.,Dieses Essen ist lecker.,Essen & Trinken,a1_food_2,7,true,delicious,Adjective,This food is delicious.,vocab_a1_0121
귀엽다,gwiyeopda,niedlich / süß,A1,Adjektiv,강아지가 귀여워요.,Der Hund ist süß.,Beschreibung,a1_descriptions,4,false,cute,Adjective,The puppy is cute.,vocab_a1_0122
조용하다,joyonghada,leise / ruhig,A1,Adjektiv,도서관이 조용해요.,Die Bibliothek ist ruhig.,Beschreibung,a1_descriptions,5,false,quiet,Adjective,The library is quiet.,vocab_a1_0123
시끄럽다,sikkeureopda,laut,A1,Adjektiv,밖이 시끄러워요.,Draußen ist es laut.,Beschreibung,a1_descriptions,6,false,loud / noisy,Adjective,It's noisy outside.,vocab_a1_0124
어렵다,eoryeopda,schwierig / schwer,A1,Adjektiv,한국어가 어려워요.,Koreanisch ist schwierig.,Beschreibung,a1_descriptions,7,false,difficult / hard,Adjective,Korean is difficult.,vocab_a1_0125
쉽다,swipda,einfach / leicht,A1,Adjektiv,이 문제는 쉬워요.,Diese Aufgabe ist einfach.,Beschreibung,a1_descriptions,8,false,easy,Adjective,This task is easy.,vocab_a1_0126
배고프다,baegopeuda,hungrig sein,A1,Adjektiv,"아, 진짜 배고파요.","Ah, ich habe echt Hunger.",Körper,a1_body,10,true,to be hungry,Adjective,"Ah, I'm really hungry.",vocab_a1_0127
길다,gilda,lang,A1,Adjektiv,머리가 길어요.,Meine Haare sind lang.,Beschreibung,a1_descriptions,9,false,long,Adjective,My hair is long.,vocab_a1_0128
짧다,jjalda,kurz,A1,Adjektiv,치마가 짧아요.,Der Rock ist kurz.,Beschreibung,a1_descriptions,10,false,short,Adjective,The skirt is short.,vocab_a1_0129
회사,hoesa,Firma / Unternehmen,A1,Nomen,요즘 회사 일이 좀 많아요.,Zurzeit habe ich ziemlich viel Arbeit in der Firma.,Beruf,a1_misc_2,13,false,company / firm,Noun,I've got a lot of work at the company these days.,vocab_a2_0001
직업,jigeop,Beruf,A1,Nomen,"마야 씨, 직업이 뭐예요?","Maya, was ist dein Beruf?",Beruf,a1_misc_2,14,false,occupation / job,Noun,"Maya, what's your job?",vocab_a2_0002
취미,chwimi,Hobby,A1,Nomen,저는 취미가 사진 찍는 거예요.,Mein Hobby ist Fotografieren.,Freizeit,a1_hobbies_1,13,false,hobby,Noun,My hobby is taking photos.,vocab_a2_0003
날씨,nalssi,Wetter,A1,Nomen,오늘 날씨가 정말 좋아요.,Das Wetter ist heute wirklich schön.,Wetter,a1_nature_people_1,13,false,weather,Noun,The weather is really nice today.,vocab_a2_0004
계절,gyejeol,Jahreszeit,A1,Nomen,어떤 계절을 좋아해요?,Welche Jahreszeit magst du?,Wetter,a1_nature_people_1,14,false,season,Noun,Which season do you like?,vocab_a2_0005
봄,bom,Frühling,A2,Nomen,이제 봄이 왔네요.,Jetzt ist der Frühling da.,Wetter,a2_weather,3,false,spring,Noun,Spring is here now.,vocab_a2_0006
여름,yeoreum,Sommer,A2,Nomen,한국 여름은 진짜 더워요.,Der Sommer in Korea ist echt heiß.,Wetter,a2_weather,4,false,summer,Noun,Summer in Korea is really hot.,vocab_a2_0007
가을,gaeul,Herbst,A2,Nomen,가을 단풍이 정말 예뻐요.,Das Herbstlaub ist wirklich schön.,Wetter,a2_weather,5,false,autumn / fall,Noun,The autumn leaves are really beautiful.,vocab_a2_0008
겨울,gyeoul,Winter,A2,Nomen,한국 겨울은 좀 추워요.,Der Winter in Korea ist ziemlich kalt.,Wetter,a2_weather,6,false,winter,Noun,Winter in Korea is pretty cold.,vocab_a2_0009
병원,byeongwon,Arzt / Klinik,A2,Nomen,감기가 심해서 병원에 다녀왔어요.,"Die Erkältung war so schlimm, ich war beim Arzt.",Gesundheit,a2_health_misc_1,2,false,doctor's / clinic,Noun,My cold was so bad I went to the doctor.,vocab_a2_0010
약,yak,Medizin / Medikament,A2,Nomen,감기약 좀 사러 왔어요.,"Ich bin hier, um Erkältungsmedizin zu kaufen.",Gesundheit,a2_health_misc_1,3,false,medicine / medication,Noun,I came to buy some cold medicine.,vocab_a2_0011
식당,sikdang,Restaurant,A2,Nomen,이 근처에 맛있는 식당 있어요?,Gibt es hier in der Nähe ein gutes Restaurant?,Essen & Trinken,a2_food_1,1,false,restaurant,Noun,Is there a good restaurant around here?,vocab_a2_0012
시장,sijang,Markt,A2,Nomen,주말에 시장에 다녀왔어요.,Am Wochenende war ich auf dem Markt.,Einkaufen,a2_shopping_1,1,false,market,Noun,I went to the market over the weekend.,vocab_a2_0013
은행,eunhaeng,Bank,A2,Nomen,은행이 몇 시까지 열어요?,Bis wie viel Uhr hat die Bank geöffnet?,Alltag,a2_daily_1,1,false,bank,Noun,How late is the bank open?,vocab_a2_0014
여행,yeohaeng,Reise,A2,Nomen,다음 달에 제주도로 여행 가요.,Nächsten Monat mache ich eine Reise nach Jeju.,Reise,a2_health_misc_1,4,false,trip / travel,Noun,Next month I'm going on a trip to Jeju.,vocab_a2_0015
비행기,bihaenggi,Flugzeug,A2,Nomen,비행기가 곧 도착해요.,Das Flugzeug kommt gleich an.,Verkehr,a2_transport,1,false,airplane,Noun,The plane is arriving soon.,vocab_a2_0016
호텔,hotel,Hotel,A2,Nomen,이번 호텔 진짜 좋았어요.,Das Hotel war diesmal richtig gut.,Reise,a2_health_misc_1,5,false,hotel,Noun,The hotel this time was really nice.,vocab_a2_0017
음악,eumak,Musik,A2,Nomen,요즘 이 음악 자주 들어요.,Diese Musik höre ich zurzeit oft.,Freizeit,a2_health_misc_1,6,false,music,Noun,I've been listening to this music a lot lately.,vocab_a2_0018
영화,yeonghwa,Film,A2,Nomen,주말에 영화 한 편 봤어요.,Am Wochenende habe ich einen Film gesehen.,Freizeit,a2_health_misc_1,7,false,movie / film,Noun,I watched a movie over the weekend.,vocab_a2_0019
시험,siheom,Prüfung / Test,A2,Nomen,다음 주에 시험이 있어서 걱정이에요.,"Ich mache mir Sorgen, weil ich nächste Woche eine Prüfung habe.",Bildung,a2_education,1,false,exam / test,Noun,I'm worried because I have an exam next week.,vocab_a2_0020
숙제,sukje,Hausaufgaben,A2,Nomen,숙제 다 했어요?,Hast du deine Hausaufgaben schon gemacht?,Bildung,a2_education,2,false,homework,Noun,Did you finish your homework?,vocab_a2_0021
성적,seongjeok,Noten / Ergebnis,A2,Nomen,이번엔 성적이 좀 올랐어요.,Diesmal sind meine Noten etwas besser geworden.,Bildung,a2_education,3,false,grades / results,Noun,My grades went up a bit this time.,vocab_a2_0022
휴가,hyuga,Urlaub / Freizeit,A2,Nomen,다음 주부터 휴가예요.,Ab nächster Woche habe ich Urlaub.,Beruf,a2_work,3,false,vacation / time off,Noun,I'm on vacation starting next week.,vocab_a2_0023
회의,hoeui,Meeting / Besprechung,A2,Nomen,지금 회의 중이에요.,Ich bin gerade in einem Meeting.,Beruf,a2_work,4,false,meeting,Noun,I'm in a meeting right now.,vocab_a2_0024
택시,taeksi,Taxi,A2,Nomen,여기서 택시 잡기 힘들어요.,"Hier ist es schwer, ein Taxi zu bekommen.",Verkehr,a2_transport,2,false,taxi,Noun,It's hard to catch a taxi here.,vocab_a2_0025
기차,gicha,Zug / Bahn,A2,Nomen,기차 시간에 늦었어요.,Ich war zu spät für den Zug.,Verkehr,a2_transport,3,false,train,Noun,I was late for the train.,vocab_a2_0026
자전거,jajeongeo,Fahrrad,A2,Nomen,요즘 자전거로 출근해요.,Zurzeit fahre ich mit dem Fahrrad zur Arbeit.,Verkehr,a2_transport,4,false,bicycle,Noun,These days I ride my bike to work.,vocab_a2_0027
전화,jeonhwa,Telefon / Anruf,A2,Nomen,아까 부재중 전화 왔어요.,Vorhin gab es einen verpassten Anruf.,Kommunikation,a2_health_misc_1,8,true,phone / call,Noun,There was a missed call earlier.,vocab_a2_0028
문자,munja,Nachricht (SMS),A2,Nomen,답장 문자 못 봤어요?,Hast du meine Antwort nicht gesehen?,Kommunikation,a2_health_misc_1,9,true,text message,Noun,Didn't you see my reply text?,vocab_a2_0029
인터넷,inteonet,Internet,A2,Nomen,여기 인터넷 좀 느리네요.,Das Internet hier ist etwas langsam.,Technologie,a2_health_misc_2,1,false,internet,Noun,The internet here is a bit slow.,vocab_a2_0030
컴퓨터,keompyuteo,Computer,A2,Nomen,컴퓨터가 갑자기 꺼졌어요.,Der Computer ist plötzlich ausgegangen.,Technologie,a2_health_misc_2,2,false,computer,Noun,The computer suddenly shut off.,vocab_a2_0031
지갑,jigap,Geldbörse / Portemonnaie,A2,Nomen,"아, 지갑을 집에 두고 왔어요.","Ach, ich habe meine Geldbörse zu Hause gelassen.",Alltag,a2_daily_1,2,false,wallet / purse,Noun,"Oh no, I left my wallet at home.",vocab_a2_0032
열쇠,yeolsoe,Schlüssel,A2,Nomen,열쇠를 잃어버렸어요.,Ich habe den Schlüssel verloren.,Alltag,a2_daily_1,3,false,key,Noun,I lost the key.,vocab_a2_0033
우산,usan,Regenschirm,A2,Nomen,우산 안 가져왔는데 어떡해요?,"Ich habe keinen Regenschirm dabei, was soll ich machen?",Wetter,a2_weather,7,false,umbrella,Noun,"I didn't bring an umbrella, what should I do?",vocab_a2_0034
얼마,eolma,wie viel (Geld),A2,Ausdruck,이거 다 해서 얼마예요?,Wie viel kostet das alles zusammen?,Einkaufen,a2_shopping_1,2,false,how much (money),Expression,How much is all of this together?,vocab_a2_0035
할인,harin,Rabatt / Ermäßigung,A2,Nomen,학생 할인 되나요?,Gibt es einen Studierendenrabatt?,Einkaufen,a2_shopping_1,3,false,discount,Noun,Is there a student discount?,vocab_a2_0036
영수증,yeongsujeung,Quittung / Kassenbon,A2,Nomen,영수증 좀 주시겠어요?,Könnten Sie mir bitte die Quittung geben?,Einkaufen,a2_shopping_1,4,false,receipt,Noun,"Could I get the receipt, please?",vocab_a2_0037
카드,kadeu,Kreditkarte / Karte,A2,Nomen,카드로 결제할게요.,Ich zahle mit Karte.,Einkaufen,a2_shopping_1,5,false,card / credit card,Noun,I'll pay by card.,vocab_a2_0038
공부하다,gongbuhada,lernen / studieren,A2,Verb,요즘 한국어를 공부하고 있어요.,Zurzeit lerne ich Koreanisch.,Bildung,a2_education,4,false,to study / to learn,Verb,I'm studying Korean these days.,vocab_a2_0039
운동하다,undonghada,Sport machen,A2,Verb,요즘 매일 운동하려고 해요.,"Zurzeit versuche ich, jeden Tag Sport zu machen.",Sport,a2_health_misc_2,3,false,to exercise,Verb,Lately I've been trying to exercise every day.,vocab_a2_0040
여행하다,yeohaenghada,reisen,A2,Verb,여름에 유럽을 여행하고 싶어요.,Im Sommer möchte ich durch Europa reisen.,Reise,a2_health_misc_2,4,false,to travel,Verb,I want to travel around Europe in the summer.,vocab_a2_0041
요리하다,yorihada,kochen,A2,Verb,저는 주말에 요리하는 걸 좋아해요.,Ich koche am Wochenende gern.,Essen & Trinken,a2_food_1,2,false,to cook,Verb,I like cooking on weekends.,vocab_a2_0042
전화하다,jeonhwahada,anrufen,A2,Verb,이따 다시 전화할게요.,Ich ruf dich später noch mal an.,Kommunikation,a2_health_misc_2,5,false,to call (on the phone),Verb,I'll call you back later.,vocab_a2_0043
도착하다,dochakhada,ankommen,A2,Verb,지금 막 도착했어요.,Ich bin gerade angekommen.,Bewegung,a2_transport,5,false,to arrive,Verb,I just arrived.,vocab_a2_0044
쉬다,swida,sich ausruhen,A2,Verb,오늘은 그냥 집에서 쉴래요.,Heute möchte ich mich einfach zu Hause ausruhen.,Alltag,a2_daily_1,4,false,to rest,Verb,Today I just want to rest at home.,vocab_a2_0045
기억하다,gieokhada,sich erinnern,A2,Verb,이름이 기억이 안 나요.,Ich kann mich nicht an den Namen erinnern.,Alltag,a2_daily_1,5,false,to remember,Verb,I can't remember the name.,vocab_a2_0046
이해하다,ihaehada,verstehen,A2,Verb,무슨 말인지 이해했어요.,"Ich hab verstanden, was du meinst.",Bildung,a2_education,5,false,to understand,Verb,I understood what you meant.,vocab_a2_0047
배우다,baeuda,lernen / etwas Neues erlernen,A2,Verb,요즘 기타를 배우고 있어요.,Zurzeit lerne ich Gitarre.,Bildung,a2_education,6,true,to learn (something new),Verb,I'm learning guitar these days.,vocab_a2_0048
가르치다,gareuchida,lehren / unterrichten,A2,Verb,저희 언니가 영어를 가르쳐요.,Meine ältere Schwester unterrichtet Englisch.,Bildung,a2_education,7,true,to teach,Verb,My older sister teaches English.,vocab_a2_0049
찾다,chatda,suchen / finden,A2,Verb,지금 열쇠를 찾고 있어요.,Ich suche gerade den Schlüssel.,Alltag,a2_daily_1,6,false,to look for / to find,Verb,I'm looking for the key right now.,vocab_a2_0050
만들다,mandeulda,machen / herstellen,A2,Verb,친구 생일에 케이크를 만들었어요.,Ich habe zum Geburtstag meines Freundes einen Kuchen gemacht.,Alltag,a2_daily_1,7,true,to make,Verb,I made a cake for my friend's birthday.,vocab_a2_0051
예약하다,yeyakhada,reservieren / buchen,A2,Verb,저녁 7시로 예약했어요.,Ich habe für 19 Uhr reserviert.,Reise,a2_health_misc_2,6,false,to reserve / to book,Verb,I made a reservation for 7 p.m.,vocab_a2_0052
보내다,bonaeda,schicken / senden,A2,Verb,방금 사진 보냈어요.,Ich habe gerade das Foto geschickt.,Kommunikation,a2_health_misc_2,7,false,to send,Verb,I just sent the photo.,vocab_a2_0053
잃어버리다,ileobeorida,verlieren,A2,Verb,지갑을 잃어버려서 큰일 났어요.,"Ich habe meine Geldbörse verloren, jetzt habe ich ein großes Problem.",Alltag,a2_daily_1,8,true,to lose,Verb,"I lost my wallet, and now I'm in big trouble.",vocab_a2_0054
바꾸다,bakkuda,wechseln / ändern / tauschen,A2,Verb,이거 다른 걸로 바꿀 수 있어요?,Kann ich das gegen etwas anderes umtauschen?,Alltag,a2_daily_2,1,false,to change / to swap,Verb,Can I exchange this for something else?,vocab_a2_0055
걷다,geotda,zu Fuß gehen / laufen,A2,Verb,회사까지 30분 걸어요.,Bis zur Firma laufe ich 30 Minuten.,Bewegung,a2_transport,6,false,to walk,Verb,I walk 30 minutes to work.,vocab_a2_0056
걱정하다,geokjeonghada,sich sorgen / besorgt sein,A2,Verb,너무 걱정하지 마세요.,Machen Sie sich nicht zu viele Sorgen.,Gefühle,a2_feelings_1,1,false,to worry,Verb,Don't worry too much.,vocab_a2_0057
계산하다,gyesanhada,bezahlen / abrechnen,A2,Verb,여기 계산 좀 부탁드려요.,"Die Rechnung, bitte!",Einkaufen,a2_shopping_1,6,true,to pay / to calculate,Verb,"Could we get the check, please?",vocab_a2_0058
덥다,deopda,heiß (sein),A2,Adjektiv,오늘 진짜 덥네요.,Heute ist es echt heiß.,Wetter,a2_weather,8,true,to be hot (weather),Adjective,It's really hot today.,vocab_a2_0059
춥다,chupda,kalt (sein),A2,Adjektiv,밖에 날씨가 많이 추워요.,Draußen ist es sehr kalt.,Wetter,a2_weather,9,true,to be cold (weather),Adjective,It's very cold outside.,vocab_a2_0060
바쁘다,bappeuda,beschäftigt (sein),A2,Adjektiv,요즘 회사 일 때문에 좀 바빠요.,Zurzeit bin ich wegen der Arbeit ziemlich beschäftigt.,Alltag,a2_daily_2,2,false,to be busy,Adjective,I'm pretty busy with work these days.,vocab_a2_0061
피곤하다,pigonhada,müde (sein),A2,Adjektiv,오늘따라 좀 피곤하네요.,Heute bin ich irgendwie etwas müde.,Gefühle,a2_feelings_1,2,false,to be tired,Adjective,For some reason I'm a bit tired today.,vocab_a2_0062
행복하다,haengbokhada,glücklich (sein),A2,Adjektiv,요즘 진짜 행복해요.,Zurzeit bin ich richtig glücklich.,Gefühle,a2_feelings_1,3,false,to be happy,Adjective,I'm really happy these days.,vocab_a2_0063
슬프다,seulpeuda,traurig (sein),A2,Adjektiv,그 얘기 들으니까 슬퍼요.,"Wenn ich das höre, werde ich traurig.",Gefühle,a2_feelings_1,4,false,to be sad,Adjective,Hearing that makes me sad.,vocab_a2_0064
예쁘다,yeppeuda,hübsch / schön (sein),A2,Adjektiv,이 옷 진짜 예뻐요.,Dieses Outfit ist echt hübsch.,Beschreibung,a2_descriptions_1,1,false,to be pretty,Adjective,This outfit is really pretty.,vocab_a2_0065
재미있다,jaemiitda,interessant / lustig (sein),A2,Adjektiv,그 드라마 진짜 재미있어요.,Diese Serie ist wirklich unterhaltsam.,Beschreibung,a2_descriptions_1,2,false,to be interesting / fun,Adjective,That drama is really fun.,vocab_a2_0066
무섭다,museopda,Angst einflößend / beängstigend,A2,Adjektiv,그 영화 좀 무서웠어요.,Der Film war ziemlich gruselig.,Gefühle,a2_feelings_1,5,false,to be scary,Adjective,That movie was pretty scary.,vocab_a2_0067
건강하다,geonganghada,gesund sein,A2,Adjektiv,부모님이 건강하셨으면 좋겠어요.,"Ich wünsche mir, dass meine Eltern gesund bleiben.",Gesundheit,a2_health_misc_2,8,true,to be healthy,Adjective,I hope my parents stay healthy.,vocab_a2_0068
아프다,apeuda,krank sein / schmerzen,A2,Adjektiv,아침부터 배가 너무 아파요.,Seit heute Morgen tut mir der Bauch sehr weh.,Gesundheit,a2_health_misc_2,9,true,to be sick / to hurt,Adjective,My stomach has been hurting badly since this morning.,vocab_a2_0069
빠르다,ppareuda,schnell sein,A2,Adjektiv,택시가 지하철보다 빨라요.,Das Taxi ist schneller als die U-Bahn.,Beschreibung,a2_descriptions_1,3,false,to be fast,Adjective,A taxi is faster than the subway.,vocab_a2_0070
느리다,neurida,langsam sein,A2,Adjektiv,오늘따라 인터넷이 좀 느리네요.,Heute ist das Internet irgendwie langsam.,Beschreibung,a2_descriptions_1,4,false,to be slow,Adjective,The internet is somehow slow today.,vocab_a2_0071
무겁다,mugeopda,schwer sein,A2,Adjektiv,가방이 왜 이렇게 무거워요?,Warum ist die Tasche so schwer?,Beschreibung,a2_descriptions_1,5,false,to be heavy,Adjective,Why is this bag so heavy?,vocab_a2_0072
가볍다,gabyeopda,leicht sein,A2,Adjektiv,이 노트북 진짜 가벼워요.,Dieser Laptop ist echt leicht.,Beschreibung,a2_descriptions_1,6,false,to be light,Adjective,This laptop is really light.,vocab_a2_0073
넓다,neolda,breit / geräumig sein,A2,Adjektiv,새 집이 생각보다 넓어요.,"Die neue Wohnung ist geräumiger, als ich dachte.",Beschreibung,a2_descriptions_1,7,true,to be wide / spacious,Adjective,The new place is more spacious than I expected.,vocab_a2_0074
좁다,jopda,eng / schmal sein,A2,Adjektiv,여기 자리가 좀 좁네요.,Hier ist der Platz etwas eng.,Beschreibung,a2_descriptions_1,8,true,to be narrow / cramped,Adjective,The space here is a bit tight.,vocab_a2_0075
달다,dalda,süß sein,A2,Adjektiv,이 케이크 너무 달아요.,Dieser Kuchen ist zu süß.,Essen & Trinken,a2_food_1,3,false,to be sweet,Adjective,This cake is too sweet.,vocab_a2_0076
맵다,maepda,scharf sein,A2,Adjektiv,"아, 김치 진짜 맵네요.","Oh, das Kimchi ist echt scharf!",Essen & Trinken,a2_food_1,4,false,to be spicy,Adjective,"Wow, this kimchi is really spicy!",vocab_a2_0077
그립다,geuripda,vermissen / sich sehnen,A2,Adjektiv,요즘 고향이 많이 그리워요.,Zurzeit vermisse ich meine Heimat sehr.,Gefühle,a2_feelings_1,6,false,to miss / to long for,Adjective,I really miss my hometown these days.,vocab_a2_0078
외롭다,oeropda,einsam sein,A2,Adjektiv,저는 혼자 살 때 가끔 외로워요.,"Ich fühle mich manchmal einsam, wenn ich allein wohne.",Gefühle,a2_feelings_1,7,true,to be lonely,Adjective,I sometimes feel lonely when I live alone.,vocab_a2_0079
정말,jeongmal,wirklich / tatsächlich,A2,Adverb,이거 정말 맛있네요.,Das ist wirklich lecker!,Alltag,a2_daily_2,3,false,really / truly,Adverb,It's really delicious!,vocab_a2_0080
너무,neomu,zu sehr / sehr,A2,Adverb,오늘 너무 덥지 않아요?,Ist es heute nicht zu heiß?,Alltag,a2_daily_2,4,false,too / very,Adverb,Isn't it too hot today?,vocab_a2_0081
조금,jogeum,ein bisschen / etwas,A2,Adverb,조금만 더 주세요.,Noch ein bisschen mehr bitte.,Alltag,a2_daily_2,5,false,a little / a bit,Adverb,"A little more, please.",vocab_a2_0082
많이,mani,viel / sehr,A2,Adverb,오늘 진짜 많이 먹었어요.,Heute habe ich echt viel gegessen.,Alltag,a2_daily_2,6,false,a lot / much,Adverb,I ate so much today.,vocab_a2_0083
혼자,honja,alleine,A2,Adverb,저 혼자 살고 있어요.,Ich wohne alleine.,Alltag,a2_daily_2,7,true,alone,Adverb,I live alone.,vocab_a2_0084
같이,gachi,zusammen / gemeinsam,A2,Adverb,우리 같이 갈까요?,Sollen wir zusammen gehen?,Alltag,a2_daily_2,8,true,together,Adverb,Shall we go together?,vocab_a2_0085
또,tto,auch / wieder / nochmal,A2,Adverb,저 사람 또 왔네요.,Diese Person ist ja schon wieder da.,Alltag,a2_daily_3,1,false,again / also,Adverb,That person is here again.,vocab_a2_0086
경험,gyeongheom,Erfahrung,B1,Nomen,그게 저한테는 정말 좋은 경험이었어요.,Das war für mich eine wirklich gute Erfahrung.,Alltag,b1_daily_1,1,false,experience,Noun,That was a really good experience for me.,vocab_b1_0001
문화,munhwa,Kultur,B1,Nomen,한국 문화가 정말 매력적이에요.,Die koreanische Kultur ist wirklich faszinierend.,Gesellschaft,b1_tech_society_1,1,false,culture,Noun,Korean culture is really fascinating.,vocab_b1_0002
사회,sahoe,Gesellschaft,B1,Nomen,요즘 사회 문제에 관심이 많아요.,Ich interessiere mich zurzeit sehr für gesellschaftliche Probleme.,Gesellschaft,b1_tech_society_1,2,false,society,Noun,I'm very interested in social issues these days.,vocab_b1_0003
환경,hwangyeong,Umwelt,B1,Nomen,환경 문제는 우리 모두의 책임이에요.,Umweltprobleme sind die Verantwortung von uns allen.,Umwelt,b1_health_education,1,false,environment,Noun,Environmental issues are everyone's responsibility.,vocab_b1_0004
관계,gwangye,Beziehung / Verhältnis,B1,Nomen,사람 관계가 제일 어려운 것 같아요.,Zwischenmenschliche Beziehungen sind wohl das Schwierigste.,Beziehungen,b1_emotions_relations_1,1,false,relationship,Noun,I think relationships with people are the hardest thing.,vocab_b1_0005
목표,mokpyo,Ziel / Vorhaben,B1,Nomen,올해 목표는 한국어 자격증 따는 거예요.,"Mein Ziel für dieses Jahr ist, das Koreanisch-Zertifikat zu machen.",Motivation,b1_emotions_relations_1,2,false,goal / objective,Noun,My goal this year is to get a Korean language certificate.,vocab_b1_0006
방법,bangbeop,Methode / Weg,B1,Nomen,혹시 더 좋은 방법 있으세요?,Haben Sie vielleicht eine bessere Methode?,Alltag,b1_daily_1,2,false,method / way,Noun,Do you happen to know a better way?,vocab_b1_0007
문제,munje,Problem / Aufgabe,B1,Nomen,이 문제 좀 같이 볼까요?,Sollen wir uns dieses Problem zusammen ansehen?,Alltag,b1_daily_1,3,false,problem / question,Noun,Shall we look at this problem together?,vocab_b1_0008
해결,haegyeol,Lösung,B1,Nomen,이 문제는 빨리 해결해야 해요.,Dieses Problem müssen wir schnell lösen.,Alltag,b1_daily_1,4,false,solution,Noun,We need to solve this problem quickly.,vocab_b1_0009
정치,jeongchi,Politik,B1,Nomen,저는 정치 얘기는 잘 안 해요.,Über Politik rede ich eigentlich nicht.,Gesellschaft,b1_tech_society_1,3,false,politics,Noun,I don't really talk about politics.,vocab_b1_0010
경제,gyeongje,Wirtschaft,B1,Nomen,요즘 경제가 진짜 어렵네요.,Die Wirtschaftslage ist zurzeit echt schwierig.,Gesellschaft,b1_tech_society_1,4,false,economy,Noun,The economy is really tough these days.,vocab_b1_0011
교육,gyoyuk,Bildung / Erziehung,B1,Nomen,교육에 진짜 돈이 많이 들어요.,Bildung kostet wirklich viel Geld.,Gesellschaft,b1_tech_society_1,5,false,education,Noun,Education really costs a lot of money.,vocab_b1_0012
건강,geongang,Gesundheit,A2,Nomen,건강이 제일 중요해요.,Gesundheit ist am wichtigsten.,Gesundheit,a2_health_misc_1,10,false,health,Noun,Health is most important.,vocab_b1_0013
기술,gisul,Technologie / Technik,B1,Nomen,기술 발전 속도가 진짜 빠르네요.,Die Technik entwickelt sich echt schnell.,Gesellschaft,b1_tech_society_1,6,false,technology / technique,Noun,Technology is advancing really fast.,vocab_b1_0014
스트레스,seuteureseu,Stress,B1,Nomen,요즘 스트레스가 너무 심해요.,Zurzeit habe ich echt viel Stress.,Alltag,b1_daily_1,5,false,stress,Noun,I've been really stressed lately.,vocab_b1_0015
습관,seupgwan,Gewohnheit,B1,Nomen,일찍 자는 습관을 들이려고 해요.,"Ich versuche, mir anzugewöhnen, früh ins Bett zu gehen.",Alltag,b1_daily_1,6,false,habit,Noun,I'm trying to get into the habit of going to bed early.,vocab_b1_0016
기회,gihoe,Gelegenheit / Chance,B1,Nomen,이건 정말 좋은 기회 같아요.,Das scheint eine wirklich gute Gelegenheit zu sein.,Motivation,b1_emotions_relations_1,3,false,opportunity / chance,Noun,This seems like a really good opportunity.,vocab_b1_0017
과정,gwajeong,Prozess / Vorgang,B1,Nomen,결과보다 과정이 더 중요하다고 생각해요.,"Ich finde, der Prozess ist wichtiger als das Ergebnis.",Bildung,b1_health_education,3,false,process,Noun,I think the process matters more than the result.,vocab_b1_0018
상황,sanghwang,Situation / Lage,B1,Nomen,지금 상황이 좀 애매해요.,Die Situation ist gerade etwas unklar.,Alltag,b1_daily_1,7,false,situation,Noun,The situation is a bit unclear right now.,vocab_b1_0019
원인,wonin,Ursache / Grund,B1,Nomen,원인을 정확히 알아야 해결이 되죠.,"Nur wenn man die Ursache genau kennt, kann man das Problem lösen.",Alltag,b1_daily_1,8,true,cause,Noun,You can only fix it if you know the exact cause.,vocab_b1_0020
결과,gyeolgwa,Ergebnis / Folge,B1,Nomen,결과가 생각보다 잘 나왔어요.,Das Ergebnis ist besser ausgefallen als gedacht.,Alltag,b1_daily_1,9,true,result / outcome,Noun,The results came out better than expected.,vocab_b1_0021
생각,saenggak,Gedanke / Meinung,B1,Nomen,제 생각도 좀 들어보실래요?,Möchten Sie auch mal meine Meinung hören?,Kommunikation,b1_emotions_relations_1,4,false,thought / opinion,Noun,Would you like to hear my thoughts too?,vocab_b1_0022
의견,uigyeon,Meinung / Standpunkt,B1,Nomen,다른 의견 있으신 분 계세요?,Hat jemand eine andere Meinung?,Kommunikation,b1_emotions_relations_1,5,false,opinion / view,Noun,Does anyone have a different opinion?,vocab_b1_0023
이유,iyu,Grund / Ursache,B1,Nomen,특별한 이유가 있는 건 아니에요.,Es gibt keinen besonderen Grund.,Alltag,b1_daily_2,1,false,reason,Noun,There's no particular reason.,vocab_b1_0024
조건,jogeon,Bedingung / Voraussetzung,B1,Nomen,조건이 좀 까다롭네요.,Die Bedingungen sind ganz schön anspruchsvoll.,Alltag,b1_daily_2,2,false,condition / requirement,Noun,The conditions are quite demanding.,vocab_b1_0025
정보,jeongbo,Information,B1,Nomen,인터넷에 정보가 너무 많아서 헷갈려요.,"Im Internet gibt es so viele Informationen, dass ich durcheinanderkomme.",Alltag,b1_daily_2,3,false,information,Noun,There's so much information online that it's confusing.,vocab_b1_0026
연락,yeollak,Kontakt / Kommunikation,B1,Nomen,도착하면 연락 주세요.,"Melden Sie sich bitte, wenn Sie ankommen.",Kommunikation,b1_emotions_relations_1,6,false,contact / communication,Noun,Please contact me when you arrive.,vocab_b1_0027
결정하다,gyeoljeonghada,entscheiden,B1,Verb,그건 저 혼자 결정하기 어려워요.,Das kann ich schlecht alleine entscheiden.,Alltag,b1_daily_2,4,false,to decide,Verb,That's hard for me to decide on my own.,vocab_b1_0028
설명하다,seolmyeonghada,erklären,B1,Verb,좀 더 자세히 설명해 주시겠어요?,Könnten Sie das etwas genauer erklären?,Kommunikation,b1_emotions_relations_1,7,true,to explain,Verb,Could you explain that in a bit more detail?,vocab_b1_0029
비교하다,bigyohada,vergleichen,B1,Verb,두 개를 비교해 보고 결정할게요.,Ich vergleiche die beiden und entscheide dann.,Alltag,b1_daily_2,5,false,to compare,Verb,I'll compare the two and then decide.,vocab_b1_0030
준비하다,junbihada,vorbereiten,B1,Verb,발표 준비 잘 하고 계세요?,Läuft die Vorbereitung für die Präsentation gut?,Bildung,b1_health_education,4,false,to prepare,Verb,Is your presentation prep going well?,vocab_b1_0031
포기하다,pogihada,aufgeben,B1,Verb,여기까지 왔는데 포기하지 마세요.,"Sie sind schon so weit gekommen, geben Sie jetzt nicht auf.",Motivation,b1_emotions_relations_1,8,true,to give up,Verb,"You've come this far, don't give up now.",vocab_b1_0032
도전하다,dojeonhada,eine Herausforderung annehmen,B1,Verb,새로운 일에 도전해 보고 싶어요.,Ich möchte mich an etwas Neuem versuchen.,Motivation,b1_emotions_relations_2,1,false,to take on a challenge,Verb,I want to take on something new.,vocab_b1_0033
발전하다,baljeonhada,sich entwickeln / Fortschritte machen,B1,Verb,짧은 시간에 실력이 많이 발전했네요.,Ihre Fähigkeiten haben sich in kurzer Zeit sehr verbessert.,Bildung,b1_health_education,5,false,to develop / to improve,Verb,Your skills have improved a lot in a short time.,vocab_b1_0034
노력하다,noryeokhada,sich anstrengen / bemühen,B1,Verb,저도 나름대로 노력하고 있어요.,Ich gebe auf meine Weise auch mein Bestes.,Motivation,b1_emotions_relations_2,2,false,to make an effort,Verb,"I'm doing my best in my own way, too.",vocab_b1_0035
참여하다,chamyeohada,teilnehmen / mitmachen,B1,Verb,이번 행사에 꼭 참여해 주세요.,Nehmen Sie bitte unbedingt an dieser Veranstaltung teil.,Alltag,b1_daily_2,6,false,to participate,Verb,Please be sure to take part in this event.,vocab_b1_0036
선택하다,seontaekhada,auswählen / sich entscheiden,B1,Verb,어떤 걸 선택하든 다 좋아요.,"Egal, was Sie wählen, es ist alles gut.",Alltag,b1_daily_2,7,false,to choose / to select,Verb,Whatever you choose is fine.,vocab_b1_0037
실패하다,silpaehada,scheitern / versagen,B1,Verb,몇 번 실패해도 괜찮아요.,"Es ist in Ordnung, ein paar Mal zu scheitern.",Motivation,b1_emotions_relations_2,3,false,to fail,Verb,It's okay to fail a few times.,vocab_b1_0038
성공하다,seonggonghada,erfolgreich sein / Erfolg haben,B1,Verb,결국 성공하실 거예요.,Am Ende werden Sie Erfolg haben.,Motivation,b1_emotions_relations_2,4,false,to succeed,Verb,You'll succeed in the end.,vocab_b1_0039
극복하다,geukbokhada,überwinden,B1,Verb,이번 어려움도 잘 극복하시길 바라요.,"Ich hoffe, dass Sie auch diese Schwierigkeit gut überwinden.",Motivation,b1_emotions_relations_2,5,false,to overcome,Verb,"I hope you get through this difficulty, too.",vocab_b1_0040
표현하다,pyohyeonhada,ausdrücken,B1,Verb,감정을 잘 표현하는 편이 아니에요.,"Ich bin nicht so gut darin, meine Gefühle auszudrücken.",Kommunikation,b1_emotions_relations_2,6,true,to express,Verb,I'm not very good at expressing my feelings.,vocab_b1_0041
집중하다,jipjunghada,sich konzentrieren,B1,Verb,요즘 일에 집중이 잘 안 돼요.,Zurzeit kann ich mich bei der Arbeit schlecht konzentrieren.,Bildung,b1_health_education,6,false,to concentrate,Verb,I have trouble focusing on work these days.,vocab_b1_0042
인정하다,injeonghada,anerkennen / zugeben,B1,Verb,제 실수를 인정할게요.,Ich gebe meinen Fehler zu.,Alltag,b1_daily_2,8,true,to acknowledge / to admit,Verb,I'll admit my mistake.,vocab_b1_0043
중요하다,jungyohada,wichtig (sein),B1,Adjektiv,무엇보다 건강이 제일 중요해요.,Gesundheit ist das Allerwichtigste.,Beschreibung,b1_descriptions_1,1,false,to be important,Adjective,"Above all, health is the most important thing.",vocab_b1_0044
다양하다,dayanghada,vielfältig / verschieden (sein),B1,Adjektiv,요즘은 정말 방법이 다양해요.,Heutzutage gibt es wirklich viele verschiedene Methoden.,Beschreibung,b1_descriptions_1,2,false,to be diverse / various,Adjective,These days there are all kinds of methods.,vocab_b1_0045
복잡하다,bokjaphada,kompliziert sein,B1,Adjektiv,이 문제는 생각보다 복잡해요.,Dieses Problem ist komplizierter als gedacht.,Beschreibung,b1_descriptions_1,3,false,to be complicated,Adjective,This problem is more complicated than you'd think.,vocab_b1_0046
단순하다,dansunhada,einfach / schlicht sein,B1,Adjektiv,생각보다 답은 단순하더라고요.,Die Antwort war einfacher als gedacht.,Beschreibung,b1_descriptions_1,4,false,to be simple,Adjective,The answer turned out to be simpler than expected.,vocab_b1_0047
정확하다,jeonghwakhada,genau / korrekt sein,B1,Adjektiv,시간 좀 정확하게 알려주세요.,Bitte sagen Sie mir die genaue Uhrzeit.,Beschreibung,b1_descriptions_1,5,false,to be accurate / correct,Adjective,Please tell me the exact time.,vocab_b1_0048
효율적이다,hyoyuljeogida,effizient sein,B1,Adjektiv,이 방법이 훨씬 효율적이에요.,Diese Methode ist viel effizienter.,Beschreibung,b1_descriptions_1,6,false,to be efficient,Adjective,This method is much more efficient.,vocab_b1_0049
결국,gyeolguk,schließlich / letztendlich,B1,Adverb,결국 오늘도 야근이네요.,Am Ende mache ich heute also doch wieder Überstunden.,Alltag,b1_daily_2,9,true,in the end / eventually,Adverb,"In the end, I'm working overtime again today.",vocab_b1_0050
오히려,ohiryeo,eher / vielmehr,B1,Adverb,말 안 했으면 오히려 좋았을 텐데요.,"Es wäre eigentlich besser gewesen, nichts zu sagen.",Alltag,b1_daily_3,1,false,rather / instead,Adverb,It would have actually been better to say nothing.,vocab_b1_0051
게다가,gedaga,außerdem / darüber hinaus,B1,Adverb,일도 힘든데 게다가 몸까지 안 좋네요.,"Die Arbeit ist schon anstrengend, und dazu geht es mir auch noch schlecht.",Alltag,b1_daily_3,2,false,moreover / on top of that,Adverb,"Work is tough enough, and on top of that I'm not feeling well.",vocab_b1_0052
따라서,ttaraseo,daher / deshalb / folglich,B1,Adverb,예산이 부족합니다. 따라서 계획을 변경해야 합니다.,Das Budget reicht nicht. Daher müssen wir den Plan anpassen.,Alltag,b1_daily_3,3,false,therefore / accordingly,Adverb,"The budget isn't enough. Therefore, we need to adjust the plan.",vocab_b1_0053
특히,teukhi,besonders / vor allem,B1,Adverb,특히 매운 음식을 좋아해요.,Besonders gern mag ich scharfes Essen.,Alltag,b1_daily_3,4,false,especially / above all,Adverb,I especially like spicy food.,vocab_b1_0054
갑자기,gapjagi,plötzlich,B1,Adverb,갑자기 비가 쏟아졌어요.,Plötzlich hat es angefangen zu schütten.,Alltag,b1_daily_3,5,false,suddenly,Adverb,Suddenly it started pouring.,vocab_b1_0055
드디어,deudieo,endlich / schließlich,B1,Adverb,드디어 주말이네요!,Endlich Wochenende!,Alltag,b1_daily_3,6,false,finally / at last,Adverb,It's finally the weekend!,vocab_b1_0056
반면,banmyeon,andererseits / hingegen,B1,Adverb,가격은 비싼 반면 품질은 좋아요.,"Der Preis ist zwar hoch, dafür ist die Qualität gut.",Alltag,b1_daily_3,7,false,on the other hand / whereas,Adverb,"The price is high, but on the other hand the quality is good.",vocab_b1_0057
갈등,galdeung,Konflikt,B2,Nomen,예산 배분을 둘러싼 부서 간 갈등이 사업 일정에 영향을 주었다.,Der Konflikt zwischen den Abteilungen über die Budgetverteilung wirkte sich auf den Projektzeitplan aus.,Gesellschaft,b2_society_1,1,false,conflict,Noun,Conflict between departments over budget allocation affected the project schedule.,vocab_b2_0001
관점,gwanjeom,Standpunkt / Perspektive,B2,Nomen,이 보고서는 주거 문제를 세입자와 임대인의 관점에서 각각 살펴본다.,Der Bericht betrachtet die Wohnungsfrage sowohl aus Sicht der Mietenden als auch der Vermietenden.,Denken,b2_thinking_1,1,false,viewpoint / perspective,Noun,The report examines housing issues from the perspectives of both tenants and landlords.,vocab_b2_0002
가치관,gachigwan,Wertvorstellung,B2,Nomen,소설은 서로 다른 가치관을 가진 두 인물이 갈등을 풀어 가는 과정을 그린다.,"Der Roman schildert, wie zwei Figuren mit unterschiedlichen Wertvorstellungen ihren Konflikt lösen.",Gesellschaft,b2_society_1,2,false,values / set of values,Noun,The novel portrays how two characters with different values work through their conflict.,vocab_b2_0003
논리,nolli,Logik / Argumentation,B2,Nomen,주장의 논리를 검토하려면 전제와 결론이 어떻게 연결되는지 살펴야 한다.,"Um die Logik eines Arguments zu prüfen, muss betrachtet werden, wie Prämissen und Schlussfolgerung zusammenhängen.",Denken,b2_thinking_1,2,false,logic / reasoning,Noun,Examining the logic of an argument requires looking at how its premises and conclusion are connected.,vocab_b2_0004
이론,iron,Theorie,B2,Nomen,이 이론은 개인의 선택뿐 아니라 제도가 행동에 미치는 영향도 설명한다.,Diese Theorie erklärt neben individuellen Entscheidungen auch den Einfluss von Institutionen auf das Verhalten.,Bildung,b2_education,1,false,theory,Noun,This theory explains how institutions affect behavior as well as individual choices.,vocab_b2_0005
연구,yeongu,Forschung / Studie,B2,Nomen,이번 연구는 재택근무와 직무 만족도의 관계를 설문으로 살펴보았다.,Die Studie untersuchte anhand einer Befragung den Zusammenhang zwischen Homeoffice und Arbeitszufriedenheit.,Wissenschaft,b2_misc,1,false,research / study,Noun,The study used a survey to examine the relationship between working from home and job satisfaction.,vocab_b2_0006
결론,gyeollon,Schlussfolgerung / Fazit,B2,Nomen,표본이 작으므로 이번 결과만으로 결론을 내리기는 어렵다.,"Da die Stichprobe klein ist, lässt sich aus diesem Ergebnis allein kaum ein Schluss ziehen.",Denken,b2_thinking_1,3,false,conclusion,Noun,"The sample is small, so it is difficult to draw a conclusion from this result alone.",vocab_b2_0007
근거,geungeo,Grundlage / Beweis / Beleg,B2,Nomen,기사의 주장을 뒷받침하는 근거가 실제 조사 결과와 일치하는지 확인했다.,"Es wurde geprüft, ob die Belege für die Aussage im Artikel mit den tatsächlichen Untersuchungsergebnissen übereinstimmen.",Denken,b2_thinking_1,4,false,basis / evidence,Noun,The evidence supporting the article's claim was checked against the actual research findings.,vocab_b2_0008
현상,hyeonsang,Phänomen / Erscheinung,B2,Nomen,온라인에서 같은 의견이 반복되는 현상을 플랫폼의 추천 방식과 연결해 분석했다.,Die wiederholte Verbreitung gleicher Meinungen im Netz wurde im Zusammenhang mit dem Empfehlungssystem der Plattform analysiert.,Gesellschaft,b2_society_1,3,false,phenomenon,Noun,The repeated appearance of the same opinions online was analyzed in relation to the platform's recommendation system.,vocab_b2_0009
전제,jeonje,Voraussetzung / Prämisse,B2,Nomen,이 계산은 물가가 일정하게 유지된다는 전제에 기반한다.,"Diese Berechnung beruht auf der Annahme, dass das Preisniveau konstant bleibt.",Denken,b2_thinking_1,5,false,premise / precondition,Noun,This calculation is based on the premise that prices remain constant.,vocab_b2_0010
맥락,maengnak,Kontext / Zusammenhang,B2,Nomen,발언의 맥락을 이해하려면 바로 앞에 나온 질문도 함께 읽어야 한다.,"Um den Kontext einer Äußerung zu verstehen, muss auch die unmittelbar davor gestellte Frage gelesen werden.",Denken,b2_thinking_1,6,false,context,Noun,Understanding the context of a remark requires reading the question immediately before it as well.,vocab_b2_0011
복지,bokji,Wohlfahrt / Sozialleistungen,B2,Nomen,복지 정책을 평가할 때는 지원 규모와 실제 이용 가능성을 함께 살펴야 한다.,Bei der Bewertung von Sozialpolitik sollten der Umfang der Unterstützung und ihre tatsächliche Zugänglichkeit gemeinsam betrachtet werden.,Gesellschaft,b2_society_1,4,false,welfare,Noun,Evaluating welfare policy requires examining both the scale of support and how accessible it actually is.,vocab_b2_0012
민주주의,minjujuui,Demokratie,B2,Nomen,이 책은 시민 참여가 민주주의의 운영에 어떤 역할을 하는지 설명한다.,"Das Buch erklärt, welche Rolle die Beteiligung der Bevölkerung für das Funktionieren der Demokratie spielt.",Gesellschaft,b2_society_1,5,false,democracy,Noun,The book explains the role of civic participation in the functioning of democracy.,vocab_b2_0013
자유,jayu,Freiheit,B2,Nomen,토론에서는 표현의 자유와 타인의 권리를 함께 고려해야 한다는 의견이 나왔다.,"In der Diskussion wurde die Ansicht vertreten, dass Meinungsfreiheit und die Rechte anderer gemeinsam berücksichtigt werden sollten.",Gesellschaft,b2_society_1,6,false,freedom,Noun,The discussion included the view that freedom of expression should be considered alongside the rights of others.,vocab_b2_0014
주장하다,jujanghada,behaupten / argumentieren,B2,Verb,저자는 통근 시간이 삶의 질에 미치는 영향을 정책에 반영해야 한다고 주장한다.,"Der Autor argumentiert, dass die Auswirkungen der Pendelzeit auf die Lebensqualität politisch berücksichtigt werden sollten.",Kommunikation,b2_communication,1,false,to claim / to argue,Verb,The author argues that policy should take account of how commuting time affects quality of life.,vocab_b2_0015
분석하다,bunseokhada,analysieren,B2,Verb,연구팀은 설문 응답을 연령과 근무 형태에 따라 분석했다.,Das Forschungsteam analysierte die Umfrageantworten nach Alter und Arbeitsform.,Denken,b2_thinking_1,7,false,to analyze,Verb,The research team analyzed survey responses by age and work arrangement.,vocab_b2_0016
평가하다,pyeonggahada,bewerten / beurteilen,B2,Verb,사업의 성과를 평가하려면 시행 전에 정한 기준과 실제 결과를 비교해야 한다.,Zur Bewertung des Projekterfolgs müssen die vor der Umsetzung festgelegten Kriterien mit den tatsächlichen Ergebnissen verglichen werden.,Alltag,b2_misc,2,false,to evaluate / to assess,Verb,Evaluating a project's performance requires comparing the actual results with the criteria set before implementation.,vocab_b2_0017
비판하다,bipanhada,kritisieren,B2,Verb,이 논평은 주거비를 고려하지 않은 정책의 한계를 비판한다.,"Der Kommentar kritisiert die Grenzen einer Politik, die Wohnkosten nicht berücksichtigt.",Kommunikation,b2_communication,2,false,to criticize,Verb,The commentary criticizes the limitations of a policy that does not take housing costs into account.,vocab_b2_0018
강조하다,gangjohada,betonen / hervorheben,B2,Verb,보고서는 평균값뿐 아니라 집단별 차이도 살펴야 한다는 점을 강조한다.,"Der Bericht betont, dass neben Durchschnittswerten auch Unterschiede zwischen Gruppen untersucht werden müssen.",Kommunikation,b2_communication,3,false,to emphasize,Verb,The report emphasizes the need to examine differences between groups as well as averages.,vocab_b2_0019
검토하다,geomtohada,überprüfen / untersuchen,B2,Verb,제안서 다시 한번 검토해 주세요.,Bitte prüfen Sie den Vorschlag noch einmal.,Alltag,b2_misc,3,false,to review / to examine,Verb,Please review the proposal one more time.,vocab_b2_0020
제시하다,jesihada,vorstellen / präsentieren,B2,Verb,연구팀은 기존 방식의 문제를 설명하고 두 가지 대안을 제시했다.,Das Forschungsteam erläuterte die Probleme des bisherigen Verfahrens und stellte zwei Alternativen vor.,Kommunikation,b2_communication,4,false,to present / to put forward,Verb,The research team explained the problems with the existing approach and presented two alternatives.,vocab_b2_0021
논의하다,nonuihada,diskutieren / erörtern,B2,Verb,이 부분은 다음 회의에서 논의하죠.,Besprechen wir diesen Punkt in der nächsten Sitzung.,Kommunikation,b2_communication,5,false,to discuss,Verb,Let's discuss this part at the next meeting.,vocab_b2_0022
인식하다,insikhada,erkennen / wahrnehmen,B2,Verb,작품 속 인물들은 같은 사건을 서로 다르게 인식한다.,Die Figuren im Werk nehmen dasselbe Ereignis unterschiedlich wahr.,Denken,b2_thinking_1,8,true,to recognize / to perceive,Verb,The characters in the work perceive the same event differently.,vocab_b2_0023
해석하다,haeseokhada,interpretieren / auslegen,B2,Verb,이 조항을 어떻게 해석해야 할까요?,Wie sollen wir diese Klausel interpretieren?,Denken,b2_thinking_1,9,true,to interpret,Verb,How should we interpret this clause?,vocab_b2_0024
반박하다,banbakhada,widerlegen / widersprechen,B2,Verb,저자는 반대 주장을 반박하기 위해 이전 연구의 자료를 다시 분석했다.,"Um das Gegenargument zu widerlegen, analysierte der Autor die Daten einer früheren Studie erneut.",Kommunikation,b2_communication,6,false,to refute / to counter,Verb,The author reanalyzed data from an earlier study to rebut the opposing argument.,vocab_b2_0025
적용하다,jeogyonghada,anwenden,B2,Verb,새 규정이 다음 달부터 적용됩니다.,Die neue Regelung gilt ab nächstem Monat.,Alltag,b2_misc,4,false,to apply,Verb,The new regulation takes effect next month.,vocab_b2_0026
실현하다,silhyeonhada,verwirklichen / realisieren,B2,Verb,언젠가는 그 꿈을 실현하고 싶어요.,Irgendwann möchte ich diesen Traum verwirklichen.,Motivation,b2_misc,5,false,to realize / to bring about,Verb,Someday I want to make that dream come true.,vocab_b2_0027
지속하다,jisokhada,fortsetzen / aufrechterhalten,B2,Verb,지금 방식을 계속 지속하기는 어렵겠어요.,"Es wird wohl schwierig, die jetzige Methode so fortzusetzen.",Motivation,b2_misc,6,false,to continue / to sustain,Verb,It'll be hard to keep up the current approach.,vocab_b2_0028
추상적이다,chusangjeogida,abstrakt sein,B2,Adjektiv,설명이 좀 추상적이지 않았어요?,War die Erklärung nicht etwas abstrakt?,Denken,b2_thinking_2,1,false,to be abstract,Adjective,Wasn't the explanation a bit abstract?,vocab_b2_0029
구체적이다,guchejeogida,konkret sein,B2,Adjektiv,좀 더 구체적으로 말씀해 주시겠어요?,Könnten Sie das bitte etwas konkreter sagen?,Denken,b2_thinking_2,2,false,to be concrete,Adjective,Could you be a bit more specific?,vocab_b2_0030
객관적이다,gaekgwanjeogida,objektiv sein,B2,Adjektiv,설문 결과를 객관적으로 설명하려면 유리한 수치만 골라 제시해서는 안 된다.,Eine objektive Darstellung der Umfrageergebnisse darf nicht nur günstige Zahlen auswählen.,Denken,b2_thinking_2,3,false,to be objective,Adjective,An objective account of survey results should not present only favorable figures.,vocab_b2_0031
주관적이다,jugwanjeogida,subjektiv sein,B2,Adjektiv,주관적 평가가 포함된 리뷰에서는 사실 설명과 개인의 취향을 구분해야 한다.,Bei einer Rezension mit subjektiven Bewertungen sollten Sachangaben und persönliche Vorlieben unterschieden werden.,Denken,b2_thinking_2,4,false,to be subjective,Adjective,A review containing subjective judgments should distinguish factual description from personal taste.,vocab_b2_0032
일,il,eins (sino-koreanisch),A1,Nomen,일층에 가요.,Ich gehe in die erste Etage.,Zahlen,a1_numbers_1,2,false,one (Sino-Korean),Noun,I go to the first floor.,vocab_a1_0130
이,i,zwei (sino-koreanisch),A1,Nomen,이층이에요.,Es ist im zweiten Stock.,Zahlen,a1_numbers_1,3,false,two (Sino-Korean),Noun,It's on the second floor.,vocab_a1_0131
삼,sam,drei (sino-koreanisch),A1,Nomen,삼번 버스를 타요.,Ich nehme den Bus Nummer drei.,Zahlen,a1_numbers_1,4,false,three (Sino-Korean),Noun,I take bus number three.,vocab_a1_0132
사,sa,vier (sino-koreanisch),A1,Nomen,사월에 만나요.,Wir treffen uns im April.,Zahlen,a1_numbers_1,5,false,four (Sino-Korean),Noun,We meet in April.,vocab_a1_0133
오,o,fünf (sino-koreanisch),A1,Nomen,오천 원이에요.,Das kostet fünftausend Won.,Zahlen,a1_numbers_1,6,false,five (Sino-Korean),Noun,It costs five thousand won.,vocab_a1_0134
육,yuk,sechs (sino-koreanisch),A1,Nomen,저는 육 층에 살아요.,Ich wohne im sechsten Stock.,Zahlen,a1_numbers_1,7,false,six (Sino-Korean),Noun,I live on the sixth floor.,vocab_a1_0135
칠,chil,sieben (sino-koreanisch),A1,Nomen,칠월은 더워요.,Der Juli ist heiß.,Zahlen,a1_numbers_1,8,true,seven (Sino-Korean),Noun,July is hot.,vocab_a1_0136
팔,pal,acht (sino-koreanisch),A1,Nomen,팔월에 휴가예요.,Im August habe ich Urlaub.,Zahlen,a1_numbers_1,9,true,eight (Sino-Korean),Noun,I'm on vacation in August.,vocab_a1_0137
구,gu,neun (sino-koreanisch),A1,Nomen,새 학기가 구월에 시작해요.,Das neue Semester fängt im September an.,Zahlen,a1_numbers_2,1,false,nine (Sino-Korean),Noun,The new semester starts in September.,vocab_a1_0138
십,sip,zehn (sino-koreanisch),A1,Nomen,십 분만 기다려요.,Ich warte nur zehn Minuten.,Zahlen,a1_numbers_2,2,false,ten (Sino-Korean),Noun,I'll wait just ten minutes.,vocab_a1_0139
백,baek,hundert,A1,Nomen,백 명이 왔어요.,Hundert Leute sind gekommen.,Zahlen,a1_numbers_2,3,false,hundred,Noun,A hundred people came.,vocab_a1_0140
만,man,zehntausend,A1,Nomen,만 원이에요.,Es kostet zehntausend Won.,Zahlen,a1_numbers_2,5,false,ten thousand,Noun,It costs ten thousand won.,vocab_a1_0142
하나,hana,eins (rein-koreanisch),A1,Nomen,하나만 주세요.,Nur eins bitte.,Zahlen,a1_numbers_2,6,false,one (native Korean),Noun,"Just one, please.",vocab_a1_0143
둘,dul,zwei (rein-koreanisch),A1,Nomen,둘이 같이 가요.,Wir gehen zu zweit.,Zahlen,a1_numbers_2,7,false,two (native Korean),Noun,"We go together, the two of us.",vocab_a1_0144
셋,set,drei (rein-koreanisch),A1,Nomen,저희는 셋이에요.,Wir sind zu dritt.,Zahlen,a1_numbers_2,8,true,three (native Korean),Noun,There are three of us.,vocab_a1_0145
넷,net,vier (rein-koreanisch),A1,Nomen,우리 넷이서 같이 가요.,Gehen wir doch zu viert zusammen.,Zahlen,a1_numbers_2,9,true,four (native Korean),Noun,Let's all four go together.,vocab_a1_0146
다섯,daseot,fünf (rein-koreanisch),A1,Nomen,다섯 시에 만나요.,Wir treffen uns um fünf.,Zahlen,a1_numbers_3,1,false,five (native Korean),Noun,We meet at five.,vocab_a1_0147
여섯,yeoseot,sechs (rein-koreanisch),A1,Nomen,여섯 명이 와요.,Sechs Leute kommen.,Zahlen,a1_numbers_3,2,false,six (native Korean),Noun,Six people are coming.,vocab_a1_0148
일곱,ilgop,sieben (rein-koreanisch),A1,Nomen,일곱 시에 출발해요.,Wir starten um sieben.,Zahlen,a1_numbers_3,3,false,seven (native Korean),Noun,We leave at seven.,vocab_a1_0149
여덟,yeodeol,acht (rein-koreanisch),A1,Nomen,여덟 살이에요.,Ich bin acht Jahre alt.,Zahlen,a1_numbers_3,4,false,eight (native Korean),Noun,I'm eight years old.,vocab_a1_0150
아홉,ahop,neun (rein-koreanisch),A1,Nomen,아홉 시예요.,Es ist neun Uhr.,Zahlen,a1_numbers_3,5,false,nine (native Korean),Noun,It's nine o'clock.,vocab_a1_0151
열,yeol,zehn (rein-koreanisch),A1,Nomen,열 시까지 와요.,Komm bis zehn Uhr.,Zahlen,a1_numbers_3,6,false,ten (native Korean),Noun,Come by ten o'clock.,vocab_a1_0152
시,si,Uhr (Stunde),A1,Nomen,지금 몇 시예요?,Wie spät ist es jetzt?,Zeit,a1_time_2,2,false,o'clock (hour),Noun,What time is it now?,vocab_a1_0153
분,bun,Minute,A1,Nomen,십 분 남았어요.,Es bleiben noch zehn Minuten.,Zeit,a1_time_2,3,false,minute,Noun,There are ten minutes left.,vocab_a1_0154
초,cho,Sekunde,A1,Nomen,일 초만 기다려요.,Warte nur eine Sekunde.,Zeit,a1_time_2,4,false,second,Noun,Wait just one second.,vocab_a1_0155
시간,sigan,Zeit / Stunde,A1,Nomen,시간이 없어요.,Ich habe keine Zeit.,Zeit,a1_time_2,5,false,time / hour,Noun,I have no time.,vocab_a1_0156
요일,yoil,Wochentag,A1,Nomen,무슨 요일이에요?,Welcher Wochentag ist heute?,Zeit,a1_time_2,6,false,day of the week,Noun,What day of the week is it?,vocab_a1_0157
월요일,woryoil,Montag,A1,Nomen,월요일에 다시 만나요.,Wir sehen uns am Montag wieder.,Zeit,a1_time_2,7,true,Monday,Noun,See you again on Monday.,vocab_a1_0158
화요일,hwayoil,Dienstag,A1,Nomen,화요일에 만나요.,Wir treffen uns am Dienstag.,Zeit,a1_time_2,8,true,Tuesday,Noun,We meet on Tuesday.,vocab_a1_0159
수요일,suyoil,Mittwoch,A1,Nomen,이번 주 수요일에 만날까요?,Wollen wir uns diesen Mittwoch treffen?,Zeit,a1_time_3,1,false,Wednesday,Noun,Should we meet this Wednesday?,vocab_a1_0160
목요일,mogyoil,Donnerstag,A1,Nomen,이번 주 목요일에 봐요.,Wir sehen uns diesen Donnerstag.,Zeit,a1_time_3,2,false,Thursday,Noun,See you this Thursday.,vocab_a1_0161
금요일,geumyoil,Freitag,A1,Nomen,금요일 저녁에 만나요.,Wir treffen uns Freitagabend.,Zeit,a1_time_3,3,false,Friday,Noun,We meet on Friday evening.,vocab_a1_0162
토요일,toyoil,Samstag,A1,Nomen,토요일에 집에 있어요.,Am Samstag bin ich zu Hause.,Zeit,a1_time_3,4,false,Saturday,Noun,I am at home on Saturday.,vocab_a1_0163
일요일,iryoil,Sonntag,A1,Nomen,일요일에 가족을 만나요.,Am Sonntag treffe ich meine Familie.,Zeit,a1_time_3,5,false,Sunday,Noun,I see my family on Sunday.,vocab_a1_0164
안녕히 가세요,annyeonghi gaseyo,"Auf Wiedersehen (zur Person, die geht)",A1,Ausdruck,안녕히 가세요. 조심히 가세요.,Kommen Sie gut nach Hause.,Begrüßung,a1_greetings_1,7,false,Goodbye (to someone leaving),Expression,"Goodbye, get home safe.",vocab_a1_0165
안녕히 계세요,annyeonghi gyeseyo,"Auf Wiedersehen (zur Person, die bleibt)",A1,Ausdruck,저 먼저 갈게요. 안녕히 계세요.,Ich gehe schon mal. Auf Wiedersehen.,Begrüßung,a1_greetings_1,8,true,Goodbye (to someone staying),Expression,I'm heading out first. Take care.,vocab_a1_0166
잘 자요,jal jayo,Gute Nacht,A1,Ausdruck,오늘 수고했어요. 잘 자요.,Du hast heute viel geschafft. Schlaf gut.,Begrüßung,a1_greetings_1,9,true,Good night,Expression,You did a lot today. Sleep well.,vocab_a1_0167
잘 지내요?,jal jinaeyo,Wie geht's?,A1,Ausdruck,요즘 잘 지내요?,Wie geht's dir so?,Begrüßung,a1_greetings_2,1,false,How've you been?,Expression,How've you been lately?,vocab_a1_0168
처음 뵙겠습니다,cheoeum boepgetseumnida,Freut mich (formell),A1,Ausdruck,처음 뵙겠습니다. 잘 부탁드려요.,Freut mich.,Begrüßung,a1_greetings_2,2,false,Nice to meet you (formal),Expression,Nice to meet you.,vocab_a1_0169
만나서 반가워요,mannaseo bangawoyo,Freut mich,A1,Ausdruck,정말 만나서 반가워요.,Freut mich wirklich.,Begrüßung,a1_greetings_2,3,false,Nice to meet you,Expression,Really nice to meet you.,vocab_a1_0170
잘 부탁드려요,jal butakdeuryeoyo,"Schön, dass wir uns kennen",A1,Ausdruck,앞으로 잘 부탁드려요.,"Ich hoffe, wir kommen ab jetzt gut miteinander aus.",Höflichkeit,a1_greetings_2,4,false,Hope we get along,Expression,I hope we get along well from now on.,vocab_a1_0171
천만에요,cheonmaneyo,Gern geschehen / Keine Ursache,A1,Ausdruck,"아니에요, 천만에요.","Ach was, gern geschehen.",Höflichkeit,a1_greetings_2,5,false,You're welcome,Expression,No worries.,vocab_a1_0172
별말씀을요,byeolmalsseumeuryo,Keine Ursache (höflich),A1,Ausdruck,"별말씀을요, 당연한 거예요.","Keine Ursache, gern.",Höflichkeit,a1_greetings_2,6,false,Don't mention it (polite),Expression,Don't mention it.,vocab_a1_0173
실례합니다,sillyehamnida,Entschuldigen Sie,A1,Ausdruck,"실례합니다, 화장실이 어디예요?","Entschuldigung, wo ist die Toilette?",Höflichkeit,a1_greetings_2,7,true,Excuse me,Expression,"Excuse me, where's the restroom?",vocab_a1_0174
잠시만요,jamsimanyo,Einen Moment bitte,A1,Ausdruck,"잠시만요, 금방 갈게요.","Einen Moment, ich komme gleich.",Höflichkeit,a1_greetings_2,8,true,"One moment, please",Expression,"Just a second, I'll be right there.",vocab_a1_0175
화이팅,hwaiting,Du schaffst das! / Viel Erfolg!,A1,Ausdruck,우리 팀 화이팅!,"Auf geht's, unser Team!",Motivation,a1_misc_2,9,true,You can do it! / Good luck!,Expression,"Let's go, team!",vocab_a1_0176
위,wi,oben / über,A1,Nomen,책상 위에 있어요.,Es liegt auf dem Tisch.,Position,a1_position,1,false,top / above,Noun,It's on the desk.,vocab_a1_0177
아래,arae,unten / unter,A1,Nomen,의자 아래에 가방이 있어요.,Unter dem Stuhl steht eine Tasche.,Position,a1_position,2,false,bottom / below,Noun,There's a bag under the chair.,vocab_a1_0178
앞,ap,vorne / vor,A1,Nomen,학교 앞에서 만나요.,Wir treffen uns vor der Schule.,Position,a1_position,3,false,front / in front of,Noun,We meet in front of the school.,vocab_a1_0179
뒤,dwi,hinten / hinter,A1,Nomen,집 뒤에 공원이 있어요.,Hinter dem Haus ist ein Park.,Position,a1_position,4,false,back / behind,Noun,There's a park behind the house.,vocab_a1_0180
옆,yeop,neben / Seite,A1,Nomen,"수진 씨, 제 옆에 앉을까요?","Sujin, sollen wir uns nebeneinander setzen?",Position,a1_position,5,false,next to / side,Noun,"Sujin, shall we sit next to each other?",vocab_a1_0181
안,an,drinnen / in,A1,Nomen,가방 안에 책이 있어요.,In der Tasche ist ein Buch.,Position,a1_position,6,false,inside / in,Noun,There's a book in the bag.,vocab_a1_0182
밖,bak,draußen / außerhalb,A1,Nomen,밖에 비가 와요.,Draußen regnet es.,Position,a1_position,7,false,outside,Noun,It's raining outside.,vocab_a1_0183
사이,sai,Verhältnis / dazwischen,A1,Nomen,우리 사이는 좋아요.,Wir verstehen uns gut.,Beziehungen,a1_family_2,9,true,relationship / between,Noun,We get along well.,vocab_a1_0184
왼쪽,oenjjok,links,A1,Nomen,왼쪽으로 가세요.,Gehen Sie nach links.,Position,a1_position,8,false,left,Noun,Go to the left.,vocab_a1_0185
오른쪽,oreunjjok,rechts,A1,Nomen,오른쪽에 화장실이 있어요.,Rechts ist die Toilette.,Position,a1_position,9,false,right,Noun,The bathroom is on the right.,vocab_a1_0186
저,jeo,ich (höflich),A1,Pronomen,저는 한국어를 배워요.,Ich lerne Koreanisch.,Person,a1_self_intro,5,false,I (polite),Pronoun,I'm learning Korean.,vocab_a1_0187
나,na,ich (informell),A1,Pronomen,나도 갈래.,Ich komme auch mit.,Person,a1_self_intro,6,false,I (informal),Pronoun,I'll come too.,vocab_a1_0188
너,neo,du (informell),A1,Pronomen,너 어디 가?,Wohin gehst du?,Person,a1_self_intro,7,true,you (informal),Pronoun,Where are you going?,vocab_a1_0189
우리,uri,wir,A1,Pronomen,우리 같이 가요.,Lass uns zusammen gehen.,Person,a1_self_intro,8,true,we,Pronoun,Let's go together.,vocab_a1_0190
이거,igeo,das (hier),A1,Pronomen,이거 얼마예요?,Wie viel kostet das?,Alltag,a1_daily_4,1,false,this (one),Pronoun,How much is this?,vocab_a1_0191
그거,geugeo,das (da),A1,Pronomen,그거 주세요.,Das da bitte.,Alltag,a1_daily_4,2,false,that (one),Pronoun,"That one, please.",vocab_a1_0192
저거,jeogeo,das (dort),A1,Pronomen,저거 뭐예요?,Was ist das dort?,Alltag,a1_daily_4,3,false,that (over there),Pronoun,What's that over there?,vocab_a1_0193
여기,yeogi,hier,A1,Nomen,여기 앉으세요.,Setzen Sie sich bitte hier hin.,Position,a1_position,10,true,here,Noun,Please sit here.,vocab_a1_0194
거기,geogi,da,A1,Nomen,거기 가 본 적 있어요.,Da war ich schon mal.,Position,a1_position,11,true,there,Noun,I've been there before.,vocab_a1_0195
저기,jeogi,dort,A1,Nomen,저기 보세요.,Schauen Sie dort hin.,Position,a1_position,12,true,over there,Noun,Look over there.,vocab_a1_0196
새,sae,neu,A1,Adjektiv,이건 새 가방이에요.,Das ist eine neue Tasche.,Beschreibung,a1_descriptions,11,true,new,Adjective,This is a new bag.,vocab_a1_0197
다른,dareun,andere/r/s,A1,Adjektiv,다른 색깔도 있어요?,Gibt es auch andere Farben?,Beschreibung,a1_descriptions,12,true,other / different,Adjective,Are there other colors too?,vocab_a1_0198
같은,gateun,gleich / dasselbe,A1,Adjektiv,같은 학교에 가요.,Wir gehen zur gleichen Schule.,Beschreibung,a1_descriptions,13,true,same,Adjective,We go to the same school.,vocab_a1_0199
모든,modeun,alle / sämtliche,A1,Adjektiv,모든 사람이 좋아해요.,Alle Leute mögen es.,Menge,a1_numbers_3,7,true,all / every,Adjective,Everyone likes it.,vocab_a1_0200
몇,myeot,wie viele,A1,Adjektiv,몇 명이에요?,Wie viele Personen sind es?,Menge,a1_numbers_3,8,true,how many,Adjective,How many people?,vocab_a1_0201
잠깐,jamkkan,kurz / einen Moment,A1,Adverb,잠깐만 여기서 기다리세요.,Warten Sie bitte hier einen Moment.,Zeit,a1_time_3,6,false,for a moment / briefly,Adverb,Please wait here for a moment.,vocab_a1_0202
천천히,cheoncheonhi,langsam,A1,Adverb,한국어를 잘 못해요. 다시 천천히 말해 주세요.,Ich spreche noch nicht gut Koreanisch. Bitte sprechen Sie noch einmal langsam.,Alltag,a1_daily_4,4,false,slowly,Adverb,I don't speak Korean well yet. Please speak slowly once more.,vocab_a1_0203
일찍,iljjik,früh,A1,Adverb,오늘 일찍 자고 싶어요.,Ich möchte heute früh schlafen gehen.,Zeit,a1_time_3,7,true,early,Adverb,I want to go to bed early tonight.,vocab_a1_0204
늦게,neutge,spät,A1,Adverb,어제 늦게 잤어요.,Gestern bin ich spät schlafen gegangen.,Zeit,a1_time_3,8,true,late,Adverb,I went to bed late yesterday.,vocab_a1_0205
자주,jaju,oft,A1,Adverb,저는 커피를 자주 마셔요.,Ich trinke oft Kaffee.,Alltag,a1_daily_4,5,false,often,Adverb,I drink coffee often.,vocab_a1_0206
별로,byeollo,nicht besonders,A1,Adverb,별로 안 좋아해요.,Ich mag es nicht besonders.,Alltag,a1_daily_4,6,false,not really / not particularly,Adverb,I don't really like it.,vocab_a1_0207
진짜,jinjja,echt / wirklich (umgangssprachlich),A1,Adverb,진짜 맛있어요!,Das ist echt lecker!,Alltag,a1_daily_4,7,true,really / for real (colloquial),Adverb,It's really delicious!,vocab_a1_0208
맛없다,madeopda,nicht lecker sein,A1,Adjektiv,음식이 좀 맛없어요.,Das Essen ist nicht so lecker.,Essen & Trinken,a1_food_2,8,true,to taste bad,Adjective,The food isn't very tasty.,vocab_a1_0209
더,deo,mehr,A1,Adverb,더 주세요.,Mehr bitte.,Alltag,a1_daily_4,8,true,more,Adverb,"More, please.",vocab_a1_0210
덜,deol,weniger,B1,Adverb,설탕은 덜 넣어요.,Ich gebe weniger Zucker hinein.,Alltag,b1_daily_3,13,false,less,Adverb,I put in less sugar.,vocab_a1_0211
주문하다,jumunhada,bestellen,A2,Verb,저희 아직 주문 안 했어요.,Wir haben noch nicht bestellt.,Essen & Trinken,a2_food_1,5,false,to order,Verb,We haven't ordered yet.,vocab_a2_0087
메뉴판,menyupan,Speisekarte,A2,Nomen,메뉴판 좀 볼 수 있을까요?,Könnte ich bitte die Speisekarte sehen?,Essen & Trinken,a2_food_1,6,true,menu,Noun,"Could I see the menu, please?",vocab_a2_0088
추천하다,chucheonhada,empfehlen,A2,Verb,여기서 뭐를 추천하세요?,Was empfehlen Sie hier?,Essen & Trinken,a2_food_1,7,true,to recommend,Verb,What do you recommend here?,vocab_a2_0089
맛,mat,Geschmack,A2,Nomen,이 집 김치찌개는 맛이 정말 좋아요.,Der Kimchi-Eintopf hier schmeckt wirklich gut.,Essen & Trinken,a2_food_2,1,false,taste / flavor,Noun,The kimchi stew here tastes really good.,vocab_a2_0090
짜다,jjada,salzig sein,A2,Adjektiv,국이 좀 짜네요.,Die Suppe ist etwas salzig.,Essen & Trinken,a2_food_2,2,false,to be salty,Adjective,The soup is a bit salty.,vocab_a2_0091
시다,sida,sauer sein,A2,Adjektiv,이 귤 좀 셔요.,Diese Mandarine ist etwas sauer.,Essen & Trinken,a2_food_2,3,false,to be sour,Adjective,This tangerine is a bit sour.,vocab_a2_0092
싱겁다,singgeopda,fade / wenig gewürzt sein,A2,Adjektiv,국이 좀 싱거워요.,Die Suppe ist etwas fade.,Essen & Trinken,a2_food_2,4,false,to be bland,Adjective,The soup is a bit bland.,vocab_a2_0093
포장하다,pojanghada,zum Mitnehmen / verpacken,A2,Verb,이거 포장해 주세요.,Packen Sie mir das bitte zum Mitnehmen ein.,Essen & Trinken,a2_food_2,5,false,to pack / to take away,Verb,"Can I get this to go, please?",vocab_a2_0094
배달,baedal,Lieferdienst / Lieferung,A2,Nomen,오늘 저녁은 그냥 배달시켜요.,Bestellen wir heute Abend einfach beim Lieferdienst.,Essen & Trinken,a2_food_2,6,true,delivery service,Noun,Let's just get delivery tonight.,vocab_a2_0095
매콤하다,maekomhada,leicht scharf sein,A2,Adjektiv,이 떡볶이 딱 매콤해요.,Dieses Tteokbokki ist genau richtig scharf.,Essen & Trinken,a2_food_2,7,true,to be mildly spicy,Adjective,This tteokbokki is just the right amount of spicy.,vocab_a2_0096
사이즈,saijeu,Größe,A2,Nomen,혹시 한 사이즈 큰 거 있어요?,Haben Sie das vielleicht eine Größe größer?,Einkaufen,a2_shopping_1,7,true,size,Noun,Do you have this one size bigger?,vocab_a2_0097
색깔,saekkkal,Farbe,A2,Nomen,다른 색깔도 있어요?,Gibt es auch andere Farben?,Einkaufen,a2_shopping_2,1,false,color,Noun,Are there other colors too?,vocab_a2_0098
입어보다,ibeoboda,anprobieren,A2,Verb,이거 한번 입어봐도 될까요?,Darf ich das mal anprobieren?,Einkaufen,a2_shopping_2,2,false,to try on,Verb,Can I try this on?,vocab_a2_0099
어울리다,eoullida,passen / stehen,A2,Verb,이 색이 진짜 잘 어울려요.,Die Farbe steht Ihnen wirklich gut.,Einkaufen,a2_shopping_2,3,false,to suit / to look good on,Verb,This color really suits you.,vocab_a2_0100
환불,hwanbul,Rückerstattung,A2,Nomen,환불 좀 하고 싶은데요.,Ich hätte gern eine Rückerstattung.,Einkaufen,a2_shopping_2,4,false,refund,Noun,I'd like to get a refund.,vocab_a2_0101
교환,gyohwan,Umtausch,A2,Nomen,다른 사이즈로 교환할 수 있을까요?,Könnte ich das in eine andere Größe umtauschen?,Einkaufen,a2_shopping_2,5,false,exchange,Noun,Could I exchange this for a different size?,vocab_a2_0102
손님,sonnim,Kunde / Gast,A2,Nomen,오늘 손님이 많으시네요.,Sie haben heute aber viele Gäste.,Einkaufen,a2_shopping_2,6,true,customer / guest,Noun,You've got a lot of customers today.,vocab_a2_0103
점원,jeomwon,Verkäufer/in,A2,Nomen,오늘 점원이 제 사이즈를 찾아줬어요.,Das Verkaufspersonal hat heute meine Größe gefunden.,Einkaufen,a2_shopping_2,7,true,shop assistant / clerk,Noun,The shop assistant found my size today.,vocab_a2_0104
길,gil,Weg / Straße,A2,Nomen,가다가 길을 잃어버렸어요.,Ich habe mich unterwegs verlaufen.,Verkehr,a2_transport,7,false,road / way,Noun,I got lost on the way.,vocab_a2_0105
곧장,gotjang,geradeaus,A2,Adverb,여기서 곧장 가세요.,Gehen Sie von hier einfach geradeaus.,Verkehr,a2_transport,8,false,straight ahead,Adverb,Just go straight from here.,vocab_a2_0106
신호등,sinhodeung,Ampel,A2,Nomen,저 신호등에서 오른쪽으로 가세요.,Biegen Sie an der Ampel dort rechts ab.,Verkehr,a2_transport,9,false,traffic light,Noun,Turn right at that traffic light.,vocab_a2_0107
횡단보도,hoengdanbodo,Zebrastreifen,A2,Nomen,횡단보도를 건너면 왼쪽에 약국이 있어요.,"Wenn Sie den Zebrastreifen überqueren, ist die Apotheke links.",Verkehr,a2_transport,10,true,crosswalk,Noun,"Cross at the crosswalk, and the pharmacy is on your left.",vocab_a2_0108
교차로,gyocharo,Kreuzung,B1,Nomen,다음 교차로에서 내려주세요.,Lassen Sie mich bitte an der nächsten Kreuzung raus.,Verkehr,b1_travel_transport_1,13,false,intersection,Noun,Please drop me off at the next intersection.,vocab_a2_0109
안내하다,annaehada,führen / Auskunft geben,A2,Verb,제가 길을 안내해 드릴게요.,Ich zeige Ihnen den Weg.,Verkehr,a2_transport,12,true,to guide / to give directions,Verb,I'll show you the way.,vocab_a2_0110
가깝다,gakkapda,nah sein,A2,Adjektiv,집이랑 회사가 가까워서 좋아요.,"Es ist schön, dass meine Wohnung und die Firma so nah beieinander sind.",Beschreibung,a2_descriptions_2,1,false,to be near,Adjective,It's great that my home and work are so close.,vocab_a2_0111
멀다,meolda,weit sein,A2,Adjektiv,집이 너무 멀어서 힘들어요.,"Meine Wohnung ist so weit weg, das ist echt anstrengend.",Beschreibung,a2_descriptions_2,2,false,to be far,Adjective,"My place is so far away, it's exhausting.",vocab_a2_0112
화나다,hwanada,wütend werden,A2,Verb,그 말 듣고 진짜 화났어요.,"Als ich das gehört habe, war ich richtig sauer.",Gefühle,a2_feelings_1,8,true,to get angry,Verb,I got really mad when I heard that.,vocab_a2_0113
부끄럽다,bukkeureopda,sich schämen / schüchtern sein,A2,Adjektiv,생각만 해도 부끄러워요.,Schon beim Gedanken daran ist es mir peinlich.,Gefühle,a2_feelings_2,1,false,to be embarrassed / shy,Adjective,I get embarrassed just thinking about it.,vocab_a2_0114
놀라다,nollada,überrascht sein / sich erschrecken,A2,Verb,깜짝 놀랐어요!,Ich bin total erschrocken!,Gefühle,a2_feelings_2,2,false,to be surprised / startled,Verb,I was so startled!,vocab_a2_0115
기쁘다,gippeuda,sich freuen / froh sein,A2,Adjektiv,합격했다니 정말 기뻐요.,"Ich freue mich wirklich, dass Sie bestanden haben.",Gefühle,a2_feelings_2,3,false,to be glad / joyful,Adjective,I'm so happy to hear you passed.,vocab_a2_0116
답답하다,dapdaphada,beklemmend / frustrierend sein,A2,Adjektiv,말이 안 통해서 답답해요.,"Es ist so frustrierend, dass wir uns nicht verständigen können.",Gefühle,a2_feelings_2,4,false,to feel stifled / frustrated,Adjective,It's so frustrating that we can't communicate.,vocab_a2_0117
신나다,sinnada,aufgeregt sein / freudig erregt,A2,Verb,내일 여행 가서 진짜 신나요.,Ich freue mich riesig auf die Reise morgen.,Gefühle,a2_feelings_2,5,false,to be excited,Verb,I'm so excited about my trip tomorrow.,vocab_a2_0118
지루하다,jiruhada,langweilig sein,A2,Adjektiv,그 영화 좀 지루하지 않았어요?,War der Film nicht etwas langweilig?,Gefühle,a2_feelings_2,6,true,to be boring,Adjective,Wasn't that movie a bit boring?,vocab_a2_0119
긴장하다,ginjanghada,nervös / angespannt sein,A2,Verb,면접 앞두고 좀 긴장돼요.,Vor dem Vorstellungsgespräch bin ich etwas nervös.,Gefühle,a2_feelings_2,7,true,to be nervous / tense,Verb,I'm a little nervous about the upcoming interview.,vocab_a2_0120
동료,dongnyo,Kollege/in,A2,Nomen,같이 일하는 동료들이 좋아요.,"Ich mag die Kollegen, mit denen ich arbeite.",Beruf,a2_work,5,false,colleague,Noun,I like the coworkers I work with.,vocab_a2_0121
사장,sajang,Chef / Firmeninhaber,A2,Nomen,오늘 사장님이 새 근무 시간을 설명해 주셨어요.,Heute hat mir der Chef die neuen Arbeitszeiten erklärt.,Beruf,a2_work,6,false,boss / company owner,Noun,The boss explained the new work hours to me today.,vocab_a2_0122
상사,sangsa,Vorgesetzte/r,B1,Nomen,저희 상사 분은 좀 까다로우세요.,Unser Vorgesetzter ist ein bisschen anspruchsvoll.,Beruf,b1_work,11,false,superior / supervisor,Noun,Our supervisor is a bit picky.,vocab_a2_0123
출근하다,chulgeunhada,zur Arbeit gehen,A2,Verb,매일 아홉 시에 출근해요.,Ich gehe jeden Tag um neun zur Arbeit.,Beruf,a2_work,8,false,to go to work,Verb,I go to work at nine every day.,vocab_a2_0124
퇴근하다,toegeunhada,Feierabend machen,A2,Verb,오늘은 좀 일찍 퇴근하고 싶어요.,Heute möchte ich etwas früher Feierabend machen.,Beruf,a2_work,9,false,to leave work,Verb,I want to leave work a little early today.,vocab_a2_0125
야근하다,yageunhada,Überstunden machen,A2,Verb,이번 주 계속 야근했어요.,Diese Woche habe ich ständig Überstunden gemacht.,Beruf,a2_work,10,true,to work overtime,Verb,I've worked overtime all week.,vocab_a2_0126
월급,wolgeup,Monatsgehalt,A2,Nomen,이번 달 월급이 좀 올랐어요.,Diesen Monat ist mein Gehalt etwas gestiegen.,Beruf,a2_work,11,true,monthly salary,Noun,My pay went up a bit this month.,vocab_a2_0127
면접,myeonjeop,Vorstellungsgespräch,A2,Nomen,내일 오후에 면접이 있어요.,Morgen Nachmittag habe ich ein Vorstellungsgespräch.,Beruf,a2_work,12,true,job interview,Noun,I have a job interview tomorrow afternoon.,vocab_a2_0128
일어나다,ireonada,aufstehen / aufwachen,A2,Verb,요즘 아침에 일찍 일어나기 힘들어요.,"Zurzeit fällt es mir schwer, morgens früh aufzustehen.",Alltag,a2_daily_3,2,false,to get up / to wake up,Verb,Lately it's hard for me to get up early in the morning.,vocab_a2_0129
씻다,ssitda,sich waschen / putzen,A2,Verb,자기 전에 꼭 씻어요.,Vor dem Schlafen wasche ich mich immer.,Alltag,a2_daily_3,3,false,to wash (oneself),Verb,I always wash up before bed.,vocab_a2_0130
화장하다,hwajanghada,Make-up auflegen,A2,Verb,저는 화장을 잘 안 해요.,Ich schminke mich kaum.,Alltag,a2_daily_3,4,false,to put on makeup,Verb,I don't really wear makeup.,vocab_a2_0131
빨래하다,ppallaehada,Wäsche waschen,A2,Verb,주말마다 빨래해요.,Jedes Wochenende mache ich Wäsche.,Alltag,a2_daily_3,5,false,to do laundry,Verb,I do laundry every weekend.,vocab_a2_0132
청소하다,cheongsohada,putzen / sauber machen,A2,Verb,오늘 방 청소 좀 해야겠어요.,Heute sollte ich mal mein Zimmer putzen.,Alltag,a2_daily_3,6,false,to clean,Verb,I really need to clean my room today.,vocab_a2_0133
정리하다,jeongnihada,aufräumen / ordnen,A2,Verb,책상 좀 정리했어요.,Ich habe den Schreibtisch aufgeräumt.,Alltag,a2_daily_3,7,true,to tidy up / to organize,Verb,I tidied up the desk.,vocab_a2_0134
설거지하다,seolgeojihada,Geschirr spülen,A2,Verb,밥 먹고 설거지는 제가 할게요.,Nach dem Essen übernehme ich den Abwasch.,Alltag,a2_daily_3,8,true,to wash the dishes,Verb,I'll do the dishes after we eat.,vocab_a2_0135
분홍색,bunhongsaek,rosa,A2,Nomen,분홍색이 정말 잘 어울리네요.,Das Rosa steht Ihnen wirklich gut.,Farben,a2_descriptions_2,3,false,pink,Noun,That pink really suits you.,vocab_a2_0136
보라색,borasaek,lila / violett,A2,Nomen,보라색 옷은 잘 안 입어요.,Lila Sachen trage ich eher selten.,Farben,a2_descriptions_2,4,false,purple / violet,Noun,I don't really wear purple.,vocab_a2_0137
갈색,galsaek,braun,A2,Nomen,저는 갈색 머리로 염색했어요.,Ich habe mir die Haare braun gefärbt.,Farben,a2_descriptions_2,5,false,brown,Noun,I dyed my hair brown.,vocab_a2_0138
회색,hoesaek,grau,A2,Nomen,오늘은 회색 코트 입을래요.,Heute ziehe ich den grauen Mantel an.,Farben,a2_descriptions_2,6,true,gray,Noun,I'm going to wear my gray coat today.,vocab_a2_0139
주황색,juhwangsaek,orange,A2,Nomen,가을엔 주황색이 예뻐요.,Im Herbst sieht Orange schön aus.,Farben,a2_descriptions_2,7,true,orange,Noun,Orange looks pretty in the fall.,vocab_a2_0140
영상,yeongsang,Video / Bildmaterial,B1,Nomen,그 유튜브 영상 봤어요?,Haben Sie das YouTube-Video gesehen?,Technologie,b1_tech_society_1,7,false,video / footage,Noun,Did you see that YouTube video?,vocab_b1_0058
댓글,daetgeul,Kommentar (online),B1,Nomen,제 댓글에 답장 달아 주셔서 감사해요.,"Danke, dass Sie auf meinen Kommentar geantwortet haben.",Technologie,b1_tech_society_1,8,true,comment (online),Noun,Thanks for replying to my comment.,vocab_b1_0059
좋아요,joayo,Like (Social Media),B1,Nomen,제 게시물에 좋아요 눌러 주세요.,Bitte geben Sie meinem Beitrag ein Like.,Technologie,b1_tech_society_1,9,true,Like (social media),Noun,Please hit Like on my post.,vocab_b1_0060
팔로워,pallowo,Follower,B1,Nomen,요즘 팔로워가 좀 늘었어요.,In letzter Zeit habe ich ein paar Follower dazugewonnen.,Technologie,b1_tech_society_2,1,false,follower,Noun,I've gained some followers lately.,vocab_b1_0061
게시물,gesimul,Post / Beitrag,B1,Nomen,오늘 아침에 게시물 하나 올렸어요.,Heute Morgen habe ich einen Beitrag gepostet.,Technologie,b1_tech_society_2,2,false,post,Noun,I put up a post this morning.,vocab_b1_0062
업로드하다,eomnodeuhada,hochladen,B1,Verb,여행 사진 업로드해 놨어요.,Ich habe die Reisefotos hochgeladen.,Technologie,b1_tech_society_2,3,false,to upload,Verb,I've uploaded my travel photos.,vocab_b1_0063
검색하다,geomsaekhada,recherchieren / online suchen,B1,Verb,그건 인터넷에서 검색해 보시면 나와요.,"Das finden Sie, wenn Sie im Internet danach suchen.",Technologie,b1_tech_society_2,4,false,to search (online),Verb,You'll find that if you look it up online.,vocab_b1_0064
다운로드,daunnodeu,Download,B1,Nomen,먼저 앱을 다운로드하셔야 해요.,Zuerst müssen Sie die App herunterladen.,Technologie,b1_tech_society_2,5,false,download,Noun,First you need to download the app.,vocab_b1_0065
공유하다,gongyuhada,teilen (Social Media),B1,Verb,이 링크 좀 공유해 주실 수 있어요?,Könnten Sie diesen Link mit mir teilen?,Technologie,b1_tech_society_2,6,false,to share (social media),Verb,Could you share this link with me?,vocab_b1_0066
협력하다,hyeomnyeokhada,zusammenarbeiten / kooperieren,B1,Verb,다른 부서랑 협력해서 진행할 예정이에요.,Wir werden das in Zusammenarbeit mit anderen Abteilungen umsetzen.,Beruf,b1_work,1,false,to cooperate / to collaborate,Verb,We're planning to work with other departments on this.,vocab_b1_0067
책임지다,chaegimjida,Verantwortung übernehmen,B1,Verb,이번 프로젝트는 제가 책임지고 진행할게요.,Ich übernehme die Verantwortung für dieses Projekt und ziehe es durch.,Beruf,b1_work,2,false,to take responsibility,Verb,I'll take charge of this project and see it through.,vocab_b1_0068
보고하다,bogohada,Bericht erstatten,B1,Verb,결과가 나오면 바로 보고드릴게요.,"Sobald die Ergebnisse da sind, berichte ich Ihnen sofort.",Beruf,b1_work,3,false,to report,Verb,I'll report to you as soon as the results come in.,vocab_b1_0069
진행하다,jinhaenghada,durchführen / voranbringen,B1,Verb,일정대로 진행하고 있어요.,Alles läuft nach Zeitplan.,Beruf,b1_work,4,false,to carry out / to proceed with,Verb,Everything's going according to schedule.,vocab_b1_0070
마감,magam,Deadline / Abgabefrist,B1,Nomen,마감이 이번 주 금요일이에요.,Die Deadline ist diesen Freitag.,Beruf,b1_work,5,false,deadline,Noun,The deadline is this Friday.,vocab_b1_0071
일정,iljeong,Terminplan / Zeitplan,B1,Nomen,다음 주 일정 좀 알려주세요.,Sagen Sie mir bitte den Terminplan für nächste Woche.,Beruf,b1_work,6,false,schedule,Noun,Please let me know next week's schedule.,vocab_b1_0072
회의록,hoeuirok,Sitzungsprotokoll,B1,Nomen,회의록 정리해서 공유해 드릴게요.,Ich fasse das Protokoll zusammen und teile es mit Ihnen.,Beruf,b1_work,7,false,meeting minutes,Noun,I'll write up the meeting minutes and share them with you.,vocab_b1_0073
제안하다,jeanhada,vorschlagen,B1,Verb,괜찮은 아이디어가 있어서 제안드릴게요.,"Ich habe eine gute Idee, die ich Ihnen vorschlagen möchte.",Beruf,b1_work,8,false,to propose / to suggest,Verb,I have a good idea I'd like to propose.,vocab_b1_0074
거절하다,geojeolhada,ablehnen,B1,Verb,정중하게 거절하는 게 쉽지 않네요.,Höflich abzulehnen ist gar nicht so einfach.,Beruf,b1_work,9,true,to refuse / to decline,Verb,Turning someone down politely isn't easy.,vocab_b1_0075
동의하다,donguihada,zustimmen,B1,Verb,그 의견에 저도 동의해요.,Dieser Meinung stimme ich auch zu.,Kommunikation,b1_emotions_relations_2,7,true,to agree,Verb,I agree with that opinion too.,vocab_b1_0076
다이어트,daieoteu,Diät,B1,Nomen,요즘 다이어트 중이라 야식 안 먹어요.,"Ich mache gerade eine Diät, deshalb esse ich spätabends nichts mehr.",Gesundheit,b1_health_education,7,false,diet,Noun,"I'm on a diet right now, so I skip late-night snacks.",vocab_b1_0077
명상,myeongsang,Meditation,B1,Nomen,매일 아침 10분씩 명상해요.,Ich meditiere jeden Morgen zehn Minuten.,Gesundheit,b1_health_education,8,false,meditation,Noun,I meditate for ten minutes every morning.,vocab_b1_0078
식단,sikdan,Ernährungsplan,B1,Nomen,요즘 식단 관리를 좀 하고 있어요.,Ich achte zurzeit ein bisschen auf meine Ernährung.,Gesundheit,b1_health_education,9,false,meal plan / diet,Noun,I've been watching what I eat lately.,vocab_b1_0079
균형,gyunhyeong,Balance / Gleichgewicht,B1,Nomen,일과 삶의 균형이 정말 중요해요.,Die Work-Life-Balance ist wirklich wichtig.,Gesellschaft,b1_tech_society_2,7,true,balance,Noun,Work-life balance is really important.,vocab_b1_0080
휴식,hyusik,Erholung / Pause,B1,Nomen,잠깐이라도 휴식이 필요해요.,"Ich brauche eine Pause, auch wenn sie nur kurz ist.",Alltag,b1_daily_3,8,true,rest / break,Noun,"I need a break, even just a short one.",vocab_b1_0081
취향,chwihyang,Vorliebe / Geschmack,B1,Nomen,사람마다 취향이 다르잖아요.,Jeder hat doch einen anderen Geschmack.,Beschreibung,b1_descriptions_1,7,true,preference / taste,Noun,"Everyone's got different tastes, you know.",vocab_b1_0082
의미,uimi,Bedeutung / Sinn,B1,Nomen,이 표현 정확한 의미가 뭐예요?,Was ist die genaue Bedeutung dieses Ausdrucks?,Kommunikation,b1_emotions_relations_3,1,false,meaning,Noun,What's the exact meaning of this expression?,vocab_b1_0083
변화,byeonhwa,Veränderung / Wandel,B1,Nomen,요즘 저한테 큰 변화가 좀 있었어요.,In letzter Zeit gab es bei mir ein paar große Veränderungen.,Alltag,b1_daily_3,9,true,change,Noun,There have been some big changes in my life lately.,vocab_b1_0084
영향,yeonghyang,Einfluss / Wirkung,B1,Nomen,이번 결정이 큰 영향을 줄 것 같아요.,Diese Entscheidung wird wohl großen Einfluss haben.,Gesellschaft,b1_tech_society_2,8,true,influence / effect,Noun,I think this decision will have a big impact.,vocab_b1_0085
차이,chai,Unterschied,B1,Nomen,한국이랑 독일 문화 차이가 진짜 커요.,Der kulturelle Unterschied zwischen Korea und Deutschland ist echt groß.,Beschreibung,b1_descriptions_1,8,true,difference,Noun,The cultural differences between Korea and Germany are really big.,vocab_b1_0086
공통점,gongtongjeom,Gemeinsamkeit,B1,Nomen,저희 둘 공통점이 의외로 많더라고요.,Wir beide haben überraschend viel gemeinsam.,Beziehungen,b1_emotions_relations_3,2,false,common point / similarity,Noun,Turns out the two of us have a lot in common.,vocab_b1_0087
가능성,ganeungseong,Möglichkeit,B1,Nomen,성공 가능성이 없진 않아요.,Ganz ohne Erfolgschancen ist es nicht.,Denken,b1_health_education,10,true,possibility,Noun,It's not like there's no chance of success.,vocab_b1_0088
한계,hangye,Grenze / Limit,B1,Nomen,이제 정말 제 한계인 것 같아요.,"Ich glaube, ich bin jetzt wirklich an meiner Grenze.",Denken,b1_health_education,11,true,limit,Noun,I think I've really hit my limit.,vocab_b1_0089
책임,chaegim,Verantwortung,B1,Nomen,이번 일은 제 책임이에요.,Das hier ist meine Verantwortung.,Beruf,b1_work,10,true,responsibility,Noun,This is my responsibility.,vocab_b1_0090
솔직하다,soljikhada,ehrlich / aufrichtig sein,B1,Adjektiv,저는 솔직한 사람이 좋아요.,Ich mag ehrliche Menschen.,Beschreibung,b1_descriptions_2,1,false,to be honest / frank,Adjective,I like honest people.,vocab_b1_0091
겸손하다,gyeomsonhada,bescheiden sein,B1,Adjektiv,그분 진짜 겸손하시더라고요.,Diese Person ist wirklich bescheiden.,Beschreibung,b1_descriptions_2,2,false,to be humble,Adjective,That person is really humble.,vocab_b1_0092
친절하다,chinjeolhada,freundlich / hilfsbereit sein,B1,Adjektiv,여기 직원분들이 정말 친절하세요.,Die Mitarbeiter hier sind wirklich freundlich.,Beschreibung,b1_descriptions_2,3,false,to be kind / helpful,Adjective,The staff here are really friendly.,vocab_b1_0093
게으르다,geeureuda,faul sein,B1,Adjektiv,저는 주말엔 좀 게을러져요.,Am Wochenende werde ich etwas faul.,Beschreibung,b1_descriptions_2,4,false,to be lazy,Adjective,I get a little lazy on weekends.,vocab_b1_0094
부지런하다,bujireonhada,fleißig sein,B1,Adjektiv,저희 엄마는 진짜 부지런하세요.,Meine Mutter ist wirklich fleißig.,Beschreibung,b1_descriptions_2,5,false,to be diligent,Adjective,My mom is really hardworking.,vocab_b1_0095
적극적이다,jeokgeukjeogida,aktiv / engagiert sein,B1,Adjektiv,회의 때 좀 더 적극적으로 참여해 주세요.,Beteiligen Sie sich bitte in der Besprechung etwas aktiver.,Beschreibung,b1_descriptions_2,6,false,to be active / proactive,Adjective,Please participate more actively in the meeting.,vocab_b1_0096
소극적이다,sogeukjeogida,passiv / zurückhaltend sein,B1,Adjektiv,성격이 좀 소극적인 편이에요.,Ich bin vom Charakter her eher zurückhaltend.,Beschreibung,b1_descriptions_2,7,true,to be passive / reserved,Adjective,I'm kind of reserved by nature.,vocab_b1_0097
책임감,chaegimgam,Verantwortungsbewusstsein,B1,Nomen,그 사람은 책임감이 정말 강해요.,Diese Person hat ein wirklich starkes Verantwortungsbewusstsein.,Beschreibung,b1_descriptions_2,8,true,sense of responsibility,Noun,That person has a really strong sense of responsibility.,vocab_b1_0098
신경 쓰다,singyeong sseuda,sich Sorgen machen / sich kümmern,B1,Verb,너무 신경 쓰지 말고 편하게 하세요.,"Machen Sie sich nicht zu viele Gedanken, bleiben Sie ganz entspannt.",Gefühle,b1_emotions_relations_3,3,false,to worry / to care about,Verb,"Don't stress about it too much, just relax.",vocab_b1_0099
마음에 들다,maeume deulda,gefallen,B1,Verb,이 색깔 진짜 마음에 드네요.,Diese Farbe gefällt mir wirklich gut.,Gefühle,b1_emotions_relations_3,4,false,to be pleasing / to like,Verb,I really like this color.,vocab_b1_0100
약속하다,yaksokhada,versprechen,B1,Verb,다시는 안 그러겠다고 약속할게요.,"Ich verspreche, dass ich das nie wieder mache.",Kommunikation,b1_emotions_relations_3,5,false,to promise,Verb,I promise I won't do that again.,vocab_b1_0101
후회하다,huhoehada,bereuen,B1,Verb,결정한 거 후회 안 해요.,Ich bereue meine Entscheidung nicht.,Gefühle,b1_emotions_relations_3,6,true,to regret,Verb,I don't regret my decision.,vocab_b1_0102
기대하다,gidaehada,erwarten / sich freuen auf,B1,Verb,다음 편이 진짜 기대돼요.,Auf die nächste Folge bin ich schon richtig gespannt.,Gefühle,b1_emotions_relations_3,7,true,to expect / to look forward to,Verb,I can't wait for the next episode.,vocab_b1_0103
협상,hyeopsang,Verhandlung,B2,Nomen,이번 협상이 생각보다 잘 풀렸어요.,Die Verhandlung ist besser gelaufen als gedacht.,Beruf,b2_work,1,false,negotiation,Noun,The negotiation went better than expected.,vocab_b2_0033
계약,gyeyak,Vertrag,B2,Nomen,계약서 다시 한번 확인해 주세요.,Prüfen Sie den Vertrag bitte noch einmal.,Beruf,b2_work,2,false,contract,Noun,Please check the contract one more time.,vocab_b2_0034
투자,tuja,Investition,B2,Nomen,장기 투자를 결정하기 전에 예상 수익과 손실 가능성을 함께 검토했다.,Vor einer langfristigen Investition wurden die erwartete Rendite und mögliche Verluste gemeinsam geprüft.,Gesellschaft,b2_society_1,7,false,investment,Noun,Expected returns and potential losses were examined together before deciding on a long-term investment.,vocab_b2_0035
수익,suik,Gewinn / Ertrag,B2,Nomen,올해 수익이 작년보다 늘었어요.,Der Gewinn ist dieses Jahr höher als letztes Jahr.,Gesellschaft,b2_society_1,8,false,profit / revenue,Noun,Profits are up this year compared to last year.,vocab_b2_0036
비용,biyong,Kosten,B2,Nomen,비용을 좀 줄일 수 있을까요?,Könnten wir die Kosten etwas senken?,Gesellschaft,b2_society_1,9,true,cost,Noun,Could we cut the costs a bit?,vocab_b2_0037
생산성,saengsanseong,Produktivität,B2,Nomen,재택근무가 생산성에 미친 영향은 직무와 평가 방식에 따라 다르게 나타날 수 있다.,Die Auswirkungen von Homeoffice auf die Produktivität können je nach Tätigkeit und Bewertungsverfahren unterschiedlich ausfallen.,Beruf,b2_work,3,false,productivity,Noun,The effect of working from home on productivity may vary by job and assessment method.,vocab_b2_0038
경쟁력,gyeongjaengnyeok,Wettbewerbsfähigkeit,B2,Nomen,보고서는 가격뿐 아니라 서비스 품질도 기업의 경쟁력에 영향을 준다고 설명한다.,"Der Bericht erläutert, dass neben dem Preis auch die Servicequalität die Wettbewerbsfähigkeit eines Unternehmens beeinflusst.",Gesellschaft,b2_society_1,10,true,competitiveness,Noun,The report explains that service quality affects a company's competitiveness as well as price.,vocab_b2_0039
전략,jeollyak,Strategie,B2,Nomen,장기적인 전략을 세워야 해요.,Wir müssen eine langfristige Strategie entwickeln.,Beruf,b2_work,4,false,strategy,Noun,We need to set up a long-term strategy.,vocab_b2_0040
위기,wigi,Krise,B2,Nomen,이 소설은 경제 위기 속에서 일자리를 잃은 가족의 일상을 다룬다.,"Der Roman erzählt vom Alltag einer Familie, die während einer Wirtschaftskrise ihre Arbeit verloren hat.",Gesellschaft,b2_society_2,1,false,crisis,Noun,The novel depicts the daily life of a family whose members lost their jobs during an economic crisis.,vocab_b2_0041
협업,hyeobeop,Zusammenarbeit,B2,Nomen,다른 회사와의 협업도 검토 중이에요.,Wir prüfen auch eine Zusammenarbeit mit anderen Firmen.,Beruf,b2_work,5,false,collaboration,Noun,We're also looking into collaborating with other companies.,vocab_b2_0042
법,beop,Gesetz,B2,Nomen,법적으로 문제가 없는지 확인해 봐야 해요.,"Wir müssen prüfen, ob es rechtlich keine Probleme gibt.",Gesellschaft,b2_society_2,2,false,law,Noun,We need to check whether there are any legal issues.,vocab_b2_0043
정책,jeongchaek,Politik / Strategie (staatlich),B2,Nomen,새 정책이 다음 달부터 시행돼요.,Die neue Richtlinie tritt nächsten Monat in Kraft.,Gesellschaft,b2_society_2,3,false,policy (governmental),Noun,The new policy takes effect next month.,vocab_b2_0044
제도,jedo,System / Institution,B2,Nomen,지원 제도의 효과를 판단하려면 신청 자격과 실제 이용 현황을 함께 살펴야 한다.,"Um die Wirkung eines Fördersystems zu beurteilen, müssen Anspruchsvoraussetzungen und tatsächliche Nutzung gemeinsam betrachtet werden.",Gesellschaft,b2_society_2,4,false,system / institution,Noun,Assessing a support system's effectiveness requires examining both eligibility rules and actual usage.,vocab_b2_0045
의무,uimu,Pflicht / Verpflichtung,B2,Nomen,계약서에는 양쪽 당사자의 권리와 의무가 구체적으로 적혀 있다.,Der Vertrag legt die Rechte und Pflichten beider Parteien konkret fest.,Gesellschaft,b2_society_2,5,false,duty / obligation,Noun,The contract sets out both parties' rights and obligations in detail.,vocab_b2_0046
평등,pyeongdeung,Gleichheit / Gleichberechtigung,B2,Nomen,이 글은 형식적 평등과 실제 기회의 평등이 어떻게 다른지 설명한다.,Der Text erklärt den Unterschied zwischen formaler Gleichheit und tatsächlicher Chancengleichheit.,Gesellschaft,b2_society_2,6,false,equality,Noun,The text explains the difference between formal equality and equality of opportunity in practice.,vocab_b2_0047
차별,chabyeol,Diskriminierung,B2,Nomen,채용 과정의 차별을 검토하려면 지원자 집단별 결과를 비교해야 한다.,"Um Diskriminierung im Einstellungsverfahren zu untersuchen, müssen Ergebnisse verschiedener Bewerbergruppen verglichen werden.",Gesellschaft,b2_society_2,7,false,discrimination,Noun,Examining discrimination in hiring requires comparing outcomes across groups of applicants.,vocab_b2_0048
인권,ingwon,Menschenrechte,B2,Nomen,보고서는 공공 안전을 위한 조치에서도 인권에 미치는 영향을 검토해야 한다고 강조한다.,"Der Bericht betont, dass auch Maßnahmen für die öffentliche Sicherheit auf ihre Auswirkungen auf Menschenrechte geprüft werden sollten.",Gesellschaft,b2_society_2,8,true,human rights,Noun,The report emphasizes that measures for public safety should also be examined for their effects on human rights.,vocab_b2_0049
양극화,yanggeukhwa,Polarisierung / Spaltung,B2,Nomen,소득 양극화를 살펴볼 때는 평균 소득과 집단 간 격차를 구분해야 한다.,Bei der Untersuchung der Einkommenspolarisierung sollten Durchschnittseinkommen und Unterschiede zwischen Gruppen auseinandergehalten werden.,Gesellschaft,b2_society_2,9,true,polarization,Noun,Examining income polarization requires distinguishing average income from gaps between groups.,vocab_b2_0050
강점,gangjeom,Stärke,B2,Nomen,본인의 강점이 뭐라고 생각하세요?,Was sind Ihrer Meinung nach Ihre Stärken?,Beruf,b2_work,6,false,strength,Noun,What would you say your strengths are?,vocab_b2_0051
약점,yakjeom,Schwäche,B2,Nomen,약점은 오히려 인정하는 게 나아요.,Seine Schwächen gibt man besser offen zu.,Beruf,b2_work,7,false,weakness,Noun,It's actually better to admit your weaknesses.,vocab_b2_0052
경력,gyeongnyeok,Berufserfahrung / Werdegang,B2,Nomen,관련 경력이 어느 정도 되세요?,Wie viel einschlägige Berufserfahrung haben Sie?,Beruf,b2_work,8,true,career / work experience,Noun,How much relevant experience do you have?,vocab_b2_0053
자격증,jagyeokjeung,Zertifikat / Qualifikation,B2,Nomen,이 분야는 자격증이 꼭 필요해요.,In diesem Bereich braucht man unbedingt ein Zertifikat.,Beruf,b2_work,9,true,certificate / qualification,Noun,You definitely need a certification in this field.,vocab_b2_0054
자신감,jasingam,Selbstvertrauen,B2,Nomen,요즘 조금씩 자신감이 붙고 있어요.,In letzter Zeit gewinne ich langsam an Selbstvertrauen.,Gefühle,b2_misc,7,false,self-confidence,Noun,I'm slowly building confidence these days.,vocab_b2_0055
끈기,kkeungi,Ausdauer / Beharrlichkeit,B2,Nomen,끈기가 결국 실력이 되더라고요.,"Ausdauer wird am Ende zu echtem Können, das habe ich gemerkt.",Beschreibung,b2_misc,8,false,perseverance,Noun,I've found that perseverance eventually turns into skill.,vocab_b2_0056
잠재력,jamjaeryeok,Potenzial,B2,Nomen,이 팀의 잠재력이 무궁무진해요.,Das Potenzial dieses Teams ist grenzenlos.,Beschreibung,b2_misc,9,false,potential,Noun,This team's potential is limitless.,vocab_b2_0057
동기,donggi,Motivation / Anreiz,B2,Nomen,요즘 동기 부여가 잘 안 돼요.,Zurzeit kann ich mich nur schwer motivieren.,Motivation,b2_misc,10,true,motivation / incentive,Noun,I'm having a hard time staying motivated lately.,vocab_b2_0058
분야,bunya,Bereich / Fach / Gebiet,B2,Nomen,저는 마케팅 분야에서 일하고 있어요.,Ich arbeite im Bereich Marketing.,Bildung,b2_education,2,false,field / area,Noun,I work in the marketing field.,vocab_b2_0059
전공,jeongong,Hauptfach / Studienfach,A1,Nomen,제 전공은 음악이에요.,Mein Studienfach ist Musik.,첫 수업,a1_first_class_1,10,false,major / field of study,Noun,My major is music.,vocab_b2_0060
학위,hagwi,akademischer Grad,B2,Nomen,석사 학위까지 마치셨더라고요.,"Wie ich erfahren habe, hat die Person sogar einen Masterabschluss gemacht.",Bildung,b2_education,4,false,academic degree,Noun,I learned that they had even completed a master's degree.,vocab_b2_0061
논문,nonmun,wissenschaftlicher Aufsatz / Arbeit,B2,Nomen,논문 마감 때문에 요즘 정신없어요.,Wegen der Abgabefrist meiner Abschlussarbeit bin ich zurzeit total im Stress.,Bildung,b2_education,5,true,academic paper / thesis,Noun,I'm totally swamped these days because of my thesis deadline.,vocab_b2_0062
발표하다,balpyohada,präsentieren / vortragen,B2,Verb,다음 주에 학회에서 발표하기로 했어요.,Nächste Woche halte ich einen Vortrag auf einer Konferenz.,Kommunikation,b2_communication,7,false,to present / to give a talk,Verb,I'm presenting at a conference next week.,vocab_b2_0063
인용하다,inyonghada,zitieren,B2,Verb,출처를 정확히 인용해 주세요.,Zitieren Sie die Quelle bitte genau.,Bildung,b2_education,6,true,to quote / to cite,Verb,Please cite the source accurately.,vocab_b2_0064
통계,tonggye,Statistik,B2,Nomen,기사에 인용된 통계의 조사 연도와 대상 집단을 먼저 확인했다.,Zuerst wurden das Erhebungsjahr und die untersuchte Gruppe der im Artikel zitierten Statistik geprüft.,Denken,b2_thinking_2,5,false,statistics,Noun,The survey year and population covered by the statistics cited in the article were checked first.,vocab_b2_0065
가설,gaseol,Hypothese,B2,Nomen,연구진은 통근 시간이 짧을수록 직무 만족도가 높을 것이라는 가설을 세웠다.,"Das Forschungsteam stellte die Hypothese auf, dass eine kürzere Pendelzeit mit höherer Arbeitszufriedenheit einhergeht.",Denken,b2_thinking_2,6,false,hypothesis,Noun,The researchers hypothesized that shorter commuting times would be associated with higher job satisfaction.,vocab_b2_0066
진정한,jinjeonghan,wahr / echt,B2,Adjektiv,진정한 친구는 힘들 때 알아봐요.,Wahre Freunde erkennt man in schweren Zeiten.,Beschreibung,b2_misc,11,true,true / genuine,Adjective,You know who your true friends are when times get tough.,vocab_b2_0067
본질적이다,bonjiljeogida,wesentlich / essenziell sein,B2,Adjektiv,논의는 표현의 차이보다 두 주장 사이의 본질적 차이에 초점을 맞추었다.,Die Diskussion konzentrierte sich auf den wesentlichen Unterschied zwischen den beiden Argumenten statt auf Unterschiede in der Formulierung.,Denken,b2_thinking_2,7,true,to be essential,Adjective,The discussion focused on the fundamental difference between the two arguments rather than differences in wording.,vocab_b2_0068
적절하다,jeokjeolhada,angemessen / passend sein,B2,Adjektiv,타이밍이 아주 적절했어요.,Das Timing war genau richtig.,Beschreibung,b2_misc,12,true,to be appropriate / suitable,Adjective,The timing was just right.,vocab_b2_0069
명확하다,myeonghwakhada,eindeutig / klar sein,B2,Adjektiv,입장을 좀 명확하게 밝혀 주세요.,Machen Sie Ihren Standpunkt bitte deutlich.,Kommunikation,b2_communication,8,true,to be clear / unambiguous,Adjective,Please make your position clear.,vocab_b2_0070
모호하다,mohohada,vage / unklar sein,B2,Adjektiv,답변이 좀 모호하시네요.,Ihre Antwort ist etwas vage.,Kommunikation,b2_communication,9,true,to be vague / unclear,Adjective,Your answer is a bit vague.,vocab_b2_0071
합리적이다,hamnijeogida,rational / vernünftig sein,B2,Adjektiv,합리적인 가격이라 결정했어요.,"Der Preis war vernünftig, deshalb habe ich mich dafür entschieden.",Denken,b2_thinking_2,8,true,to be rational / reasonable,Adjective,"The price was reasonable, so I went for it.",vocab_b2_0072
거실,geosil,Wohnzimmer,A2,Nomen,저희 집 거실이 좀 좁아요.,Unser Wohnzimmer ist etwas klein.,Wohnen,a2_home_1,1,false,living room,Noun,Our living room is a bit small.,vocab_a2_0141
부엌,bueok,Küche,A2,Nomen,저희 부엌에서 요리 자주 해요.,In unserer Küche koche ich oft.,Wohnen,a2_home_1,2,false,kitchen,Noun,I cook in our kitchen a lot.,vocab_a2_0142
냉장고,naengjanggo,Kühlschrank,A2,Nomen,냉장고에 뭐 먹을 거 있어요?,Gibt es im Kühlschrank etwas zu essen?,Wohnen,a2_home_1,3,false,refrigerator,Noun,Is there anything to eat in the fridge?,vocab_a2_0143
세탁기,setakgi,Waschmaschine,A2,Nomen,세탁기가 고장 났어요.,Die Waschmaschine ist kaputtgegangen.,Wohnen,a2_home_1,4,false,washing machine,Noun,The washing machine broke down.,vocab_a2_0144
청소기,cheongsogi,Staubsauger,A2,Nomen,청소기 좀 돌리고 나갈게요.,"Ich sauge noch kurz Staub, bevor ich gehe.",Wohnen,a2_home_1,5,false,vacuum cleaner,Noun,I'll vacuum real quick before heading out.,vocab_a2_0145
가구,gagu,Möbel,A2,Nomen,이번에 가구를 좀 새로 샀어요.,Ich habe mir neulich ein paar neue Möbel gekauft.,Wohnen,a2_home_1,6,false,furniture,Noun,I recently bought some new furniture.,vocab_a2_0146
이사하다,isahada,umziehen,A2,Verb,다음 달에 이사 갈 예정이에요.,Ich ziehe nächsten Monat um.,Wohnen,a2_home_1,7,false,to move (house),Verb,I'm moving next month.,vocab_a2_0147
월세,wolse,Monatsmiete,A2,Nomen,이 동네 월세가 좀 비싸요.,Die Monatsmiete in dieser Gegend ist etwas teuer.,Wohnen,a2_home_1,8,true,monthly rent,Noun,The monthly rent in this area is a bit expensive.,vocab_a2_0148
보증금,bojeunggeum,Kaution,B1,Nomen,보증금은 얼마 정도예요?,Wie hoch ist ungefähr die Kaution?,Wohnen,b1_housing_contract_1,13,false,deposit,Noun,About how much is the deposit?,vocab_a2_0149
집주인,jipjuin,Vermieter,A2,Nomen,집주인에게 연락해 볼게요.,"Ich versuche mal, den Vermieter zu erreichen.",Wohnen,a2_home_1,10,true,landlord,Noun,I'll try getting in touch with the landlord.,vocab_a2_0150
현금,hyeongeum,Bargeld,A2,Nomen,현금 없는데 카드 돼요?,"Ich habe kein Bargeld, geht auch Karte?",Geld,a2_money_1,1,false,cash,Noun,"I don't have cash, do you take cards?",vocab_a2_0151
통장,tongjang,Bankbuch,A2,Nomen,새 통장을 만들려고 왔어요.,Ich möchte ein neues Konto eröffnen.,Geld,a2_money_1,2,false,bankbook,Noun,I'm here to open a new bank account.,vocab_a2_0152
입금하다,ipgeumhada,einzahlen,A2,Verb,방금 입금해 드렸어요.,Ich habe Ihnen das Geld gerade überwiesen.,Geld,a2_money_1,3,false,to deposit,Verb,I just sent the money to your account.,vocab_a2_0153
출금하다,chulgeumhada,abheben,A2,Verb,만 원만 출금할게요.,Ich hebe nur zehntausend Won ab.,Geld,a2_money_1,4,false,to withdraw,Verb,I'll just withdraw ten thousand won.,vocab_a2_0154
송금하다,songgeumhada,überweisen,A2,Verb,친구한테 십만 원 송금했어요.,Ich habe einem Freund hunderttausend Won überwiesen.,Geld,a2_money_1,5,false,to transfer money,Verb,I transferred a hundred thousand won to a friend.,vocab_a2_0155
잔액,janaek,Kontostand,A2,Nomen,잔액이 얼마나 남았어요?,Wie viel Guthaben ist noch übrig?,Geld,a2_money_1,6,false,balance,Noun,How much is left in the account?,vocab_a2_0156
수수료,susuryo,Gebühr,A2,Nomen,송금 수수료 얼마예요?,Wie hoch ist die Überweisungsgebühr?,Geld,a2_money_1,7,false,fee,Noun,How much is the transfer fee?,vocab_a2_0157
환전하다,hwanjeonhada,Geld wechseln,A2,Verb,공항에서 유로로 환전했어요.,Ich habe am Flughafen Geld in Euro gewechselt.,Geld,a2_money_1,8,false,to exchange money,Verb,I exchanged money into euros at the airport.,vocab_a2_0158
통화,tonghwa,Währung,A2,Nomen,한국의 통화는 원이에요.,Die Währung in Korea ist der Won.,Geld,a2_money_1,9,true,currency,Noun,Korea's currency is the won.,vocab_a2_0159
저축하다,jeochukhada,sparen,A2,Verb,매달 조금씩 저축하려고 해요.,"Ich versuche, jeden Monat ein wenig zu sparen.",Geld,a2_money_1,10,true,to save money,Verb,I try to save a little every month.,vocab_a2_0160
온난화,onnanhwa,Erwärmung,B2,Nomen,지구 온난화의 영향을 분석할 때는 기온뿐 아니라 강수량의 변화도 살펴야 한다.,Bei der Analyse der Auswirkungen der globalen Erwärmung sollten neben der Temperatur auch Veränderungen der Niederschläge betrachtet werden.,Umwelt,b2_environment_1,1,false,global warming,Noun,Analyzing the effects of global warming requires examining changes in rainfall as well as temperature.,vocab_b2_0073
오염,oyeom,Verschmutzung,B2,Nomen,대기 오염을 비교하려면 측정 장소와 기간이 같은지 확인해야 한다.,"Um Luftverschmutzung zu vergleichen, muss geprüft werden, ob Messorte und Zeiträume übereinstimmen.",Umwelt,b2_environment_1,2,false,pollution,Noun,Comparing air pollution requires checking whether the measurement locations and periods are the same.,vocab_b2_0074
배출,baechul,Ausstoß,B2,Nomen,보고서는 배출량 감소 목표와 실제 배출 현황을 구분해 제시했다.,Der Bericht stellte die Ziele zur Emissionsminderung getrennt von den tatsächlichen Emissionswerten dar.,Umwelt,b2_environment_1,3,false,emission,Noun,The report presented emission-reduction targets separately from actual emission levels.,vocab_b2_0075
재활용,jaehwaryong,Recycling,B2,Nomen,저희 집에서는 재활용 철저히 해요.,Bei uns zu Hause recyceln wir ganz konsequent.,Umwelt,b2_environment_1,4,false,recycling,Noun,We're really strict about recycling at home.,vocab_b2_0076
멸종,myeoljong,Aussterben,B2,Nomen,멸종 위험을 평가할 때는 개체 수의 변화와 서식지의 상태를 함께 살펴야 한다.,Zur Bewertung des Aussterberisikos sollten Veränderungen der Population und der Zustand des Lebensraums gemeinsam betrachtet werden.,Umwelt,b2_environment_1,5,false,extinction,Noun,Assessing the risk of extinction requires examining both population changes and habitat conditions.,vocab_b2_0077
생태계,saengtaegye,Ökosystem,B2,Nomen,하천 개발 계획을 검토하면서 생태계에 미칠 영향을 함께 조사했다.,Bei der Prüfung des Flussentwicklungsplans wurden auch die Auswirkungen auf das Ökosystem untersucht.,Umwelt,b2_environment_1,6,false,ecosystem,Noun,The effects on the ecosystem were investigated alongside the river development plan.,vocab_b2_0078
자원,jawon,Ressource,B2,Nomen,자원은 무한하지 않으니까 아껴 써야죠.,"Ressourcen sind nicht unendlich, also sollten wir sparsam damit umgehen.",Umwelt,b2_environment_1,7,false,resource,Noun,"Resources aren't unlimited, so we should use them sparingly.",vocab_b2_0079
폐기물,pyegimul,Abfall,B2,Nomen,폐기물 처리 비용을 계산할 때는 수거와 재활용에 드는 비용도 포함했다.,Bei der Berechnung der Abfallentsorgungskosten wurden auch die Kosten für Sammlung und Recycling berücksichtigt.,Umwelt,b2_environment_1,8,false,waste,Noun,The calculation of waste-management costs included collection and recycling expenses.,vocab_b2_0080
태양광,taeyanggwang,Solarenergie,B2,Nomen,태양광 발전 시설의 설치를 검토하며 예상 발전량과 유지 비용을 비교했다.,Bei der Prüfung einer Solaranlage wurden die erwartete Stromerzeugung und die Wartungskosten verglichen.,Umwelt,b2_environment_1,9,false,solar power,Noun,Expected power generation and maintenance costs were compared when considering the installation of a solar power system.,vocab_b2_0081
온실가스,onsilgaseu,Treibhausgas,B2,Nomen,온실가스 감축 효과를 비교하려면 배출량을 계산한 범위를 먼저 확인해야 한다.,"Um die Wirkung einer Treibhausgasminderung zu vergleichen, muss zunächst der Umfang der Emissionsberechnung geklärt werden.",Umwelt,b2_environment_1,10,true,greenhouse gas,Noun,Comparing greenhouse gas reduction effects requires first checking the scope of the emissions calculation.,vocab_b2_0082
친환경,chinhwangyeong,umweltfreundlich,B2,Adjektiv,요즘은 친환경 제품이 많이 나와요.,Heutzutage kommen viele umweltfreundliche Produkte auf den Markt.,Umwelt,b2_environment_1,11,true,eco-friendly,Adjective,There are a lot of eco-friendly products coming out these days.,vocab_b2_0083
지속 가능성,jisok ganeungseong,Nachhaltigkeit,B2,Nomen,사업의 지속 가능성을 판단할 때는 환경 영향과 장기 운영 비용을 함께 고려해야 한다.,"Um die Nachhaltigkeit eines Projekts zu beurteilen, sollten Umweltauswirkungen und langfristige Betriebskosten gemeinsam berücksichtigt werden.",Umwelt,b2_environment_1,12,true,sustainability,Noun,Assessing a project's sustainability requires considering both environmental impacts and long-term operating costs.,vocab_b2_0084
광고,gwanggo,Werbung,B1,Nomen,요즘 이 광고가 아주 인기예요.,Diese Werbung ist zurzeit sehr beliebt.,Medien & Kultur,b1_media_culture_1,1,false,advertisement,Noun,This ad is very popular these days.,vocab_b1_0104
방송,bangsong,Sendung,B1,Nomen,어제 그 방송 봤어요?,Hast du gestern die Sendung gesehen?,Medien & Kultur,b1_media_culture_1,2,false,broadcast,Noun,Did you watch that broadcast yesterday?,vocab_b1_0105
뉴스,nyuseu,Nachrichten,B1,Nomen,아침마다 뉴스를 봐요.,Ich schaue jeden Morgen die Nachrichten.,Medien & Kultur,b1_media_culture_1,3,false,news,Noun,I watch the news every morning.,vocab_b1_0106
배우,baeu,Schauspielerin oder Schauspieler,B1,Nomen,제가 좋아하는 배우가 나와요.,Meine Lieblingsschauspielerin oder mein Lieblingsschauspieler ist dabei.,Medien & Kultur,b1_media_culture_1,4,false,actor,Noun,My favorite actor appears.,vocab_b1_0107
공연,gongyeon,Aufführung,B1,Nomen,주말에 공연을 보러 가요.,Am Wochenende gehe ich zu einer Aufführung.,Medien & Kultur,b1_media_culture_1,5,false,performance,Noun,I am going to see a performance this weekend.,vocab_b1_0108
무대,mudae,Bühne,B1,Nomen,가수가 무대에 올라갔어요.,Die Sängerin oder der Sänger ist auf die Bühne gegangen.,Medien & Kultur,b1_media_culture_1,6,false,stage,Noun,The singer went on stage.,vocab_b1_0109
문학,munhak,Literatur,B1,Nomen,한국 문학에 관심이 있어요.,Ich interessiere mich für koreanische Literatur.,Medien & Kultur,b1_media_culture_1,7,false,literature,Noun,I am interested in Korean literature.,vocab_b1_0110
전통,jeontong,Tradition,B1,Nomen,이 마을은 전통을 지켜요.,Dieses Dorf bewahrt seine Tradition.,Medien & Kultur,b1_media_culture_1,8,false,tradition,Noun,This village keeps its tradition.,vocab_b1_0111
유행,yuhaeng,Trend,B1,Nomen,이 노래가 요즘 유행이에요.,Dieses Lied ist gerade im Trend.,Medien & Kultur,b1_media_culture_1,9,false,trend,Noun,This song is trending these days.,vocab_b1_0112
미술관,misulgwan,Kunstmuseum,B1,Nomen,미술관이 어디에 있어요?,Wo ist das Kunstmuseum?,Medien & Kultur,b1_media_culture_1,10,true,art museum,Noun,Where is the art museum?,vocab_b1_0113
박물관,bangmulgwan,Museum,B1,Nomen,박물관은 월요일에 쉬어요.,Das Museum hat montags geschlossen.,Medien & Kultur,b1_media_culture_1,11,true,museum,Noun,The museum is closed on Mondays.,vocab_b1_0114
기념품,ginyeompum,Souvenir,B1,Nomen,기념품은 어디에서 팔아요?,Wo werden Souvenirs verkauft?,Medien & Kultur,b1_media_culture_1,12,true,souvenir,Noun,Where do they sell souvenirs?,vocab_b1_0115
광장,gwangjang,Platz,B1,Nomen,광장에 사람이 많아요.,Auf dem Platz sind viele Menschen.,Stadt & Orte,b1_city_places_1,1,false,plaza,Noun,There are many people in the plaza.,vocab_b1_0116
시청,sicheong,Rathaus,B1,Nomen,시청 앞에서 만나요.,Treffen wir uns vor dem Rathaus.,Stadt & Orte,b1_city_places_1,2,false,city hall,Noun,Let us meet in front of city hall.,vocab_b1_0117
시설,siseol,Einrichtung,B1,Nomen,이 호텔은 시설이 좋아요.,Dieses Hotel hat eine gute Ausstattung.,Stadt & Orte,b1_city_places_1,3,false,facility,Noun,This hotel has good facilities.,vocab_b1_0118
상가,sangga,Einkaufszeile,B1,Nomen,집 근처에 상가가 있어요.,In der Nähe meiner Wohnung gibt es eine Einkaufszeile.,Stadt & Orte,b1_city_places_1,4,false,shopping street,Noun,There is a shopping street near my home.,vocab_b1_0119
동물원,dongmurwon,Zoo,B1,Nomen,아이들과 동물원에 갔어요.,Ich war mit den Kindern im Zoo.,Stadt & Orte,b1_city_places_1,5,false,zoo,Noun,I went to the zoo with the kids.,vocab_b1_0120
놀이공원,norigongwon,Freizeitpark,B1,Nomen,주말에 놀이공원에 가요.,Am Wochenende gehen wir in den Freizeitpark.,Stadt & Orte,b1_city_places_1,6,false,amusement park,Noun,We go to the amusement park on weekends.,vocab_b1_0121
공연장,gongyeonjang,Konzerthalle,B1,Nomen,공연장 입구가 복잡해요.,Der Eingang der Konzerthalle ist voll.,Stadt & Orte,b1_city_places_1,7,false,concert hall,Noun,The concert hall entrance is crowded.,vocab_b1_0122
하숙집,hasukjip,Studentenpension,B1,Nomen,대학교 근처 하숙집에 살아요.,Ich wohne in einer Studentenpension nahe der Uni.,Stadt & Orte,b1_city_places_1,8,false,boarding house,Noun,I live in a boarding house near the university.,vocab_b1_0123
면세점,myeonsejeom,Duty-free-Laden,B1,Nomen,공항 면세점에서 화장품을 샀어요.,Im Duty-free-Laden am Flughafen habe ich Kosmetik gekauft.,Stadt & Orte,b1_city_places_1,9,false,duty-free shop,Noun,I bought cosmetics at the airport duty-free shop.,vocab_b1_0124
책방,chaekbang,Buchladen,B1,Nomen,동네 책방에서 책을 샀어요.,Ich habe im Buchladen im Viertel ein Buch gekauft.,Stadt & Orte,b1_city_places_1,10,true,bookstore,Noun,I bought a book at the local bookstore.,vocab_b1_0125
우체국,ucheguk,Post,B1,Nomen,우체국에서 소포를 보냈어요.,Ich habe bei der Post ein Paket verschickt.,Stadt & Orte,b1_city_places_1,11,true,post office,Noun,I sent a package at the post office.,vocab_b1_0126
경찰서,gyeongchalseo,Polizeiwache,B1,Nomen,지갑을 잃어버려서 경찰서에 갔어요.,Ich habe meinen Geldbeutel verloren und bin zur Polizeiwache gegangen.,Stadt & Orte,b1_city_places_1,12,true,police station,Noun,I lost my wallet and went to the police station.,vocab_b1_0127
지폐,jipye,Geldschein,B1,Nomen,지폐를 동전으로 바꿨어요.,Ich habe den Geldschein in Münzen gewechselt.,Geld & Gebühren,b1_money_bank_1,1,false,banknote,Noun,I changed the banknote into coins.,vocab_b1_0128
동전,dongjeon,Münze,B1,Nomen,동전이 하나도 없어요.,Ich habe keine einzige Münze.,Geld & Gebühren,b1_money_bank_1,2,false,coin,Noun,I do not have a single coin.,vocab_b1_0129
환율,hwanyul,Wechselkurs,B1,Nomen,오늘 환율이 어떻게 돼요?,Wie steht heute der Wechselkurs?,Geld & Gebühren,b1_money_bank_1,3,false,exchange rate,Noun,What is the exchange rate today?,vocab_b1_0130
공과금,gonggwageum,Nebenkosten,B1,Nomen,매달 공과금을 내요.,Ich zahle jeden Monat die Nebenkosten.,Geld & Gebühren,b1_money_bank_1,4,false,utility bill,Noun,I pay utility bills every month.,vocab_b1_0131
벌금,beolgeum,Bußgeld,B1,Nomen,주차 벌금을 냈어요.,Ich habe ein Bußgeld fürs Parken bezahlt.,Geld & Gebühren,b1_money_bank_1,5,false,fine,Noun,I paid a parking fine.,vocab_b1_0132
예금,yegeum,Sparguthaben,B1,Nomen,은행에 예금이 조금 있어요.,Ich habe etwas Sparguthaben auf der Bank.,Geld & Gebühren,b1_money_bank_1,6,false,deposit,Noun,I have some savings in the bank.,vocab_b1_0133
생활비,saenghwalbi,Lebenshaltungskosten,B1,Nomen,서울은 생활비가 비싸요.,In Seoul sind die Lebenshaltungskosten hoch.,Geld & Gebühren,b1_money_bank_1,7,false,living expenses,Noun,Living expenses in Seoul are high.,vocab_b1_0134
식비,sikbi,Essenskosten,B1,Nomen,이번 달 식비가 많이 나왔어요.,Diesen Monat waren die Essenskosten hoch.,Geld & Gebühren,b1_money_bank_1,8,false,food expenses,Noun,Food expenses were high this month.,vocab_b1_0135
입장료,ipjangnyo,Eintrittsgebühr,B1,Nomen,입장료가 얼마예요?,Wie hoch ist die Eintrittsgebühr?,Geld & Gebühren,b1_money_bank_1,9,false,admission fee,Noun,How much is the admission fee?,vocab_b1_0136
지불,jibul,Bezahlung,B1,Nomen,카드로 지불이 가능해요?,Ist Bezahlung mit Karte möglich?,Geld & Gebühren,b1_money_bank_1,10,true,payment,Noun,Is payment by card possible?,vocab_b1_0137
거스름돈,geoseureumdon,Wechselgeld,B1,Nomen,거스름돈을 받았어요.,Ich habe das Wechselgeld bekommen.,Geld & Gebühren,b1_money_bank_1,11,true,change,Noun,I received the change.,vocab_b1_0138
신용카드,sinyongkadeu,Kreditkarte,B1,Nomen,신용카드로 계산할게요.,Ich zahle mit Kreditkarte.,Geld & Gebühren,b1_money_bank_1,12,true,credit card,Noun,I will pay by credit card.,vocab_b1_0139
열차,yeolcha,Zug,B1,Nomen,열차가 곧 출발해요.,Der Zug fährt gleich ab.,Reise & Verkehr,b1_travel_transport_1,1,false,train,Noun,The train departs soon.,vocab_b1_0140
대중교통,daejunggyotong,öffentliche Verkehrsmittel,B1,Nomen,저는 대중교통을 자주 이용해요.,Ich benutze oft öffentliche Verkehrsmittel.,Reise & Verkehr,b1_travel_transport_1,2,false,public transportation,Noun,I often use public transportation.,vocab_b1_0141
교통카드,gyotongkadeu,Verkehrskarte,B1,Nomen,교통카드 어디에서 충전해요?,Wo kann ich die Verkehrskarte aufladen?,Reise & Verkehr,b1_travel_transport_1,3,false,transit card,Noun,Where can I top up the transit card?,vocab_b1_0142
갈아타다,garatada,umsteigen,B1,Verb,다음 역에서 갈아타세요.,Steigen Sie an der nächsten Station um.,Reise & Verkehr,b1_travel_transport_1,4,false,to transfer,Verb,Transfer at the next station.,vocab_b1_0143
좌회전,jwahoejeon,Linksabbiegen,B1,Nomen,여기에서 좌회전 해 주세요.,Biegen Sie hier bitte links ab.,Reise & Verkehr,b1_travel_transport_1,5,false,left turn,Noun,Please turn left here.,vocab_b1_0144
우회전,uhoejeon,Rechtsabbiegen,B1,Nomen,다음 골목에서 우회전 하세요.,Biegen Sie an der nächsten Gasse rechts ab.,Reise & Verkehr,b1_travel_transport_1,6,false,right turn,Noun,Turn right at the next alley.,vocab_b1_0145
직진,jikjin,Geradeausfahren,B1,Nomen,이 길로 직진 해 주세요.,Fahren Sie auf dieser Straße bitte geradeaus.,Reise & Verkehr,b1_travel_transport_1,7,false,going straight,Noun,Please go straight on this road.,vocab_b1_0146
정차하다,jeongchahada,anhalten,B1,Verb,버스가 정류장에 정차해요.,Der Bus hält an der Haltestelle.,Reise & Verkehr,b1_travel_transport_1,8,false,to stop,Verb,The bus stops at the station.,vocab_b1_0147
관광,gwangwang,Tourismus,B1,Nomen,부산은 관광으로 유명해요.,Busan ist für Tourismus bekannt.,Reise & Verkehr,b1_travel_transport_1,9,false,tourism,Noun,Busan is famous for tourism.,vocab_b1_0148
비상구,bisanggu,Notausgang,B1,Nomen,비상구는 어디에 있어요?,Wo ist der Notausgang?,Reise & Verkehr,b1_travel_transport_1,10,true,emergency exit,Noun,Where is the emergency exit?,vocab_b1_0149
입장권,ipjanggwon,Eintrittskarte,B1,Nomen,입장권 두 장 주세요.,Zwei Eintrittskarten bitte.,Reise & Verkehr,b1_travel_transport_1,11,true,admission ticket,Noun,Two admission tickets please.,vocab_b1_0150
안내문,annaemun,Hinweisblatt,B1,Nomen,입구에 안내문이 붙어 있어요.,Am Eingang hängt ein Hinweisblatt.,Reise & Verkehr,b1_travel_transport_1,12,true,notice,Noun,A notice is posted at the entrance.,vocab_b1_0151
환자,hwanja,Patientin oder Patient,B1,Nomen,병원에 환자가 많아요.,Im Krankenhaus sind viele Patientinnen und Patienten.,Krankenhaus & Apotheke,b1_health_hospital_1,1,false,patient,Noun,There are many patients in the hospital.,vocab_b1_0152
주사,jusa,Spritze,B1,Nomen,주사를 맞았어요.,Ich habe eine Spritze bekommen.,Krankenhaus & Apotheke,b1_health_hospital_1,2,false,injection,Noun,I got an injection.,vocab_b1_0153
처방전,cheobangjeon,Rezept,B1,Nomen,의사가 처방전을 써 줬어요.,Die Ärztin oder der Arzt hat mir ein Rezept ausgestellt.,Krankenhaus & Apotheke,b1_health_hospital_1,3,false,prescription,Noun,The doctor wrote me a prescription.,vocab_b1_0154
치료하다,chiryohada,behandeln,B1,Verb,이를 치료해야 해요.,Der Zahn muss behandelt werden.,Krankenhaus & Apotheke,b1_health_hospital_1,4,false,to treat,Verb,The tooth needs to be treated.,vocab_b1_0155
입원하다,ibwonhada,ins Krankenhaus aufgenommen werden,B1,Verb,할머니가 지난주에 입원하셨어요.,Meine Großmutter kam letzte Woche ins Krankenhaus.,Krankenhaus & Apotheke,b1_health_hospital_1,5,false,to be hospitalized,Verb,My grandmother was hospitalized last week.,vocab_b1_0156
퇴원하다,toewonhada,entlassen werden,B1,Verb,내일 퇴원할 수 있어요.,Morgen kann ich entlassen werden.,Krankenhaus & Apotheke,b1_health_hospital_1,6,false,to be discharged,Verb,I can be discharged tomorrow.,vocab_b1_0157
감기약,gamgiyak,Erkältungsmedizin,B1,Nomen,약국에서 감기약을 샀어요.,Ich habe in der Apotheke Erkältungsmedizin gekauft.,Krankenhaus & Apotheke,b1_health_hospital_1,7,false,cold medicine,Noun,I bought cold medicine at the pharmacy.,vocab_b1_0158
두통약,dutongyak,Kopfschmerztablette,B1,Nomen,두통약 있어요?,Haben Sie Kopfschmerztabletten?,Krankenhaus & Apotheke,b1_health_hospital_1,8,false,headache medicine,Noun,Do you have headache medicine?,vocab_b1_0159
진통제,jintongje,Schmerzmittel,B1,Nomen,진통제를 하루에 두 번 드세요.,Nehmen Sie das Schmerzmittel zweimal täglich.,Krankenhaus & Apotheke,b1_health_hospital_1,9,false,painkiller,Noun,Take the painkiller twice a day.,vocab_b1_0160
소화제,sohwaje,Verdauungsmittel,B1,Nomen,속이 안 좋아서 소화제를 먹었어요.,Mir war schlecht und ich habe ein Verdauungsmittel genommen.,Krankenhaus & Apotheke,b1_health_hospital_1,10,true,digestive medicine,Noun,I felt unwell and took digestive medicine.,vocab_b1_0161
안약,anyak,Augentropfen,B1,Nomen,눈이 건조해서 안약을 넣어요.,Meine Augen sind trocken und ich benutze Augentropfen.,Krankenhaus & Apotheke,b1_health_hospital_1,11,true,eye drops,Noun,My eyes are dry so I use eye drops.,vocab_b1_0162
다치다,dachida,sich verletzen,B1,Verb,운동하다가 다리를 다쳤어요.,Beim Sport habe ich mir das Bein verletzt.,Krankenhaus & Apotheke,b1_health_hospital_1,12,true,to get hurt,Verb,I hurt my leg while exercising.,vocab_b1_0163
출장,chuljang,Dienstreise,B1,Nomen,다음 주에 부산으로 출장을 가요.,Nächste Woche mache ich eine Dienstreise nach Busan.,Karriere & Büro,b1_work_career_1,1,false,business trip,Noun,I go on a business trip to Busan next week.,vocab_b1_0164
승진,seungjin,Beförderung,B1,Nomen,승진을 축하해요!,Herzlichen Glückwunsch zur Beförderung!,Karriere & Büro,b1_work_career_1,2,false,promotion,Noun,Congratulations on your promotion!,vocab_b1_0165
취직하다,chwijikhada,eine Stelle finden,B1,Verb,형이 은행에 취직했어요.,Mein Bruder hat eine Stelle bei einer Bank gefunden.,Karriere & Büro,b1_work_career_1,3,false,to get a job,Verb,My brother got a job at a bank.,vocab_b1_0166
신입사원,sinipsawon,neue Mitarbeiterin oder neuer Mitarbeiter,B1,Nomen,신입사원 교육이 있어요.,Für neue Mitarbeitende gibt es eine Schulung.,Karriere & Büro,b1_work_career_1,4,false,new employee,Noun,There is training for new employees.,vocab_b1_0167
업무,eommu,Arbeitsaufgaben,B1,Nomen,오늘 업무가 많아요.,Heute habe ich viele Arbeitsaufgaben.,Karriere & Büro,b1_work_career_1,5,false,duties,Noun,I have a lot of work today.,vocab_b1_0168
근무하다,geunmuhada,tätig sein,B1,Verb,저는 주말에도 근무해요.,Ich bin auch am Wochenende im Dienst.,Karriere & Büro,b1_work_career_1,6,false,to be on duty,Verb,I also work on weekends.,vocab_b1_0169
서류,seoryu,Unterlagen,B1,Nomen,서류를 준비해 주세요.,Bereiten Sie bitte die Unterlagen vor.,Karriere & Büro,b1_work_career_1,7,false,documents,Noun,Please prepare the documents.,vocab_b1_0170
보고서,bogoseo,Bericht,B1,Nomen,내일까지 보고서를 써야 해요.,Bis morgen muss ich den Bericht schreiben.,Karriere & Büro,b1_work_career_1,8,false,report,Noun,I have to write the report by tomorrow.,vocab_b1_0171
서명하다,seomyeonghada,unterschreiben,B1,Verb,여기에 서명해 주세요.,Unterschreiben Sie bitte hier.,Karriere & Büro,b1_work_career_1,9,false,to sign,Verb,Please sign here.,vocab_b1_0172
합격하다,hapgyeokhada,bestehen,B1,Verb,시험에 합격했어요!,Ich habe die Prüfung bestanden!,Karriere & Büro,b1_work_career_1,10,true,to pass,Verb,I passed the exam!,vocab_b1_0173
모집하다,mojiphada,rekrutieren,B1,Verb,회사가 새 직원을 모집해요.,Das Unternehmen sucht neue Mitarbeitende.,Karriere & Büro,b1_work_career_1,11,true,to recruit,Verb,The company is hiring new employees.,vocab_b1_0174
지각하다,jigakhada,zu spät kommen,B1,Verb,오늘 회사에 지각했어요.,Heute bin ich zu spät zur Arbeit gekommen.,Karriere & Büro,b1_work_career_1,12,true,to be late,Verb,I was late for work today.,vocab_b1_0175
모임,moim,Treffen,B1,Nomen,오늘 저녁에 모임이 있어요.,Heute Abend habe ich ein Treffen.,Feste & Einladungen,b1_social_events_1,1,false,gathering,Noun,I have a gathering this evening.,vocab_b1_0176
초대하다,chodaehada,einladen,B1,Verb,친구를 집에 초대했어요.,Ich habe jemanden aus meinem Freundeskreis nach Hause eingeladen.,Feste & Einladungen,b1_social_events_1,2,false,to invite,Verb,I invited a friend to my home.,vocab_b1_0177
집들이,jipdeuri,Einweihungsfeier,B1,Nomen,토요일에 집들이를 해요.,Am Samstag machen wir eine Einweihungsfeier.,Feste & Einladungen,b1_social_events_1,3,false,housewarming party,Noun,We are having a housewarming party on Saturday.,vocab_b1_0178
돌잔치,doljanchi,Fest zum ersten Geburtstag,B1,Nomen,조카 돌잔치에 갔어요.,Ich war auf dem ersten Geburtstagsfest meiner Nichte.,Feste & Einladungen,b1_social_events_1,4,false,first birthday party,Noun,I went to my niece's first birthday party.,vocab_b1_0179
송별회,songbyeolhoe,Abschiedsfeier,B1,Nomen,부장님 송별회가 금요일이에요.,Die Abschiedsfeier für die Abteilungsleitung ist am Freitag.,Feste & Einladungen,b1_social_events_1,5,false,farewell party,Noun,The department head’s farewell party is on Friday.,vocab_b1_0180
결혼식,gyeolhonsik,Hochzeit,B1,Nomen,주말에 결혼식에 가요.,Am Wochenende gehe ich zu einer Hochzeit.,Feste & Einladungen,b1_social_events_1,6,false,wedding,Noun,I am going to a wedding this weekend.,vocab_b1_0181
결혼기념일,gyeolhonginyeomil,Hochzeitstag,B1,Nomen,오늘은 부모님 결혼기념일이에요.,Heute ist der Hochzeitstag meiner Eltern.,Feste & Einladungen,b1_social_events_1,7,false,wedding anniversary,Noun,Today is my parents' wedding anniversary.,vocab_b1_0182
신혼여행,sinhonyeohaeng,Flitterwochen,B1,Nomen,신혼여행은 제주도로 가요.,Die Flitterwochen verbringen wir auf Jeju.,Feste & Einladungen,b1_social_events_1,8,false,honeymoon,Noun,We are going to Jeju for our honeymoon.,vocab_b1_0183
선물하다,seonmulhada,schenken,B1,Verb,부모님께 꽃을 선물했어요.,Ich habe meinen Eltern Blumen geschenkt.,Feste & Einladungen,b1_social_events_1,9,false,to give a present,Verb,I gave my parents flowers.,vocab_b1_0184
참석하다,chamseokhada,teilnehmen,B1,Verb,회의에 꼭 참석해 주세요.,Nehmen Sie bitte unbedingt an der Sitzung teil.,Feste & Einladungen,b1_social_events_1,10,true,to attend,Verb,Please be sure to attend the meeting.,vocab_b1_0185
회비,hoebi,Mitgliedsbeitrag,B1,Nomen,모임 회비는 만 원이에요.,Der Beitrag für das Treffen beträgt 10.000 Won.,Feste & Einladungen,b1_social_events_1,11,true,membership fee,Noun,The meeting fee is 10000 won.,vocab_b1_0186
외식,oesik,Essengehen,B1,Nomen,오늘은 가족과 외식을 해요.,Heute gehen wir mit der Familie essen.,Feste & Einladungen,b1_social_events_1,12,true,eating out,Noun,We are eating out with the family today.,vocab_b1_0187
표현,pyohyeon,Ausdruck,A1,Nomen,이 표현은 자주 써요.,Diesen Ausdruck benutzt man oft.,다시 묻기,a1_repair_language_1,6,false,expression,Noun,This expression is used often.,vocab_b1_0188
어휘,eohwi,Wortschatz,B1,Nomen,어휘를 늘리고 싶어요.,Ich möchte meinen Wortschatz erweitern.,Sprache & Ausdruck,b1_communication_lang_1,2,false,vocabulary,Noun,I want to expand my vocabulary.,vocab_b1_0189
문장,munjang,Satz,A1,Nomen,이 문장은 조금 어려워요.,Dieser Satz ist etwas schwierig.,다시 묻기,a1_repair_language_1,5,false,sentence,Noun,This sentence is a bit difficult.,vocab_b1_0190
뜻,tteut,Bedeutung,B1,Nomen,이 단어는 뜻이 두 개예요.,Dieses Wort hat zwei Bedeutungen.,Sprache & Ausdruck,b1_communication_lang_1,4,false,meaning,Noun,This word has two meanings.,vocab_b1_0191
대화,daehwa,Gespräch,A2,Nomen,한국어로 대화를 연습해요.,Wir üben Gespräche auf Koreanisch.,Sprache & Ausdruck,a2_health_misc_2,10,false,conversation,Noun,We practice conversations in Korean.,vocab_b1_0192
번역하다,beonyeokhada,übersetzen,B1,Verb,이 문장을 독일어로 번역해 주세요.,Übersetzen Sie diesen Satz bitte ins Deutsche.,Sprache & Ausdruck,b1_communication_lang_1,6,false,to translate,Verb,Please translate this sentence into German.,vocab_b1_0193
통역,tongyeok,Dolmetschen,B1,Nomen,친구가 통역을 해 줬어요.,Jemand aus meinem Freundeskreis hat für mich gedolmetscht.,Sprache & Ausdruck,b1_communication_lang_1,7,false,interpretation,Noun,A friend interpreted for me.,vocab_b1_0194
질문,jilmun,Frage,A2,Nomen,질문이 하나 있어요.,Ich habe eine Frage.,Sprache & Ausdruck,a2_health_misc_2,11,false,question,Noun,I have a question.,vocab_b1_0195
대답하다,daedaphada,antworten,A1,Verb,이 질문에 대답하세요.,Bitte antworten Sie auf diese Frage.,다시 묻기,a1_repair_language_1,7,false,to answer,Verb,Please answer this question.,vocab_b1_0196
소개하다,sogaehada,vorstellen,B1,Verb,친구를 소개해 줄게요.,Ich stelle dir jemanden aus meinem Freundeskreis vor.,Sprache & Ausdruck,b1_communication_lang_1,10,true,to introduce,Verb,I will introduce a friend to you.,vocab_b1_0197
존댓말,jondaenmal,Höflichkeitssprache,B1,Nomen,어른에게는 존댓말을 써요.,Gegenüber Älteren benutzt man die Höflichkeitssprache.,Sprache & Ausdruck,b1_communication_lang_1,11,true,honorific speech,Noun,You use honorific speech with elders.,vocab_b1_0198
반말,banmal,informelle Sprache,B1,Nomen,친한 친구와는 반말을 해요.,Mit engen Freunden spricht man informell.,Sprache & Ausdruck,b1_communication_lang_1,12,true,casual speech,Noun,You speak casually with close friends.,vocab_b1_0199
성격,seonggyeok,Charakter,B1,Nomen,제 여동생은 성격이 밝아요.,Meine kleine Schwester hat einen fröhlichen Charakter.,Charakter & Gefühle,b1_character_feelings_1,1,false,personality,Noun,My younger sister has a cheerful personality.,vocab_b1_0200
관심,gwansim,Interesse,B1,Nomen,역사에 관심이 많아요.,Ich habe großes Interesse an Geschichte.,Charakter & Gefühle,b1_character_feelings_1,2,false,interest,Noun,I am very interested in history.,vocab_b1_0201
기쁨,gippeum,Freude,B1,Nomen,합격 소식은 큰 기쁨이었어요.,Die Nachricht vom Bestehen war eine große Freude.,Charakter & Gefühle,b1_character_feelings_1,3,false,joy,Noun,The news of passing was a great joy.,vocab_b1_0202
슬픔,seulpeum,Trauer,B1,Nomen,슬픔은 시간이 지나면 나아져요.,Trauer wird mit der Zeit leichter.,Charakter & Gefühle,b1_character_feelings_1,4,false,sadness,Noun,Sadness gets better with time.,vocab_b1_0203
외로움,oeroum,Einsamkeit,B1,Nomen,혼자 살면 가끔 외로움을 느껴요.,Beim Alleinleben fühlt man manchmal Einsamkeit.,Charakter & Gefühle,b1_character_feelings_1,5,false,loneliness,Noun,Living alone you sometimes feel loneliness.,vocab_b1_0204
고민,gomin,Sorge,B1,Nomen,요즘 고민이 하나 있어요.,Zurzeit habe ich eine Sorge.,Charakter & Gefühle,b1_character_feelings_1,6,false,worry,Noun,I have one worry these days.,vocab_b1_0205
부럽다,bureopda,beneiden,B1,Adjektiv,여행 사진을 보니까 정말 부러워요.,Beim Anblick deiner Reisefotos beneide ich dich wirklich.,Charakter & Gefühle,b1_character_feelings_1,7,false,to envy,Adjective,Seeing your travel photos I really envy you.,vocab_b1_0206
궁금하다,gunggeumhada,neugierig sein,B1,Adjektiv,결과가 정말 궁금해요.,Ich bin sehr gespannt auf das Ergebnis.,Charakter & Gefühle,b1_character_feelings_1,8,false,to be curious,Adjective,I am very curious about the result.,vocab_b1_0207
섭섭하다,seopseophada,enttäuscht sein,B1,Adjektiv,연락이 없어서 조금 섭섭했어요.,Ohne deine Nachricht war ich etwas enttäuscht.,Charakter & Gefühle,b1_character_feelings_1,9,false,to feel hurt,Adjective,I felt a bit hurt because you did not call.,vocab_b1_0208
심각하다,simgakhada,ernst,B1,Adjektiv,문제가 생각보다 심각해요.,Das Problem ist ernster als gedacht.,Charakter & Gefühle,b1_character_feelings_1,10,true,serious,Adjective,The problem is more serious than expected.,vocab_b1_0209
이상하다,isanghada,seltsam,B1,Adjektiv,이 소리 좀 이상해요.,Dieses Geräusch ist etwas seltsam.,Charakter & Gefühle,b1_character_feelings_1,11,true,strange,Adjective,This sound is a bit strange.,vocab_b1_0210
훌륭하다,hullyunghada,ausgezeichnet,B1,Adjektiv,발표가 정말 훌륭했어요.,Die Präsentation war wirklich ausgezeichnet.,Charakter & Gefühle,b1_character_feelings_1,12,true,excellent,Adjective,The presentation was truly excellent.,vocab_b1_0211
맡기다,matgida,abgeben,B1,Verb,가방을 호텔에 맡겼어요.,Ich habe die Tasche im Hotel abgegeben.,Nützliche Verben,b1_verbs_daily_1,1,false,to entrust,Verb,I left my bag at the hotel.,vocab_b1_0212
치우다,chiuda,aufräumen,B1,Verb,방을 좀 치워 주세요.,Räum bitte das Zimmer auf.,Nützliche Verben,b1_verbs_daily_1,2,false,to clean up,Verb,Please clean up the room.,vocab_b1_0213
사귀다,sagwida,sich anfreunden,A1,Verb,한국 친구를 많이 사귀었어요.,Ich habe viele koreanische Freunde gefunden.,첫 수업,a1_first_class_1,11,true,to make friends,Verb,I made many Korean friends.,vocab_b1_0214
줍다,jupda,aufheben,B1,Verb,길에서 지갑을 주웠어요.,Ich habe auf der Straße einen Geldbeutel aufgehoben.,Nützliche Verben,b1_verbs_daily_1,4,false,to pick up,Verb,I picked up a wallet on the street.,vocab_b1_0215
키우다,kiuda,aufziehen,B1,Verb,저는 고양이 한 마리를 키워요.,Ich halte eine Katze.,Nützliche Verben,b1_verbs_daily_1,5,false,to raise,Verb,I am raising a cat.,vocab_b1_0216
모으다,moeuda,sammeln,B1,Verb,취미로 우표를 모아요.,Als Hobby sammle ich Briefmarken.,Nützliche Verben,b1_verbs_daily_1,6,false,to collect,Verb,I collect stamps as a hobby.,vocab_b1_0217
벌다,beolda,verdienen,B1,Verb,아르바이트로 돈을 벌어요.,Mit einem Nebenjob verdiene ich Geld.,Nützliche Verben,b1_verbs_daily_1,7,false,to earn,Verb,I earn money with a part-time job.,vocab_b1_0218
깎다,kkakda,schälen,B1,Verb,사과를 깎아서 먹었어요.,Ich habe den Apfel geschält und gegessen.,Nützliche Verben,b1_verbs_daily_1,8,false,to peel,Verb,I peeled the apple and ate it.,vocab_b1_0219
헤어지다,heeojida,sich trennen,B1,Verb,남자친구와 헤어졌어요.,Ich habe mich von meinem Freund getrennt.,Nützliche Verben,b1_verbs_daily_1,9,false,to break up,Verb,I broke up with my boyfriend.,vocab_b1_0220
잊어버리다,ijeobeorida,vergessen,B1,Verb,약속을 깜빡 잊어버렸어요.,Ich habe den Termin völlig vergessen.,Nützliche Verben,b1_verbs_daily_1,10,true,to forget,Verb,I completely forgot the appointment.,vocab_b1_0221
고치다,gochida,reparieren,B1,Verb,컴퓨터를 고쳐야 해요.,Der Computer muss repariert werden.,Nützliche Verben,b1_verbs_daily_1,11,true,to fix,Verb,The computer needs to be fixed.,vocab_b1_0222
던지다,deonjida,werfen,B1,Verb,공을 던져 주세요.,Wirf mir bitte den Ball zu.,Nützliche Verben,b1_verbs_daily_1,12,true,to throw,Verb,Please throw me the ball.,vocab_b1_0223
뚱뚱하다,ttungttunghada,dick,B1,Adjektiv,우리 고양이는 조금 뚱뚱해요.,Unsere Katze ist etwas dick.,Eigenschaften,b1_descriptions_adj_1,1,false,fat,Adjective,Our cat is a little fat.,vocab_b1_0224
날씬하다,nalssinhada,schlank,B1,Adjektiv,운동해서 날씬해졌어요.,Durch Sport bin ich schlank geworden.,Eigenschaften,b1_descriptions_adj_1,2,false,slim,Adjective,I became slim through exercise.,vocab_b1_0225
미끄럽다,mikkeureopda,rutschig,B1,Adjektiv,겨울에는 길이 미끄러워요.,Im Winter sind die Straßen rutschig.,Eigenschaften,b1_descriptions_adj_1,3,false,slippery,Adjective,The roads are slippery in winter.,vocab_b1_0226
편리하다,pyeollihada,praktisch,B1,Adjektiv,지하철이 정말 편리해요.,Die U-Bahn ist wirklich praktisch.,Eigenschaften,b1_descriptions_adj_1,4,false,convenient,Adjective,The subway is really convenient.,vocab_b1_0227
불편하다,bulpyeonhada,unbequem,B1,Adjektiv,이 의자는 불편해요.,Dieser Stuhl ist unbequem.,Eigenschaften,b1_descriptions_adj_1,5,false,uncomfortable,Adjective,This chair is uncomfortable.,vocab_b1_0228
심하다,simhada,schlimm,B1,Adjektiv,감기가 심해요.,Die Erkältung ist schlimm.,Eigenschaften,b1_descriptions_adj_1,6,false,severe,Adjective,The cold is severe.,vocab_b1_0229
똑같다,ttokgatda,genau gleich,B1,Adjektiv,우리는 취미가 똑같아요.,Wir haben genau das gleiche Hobby.,Eigenschaften,b1_descriptions_adj_1,7,false,identical,Adjective,We have exactly the same hobby.,vocab_b1_0230
비슷하다,biseuthada,ähnlich,B1,Adjektiv,두 단어는 뜻이 비슷해요.,Die beiden Wörter haben eine ähnliche Bedeutung.,Eigenschaften,b1_descriptions_adj_1,8,false,similar,Adjective,The two words have similar meanings.,vocab_b1_0231
세다,seda,stark,B1,Adjektiv,바람이 아주 세요.,Der Wind ist sehr stark.,Eigenschaften,b1_descriptions_adj_1,9,false,strong,Adjective,The wind is very strong.,vocab_b1_0232
굵다,gukda,dick (grob),B1,Adjektiv,굵은 펜으로 써 주세요.,Schreiben Sie bitte mit einem dicken Stift.,Eigenschaften,b1_descriptions_adj_1,10,true,thick,Adjective,Please write with a thick pen.,vocab_b1_0233
밝다,bakda,hell,B1,Adjektiv,이 방은 아주 밝아요.,Dieses Zimmer ist sehr hell.,Eigenschaften,b1_descriptions_adj_1,11,true,bright,Adjective,This room is very bright.,vocab_b1_0234
어둡다,eodupda,dunkel,B1,Adjektiv,밖이 벌써 어두워요.,Draußen ist es schon dunkel.,Eigenschaften,b1_descriptions_adj_1,12,true,dark,Adjective,It is already dark outside.,vocab_b1_0235
기간,gigan,Zeitraum,B1,Nomen,시험 기간에는 바빠요.,In der Prüfungszeit bin ich beschäftigt.,Zeit & Lebenslauf,b1_time_life_1,1,false,period,Noun,I am busy during exam period.,vocab_b1_0236
순간,sungan,Moment,B1,Nomen,그 순간을 잊을 수 없어요.,Diesen Moment kann ich nicht vergessen.,Zeit & Lebenslauf,b1_time_life_1,2,false,moment,Noun,I cannot forget that moment.,vocab_b1_0237
평일,pyeongil,Wochentag,B1,Nomen,평일에는 회사에 가요.,An Wochentagen gehe ich zur Arbeit.,Zeit & Lebenslauf,b1_time_life_1,3,false,weekday,Noun,I go to work on weekdays.,vocab_b1_0238
연휴,yeonhyu,lange Feiertage,B1,Nomen,이번 연휴에 뭐 해요?,Was machst du an den langen Feiertagen?,Zeit & Lebenslauf,b1_time_life_1,4,false,long holiday,Noun,What are you doing over the long holiday?,vocab_b1_0239
세월,sewol,die Jahre,B1,Nomen,세월이 참 빨라요.,Die Zeit vergeht wirklich schnell.,Zeit & Lebenslauf,b1_time_life_1,5,false,passing years,Noun,Time really flies.,vocab_b1_0240
태어나다,taeeonada,geboren werden,B1,Verb,저는 서울에서 태어났어요.,Ich bin in Seoul geboren.,Zeit & Lebenslauf,b1_time_life_1,6,false,to be born,Verb,I was born in Seoul.,vocab_b1_0241
졸업하다,joreophada,den Abschluss machen,A1,Verb,내년에 대학교를 졸업해요.,Nächstes Jahr mache ich meinen Uni-Abschluss.,첫 수업,a1_first_class_1,12,true,to graduate,Verb,I graduate from university next year.,vocab_b1_0242
입학하다,iphakhada,eingeschult werden,B1,Verb,조카가 올해 초등학교에 입학했어요.,Meine Nichte wurde dieses Jahr eingeschult.,Zeit & Lebenslauf,b1_time_life_1,8,false,to enter a school,Verb,My niece started elementary school this year.,vocab_b1_0243
어른,eoreun,Erwachsener,B1,Nomen,어른에게 존댓말을 써야 해요.,Gegenüber Erwachsenen muss man höflich sprechen.,Zeit & Lebenslauf,b1_time_life_1,9,false,adult,Noun,You must speak politely to adults.,vocab_b1_0244
노인,noin,älterer Mensch,B1,Nomen,지하철에서 노인에게 자리를 양보했어요.,In der U-Bahn habe ich einem älteren Menschen den Platz überlassen.,Zeit & Lebenslauf,b1_time_life_1,10,true,elderly person,Noun,I gave my seat to an elderly person on the subway.,vocab_b1_0245
미래,mirae,Zukunft,B1,Nomen,미래를 위해 저축해요.,Für die Zukunft spare ich.,Zeit & Lebenslauf,b1_time_life_1,11,true,future,Noun,I save for the future.,vocab_b1_0246
옛날,yennal,früher,B1,Nomen,옛날에는 여기가 시장이었어요.,Früher war hier ein Markt.,Zeit & Lebenslauf,b1_time_life_1,12,true,old days,Noun,This used to be a market in the old days.,vocab_b1_0247
현대,hyeondae,Gegenwart,B2,Nomen,현대 사회는 변화가 빨라요.,Die moderne Gesellschaft verändert sich schnell.,Modernes Leben,b2_modern_life_1,1,false,modern times,Noun,Modern society changes fast.,vocab_b2_0085
현대인,hyeondaein,moderner Mensch,B2,Nomen,이 에세이는 현대인이 겪는 시간 부족을 노동과 이동의 관점에서 살펴본다.,Der Essay betrachtet den Zeitmangel im heutigen Alltag aus der Perspektive von Arbeit und Mobilität.,Modernes Leben,b2_modern_life_1,2,false,modern person,Noun,The essay examines the lack of time people experience today through the lens of work and travel.,vocab_b2_0086
최신식,choesinsik,hochmodern,B2,Nomen,이 건물은 최신식 시설을 갖췄어요.,Dieses Gebäude hat eine hochmoderne Ausstattung.,Modernes Leben,b2_modern_life_1,3,false,state-of-the-art,Noun,This building has state-of-the-art facilities.,vocab_b2_0087
기계,gigye,Maschine,B2,Nomen,이 기계는 사용법이 간단해요.,Diese Maschine ist einfach zu bedienen.,Modernes Leben,b2_modern_life_1,4,false,machine,Noun,This machine is easy to use.,vocab_b2_0088
스스로,seuseuro,selbst,B1,Adverb,문제를 스스로 해결했어요.,Ich habe das Problem selbst gelöst.,Modernes Leben,b1_descriptions_1,10,false,by oneself,Adverb,I solved the problem by myself.,vocab_b2_0089
독립하다,dongniphada,unabhängig werden,B2,Verb,서른 살에 부모님에게서 독립했어요.,Mit dreißig bin ich von zu Hause ausgezogen.,Modernes Leben,b2_modern_life_1,6,false,to become independent,Verb,I became independent from my parents at thirty.,vocab_b2_0090
공간,gonggan,Raum,B2,Nomen,이 방은 공간이 넓어요.,Dieses Zimmer bietet viel Raum.,Modernes Leben,b2_modern_life_1,7,false,space,Noun,This room has a lot of space.,vocab_b2_0091
활동,hwaldong,Aktivität,B2,Nomen,동아리 활동을 해요.,Ich mache bei Klubaktivitäten mit.,Modernes Leben,b2_modern_life_1,8,false,activity,Noun,I take part in club activities.,vocab_b2_0092
외출하다,oechulhada,ausgehen,B2,Verb,잠깐 외출했어요.,Ich war kurz außer Haus.,Modernes Leben,b2_modern_life_1,9,true,to go out,Verb,I went out for a while.,vocab_b2_0093
평소,pyeongso,gewöhnliche Zeit,B1,Nomen,평소에 일찍 일어나요.,Normalerweise stehe ich früh auf.,Modernes Leben,b1_daily_3,12,false,usual times,Noun,I usually get up early.,vocab_b2_0094
인기,ingi,Beliebtheit,B1,Nomen,이 가수는 인기가 많아요.,Diese Sängerin oder dieser Sänger ist sehr beliebt.,Modernes Leben,b1_descriptions_1,9,false,popularity,Noun,This singer is very popular.,vocab_b2_0095
달라지다,dallajida,sich verändern,B2,Verb,동네가 많이 달라졌어요.,Das Viertel hat sich stark verändert.,Modernes Leben,b2_modern_life_1,12,true,to change,Verb,The neighborhood has changed a lot.,vocab_b2_0096
예절,yejeol,Etikette,B2,Nomen,식사 예절을 배웠어요.,Ich habe Tischmanieren gelernt.,Umgangsformen,b2_manners_society_1,1,false,etiquette,Noun,I learned table manners.,vocab_b2_0097
예의,yeui,Höflichkeit,B2,Nomen,예의를 지키는 게 중요해요.,Höflichkeit zu wahren ist wichtig.,Umgangsformen,b2_manners_society_1,2,false,manners,Noun,Keeping good manners is important.,vocab_b2_0098
양보하다,yangbohada,überlassen,B2,Verb,버스에서 자리를 양보했어요.,Im Bus habe ich meinen Platz überlassen.,Umgangsformen,b2_manners_society_1,3,false,to yield,Verb,I gave up my seat on the bus.,vocab_b2_0099
방해하다,banghaehada,stören,B2,Verb,공부를 방해하지 마세요.,Stör mich bitte nicht beim Lernen.,Umgangsformen,b2_manners_society_1,4,false,to disturb,Verb,Please do not disturb my studying.,vocab_b2_0100
주의,juui,Vorsicht,B2,Nomen,계단에서는 주의가 필요해요.,Auf der Treppe ist Vorsicht nötig.,Umgangsformen,b2_manners_society_1,5,false,caution,Noun,Caution is needed on the stairs.,vocab_b2_0101
금지하다,geumjihada,verbieten,B2,Verb,여기서는 흡연을 금지해요.,Hier ist Rauchen verboten.,Umgangsformen,b2_manners_society_1,6,false,to prohibit,Verb,Smoking is prohibited here.,vocab_b2_0102
출입,churip,Zutritt,B2,Nomen,여기는 출입 금지예요.,Hier ist der Zutritt verboten.,Umgangsformen,b2_manners_society_1,7,false,entry,Noun,Entry is forbidden here.,vocab_b2_0103
벌,beol,Strafe,B2,Nomen,거짓말을 하면 벌을 받아요.,Auf Lügen folgt eine Strafe.,Umgangsformen,b2_manners_society_1,8,false,punishment,Noun,Lying brings punishment.,vocab_b2_0104
사회생활,sahoesaenghwal,soziales Miteinander,B2,Nomen,사회생활에서는 예의가 중요해요.,Im Umgang mit anderen Menschen ist Höflichkeit wichtig.,Umgangsformen,b2_manners_society_1,9,false,social life,Noun,Manners matter when dealing with others.,vocab_b2_0105
세상,sesang,Welt (Leben),B2,Nomen,세상에는 좋은 사람이 많아요.,Auf der Welt gibt es viele gute Menschen.,Umgangsformen,b2_manners_society_1,10,true,world,Noun,There are many good people in the world.,vocab_b2_0106
임산부,imsanbu,Schwangere,B2,Nomen,임산부에게 자리를 양보하세요.,Überlassen Sie Schwangeren den Platz.,Umgangsformen,b2_manners_society_1,11,true,pregnant woman,Noun,Give up your seat to pregnant women.,vocab_b2_0107
무료,muryo,kostenlos,B2,Nomen,입장은 무료예요.,Der Eintritt ist kostenlos.,Umgangsformen,b2_manners_society_1,12,true,free of charge,Noun,Admission is free.,vocab_b2_0108
경우,gyeongu,Fall,B1,Nomen,비가 올 경우에는 취소돼요.,Im Fall von Regen wird es abgesagt.,Abstrakte Begriffe,b1_daily_1,10,false,case,Noun,In case of rain it is canceled.,vocab_b2_0109
전체,jeonche,Gesamtheit,B1,Nomen,학생 전체가 참여했어요.,Alle Lernenden haben teilgenommen.,Abstrakte Begriffe,b1_daily_2,10,false,whole,Noun,All the students participated.,vocab_b2_0110
정도,jeongdo,Ausmaß,B1,Nomen,삼십 분 정도 걸려요.,Es dauert etwa dreißig Minuten.,Abstrakte Begriffe,b1_daily_2,11,false,degree,Noun,It takes about thirty minutes.,vocab_b2_0111
종류,jongnyu,Sorte,B1,Nomen,차 종류가 정말 많네요.,Es gibt wirklich viele Teesorten.,Abstrakte Begriffe,b1_daily_2,12,false,kind,Noun,There are so many kinds of tea.,vocab_b2_0112
느낌,neukkim,Gefühl,B1,Nomen,이 노래는 느낌이 좋아요.,Dieses Lied fühlt sich gut an.,Abstrakte Begriffe,b1_daily_3,10,false,feeling,Noun,This song has a good feeling.,vocab_b2_0113
핵심,haeksim,Kern,B2,Nomen,문제의 핵심을 말해 주세요.,Nennen Sie bitte den Kern des Problems.,Abstrakte Begriffe,b2_abstract_concepts_1,6,false,core,Noun,Please state the core of the problem.,vocab_b2_0114
유형,yuhyeong,Typ,B2,Nomen,시험 문제 유형을 분석했어요.,Ich habe die Aufgabentypen der Prüfung analysiert.,Abstrakte Begriffe,b2_abstract_concepts_1,7,false,type,Noun,I analyzed the exam question types.,vocab_b2_0115
부분,bubun,Teil,B1,Nomen,이 부분을 다시 설명해 주세요.,Erklären Sie diesen Teil bitte noch einmal.,Abstrakte Begriffe,b1_daily_1,12,false,part,Noun,Please explain this part again.,vocab_b2_0116
내용,naeyong,Inhalt,B1,Nomen,책 내용이 어려워요.,Der Inhalt des Buches ist schwierig.,Abstrakte Begriffe,b1_daily_1,11,false,content,Noun,The content of the book is difficult.,vocab_b2_0117
주제,juje,Thema,B1,Nomen,오늘 회의 주제가 뭐예요?,Was ist das Thema der heutigen Sitzung?,Abstrakte Begriffe,b1_daily_3,11,false,topic,Noun,What is the topic of today's meeting?,vocab_b2_0118
자료,jaryo,Material,B2,Nomen,발표 자료를 준비했어요.,Ich habe die Präsentationsunterlagen vorbereitet.,Abstrakte Begriffe,b2_abstract_concepts_1,11,true,material,Noun,I prepared the presentation materials.,vocab_b2_0119
비결,bigyeol,Geheimtipp,B2,Nomen,건강의 비결이 뭐예요?,Was ist das Geheimnis Ihrer Gesundheit?,Abstrakte Begriffe,b2_abstract_concepts_1,12,true,secret,Noun,What is the secret of your health?,vocab_b2_0120
문법,munbeop,Grammatik,A1,Nomen,한국어 문법은 재미있어요.,Koreanische Grammatik macht Spaß.,Sprache & Grammatik,a1_repair_language_1,13,false,grammar,Noun,Korean grammar is fun.,vocab_b2_0121
명사,myeongsa,Substantiv,B2,Nomen,이 단어는 명사예요.,Dieses Wort ist ein Substantiv.,Sprache & Grammatik,b2_language_grammar_1,2,false,noun,Noun,This word is a noun.,vocab_b2_0122
동사,dongsa,Verb,B2,Nomen,동사는 문장 끝에 와요.,Das Verb steht am Satzende.,Sprache & Grammatik,b2_language_grammar_1,3,false,verb,Noun,The verb comes at the end of the sentence.,vocab_b2_0123
형용사,hyeongyongsa,Adjektiv,B2,Nomen,형용사로 기분을 표현해요.,Mit Adjektiven drückt man Gefühle aus.,Sprache & Grammatik,b2_language_grammar_1,4,false,adjective,Noun,You express feelings with adjectives.,vocab_b2_0124
부사,busa,Adverb,B2,Nomen,부사는 동사를 꾸며요.,Adverbien beschreiben das Verb.,Sprache & Grammatik,b2_language_grammar_1,5,false,adverb,Noun,Adverbs modify the verb.,vocab_b2_0125
자음,jaeum,Konsonant,B2,Nomen,한글에는 자음이 열아홉 개 있어요.,Hangul hat neunzehn Konsonanten.,Sprache & Grammatik,b2_language_grammar_1,6,false,consonant,Noun,Hangul has nineteen consonants.,vocab_b2_0126
모음,moeum,Vokal,B2,Nomen,모음부터 배웠어요.,Ich habe zuerst die Vokale gelernt.,Sprache & Grammatik,b2_language_grammar_1,7,false,vowel,Noun,I learned the vowels first.,vocab_b2_0127
반의어,banuieo,Antonym,B2,Nomen,크다의 반의어는 작다예요.,Das Antonym von groß ist klein.,Sprache & Grammatik,b2_language_grammar_1,8,false,antonym,Noun,The antonym of big is small.,vocab_b2_0128
동의어,donguieo,Synonym,B2,Nomen,두 단어는 동의어예요.,Die beiden Wörter sind Synonyme.,Sprache & Grammatik,b2_language_grammar_1,9,false,synonym,Noun,The two words are synonyms.,vocab_b2_0129
철자,cheolja,Rechtschreibung,B2,Nomen,철자를 자주 틀려요.,Ich mache oft Rechtschreibfehler.,Sprache & Grammatik,b2_language_grammar_1,10,true,spelling,Noun,I often make spelling mistakes.,vocab_b2_0130
오류,oryu,Fehler,B2,Nomen,문장에 오류가 있어요.,Im Satz ist ein Fehler.,Sprache & Grammatik,b2_language_grammar_1,11,true,error,Noun,There is an error in the sentence.,vocab_b2_0131
외우다,oeuda,auswendig lernen,B2,Verb,단어를 매일 외워요.,Ich lerne jeden Tag Wörter auswendig.,Sprache & Grammatik,b2_language_grammar_1,12,true,to memorize,Verb,I memorize words every day.,vocab_b2_0132
온도,ondo,Temperatur,B2,Nomen,방 온도가 너무 높아요.,Die Zimmertemperatur ist zu hoch.,Haushalt & Praktisches,b2_household_practical_1,1,false,temperature,Noun,The room temperature is too high.,vocab_b2_0133
습도,seupdo,Luftfeuchtigkeit,B2,Nomen,여름에는 습도가 높아요.,Im Sommer ist die Luftfeuchtigkeit hoch.,Haushalt & Praktisches,b2_household_practical_1,2,false,humidity,Noun,Humidity is high in summer.,vocab_b2_0134
조절하다,jojeolhada,regulieren,B2,Verb,에어컨 온도를 조절했어요.,Ich habe die Temperatur an der Klimaanlage eingestellt.,Haushalt & Praktisches,b2_household_practical_1,3,false,to adjust,Verb,I adjusted the temperature setting on the air conditioner.,vocab_b2_0135
건조하다,geonjohada,trocken,B2,Adjektiv,겨울에는 공기가 건조해요.,Im Winter ist die Luft trocken.,Haushalt & Praktisches,b2_household_practical_1,4,false,dry,Adjective,The air is dry in winter.,vocab_b2_0136
가습기,gaseupgi,Luftbefeuchter,B2,Nomen,방에 가습기를 켰어요.,Ich habe den Luftbefeuchter im Zimmer angemacht.,Haushalt & Praktisches,b2_household_practical_1,5,false,humidifier,Noun,I turned on the humidifier in the room.,vocab_b2_0137
형광등,hyeonggwangdeung,Leuchtstofflampe,B2,Nomen,형광등을 갈아야 해요.,Die Leuchtstofflampe muss gewechselt werden.,Haushalt & Praktisches,b2_household_practical_1,6,false,fluorescent light,Noun,The fluorescent light needs changing.,vocab_b2_0138
뚜껑,ttukkeong,Deckel,B2,Nomen,병 뚜껑을 열어 주세요.,Öffne bitte den Flaschendeckel.,Haushalt & Praktisches,b2_household_practical_1,7,false,lid,Noun,Please open the bottle lid.,vocab_b2_0139
봉투,bongtu,Umschlag,B2,Nomen,편지를 봉투에 넣었어요.,Ich habe den Brief in den Umschlag gesteckt.,Haushalt & Praktisches,b2_household_practical_1,8,false,envelope,Noun,I put the letter in the envelope.,vocab_b2_0140
서랍,seorap,Schublade,B2,Nomen,서랍에 열쇠가 있어요.,Der Schlüssel ist in der Schublade.,Haushalt & Praktisches,b2_household_practical_1,9,false,drawer,Noun,The key is in the drawer.,vocab_b2_0141
담다,damda,hineintun,B2,Verb,과일을 바구니에 담았어요.,Ich habe das Obst in den Korb getan.,Haushalt & Praktisches,b2_household_practical_1,10,true,to put in,Verb,I put the fruit in the basket.,vocab_b2_0142
젖다,jeotda,nass werden,B2,Verb,비에 옷이 다 젖었어요.,Meine Kleidung ist im Regen ganz nass geworden.,Haushalt & Praktisches,b2_household_practical_1,11,true,to get wet,Verb,My clothes got all wet in the rain.,vocab_b2_0143
말리다,mallida,trocknen,B2,Verb,머리를 말리고 나갈게요.,Ich trockne mir die Haare und gehe dann los.,Haushalt & Praktisches,b2_household_practical_1,12,true,to dry,Verb,I will dry my hair and then leave.,vocab_b2_0144
부부,bubu,Ehepaar,B1,Nomen,그 부부는 정말 행복해 보여요.,Das Ehepaar sieht wirklich glücklich aus.,Menschen & Beziehungen,b1_emotions_relations_1,9,false,married couple,Noun,That couple looks really happy.,vocab_b2_0145
친척,chincheok,Verwandte,B1,Nomen,명절에 친척들이 모여요.,An Feiertagen kommen die Verwandten zusammen.,Menschen & Beziehungen,b1_emotions_relations_1,10,false,relatives,Noun,Relatives gather on holidays.,vocab_b2_0146
애인,aein,feste Partnerin oder fester Partner,B2,Nomen,애인과 영화를 봤어요.,Ich habe mit meiner Partnerin oder meinem Partner einen Film gesehen.,Menschen & Beziehungen,b2_relationships_people_1,3,false,romantic partner,Noun,I watched a movie with my partner.,vocab_b2_0147
동창,dongchang,ehemalige Mitschülerin oder ehemaliger Mitschüler,B2,Nomen,어제 고등학교 동창을 만났어요.,Gestern habe ich jemanden aus meiner alten Schulklasse getroffen.,Menschen & Beziehungen,b2_relationships_people_1,4,false,schoolmate,Noun,I met a high school classmate yesterday.,vocab_b2_0148
자식,jasik,Kind (aus Elternsicht),B2,Nomen,부모는 자식을 걱정해요.,Eltern sorgen sich um ihre Kinder.,Menschen & Beziehungen,b2_relationships_people_1,5,false,one's children,Noun,Parents worry about their children.,vocab_b2_0149
쌍둥이,ssangdungi,Zwillinge,B2,Nomen,제 동생들은 쌍둥이예요.,Meine jüngeren Geschwister sind Zwillinge.,Menschen & Beziehungen,b2_relationships_people_1,6,false,twins,Noun,My younger siblings are twins.,vocab_b2_0150
닮다,damda,ähneln,B2,Verb,저는 아버지를 닮았어요.,Ich ähnele meinem Vater.,Menschen & Beziehungen,b2_relationships_people_1,7,false,to resemble,Verb,I resemble my father.,vocab_b2_0151
몸매,mommae,Figur,B2,Nomen,운동으로 몸매를 관리해요.,Mit Sport halte ich meine Figur.,Menschen & Beziehungen,b2_relationships_people_1,8,false,figure,Noun,I keep my figure through exercise.,vocab_b2_0152
실수하다,silsuhada,einen Fehler machen,B2,Verb,발표에서 실수했어요.,Bei der Präsentation habe ich einen Fehler gemacht.,Menschen & Beziehungen,b2_relationships_people_1,9,false,to make a mistake,Verb,I made a mistake in the presentation.,vocab_b2_0153
서투르다,seotureuda,ungeschickt,B2,Adjektiv,아직 한국어가 서툴러요.,Mein Koreanisch ist noch holprig.,Menschen & Beziehungen,b2_relationships_people_1,10,true,clumsy,Adjective,My Korean is still clumsy.,vocab_b2_0154
울리다,ullida,zum Weinen bringen,B2,Verb,동생을 울리지 마!,Bring deinen jüngeren Bruder oder deine jüngere Schwester nicht zum Weinen!,Menschen & Beziehungen,b2_relationships_people_1,11,true,to make someone cry,Verb,Don't make your younger sibling cry!,vocab_b2_0155
잘생기다,jalsaenggida,gut aussehend,B2,Adjektiv,그 배우는 정말 잘생겼어요.,Dieser Schauspieler sieht wirklich gut aus.,Menschen & Beziehungen,b2_relationships_people_1,12,true,handsome,Adjective,That actor is really handsome.,vocab_b2_0156
위험,wiheom,Gefahr,B2,Nomen,공사장은 위험이 많아요.,Auf der Baustelle gibt es viele Gefahren.,Sicherheit & Regeln,b2_safety_rules_1,1,false,danger,Noun,Construction sites have many dangers.,vocab_b2_0157
안전하다,anjeonhada,sicher,B2,Adjektiv,이 동네는 밤에도 안전해요.,Dieses Viertel ist auch nachts sicher.,Sicherheit & Regeln,b2_safety_rules_1,2,false,safe,Adjective,This neighborhood is safe even at night.,vocab_b2_0158
보관하다,bogwanhada,aufbewahren,B2,Verb,귀중품은 금고에 보관하세요.,Bewahren Sie Wertsachen im Safe auf.,Sicherheit & Regeln,b2_safety_rules_1,3,false,to store,Verb,Store valuables in the safe.,vocab_b2_0159
정지하다,jeongjihada,stoppen,B2,Verb,빨간불에서는 정지해야 해요.,Bei Rot muss man anhalten.,Sicherheit & Regeln,b2_safety_rules_1,4,false,to stop,Verb,You must stop at a red light.,vocab_b2_0160
유통기한,yutonggihan,Haltbarkeitsdatum,B2,Nomen,우유 유통기한을 확인하세요.,Prüfen Sie das Haltbarkeitsdatum der Milch.,Sicherheit & Regeln,b2_safety_rules_1,5,false,expiration date,Noun,Check the milk's expiration date.,vocab_b2_0161
지키다,jikida,einhalten,B2,Verb,약속을 꼭 지키세요.,Halten Sie Ihr Versprechen unbedingt ein.,Sicherheit & Regeln,b2_safety_rules_1,6,false,to keep,Verb,Be sure to keep your promise.,vocab_b2_0162
비상,bisang,Notfall,B2,Nomen,비상 상황에는 이 버튼을 누르세요.,Im Notfall drücken Sie diesen Knopf.,Sicherheit & Regeln,b2_safety_rules_1,7,false,emergency,Noun,Press this button in an emergency.,vocab_b2_0163
사고,sago,Unfall,B2,Nomen,어제 길에서 사고가 났어요.,Gestern gab es auf der Straße einen Unfall.,Sicherheit & Regeln,b2_safety_rules_1,8,false,accident,Noun,There was an accident on the road yesterday.,vocab_b2_0164
즉시,jeuksi,sofort,B2,Adverb,문제가 생기면 즉시 연락하세요.,Bei Problemen melden Sie sich sofort.,Sicherheit & Regeln,b2_safety_rules_1,9,false,immediately,Adverb,Contact us immediately if problems arise.,vocab_b2_0165
무조건,mujogeon,bedingungslos,B2,Adverb,무조건 오세요.,Kommen Sie auf jeden Fall.,Sicherheit & Regeln,b2_safety_rules_1,10,true,unconditionally,Adverb,Come no matter what.,vocab_b2_0166
반드시,bandeusi,unbedingt,B2,Adverb,안전벨트를 반드시 매세요.,Schnallen Sie sich unbedingt an.,Sicherheit & Regeln,b2_safety_rules_1,11,true,certainly,Adverb,Be sure to wear your seat belt.,vocab_b2_0167
고지서,gojiseo,Gebührenbescheid,B2,Nomen,전기 요금 고지서가 왔어요.,Die Stromrechnung ist gekommen.,Sicherheit & Regeln,b2_safety_rules_1,12,true,bill notice,Noun,The electricity bill has arrived.,vocab_b2_0168
예매하다,yemaehada,im Voraus buchen,B2,Verb,기차표를 미리 예매했어요.,Ich habe die Zugtickets im Voraus gebucht.,Feste & Traditionen,b2_events_culture_1,1,false,to book in advance,Verb,I booked the train tickets in advance.,vocab_b2_0169
소풍,sopung,Ausflug,B2,Nomen,내일 학교에서 소풍을 가요.,Morgen macht die Schule einen Ausflug.,Feste & Traditionen,b2_events_culture_1,2,false,picnic,Noun,The school goes on a picnic tomorrow.,vocab_b2_0170
음력,eumnyeok,Mondkalender,B2,Nomen,설날은 음력 1월 1일이에요.,Seollal fällt auf den ersten Tag des ersten Monats im Mondkalender.,Feste & Traditionen,b2_events_culture_1,3,false,lunar calendar,Noun,Seollal falls on the first day of the first lunar month.,vocab_b2_0171
제사,jesa,Ahnenzeremonie,B2,Nomen,명절에 제사를 지내요.,An Feiertagen halten wir die Ahnenzeremonie ab.,Feste & Traditionen,b2_events_culture_1,4,false,ancestral rite,Noun,We hold ancestral rites on holidays.,vocab_b2_0172
윷놀이,yunnori,Yut-Spiel,A1,Nomen,설날에 가족과 윷놀이를 해요.,An Seollal spielen wir mit der Familie Yut.,Feste & Traditionen,a1_partner_seollal_basic_1,13,false,yut game,Noun,We play yut with the family at Seollal.,vocab_b2_0173
관객,gwangaek,Zuschauer,B2,Nomen,공연장에 관객이 가득해요.,Die Halle ist voller Zuschauer.,Feste & Traditionen,b2_events_culture_1,6,false,audience,Noun,The hall is full of spectators.,vocab_b2_0174
기념하다,ginyeomhada,feierlich begehen,B2,Verb,결혼 10주년을 기념했어요.,Wir haben den zehnten Hochzeitstag gefeiert.,Feste & Traditionen,b2_events_culture_1,7,false,to commemorate,Verb,We celebrated our tenth wedding anniversary.,vocab_b2_0175
촛불,chotbul,Kerzenlicht,B2,Nomen,케이크에 촛불을 켰어요.,Wir haben die Kerzen auf der Torte angezündet.,Feste & Traditionen,b2_events_culture_1,8,false,candlelight,Noun,We lit the candles on the cake.,vocab_b2_0176
국기,gukgi,Nationalflagge,B2,Nomen,광복절에 국기를 달아요.,Am Befreiungstag hängen wir die Nationalflagge auf.,Feste & Traditionen,b2_events_culture_1,9,false,national flag,Noun,We fly the national flag on Liberation Day.,vocab_b2_0177
세계,segye,Welt (Erde),B2,Nomen,세계 여러 나라를 여행하고 싶어요.,Ich möchte viele Länder der Welt bereisen.,Feste & Traditionen,b2_events_culture_1,10,true,world,Noun,I want to travel to many countries of the world.,vocab_b2_0178
공휴일,gonghyuil,gesetzlicher Feiertag,B2,Nomen,내일은 공휴일이라서 쉬어요.,Morgen ist Feiertag und wir haben frei.,Feste & Traditionen,b2_events_culture_1,11,true,public holiday,Noun,Tomorrow is a public holiday so we rest.,vocab_b2_0179
야경,yagyeong,Nachtansicht,B2,Nomen,서울의 야경이 아름다워요.,Die nächtliche Skyline von Seoul ist wunderschön.,Feste & Traditionen,b2_events_culture_1,12,true,night view,Noun,Seoul's night view is beautiful.,vocab_b2_0180
발견하다,balgyeonhada,entdecken,B2,Verb,새로운 카페를 발견했어요.,Ich habe ein neues Café entdeckt.,Handeln & Verändern,b2_thinking_verbs_1,1,false,to discover,Verb,I discovered a new café.,vocab_b2_0181
이루다,iruda,verwirklichen,B2,Verb,드디어 꿈을 이뤘어요.,Endlich habe ich meinen Traum verwirklicht.,Handeln & Verändern,b2_thinking_verbs_1,2,false,to achieve,Verb,I finally achieved my dream.,vocab_b2_0182
이어지다,ieojida,sich fortsetzen,B2,Verb,회의가 밤까지 이어졌어요.,Die Sitzung zog sich bis in die Nacht.,Handeln & Verändern,b2_thinking_verbs_1,3,false,to continue,Verb,The meeting continued into the night.,vocab_b2_0183
간직하다,ganjikhada,bewahren,B2,Verb,그 추억을 마음에 간직할게요.,Diese Erinnerung bewahre ich im Herzen.,Handeln & Verändern,b2_thinking_verbs_1,4,false,to treasure,Verb,I will treasure that memory in my heart.,vocab_b2_0184
갖추다,gatchuda,ausstatten,B2,Verb,이 호텔은 모든 시설을 갖췄어요.,Dieses Hotel ist mit allem ausgestattet.,Handeln & Verändern,b2_thinking_verbs_1,5,false,to equip,Verb,This hotel is equipped with everything.,vocab_b2_0185
전하다,jeonhada,übermitteln,B2,Verb,가족에게 안부를 전해 주세요.,Richten Sie Ihrer Familie Grüße aus.,Handeln & Verändern,b2_thinking_verbs_1,6,false,to convey,Verb,Please give my regards to your family.,vocab_b2_0186
모이다,moida,sich versammeln,B2,Verb,주말에 가족이 다 모여요.,Am Wochenende kommt die ganze Familie zusammen.,Handeln & Verändern,b2_thinking_verbs_1,7,false,to gather,Verb,The whole family gathers on weekends.,vocab_b2_0187
담그다,damgeuda,einlegen,B2,Verb,가을에 김치를 담가요.,Im Herbst legen wir Kimchi ein.,Handeln & Verändern,b2_thinking_verbs_1,8,false,to pickle,Verb,We make kimchi in autumn.,vocab_b2_0188
섞이다,seokkida,sich vermischen,B2,Verb,물과 기름은 잘 안 섞여요.,Wasser und Öl vermischen sich nicht gut.,Handeln & Verändern,b2_thinking_verbs_1,9,false,to be mixed,Verb,Water and oil do not mix well.,vocab_b2_0189
정하다,jeonghada,festlegen,B2,Verb,약속 시간을 정합시다.,Legen wir die Uhrzeit fest.,Handeln & Verändern,b2_thinking_verbs_1,10,true,to decide,Verb,Let us set the meeting time.,vocab_b2_0190
변하다,byeonhada,sich verändern,B2,Verb,십 년 사이에 도시가 많이 변했어요.,In zehn Jahren hat sich die Stadt stark verändert.,Handeln & Verändern,b2_thinking_verbs_1,11,true,to change,Verb,The city changed a lot in ten years.,vocab_b2_0191
나누다,nanuda,teilen,B2,Verb,빵을 반으로 나눴어요.,Ich habe das Brot halbiert.,Handeln & Verändern,b2_thinking_verbs_1,12,true,to share,Verb,I divided the bread in half.,vocab_b2_0192
말씀,malsseum,Worte (ehrerbietig),A1,Nomen,선생님 말씀 잘 들었어요.,Ich habe Ihre Worte aufmerksam gehört.,Ehrensprache,a1_greetings_2,13,false,words (honorific),Noun,I listened carefully to your words.,vocab_b2_0193
연세,yeonse,Alter (ehrerbietig),B2,Nomen,할아버지 연세가 어떻게 되세요?,Wie alt ist Ihr Großvater?,Ehrensprache,b2_honorifics_1,2,false,age (honorific),Noun,How old is your grandfather?,vocab_b2_0194
성함,seongham,Name (ehrerbietig),B2,Nomen,성함이 어떻게 되세요?,Wie heißen Sie?,Ehrensprache,b2_honorifics_1,3,false,name (honorific),Noun,May I ask your name?,vocab_b2_0195
생신,saengsin,Geburtstag (ehrerbietig),A1,Nomen,내일이 할머니 생신이에요.,Morgen hat meine Großmutter Geburtstag.,Ehrensprache,a1_time_family_1,13,false,birthday (honorific),Noun,Tomorrow is my grandmother's birthday.,vocab_b2_0196
댁,daek,Haus (ehrerbietig),B2,Nomen,선생님 댁에 초대받았어요.,Ich wurde zum Haus des Lehrers eingeladen.,Ehrensprache,b2_honorifics_1,5,false,house (honorific),Noun,I was invited to the teacher's house.,vocab_b2_0197
드리다,deurida,geben (ehrerbietig),A1,Verb,할머니께 선물을 드렸어요.,Ich habe meiner Großmutter ein Geschenk überreicht.,Ehrensprache,a1_partner_meet_names_1,15,false,to give (honorific),Verb,I gave my grandmother a present.,vocab_b2_0198
뵙다,boepda,treffen (ehrerbietig),B2,Verb,내일 뵙겠습니다.,Ich freue mich Sie morgen zu sehen.,Ehrensprache,b2_honorifics_1,7,true,to meet (humble),Verb,I will see you tomorrow.,vocab_b2_0199
여쭈다,yeojjuda,fragen (ehrerbietig),B2,Verb,선생님께 여쭤 볼게요.,Ich werde die Lehrkraft fragen.,Ehrensprache,b2_honorifics_1,8,true,to ask (humble),Verb,I'll ask the teacher.,vocab_b2_0200
주무시다,jumusida,schlafen (ehrerbietig),A1,Verb,부모님은 벌써 주무세요.,Meine Eltern schlafen schon.,Ehrensprache,a1_home_daily_1,13,false,to sleep (honorific),Verb,My parents are already asleep.,vocab_b2_0201
드시다,deusida,essen (ehrerbietig),A1,Verb,많이 드세요!,Greifen Sie zu!,Ehrensprache,a1_partner_table_basic_1,13,false,to eat (honorific),Verb,Please help yourself!,vocab_b2_0202
계시다,gyesida,sich befinden (ehrerbietig),A1,Verb,어머니는 지금 집에 계세요.,Meine Mutter ist gerade zu Hause.,Ehrensprache,a1_partner_meet_names_1,16,false,to be (honorific),Verb,My mother is at home right now.,vocab_b2_0203
잡수시다,japsusida,speisen (ehrerbietig),A1,Verb,할머니는 아침을 잡수셨어요.,Meine Großmutter hat gefrühstückt.,Ehrensprache,a1_partner_table_basic_1,14,false,to eat (very honorific),Verb,My grandmother ate breakfast.,vocab_b2_0204
코트,koteu,Mantel,A2,Nomen,겨울에는 코트를 입어요.,Im Winter trage ich einen Mantel.,Kleidung,a2_clothing_1,1,false,coat,Noun,I wear a coat in winter.,vocab_a2_0161
치마,chima,Rock,A2,Nomen,오늘은 치마를 입었어요.,Heute trage ich einen Rock.,Kleidung,a2_clothing_1,2,false,skirt,Noun,I am wearing a skirt today.,vocab_a2_0162
원피스,wonpiseu,Kleid,A2,Nomen,파티에 원피스를 입고 갔어요.,Ich bin im Kleid zur Party gegangen.,Kleidung,a2_clothing_1,3,false,dress,Noun,I went to the party in a dress.,vocab_a2_0163
양복,yangbok,Anzug,A2,Nomen,아버지는 양복을 입고 출근해요.,Mein Vater geht im Anzug zur Arbeit.,Kleidung,a2_clothing_1,4,false,suit,Noun,My father goes to work in a suit.,vocab_a2_0164
구두,gudu,Lederschuhe,A2,Nomen,새 구두가 조금 작아요.,Die neuen Schuhe sind etwas klein.,Kleidung,a2_clothing_1,5,false,dress shoes,Noun,The new shoes are a bit small.,vocab_a2_0165
양말,yangmal,Socken,A2,Nomen,따뜻한 양말을 신었어요.,Ich habe warme Socken angezogen.,Kleidung,a2_clothing_1,6,false,socks,Noun,I put on warm socks.,vocab_a2_0166
장갑,janggap,Handschuhe,A2,Nomen,장갑을 어디에 뒀지요?,Wo habe ich meine Handschuhe hingelegt?,Kleidung,a2_clothing_1,7,false,gloves,Noun,Where did I put my gloves?,vocab_a2_0167
목도리,mokdori,Schal,A2,Nomen,할머니가 목도리를 떠 주셨어요.,Meine Oma hat mir einen Schal gestrickt.,Kleidung,a2_clothing_1,8,false,scarf,Noun,My grandma knitted me a scarf.,vocab_a2_0168
반지,banji,Ring,A2,Nomen,예쁜 반지를 선물 받았어요.,Ich habe einen schönen Ring geschenkt bekommen.,Kleidung,a2_clothing_1,9,false,ring,Noun,I received a pretty ring as a gift.,vocab_a2_0169
귀걸이,gwigeori,Ohrringe,A2,Nomen,새 귀걸이를 하고 나갔어요.,Ich bin mit neuen Ohrringen ausgegangen.,Kleidung,a2_clothing_1,10,true,earrings,Noun,I went out wearing new earrings.,vocab_a2_0170
넥타이,nektai,Krawatte,A2,Nomen,파란 넥타이가 잘 어울려요.,Die blaue Krawatte steht dir gut.,Kleidung,a2_clothing_1,11,true,necktie,Noun,The blue tie suits you well.,vocab_a2_0171
배낭,baenang,Rucksack,A2,Nomen,배낭을 메고 여행을 떠났어요.,Mit dem Rucksack bin ich auf Reisen gegangen.,Kleidung,a2_clothing_1,12,true,backpack,Noun,I went traveling with a backpack.,vocab_a2_0172
신다,sinda,anziehen (Schuhe),A2,Verb,운동화를 신고 뛰어요.,Ich laufe in Turnschuhen.,Anziehen & Accessoires,a2_wearing_verbs_1,1,false,to wear (feet),Verb,I run wearing sneakers.,vocab_a2_0173
벗다,beotda,ausziehen,A2,Verb,집에서는 신발을 벗어요.,Zu Hause zieht man die Schuhe aus.,Anziehen & Accessoires,a2_wearing_verbs_1,2,false,to take off,Verb,You take off your shoes at home.,vocab_a2_0174
매다,maeda,binden,A2,Verb,넥타이를 매는 법을 배웠어요.,"Ich habe gelernt, eine Krawatte zu binden.",Anziehen & Accessoires,a2_wearing_verbs_1,3,false,to tie,Verb,I learned how to tie a tie.,vocab_a2_0175
끼다,kkida,anziehen (Hände),A2,Verb,추워서 장갑을 꼈어요.,Wegen der Kälte habe ich Handschuhe angezogen.,Anziehen & Accessoires,a2_wearing_verbs_1,4,false,to wear (hands),Verb,I put on gloves because it was cold.,vocab_a2_0176
차다,chada,umlegen (Uhr),A2,Verb,새 시계를 차고 있어요.,Ich trage eine neue Uhr.,Anziehen & Accessoires,a2_wearing_verbs_1,5,false,to wear (watch),Verb,I am wearing a new watch.,vocab_a2_0177
메다,meda,schultern,A2,Verb,가방을 메고 학교에 가요.,Ich gehe mit der Tasche über der Schulter zur Schule.,Anziehen & Accessoires,a2_wearing_verbs_1,6,false,to carry (shoulder),Verb,I go to school with a bag on my shoulder.,vocab_a2_0178
벨트,belteu,Gürtel,A2,Nomen,바지가 너무 커서 벨트를 했어요.,"Die Hose war zu groß, deshalb habe ich einen Gürtel getragen.",Anziehen & Accessoires,a2_wearing_verbs_1,7,false,belt,Noun,"The pants were too big, so I wore a belt.",vocab_a2_0179
팔찌,paljji,Armband,A2,Nomen,은 팔찌를 자주 해요.,Ich trage oft ein silbernes Armband.,Anziehen & Accessoires,a2_wearing_verbs_1,8,false,bracelet,Noun,I often wear a silver bracelet.,vocab_a2_0180
부츠,bucheu,Stiefel,A2,Nomen,눈이 와서 부츠를 신었어요.,Es hat geschneit und ich habe Stiefel angezogen.,Anziehen & Accessoires,a2_wearing_verbs_1,9,false,boots,Noun,It snowed so I wore boots.,vocab_a2_0181
샌들,saendeul,Sandalen,A2,Nomen,여름에는 샌들이 편해요.,Im Sommer sind Sandalen bequem.,Anziehen & Accessoires,a2_wearing_verbs_1,10,true,sandals,Noun,Sandals are comfortable in summer.,vocab_a2_0182
슬리퍼,seullipeo,Hausschuhe,A2,Nomen,집에서 슬리퍼를 신어요.,Zu Hause trage ich Hausschuhe.,Anziehen & Accessoires,a2_wearing_verbs_1,11,true,slippers,Noun,I wear slippers at home.,vocab_a2_0183
스타킹,seutaking,Strumpfhose,A2,Nomen,스타킹에 구멍이 났어요.,Meine Strumpfhose hat ein Loch.,Anziehen & Accessoires,a2_wearing_verbs_1,12,true,stockings,Noun,My stockings have a hole.,vocab_a2_0184
반찬,banchan,Beilage,A2,Nomen,이 식당은 반찬이 많아요.,Dieses Restaurant hat viele Beilagen.,Im Restaurant,a2_restaurant_1,1,false,side dish,Noun,This restaurant has many side dishes.,vocab_a2_0185
소금,sogeum,Salz,A2,Nomen,소금 좀 건네주세요.,Reich mir bitte das Salz.,Im Restaurant,a2_restaurant_1,2,false,salt,Noun,Please pass the salt.,vocab_a2_0186
후추,huchu,Pfeffer,A2,Nomen,수프에 후추를 넣었어요.,Ich habe Pfeffer in die Suppe getan.,Im Restaurant,a2_restaurant_1,3,false,pepper,Noun,I put pepper in the soup.,vocab_a2_0187
젓가락,jeotgarak,Stäbchen,A2,Nomen,젓가락을 쓰기 어려워요.,Stäbchen zu benutzen ist schwierig.,Im Restaurant,a2_restaurant_1,4,false,chopsticks,Noun,Using chopsticks is difficult.,vocab_a2_0188
숟가락,sutgarak,Löffel,A2,Nomen,숟가락으로 국을 먹어요.,Suppe isst man mit dem Löffel.,Im Restaurant,a2_restaurant_1,5,false,spoon,Noun,You eat soup with a spoon.,vocab_a2_0189
계산서,gyesanseo,Rechnung,A2,Nomen,계산서 좀 주세요.,Die Rechnung bitte.,Im Restaurant,a2_restaurant_1,6,false,check,Noun,The check please.,vocab_a2_0190
차림표,charimpyo,Speisekarte,A2,Nomen,차림표 좀 볼 수 있을까요?,Könnte ich die Speisekarte sehen?,Im Restaurant,a2_restaurant_1,7,false,menu,Noun,Could I see the menu?,vocab_a2_0191
인분,inbun,Portion,A2,Nomen,불고기 2인분 주세요.,Zwei Portionen Bulgogi bitte.,Im Restaurant,a2_restaurant_1,8,false,serving,Noun,Two servings of bulgogi please.,vocab_a2_0192
배부르다,baebureuda,satt sein,A2,Adjektiv,너무 많이 먹어서 배불러요.,Ich habe zu viel gegessen und bin satt.,Im Restaurant,a2_restaurant_1,9,false,to be full,Adjective,I ate too much and I am full.,vocab_a2_0193
씹다,ssipda,kauen,A2,Verb,음식을 천천히 씹으세요.,Kauen Sie das Essen langsam.,Im Restaurant,a2_restaurant_1,10,true,to chew,Verb,Chew your food slowly.,vocab_a2_0194
맛보다,matboda,probieren,A2,Verb,이 김치 좀 맛보세요.,Probieren Sie mal dieses Kimchi.,Im Restaurant,a2_restaurant_1,11,true,to taste,Verb,Try this kimchi.,vocab_a2_0195
후식,husik,Nachtisch,A2,Nomen,후식으로 아이스크림을 먹었어요.,Als Nachtisch habe ich Eis gegessen.,Im Restaurant,a2_restaurant_1,12,true,dessert,Noun,I had ice cream for dessert.,vocab_a2_0196
거울,geoul,Spiegel,A2,Nomen,거울을 보면서 머리를 빗어요.,Ich kämme mich vor dem Spiegel.,Haushalt & Zimmer,a2_household_1,1,false,mirror,Noun,I comb my hair in front of the mirror.,vocab_a2_0197
달력,dallyeok,Kalender,A2,Nomen,달력에 약속을 표시했어요.,Ich habe den Termin im Kalender markiert.,Haushalt & Zimmer,a2_household_1,2,false,calendar,Noun,I marked the appointment on the calendar.,vocab_a2_0198
비누,binu,Seife,A2,Nomen,비누로 손을 씻으세요.,Waschen Sie die Hände mit Seife.,Haushalt & Zimmer,a2_household_1,3,false,soap,Noun,Wash your hands with soap.,vocab_a2_0199
칫솔,chitsol,Zahnbürste,A2,Nomen,새 칫솔로 바꿨어요.,Ich habe eine neue Zahnbürste genommen.,Haushalt & Zimmer,a2_household_1,4,false,toothbrush,Noun,I switched to a new toothbrush.,vocab_a2_0200
수건,sugeon,Handtuch,A2,Nomen,깨끗한 수건 있어요?,Gibt es ein sauberes Handtuch?,Haushalt & Zimmer,a2_household_1,5,false,towel,Noun,Is there a clean towel?,vocab_a2_0201
그릇,geureut,Schüssel,A2,Nomen,그릇을 씻어서 정리했어요.,Ich habe die Schüsseln gespült und weggeräumt.,Haushalt & Zimmer,a2_household_1,6,false,bowl,Noun,I washed and put away the bowls.,vocab_a2_0202
컵,keop,Tasse,A2,Nomen,컵에 물을 따랐어요.,Ich habe Wasser in die Tasse gegossen.,Haushalt & Zimmer,a2_household_1,7,false,cup,Noun,I poured water into the cup.,vocab_a2_0203
냄새,naemsae,Geruch,A2,Nomen,부엌에서 좋은 냄새가 나요.,Aus der Küche kommt ein guter Geruch.,Haushalt & Zimmer,a2_household_1,8,false,smell,Noun,A good smell comes from the kitchen.,vocab_a2_0204
창문,changmun,Fenster,A2,Nomen,더워서 창문을 열었어요.,Mir war warm und ich habe das Fenster geöffnet.,Haushalt & Zimmer,a2_household_1,9,false,window,Noun,I was hot so I opened the window.,vocab_a2_0205
꽃병,kkotbyeong,Blumenvase,A2,Nomen,꽃병에 장미를 꽂았어요.,Ich habe Rosen in die Vase gestellt.,Haushalt & Zimmer,a2_household_1,10,true,flower vase,Noun,I put roses in the vase.,vocab_a2_0206
화분,hwabun,Blumentopf,A2,Nomen,창가에 화분이 세 개 있어요.,Am Fenster stehen drei Blumentöpfe.,Haushalt & Zimmer,a2_household_1,11,true,flower pot,Noun,There are three flower pots by the window.,vocab_a2_0207
옷걸이,otgeori,Kleiderbügel,A2,Nomen,코트를 옷걸이에 걸었어요.,Ich habe den Mantel auf den Bügel gehängt.,Haushalt & Zimmer,a2_household_1,12,true,coat hanger,Noun,I hung the coat on the hanger.,vocab_a2_0208
야채,yachae,Gemüse,A2,Nomen,저는 야채를 많이 먹어요.,Ich esse viel Gemüse.,Essen & Zutaten,a2_food_more_1,1,false,vegetables,Noun,I eat a lot of vegetables.,vocab_a2_0209
수박,subak,Wassermelone,A2,Nomen,여름에는 수박이 최고예요.,Im Sommer ist Wassermelone das Beste.,Essen & Zutaten,a2_food_more_1,2,false,watermelon,Noun,Watermelon is the best in summer.,vocab_a2_0210
배,bae,Birne,A2,Nomen,이 배는 크고 달아요.,Diese Birne ist groß und süß.,Essen & Zutaten,a2_food_more_1,3,false,pear,Noun,This pear is big and sweet.,vocab_a2_0211
딸기,ttalgi,Erdbeere,A2,Nomen,딸기 케이크를 좋아해요.,Ich mag Erdbeerkuchen.,Essen & Zutaten,a2_food_more_1,4,false,strawberry,Noun,I like strawberry cake.,vocab_a2_0212
쇠고기,soegogi,Rindfleisch,A2,Nomen,쇠고기로 국을 끓였어요.,Ich habe Suppe mit Rindfleisch gekocht.,Essen & Zutaten,a2_food_more_1,5,false,beef,Noun,I made soup with beef.,vocab_a2_0213
돼지고기,dwaejigogi,Schweinefleisch,A2,Nomen,돼지고기를 구워 먹어요.,Ich grille Schweinefleisch.,Essen & Zutaten,a2_food_more_1,6,false,pork,Noun,I grill pork.,vocab_a2_0214
불고기,bulgogi,Bulgogi,A2,Nomen,저녁에 불고기를 만들어요.,Zum Abendessen mache ich Bulgogi.,Essen & Zutaten,a2_food_more_1,7,false,bulgogi,Noun,I am making bulgogi for dinner.,vocab_a2_0215
비빔밥,bibimbap,Bibimbap,A2,Nomen,비빔밥에는 나물이 들어가요.,In Bibimbap kommen Gemüsebeilagen.,Essen & Zutaten,a2_food_more_1,8,false,bibimbap,Noun,Bibimbap contains seasoned vegetables.,vocab_a2_0216
냉면,naengmyeon,kalte Nudeln,A2,Nomen,여름에 냉면을 자주 먹어요.,Im Sommer esse ich oft kalte Nudeln.,Essen & Zutaten,a2_food_more_1,9,false,cold noodles,Noun,I often eat cold noodles in summer.,vocab_a2_0217
땅콩,ttangkong,Erdnuss,A2,Nomen,땅콩 알레르기가 있어요?,Haben Sie eine Erdnussallergie?,Essen & Zutaten,a2_food_more_1,10,true,peanut,Noun,Do you have a peanut allergy?,vocab_a2_0218
잼,jaem,Marmelade,A2,Nomen,빵에 딸기 잼을 발랐어요.,Ich habe Erdbeermarmelade aufs Brot gestrichen.,Essen & Zutaten,a2_food_more_1,11,true,jam,Noun,I spread strawberry jam on the bread.,vocab_a2_0219
밀가루,milgaru,Mehl,A2,Nomen,밀가루로 빵을 만들어요.,Aus Mehl macht man Brot.,Essen & Zutaten,a2_food_more_1,12,true,flour,Noun,Bread is made from flour.,vocab_a2_0220
지구,jigu,Erde,B2,Nomen,지구는 둥글어요.,Die Erde ist rund.,Natur & Draußen,b2_environment_1,13,false,Earth,Noun,The Earth is round.,vocab_a2_0221
태양,taeyang,Sonne,B2,Nomen,태양이 밝게 빛나요.,Die Sonne scheint hell.,Natur & Draußen,b2_environment_1,14,false,sun,Noun,The sun shines brightly.,vocab_a2_0222
숲,sup,Wald,A2,Nomen,숲에서 산책했어요.,Ich bin im Wald spazieren gegangen.,Natur & Draußen,a2_nature_1,3,false,forest,Noun,I took a walk in the forest.,vocab_a2_0223
물고기,mulgogi,Fisch,A2,Nomen,강에 물고기가 많아요.,Im Fluss gibt es viele Fische.,Natur & Draußen,a2_nature_1,4,false,fish,Noun,There are many fish in the river.,vocab_a2_0224
모기,mogi,Mücke,A2,Nomen,여름 밤에는 모기가 많아요.,In Sommernächten gibt es viele Mücken.,Natur & Draußen,a2_nature_1,5,false,mosquito,Noun,There are many mosquitoes on summer nights.,vocab_a2_0225
풀,pul,Gras,A2,Nomen,풀 위에 앉아서 쉬었어요.,Ich habe mich ins Gras gesetzt und ausgeruht.,Natur & Draußen,a2_nature_1,6,false,grass,Noun,I sat on the grass and rested.,vocab_a2_0226
잎,ip,Blatt,A2,Nomen,가을에는 잎이 빨개져요.,Im Herbst werden die Blätter rot.,Natur & Draußen,a2_nature_1,7,false,leaf,Noun,Leaves turn red in autumn.,vocab_a2_0227
용,yong,Drache,A2,Nomen,옛날이야기에 용이 나와요.,In alten Geschichten kommen Drachen vor.,Natur & Draußen,a2_nature_1,8,false,dragon,Noun,Dragons appear in old tales.,vocab_a2_0228
바람,baram,Wind,A2,Nomen,오늘은 바람이 시원해요.,Heute ist der Wind angenehm kühl.,Natur & Draußen,a2_nature_1,9,false,wind,Noun,The wind is cool today.,vocab_a2_0229
눈사람,nunsaram,Schneemann,A2,Nomen,아이들이 눈사람을 만들어요.,Die Kinder bauen einen Schneemann.,Natur & Draußen,a2_nature_1,10,true,snowman,Noun,The children are building a snowman.,vocab_a2_0230
눈싸움,nunssaum,Schneeballschlacht,A2,Nomen,친구들과 눈싸움을 했어요.,Ich habe mit Freunden eine Schneeballschlacht gemacht.,Natur & Draußen,a2_nature_1,11,true,snowball fight,Noun,I had a snowball fight with friends.,vocab_a2_0231
동네,dongne,Viertel,A2,Nomen,우리 동네는 조용해요.,Unser Viertel ist ruhig.,Natur & Draußen,a2_nature_1,12,true,neighborhood,Noun,Our neighborhood is quiet.,vocab_a2_0232
가수,gasu,Sänger,A2,Nomen,저 가수 노래가 정말 좋아요.,Diese Person singt wirklich gut.,Menschen & Berufe,a2_people_jobs_1,1,false,singer,Noun,That person sings really well.,vocab_a2_0233
변호사,byeonhosa,Anwalt,A2,Nomen,언니는 변호사예요.,Meine große Schwester ist Anwältin.,Menschen & Berufe,a2_people_jobs_1,2,false,lawyer,Noun,My older sister is a lawyer.,vocab_a2_0234
경찰,gyeongchal,Polizist,A2,Nomen,경찰이 길을 안내해 줬어요.,Ein Polizist hat mir den Weg gezeigt.,Menschen & Berufe,a2_people_jobs_1,3,false,police officer,Noun,A police officer showed me the way.,vocab_a2_0235
군인,gunin,Soldat,A2,Nomen,형은 지금 군인이에요.,Mein Bruder ist gerade Soldat.,Menschen & Berufe,a2_people_jobs_1,4,false,soldier,Noun,My brother is a soldier now.,vocab_a2_0236
사원,sawon,Angestellter,B1,Nomen,저는 회사 사원이에요.,Ich bin Angestellter in einer Firma.,Menschen & Berufe,b1_work,12,false,employee,Noun,I am a company employee.,vocab_a2_0237
주인,juin,Besitzer,A2,Nomen,가게 주인이 친절하게 인사해요.,Der Ladenbesitzer begrüßt mich freundlich.,Menschen & Berufe,a2_people_jobs_1,6,false,owner,Noun,The shop owner greets me kindly.,vocab_a2_0238
아저씨,ajeossi,Onkel (Anrede),A2,Nomen,택시 아저씨가 길을 잘 아세요.,Der Taxifahrer kennt den Weg gut.,Menschen & Berufe,a2_people_jobs_1,7,false,middle-aged man,Noun,The taxi driver knows the way well.,vocab_a2_0239
아주머니,ajumeoni,Tante (Anrede),A2,Nomen,식당에서 일하시는 아주머니가 반찬을 더 주셨어요.,Eine Mitarbeiterin im Restaurant hat uns mehr Beilagen gebracht.,Menschen & Berufe,a2_people_jobs_1,8,false,middle-aged woman,Noun,A woman working at the restaurant brought us more side dishes.,vocab_a2_0240
왕,wang,König,A2,Nomen,세종대왕은 유명한 왕이에요.,König Sejong ist ein berühmter König.,Menschen & Berufe,a2_people_jobs_1,9,false,king,Noun,King Sejong is a famous king.,vocab_a2_0241
왕비,wangbi,Königin,A2,Nomen,왕비가 궁에 살았어요.,Die Königin lebte im Palast.,Menschen & Berufe,a2_people_jobs_1,10,true,queen,Noun,The queen lived in the palace.,vocab_a2_0242
왕자,wangja,Prinz,A2,Nomen,동화에 왕자가 나와요.,Im Märchen kommt ein Prinz vor.,Menschen & Berufe,a2_people_jobs_1,11,true,prince,Noun,A prince appears in the fairy tale.,vocab_a2_0243
공주,gongju,Prinzessin,A2,Nomen,아이가 공주 그림을 그렸어요.,Das Kind hat eine Prinzessin gemalt.,Menschen & Berufe,a2_people_jobs_1,12,true,princess,Noun,The child drew a princess.,vocab_a2_0244
교실,gyosil,Klassenzimmer,A2,Nomen,교실이 아주 조용해요.,Das Klassenzimmer ist sehr ruhig.,Schule & Uni,a2_school_uni_1,1,false,classroom,Noun,The classroom is very quiet.,vocab_a2_0245
교과서,gyogwaseo,Lehrbuch,A2,Nomen,교과서 20쪽을 펴세요.,Schlagen Sie das Lehrbuch auf Seite zwanzig auf.,Schule & Uni,a2_school_uni_1,2,false,textbook,Noun,Please open the textbook to page twenty.,vocab_a2_0246
공책,gongchaek,Heft,A2,Nomen,공책에 단어를 썼어요.,Ich habe die Wörter ins Heft geschrieben.,Schule & Uni,a2_school_uni_1,3,false,notebook,Noun,I wrote the words in my notebook.,vocab_a2_0247
칠판,chilpan,Tafel,A2,Nomen,선생님이 칠판에 써요.,Die Lehrkraft schreibt an die Tafel.,Schule & Uni,a2_school_uni_1,4,false,blackboard,Noun,The teacher writes on the blackboard.,vocab_a2_0248
대학교,daehakgyo,Universität,A2,Nomen,누나는 대학교에 다녀요.,Meine Schwester geht zur Universität.,Schule & Uni,a2_school_uni_1,5,false,university,Noun,My sister attends university.,vocab_a2_0249
대학생,daehaksaeng,Student,A2,Nomen,저는 대학생이에요.,Ich studiere an einer Universität.,Schule & Uni,a2_school_uni_1,6,false,university student,Noun,I am a university student.,vocab_a2_0250
고등학생,godeunghaksaeng,Oberschüler,A2,Nomen,동생은 고등학생이에요.,Mein Bruder ist Oberschüler.,Schule & Uni,a2_school_uni_1,7,false,high school student,Noun,My younger brother is a high school student.,vocab_a2_0251
중학생,junghaksaeng,Mittelschüler,A2,Nomen,중학생 때 한국어 공부를 시작했어요.,"In der Mittelstufe habe ich angefangen, Koreanisch zu lernen.",Schule & Uni,a2_school_uni_1,8,false,middle school student,Noun,I started learning Korean in middle school.,vocab_a2_0252
반,ban,Klasse (Gruppe),A2,Nomen,우리 반은 학생이 스무 명이에요.,Unsere Klasse hat zwanzig Schüler.,Schule & Uni,a2_school_uni_1,9,false,class,Noun,Our class has twenty students.,vocab_a2_0253
교수,gyosu,Professor,A2,Nomen,교수님 수업이 재미있어요.,Die Vorlesung ist interessant.,Schule & Uni,a2_school_uni_1,10,true,professor,Noun,The professor's lecture is interesting.,vocab_a2_0254
유학,yuhak,Auslandsstudium,A2,Nomen,내년에 한국으로 유학을 가요.,Nächstes Jahr gehe ich zum Studium nach Korea.,Schule & Uni,a2_school_uni_1,11,true,studying abroad,Noun,I am going to study in Korea next year.,vocab_a2_0255
유학생,yuhaksaeng,Auslandsstudent,A2,Nomen,우리 학교에 유학생이 많아요.,An unserer Hochschule gibt es viele internationale Studierende.,Schule & Uni,a2_school_uni_1,12,true,international student,Noun,There are many international students at our university.,vocab_a2_0256
열리다,yeollida,sich öffnen,A2,Verb,문이 저절로 열렸어요.,Die Tür öffnete sich von selbst.,Zustandsverben,a2_change_verbs_1,1,false,to be opened,Verb,The door opened by itself.,vocab_a2_0257
닫히다,dachida,sich schließen,A2,Verb,바람에 창문이 닫혔어요.,Der Wind hat das Fenster zugedrückt.,Zustandsverben,a2_change_verbs_1,2,false,to be closed,Verb,The wind blew the window shut.,vocab_a2_0258
켜지다,kyeojida,angehen (Licht),A2,Verb,불이 자동으로 켜져요.,Das Licht geht automatisch an.,Zustandsverben,a2_change_verbs_1,3,false,to be turned on,Verb,The light turns on automatically.,vocab_a2_0259
꺼지다,kkeojida,ausgehen (Licht),A2,Verb,갑자기 불이 꺼졌어요.,Plötzlich ging das Licht aus.,Zustandsverben,a2_change_verbs_1,4,false,to be turned off,Verb,The light suddenly went out.,vocab_a2_0260
떨어지다,tteoreojida,herunterfallen,A2,Verb,책이 책상에서 떨어졌어요.,Das Buch fiel vom Tisch.,Zustandsverben,a2_change_verbs_1,5,false,to fall,Verb,The book fell off the desk.,vocab_a2_0261
남다,namda,übrig bleiben,A2,Verb,음식이 많이 남았어요.,Es ist viel Essen übrig geblieben.,Zustandsverben,a2_change_verbs_1,6,false,to remain,Verb,A lot of food was left over.,vocab_a2_0262
붙다,butda,kleben (haften),A2,Verb,벽에 포스터가 붙어 있어요.,An der Wand klebt ein Poster.,Zustandsverben,a2_change_verbs_1,7,false,to stick,Verb,A poster is stuck on the wall.,vocab_a2_0263
걸리다,geollida,hängen (dauern),A2,Verb,벽에 그림이 걸려 있어요.,An der Wand hängt ein Bild.,Zustandsverben,a2_change_verbs_1,8,false,to hang,Verb,A picture hangs on the wall.,vocab_a2_0264
빼다,ppaeda,herausziehen,A2,Verb,가방에서 책을 뺐어요.,Ich habe das Buch aus der Tasche genommen.,Zustandsverben,a2_change_verbs_1,9,false,to take out,Verb,I took the book out of the bag.,vocab_a2_0265
세우다,seuda,aufstellen (parken),A2,Verb,차를 여기에 세워 주세요.,Stellen Sie das Auto bitte hier ab.,Zustandsverben,a2_change_verbs_1,10,true,to park,Verb,Please park the car here.,vocab_a2_0266
나가다,nagada,hinausgehen,A2,Verb,잠깐 밖에 나갔다 올게요.,Ich gehe kurz raus und komme wieder.,Zustandsverben,a2_change_verbs_1,11,true,to go out,Verb,I will step out for a moment.,vocab_a2_0267
나오다,naoda,herauskommen,A2,Verb,회의가 끝나고 방에서 나왔어요.,Nach der Sitzung kam ich aus dem Raum.,Zustandsverben,a2_change_verbs_1,12,true,to come out,Verb,I came out of the room after the meeting.,vocab_a2_0268
관리비,gwallibi,Nebenkosten,B1,Nomen,관리비에 인터넷 요금도 포함되어 있나요?,Sind die Internetkosten in den Nebenkosten enthalten?,Wohnen & Vertrag,b1_housing_contract_1,1,false,maintenance fee / utilities,Noun,Are the internet charges included in the maintenance fee?,vocab_b1_0248
계약서,gyeyakseo,Vertrag,B1,Nomen,계약서에 서명하기 전에 내용을 다시 확인했어요.,"Ich habe den Inhalt noch einmal geprüft, bevor ich den Vertrag unterschrieben habe.",Wohnen & Vertrag,b1_housing_contract_1,2,false,contract,Noun,I checked the contents again before signing the contract.,vocab_b1_0249
세입자,seipja,Mieter oder Mieterin,B1,Nomen,관리인은 새 세입자가 들어오는 날짜를 알려 달라고 했다.,"Die Hausverwaltung bat darum, ihr das Einzugsdatum der neuen Mietpartei mitzuteilen.",Wohnen & Vertrag,b1_housing_contract_1,3,false,tenant,Noun,The building manager asked to be told when the new tenant would move in.,vocab_b1_0250
입주하다,ipjuhada,einziehen,B1,Verb,다음 달 초에 새 아파트에 입주할 예정이에요.,Anfang nächsten Monats werde ich in die neue Wohnung einziehen.,Wohnen & Vertrag,b1_housing_contract_1,4,false,to move in,Verb,I am planning to move into the new apartment at the beginning of next month.,vocab_b1_0251
퇴거하다,toegeohada,ausziehen,B1,Verb,계약이 끝나는 날 퇴거하기로 집주인과 합의했어요.,"Ich habe mit der vermietenden Person vereinbart, am Ende des Mietvertrags auszuziehen.",Wohnen & Vertrag,b1_housing_contract_1,5,false,to move out,Verb,I agreed with the landlord to move out when the lease ends.,vocab_b1_0252
연장하다,yeonjanghada,verlängern,B1,Verb,집주인과 상의해서 계약 기간을 1년 더 연장했어요.,Nach Rücksprache mit der Vermieterseite habe ich die Vertragslaufzeit um ein Jahr verlängert.,Wohnen & Vertrag,b1_housing_contract_1,6,false,to extend,Verb,After talking with the landlord I extended the contract term by another year.,vocab_b1_0253
수리비,suribi,Reparaturkosten,B1,Nomen,누수 때문에 수리비가 예상보다 많이 들었어요.,Wegen des Wasserlecks sind die Reparaturkosten höher ausgefallen als erwartet.,Wohnen & Vertrag,b1_housing_contract_1,7,false,repair costs,Noun,Because of the water leak the repair costs were higher than expected.,vocab_b1_0254
누수,nusu,Wasserleck,B1,Nomen,천장에서 누수가 생겨서 바로 부동산에 연락했어요.,"Es gab ein Wasserleck an der Decke, deshalb habe ich sofort das Immobilienbüro angerufen.",Wohnen & Vertrag,b1_housing_contract_1,8,false,water leak,Noun,There was a water leak in the ceiling so I called the real estate agency right away.,vocab_b1_0255
난방,nanbang,Heizung,B1,Nomen,난방이 잘 안 돼서 관리실에 문의했어요.,"Die Heizung funktionierte nicht richtig, deshalb habe ich bei der Hausverwaltung nachgefragt.",Wohnen & Vertrag,b1_housing_contract_1,9,false,heating,Noun,The heating was not working properly so I asked the building management about it.,vocab_b1_0256
부동산,budongsan,Immobilienbüro,B1,Nomen,근처 부동산에서 이 집을 소개해 줬어요.,Ein Immobilienbüro in der Nähe hat mir diese Wohnung gezeigt.,Wohnen & Vertrag,b1_housing_contract_1,10,true,real estate agency,Noun,A nearby real estate agency showed me this home.,vocab_b1_0257
중개인,junggaein,Makler oder Maklerin,B1,Nomen,중개인에게 계약 조건을 자세히 설명해 달라고 했어요.,"Ich habe den Makler gebeten, die Vertragsbedingungen genau zu erklären.",Wohnen & Vertrag,b1_housing_contract_1,11,true,real estate agent,Noun,I asked the real estate agent to explain the contract terms in detail.,vocab_b1_0258
이삿짐,isatjim,Umzugssachen,B1,Nomen,이삿짐은 오전에 먼저 새 집으로 보냈어요.,Die Umzugssachen habe ich am Vormittag zuerst in die neue Wohnung schicken lassen.,Wohnen & Vertrag,b1_housing_contract_1,12,true,moving belongings,Noun,I sent the moving belongings to the new home first thing in the morning.,vocab_b1_0259
조항,johang,Klausel,B2,Nomen,계약서의 조항을 하나씩 검토해 보겠습니다.,Wir werden die Klauseln des Vertrags einzeln prüfen.,Formelle Vereinbarungen,b2_formal_agreement_1,1,false,clause,Noun,We will review the clauses of the contract one by one.,vocab_b2_0205
해지하다,haejihada,kündigen,B2,Verb,중도에 계약을 해지하려면 위약금이 발생할 수 있어요.,"Wenn Sie den Vertrag vorzeitig kündigen, kann eine Vertragsstrafe anfallen.",Formelle Vereinbarungen,b2_formal_agreement_1,2,false,to terminate,Verb,If you terminate the contract early a penalty may apply.,vocab_b2_0206
갱신하다,gaengsinhada,erneuern,B2,Verb,조건을 확인한 뒤에 계약을 갱신하기로 했습니다.,"Nachdem wir die Bedingungen geprüft hatten, beschlossen wir den Vertrag zu erneuern.",Formelle Vereinbarungen,b2_formal_agreement_1,3,false,to renew,Verb,After reviewing the terms we decided to renew the contract.,vocab_b2_0207
협의하다,hyeobuihada,sich beraten; sich abstimmen,B2,Verb,변경 사항은 양측이 충분히 협의한 뒤에 결정해야 합니다.,"Änderungen sollten erst beschlossen werden, nachdem beide Seiten sich darüber eingehend beraten haben.",Formelle Vereinbarungen,b2_formal_agreement_1,4,false,to consult / coordinate,Verb,Changes should be decided only after both sides have discussed them sufficiently.,vocab_b2_0208
이행하다,ihaenghada,erfüllen,B2,Verb,당사자는 합의한 의무를 성실히 이행해야 합니다.,Die Vertragsparteien müssen die vereinbarten Pflichten gewissenhaft erfüllen.,Formelle Vereinbarungen,b2_formal_agreement_1,5,false,to fulfill,Verb,The parties must faithfully fulfill their agreed obligations.,vocab_b2_0209
당사자,dangsaja,Vertragspartei,B2,Nomen,모든 당사자가 서명한 뒤에 절차를 진행하겠습니다.,"Wir setzen das Verfahren fort, nachdem alle Vertragsparteien unterschrieben haben.",Formelle Vereinbarungen,b2_formal_agreement_1,6,false,contracting party,Noun,We will proceed after all parties have signed.,vocab_b2_0210
효력,hyoryeok,Gültigkeit,B2,Nomen,서명 이후에야 합의서가 효력을 갖습니다.,Die Vereinbarung wird erst nach der Unterschrift wirksam.,Formelle Vereinbarungen,b2_formal_agreement_1,7,false,legal effect,Noun,The agreement takes effect only after it is signed.,vocab_b2_0211
기한,gihan,Frist,B2,Nomen,제출 기한을 지키기 어려우면 미리 알려 주세요.,"Bitte teilen Sie uns frühzeitig mit, wenn die Einreichungsfrist schwer einzuhalten ist.",Formelle Vereinbarungen,b2_formal_agreement_1,8,false,deadline,Noun,Please let us know in advance if it will be difficult to meet the submission deadline.,vocab_b2_0212
서면,seomyeon,Schriftform,B2,Nomen,변경 내용은 서면으로 확인해 두는 것이 좋습니다.,"Es ist besser, Änderungen schriftlich festzuhalten.",Formelle Vereinbarungen,b2_formal_agreement_1,9,false,written form,Noun,It is better to confirm changes in writing.,vocab_b2_0213
합의서,habuiseo,Vereinbarung,B2,Nomen,합의서에는 양쪽의 책임과 기한을 분명히 적었습니다.,In der Vereinbarung haben wir die Pflichten und Fristen beider Seiten klar festgehalten.,Formelle Vereinbarungen,b2_formal_agreement_1,10,true,agreement,Noun,The agreement clearly states both sides' responsibilities and deadlines.,vocab_b2_0214
위반하다,wibanhada,verletzen,B2,Verb,상대방이 조항을 위반하면 해결 절차를 시작할 수 있습니다.,"Wenn die andere Seite eine Klausel verletzt, kann ein Lösungsverfahren eingeleitet werden.",Formelle Vereinbarungen,b2_formal_agreement_1,11,true,to violate,Verb,If the other party violates a clause a resolution process can be started.,vocab_b2_0215
유예하다,yuyehada,aufschieben,B2,Verb,지급 기한을 한 달 유예해 주실 수 있는지 문의했습니다.,"Ich habe angefragt, ob die Zahlungsfrist um einen Monat aufgeschoben werden kann.",Formelle Vereinbarungen,b2_formal_agreement_1,12,true,to defer,Verb,I asked whether the payment deadline could be deferred by one month.,vocab_b2_0216
조율하다,joyulhada,abstimmen,B1,Verb,팀원들과 일정을 조율한 뒤에 회의 시간을 확정했어요.,"Nachdem ich den Zeitplan mit dem Team abgestimmt hatte, habe ich den Besprechungstermin festgelegt.",Arbeitskoordination & Termine,b1_work_coordination_1,1,false,to coordinate,Verb,"After coordinating the schedule with the team, I confirmed the meeting time.",vocab_b1_0260
참석 여부,chamseok yeobu,Teilnahme oder Absage,B1,Nomen,회의 참석 여부를 오늘 안에 알려 주세요.,"Bitte teilen Sie uns noch heute mit, ob Sie an der Besprechung teilnehmen können.",Arbeitskoordination & Termine,b1_work_coordination_1,2,false,attendance status,Noun,Please let us know by today whether you can attend the meeting.,vocab_b1_0261
우선순위,useonsunwi,Priorität,B1,Nomen,마감일이 가까운 업무의 우선순위를 먼저 정했어요.,Wir haben zuerst die Prioritäten für die Aufgaben mit naher Abgabefrist festgelegt.,Arbeitskoordination & Termine,b1_work_coordination_1,3,false,priority,Noun,We first set the priorities for tasks with approaching deadlines.,vocab_b1_0262
회의실,hoeuisil,Besprechungsraum,B1,Nomen,오후 회의를 위해 3층 회의실을 예약했어요.,Für die Besprechung am Nachmittag habe ich einen Raum im dritten Stock reserviert.,Arbeitskoordination & Termine,b1_work_coordination_1,4,false,meeting room,Noun,I reserved a meeting room on the third floor for the afternoon meeting.,vocab_b1_0263
대신하다,daesinhada,vertretungsweise übernehmen,B1,Verb,담당자가 부재중이라 제가 대신 업무를 맡기로 했어요.,"Da die zuständige Person nicht da war, habe ich die Aufgaben stellvertretend übernommen.",Arbeitskoordination & Termine,b1_work_coordination_1,5,false,to take over temporarily,Verb,"Since the person in charge was unavailable, I took over the duties temporarily.",vocab_b1_0264
지연되다,jiyeondoeda,sich verzögern,B1,Verb,자료가 늦게 도착해서 회의 시작이 20분 지연됐어요.,"Weil die Unterlagen spät ankamen, hat sich der Beginn der Besprechung um zwanzig Minuten verzögert.",Arbeitskoordination & Termine,b1_work_coordination_1,6,false,to be delayed,Verb,"Because the materials arrived late, the start of the meeting was delayed by 20 minutes.",vocab_b1_0265
업무 분담,eommu bundam,Aufgabenverteilung,B1,Nomen,회의 전에 업무 분담을 정해서 각자 맡을 일을 확인했어요.,"Vor der Besprechung haben wir die Aufgabenverteilung festgelegt und geprüft, wer was übernimmt.",Arbeitskoordination & Termine,b1_work_coordination_1,7,false,division of tasks,Noun,Before the meeting we agreed on the division of tasks and confirmed what each person would handle.,vocab_b1_0266
마감일,magamil,Abgabefrist,B1,Nomen,이 보고서의 마감일은 다음 주 금요일이에요.,Die Abgabefrist für diesen Bericht ist nächsten Freitag.,Arbeitskoordination & Termine,b1_work_coordination_1,8,false,deadline,Noun,The deadline for this report is next Friday.,vocab_b1_0267
미루다,miruda,verschieben,B1,Verb,결정이 늦어져서 회의를 다음 주로 미뤘어요.,"Da sich die Entscheidung verzögerte, haben wir die Besprechung auf nächste Woche verschoben.",Arbeitskoordination & Termine,b1_work_coordination_1,9,false,to postpone,Verb,"Because the decision was delayed, we postponed the meeting until next week.",vocab_b1_0268
확정하다,hwakjeonghada,endgültig festlegen,B1,Verb,참석 인원을 확인한 뒤에 최종 일정을 확정할게요.,"Nachdem ich die Zahl der Teilnehmenden geprüft habe, werde ich den endgültigen Termin festlegen.",Arbeitskoordination & Termine,b1_work_coordination_1,10,true,to finalize,Verb,"After checking the number of participants, I will finalize the schedule.",vocab_b1_0269
부재중,bujaejung,abwesend,B1,Adjektiv,팀장님이 부재중이셔서 메일로 보고드렸어요.,"Da die Teamleitung abwesend war, habe ich per E-Mail Bericht erstattet.",Arbeitskoordination & Termine,b1_work_coordination_1,11,true,unavailable,Adjective,"Since the team leader was unavailable, I sent a report by email.",vocab_b1_0270
협조하다,hyeopjohada,mitwirken,B1,Verb,일정 변경에 협조해 주셔서 감사합니다.,"Vielen Dank, dass Sie bei der Terminänderung mitgewirkt haben.",Arbeitskoordination & Termine,b1_work_coordination_1,12,true,to cooperate,Verb,Thank you for cooperating with the schedule change.,vocab_b1_0271
민원,minwon,Beschwerde,B2,Nomen,접수된 민원에 대해 담당 부서가 검토를 시작했습니다.,Die zuständige Abteilung hat mit der Prüfung der eingereichten Beschwerde begonnen.,Formelle Beschwerde & Abhilfe,b2_formal_complaint_1,1,false,complaint,Noun,The responsible department has begun reviewing the complaint that was filed.,vocab_b2_0217
결함,gyeolham,Mangel,B2,Nomen,제품의 결함이 확인되면 즉시 교환 절차를 안내해 드리겠습니다.,"Wenn ein Produktmangel bestätigt wird, informieren wir Sie unverzüglich über das Umtauschverfahren.",Formelle Beschwerde & Abhilfe,b2_formal_complaint_1,2,false,defect,Noun,"If a product defect is confirmed, we will promptly explain the exchange procedure.",vocab_b2_0218
보상,bosang,Entschädigung,B2,Nomen,불편을 드린 점에 대해 적절한 보상 방안을 검토하겠습니다.,Wir werden angemessene Möglichkeiten der Entschädigung für die entstandenen Unannehmlichkeiten prüfen.,Formelle Beschwerde & Abhilfe,b2_formal_complaint_1,3,false,compensation,Noun,We will review appropriate compensation options for the inconvenience caused.,vocab_b2_0219
시정하다,sijeonghada,korrigieren,B2,Verb,같은 문제가 반복되지 않도록 절차상의 문제를 시정하겠습니다.,"Wir werden die Probleme im Verfahren beheben, damit sich dasselbe Problem nicht wiederholt.",Formelle Beschwerde & Abhilfe,b2_formal_complaint_1,4,false,to correct,Verb,We will correct the procedural issues so that the same problem does not recur.,vocab_b2_0220
재발,jaebal,erneutes Auftreten,B2,Nomen,재발을 막기 위해 원인을 분석하고 개선안을 마련했습니다.,"Um ein erneutes Auftreten zu verhindern, haben wir die Ursache analysiert und Verbesserungsmaßnahmen ausgearbeitet.",Formelle Beschwerde & Abhilfe,b2_formal_complaint_1,5,false,recurrence,Noun,"To prevent recurrence, we analyzed the cause and prepared improvement measures.",vocab_b2_0221
접수하다,jeopsuhada,entgegennehmen,B2,Verb,제출하신 이의 제기는 어제 공식적으로 접수했습니다.,Wir haben Ihren eingereichten Einspruch gestern offiziell entgegengenommen.,Formelle Beschwerde & Abhilfe,b2_formal_complaint_1,6,false,to receive officially,Verb,We officially received your submitted objection yesterday.,vocab_b2_0222
처리하다,cheorihada,bearbeiten,B2,Verb,담당 부서에서 관련 서류를 검토한 뒤 민원을 처리할 예정입니다.,"Die zuständige Abteilung wird die Beschwerde bearbeiten, nachdem sie die relevanten Unterlagen geprüft hat.",Formelle Beschwerde & Abhilfe,b2_formal_complaint_1,7,false,to process,Verb,The responsible department will process the complaint after reviewing the relevant documents.,vocab_b2_0223
담당 부서,damdang buseo,zuständige Abteilung,B2,Nomen,담당 부서에서 확인한 뒤 서면으로 답변드리겠습니다.,Nach Prüfung durch die zuständige Abteilung werden wir Ihnen schriftlich antworten.,Formelle Beschwerde & Abhilfe,b2_formal_complaint_1,8,false,responsible department,Noun,"After the responsible department has reviewed the matter, we will respond to you in writing.",vocab_b2_0224
이의 제기,iui jegi,Einspruch,B2,Nomen,결과에 대한 이의 제기는 안내된 기한 안에 제출해 주시기 바랍니다.,Bitte reichen Sie einen Einspruch gegen das Ergebnis innerhalb der angegebenen Frist ein.,Formelle Beschwerde & Abhilfe,b2_formal_complaint_1,9,false,objection,Noun,Please submit any objection to the result within the stated deadline.,vocab_b2_0225
서면 답변,seomyeon dapbyeon,schriftliche Antwort,B2,Nomen,검토가 끝나는 대로 서면 답변을 보내드리겠습니다.,"Sobald die Prüfung abgeschlossen ist, senden wir Ihnen eine schriftliche Antwort.",Formelle Beschwerde & Abhilfe,b2_formal_complaint_1,10,true,written response,Noun,"As soon as the review is complete, we will send you a written response.",vocab_b2_0226
조치,jochi,Maßnahme,B2,Nomen,확인된 결함에 대해 필요한 조치를 이미 취했습니다.,Wir haben bereits die notwendigen Maßnahmen hinsichtlich des bestätigten Mangels ergriffen.,Formelle Beschwerde & Abhilfe,b2_formal_complaint_1,11,true,corrective action,Noun,We have already taken the necessary action regarding the confirmed defect.,vocab_b2_0227
보완하다,bowanhada,ergänzen,B2,Verb,누락된 내용을 보완한 뒤 다시 제출해 주시기 바랍니다.,Bitte ergänzen Sie die fehlenden Angaben und reichen Sie die Unterlagen anschließend erneut ein.,Formelle Beschwerde & Abhilfe,b2_formal_complaint_1,12,true,to supplement,Verb,Please supplement the missing information and then submit the documents again.,vocab_b2_0228
타협하다,tahyeophada,einen Kompromiss schließen,B2,Verb,두 사람은 서로 한 걸음씩 양보해 현실적인 방안으로 타협했어요.,Beide Seiten gaben etwas nach und einigten sich auf eine realistische Lösung.,Entscheidungen & Perspektiven,b2_decisions_perspectives_1,1,false,to compromise,Verb,Both sides gave a little and reached a realistic compromise.,vocab_b2_0229
주관,jugwan,subjektive Sicht,B2,Nomen,주관이 다르다고 해서 상대의 판단이 틀린 것은 아니에요.,"Nur weil sich subjektive Sichtweisen unterscheiden, ist die Einschätzung der anderen Person nicht falsch.",Entscheidungen & Perspektiven,b2_decisions_perspectives_1,2,false,subjective perspective,Noun,A different subjective view does not make the other person's judgment wrong.,vocab_b2_0230
숙고하다,sukgohada,sorgfältig abwägen,B2,Verb,이번 결정에서는 빠른 결과보다 장기적인 영향을 충분히 숙고하려고 해요.,Bei dieser Entscheidung möchte ich die langfristigen Folgen statt nur schneller Ergebnisse gründlich abwägen.,Entscheidungen & Perspektiven,b2_decisions_perspectives_1,3,false,to deliberate carefully,Verb,"For this decision, I want to weigh the long-term consequences carefully rather than just quick results.",vocab_b2_0231
양보,yangbo,Zugeständnis,B2,Nomen,의견 차이를 줄이려면 서로가 받아들일 수 있는 양보가 필요해요.,"Um unterschiedliche Meinungen einander anzunähern, braucht es Zugeständnisse, die beide Seiten akzeptieren können.",Entscheidungen & Perspektiven,b2_decisions_perspectives_1,4,false,concession,Noun,"To narrow a difference of opinion, both sides need concessions they can accept.",vocab_b2_0232
신념,sinnyeom,Überzeugung,B2,Nomen,그는 어려운 상황에서도 남을 성급히 판단하지 않겠다는 신념을 지켰어요.,"Auch in schwierigen Situationen hielt er an seiner Überzeugung fest, andere nicht vorschnell zu beurteilen.",Entscheidungen & Perspektiven,b2_decisions_perspectives_1,5,false,conviction,Noun,"Even in difficult situations, he held on to his conviction not to judge others too quickly.",vocab_b2_0233
기준,gijun,Maßstab,B2,Nomen,무엇이 중요한지에 대한 기준이 다르면 같은 선택도 다르게 보일 수 있어요.,"Wenn sich die Maßstäbe dafür unterscheiden, was wichtig ist, kann dieselbe Wahl unterschiedlich wirken.",Entscheidungen & Perspektiven,b2_decisions_perspectives_1,6,false,criterion,Noun,"When people use different criteria for what matters, the same choice can look different.",vocab_b2_0234
이견,igyeon,abweichende Meinung,B2,Nomen,회의에서는 비용보다 안전을 우선해야 한다는 이견이 제기됐어요.,"In der Sitzung wurde die abweichende Meinung vorgebracht, Sicherheit müsse vor Kosten stehen.",Entscheidungen & Perspektiven,b2_decisions_perspectives_1,7,false,differing opinion,Noun,"At the meeting, someone raised the view that safety should come before cost.",vocab_b2_0235
절충안,jeolchungan,Kompromisslösung,B2,Nomen,두 제안의 장점을 살린 절충안을 찾으면 갈등을 줄일 수 있어요.,"Eine Kompromisslösung, die die Stärken beider Vorschläge aufgreift, kann Konflikte verringern.",Entscheidungen & Perspektiven,b2_decisions_perspectives_1,8,false,compromise solution,Noun,A compromise that keeps the strengths of both proposals can reduce conflict.,vocab_b2_0236
책무,chaengmu,Verantwortungspflicht,B2,Nomen,관리자는 결정의 결과를 설명할 책무가 있어요.,"Leitende Personen haben die Verantwortung, die Folgen ihrer Entscheidungen zu erklären.",Entscheidungen & Perspektiven,b2_decisions_perspectives_1,9,false,responsibility,Noun,Leaders have a responsibility to explain the consequences of their decisions.,vocab_b2_0237
결단,gyeoldan,Entschluss,B2,Nomen,정보가 충분하지 않아도 어느 순간에는 결단을 내려야 할 때가 있어요.,"Auch wenn Informationen fehlen, kommt der Moment, in dem man eine Entscheidung treffen muss.",Entscheidungen & Perspektiven,b2_decisions_perspectives_1,10,true,firm decision,Noun,"Even without complete information, there comes a time when you have to make a decision.",vocab_b2_0238
소신,sosin,eigene Überzeugung,B2,Nomen,모두가 반대해도 자신의 소신을 차분히 설명했어요.,"Obwohl alle anderer Meinung waren, erklärte sie ihre eigene Überzeugung ruhig.",Entscheidungen & Perspektiven,b2_decisions_perspectives_1,11,true,personal conviction,Noun,"Even though everyone disagreed, she calmly explained her own conviction.",vocab_b2_0239
되돌아보다,doedoraboda,rückblickend betrachten,B2,Verb,그 선택이 남긴 영향을 되돌아보며 다음 기준을 세웠어요.,Im Rückblick auf die Folgen dieser Wahl habe ich einen neuen Maßstab für die nächste Entscheidung gesetzt.,Entscheidungen & Perspektiven,b2_decisions_perspectives_1,12,true,to reflect on,Verb,"Reflecting on the effects of that choice, I set a new criterion for my next decision.",vocab_b2_0240
여운,yeoun,Nachklang,B2,Nomen,짧은 문장이었지만 읽고 난 뒤에도 긴 여운이 남았어요.,"Der Satz war kurz, aber er klang noch lange nach, nachdem ich ihn gelesen hatte.",Lesen & Reaktionen,b2_reading_response_1,1,false,lingering impression,Noun,"It was a short sentence, but it stayed with me long after I had read it.",vocab_b2_0241
숨은 뜻,sumeun tteut,verborgene Bedeutung,B2,Nomen,이 장면에는 직접 말하지 않은 숨은 뜻이 있어요.,"Diese Szene hat eine verborgene Bedeutung, die nicht direkt ausgesprochen wird.",Lesen & Reaktionen,b2_reading_response_1,2,false,hidden meaning,Noun,This scene has a hidden meaning that is not stated directly.,vocab_b2_0242
묘사,myosa,Beschreibung,B2,Nomen,비가 그친 거리의 묘사가 장면을 눈앞에 그리게 했어요.,Die Beschreibung der Straße nach dem Regen ließ die Szene vor meinem inneren Auge entstehen.,Lesen & Reaktionen,b2_reading_response_1,3,false,description,Noun,The description of the street after the rain brought the scene to life.,vocab_b2_0243
시선,siseon,Blickwinkel,B2,Nomen,낯선 사람을 바라보는 화자의 시선이 글 전체의 분위기를 만들어요.,Der Blickwinkel der erzählenden Person auf die Fremden prägt die Stimmung des ganzen Textes.,Lesen & Reaktionen,b2_reading_response_1,4,false,perspective,Noun,The narrator's perspective on the strangers shapes the mood of the whole text.,vocab_b2_0244
공감하다,gonggamhada,mitfühlen,B2,Verb,저는 주인공이 말하지 못한 불안에 더 공감했어요.,"Ich konnte besonders mit der Angst mitfühlen, die die Hauptfigur nicht aussprechen konnte.",Lesen & Reaktionen,b2_reading_response_1,5,false,to empathize,Verb,I especially empathized with the anxiety the main character could not put into words.,vocab_b2_0245
해석,haeseok,Interpretation,B2,Nomen,같은 문장도 독자의 경험에 따라 여러 방식으로 해석될 수 있어요.,Derselbe Satz kann je nach Erfahrung der lesenden Person unterschiedlich interpretiert werden.,Lesen & Reaktionen,b2_reading_response_1,6,false,interpretation,Noun,The same sentence can be interpreted in different ways depending on the reader's experience.,vocab_b2_0246
인상,insang,Eindruck,B2,Nomen,첫 문단의 차분한 인상이 마지막의 긴장과 대조됐어요.,Der ruhige Eindruck des ersten Abschnitts stand im Kontrast zur Spannung am Ende.,Lesen & Reaktionen,b2_reading_response_1,7,false,impression,Noun,The calm impression of the first paragraph contrasted with the tension at the end.,vocab_b2_0247
상징,sangjing,Symbol,B2,Nomen,반복해서 나오는 창문은 인물의 망설임을 보여 주는 상징처럼 느껴졌어요.,Das wiederkehrende Fenster wirkte wie ein Symbol für das Zögern der Figur.,Lesen & Reaktionen,b2_reading_response_1,8,false,symbol,Noun,The recurring window felt like a symbol of the character's hesitation.,vocab_b2_0248
서술,seosul,Erzählweise,B2,Nomen,시간 순서를 바꾼 서술 덕분에 결말의 의미가 더 또렷해졌어요.,Durch die veränderte zeitliche Erzählweise wurde die Bedeutung des Endes deutlicher.,Lesen & Reaktionen,b2_reading_response_1,9,false,narration,Noun,Changing the order of time in the narration made the ending clearer.,vocab_b2_0249
울림,ullim,Resonanz,B2,Nomen,누군가를 용서하는 장면이 제게 가장 큰 울림을 줬어요.,"Die Szene, in der jemand vergeben wird, hat mich am stärksten berührt.",Lesen & Reaktionen,b2_reading_response_1,10,true,resonance,Noun,The scene in which someone is forgiven resonated with me the most.,vocab_b2_0250
대조,daejo,Gegensatz,B2,Nomen,밝은 배경과 무거운 대사의 대조가 인물의 외로움을 드러냈어요.,Der Gegensatz zwischen hellem Hintergrund und schweren Worten machte die Einsamkeit der Figur sichtbar.,Lesen & Reaktionen,b2_reading_response_1,11,true,contrast,Noun,The contrast between the bright setting and the heavy dialogue revealed the character's loneliness.,vocab_b2_0251
성찰,seongchal,Selbstreflexion,B2,Nomen,글을 읽고 난 뒤 제 행동을 돌아보는 성찰의 시간이 필요했어요.,"Nach der Lektüre brauchte ich Zeit, um über mein eigenes Verhalten nachzudenken.",Lesen & Reaktionen,b2_reading_response_1,12,true,self-reflection,Noun,"After reading the text, I needed time to reflect on my own actions.",vocab_b2_0252
어감,eogam,sprachliche Wirkung,B2,Nomen,같은 뜻이라도 '부탁'과 '요구'는 어감이 달라요.,"Auch wenn „부탁“ und „요구“ Ähnliches bedeuten, unterscheiden sie sich in ihrer Wirkung.",Sprache & Gesellschaft,b2_language_society_1,1,false,connotation,Noun,"Even though they have similar meanings, 부탁 and 요구 carry different connotations.",vocab_b2_0253
말투,maltu,Tonfall,B2,Nomen,답변의 내용보다 차가운 말투가 더 불편하게 느껴졌어요.,Mehr als der Inhalt der Antwort wirkte der kühle Sprechton unangenehm.,Sprache & Gesellschaft,b2_language_society_1,2,false,tone of voice,Noun,"More than the content of the reply, its cold tone felt uncomfortable.",vocab_b2_0254
사용 예,sayong ye,Verwendungsbeispiel,B2,Nomen,사전의 사용 예를 보면 이 표현을 언제 쓰는지 알 수 있어요.,"An den Verwendungsbeispielen im Wörterbuch sieht man, wann dieser Ausdruck verwendet wird.",Sprache & Gesellschaft,b2_language_society_1,3,false,usage example,Noun,Dictionary usage examples show when this expression is used.,vocab_b2_0255
관용어,gwanyongeo,Redewendung,B2,Nomen,관용어는 낱말을 그대로 번역하면 뜻이 잘 전달되지 않을 수 있어요.,"Bei Redewendungen geht die Bedeutung leicht verloren, wenn man die einzelnen Wörter wörtlich übersetzt.",Sprache & Gesellschaft,b2_language_society_1,4,false,idiomatic expression,Noun,"With idiomatic expressions, the meaning can be lost when the words are translated literally.",vocab_b2_0256
격식,gyeoksik,Formalität,B2,Nomen,공식 안내문에서는 상황에 맞는 격식을 지키는 것이 중요해요.,"In einer offiziellen Mitteilung ist es wichtig, ein zur Situation passendes Maß an Formellheit zu wahren.",Sprache & Gesellschaft,b2_language_society_1,5,false,formality,Noun,"In an official notice, it is important to use a level of formality that fits the situation.",vocab_b2_0257
비속어,bisogeo,derbe / vulgäre Sprache,B2,Nomen,비속어는 가까운 사이에서도 상대에 따라 무례하게 들릴 수 있어요.,Auch unter vertrauten Menschen kann derbe Sprache je nach Gegenüber unhöflich wirken.,Sprache & Gesellschaft,b2_language_society_1,6,false,vulgar language,Noun,"Even among close people, slang can sound rude depending on who hears it.",vocab_b2_0258
완곡하다,wangokhada,indirekt formuliert sein,B2,Adjektiv,거절할 때는 이유를 덧붙이면 표현이 더 완곡해져요.,"Wenn man bei einer Ablehnung einen Grund ergänzt, wirkt die Formulierung indirekter und schonender.",Sprache & Gesellschaft,b2_language_society_1,7,false,to be indirect,Adjective,Adding a reason when you decline makes the wording more indirect and considerate.,vocab_b2_0259
통용되다,tongyongdoeda,allgemein gebräuchlich sein,B2,Verb,한때 유행한 표현도 시간이 지나면 더 이상 널리 통용되지 않을 수 있어요.,"Auch ein Ausdruck, der einmal beliebt war, kann mit der Zeit nicht mehr allgemein gebräuchlich sein.",Sprache & Gesellschaft,b2_language_society_1,8,false,to be widely used,Verb,Even an expression that was once popular may no longer be widely used over time.,vocab_b2_0260
정착하다,jeongchakhada,sich etablieren,B2,Verb,새로운 말이 여러 세대에 자연스럽게 쓰이면 일상어로 정착할 수 있어요.,"Wenn ein neues Wort von mehreren Generationen selbstverständlich verwendet wird, kann es sich als Alltagssprache etablieren.",Sprache & Gesellschaft,b2_language_society_1,9,false,to become established,Verb,"When a new word is naturally used across generations, it can become established in everyday language.",vocab_b2_0261
오해를 낳다,ohaereul nata,Missverständnisse hervorrufen,B2,Verbphrase,의도를 설명하지 않은 짧은 답장은 불필요한 오해를 낳기 쉬워요.,Eine kurze Antwort ohne Erklärung der Absicht kann leicht unnötige Missverständnisse hervorrufen.,Sprache & Gesellschaft,b2_language_society_1,10,true,to cause misunderstanding,Verb phrase,A short reply that does not explain its intent can easily cause unnecessary misunderstandings.,vocab_b2_0262
표현 방식,pyohyeon bangsik,Art der Formulierung,B2,Nomen,같은 의견도 표현 방식에 따라 상대가 받아들이는 느낌이 달라져요.,Je nach Art der Formulierung kann dieselbe Meinung beim Gegenüber anders ankommen.,Sprache & Gesellschaft,b2_language_society_1,11,true,way of phrasing,Noun,The same opinion can land differently depending on how it is phrased.,vocab_b2_0263
언어 감각,eoneo gamgak,Sprachgefühl,B2,Nomen,여러 상황의 대화를 비교해 보면 상황에 맞는 언어 감각이 자라요.,"Wenn man Gespräche aus verschiedenen Situationen vergleicht, entwickelt sich ein Gespür für passende Sprache.",Sprache & Gesellschaft,b2_language_society_1,12,true,feel for language,Noun,Comparing conversations from different situations builds a feel for language that fits the context.,vocab_b2_0264
제 멋대로,je meotdaero,eigensinnig,B2,Adjektiv,걔는 항상 제 멋대로야.,"Der macht immer, was er will.",Lebensphilosophie,b2_life_values,1,false,self-willed,Adjective,That person always does whatever they want.,vocab_b2_0401
감정을 억누르다,gamjeongeul eongnureuda,Gefühle unterdrücken,B2,Verb,갈등이 생겼을 때 감정을 억누르기보다 불편한 점을 차분히 설명했어.,"Als ein Konflikt entstand, habe ich ruhig erklärt, was mich störte, statt meine Gefühle zu unterdrücken.",Lebensphilosophie,b2_life_values,2,false,suppress emotions,Verb,"When a conflict arose, I calmly explained what bothered me rather than suppressing my feelings.",vocab_b2_0402
가치를 추구하다,gachireul chuguhada,Werte verfolgen,B2,Verb,그 회사는 사회적 가치를 추구한다.,Das Unternehmen verfolgt gesellschaftliche Werte.,Lebensphilosophie,b2_life_values,3,false,pursue values,Verb,That company pursues social values.,vocab_b2_0403
더불어 살아가다,deobureo saragada,miteinander leben,B2,Verb,우리는 더불어 살아가는 법을 배워야 해.,"Wir müssen lernen, miteinander zu leben.",Lebensphilosophie,b2_life_values,4,false,live together,Verb,We need to learn to live together.,vocab_b2_0404
편견,pyeongyeon,Vorurteil,B2,Nomen,편견 없이 사람을 봐야 해.,Man muss Menschen ohne Vorurteile sehen.,Lebensphilosophie,b2_life_values,5,false,prejudice,Noun,You should see people without prejudice.,vocab_b2_0405
이겨 내다,igyeo naeda,überwinden,B2,Verb,주인공은 실패의 충격을 이겨 내고 다시 작품을 쓰기 시작했다.,Die Hauptfigur überwand den Schock des Scheiterns und begann wieder zu schreiben.,Lebensphilosophie,b2_life_values,6,false,to overcome,Verb,The protagonist overcame the shock of failure and began writing again.,vocab_b2_0406
좌우명,jwaumyeong,Lebensmotto,B2,Nomen,내 좌우명은 '포기하지 마'야.,Mein Lebensmotto ist 'Gib nicht auf'.,Lebensphilosophie,b2_life_values,7,false,life motto,Noun,My life motto is 'Don't give up'.,vocab_b2_0407
이상을 좇다,isangeul jotda,Idealen nachjagen,B2,Verb,이상만 좇으면 현실을 놓칠 수 있어.,"Wer nur Idealen nachjagt, kann die Realität verlieren.",Lebensphilosophie,b2_life_values,8,false,chase ideals,Verb,Chasing only ideals can make you lose touch with reality.,vocab_b2_0408
우선시하다,useonsihada,priorisieren,B2,Verb,그는 가족을 우선시하는 편이야.,"Er neigt dazu, seine Familie zu priorisieren.",Lebensphilosophie,b2_life_values,9,true,prioritize,Verb,He tends to prioritize his family.,vocab_b2_0409
후회 없는 삶,huhoe eomneun sam,ein Leben ohne Reue,B2,Phrase,후회 없는 삶을 살고 싶어.,Ich möchte ein Leben ohne Reue leben.,Lebensphilosophie,b2_life_values,10,true,life without regret,Phrase,I want to live a life without regret.,vocab_b2_0410
서정적이다,seojeongjeogida,lyrisch / gefühlvoll,B2,Adjektiv,이 시는 일상의 풍경을 서정적으로 묘사해 인물의 그리움을 드러낸다.,Das Gedicht beschreibt Alltagsszenen lyrisch und bringt so die Sehnsucht der Figur zum Ausdruck.,Literatur und Gefühle,b2_literature_emotion,1,false,lyrical,Adjective,"The poem depicts everyday scenes lyrically, conveying the character's longing.",vocab_b2_0411
심란하다,simnanhada,beunruhigt / aufgewühlt,B2,Adjektiv,그 소식에 마음이 심란했어.,Die Nachricht hat mich aufgewühlt.,Literatur und Gefühle,b2_literature_emotion,2,false,distressed,Adjective,That news distressed me.,vocab_b2_0412
태연하다,taeyeonhada,gelassen / ungerührt,B2,Adjektiv,그는 심각한 상황에서도 태연했어.,Er blieb auch in einer ernsten Lage gelassen.,Literatur und Gefühle,b2_literature_emotion,3,false,composed,Adjective,He stayed composed even in a serious situation.,vocab_b2_0413
비껴가다,bikkyeogada,knapp vorbeiziehen,B2,Verb,태풍이 다행히 우리 지역을 비껴갔다.,Der Taifun ist zum Glück an unserer Gegend vorbeigezogen.,Literatur und Gefühle,b2_literature_emotion,4,false,narrowly miss,Verb,The typhoon narrowly missed our area.,vocab_b2_0414
문학성,munhakseong,literarische Qualität,B2,Nomen,작품의 문학성은 사건 자체보다 인물의 내면을 섬세하게 그리는 방식에서 드러난다.,Die literarische Qualität des Werks zeigt sich weniger im Geschehen selbst als in der feinen Darstellung des Innenlebens der Figuren.,Literatur und Gefühle,b2_literature_emotion,5,false,literary merit,Noun,The work's literary merit lies less in the events themselves than in its sensitive portrayal of the characters' inner lives.,vocab_b2_0415
소재로 삼다,sojaero samda,als Stoff verwenden,B2,Verb,그 감독은 실화를 소재로 삼았다.,Der Regisseur verwendete eine wahre Geschichte als Stoff.,Literatur und Gefühle,b2_literature_emotion,6,false,use as subject matter,Verb,The director used a true story as subject matter.,vocab_b2_0416
절망하다,jeolmanghada,verzweifeln,B2,Verb,힘들어도 절망하지 마.,"Verzweifle nicht, auch wenn es schwer ist.",Literatur und Gefühle,b2_literature_emotion,7,false,despair,Verb,"Don't despair, even when it's hard.",vocab_b2_0417
의지하다,uijihada,sich verlassen auf,B2,Verb,어려울 때 가족에게 의지했어.,In schwierigen Zeiten habe ich mich auf meine Familie verlassen.,Literatur und Gefühle,b2_literature_emotion,8,false,rely on,Verb,I relied on my family during hard times.,vocab_b2_0418
대표작,daepyojak,Hauptwerk,B2,Nomen,그 작가의 대표작을 읽어 봤어?,Hast du das Hauptwerk des Autors gelesen?,Literatur und Gefühle,b2_literature_emotion,9,true,major work,Noun,Have you read that author's major work?,vocab_b2_0419
글귀,geulgwi,Zitat / Textpassage,B2,Nomen,이 글귀가 마음에 와 닿았어.,Diese Passage hat mich berührt.,Literatur und Gefühle,b2_literature_emotion,10,true,passage / quote,Noun,This passage touched me.,vocab_b2_0420
신조어,sinjoeo,Neologismus / neues Wort,B2,Nomen,요즘 신조어가 너무 빨리 생겨.,Heutzutage entstehen Neologismen so schnell.,Sprache und Wandel,b2_language_change,1,false,neologism,Noun,Neologisms pop up so fast these days.,vocab_b2_0421
대체하다,daechehada,ersetzen,B2,Verb,도서관은 종이 신청서를 온라인 양식으로 대체했다.,Die Bibliothek ersetzte die Papieranträge durch Onlineformulare.,Sprache und Wandel,b2_language_change,2,false,replace,Verb,The library replaced paper application forms with online forms.,vocab_b2_0422
소멸하다,somyeolhada,aussterben / verschwinden,B2,Verb,옛날 말이 점점 소멸하고 있다.,Alte Wörter sterben nach und nach aus.,Sprache und Wandel,b2_language_change,3,false,die out,Verb,Old words are gradually dying out.,vocab_b2_0423
확산되다,hwaksandoeda,sich verbreiten,B2,Verb,그 운동이 전국으로 확산됐어.,Die Bewegung hat sich landesweit verbreitet.,Sprache und Wandel,b2_language_change,4,false,spread,Verb,The movement spread nationwide.,vocab_b2_0424
범람하다,beomnamhada,überfluten / überschwemmen,B2,Verb,검증되지 않은 정보가 범람하면서 독자가 출처를 확인하기 어려워졌다.,"Die Flut ungeprüfter Informationen erschwerte es den Lesenden, Quellen zu überprüfen.",Sprache und Wandel,b2_language_change,5,false,flood / overflow,Verb,A flood of unverified information made it harder for readers to check sources.,vocab_b2_0425
건전하다,geonjeonhada,gesund / angemessen,B2,Adjektiv,서로 다른 의견을 존중하는 태도는 건전한 토론의 바탕이 된다.,Respekt gegenüber unterschiedlichen Meinungen bildet die Grundlage einer konstruktiven Diskussion.,Sprache und Wandel,b2_language_change,6,false,sound / wholesome,Adjective,Respect for differing views forms the basis of a healthy discussion.,vocab_b2_0426
과도하게,gwadohage,übermäßig,B2,Adverb,스마트폰을 과도하게 사용하면 안 돼.,Man sollte das Smartphone nicht übermäßig nutzen.,Sprache und Wandel,b2_language_change,7,false,excessively,Adverb,You shouldn't use your smartphone excessively.,vocab_b2_0427
말을 다듬다,mareul dadeumda,Formulierungen überarbeiten,B2,Verb,안내문을 쓰고 나서 어려운 용어를 줄이고 말을 다듬었어요.,Nach dem Schreiben des Hinweises habe ich schwierige Begriffe reduziert und die Formulierungen überarbeitet.,Sprache und Wandel,b2_language_change,8,false,to refine wording,Verb,"After writing the notice, I reduced the technical terms and refined the wording.",vocab_b2_0428
생성되다,saengseongdoeda,entstehen / generiert werden,B2,Verb,SNS를 통해 새로운 말이 생성되고 있다.,Über Social Media entstehen neue Wörter.,Sprache und Wandel,b2_language_change,9,true,be generated,Verb,New words are being generated through social media.,vocab_b2_0429
선정하다,seonjeonghada,auswählen / bestimmen,B2,Verb,올해의 단어를 선정했다.,Das Wort des Jahres wurde gewählt.,Sprache und Wandel,b2_language_change,10,true,select / choose,Verb,The word of the year was selected.,vocab_b2_0430
일정이 겹치다,iljeongi gyeopchida,sich terminlich überschneiden,B2,Verb,이번 주에는 회의가 세 개나 겹쳐서 발표 준비 시간을 다시 잡아야 해요.,"Diese Woche überschneiden sich drei Termine, deshalb müssen wir die Zeit für die Präsentationsvorbereitung neu planen.",Teamarbeit & Feedback,b2_collaborative_feedback_1,1,false,to overlap,Verb,"Three meetings overlap this week, so we need to reschedule our presentation prep.",vocab_b2_0265
우선순위를 조정하다,useonsunwireul jojeonghada,Prioritäten neu ordnen,B2,Verb,급한 요청이 들어와서 오늘 할 일의 우선순위를 조금 조정했어요.,Wegen einer dringenden Anfrage habe ich die Prioritäten für heute etwas angepasst.,Teamarbeit & Feedback,b2_collaborative_feedback_1,2,false,to reprioritize,Verb,"An urgent request came in, so I adjusted today's priorities a little.",vocab_b2_0266
의견을 좁히다,uigyeoneul jopida,die Auswahl eingrenzen,B2,Verb,선택지가 너무 많으니 두 안의 장단점을 비교해서 의견을 좁혀 봐요.,Es gibt zu viele Möglichkeiten. Vergleichen wir die Vor- und Nachteile der beiden Vorschläge und grenzen die Auswahl ein.,Teamarbeit & Feedback,b2_collaborative_feedback_1,3,false,to narrow down the options,Verb,"There are too many options, so let's compare the two proposals and narrow down our choice.",vocab_b2_0267
초안을 돌리다,choaneul dollida,einen Entwurf im Team weitergeben,B2,Verb,먼저 초안을 팀에 돌리고 빠진 내용이 있는지 확인할게요.,"Ich schicke den Entwurf zuerst ans Team und prüfe, ob noch etwas fehlt.",Teamarbeit & Feedback,b2_collaborative_feedback_1,4,false,to circulate a draft,Verb,I'll circulate the draft to the team first and check whether anything is missing.,vocab_b2_0268
피드백을 반영하다,pideubaegeul banyeonghada,Feedback einarbeiten,B2,Verb,받은 피드백을 전부 넣기보다 이번 목표에 맞는 것부터 반영했어요.,"Statt jedes Feedback einzuarbeiten, habe ich zuerst die Punkte berücksichtigt, die zu unserem aktuellen Ziel passen.",Teamarbeit & Feedback,b2_collaborative_feedback_1,5,false,to incorporate feedback,Verb,"Rather than incorporating every comment, I started with the ones that fit our current goal.",vocab_b2_0269
역할을 나누다,yeokhareul nanuda,Aufgaben aufteilen,B2,Verb,한 사람이 다 맡으면 늦어질 수 있으니 조사와 발표 역할을 나눠요.,"Wenn eine Person alles übernimmt, können wir in Verzug geraten. Teilen wir Recherche und Präsentation auf.",Teamarbeit & Feedback,b2_collaborative_feedback_1,6,false,to split up tasks,Verb,"If one person handles everything, we may fall behind, so let's split up the research and presentation.",vocab_b2_0270
마감이 촉박하다,magami chokbakhada,unter Zeitdruck stehen,B2,Adjektiv,마감이 촉박하긴 하지만 범위를 줄이면 금요일까지 끝낼 수 있어요.,"Die Frist ist knapp, aber wenn wir den Umfang verkleinern, schaffen wir es bis Freitag.",Teamarbeit & Feedback,b2_collaborative_feedback_1,7,false,to be on a tight deadline,Adjective,"The deadline is tight, but we can finish by Friday if we reduce the scope.",vocab_b2_0271
방향을 틀다,banghyangeul teulda,die Richtung ändern,B2,Verb,사용자 반응이 예상과 달라서 기획 방향을 중간에 틀었어요.,"Das Feedback aus der Nutzerschaft fiel anders aus als erwartet, deshalb haben wir die Richtung mitten im Prozess geändert.",Teamarbeit & Feedback,b2_collaborative_feedback_1,8,false,to change direction,Verb,"User reactions differed from what we expected, so we changed direction halfway through.",vocab_b2_0272
수정을 책임지다,sujeongeul chaegimjida,die Korrektur verantworten,B2,Verb,이번 오류는 제가 놓쳐서 생겼으니 수정은 제가 책임질게요.,"Der Fehler ist passiert, weil ich etwas übersehen habe. Ich übernehme die Korrektur.",Teamarbeit & Feedback,b2_collaborative_feedback_1,9,false,to take responsibility for a fix,Verb,"The error happened because I missed something, so I'll take responsibility for fixing it.",vocab_b2_0273
합의점을 찾다,habuijeomeul chatda,einen gemeinsamen Nenner finden,B2,Verb,서로 원하는 게 다르지만 일정만 조금 조정하면 합의점을 찾을 수 있어요.,"Wir wollen unterschiedliche Dinge, aber wenn wir den Zeitplan etwas anpassen, finden wir einen gemeinsamen Nenner.",Teamarbeit & Feedback,b2_collaborative_feedback_1,10,true,to find common ground,Verb,"We want different things, but we can find common ground if we adjust the schedule a little.",vocab_b2_0274
의견을 완곡하게 전하다,uigyeoneul wangokhage jeonhada,eine Meinung diplomatisch formulieren,B2,Verb,바로 안 된다고 하기보다 어려운 이유를 덧붙여 의견을 완곡하게 전했어요.,"Statt sofort Nein zu sagen, erklärte ich, warum es schwierig ist, und formulierte meine Meinung diplomatischer.",Teamarbeit & Feedback,b2_collaborative_feedback_1,11,true,to express an opinion tactfully,Verb,"Instead of saying no outright, I explained why it would be difficult and expressed my view more tactfully.",vocab_b2_0275
후속 조치를 정하다,husok jochireul jeonghada,nächste Schritte festlegen,B2,Verb,회의가 끝나기 전에 담당자와 후속 조치를 정해 두죠.,"Legen wir vor Ende der Besprechung fest, wer zuständig ist und was als Nächstes passiert.",Teamarbeit & Feedback,b2_collaborative_feedback_1,12,true,to decide on follow-up actions,Verb,"Before the meeting ends, let's decide who is responsible and what happens next.",vocab_b2_0276
알림을 꺼 두다,allimeul kkeo duda,Benachrichtigungen ausschalten,B2,Verb,보고서를 쓰는 한 시간 동안은 메신저 알림을 꺼 뒀어요.,"Während ich eine Stunde am Bericht schrieb, habe ich die Messenger-Benachrichtigungen ausgeschaltet.",Digitale Aufmerksamkeit,b2_digital_judgment_1,1,false,to turn off notifications,Verb,I turned off messenger notifications for the hour I spent writing the report.,vocab_b2_0277
출처를 확인하다,chulcheoreul hwaginhada,die Quelle prüfen,B2,Verb,제목만 보고 공유하지 말고 원문과 출처를 먼저 확인해요.,Teile einen Beitrag nicht nur wegen der Überschrift. Prüfe zuerst den Originaltext und die Quelle.,Digitale Aufmerksamkeit,b2_digital_judgment_1,2,false,to check the source,Verb,Don't share something based on the headline alone. Check the original text and source first.,vocab_b2_0278
맥락이 빠지다,maengnagi ppajida,aus dem Zusammenhang gerissen sein,B2,Verb,짧게 잘린 영상에서는 앞뒤 맥락이 빠져 뜻이 달라 보일 수 있어요.,"In einem stark gekürzten Video fehlt oft der Zusammenhang, sodass die Aussage anders wirken kann.",Digitale Aufmerksamkeit,b2_digital_judgment_1,3,false,to lose context,Verb,A short clipped video can lose the surrounding context and make the message seem different.,vocab_b2_0279
과장되어 퍼지다,gwajangdoeeo peojida,übertrieben weiterverbreitet werden,B2,Verb,확인되지 않은 숫자가 사실처럼 과장되어 퍼졌어요.,"Eine ungeprüfte Zahl wurde übertrieben weiterverbreitet, als wäre sie eine Tatsache.",Digitale Aufmerksamkeit,b2_digital_judgment_1,4,false,to spread in an exaggerated form,Verb,An unverified figure spread in an exaggerated form as if it were a fact.,vocab_b2_0280
집중이 흐트러지다,jipjungi heuteureojida,die Konzentration verlieren,B2,Verb,알림이 계속 울리면 짧은 글을 읽을 때도 집중이 쉽게 흐트러져요.,"Wenn ständig Benachrichtigungen kommen, verliere ich selbst bei kurzen Texten leicht die Konzentration.",Digitale Aufmerksamkeit,b2_digital_judgment_1,5,false,to lose focus,Verb,"When notifications keep going off, I lose focus even while reading a short text.",vocab_b2_0281
반응을 유도하다,baneungeul yudohada,eine Reaktion provozieren,B2,Verb,그 제목은 내용을 설명하기보다 화난 반응을 유도하려고 만든 것 같아요.,Die Überschrift soll offenbar weniger informieren als eine wütende Reaktion provozieren.,Digitale Aufmerksamkeit,b2_digital_judgment_1,6,false,to provoke a reaction,Verb,That headline seems designed to provoke anger rather than explain the content.,vocab_b2_0282
사실과 의견을 구분하다,sasilgwa uigyeoneul gubunhada,Fakten und Meinungen unterscheiden,B2,Verb,기사를 읽을 때 확인된 사실과 기자의 해석을 구분해 봐요.,"Versuchen wir beim Lesen eines Artikels, bestätigte Fakten von der journalistischen Einordnung zu unterscheiden.",Digitale Aufmerksamkeit,b2_digital_judgment_1,7,false,to distinguish facts from opinions,Verb,"When reading an article, let's distinguish verified facts from the journalist's interpretation.",vocab_b2_0283
기록이 남다,girogi namda,als Aufzeichnung bestehen bleiben,B2,Verb,단체 대화방에서는 가벼운 농담도 기록으로 남는다는 걸 기억해야 해요.,"In einem Gruppenchat sollte man daran denken, dass selbst ein beiläufiger Witz gespeichert bleibt.",Digitale Aufmerksamkeit,b2_digital_judgment_1,8,false,to remain on record,Verb,"In a group chat, remember that even a casual joke remains on record.",vocab_b2_0284
계정을 보호하다,gyejeongeul bohohada,ein Konto schützen,B2,Verb,같은 비밀번호를 여러 곳에서 쓰지 않는 것만으로도 계정을 더 안전하게 보호할 수 있어요.,"Schon wenn du nicht überall dasselbe Passwort verwendest, kannst du dein Konto besser schützen.",Digitale Aufmerksamkeit,b2_digital_judgment_1,9,false,to protect an account,Verb,Simply avoiding the same password across different services can help protect your account.,vocab_b2_0285
화면에서 눈을 떼다,hwamyeoneseo nuneul tteda,den Blick vom Bildschirm lösen,B2,Verb,머리가 멍해질 때는 오 분만이라도 화면에서 눈을 떼고 쉬어요.,"Wenn der Kopf nicht mehr mitmacht, schaue ich wenigstens fünf Minuten vom Bildschirm weg und mache Pause.",Digitale Aufmerksamkeit,b2_digital_judgment_1,10,true,to look away from the screen,Verb,"When my head feels foggy, I look away from the screen and rest for at least five minutes.",vocab_b2_0286
링크를 의심하다,ringkeureul uisimhada,einem Link misstrauen,B2,Verb,주소가 낯설거나 로그인을 재촉하면 일단 링크부터 의심해요.,"Wenn die Adresse unbekannt wirkt oder zur schnellen Anmeldung drängt, misstraue ich zuerst dem Link.",Digitale Aufmerksamkeit,b2_digital_judgment_1,11,true,to be suspicious of a link,Verb,"If the address looks unfamiliar or pressures me to log in, I treat the link as suspicious.",vocab_b2_0287
교차 확인하다,gyocha hwaginhada,mit mehreren Quellen abgleichen,B2,Verb,중요한 소식은 서로 다른 두 출처에서 교차 확인한 뒤에 전달했어요.,"Eine wichtige Nachricht habe ich erst weitergegeben, nachdem ich sie mit zwei verschiedenen Quellen abgeglichen hatte.",Digitale Aufmerksamkeit,b2_digital_judgment_1,12,true,to cross-check,Verb,I shared the important news only after cross-checking it against two different sources.,vocab_b2_0288
접근성을 확보하다,jeopgeunseongeul hwakbohada,Zugänglichkeit sicherstellen,C1,Verb,입구만 넓히는 것으로 끝내지 말고 안내와 신청 절차의 접근성도 함께 확보해야 합니다.,Ein breiter Eingang allein reicht nicht. Auch Informationen und Anmeldeverfahren müssen zugänglich sein.,Zugänglichkeit & Teilhabe,c1_accessible_participation_1,1,false,to ensure accessibility,Verb,A wider entrance is not enough. We also need to make information and registration procedures accessible.,vocab_c1_0001
동선을 가로막다,dongseoneul garomakda,einen Durchgang versperren,C1,Verb,안내대를 복도 한가운데 두면 휠체어나 유모차의 동선을 가로막을 수 있습니다.,Ein Infostand mitten im Flur kann Rollstühlen und Kinderwagen den Weg versperren.,Zugänglichkeit & Teilhabe,c1_accessible_participation_1,2,false,to block a route,Verb,Placing an information desk in the middle of the corridor can block the route for wheelchairs and strollers.,vocab_c1_0002
선택지를 마련하다,seontaekjireul maryeonhada,Alternativen bereitstellen,C1,Verb,현장 설명을 듣기 어려운 사람을 위해 자막과 문서 안내를 선택지로 마련했습니다.,"Für Personen, die der Erklärung vor Ort schwer folgen können, haben wir Untertitel und schriftliche Informationen als Alternativen bereitgestellt.",Zugänglichkeit & Teilhabe,c1_accessible_participation_1,3,false,to provide alternatives,Verb,"For people who may struggle to follow the in-person explanation, we provided captions and written guidance as alternatives.",vocab_c1_0003
당사자의 의견을 듣다,dangsajaui uigyeoneul deutda,die Betroffenen anhören,C1,Verb,편의를 추측해서 정하기 전에 실제 이용 당사자의 의견부터 들었습니다.,"Bevor wir Annahmen über ihre Bedürfnisse trafen, haben wir zuerst die Menschen angehört, die das Angebot tatsächlich nutzen.",Zugänglichkeit & Teilhabe,c1_accessible_participation_1,4,false,to listen to those affected,Verb,"Before making assumptions about what would help, we listened to the people who actually use the service.",vocab_c1_0004
기준을 일괄 적용하다,gijuneul ilgwal jeogyonghada,einen Maßstab pauschal anwenden,C1,Verb,상황이 다른데 같은 기준을 일괄 적용하면 오히려 누군가를 배제할 수 있습니다.,"Wenn unterschiedliche Situationen pauschal nach demselben Maßstab behandelt werden, kann das Menschen erst recht ausschließen.",Zugänglichkeit & Teilhabe,c1_accessible_participation_1,5,false,to apply one standard across the board,Verb,Applying the same standard across different situations can end up excluding people.,vocab_c1_0005
예외를 두다,yeoereul duda,eine Ausnahme zulassen,C1,Verb,원칙은 유지하되 건강이나 돌봄 사정이 있는 경우에는 예외를 둘 필요가 있습니다.,"Die Regel kann bestehen bleiben, doch bei gesundheitlichen Gründen oder Betreuungspflichten braucht es Ausnahmen.",Zugänglichkeit & Teilhabe,c1_accessible_participation_1,6,false,to allow an exception,Verb,We can keep the rule while allowing exceptions for health needs or caregiving responsibilities.,vocab_c1_0006
불편을 감수하다,bulpyeoneul gamsuhada,Unannehmlichkeiten hinnehmen,C1,Verb,이용자가 매번 불편을 감수하게 두는 대신 운영 절차 자체를 바꿔야 합니다.,"Statt den Nutzern jedes Mal Unannehmlichkeiten zuzumuten, sollten wir den Ablauf selbst ändern.",Zugänglichkeit & Teilhabe,c1_accessible_participation_1,7,false,to put up with inconvenience,Verb,"Instead of making users put up with the same inconvenience every time, we should change the process itself.",vocab_c1_0007
이용을 보장하다,iyongeul bojanghada,die tatsächliche Nutzung gewährleisten,C1,Verb,정보는 공개하는 데 그치지 않고 누구나 실제로 이용할 수 있도록 보장해야 합니다.,"Informationen nur zu veröffentlichen reicht nicht. Es muss auch gewährleistet sein, dass alle sie tatsächlich nutzen können.",Zugänglichkeit & Teilhabe,c1_accessible_participation_1,8,false,to ensure access in practice,Verb,Publishing information is not enough. We need to ensure that everyone can actually use it.,vocab_c1_0008
개선안을 제시하다,gaeseonaneul jesihada,einen Verbesserungsvorschlag vorlegen,C1,Verb,문제만 지적하면 논의가 멈출 수 있어서 비용까지 고려한 개선안을 함께 제시했습니다.,Nur auf das Problem hinzuweisen hätte die Diskussion blockiert. Deshalb habe ich einen Verbesserungsvorschlag samt Kostenrahmen vorgelegt.,Zugänglichkeit & Teilhabe,c1_accessible_participation_1,9,false,to propose an improvement,Verb,"Pointing out the problem alone could stall the discussion, so I also proposed an improvement that accounted for cost.",vocab_c1_0009
우선순위에서 밀리다,useonsunwieseo millida,auf der Prioritätenliste nach hinten rücken,C1,Verb,접근성 문제는 급하지 않다는 이유로 자꾸 우선순위에서 밀리곤 합니다.,"Fragen der Zugänglichkeit rutschen oft nach hinten, weil sie fälschlich als nicht dringend gelten.",Zugänglichkeit & Teilhabe,c1_accessible_participation_1,10,true,to be pushed down the priority list,Verb,Accessibility issues often get pushed down the priority list because they are treated as less urgent.,vocab_c1_0010
사후에 보완하다,sahue bowanhada,nachträglich nachbessern,C1,Verb,행사 당일에야 통역이 없다는 걸 알게 되어 사후에 보완할 수밖에 없었습니다.,"Erst am Veranstaltungstag fiel auf, dass eine Verdolmetschung fehlte. Uns blieb nur, nachträglich nachzubessern.",Zugänglichkeit & Teilhabe,c1_accessible_participation_1,11,true,to remedy something afterward,Verb,"We discovered on the day of the event that no interpretation was available, so we had no choice but to remedy it afterward.",vocab_c1_0011
참여 장벽을 낮추다,chamyeo jangbyeogeul natchuda,Teilnahmehürden senken,C1,Verb,신청서를 간단히 바꾸고 전화 접수도 열어 참여 장벽을 낮췄습니다.,"Wir haben das Formular vereinfacht und Anmeldungen per Telefon ermöglicht, um die Teilnahmehürden zu senken.",Zugänglichkeit & Teilhabe,c1_accessible_participation_1,12,true,to lower barriers to participation,Verb,We simplified the form and opened phone registration to lower barriers to participation.,vocab_c1_0012
표본이 치우치다,pyoboni chiuchida,eine verzerrte Stichprobe haben,C1,Verb,온라인 설문만 사용하면 인터넷을 자주 쓰지 않는 사람은 빠져 표본이 치우칠 수 있습니다.,"Bei einer reinen Online-Umfrage fehlen Menschen, die das Internet selten nutzen. Dadurch kann die Stichprobe verzerrt sein.",Forschung & Evidenz,c1_evidence_reasoning_1,1,false,to have a biased sample,Verb,An online-only survey may exclude people who rarely use the internet and leave the sample biased.,vocab_c1_0013
변수를 통제하다,byeonsureul tongjehada,Variablen kontrollieren,C1,Verb,수면 시간의 영향을 보려면 카페인 섭취 같은 다른 변수를 가능한 한 통제해야 합니다.,"Um den Einfluss der Schlafdauer zu untersuchen, sollten andere Variablen wie der Koffeinkonsum möglichst kontrolliert werden.",Forschung & Evidenz,c1_evidence_reasoning_1,2,false,to control variables,Verb,"To examine the effect of sleep duration, we need to control other variables such as caffeine intake as much as possible.",vocab_c1_0014
결과를 재현하다,gyeolgwareul jaehyeonhada,ein Ergebnis reproduzieren,C1,Verb,같은 절차를 따랐는데도 결과를 재현하지 못해 측정 조건을 다시 확인했습니다.,"Obwohl wir dasselbe Verfahren befolgten, konnten wir das Ergebnis nicht reproduzieren und überprüften die Messbedingungen erneut.",Forschung & Evidenz,c1_evidence_reasoning_1,3,false,to reproduce a result,Verb,"We followed the same procedure but could not reproduce the result, so we checked the measurement conditions again.",vocab_c1_0015
상관관계를 인과로 해석하다,sanggwangwangyereul ingwaro haeseokhada,Korrelation als Kausalität deuten,C1,Verb,두 수치가 함께 움직였다는 이유만으로 상관관계를 인과로 해석해서는 안 됩니다.,"Nur weil sich zwei Werte gemeinsam verändern, darf eine Korrelation nicht als Ursache und Wirkung gedeutet werden.",Forschung & Evidenz,c1_evidence_reasoning_1,4,false,to interpret correlation as causation,Verb,We should not interpret correlation as causation simply because two figures move together.,vocab_c1_0016
전제를 밝히다,jeonjereul bakhida,Annahmen offenlegen,C1,Verb,계산 결과를 제시하기 전에 어떤 가정을 두었는지 전제를 분명히 밝혔습니다.,"Bevor ich das Ergebnis vorstellte, legte ich klar offen, von welchen Annahmen die Berechnung ausging.",Forschung & Evidenz,c1_evidence_reasoning_1,5,false,to state assumptions,Verb,"Before presenting the calculation, I clearly stated the assumptions behind it.",vocab_c1_0017
근거가 충분하다,geungeoga chungbunhada,ausreichend belegt sein,C1,Adjektiv,사례 두 건만으로 일반화하기에는 근거가 충분하지 않습니다.,Zwei Einzelfälle reichen als Grundlage für eine Verallgemeinerung nicht aus.,Forschung & Evidenz,c1_evidence_reasoning_1,6,false,to have sufficient evidence,Adjective,Two cases do not provide enough evidence for a general conclusion.,vocab_c1_0018
수치를 부풀리다,suchireul bupullida,Zahlen größer erscheinen lassen,C1,Verb,일부 기간만 골라 보여 주면 실제 변화보다 수치를 부풀려 보이게 할 수 있습니다.,"Wer nur ausgewählte Zeiträume zeigt, kann Zahlen größer erscheinen lassen, als die tatsächliche Veränderung rechtfertigt.",Forschung & Evidenz,c1_evidence_reasoning_1,7,false,to inflate figures,Verb,Showing only selected periods can make the figures look larger than the actual change.,vocab_c1_0019
해석이 엇갈리다,haeseogi eotgallida,unterschiedlich interpretiert werden,C1,Verb,같은 결과를 두고도 연구 목적에 따라 해석이 엇갈렸습니다.,Dasselbe Ergebnis wurde je nach Forschungsziel unterschiedlich interpretiert.,Forschung & Evidenz,c1_evidence_reasoning_1,8,false,to be interpreted differently,Verb,The same result was interpreted differently depending on the research goal.,vocab_c1_0020
반례를 들다,bannyereul deulda,ein Gegenbeispiel anführen,C1,Verb,주장에 맞지 않는 반례를 하나만 들어도 조건을 더 정확히 다듬을 수 있습니다.,"Schon ein Gegenbeispiel kann helfen, die Bedingungen einer Behauptung genauer zu fassen.",Forschung & Evidenz,c1_evidence_reasoning_1,9,false,to give a counterexample,Verb,Even one counterexample can help refine the conditions of a claim.,vocab_c1_0021
한계를 인정하다,hangyereul injeonghada,Grenzen anerkennen,C1,Verb,이번 분석의 한계를 솔직히 인정해야 다음 연구가 선명해집니다.,"Wenn wir offen anerkennen, was diese Analyse nicht erklärt, kann die nächste Untersuchung gezielter ansetzen.",Forschung & Evidenz,c1_evidence_reasoning_1,10,true,to acknowledge limitations,Verb,Acknowledging what this analysis cannot explain will make the next study more focused.,vocab_c1_0022
결론을 유보하다,gyeolloneul yubohada,ein Urteil zurückstellen,C1,Verb,추가 자료가 들어오기 전까지는 어느 쪽이 맞는지 결론을 유보하겠습니다.,"Bis weitere Daten vorliegen, werde ich kein Urteil darüber fällen, welche Seite recht hat.",Forschung & Evidenz,c1_evidence_reasoning_1,11,true,to withhold a conclusion,Verb,I will withhold judgment on which side is right until more data comes in.,vocab_c1_0023
자료를 대조하다,jaryoreul daejohada,Datenquellen abgleichen,C1,Verb,인터뷰 내용과 실제 이용 기록을 대조하니 기억과 행동 사이에 차이가 보였습니다.,Beim Abgleich der Interviews mit den tatsächlichen Nutzungsdaten zeigte sich ein Unterschied zwischen Erinnerung und Verhalten.,Forschung & Evidenz,c1_evidence_reasoning_1,12,true,to compare sources of evidence,Verb,Comparing the interviews with actual usage records revealed a gap between memory and behavior.,vocab_c1_0024
이해관계가 얽히다,ihaegwangyega eokhida,verflochtene Interessen haben,C2,Verb,한 부서만의 문제가 아니라 예산과 인사 권한까지 이해관계가 얽혀 있습니다.,Das Problem betrifft nicht nur eine Abteilung. Auch Budget- und Personalbefugnisse sind miteinander verflochten.,Institutionelle Vermittlung,c2_institutional_mediation_1,1,false,to involve intertwined interests,Verb,This is not an issue for one department alone. Budget and personnel authority are also intertwined.,vocab_c2_0001
권한을 위임하다,gwonhaneul wiimhada,Befugnisse übertragen,C2,Verb,현장 판단이 늦어지지 않도록 일정 금액 이하의 결정 권한은 지역 팀에 위임했습니다.,"Damit Entscheidungen vor Ort nicht unnötig warten, wurden Befugnisse bis zu einer bestimmten Summe an die Regionalteams übertragen.",Institutionelle Vermittlung,c2_institutional_mediation_1,2,false,to delegate authority,Verb,"To prevent delays in local decisions, we delegated authority for amounts below a set threshold to regional teams.",vocab_c2_0002
절차적 정당성,jeolchajeok jeongdangseong,Verfahrenslegitimität,C2,Nomen,결과가 합리적이어도 의견을 낼 기회가 없었다면 절차적 정당성을 얻기 어렵습니다.,"Auch ein vernünftiges Ergebnis gewinnt kaum Verfahrenslegitimität, wenn Betroffene keine Gelegenheit zur Stellungnahme hatten.",Institutionelle Vermittlung,c2_institutional_mediation_1,3,false,procedural legitimacy,Noun,Even a reasonable outcome may lack procedural legitimacy if people had no chance to voice their views.,vocab_c2_0003
책임 소재를 가리다,chaegim sojaereul garida,Verantwortlichkeiten klären,C2,Verb,사고 원인을 찾는 일과 책임 소재를 가리는 일을 한꺼번에 하면 조사 자체가 방어적으로 흐를 수 있습니다.,"Wenn Ursachenanalyse und Schuldzuweisung gleichzeitig erfolgen, kann die Untersuchung selbst defensiv werden.",Institutionelle Vermittlung,c2_institutional_mediation_1,4,false,to determine responsibility,Verb,Combining the search for causes with determining blame can make the investigation itself defensive.,vocab_c2_0004
유예 기간을 두다,yuye giganeul duda,eine Übergangsfrist einräumen,C2,Verb,새 기준을 바로 적용하면 준비가 덜 된 기관이 있어 석 달의 유예 기간을 두었습니다.,"Da einige Einrichtungen noch nicht vorbereitet waren, wurde für die neue Regelung eine Übergangsfrist von drei Monaten eingeräumt.",Institutionelle Vermittlung,c2_institutional_mediation_1,5,false,to allow a grace period,Verb,"Some institutions were not ready for the new standard, so we allowed a three-month grace period.",vocab_c2_0005
합의가 결렬되다,habuiga gyeollyeoldoeda,Scheitern einer Einigung,C2,Verb,핵심 조항의 해석 차이를 좁히지 못해 막판에 합의가 결렬되었습니다.,"Weil sich die Auslegungsunterschiede bei der zentralen Klausel nicht ausräumen ließen, scheiterte die Einigung in letzter Minute.",Institutionelle Vermittlung,c2_institutional_mediation_1,6,false,collapse of an agreement,Verb,"The parties could not narrow their differences over a key clause, and the agreement collapsed at the last minute.",vocab_c2_0006
이견을 조율하다,igyeoneul joyulhada,Meinungsverschiedenheiten abstimmen,C2,Verb,표결에 앞서 소수 의견이 무엇인지 확인하며 이견을 조율했습니다.,Vor der Abstimmung wurden die Minderheitspositionen angehört und die unterschiedlichen Auffassungen moderiert.,Institutionelle Vermittlung,c2_institutional_mediation_1,7,false,to reconcile differing views,Verb,"Before the vote, we heard the minority views and worked to reconcile the differences.",vocab_c2_0007
안건을 상정하다,angeoneul sangjeonghada,einen Punkt auf die Tagesordnung setzen,C2,Verb,실무 검토가 끝난 제안만 다음 운영위원회 안건으로 상정하기로 했습니다.,"Nur Vorschläge, deren fachliche Prüfung abgeschlossen ist, sollen auf die Tagesordnung der nächsten Sitzung kommen.",Institutionelle Vermittlung,c2_institutional_mediation_1,8,false,to place an item on the agenda,Verb,We agreed to place only proposals that have completed working-level review on the next committee agenda.,vocab_c2_0008
발언권을 보장하다,bareongwoneul bojanghada,das Rederecht gewährleisten,C2,Verb,회의 시간이 길어지더라도 직접 영향을 받는 사람의 발언권은 보장해야 합니다.,"Auch wenn die Sitzung dadurch länger dauert, muss das Rederecht der unmittelbar Betroffenen gewährleistet sein.",Institutionelle Vermittlung,c2_institutional_mediation_1,9,false,to guarantee the right to speak,Verb,"Even if the meeting runs longer, people directly affected must be guaranteed a chance to speak.",vocab_c2_0009
기준을 명문화하다,gijuneul myeongmunhwahada,Kriterien schriftlich festhalten,C2,Verb,담당자마다 판단이 달라지지 않도록 예외 승인 기준을 문서로 명문화했습니다.,"Damit Entscheidungen nicht von der zuständigen Person abhängen, wurden die Kriterien für Ausnahmen schriftlich festgehalten.",Institutionelle Vermittlung,c2_institutional_mediation_1,10,true,to codify criteria,Verb,We codified the exception criteria so decisions would not vary from one person in charge to another.,vocab_c2_0010
부작용을 상쇄하다,bujagyongeul sangswaehada,Nebenwirkungen ausgleichen,C2,Verb,지원 대상을 넓히면서 생길 수 있는 행정 부담은 절차 간소화로 상쇄하려고 합니다.,Den zusätzlichen Verwaltungsaufwand durch den erweiterten Zugang wollen wir mit einem einfacheren Verfahren ausgleichen.,Institutionelle Vermittlung,c2_institutional_mediation_1,11,true,to offset side effects,Verb,We plan to offset the administrative burden of broader eligibility by simplifying the process.,vocab_c2_0011
시행착오를 줄이다,sihaengchagoreul jurida,Anlaufschwierigkeiten verringern,C2,Verb,전면 시행 전에 작은 지역에서 시험해 보면 예상하지 못한 시행착오를 줄일 수 있습니다.,Ein Test in einer kleinen Region vor der landesweiten Einführung kann unerwartete Anlaufschwierigkeiten verringern.,Institutionelle Vermittlung,c2_institutional_mediation_1,12,true,to reduce trial and error,Verb,Testing in a small area before a full rollout can reduce unexpected trial and error.,vocab_c2_0012
기억을 재구성하다,gieogeul jaeguseonghada,Erinnerungen rekonstruieren,C2,Verb,인터뷰이는 당시 기록을 다시 읽으며 오래된 기억을 조금씩 재구성했습니다.,Beim erneuten Lesen der damaligen Aufzeichnungen rekonstruierte die interviewte Person nach und nach ihre Erinnerungen.,Erinnerung & Erzählperspektive,c2_narrative_perspective_1,1,false,to reconstruct memories,Verb,"By rereading records from the time, the interviewee gradually reconstructed old memories.",vocab_c2_0013
서술자가 거리를 두다,seosuljaga georireul duda,als Erzähler Distanz wahren,C2,Verb,서술자가 사건을 단정하지 않고 한발 물러서면서 독자가 스스로 판단하게 합니다.,"Der Erzähler legt sich nicht fest, sondern hält Abstand und überlässt das Urteil den Lesenden.",Erinnerung & Erzählperspektive,c2_narrative_perspective_1,2,false,for the narrator to keep a distance,Verb,"The narrator avoids a firm judgment, steps back, and lets readers decide for themselves.",vocab_c2_0014
시점을 교차하다,sijeomeul gyochahada,Perspektiven abwechseln,C2,Verb,같은 하루를 세 인물의 시점으로 교차해 보여 주니 서로의 오해가 선명해집니다.,Derselbe Tag wird abwechselnd aus der Sicht dreier Figuren erzählt. Dadurch werden ihre Missverständnisse deutlich.,Erinnerung & Erzählperspektive,c2_narrative_perspective_1,3,false,to alternate perspectives,Verb,Showing the same day through three alternating perspectives makes their misunderstandings clear.,vocab_c2_0015
여백을 남기다,yeobaegeul namgida,Leerstellen lassen,C2,Verb,모든 감정을 설명하지 않고 여백을 남겨 둔 문장이 오히려 오래 기억에 남았습니다.,"Gerade der Satz, der nicht jedes Gefühl aussprach und eine Leerstelle ließ, blieb lange im Gedächtnis.",Erinnerung & Erzählperspektive,c2_narrative_perspective_1,4,false,to leave space for interpretation,Verb,The sentence that left some feelings unexplained stayed with me the longest.,vocab_c2_0016
암시를 포착하다,amsireul pochakhada,eine Andeutung erkennen,C2,Verb,첫 장면의 사소한 물건이 마지막에 다시 등장한다는 암시를 포착했어요.,"Ich habe die Andeutung erkannt, dass der unscheinbare Gegenstand aus der ersten Szene am Ende wieder auftauchen würde.",Erinnerung & Erzählperspektive,c2_narrative_perspective_1,5,false,to pick up on a hint,Verb,I picked up on the hint that the small object from the opening scene would return at the end.,vocab_c2_0017
맥락을 전복하다,maengnageul jeonbokhada,einen vertrauten Deutungsrahmen umkehren,C2,Verb,익숙한 영웅담의 맥락을 전복해 주변 인물의 침묵을 중심에 놓았습니다.,"Die vertraute Heldenperspektive wird umgekehrt, indem das Schweigen der Nebenfiguren ins Zentrum rückt.",Erinnerung & Erzählperspektive,c2_narrative_perspective_1,6,false,to overturn the familiar framing,Verb,The familiar heroic framing is overturned by placing the silence of minor characters at the center.,vocab_c2_0018
단서를 흘리다,danseoreul heullida,Hinweise einstreuen,C2,Verb,작가는 정답을 바로 밝히지 않고 대화 곳곳에 작은 단서를 흘립니다.,"Die Autorin verrät die Antwort nicht sofort, sondern streut kleine Hinweise in die Dialoge ein.",Erinnerung & Erzählperspektive,c2_narrative_perspective_1,7,false,to scatter clues,Verb,"The writer does not reveal the answer right away, but scatters small clues throughout the dialogue.",vocab_c2_0019
해석의 여지를 두다,haeseogui yeojireul duda,Spielraum für Deutungen lassen,C2,Verb,결말을 확정하지 않아 두 인물의 선택을 다르게 볼 여지를 두었습니다.,"Weil das Ende offenbleibt, lässt sich die Entscheidung der beiden Figuren unterschiedlich deuten.",Erinnerung & Erzählperspektive,c2_narrative_perspective_1,8,false,to leave room for interpretation,Verb,"By leaving the ending unresolved, the story allows the two characters' choices to be read in different ways.",vocab_c2_0020
인물에 이입하다,inmure iiphada,sich in eine Figur hineinversetzen,C2,Verb,처음에는 주인공에게 이입했지만 다른 인물의 기록을 읽고 판단이 흔들렸습니다.,Zunächst identifizierte ich mich mit der Hauptfigur. Nach den Aufzeichnungen einer anderen Figur geriet mein Urteil ins Wanken.,Erinnerung & Erzählperspektive,c2_narrative_perspective_1,9,false,to identify with a character,Verb,"At first I identified with the main character, but another character's account unsettled my judgment.",vocab_c2_0021
서사가 맞물리다,seosaga manmullida,Erzählstränge greifen ineinander,C2,Verb,따로 진행되던 두 서사가 마지막 장면에서 맞물리며 앞의 장면들이 새롭게 보입니다.,"Im letzten Bild greifen die beiden getrennten Erzählstränge ineinander, wodurch die früheren Szenen in neuem Licht erscheinen.",Erinnerung & Erzählperspektive,c2_narrative_perspective_1,10,true,for narrative threads to interlock,Verb,The two separate narrative threads interlock in the final scene and cast the earlier scenes in a new light.,vocab_c2_0022
관점을 비틀다,gwanjeomeul biteulda,eine Perspektive verschieben,C2,Verb,익숙한 사건을 어린아이의 눈으로 보여 줘 관점을 살짝 비틀었습니다.,Das vertraute Ereignis wird aus der Sicht eines Kindes erzählt und dadurch leicht verschoben.,Erinnerung & Erzählperspektive,c2_narrative_perspective_1,11,true,to twist the perspective,Verb,Showing a familiar event through a child's eyes gives the perspective a subtle twist.,vocab_c2_0023
결말을 유보하다,gyeolmareul yubohada,den Abschluss offenlassen,C2,Verb,이야기는 갈등을 다 풀지 않은 채 결말을 유보하고 독자에게 다음 장면을 맡깁니다.,"Die Geschichte löst den Konflikt nicht vollständig, lässt den Abschluss offen und überlässt den Lesenden die nächste Szene.",Erinnerung & Erzählperspektive,c2_narrative_perspective_1,12,true,to defer the ending,Verb,"The story leaves some conflict unresolved, defers the ending, and lets readers imagine the next scene.",vocab_c2_0024
공용 공간을 비워 두다,gongyong gongganeul biwo duda,einen Gemeinschaftsbereich freihalten,B2,Verb,택배가 올 수 있으니 현관 앞 공용 공간은 비워 두는 게 좋겠어요.,"Da ein Paket kommen könnte, sollten wir den Gemeinschaftsbereich vor der Haustür freihalten.",Gemeinsame Räume & Rücksicht,b2_shared_space_coordination_1,1,false,to keep a shared area clear,Verb,"A package may arrive, so it would be better to keep the shared area by the entrance clear.",vocab_b2_0289
사용 시간을 나눠 쓰다,sayong siganeul nanwo sseuda,Nutzungszeiten untereinander aufteilen,B2,Verb,세탁기가 한 대뿐이라 저녁 시간을 한 시간씩 나눠 쓰기로 했어요.,"Weil es nur eine Waschmaschine gibt, haben wir den Abend in einstündige Nutzungszeiten aufgeteilt.",Gemeinsame Räume & Rücksicht,b2_shared_space_coordination_1,2,false,to split usage time,Verb,"There is only one washing machine, so we agreed to split the evening into one-hour slots.",vocab_b2_0290
먼저 양해를 구하다,meonjeo yanghaereul guhada,vorher um Verständnis bitten,B2,Verb,오늘 손님이 늦게까지 있을 것 같아서 옆집에 먼저 양해를 구했어요.,"Da meine Gäste heute wohl länger bleiben, habe ich die Nachbarn vorher um Verständnis gebeten.",Gemeinsame Räume & Rücksicht,b2_shared_space_coordination_1,3,false,to ask for understanding first,Verb,"My guests may stay late tonight, so I asked the neighbors for understanding in advance.",vocab_b2_0291
소음이 복도까지 들리다,soeumi bokdokkaji deullida,der Lärm ist bis in den Flur zu hören,B2,Verb,회의실 문을 닫았는데도 소음이 복도까지 들려서 목소리를 조금 낮췄어요.,"Obwohl die Tür des Besprechungsraums geschlossen war, war der Lärm im Flur zu hören, also sprachen wir leiser.",Gemeinsame Räume & Rücksicht,b2_shared_space_coordination_1,4,false,for noise to carry into the hallway,Verb,"Even with the meeting-room door closed, the noise carried into the hallway, so we lowered our voices.",vocab_b2_0292
예약을 미리 취소하다,yeyageul miri chwisohada,eine Reservierung rechtzeitig stornieren,B2,Verb,모임 인원이 줄어서 쓰지 않을 회의실 예약은 미리 취소했어요.,"Weil weniger Leute zum Treffen kommen, habe ich die nicht benötigte Raumreservierung rechtzeitig storniert.",Gemeinsame Räume & Rücksicht,b2_shared_space_coordination_1,5,false,to cancel a reservation in advance,Verb,"Fewer people are coming, so I canceled the room reservation we no longer need in advance.",vocab_b2_0293
순서를 다시 정하다,sunseoreul dasi jeonghada,die Reihenfolge neu festlegen,B2,Verb,준비가 덜 된 팀이 있어서 발표 순서를 현장에서 다시 정했어요.,"Weil ein Team noch nicht fertig war, legten wir die Präsentationsreihenfolge vor Ort neu fest.",Gemeinsame Räume & Rücksicht,b2_shared_space_coordination_1,6,false,to rearrange the order,Verb,"One team was not ready, so we rearranged the presentation order on the spot.",vocab_b2_0294
불편 사항을 공유하다,bulpyeon sahangeul gongyuhada,Probleme bei der Nutzung mitteilen,B2,Verb,에어컨 소리가 너무 커서 관리 채팅방에 불편 사항을 공유했어요.,"Die Klimaanlage war sehr laut, deshalb meldete ich das Problem im Verwaltungschat.",Gemeinsame Räume & Rücksicht,b2_shared_space_coordination_1,7,false,to share an inconvenience,Verb,"The air conditioner was very loud, so I shared the issue in the building chat.",vocab_b2_0295
안내문을 눈에 띄게 붙이다,annaemuneul nune ttuige buchida,einen Hinweis gut sichtbar anbringen,B2,Verb,출입문이 바뀌어서 엘리베이터 앞에 안내문을 눈에 띄게 붙였어요.,"Da sich der Eingang geändert hat, brachten wir vor dem Aufzug einen gut sichtbaren Hinweis an.",Gemeinsame Räume & Rücksicht,b2_shared_space_coordination_1,8,false,to post a notice where it is visible,Verb,"The entrance changed, so we posted a clearly visible notice by the elevator.",vocab_b2_0296
서로 한발씩 양보하다,seoro hanbalssik yangbohada,beide Seiten kommen einander entgegen,B2,Verb,이용 시간을 두고 계속 다투기보다 서로 한발씩 양보해서 해결했어요.,"Statt weiter über die Nutzungszeit zu streiten, kamen beide Seiten einander entgegen und lösten das Problem.",Gemeinsame Räume & Rücksicht,b2_shared_space_coordination_1,9,false,for both sides to compromise,Verb,"Rather than keep arguing over the schedule, both sides compromised and resolved it.",vocab_b2_0297
이용 규칙을 다시 확인하다,iyong gyuchigeul dasi hwaginhada,die Nutzungsregeln noch einmal prüfen,B2,Verb,주말에도 연습실을 쓸 수 있는지 이용 규칙을 다시 확인해 볼게요.,"Ich prüfe die Nutzungsregeln noch einmal, um zu sehen, ob der Proberaum auch am Wochenende geöffnet ist.",Gemeinsame Räume & Rücksicht,b2_shared_space_coordination_1,10,true,to check the usage rules again,Verb,I'll check the usage rules again to see whether the practice room is available on weekends.,vocab_b2_0298
뒷사람을 위해 정리하다,dwitsarameul wihae jeongnihada,für die nächste Person aufräumen,B2,Verb,회의가 끝난 뒤에는 뒷사람을 위해 의자와 케이블을 정리해 주세요.,Bitte räumen Sie nach der Besprechung die Stühle und Kabel für die nächste Person auf.,Gemeinsame Räume & Rücksicht,b2_shared_space_coordination_1,11,true,to tidy up for the next person,Verb,"After the meeting, please tidy the chairs and cables for the next person.",vocab_b2_0299
문제를 조용히 풀다,munjereul joyonghi pulda,ein Problem ruhig klären,B2,Verb,누구 잘못인지 따지기 전에 당사자끼리 문제를 조용히 풀어 보려고 해요.,"Bevor wir Schuld zuweisen, möchten wir das Problem ruhig unter den Beteiligten klären.",Gemeinsame Räume & Rücksicht,b2_shared_space_coordination_1,12,true,to resolve a problem calmly,Verb,"Before deciding who is at fault, we are going to try to resolve the issue calmly with those involved.",vocab_b2_0300
연락이 뜸해지다,yeollagi tteumhaejida,sich seltener melden,B2,Verb,요즘 일이 몰려서 친한 친구들에게도 연락이 뜸해졌어요.,"In letzter Zeit habe ich so viel Arbeit, dass ich mich selbst bei engen Freunden seltener melde.",Rhythmus & Grenzen,b2_personal_boundaries_1,1,false,to be in touch less often,Verb,"Work has piled up lately, so I've been in touch less often even with close friends.",vocab_b2_0301
혼자 있을 시간이 필요하다,honja isseul sigani piryohada,Zeit für sich allein brauchen,B2,Verb,오늘은 생각을 정리하고 싶어서 저녁에 혼자 있을 시간이 좀 필요해요.,Ich möchte heute meine Gedanken ordnen und brauche am Abend etwas Zeit für mich.,Rhythmus & Grenzen,b2_personal_boundaries_1,2,false,to need time alone,Verb,"I want to sort out my thoughts today, so I need some time alone this evening.",vocab_b2_0302
부탁을 정중히 거절하다,butageul jeongjunghi geojeolhada,eine Bitte höflich ablehnen,B2,Verb,이번 주는 여유가 없어서 이유를 설명하고 부탁을 정중히 거절했어요.,"Diese Woche habe ich keine Kapazität, deshalb erklärte ich den Grund und lehnte die Bitte höflich ab.",Rhythmus & Grenzen,b2_personal_boundaries_1,3,false,to decline a request politely,Verb,"I don't have room this week, so I explained why and declined the request politely.",vocab_b2_0303
일정에 여유를 두다,iljeonge yeoyureul duda,Puffer im Zeitplan lassen,B2,Verb,약속 사이에 이동 시간이 필요해서 일정에 삼십 분 정도 여유를 뒀어요.,"Weil ich zwischen den Terminen Fahrzeit brauche, ließ ich etwa dreißig Minuten Puffer im Zeitplan.",Rhythmus & Grenzen,b2_personal_boundaries_1,4,false,to leave breathing room in a schedule,Verb,"I need travel time between appointments, so I left about thirty minutes of breathing room in my schedule.",vocab_b2_0304
무리해서 맞추다,murihaeseo matchuda,"sich überfordern, um sich anzupassen",B2,Verb,모든 모임에 무리해서 맞추다 보니 정작 쉴 시간이 없어졌어요.,"Weil ich mich für jedes Treffen überforderte, blieb mir am Ende keine Zeit zum Ausruhen.",Rhythmus & Grenzen,b2_personal_boundaries_1,5,false,to stretch oneself too far to accommodate,Verb,"I stretched myself too far to make every gathering, and ended up with no time to rest.",vocab_b2_0305
잠깐 숨을 돌리다,jamkkan sumeul dollida,kurz durchatmen,B2,Verb,회의가 연달아 있으니 다음 일정 전에 십 분만 숨을 돌리고 갈게요.,"Da ich mehrere Besprechungen hintereinander habe, atme ich vor dem nächsten Termin zehn Minuten durch.",Rhythmus & Grenzen,b2_personal_boundaries_1,6,false,to take a short breather,Verb,"I have back-to-back meetings, so I'll take a ten-minute breather before the next one.",vocab_b2_0306
기분을 솔직히 말하다,gibuneul soljikhi malhada,"ehrlich sagen, wie man sich fühlt",B2,Verb,괜찮은 척하기보다 서운했던 이유를 차분히 말했어요.,"Statt so zu tun, als sei alles in Ordnung, erklärte ich ruhig, warum ich verletzt war.",Rhythmus & Grenzen,b2_personal_boundaries_1,7,false,to speak honestly about one's feelings,Verb,"Instead of pretending I was fine, I calmly explained why I felt hurt.",vocab_b2_0307
답장을 재촉하지 않다,dapjangeul jaechokhaji anta,nicht auf eine Antwort drängen,B2,Verb,바쁜 걸 알고 있어서 급한 일이 아니면 답장을 재촉하지 않아요.,"Ich weiß, dass die Person beschäftigt ist, deshalb dränge ich bei nicht dringenden Dingen nicht auf eine Antwort.",Rhythmus & Grenzen,b2_personal_boundaries_1,8,false,not to rush someone for a reply,Verb,"I know they're busy, so I don't rush them for a reply unless it's urgent.",vocab_b2_0308
선을 분명히 긋다,seoneul bunmyeonghi geutda,eine klare Grenze ziehen,B2,Verb,퇴근 뒤에는 업무 연락을 받기 어렵다고 미리 선을 분명히 그었어요.,"Ich sagte im Voraus klar, dass ich nach Feierabend nur schwer dienstlich erreichbar bin.",Rhythmus & Grenzen,b2_personal_boundaries_1,9,false,to set a clear boundary,Verb,I made it clear in advance that I'm generally unavailable for work messages after hours.,vocab_b2_0309
마음에 담아 두다,maeume dama duda,etwas lange mit sich herumtragen,B2,Verb,작은 오해를 오래 마음에 담아 두면 관계가 더 어색해질 수 있어요.,"Wenn man ein kleines Missverständnis lange mit sich herumträgt, kann die Beziehung noch angespannter werden.",Rhythmus & Grenzen,b2_personal_boundaries_1,10,true,to keep something bottled up,Verb,Keeping a small misunderstanding bottled up for too long can make the relationship more awkward.,vocab_b2_0310
대화를 다음으로 미루다,daehwareul daeumeuro miruda,ein Gespräch auf später verschieben,B2,Verb,지금은 둘 다 감정이 올라와 있으니 대화를 내일로 미루는 게 어때요?,"Wir sind beide gerade aufgewühlt. Wie wäre es, wenn wir das Gespräch auf morgen verschieben?",Rhythmus & Grenzen,b2_personal_boundaries_1,11,true,to postpone a conversation,Verb,We're both worked up right now. How about postponing the conversation until tomorrow?,vocab_b2_0311
서로의 방식을 존중하다,seoroui bangsigeul jonjunghada,die Art des anderen respektieren,B2,Verb,연락 빈도는 달라도 서로의 방식을 존중하면 서운함이 줄어들어요.,"Auch wenn man sich unterschiedlich oft meldet, gibt es weniger Enttäuschung, wenn man die Art des anderen respektiert.",Rhythmus & Grenzen,b2_personal_boundaries_1,12,true,to respect each other's way of doing things,Verb,"Even if you communicate at different frequencies, respecting each other's style reduces hurt feelings.",vocab_b2_0312
불확실성을 명시하다,bulhwaksilseongeul myeongsihada,Unsicherheit ausdrücklich benennen,C1,Verb,수치가 아직 바뀔 수 있다는 불확실성을 발표 첫머리에 명시했어요.,"Zu Beginn der Mitteilung wurde ausdrücklich gesagt, dass sich die Zahlen noch ändern können.",Risiko & öffentliche Information,c1_risk_communication_1,1,false,to state uncertainty explicitly,Verb,"At the start of the announcement, we explicitly stated that the figures may still change.",vocab_c1_0025
위험을 과소평가하다,wiheomeul gwasopyeonggahada,ein Risiko unterschätzen,C1,Verb,드문 일이라는 이유만으로 피해 규모까지 과소평가해서는 안 돼요.,"Nur weil etwas selten ist, darf man das mögliche Schadensausmaß nicht unterschätzen.",Risiko & öffentliche Information,c1_risk_communication_1,2,false,to underestimate a risk,Verb,Just because an event is rare does not mean we should underestimate the scale of its possible harm.,vocab_c1_0026
경고 수위를 조절하다,gyeonggo suwireul jojeolhada,die Warnstufe angemessen anpassen,C1,Verb,새로운 정보가 들어올 때마다 근거에 맞춰 경고 수위를 조절해야 합니다.,Mit jeder neuen Information muss die Warnstufe anhand der Belege angepasst werden.,Risiko & öffentliche Information,c1_risk_communication_1,3,false,to calibrate the level of warning,Verb,"As new information comes in, the warning level should be calibrated to the evidence.",vocab_c1_0027
가능성과 확률을 구분하다,ganeungseonggwa hwangnyureul gubunhada,Möglichkeit und Wahrscheinlichkeit unterscheiden,C1,Verb,일어날 수 있다는 말과 실제로 일어날 확률이 높다는 말은 구분해야 해요.,Man muss unterscheiden zwischen möglich und tatsächlich wahrscheinlich.,Risiko & öffentliche Information,c1_risk_communication_1,4,false,to distinguish possibility from probability,Verb,We need to distinguish between something being possible and it being likely to happen.,vocab_c1_0028
최악의 상황을 가정하다,choeagui sanghwangeul gajeonghada,vom schlimmsten Fall ausgehen,C1,Verb,대피 계획은 최악의 상황을 가정하되 일상적인 대응도 가능하게 짜야 해요.,Ein Evakuierungsplan sollte den schlimmsten Fall berücksichtigen und zugleich im Alltag praktikabel sein.,Risiko & öffentliche Information,c1_risk_communication_1,5,false,to assume the worst-case scenario,Verb,An evacuation plan should assume the worst-case scenario while remaining workable for routine responses.,vocab_c1_0029
정보 공백을 메우다,jeongbo gongbaegeul meuda,eine Informationslücke schließen,C1,Verb,공식 설명이 늦어지자 확인되지 않은 소문이 정보 공백을 메우기 시작했어요.,"Als die offizielle Erklärung ausblieb, begannen unbestätigte Gerüchte die Informationslücke zu füllen.",Risiko & öffentliche Information,c1_risk_communication_1,6,false,to fill an information gap,Verb,"When the official explanation was delayed, unverified rumors began filling the information gap.",vocab_c1_0030
발표 시점을 앞당기다,balpyo sijeomeul apdanggida,den Zeitpunkt einer Mitteilung vorziehen,C1,Verb,추측이 커지는 걸 막기 위해 잠정 결과라도 발표 시점을 앞당겼어요.,"Um weitere Spekulationen zu verhindern, wurde selbst die vorläufige Mitteilung vorgezogen.",Risiko & öffentliche Information,c1_risk_communication_1,7,false,to bring an announcement forward,Verb,"To stop speculation from growing, we brought the announcement forward even though the results were preliminary.",vocab_c1_0031
잘못된 안심을 주다,jalmotdoen ansimeul juda,falsche Sicherheit vermitteln,C1,Verb,자료가 부족한데도 괜찮다고 단정하면 사람들에게 잘못된 안심을 줄 수 있어요.,"Wenn man trotz dünner Daten behauptet, alles sei in Ordnung, kann das falsche Sicherheit vermitteln.",Risiko & öffentliche Information,c1_risk_communication_1,8,false,to give false reassurance,Verb,Saying everything is fine when evidence is limited can give people false reassurance.,vocab_c1_0032
조치의 근거를 공개하다,jochiui geungeoreul gonggaehada,die Grundlage einer Maßnahme offenlegen,C1,Verb,불편한 제한일수록 왜 필요한지 조치의 근거를 함께 공개해야 해요.,Gerade bei belastenden Einschränkungen sollte die Begründung der Maßnahme mitveröffentlicht werden.,Risiko & öffentliche Information,c1_risk_communication_1,9,false,to disclose the basis for a measure,Verb,"The more burdensome a restriction is, the more important it is to disclose the basis for it.",vocab_c1_0033
과도한 불안을 막다,gwadohan buraneul makda,übermäßige Angst verhindern,C1,Verb,위험을 숨기지 않으면서도 과도한 불안을 막을 수 있는 표현을 골랐어요.,"Wir wählten Formulierungen, die das Risiko nicht verschweigen und zugleich übermäßige Angst vermeiden.",Risiko & öffentliche Information,c1_risk_communication_1,10,true,to prevent excessive anxiety,Verb,We chose wording that does not hide the risk but still prevents excessive anxiety.,vocab_c1_0034
상황을 계속 갱신하다,sanghwangeul gyesok gaengsinhada,die Lage fortlaufend aktualisieren,C1,Verb,확정된 내용이 적더라도 바뀐 점을 중심으로 상황을 계속 갱신하겠습니다.,"Auch wenn wenig feststeht, werden wir die Lage mit den jeweils neuen Änderungen fortlaufend aktualisieren.",Risiko & öffentliche Information,c1_risk_communication_1,11,true,to keep updating the situation,Verb,"Even if little is confirmed, we will keep updating the situation with what has changed.",vocab_c1_0035
책임 있게 정정하다,chaegim itge jeongjeonghada,verantwortungsvoll korrigieren,C1,Verb,잘못 전한 수치가 확인되면 이유와 영향을 설명하며 책임 있게 정정해야 합니다.,"Wenn eine falsche Zahl bestätigt wird, muss sie mit Erklärung zu Ursache und Auswirkung verantwortungsvoll korrigiert werden.",Risiko & öffentliche Information,c1_risk_communication_1,12,true,to issue a responsible correction,Verb,"When a reported figure is found to be wrong, it should be corrected responsibly with an explanation of why and what it affects.",vocab_c1_0036
일회성 행사로 끝나다,ilhoeseong haengsaro kkeunnada,bei einer einmaligen Aktion bleiben,C1,Verb,분리배출 캠페인이 일회성 행사로 끝나지 않으려면 담당 인력과 예산이 필요해요.,"Damit die Recyclingkampagne keine einmalige Aktion bleibt, braucht sie Personal und Budget.",Nachhaltige Entscheidungen vor Ort,c1_sustainable_tradeoffs_1,1,false,to end as a one-off event,Verb,The recycling campaign needs staff and a budget if it is not to end as a one-off event.,vocab_c1_0037
유지 비용을 따지다,yuji biyongeul ttajida,die laufenden Kosten abwägen,C1,Verb,설치 가격만 보지 말고 앞으로 들 유지 비용까지 따져 봐야 해요.,"Man sollte nicht nur den Anschaffungspreis sehen, sondern auch die künftigen laufenden Kosten abwägen.",Nachhaltige Entscheidungen vor Ort,c1_sustainable_tradeoffs_1,2,false,to consider maintenance costs,Verb,We should look beyond the installation price and consider future maintenance costs too.,vocab_c1_0038
생활 동선을 고려하다,saenghwal dongseoneul goryeohada,alltägliche Wege berücksichtigen,C1,Verb,수거함은 보기 좋은 곳보다 사람들이 실제로 지나는 동선을 고려해 놓아야 해요.,"Sammelbehälter sollten nicht nur gut aussehen, sondern dort stehen, wo Menschen tatsächlich vorbeikommen.",Nachhaltige Entscheidungen vor Ort,c1_sustainable_tradeoffs_1,3,false,to consider people's daily routes,Verb,"Collection bins should be placed based on where people actually walk, not just where they look good.",vocab_c1_0039
효과가 눈에 보이다,hyogwaga nune boida,eine sichtbare Wirkung zeigen,C1,Verb,전기 사용량이 매달 공개되자 절약 효과가 눈에 보이기 시작했어요.,"Als der Stromverbrauch monatlich veröffentlicht wurde, wurden die Einsparerfolge sichtbar.",Nachhaltige Entscheidungen vor Ort,c1_sustainable_tradeoffs_1,4,false,for results to become visible,Verb,"Once electricity use was published each month, the savings began to become visible.",vocab_c1_0040
부담을 고르게 나누다,budameul goreuge nanuda,die Belastung gleichmäßig verteilen,C1,Verb,새 제도가 오래가려면 비용과 수고를 몇 사람에게만 맡기지 말고 고르게 나눠야 해요.,"Damit die neue Regelung Bestand hat, müssen Kosten und Aufwand fair verteilt werden, statt bei wenigen zu landen.",Nachhaltige Entscheidungen vor Ort,c1_sustainable_tradeoffs_1,5,false,to distribute the burden fairly,Verb,"For the new system to last, its cost and effort should be shared fairly rather than placed on a few people.",vocab_c1_0041
선택의 폭을 넓히다,seontaegui pogeul neolhida,die Auswahlmöglichkeiten erweitern,C1,Verb,대중교통 간격을 줄이면 차를 두고 올 수 있는 선택의 폭이 넓어져요.,"Kürzere Taktzeiten im Nahverkehr erweitern die Möglichkeit, das Auto stehen zu lassen.",Nachhaltige Entscheidungen vor Ort,c1_sustainable_tradeoffs_1,6,false,to broaden the range of options,Verb,More frequent public transport broadens people's options for leaving the car at home.,vocab_c1_0042
장기적인 효과를 따지다,janggijeogin hyogwareul ttajida,langfristige Wirkungen abwägen,C1,Verb,당장 눈에 띄는 성과뿐 아니라 오 년 뒤의 효과도 따져서 결정했어요.,"Wir entschieden nicht nur nach dem sofort sichtbaren Ergebnis, sondern wogen auch die Wirkung in fünf Jahren ab.",Nachhaltige Entscheidungen vor Ort,c1_sustainable_tradeoffs_1,7,false,to weigh long-term effects,Verb,We made the decision by considering not only immediate results but also the effect five years from now.,vocab_c1_0043
기존 시설을 활용하다,gijon siseoreul hwaryonghada,vorhandene Infrastruktur nutzen,C1,Verb,새 건물을 짓기 전에 비어 있는 주민센터 같은 기존 시설을 활용할 수 있는지 살펴봤어요.,"Bevor wir neu bauen, prüften wir, ob sich freie Räume im Bürgerzentrum nutzen lassen.",Nachhaltige Entscheidungen vor Ort,c1_sustainable_tradeoffs_1,8,false,to make use of existing facilities,Verb,"Before constructing a new building, we checked whether unused space in the community center could be used.",vocab_c1_0044
예상 수요를 산정하다,yesang suyoreul sanjeonghada,den erwarteten Bedarf berechnen,C1,Verb,충전기를 설치하기 전에 시간대별 이용 기록으로 예상 수요를 산정했어요.,Vor der Installation der Ladestationen wurde der erwartete Bedarf anhand zeitlicher Nutzungsdaten berechnet.,Nachhaltige Entscheidungen vor Ort,c1_sustainable_tradeoffs_1,9,false,to estimate expected demand,Verb,"Before installing chargers, we estimated demand using usage records by time of day.",vocab_c1_0045
참여를 꾸준히 끌어내다,chamyeoreul kkujunhi kkeureonaeda,dauerhafte Beteiligung fördern,C1,Verb,작은 성과를 정기적으로 보여 주는 것이 참여를 꾸준히 끌어내는 데 도움이 됐어요.,"Regelmäßige Einblicke in kleine Fortschritte halfen dabei, die Beteiligung aufrechtzuerhalten.",Nachhaltige Entscheidungen vor Ort,c1_sustainable_tradeoffs_1,10,true,to sustain participation,Verb,Regularly showing small results helped sustain participation.,vocab_c1_0046
보여 주기식 대책에 그치다,boyeo jugisik daechaege geuchida,bei einer symbolischen Maßnahme bleiben,C1,Verb,사진 촬영 뒤에 관리가 멈춘다면 보여 주기식 대책에 그칠 가능성이 커요.,"Wenn die Pflege nach dem Fototermin endet, bleibt die Maßnahme wahrscheinlich reine Symbolik.",Nachhaltige Entscheidungen vor Ort,c1_sustainable_tradeoffs_1,11,true,to amount to a measure for show,Verb,"If maintenance stops after the photo opportunity, the measure is likely to be little more than a show.",vocab_c1_0047
지역 여건에 맞추다,jiyeok yeogeone matchuda,an lokale Bedingungen anpassen,C1,Verb,다른 도시의 성공 사례도 교통과 인구 구성을 보고 지역 여건에 맞춰야 해요.,Auch erfolgreiche Modelle anderer Städte müssen an Verkehr und Bevölkerungsstruktur vor Ort angepasst werden.,Nachhaltige Entscheidungen vor Ort,c1_sustainable_tradeoffs_1,12,true,to adapt to local conditions,Verb,Even successful ideas from other cities need to be adapted to local transport and demographics.,vocab_c1_0048
논점을 흐리다,nonjeomeul heurida,vom Kernpunkt ablenken,C2,Verb,개인의 말투만 문제 삼으면 제도가 만든 불균형이라는 논점이 흐려질 수 있어요.,"Wenn nur der Ton einer Person kritisiert wird, kann der eigentliche Punkt, die strukturelle Ungleichheit, aus dem Blick geraten.","Sprache, Deutung & Macht",c2_language_framing_1,1,false,to blur the point at issue,Verb,Focusing only on one person's tone can blur the real issue of structural inequality.,vocab_c2_0025
전제를 숨기다,jeonjereul sumgida,eine Prämisse verbergen,C2,Verb,효율이 가장 중요하다는 전제를 숨긴 채 선택지가 하나뿐이라고 말하고 있어요.,"Es wird behauptet, es gebe nur eine Wahl, während die Prämisse verborgen bleibt, dass Effizienz über allem steht.","Sprache, Deutung & Macht",c2_language_framing_1,2,false,to hide an assumption,Verb,They claim there is only one option while hiding the assumption that efficiency matters most.,vocab_c2_0026
책임을 개인에게 돌리다,chaegimeul gaeinege dollida,Verantwortung auf Einzelne abwälzen,C2,Verb,구조적인 문제를 생활 습관 탓으로만 설명하면 책임을 개인에게 돌리게 돼요.,"Wer ein strukturelles Problem nur mit Lebensgewohnheiten erklärt, wälzt die Verantwortung auf Einzelne ab.","Sprache, Deutung & Macht",c2_language_framing_1,3,false,to shift responsibility onto individuals,Verb,Explaining a structural problem only as a matter of personal habits shifts responsibility onto individuals.,vocab_c2_0027
범주를 임의로 나누다,beomjureul imuiro nanuda,Kategorien willkürlich bilden,C2,Verb,연속적인 차이를 둘로만 나누면 범주를 임의로 만들었다는 비판을 피하기 어려워요.,"Wer fließende Unterschiede nur in zwei Gruppen teilt, muss sich den Vorwurf willkürlicher Kategorien gefallen lassen.","Sprache, Deutung & Macht",c2_language_framing_1,4,false,to divide categories arbitrarily,Verb,Dividing a continuum into only two groups makes it hard to avoid criticism that the categories are arbitrary.,vocab_c2_0028
표현의 수위를 낮추다,pyohyeonui suwireul natchuda,die Schärfe einer Formulierung mindern,C2,Verb,갈등을 줄이려고 표현의 수위는 낮췄지만 요구의 핵심까지 지우지는 않았어요.,"Um den Konflikt zu entschärfen, wurde der Ton gemildert, ohne die Kernforderung zu streichen.","Sprache, Deutung & Macht",c2_language_framing_1,5,false,to tone down wording,Verb,"We toned down the wording to reduce conflict, but did not erase the core demand.",vocab_c2_0029
침묵을 동의로 간주하다,chimmugeul donguiro ganjuhada,Schweigen als Zustimmung werten,C2,Verb,말하지 않았다는 이유로 침묵을 동의로 간주하면 참여하기 어려운 사람을 배제할 수 있어요.,"Wenn Schweigen als Zustimmung gilt, können Menschen ausgeschlossen werden, denen das Sprechen schwerfällt.","Sprache, Deutung & Macht",c2_language_framing_1,6,false,to treat silence as consent,Verb,Treating silence as consent can exclude people who find it difficult to speak up.,vocab_c2_0030
이름을 붙일 권한을 갖다,ireumeul buchil gwonhaneul gatda,"die Macht haben, etwas zu benennen",C2,Verb,어떤 상태를 문제라고 이름 붙일 권한을 누가 갖는지부터 물어야 해요.,"Zuerst sollte man fragen, wer die Macht hat, einen Zustand überhaupt als Problem zu bezeichnen.","Sprache, Deutung & Macht",c2_language_framing_1,7,false,to hold the power to name something,Verb,We should first ask who has the power to label a condition a problem.,vocab_c2_0031
발화를 맥락에서 떼어 내다,balhwareul maengnageseo tteeo naeda,eine Äußerung aus dem Kontext lösen,C2,Verb,한 문장만 잘라 발화를 맥락에서 떼어 내면 원래 의도와 반대로 읽힐 수 있어요.,"Wird nur ein Satz herausgeschnitten, kann eine Äußerung entgegen ihrer ursprünglichen Absicht verstanden werden.","Sprache, Deutung & Macht",c2_language_framing_1,8,false,to take a statement out of context,Verb,Cutting out a single sentence and removing it from context can reverse its original meaning.,vocab_c2_0032
불균형을 자연스럽게 보이게 하다,bulgyunhyeongeul jayeonseureopge boige hada,Ungleichheit natürlich erscheinen lassen,C2,Verb,늘 그래 왔다는 표현은 바꿀 수 있는 불균형을 자연스럽게 보이게 할 때가 있어요.,"Die Wendung, es sei schon immer so gewesen, lässt veränderbare Ungleichheit manchmal natürlich wirken.","Sprache, Deutung & Macht",c2_language_framing_1,9,false,to make an imbalance seem natural,Verb,Saying it has always been this way can make a changeable imbalance seem natural.,vocab_c2_0033
반박의 틀을 제한하다,banbagui teureul jehanhada,den Rahmen möglicher Einwände begrenzen,C2,Verb,찬반 중 하나만 고르게 하면 문제 제기 방식 자체가 반박의 틀을 제한할 수 있어요.,"Wenn nur Ja oder Nein möglich ist, kann bereits die Fragestellung den Rahmen der Einwände begrenzen.","Sprache, Deutung & Macht",c2_language_framing_1,10,true,to restrict the frame of rebuttal,Verb,Forcing a yes-or-no choice can make the question itself restrict the frame of rebuttal.,vocab_c2_0034
모호함을 전략적으로 남기다,mohohameul jeollyakjeogeuro namgida,Mehrdeutigkeit strategisch offenlassen,C2,Verb,서로 다른 집단의 지지를 얻으려고 핵심 용어의 모호함을 전략적으로 남겼어요.,"Um verschiedene Gruppen anzusprechen, ließ man den zentralen Begriff strategisch mehrdeutig.","Sprache, Deutung & Macht",c2_language_framing_1,11,true,to leave ambiguity strategically,Verb,"To gain support from different groups, they strategically left the key term ambiguous.",vocab_c2_0035
상대의 언어를 빌려 말하다,sangdaeui eoneoreul billyeo malhada,in den Begriffen des Gegenübers sprechen,C2,Verb,반박하려고 상대의 언어를 그대로 빌렸지만 오히려 그 전제를 강화하고 말았어요.,"Um zu widersprechen, übernahm man die Begriffe der Gegenseite und stärkte damit ungewollt deren Prämisse.","Sprache, Deutung & Macht",c2_language_framing_1,12,true,to speak using the other side's language,Verb,"In trying to rebut the argument, we borrowed the other side's language and ended up reinforcing its assumptions.",vocab_c2_0036
결정 과정을 추적하다,gyeoljeong gwajeongeul chujeokhada,einen Entscheidungsprozess nachverfolgen,C2,Verb,결과에 이의를 제기하려면 어떤 자료가 어떻게 반영됐는지 결정 과정을 추적할 수 있어야 해요.,"Um ein Ergebnis anzufechten, muss nachvollziehbar sein, welche Daten wie in die Entscheidung eingeflossen sind.",Technikethik & Verantwortung,c2_technology_ethics_1,1,false,to trace a decision-making process,Verb,"To challenge an outcome, people need to be able to trace how each piece of data shaped the decision.",vocab_c2_0037
설명 가능성을 확보하다,seolmyeong ganeungseongeul hwakbohada,Erklärbarkeit sicherstellen,C2,Verb,정확도가 조금 높더라도 이유를 전혀 설명할 수 없다면 설명 가능성을 더 확보해야 해요.,"Selbst bei etwas höherer Genauigkeit muss die Erklärbarkeit verbessert werden, wenn Gründe gar nicht genannt werden können.",Technikethik & Verantwortung,c2_technology_ethics_1,2,false,to ensure explainability,Verb,"Even if accuracy is slightly higher, we need more explainability if the reasons cannot be described at all.",vocab_c2_0038
오류가 누적되다,oryuga nujeokdoeda,Fehler summieren sich,C2,Verb,초기 입력이 조금씩 틀리면 다음 단계로 갈수록 오류가 누적될 수 있어요.,"Wenn die ersten Eingaben leicht falsch sind, können sich die Fehler in späteren Schritten summieren.",Technikethik & Verantwortung,c2_technology_ethics_1,3,false,for errors to accumulate,Verb,"If early inputs are slightly wrong, errors can accumulate at each later stage.",vocab_c2_0039
편향을 증폭하다,pyeonhyangeul jeungpokhada,Verzerrungen verstärken,C2,Verb,과거의 불균형한 기록을 그대로 학습하면 시스템이 기존 편향을 증폭할 수 있어요.,"Lernt ein System unverändert aus unausgewogenen historischen Daten, kann es bestehende Verzerrungen verstärken.",Technikethik & Verantwortung,c2_technology_ethics_1,4,false,to amplify bias,Verb,Training on imbalanced historical records without adjustment can cause a system to amplify existing bias.,vocab_c2_0040
이의 제기 절차를 마련하다,iui jegi jeolchareul maryeonhada,ein Einspruchsverfahren einrichten,C2,Verb,자동 판정이 틀릴 수 있는 만큼 당사자가 설명을 요구할 이의 제기 절차를 마련해야 해요.,"Da automatische Entscheidungen falsch sein können, braucht es ein Verfahren, über das Betroffene eine Erklärung verlangen können.",Technikethik & Verantwortung,c2_technology_ethics_1,5,false,to establish an appeals process,Verb,"Because automated decisions can be wrong, there must be an appeals process through which affected people can request an explanation.",vocab_c2_0041
인간의 판단을 대체하다,inganui pandaneul daechehada,menschliches Urteil ersetzen,C2,Verb,도구가 결정을 돕는 것과 인간의 판단을 완전히 대체하는 것은 구분해야 합니다.,"Es ist zu unterscheiden, ob ein Werkzeug Entscheidungen unterstützt oder menschliches Urteil vollständig ersetzt.",Technikethik & Verantwortung,c2_technology_ethics_1,6,false,to replace human judgment,Verb,We should distinguish between a tool supporting a decision and completely replacing human judgment.,vocab_c2_0042
데이터의 출처를 소명하다,deiteoui chulcheoreul somyeonghada,die Herkunft von Daten belegen,C2,Verb,학습 자료를 공개하기 어렵더라도 데이터의 출처와 수집 동의 여부는 소명해야 해요.,"Auch wenn Trainingsdaten nicht vollständig offengelegt werden können, müssen Herkunft und Einwilligung zur Erhebung belegt werden.",Technikethik & Verantwortung,c2_technology_ethics_1,7,false,to account for the source of data,Verb,"Even when training data cannot be fully disclosed, its source and consent status must be accounted for.",vocab_c2_0043
책임을 시스템 탓으로 돌리다,chaegimeul siseutem taseuro dollida,Verantwortung auf das System schieben,C2,Verb,자동으로 나온 결과라는 말만으로 책임을 시스템 탓으로 돌릴 수는 없어요.,"Die Aussage, das Ergebnis sei automatisch entstanden, reicht nicht aus, um die Verantwortung auf das System zu schieben.",Technikethik & Verantwortung,c2_technology_ethics_1,8,false,to blame the system,Verb,Saying the result was automated is not enough to shift responsibility onto the system.,vocab_c2_0044
자동화를 맹신하다,jadonghwareul maengsinhada,Automatisierung blind vertrauen,C2,Verb,처리 속도가 빠르다는 이유로 자동화를 맹신하면 드문 오류를 놓치기 쉬워요.,"Wer Automatisierung nur wegen ihrer Geschwindigkeit blind vertraut, übersieht leicht seltene Fehler.",Technikethik & Verantwortung,c2_technology_ethics_1,9,false,to trust automation blindly,Verb,Blindly trusting automation because it is fast makes rare errors easy to miss.,vocab_c2_0045
예외 사례를 처리하다,yeoe saryereul cheorihada,Ausnahmefälle bearbeiten,C2,Verb,평균적인 이용자만 기준으로 삼으면 예외 사례를 제대로 처리하기 어려워요.,"Wenn nur durchschnittliche Nutzer als Maßstab dienen, lassen sich Ausnahmefälle schwer angemessen bearbeiten.",Technikethik & Verantwortung,c2_technology_ethics_1,10,true,to handle edge cases,Verb,"If the system is designed only around average users, it will struggle to handle edge cases properly.",vocab_c2_0046
감시 범위를 제한하다,gamsi beomwireul jehanhada,den Umfang der Überwachung begrenzen,C2,Verb,안전을 위한 장치라도 목적과 기간을 정해 감시 범위를 제한해야 해요.,"Auch Sicherheitsmaßnahmen brauchen einen klaren Zweck und Zeitraum, um den Umfang der Überwachung zu begrenzen.",Technikethik & Verantwortung,c2_technology_ethics_1,11,true,to limit the scope of surveillance,Verb,Even a safety measure needs a defined purpose and duration to limit the scope of surveillance.,vocab_c2_0047
철회할 권리를 보장하다,cheolhoehal gwollireul bojanghada,das Recht auf Widerruf gewährleisten,C2,Verb,처음에 동의했더라도 나중에 데이터 제공을 철회할 권리를 보장해야 합니다.,"Auch nach einer anfänglichen Einwilligung muss das Recht gewährleistet sein, die Datenfreigabe später zu widerrufen.",Technikethik & Verantwortung,c2_technology_ethics_1,12,true,to guarantee the right to withdraw,Verb,"Even after initial consent, people must retain the right to withdraw permission to use their data.",vocab_c2_0048
인사드리겠습니다,insadeurigetseumnida,Darf ich Sie begrüßen,A1,Ausdruck,먼저 인사드리겠습니다.,Darf ich mich zuerst vorstellen?,Partnerschaft & koreanische Familie,a1_partner_meet_names_1,1,false,Let me say hello,Expression,Let me introduce myself first.,vocab_a1_0212
인사드리다,insadeurida,respektvoll grüßen,A1,Verb,문 앞에서 먼저 인사드렸어요.,Vor der Tür habe ich sie zuerst respektvoll gegrüßt.,Partnerschaft & koreanische Familie,a1_partner_meet_names_1,2,false,to greet respectfully,Verb,I greeted them respectfully at the door first.,vocab_a1_0213
장인어른,jangineoreun,Schwiegervater (Vater der Ehefrau),A1,Nomen,오늘은 장인어른께 처음 인사드려요.,Heute begrüße ich zum ersten Mal meinen Schwiegervater.,Partnerschaft & koreanische Familie,a1_partner_meet_names_1,3,false,father-in-law (wife's father),Noun,Today I meet my father-in-law for the first time.,vocab_a1_0214
장모님,jangmonim,Schwiegermutter (Mutter der Ehefrau),A1,Nomen,장모님께 과일을 드렸어요.,Meiner Schwiegermutter habe ich Obst gegeben.,Partnerschaft & koreanische Familie,a1_partner_meet_names_1,4,false,mother-in-law (wife's mother),Noun,I gave my mother-in-law some fruit.,vocab_a1_0215
시아버지,siabeoji,Schwiegervater (Vater des Ehemanns),B1,Nomen,남편 집에 가니까 시아버지께서 환하게 반겨주셨어요.,"Als wir bei der Familie meines Mannes ankamen, hat mein Schwiegervater uns herzlich begrüßt.",Partnerschaft & koreanische Familie,b1_partner_after_visit_1,13,false,father-in-law (husband's father),Noun,"When we arrived at my husband's family's home, my father-in-law gave us a warm welcome.",vocab_a1_0216
시어머니,sieomeoni,Schwiegermutter (Mutter des Ehemanns),A1,Nomen,시어머니께서 저를 보고 웃으셨어요.,Meine Schwiegermutter hat mich angesehen und gelächelt.,Partnerschaft & koreanische Familie,a1_partner_meet_names_1,6,false,mother-in-law (husband's mother),Noun,My mother-in-law looked at me and smiled.,vocab_a1_0217
호칭,hoching,Anrede,A1,Nomen,호칭이 어려워서 수진 씨에게 물었어요.,Vor meinen Eltern spreche ich in der Höflichkeitsform.,Partnerschaft & koreanische Familie,a1_partner_meet_names_1,7,false,form of address,Noun,In front of my parents I use honorific speech.,vocab_a1_0218
높임말,nopimmal,Höflichkeitsform,A1,Nomen,부모님 앞에서는 높임말을 써요.,Vor seinen Eltern spreche ich in der Höflichkeitsform.,Partnerschaft & koreanische Familie,a1_partner_meet_names_1,8,false,honorific speech,Noun,In front of his parents I use honorific speech.,vocab_a1_0219
성함을 묻다,seonghameul mutda,nach dem Namen fragen,A1,Ausdruck,성함을 물었어요.,Ich habe nach dem Namen gefragt.,Partnerschaft & koreanische Familie,a1_partner_meet_names_1,9,false,to ask someone's name politely,Expression,I asked for their name.,vocab_a1_0220
몇 살이세요,myeot sariseyo,wie alt sind Sie,A1,Ausdruck,"실례지만, 몇 살이세요?","Entschuldigen Sie, wie alt sind Sie?",Partnerschaft & koreanische Familie,a1_partner_meet_names_1,10,true,how old are you (polite),Expression,"Excuse me, how old are you?",vocab_a1_0221
잘 부탁드립니다,jal butakdeurimnida,"Ich hoffe, wir verstehen uns",A1,Ausdruck,앞으로 잘 부탁드립니다.,"Ich hoffe, wir kommen von jetzt an gut miteinander aus.",Partnerschaft & koreanische Familie,a1_partner_meet_names_1,11,true,Hope we get along,Expression,I hope we get along well from now on.,vocab_a1_0222
댁에,daege,bei Ihnen zu Hause (höflich),A1,Ausdruck,댁에 처음 와서 신발을 여기에 뒀어요.,Ich bin zum ersten Mal bei Ihnen zu Hause und habe die Schuhe hier hingestellt.,Partnerschaft & koreanische Familie,a1_partner_meet_names_1,12,true,at your home (honorific),Expression,I came to your home for the first time and put my shoes here.,vocab_a1_0223
과일 바구니,gwail baguni,Obstkorb,B1,Nomen,과일 바구니를 들고 초인종을 눌렀어요.,Mit einem Obstkorb in der Hand habe ich geklingelt.,Partnerschaft & koreanische Familie,b1_partner_first_gift_1,1,false,fruit basket,Noun,I rang the doorbell with a fruit basket in my hands.,vocab_a1_0224
건강식품,geongangsikpum,Gesundheitsprodukt,B1,Nomen,건강식품은 약처럼 보일까 봐 고민했어요.,"Ich zögerte, weil ein Gesundheitsprodukt schnell wie Medizin aussieht.",Partnerschaft & koreanische Familie,b1_partner_first_gift_1,2,false,health supplement (as a gift),Noun,I hesitated because a health supplement can look like medicine.,vocab_a1_0225
과한 선물,gwahan seonmul,zu großes Geschenk,B1,Ausdruck,과한 선물은 부담이 된다고 현우가 말했어요.,"Hyunwoo sagte, ein zu großes Geschenk setzt die anderen unter Druck.",Partnerschaft & koreanische Familie,b1_partner_first_gift_1,3,false,overly big gift,Expression,Hyunwoo said too big a gift puts people under pressure.,vocab_a1_0226
작은 정성,jageun jeongseong,kleine Aufmerksamkeit,B1,Ausdruck,큰돈 말고 작은 정성이면 충분해요.,"Kein teures Geschenk, eine kleine Aufmerksamkeit reicht.",Partnerschaft & koreanische Familie,b1_partner_first_gift_1,4,false,a small gesture of care,Expression,Not something expensive; a small gesture is enough.,vocab_a1_0227
포장,pojang,Verpackung,B1,Nomen,포장이 예쁘면 인사가 쉬워져요.,"Wenn die Verpackung schön ist, fällt der Gruß leichter.",Partnerschaft & koreanische Familie,b1_partner_first_gift_1,5,false,wrapping,Noun,Nice wrapping makes the greeting easier.,vocab_a1_0228
받아 주세요,bada juseyo,bitte nehmen Sie das,B1,Ausdruck,별건 아니지만 받아 주세요.,"Es ist nichts Besonderes, aber bitte nehmen Sie es.",Partnerschaft & koreanische Familie,b1_partner_first_gift_1,6,false,please accept this,Expression,"It's nothing special, but please take it.",vocab_a1_0229
사양하다,sayanghada,höflich ablehnen,B1,Verb,처음에는 사양하다가 결국 받으셨어요.,Zuerst lehnten sie höflich ab und nahmen es dann doch an.,Partnerschaft & koreanische Familie,b1_partner_first_gift_1,7,false,to decline politely,Verb,They declined at first and then accepted after all.,vocab_a1_0230
빈손,binson,mit leeren Händen,B1,Nomen,빈손으로 가면 현우가 더 긴장해요.,"Wenn ich mit leeren Händen komme, ist Hyunwoo noch nervöser.",Partnerschaft & koreanische Familie,b1_partner_first_gift_1,8,false,empty-handed,Noun,"If I arrive empty-handed, Hyunwoo gets even more nervous.",vocab_a1_0231
백화점 상품권,baekhwajeom sangpumgwon,Kaufhausgutschein,B1,Nomen,백화점 상품권은 편하지만 정이 없어 보일 수 있어요.,"Ein Kaufhausgutschein ist praktisch, wirkt aber schnell unpersönlich.",Partnerschaft & koreanische Familie,b1_partner_first_gift_1,9,false,department-store voucher,Noun,A department-store voucher is practical but can come across as impersonal.,vocab_a1_0232
꽃다발,kkotdabal,Blumenstrauß,B1,Nomen,꽃다발은 예쁘지만 버스에서 들고 가기 힘들어요.,"Ein Blumenstrauß ist schön, aber im Bus schwer zu tragen.",Partnerschaft & koreanische Familie,b1_partner_first_gift_1,10,true,bouquet,Noun,A bouquet is pretty but hard to carry on the bus.,vocab_a1_0233
답례,damnye,Gegengabe,B1,Nomen,돌아갈 때 답례로 반찬을 싸 주셨어요.,Beim Gehen packten sie mir als Gegengabe Beilagen ein.,Partnerschaft & koreanische Familie,b1_partner_first_gift_1,11,true,gift in return,Noun,As I left they packed side dishes for me in return.,vocab_a1_0234
감사 인사,gamsa insa,Dankesgruß,B1,Nomen,선물을 받으면 짧게 감사 인사를 해요.,"Wenn ich ein Geschenk bekomme, bedanke ich mich kurz.",Partnerschaft & koreanische Familie,b1_partner_first_gift_1,12,true,thank-you greeting,Noun,"When I get a gift, I say a short thank-you.",vocab_a1_0235
현관,hyeongwan,Eingangsbereich,A2,Nomen,현관에서 신발을 벗었어요.,Im Eingangsbereich habe ich die Schuhe ausgezogen.,Partnerschaft & koreanische Familie,a2_partner_house_entry_1,1,false,entryway,Noun,I took off my shoes in the entryway.,vocab_a1_0236
손님 슬리퍼,sonnim seullipeo,Gästeslipper,A2,Nomen,손님 슬리퍼가 한 짝밖에 없었어요.,Von den Gästeslippern war nur einer da.,Partnerschaft & koreanische Familie,a2_partner_house_entry_1,2,false,guest slippers,Noun,There was only one guest slipper.,vocab_a1_0237
앉으세요,anjeuseyo,setzen Sie sich bitte,A2,Ausdruck,앉으세요. 이 자리는 비어 있어요.,Setzen Sie sich bitte. Dieser Platz ist frei.,Partnerschaft & koreanische Familie,a2_partner_house_entry_1,3,false,please sit down,Expression,Please sit down. This seat is free.,vocab_a1_0238
윗목,winmok,der kühlere Teil des Zimmers,A2,Nomen,윗목이 서늘해서 아랫목에 앉았어요.,"Der obere Teil des Zimmers war kühl, deshalb setzte ich mich auf den warmen Platz am Boden.",Partnerschaft & koreanische Familie,a2_partner_house_entry_1,4,false,the cooler upper part of the room,Noun,"The upper part of the room was cool, so I sat on the warm spot on the floor.",vocab_a1_0239
아랫목,araenmok,der warme Platz am Boden,A2,Nomen,아랫목이 따뜻해서 거기에 앉았어요.,"Der warme Platz am Boden war angenehm, deshalb setzte ich mich dorthin.",Partnerschaft & koreanische Familie,a2_partner_house_entry_1,5,false,the warm spot on the floor,Noun,"The warm spot on the floor was comfortable, so I sat there.",vocab_a1_0240
무릎,mureup,Knie,A2,Nomen,바닥에 앉으니 무릎이 먼저 아팠어요.,"Als ich auf dem Boden saß, taten zuerst die Knie weh.",Partnerschaft & koreanische Familie,a2_partner_house_entry_1,6,false,knee,Noun,"When I sat on the floor, my knees hurt first.",vocab_a1_0241
방석,bangseok,Sitzkissen,A2,Nomen,방석을 밀어 주셔서 감사했어요.,"Sie schoben mir ein Sitzkissen zu, und ich war dankbar.",Partnerschaft & koreanische Familie,a2_partner_house_entry_1,7,false,floor cushion,Noun,"They pushed a floor cushion over, and I was thankful.",vocab_a1_0242
물 드세요,mul deuseyo,trinken Sie etwas,A2,Ausdruck,물 드세요. 여기 있어요.,Trinken Sie etwas Wasser. Hier ist es.,Partnerschaft & koreanische Familie,a2_partner_house_entry_1,8,false,please have some water,Expression,Please have some water. Here it is.,vocab_a1_0243
손 씻기,son ssitgi,Händewaschen,A2,Nomen,손 씻기 전에 화장실이 어디인지 물었어요.,"Bevor ich mir die Hände wusch, fragte ich, wo das Bad ist.",Partnerschaft & koreanische Familie,a2_partner_house_entry_1,9,false,washing hands,Noun,"Before washing my hands, I asked where the bathroom was.",vocab_a1_0244
화장실 문,hwajangsil mun,Toilettentür,A2,Nomen,화장실 문을 열었어요.,Ich habe die Badezimmertür geöffnet.,Partnerschaft & koreanische Familie,a2_partner_house_entry_1,10,true,bathroom door,Noun,I opened the bathroom door.,vocab_a1_0245
조용히 하다,joyonghi hada,leise sein,A2,Verb,할아버지가 주무셔서 조용히 했어요.,"Der Großvater schlief, also war ich leise.",Partnerschaft & koreanische Familie,a2_partner_house_entry_1,11,true,to keep quiet,Verb,"Grandfather was asleep, so I kept quiet.",vocab_a1_0246
방문 예절,bangmun yejeol,Benimmregeln beim Besuch,A2,Ausdruck,방문 예절을 간단히 확인했어요.,Vor dem Besuch habe ich die Umgangsformen kurz geklärt.,Partnerschaft & koreanische Familie,a2_partner_house_entry_1,12,true,manners for visiting someone's home,Expression,"Before the visit, I checked the etiquette briefly.",vocab_a1_0247
진지,jinji,Mahlzeit (ehrerbietig),A1,Nomen,"할머니, 진지 드세요.","Oma, iss bitte etwas.",Partnerschaft & koreanische Familie,a1_partner_table_basic_1,1,false,meal (honorific),Noun,"Grandma, please eat.",vocab_a1_0248
수저,sujeo,Löffel und Stäbchen,A1,Nomen,수저를 주세요.,Bitte geben Sie mir Löffel und Stäbchen.,Partnerschaft & koreanische Familie,a1_partner_table_basic_1,2,false,spoon and chopsticks,Noun,Please give me a spoon and chopsticks.,vocab_a1_0249
밑반찬,mitbanchan,Beilagen,A1,Nomen,밑반찬이 많아요.,Es gibt viele Beilagen.,Partnerschaft & koreanische Familie,a1_partner_table_basic_1,3,false,everyday side dishes,Noun,There are many side dishes.,vocab_a1_0250
더 드세요,deo deuseyo,essen Sie noch mehr,A1,Ausdruck,더 드세요.,Bitte nehmen Sie noch etwas.,Partnerschaft & koreanische Familie,a1_partner_table_basic_1,4,false,please eat more,Expression,Please have some more.,vocab_a1_0251
배불러요,baebulleoyo,ich bin satt,A1,Ausdruck,배불러요. 하지만 과일은 먹어요.,Ich bin satt. Aber ich esse Obst.,Partnerschaft & koreanische Familie,a1_partner_table_basic_1,5,false,I am full,Expression,I'm full. But I eat fruit.,vocab_a1_0252
맛있어요,masisseoyo,es schmeckt,A1,Ausdruck,이 음식은 맛있어요.,Dieses Essen ist lecker.,Partnerschaft & koreanische Familie,a1_partner_table_basic_1,6,false,it is delicious,Expression,This food is delicious.,vocab_a1_0253
집밥,jipbap,Hausmannskost,A1,Nomen,오늘 집밥이 맛있어요.,Das Essen zu Hause ist heute lecker.,Partnerschaft & koreanische Familie,a1_partner_table_basic_1,7,false,home cooking,Noun,The home-cooked meal is delicious today.,vocab_a1_0254
국물,gungmul,Brühe,A1,Nomen,국물이 뜨거워요.,Die Brühe ist heiß.,Partnerschaft & koreanische Familie,a1_partner_table_basic_1,8,false,broth,Noun,The broth is hot.,vocab_a1_0255
젓가락질,jeotgarakjil,Stäbchenhaltung,A1,Nomen,젓가락질이 어려워요.,Mit Stäbchen zu essen ist schwierig.,Partnerschaft & koreanische Familie,a1_partner_table_basic_1,9,false,chopstick grip,Noun,Using chopsticks is difficult.,vocab_a1_0256
앞접시,apjeopsi,Extrateller,A1,Nomen,앞접시를 써요.,Ich benutze einen kleinen Teller.,Partnerschaft & koreanische Familie,a1_partner_table_basic_1,10,true,individual plate,Noun,I use a small side plate.,vocab_a1_0257
수저 놓다,sujeo nota,das Besteck ablegen,A1,Ausdruck,수저를 놓아요.,Ich lege Löffel und Stäbchen hin.,Partnerschaft & koreanische Familie,a1_partner_table_basic_1,11,true,to put utensils down,Expression,I put down my spoon and chopsticks.,vocab_a1_0258
설거지,seolgeoji,Abwasch,A1,Nomen,설거지를 해요.,Ich spüle ab.,Partnerschaft & koreanische Familie,a1_partner_table_basic_1,12,true,doing the dishes,Noun,I do the dishes.,vocab_a1_0259
설날,seollal,"Seollal, Mondneujahr",A1,Nomen,설날이에요. 가족을 만나요.,Es ist Seollal. Ich treffe meine Familie.,Partnerschaft & koreanische Familie,a1_partner_seollal_basic_1,1,false,"Seollal, Lunar New Year",Noun,It is Seollal. I see my family.,vocab_a1_0260
세배,sebae,Neujahrsverbeugung,A1,Nomen,세배를 해요.,Ich verbeuge mich zum Neujahrsfest.,Partnerschaft & koreanische Familie,a1_partner_seollal_basic_1,2,false,New Year bow,Noun,I give a New Year's bow.,vocab_a1_0261
떡국,tteokguk,"Tteokguk, Reiskuchensuppe",A1,Nomen,설날에 떡국을 먹어요.,An Seollal esse ich Tteokguk.,Partnerschaft & koreanische Familie,a1_partner_seollal_basic_1,3,false,"tteokguk, rice-cake soup",Noun,I eat tteokguk at Seollal.,vocab_a1_0262
세뱃돈,sebaetdon,Neujahrsgeld,A1,Nomen,세뱃돈을 받았어요.,Ich habe Neujahrsgeld bekommen.,Partnerschaft & koreanische Familie,a1_partner_seollal_basic_1,4,false,New Year money,Noun,I received New Year money.,vocab_a1_0263
한복,hanbok,Hanbok,A1,Nomen,한복을 입어요.,Ich trage einen Hanbok.,Partnerschaft & koreanische Familie,a1_partner_seollal_basic_1,5,false,hanbok,Noun,I wear a hanbok.,vocab_a1_0264
새해 복 많이 받으세요,saehae bok mani badeuseyo,ein gesegnetes neues Jahr,A1,Ausdruck,새해 복 많이 받으세요!,Ein gutes neues Jahr!,Partnerschaft & koreanische Familie,a1_partner_seollal_basic_1,6,false,happy new year,Expression,Happy New Year!,vocab_a1_0265
절하다,jeolhada,sich verbeugen,A1,Verb,설날에는 친척들이 모여 어른들에게 절을 하는 풍습이 있어요.,An Seollal kommen Verwandte zusammen und verbeugen sich traditionell vor den Älteren.,Partnerschaft & koreanische Familie,a1_partner_seollal_basic_1,7,false,to bow deeply,Verb,"At Seollal, relatives get together and traditionally bow to the elders.",vocab_a1_0266
세배 드리다,sebae deurida,die Neujahrsverbeugung darbringen,A1,Ausdruck,어른들께 세배 드려요.,Zum Neujahrsfest verbeuge ich mich vor den Älteren.,Partnerschaft & koreanische Familie,a1_partner_seollal_basic_1,8,false,to offer the New Year bow,Expression,I give the elders a New Year's bow.,vocab_a1_0267
덕담,deokdam,guter Neujahrswunsch,A1,Nomen,덕담을 듣고 정말 기뻤어요.,Ich habe die Neujahrswünsche gehört und war sehr froh.,Partnerschaft & koreanische Familie,a1_partner_seollal_basic_1,9,false,New Year words of blessing,Noun,"I heard the New Year's blessing, and I was very happy.",vocab_a1_0268
차례상,charyesang,Ahnentisch,A1,Nomen,차례상 앞에 서 있어요.,Ich stehe vor dem Ahnentisch.,Partnerschaft & koreanische Familie,a1_partner_seollal_basic_1,10,true,ancestral rite table,Noun,I am standing in front of the ancestral rite table.,vocab_a1_0269
세뱃돈 봉투,sebaetdon bongtu,Umschlag für das Neujahrsgeld,A1,Nomen,세뱃돈 봉투를 받았어요.,Ich habe einen Umschlag mit Neujahrsgeld bekommen.,Partnerschaft & koreanische Familie,a1_partner_seollal_basic_1,11,true,New Year money envelope,Noun,I received a New Year money envelope.,vocab_a1_0270
설빔,seolbim,Neujahrskleidung,A1,Nomen,설빔을 샀어요.,Ich habe Neujahrskleidung gekauft.,Partnerschaft & koreanische Familie,a1_partner_seollal_basic_1,12,true,New Year clothes,Noun,I bought New Year clothes.,vocab_a1_0271
추석,chuseok,"Chuseok, Erntedank",A2,Nomen,추석에 가족을 만났어요.,An Chuseok habe ich meine Familie getroffen.,Partnerschaft & koreanische Familie,a2_partner_chuseok_basic_1,1,false,"Chuseok, harvest festival",Noun,I saw my family at Chuseok.,vocab_a1_0272
송편,songpyeon,"Songpyeon, Mondreiskuchen",A2,Nomen,송편 속이 달아서 하나 더 집었어요.,"Die Füllung der Songpyeon war süß, also nahm ich noch eines.",Partnerschaft & koreanische Familie,a2_partner_chuseok_basic_1,2,false,songpyeon rice cake,Noun,"The songpyeon filling was sweet, so I took another one.",vocab_a1_0273
송편 빚다,songpyeon bitda,Songpyeon formen,A2,Ausdruck,송편 빚다가 만두처럼 커졌어요.,Beim Formen wurden meine Songpyeon so groß wie Teigtaschen.,Partnerschaft & koreanische Familie,a2_partner_chuseok_basic_1,3,false,to shape songpyeon,Expression,"As I shaped the songpyeon, mine got as big as dumplings.",vocab_a1_0274
귀성,gwiseong,Heimfahrt zum Fest,A2,Nomen,귀성 기차표를 사려고 알람을 다섯 개 맞췄어요.,Für die Zugtickets nach Hause stellte ich fünf Wecker.,Partnerschaft & koreanische Familie,a2_partner_chuseok_basic_1,4,false,holiday trip home,Noun,I set five alarms to get train tickets home for the holiday.,vocab_a1_0275
성묘,seongmyo,Grabbesuch,A2,Nomen,성묘 갈 때는 편한 신발을 신었어요.,Für den Grabbesuch zog ich bequeme Schuhe an.,Partnerschaft & koreanische Familie,a2_partner_chuseok_basic_1,5,false,visiting family graves,Noun,I wore comfortable shoes for the grave visit.,vocab_a1_0276
벌초,beolcho,Grabpflege,A2,Nomen,벌초는 산에 올라가서 무덤가 풀을 깎는 일이에요.,"Grabpflege heißt, den Hügel hinaufzugehen und das Gras am Grab zu schneiden.",Partnerschaft & koreanische Familie,a2_partner_chuseok_basic_1,6,false,tending the family grave,Noun,Tending the grave means going up the hill and cutting the grass around it.,vocab_a1_0277
송편 찌다,songpyeon jjida,Songpyeon dämpfen,A2,Ausdruck,송편 찌는 김이 올라서 부엌이 뿌예졌어요.,Der Dampf der Songpyeon machte die Küche ganz neblig.,Partnerschaft & koreanische Familie,a2_partner_chuseok_basic_1,7,false,to steam songpyeon,Expression,Steam from the songpyeon left the kitchen hazy.,vocab_a1_0278
햇과일,haetgwail,Obst der neuen Ernte,A2,Nomen,햇과일을 차례상에 올렸어요.,Ich habe Obst der neuen Ernte auf den Ahnentisch gestellt.,Partnerschaft & koreanische Familie,a2_partner_chuseok_basic_1,8,false,first fruit of the season,Noun,I put newly harvested fruit on the ancestral rite table.,vocab_a1_0279
한가위,hangawi,"Hangawi, anderer Name für Chuseok",A2,Nomen,한가위에는 보름달이 크다고 아이들이 말했어요.,"An Hangawi sagten die Kinder, der Vollmond sei besonders groß.",Partnerschaft & koreanische Familie,a2_partner_chuseok_basic_1,9,false,"Hangawi, another name for Chuseok",Noun,At Hangawi the children said the full moon was especially big.,vocab_a1_0280
솔잎,sollip,Kiefernnadel,A2,Nomen,송편에 솔잎 향이 나요.,Songpyeon duftet nach Kiefernnadeln.,Partnerschaft & koreanische Familie,a2_partner_chuseok_basic_1,10,true,pine needle,Noun,Songpyeon smells of pine needles.,vocab_a1_0281
명절 증후군,myeongjeol jeunghugun,Feiertagsstress,B2,Nomen,명절 증후군은 차 안에서 이미 시작됐어요.,Der Feiertagsstress fing schon im Auto an.,Partnerschaft & koreanische Familie,b2_partner_holiday_duty_1,13,false,holiday burnout,Noun,The holiday burnout had already started in the car.,vocab_a1_0282
차례,charye,Ahnenritual,A2,Nomen,차례를 지내기 전에 조용히 기다렸어요.,Vor dem Ahnenritual wartete ich leise.,Partnerschaft & koreanische Familie,a2_partner_chuseok_basic_1,12,true,ancestral memorial rite,Noun,I waited quietly before the ancestral rite.,vocab_a1_0283
처남,cheonam,"Schwager, Bruder der Frau",B1,Nomen,처남이 엘리베이터에서 먼저 손을 흔들었어요.,Der Schwager winkte zuerst im Aufzug.,Partnerschaft & koreanische Familie,b1_partner_siblings_hello_1,1,false,wife's brother,Noun,My wife's brother waved first in the elevator.,vocab_a1_0284
처제,cheoje,"Schwägerin, jüngere Schwester der Frau",B1,Nomen,처제가 독일어를 한 마디 해서 분위기가 풀렸어요.,"Die jüngere Schwägerin sagte ein deutsches Wort, und die Stimmung lockerte sich.",Partnerschaft & koreanische Familie,b1_partner_siblings_hello_1,2,false,wife's younger sister,Noun,"My wife's younger sister said a word in German, and the mood eased.",vocab_a1_0285
시누이,sinui,"Schwägerin, Schwester des Mannes",B1,Nomen,시누이가 옷걸이를 찾아 줬어요.,Die Schwägerin fand den Kleiderbügel für mich.,Partnerschaft & koreanische Familie,b1_partner_siblings_hello_1,3,false,husband's sister,Noun,My husband's sister found a hanger for me.,vocab_a1_0286
시동생,sidongsaeng,"Schwager, jüngerer Bruder des Mannes",B1,Nomen,시동생이 게임을 하자고 해서 현우가 말렸어요.,"Der jüngere Schwager wollte spielen, aber Hyunwoo hielt ihn zurück.",Partnerschaft & koreanische Familie,b1_partner_siblings_hello_1,4,false,husband's younger brother,Noun,"The younger brother wanted to play a game, but Hyunwoo stopped him.",vocab_a1_0287
형부,hyeongbu,Ehemann der älteren Schwester,B1,Nomen,형부가 맥주를 권해서 반만 받았어요.,"Der Mann meiner älteren Schwester bot Bier an, ich nahm nur die Hälfte.",Partnerschaft & koreanische Familie,b1_partner_siblings_hello_1,5,false,older sister's husband,Noun,"My older sister's husband offered beer, and I took only half.",vocab_a1_0288
올케,olke,Frau des Bruders,B1,Nomen,올케가 주방에서 눈짓으로 물컵을 가리켰어요.,Die Schwägerin zeigte in der Küche mit den Augen auf das Wasserglas.,Partnerschaft & koreanische Familie,b1_partner_siblings_hello_1,6,false,brother's wife,Noun,My brother's wife pointed at the water glass with her eyes.,vocab_a1_0289
막내,mangnae,das Nesthäkchen,B1,Nomen,막내가 사진을 찍어 주겠다고 뛰어왔어요.,Das Nesthäkchen rannte her und wollte ein Foto machen.,Partnerschaft & koreanische Familie,b1_partner_siblings_hello_1,7,false,youngest sibling,Noun,The youngest ran over and offered to take a photo.,vocab_a1_0290
맏이,maji,das älteste Kind,B1,Nomen,맏이가 자리 배치를 조용히 정했어요.,Das älteste Kind regelte leise die Sitzordnung.,Partnerschaft & koreanische Familie,b1_partner_siblings_hello_1,8,false,eldest sibling,Noun,The eldest quietly set the seating.,vocab_a1_0291
동생이에요,dongsaengieyo,das ist die jüngere Schwester oder der Bruder,B1,Ausdruck,남편이 동생을 소개했어요. 악수를 해도 될까요?,Mein Mann hat mir seinen jüngeren Bruder vorgestellt. Darf ich ihm die Hand geben?,Partnerschaft & koreanische Familie,b1_partner_siblings_hello_1,9,false,this is the younger sibling,Expression,My husband introduced me to his younger brother. Is it okay to shake his hand?,vocab_a1_0292
친해지다,chinhaejida,sich anfreunden,B1,Verb,게임 한 판 하니 금방 친해졌어요.,Nach einer Spielrunde wurden wir schnell vertrauter.,Partnerschaft & koreanische Familie,b1_partner_siblings_hello_1,10,true,to get closer,Verb,After one game we got closer quickly.,vocab_a1_0293
장난,jangnan,Scherz,B1,Nomen,장난으로 제 발음을 따라 해서 같이 웃었어요.,"Im Scherz ahmten sie meine Aussprache nach, und wir lachten.",Partnerschaft & koreanische Familie,b1_partner_siblings_hello_1,11,true,teasing,Noun,"They teased my pronunciation, and we laughed together.",vocab_a1_0294
단체 사진,danche sajin,Gruppenfoto,B1,Nomen,단체 사진에서 제가 제일 뒤에 서 있어요.,Auf dem Gruppenfoto stehe ich ganz hinten.,Partnerschaft & koreanische Familie,b1_partner_siblings_hello_1,12,true,group photo,Noun,In the group photo I am standing at the very back.,vocab_a1_0295
인증샷,injeungsyat,Foto fürs Netz,A2,Nomen,인증샷은 올리지 말라고 현우가 먼저 말했어요.,"Hyunwoo sagte zuerst, das Foto nicht hochzuladen.",Partnerschaft & koreanische Familie,a2_partner_photo_thanks_1,1,false,pic to show you were there,Noun,Hyunwoo said first not to post the pic.,vocab_a1_0296
가족 앨범,gajok aelbeom,Familienalbum,A2,Nomen,가족 앨범에서 현우 교복 사진을 봤어요.,Im Familienalbum sah ich Hyunwoos Schuluniform.,Partnerschaft & koreanische Familie,a2_partner_photo_thanks_1,2,false,family album,Noun,I saw Hyunwoo's school uniform in the family album.,vocab_a1_0297
촬영 금지,chwaryeong geumji,Fotografierverbot,A2,Ausdruck,차례상 앞에 촬영 금지 안내가 있었어요.,"Vor dem Ahnentisch stand ein Hinweis, dass nicht fotografiert werden soll.",Partnerschaft & koreanische Familie,a2_partner_photo_thanks_1,3,false,no photos,Expression,There was a sign not to take photos in front of the ancestral table.,vocab_a1_0298
잘 다녀오겠습니다,jal danyeoogetseumnida,Ich mache mich dann auf den Weg,A2,Ausdruck,나갈 때 인사했어요. 잘 다녀오겠습니다!,Beim Rausgehen habe ich mich verabschiedet. Ich mache mich dann auf den Weg!,Partnerschaft & koreanische Familie,a2_partner_photo_thanks_1,4,false,I'll be heading out now,Expression,I said goodbye as I left. I'll be heading out now!,vocab_a1_0299
잘 먹었습니다,jal meogeotseumnida,"es hat geschmeckt, danke",A2,Ausdruck,식사 후에 잘 먹었습니다 하고 인사했어요.,Nach dem Essen sagte ich beim Verabschieden: Danke für das Essen.,Partnerschaft & koreanische Familie,a2_partner_photo_thanks_1,5,false,thank you for the meal,Expression,"After the meal, I said thank you for the food.",vocab_a1_0300
다음에 또 오세요,daeume tto oseyo,kommen Sie wieder,A2,Ausdruck,다음에 또 오세요. 그 말을 듣고 신발을 거꾸로 신었어요.,Kommen Sie bald wieder. Ich hörte das und zog aus Eile die Schuhe verkehrt herum an.,Partnerschaft & koreanische Familie,a2_partner_photo_thanks_1,6,false,please come again,Expression,Please come again. I heard that and put my shoes on backwards in my hurry.,vocab_a1_0301
연락드릴게요,yeollakdeurilgeyo,ich melde mich,A2,Ausdruck,문 앞에서 연락드릴게요 하고 손을 흔들었어요.,"An der Tür sagte ich, ich melde mich, und winkte.",Partnerschaft & koreanische Familie,a2_partner_photo_thanks_1,7,false,I will be in touch,Expression,At the door I said I'd be in touch and waved.,vocab_a1_0302
카톡,katok,KakaoTalk,A2,Nomen,차에서 카톡으로 감사 메시지를 보냈어요.,Im Auto schickte ich die Danke-Nachricht per KakaoTalk.,Partnerschaft & koreanische Familie,a2_partner_photo_thanks_1,8,false,KakaoTalk,Noun,In the car I sent a thank-you message on KakaoTalk.,vocab_a1_0303
이모티콘,imotikon,Emoticon,A2,Nomen,이모티콘은 절하는 토끼로 했어요.,Als Sticker habe ich das verbeugende Häschen genommen.,Partnerschaft & koreanische Familie,a2_partner_photo_thanks_1,9,false,emoji sticker,Noun,"For the sticker, I went with the bowing rabbit.",vocab_a1_0304
안부,anbu,"Lebenszeichen, Gruß",A2,Nomen,다음 날 안부를 짧게 물었어요.,Am nächsten Tag fragte ich kurz nach ihrem Befinden.,Partnerschaft & koreanische Familie,a2_partner_photo_thanks_1,10,true,a greeting check-in,Noun,The next day I asked briefly how they were doing.,vocab_a1_0305
사진 전송,sajin jeonsong,Fotos senden,A2,Nomen,사진 전송 전에 현우에게 먼저 보여 줬어요.,Vor dem Senden zeigte ich die Fotos zuerst Hyunwoo.,Partnerschaft & koreanische Familie,a2_partner_photo_thanks_1,11,true,sending photos,Noun,Before sending I showed the photos to Hyunwoo first.,vocab_a1_0306
방문 소감,bangmun sogam,Eindruck vom Besuch,A2,Ausdruck,방문 소감은 따뜻했다고만 적었어요.,"Als Eindruck schrieb ich nur, es sei warm gewesen.",Partnerschaft & koreanische Familie,a2_partner_photo_thanks_1,12,true,impression of the visit,Expression,For my impression of the visit I only wrote that it felt warm.,vocab_a1_0307
어디서 오셨어요,eodiseo osyeosseoyo,woher kommen Sie,A2,Ausdruck,어디서 오셨어요? 독일 베를린이에요.,Woher kommen Sie? Aus Berlin in Deutschland.,Partnerschaft & koreanische Familie,a2_partner_dinner_talk_1,1,false,where are you from,Expression,"Where are you from? Berlin, Germany.",vocab_a2_0269
한국어 잘하시네요,hangugeo jalhasineyo,Sie sprechen gut Koreanisch,A2,Ausdruck,한국어 잘하시네요 소리를 들으니 오히려 더 긴장됐어요.,Das Lob für mein Koreanisch machte mich eher noch nervöser.,Partnerschaft & koreanische Familie,a2_partner_dinner_talk_1,2,false,your Korean is good,Expression,Hearing that my Korean is good made me even more nervous.,vocab_a2_0270
직업이 뭐예요,jigeobi mwoyeyo,was arbeiten Sie,A2,Ausdruck,직업이 뭐예요? 저는 디자이너예요.,Was machen Sie beruflich? Ich arbeite im Design.,Partnerschaft & koreanische Familie,a2_partner_dinner_talk_1,3,false,what do you do,Expression,What do you do? I'm a designer.,vocab_a2_0271
언제 왔어요,eonje wasseoyo,wann sind Sie gekommen,A2,Ausdruck,언제 왔어요? 재작년에 왔어요.,Wann sind Sie gekommen? Vorletztes Jahr.,Partnerschaft & koreanische Familie,a2_partner_dinner_talk_1,4,false,when did you come over,Expression,When did you come? The year before last.,vocab_a2_0272
얼마나 됐어요,eolmana dwaesseoyo,wie lange schon,A2,Ausdruck,한국에 온 지 얼마나 됐어요?,Wie lange sind Sie schon in Korea?,Partnerschaft & koreanische Familie,a2_partner_dinner_talk_1,5,false,how long has it been,Expression,How long have you been in Korea?,vocab_a2_0273
소개팅,sogaeting,Blind Date,A2,Nomen,소개팅이 아니라 동아리에서 만났어요.,"Wir haben uns nicht durch ein Blind Date, sondern im Verein kennengelernt.",Partnerschaft & koreanische Familie,a2_partner_dinner_talk_1,6,false,a set-up date,Noun,"We met in a club, not on a blind date.",vocab_a2_0274
유창하다,yuchanghada,fließend sein,B1,Adjektiv,유창하지 않아도 천천히 말하면 통해요.,Auch ohne fließendes Koreanisch versteht man langsames Sprechen.,Partnerschaft & koreanische Familie,b1_partner_translating_1,13,false,to be fluent,Adjective,"Even if it's not fluent, speaking slowly still gets through.",vocab_a2_0275
통역 부탁,tongyeok butak,um Übersetzung bitten,A2,Nomen,어려운 말은 통역을 부탁했어요.,Bei schwierigen Worten bat ich um Hilfe beim Dolmetschen.,Partnerschaft & koreanische Familie,a2_partner_dinner_talk_1,8,false,asking for interpreting,Noun,I asked for help interpreting difficult parts.,vocab_a2_0276
자기소개,jagisogae,kurze Vorstellung,A2,Nomen,자기소개를 세 문장으로 준비해 갔어요.,Ich hatte die Selbstvorstellung in drei Sätzen vorbereitet.,Partnerschaft & koreanische Familie,a2_partner_dinner_talk_1,9,false,introducing yourself,Noun,I prepared the self-introduction in three sentences.,vocab_a2_0277
고향 이야기,gohyang iyagi,von zu Hause erzählen,A2,Ausdruck,고향 이야기를 하다가 지도를 찾아봤어요.,"Als wir über die Heimat sprachen, schaute ich auf einer Karte nach.",Partnerschaft & koreanische Familie,a2_partner_dinner_talk_1,10,true,talking about home,Expression,"While we were talking about my hometown, I looked at a map.",vocab_a2_0278
음식 취향,eumsik chwihyang,Essensvorlieben,A2,Nomen,제 음식 취향을 물어봤어요. 매운 음식은 조금만 먹어요.,Sie fragten nach meinen Essensvorlieben. Scharfes esse ich nur in kleinen Mengen.,Partnerschaft & koreanische Familie,a2_partner_dinner_talk_1,11,true,food preferences,Noun,They asked about my food preferences. I only eat a little spicy food.,vocab_a2_0279
분위기 파악,bunwigi paak,die Stimmung lesen,B1,Ausdruck,분위기 파악이 안 되면 현우 얼굴을 봐요.,"Wenn ich die Lage nicht lese, schaue ich Hyunwoo an.",Partnerschaft & koreanische Familie,b1_partner_awkward_questions_1,13,false,reading the room,Expression,"If I cannot read the room, I look at Hyunwoo's face.",vocab_a2_0280
세배하러 가다,sebaehareo gada,zur Verbeugung gehen,A2,Ausdruck,오전에 할머니 댁에 세배하러 갔어요.,Am Vormittag besuchte ich meine Großmutter zur Neujahrsverbeugung.,Partnerschaft & koreanische Familie,a2_partner_seollal_day_1,1,false,to go offer New Year bows,Expression,"In the morning, I visited my grandmother to offer a New Year bow.",vocab_a2_0281
떡국 먹다,tteokguk meokda,Reiskuchensuppe essen,A2,Ausdruck,설날 아침에 떡국을 먹었어요.,Am Seollal-Morgen habe ich Tteokguk gegessen.,Partnerschaft & koreanische Familie,a2_partner_seollal_day_1,2,false,to eat rice-cake soup,Expression,I ate tteokguk on Seollal morning.,vocab_a2_0282
세뱃돈 사양,sebaetdon sayang,Neujahrsgeld ablehnen,B2,Ausdruck,어른인데 세뱃돈 사양을 두 번 하고 받았어요.,Als Erwachsene lehnte ich das Geld zweimal ab und nahm es dann.,Partnerschaft & koreanische Familie,b2_partner_family_money_1,13,false,declining New Year money,Expression,"As an adult I declined the New Year money twice, then accepted.",vocab_a2_0283
한복 대여,hanbok daeyeo,Hanbok-Verleih,B1,Nomen,한복 대여 가게가 명절 전날 문을 일찍 닫았어요.,Der Hanbok-Verleih schloss am Vortag früh.,Partnerschaft & koreanische Familie,b1_partner_holiday_plan_1,13,false,hanbok rental,Noun,The hanbok rental closed early the day before.,vocab_a2_0284
세배 순서,sebae sunseo,Reihenfolge der Verbeugung,A2,Nomen,세배 순서는 가족 어른께 여쭤봤어요.,Für die Reihenfolge der Neujahrsverbeugung fragte ich ein älteres Familienmitglied.,Partnerschaft & koreanische Familie,a2_partner_seollal_day_1,5,false,bowing order,Noun,I asked an older family member about the order for New Year bows.,vocab_a2_0285
복주머니,bokjumeoni,Glücksbeutel,A2,Nomen,아이 복주머니에 세뱃돈을 넣어 주셨어요.,In den Glücksbeutel des Kindes steckten sie das Geld.,Partnerschaft & koreanische Familie,a2_partner_seollal_day_1,6,false,lucky pouch,Noun,They put the New Year money into the child's lucky pouch.,vocab_a2_0286
설날 인사말,seollal insamal,Neujahrsgruß,A2,Nomen,설날 인사말을 미리 적어 봤어요.,Ich habe mir den Seollal-Gruß vorher aufgeschrieben.,Partnerschaft & koreanische Familie,a2_partner_seollal_day_1,7,false,what to say at Seollal,Noun,I wrote down a Seollal greeting in advance.,vocab_a2_0287
세배 영상,sebae yeongsang,Video der Verbeugung,A2,Nomen,세배 영상을 가족에게만 보냈어요.,Das Video von der Neujahrsverbeugung schickte ich nur an die Familie.,Partnerschaft & koreanische Familie,a2_partner_seollal_day_1,8,false,bowing video,Noun,I sent the New Year-bow video only to family.,vocab_a2_0288
명절 음식,myeongjeol eumsik,Festtagsessen,A2,Nomen,명절 음식으로 전을 준비했어요.,Für die Feiertage bereitete ich Jeon zu.,Partnerschaft & koreanische Familie,a2_partner_seollal_day_1,9,false,holiday food,Noun,I prepared jeon for the holiday.,vocab_a2_0289
전 부치다,jeon buchida,jeon braten,A2,Ausdruck,전 부치다가 기름이 팔에 튀었어요.,Beim Jeon-Braten spritzte Öl auf meinen Arm.,Partnerschaft & koreanische Familie,a2_partner_seollal_day_1,10,true,to fry Korean pancakes,Expression,"While frying jeon, oil splashed onto my arm.",vocab_a2_0290
세배 연습,sebae yeonseup,Verbeugungsübung,A2,Nomen,세배 연습을 거울 앞에서 열 번 했어요.,Die Verbeugung übte ich zehnmal vor dem Spiegel.,Partnerschaft & koreanische Familie,a2_partner_seollal_day_1,11,true,bow practice,Noun,I practiced the bow ten times in front of the mirror.,vocab_a2_0291
새해 목표,saehae mokpyo,Neujahrsvorsatz,A2,Nomen,제 새해 목표는 한국어 일기예요.,Mein Neujahrsvorsatz ist ein koreanisches Tagebuch.,Partnerschaft & koreanische Familie,a2_partner_seollal_day_1,12,true,new-year goal,Noun,My new year's goal is a Korean diary.,vocab_a2_0292
귀성길,gwiseonggil,Heimreiseverkehr,A2,Nomen,귀성길에서 휴게소 호두과자를 샀어요.,Im Heimreiseverkehr kaufte ich Walnusskuchen an der Raststätte.,Partnerschaft & koreanische Familie,a2_partner_chuseok_day_1,1,false,holiday homebound traffic,Noun,In holiday traffic I bought walnut cakes at the rest stop.,vocab_a2_0293
송편 맛,songpyeon mat,Geschmack der Songpyeon,A2,Nomen,송편 맛으로는 깨가 든 게 제일 좋아요.,Von den Songpyeon-Sorten mag ich die mit Sesamfüllung am liebsten.,Partnerschaft & koreanische Familie,a2_partner_chuseok_day_1,2,false,songpyeon flavor,Noun,"Of the songpyeon varieties, I like the sesame-filled ones best.",vocab_a2_0294
보름달,boreumdal,Vollmond,A2,Nomen,보름달을 보면서 소원을 빌었어요.,Beim Vollmond wünschte ich mir etwas.,Partnerschaft & koreanische Familie,a2_partner_chuseok_day_1,3,false,full moon,Noun,I made a wish while looking at the full moon.,vocab_a2_0295
성묘 옷,seongmyo ot,Kleidung für den Grabbesuch,A2,Nomen,성묘 옷으로 편한 어두운 옷을 골랐어요.,Für den Grabbesuch wählte ich bequeme dunkle Kleidung.,Partnerschaft & koreanische Familie,a2_partner_chuseok_day_1,4,false,clothes for the grave visit,Noun,I chose comfortable dark clothes for the grave visit.,vocab_a2_0296
벌초용 장갑,beolchoyong janggap,Handschuhe für die Grabpflege,A2,Nomen,벌초용 장갑을 끼고 가족 묘소의 풀을 깎았어요.,Ich trug Handschuhe für die Grabpflege und schnitt das Gras an unseren Familiengräbern.,Partnerschaft & koreanische Familie,a2_partner_chuseok_day_1,5,false,gloves for clearing grass around graves,Noun,I wore gloves for clearing the grass around our family graves.,vocab_a2_0297
차례 음식,charye eumsik,Speisen für das Ritual,A2,Nomen,차례 음식은 먹기 전에 상에 올렸어요.,"Die Ritualspeisen stellte ich auf den Tisch, bevor jemand aß.",Partnerschaft & koreanische Familie,a2_partner_chuseok_day_1,6,false,food for the rite,Noun,I put the rite food on the table before anyone ate.,vocab_a2_0298
송편 만들기,songpyeon mandeulgi,Songpyeon herstellen,A2,Nomen,송편 만들기는 처음이라 모양이 잘 안 됐어요.,"Da ich Songpyeon zum ersten Mal machte, gelang die Form nicht so gut.",Partnerschaft & koreanische Familie,a2_partner_chuseok_day_1,7,false,making songpyeon,Noun,"It was my first time making songpyeon, so the shapes did not turn out very well.",vocab_a2_0299
명절 인사,myeongjeol insa,schöne Feiertage,A2,Nomen,"카톡 명절 인사는 짧게, 하지만 존댓말로 보냈어요.","Die Feiertagsnachricht schickte ich kurz, aber höflich.",Partnerschaft & koreanische Familie,a2_partner_chuseok_day_1,8,false,holiday hello,Noun,"I kept the holiday hello short, but polite.",vocab_a2_0300
고향집,gohyangjip,Elternhaus in der Heimat,A2,Nomen,고향집 마당에 감이 아직 열려 있었어요.,Im Hof des Elternhauses hingen noch Kakis.,Partnerschaft & koreanische Familie,a2_partner_chuseok_day_1,9,false,family home in the hometown,Noun,Persimmons were still hanging in the hometown yard.,vocab_a2_0301
친척을 방문하다,chincheogeul bangmunhada,Verwandte besuchen,A2,Verb,추석 연휴에 친척을 방문했어요.,Während der Chuseok-Feiertage besuchte ich Verwandte.,Partnerschaft & koreanische Familie,a2_partner_chuseok_day_1,10,true,to visit relatives,Verb,I visited relatives during the Chuseok holiday.,vocab_a2_0302
송편 점,songpyeon jeom,Songpyeon-Orakel,A2,Nomen,송편 점을 재미로 해 봤어요.,Ich probierte das Songpyeon-Orakel zum Spaß aus.,Partnerschaft & koreanische Familie,a2_partner_chuseok_day_1,11,true,songpyeon fortune,Noun,I tried songpyeon fortune-telling for fun.,vocab_a2_0303
추석 연휴,chuseok yeonhyu,Chuseok-Ferien,A2,Nomen,추석 연휴 마지막 날 기차표를 미리 샀어요.,Für den letzten Tag der Chuseok-Ferien kaufte ich das Zugticket frühzeitig.,Partnerschaft & koreanische Familie,a2_partner_chuseok_day_1,12,true,Chuseok long weekend,Noun,I bought my train ticket early for the last day of the Chuseok holiday.,vocab_a2_0304
놀리다,nollida,aufziehen,B1,Verb,누가 내 발음을 놀려도 그냥 웃어넘기면 돼요.,"Auch wenn sich jemand über meine Aussprache lustig macht, kann ich einfach darüber lachen.",Partnerschaft & koreanische Familie,b1_partner_sibling_tease_1,1,false,to tease,Verb,"Even if someone makes fun of my pronunciation, I can just laugh it off.",vocab_a2_0305
편들다,pyeondeulda,zu jemandem halten,B1,Verb,현우가 제 편을 들어 줘서 든든했어요.,"Hyunwoo hat zu mir gehalten, und das hat mir Sicherheit gegeben.",Partnerschaft & koreanische Familie,b1_partner_sibling_tease_1,2,false,to take someone's side,Verb,"Hyunwoo took my side, and that made me feel supported.",vocab_a2_0306
별명,byeolmyeong,Spitzname,B1,Nomen,별명이 생기기 전에 제가 먼저 하나를 정했어요.,"Bevor ein Spitzname entstand, wählte ich selbst einen.",Partnerschaft & koreanische Familie,b1_partner_sibling_tease_1,3,false,nickname,Noun,"Before a nickname appeared, I chose one first.",vocab_a2_0307
게임 한 판,geim han pan,eine Spielrunde,B1,Ausdruck,게임 한 판 하니 존댓말이 반말로 넘어갔어요.,Nach einer Runde rutschte die Höflichkeit ins Vertraute.,Partnerschaft & koreanische Familie,b1_partner_sibling_tease_1,4,false,one game round,Expression,"After one game, honorifics slipped into casual speech.",vocab_a2_0308
비밀 보장,bimil bojang,ein Geheimnis wahren,B1,Ausdruck,현우가 어릴 때 이야기는 아무에게도 말하지 않기로 했어요.,"Ich habe beschlossen, niemandem von Hyunwoos Kindheit zu erzählen.",Partnerschaft & koreanische Familie,b1_partner_sibling_tease_1,5,false,keeping a secret,Expression,I decided not to tell anyone about Hyunwoo's childhood.,vocab_a2_0309
맞장구,matjanggu,zustimmendes Mitgehen,B1,Nomen,현우의 이야기를 들으면서 계속 맞장구를 쳤어요.,"Während ich Hyunwoos Geschichte zuhörte, reagierte ich immer wieder zustimmend.",Partnerschaft & koreanische Familie,b1_partner_sibling_tease_1,6,false,chiming in in agreement,Noun,"While listening to Hyunwoo's story, I kept responding in agreement.",vocab_a2_0310
통역 눈짓,tongyeok nunjit,sich mit Blicken verständigen,B1,Ausdruck,통역 눈짓을 현우가 못 보면 그냥 웃어요.,"Versteht Hyunwoo meinen Blick nicht, lache ich einfach.",Partnerschaft & koreanische Familie,b1_partner_sibling_tease_1,7,false,to signal with a look,Expression,"If Hyunwoo doesn't get the look, I just laugh.",vocab_a2_0311
같이 웃다,gachi utda,zusammen lachen,B1,Ausdruck,같이 웃다 보면 존댓말 실수는 잊혀요.,"Wenn man zusammen lacht, vergisst man Höflichkeitsfehler.",Partnerschaft & koreanische Familie,b1_partner_sibling_tease_1,8,false,to laugh together,Expression,"If you laugh together, honorific mistakes are forgotten.",vocab_a2_0312
동생 편,dongsaeng pyeon,auf der Seite der Kleinen,B1,Ausdruck,동생 편을 들면 현우가 눈을 흘겨요.,"Halte ich zum jüngeren Geschwister, schielt Hyunwoo.",Partnerschaft & koreanische Familie,b1_partner_sibling_tease_1,9,false,siding with the younger one,Expression,"If I take the younger sibling side, Hyunwoo side-eyes me.",vocab_a2_0313
단톡방,dantokbang,Familienchat,B1,Nomen,단톡방에 입장하자마자 이모티콘이 쏟아졌어요.,"Kaum war ich im Familienchat, regnete es Sticker.",Partnerschaft & koreanische Familie,b1_partner_sibling_tease_1,10,true,family group chat,Noun,"As soon as I joined the family group chat, stickers poured in.",vocab_a2_0314
남은 반찬,nameun banchan,übrig gebliebene Beilagen,B1,Nomen,남은 반찬 봉투가 두 개라서 양손에 들었어요.,Ich trug zwei Tüten Reste in beiden Händen.,Partnerschaft & koreanische Familie,b1_partner_sibling_tease_1,11,true,leftover side dishes,Noun,"I carried two leftover bags, one in each hand.",vocab_a2_0315
반말 실수,banmal silsu,ein Rutscher ins Du,B1,Ausdruck,반말 실수를 하자 동생이 더 좋아했어요.,Nach einem Rutscher ins Du mochte mich das jüngere Geschwister noch mehr.,Partnerschaft & koreanische Familie,b1_partner_sibling_tease_1,12,true,a casual-speech slip,Expression,"After I slipped into casual speech, the younger sibling liked me even more.",vocab_a2_0316
손님방,sonnimbang,Gästezimmer,A2,Nomen,손님방에 이불이 세 겹이라 더웠어요.,"Im Gästezimmer lagen drei Decken, es war zu warm.",Partnerschaft & koreanische Familie,a2_partner_overnight_1,1,false,guest room,Noun,"The guest room had three blankets, so it was too warm.",vocab_a2_0317
이불,ibul,Bettdecke,A2,Nomen,이불을 개다가 누가 들어오셨어요.,"Als ich die Decke faltete, kam jemand herein.",Partnerschaft & koreanische Familie,a2_partner_overnight_1,2,false,blanket,Noun,Someone came in while I was folding the blanket.,vocab_a2_0318
세면 도구,semyeon dogu,Waschzeug,A2,Nomen,세면 도구를 깜빡해서 새 칫솔을 받았어요.,Ich hatte das Waschzeug vergessen und bekam eine neue Bürste.,Partnerschaft & koreanische Familie,a2_partner_overnight_1,3,false,toiletries,Noun,I forgot my toiletries and was given a new toothbrush.,vocab_a2_0319
아침 인사,achim insa,Guten Morgen sagen,A2,Nomen,일어나서 먼저 아침 인사를 했어요.,Nach dem Aufstehen grüßte ich zuerst am Morgen.,Partnerschaft & koreanische Familie,a2_partner_overnight_1,4,false,saying good morning,Noun,I greeted everyone first after getting up.,vocab_a2_0320
일찍 일어나다,iljjik ireonada,früh aufstehen,A2,Ausdruck,일찍 일어나려고 알람을 네 개 맞췄어요.,"Um früh aufzustehen, stellte ich vier Wecker.",Partnerschaft & koreanische Familie,a2_partner_overnight_1,5,false,to get up early,Expression,I set four alarms to get up early.,vocab_a2_0321
화장실 줄,hwajangsil jul,Schlange vor der Toilette,A2,Nomen,화장실 줄이 있어서 잠깐 기다렸어요.,"Vor dem Bad war eine Schlange, deshalb wartete ich kurz.",Partnerschaft & koreanische Familie,a2_partner_overnight_1,6,false,bathroom queue,Noun,"There was a line for the bathroom, so I waited a moment.",vocab_a2_0322
잠옷,jamot,Schlafanzug,A2,Nomen,잠옷 대신 편한 티를 입어도 되냐고 물었어요.,"Ich fragte, ob statt Schlafanzug ein T-Shirt reicht.",Partnerschaft & koreanische Familie,a2_partner_overnight_1,7,false,pajamas,Noun,I asked whether a T-shirt was fine instead of pajamas.,vocab_a2_0323
코골이,kogori,Schnarchen,A2,Nomen,옆방에서 코골이 소리가 들려서 잠을 못 잤어요.,"Ich konnte nicht schlafen, weil ich aus dem Nebenzimmer Schnarchen hörte.",Partnerschaft & koreanische Familie,a2_partner_overnight_1,8,false,snoring,Noun,I couldn't sleep because I could hear snoring from the next room.,vocab_a2_0324
아침밥,achimbap,Frühstück,A2,Nomen,아침밥을 먹고 버스 타러 나갔어요.,"Nach dem Frühstück ging ich los, um den Bus zu nehmen.",Partnerschaft & koreanische Familie,a2_partner_overnight_1,9,false,breakfast,Noun,"After breakfast, I went out to catch the bus.",vocab_a2_0325
손님 수건,sonnim sugeon,Gästehandtuch,A2,Nomen,손님 수건이 비슷해서 제 것과 헷갈렸어요.,"Die Gästehandtücher sahen ähnlich aus, deshalb verwechselte ich eines mit meinem.",Partnerschaft & koreanische Familie,a2_partner_overnight_1,10,true,guest towel,Noun,"The guest towels looked similar, so I confused one with mine.",vocab_a2_0326
문 닫기,mun datgi,die Tür schließen,A2,Nomen,문 닫기 소리가 너무 커서 저도 깜짝 놀랐어요.,"Die Tür fiel so laut zu, dass ich selbst erschrak.",Partnerschaft & koreanische Familie,a2_partner_overnight_1,11,true,closing the door,Noun,The door shut so loudly that I startled myself.,vocab_a2_0327
잘 주무셨어요,jal jumusyeosseoyo,haben Sie gut geschlafen,A2,Ausdruck,아침에 할머니께 “잘 주무셨어요?” 하고 여쭤봤어요.,Am Morgen fragte ich meine Großmutter: „Hast du gut geschlafen?“,Partnerschaft & koreanische Familie,a2_partner_overnight_1,12,true,did you sleep well,Expression,"In the morning, I asked my grandmother, “Did you sleep well?”",vocab_a2_0328
싸 주다,ssa juda,zum Mitnehmen einpacken,B1,Ausdruck,가려는데 반찬을 싸 주셔서 가방이 무거워졌어요.,"Beim Gehen packten sie Beilagen ein, und die Tasche wurde schwer.",Partnerschaft & koreanische Familie,b1_partner_leftover_bags_1,1,false,to pack food to go,Expression,"As we left they packed side dishes, and the bag got heavy.",vocab_a2_0329
밀폐 용기,milpye yonggi,Frischhaltedose,B1,Nomen,밀폐 용기가 세 개라 버스에서 조심했어요.,"Drei Frischhaltedosen, im Bus ging ich vorsichtig.",Partnerschaft & koreanische Familie,b1_partner_leftover_bags_1,2,false,airtight container,Noun,"There were three airtight containers, so I was careful on the bus.",vocab_a2_0330
김치 국물,gimchi gungmul,Kimchi-Saft,B1,Nomen,김치 국물이 샐까 봐 봉지를 두 겹으로 했어요.,Aus Angst vor Kimchi-Saft nahm ich zwei Tüten.,Partnerschaft & koreanische Familie,b1_partner_leftover_bags_1,3,false,kimchi juice,Noun,I used two bags in case the kimchi juice leaked.,vocab_a2_0331
냉동실,naengdongsil,Gefrierfach,B1,Nomen,냉동실에 넣으라고 스티커까지 붙여 주셨어요.,Sie klebten sogar einen Zettel drauf: ab ins Gefrierfach.,Partnerschaft & koreanische Familie,b1_partner_leftover_bags_1,4,false,freezer,Noun,They even stuck a note on it saying to put it in the freezer.,vocab_a2_0332
보자기,bojagi,Bojagi-Tuch,B1,Nomen,보자기로 싼 그릇이 미끄러워서 양손으로 들었어요.,"Die in ein Tuch gewickelte Schüssel rutschte, also nahm ich sie in beide Hände.",Partnerschaft & koreanische Familie,b1_partner_leftover_bags_1,5,false,wrapping cloth,Noun,"The bowl wrapped in cloth kept slipping, so I held it with both hands.",vocab_a2_0333
비닐봉지,binilbongji,Plastiktüte,B1,Nomen,비닐봉지가 얇아서 밑에 책을 받쳤어요.,"Die Tüte war dünn, also legte ich ein Buch darunter.",Partnerschaft & koreanische Familie,b1_partner_leftover_bags_1,6,false,plastic bag,Noun,"The plastic bag was thin, so I slid a book underneath.",vocab_a2_0334
양손,yangson,beide Hände,B1,Nomen,양손에 통이 있어서 엘리베이터 버튼을 팔꿈치로 눌렀어요.,Mit beiden Händen voll drückte ich den Knopf mit dem Ellbogen.,Partnerschaft & koreanische Familie,b1_partner_leftover_bags_1,7,false,both hands,Noun,With both hands full I pressed the elevator button with my elbow.,vocab_a2_0335
냉동 보관,naengdong bogwan,Tiefkühllagerung,B1,Nomen,냉동 보관이라고 쓴 메모를 뚜껑에 붙였어요.,Ich klebte den Zettel Tiefkühllagerung auf den Deckel.,Partnerschaft & koreanische Familie,b1_partner_leftover_bags_1,8,false,freezer storage,Noun,I stuck a freezer-storage note on the lid.,vocab_a2_0336
집까지,jipkkaji,bis nach Hause,B1,Ausdruck,집까지 국물 냄새를 들고 가서 현우가 창문을 열었어요.,"Bis nach Hause trug ich den Suppengeruch, und Hyunwoo öffnete das Fenster.",Partnerschaft & koreanische Familie,b1_partner_leftover_bags_1,9,false,all the way home,Expression,"I carried the broth smell all the way home, and Hyunwoo opened the window.",vocab_a2_0337
가방이 무겁다,gabangi mugeopda,die Tasche ist schwer,B1,Ausdruck,가방이 무겁다고 하자 아버지가 차까지 들어 주셨어요.,"Als ich sagte, die Tasche sei schwer, trug der Vater sie zum Auto.",Partnerschaft & koreanische Familie,b1_partner_leftover_bags_1,10,true,the bag is heavy,Expression,"When I said the bag is heavy, father carried it to the car.",vocab_a2_0338
국물 새다,gungmul saeda,Saft auslaufen,B1,Ausdruck,국물 샐까 봐 뚜껑을 두 번 확인했어요.,Aus Angst vor auslaufender Brühe prüfte ich den Deckel zweimal.,Partnerschaft & koreanische Familie,b1_partner_leftover_bags_1,11,true,for broth to leak,Expression,I checked the lid twice in case the broth leaked.,vocab_a2_0339
반찬 봉투,banchan bongtu,Beilagenbeutel,B1,Nomen,반찬 봉투가 두 개라서 현우와 나눠 들었어요.,"Es gab zwei Beilagenbeutel, also trugen Hyunwoo und ich je einen.",Partnerschaft & koreanische Familie,b1_partner_leftover_bags_1,12,true,side-dish bag,Noun,"There were two side-dish bags, so Hyunwoo and I each carried one.",vocab_a2_0340
고속버스,gosokbeoseu,Fernbus,A2,Nomen,고속버스 좌석이 창가라서 할머니께 사진을 보냈어요.,"Der Fernbusplatz war am Fenster, also schickte ich der Großmutter ein Foto.",Partnerschaft & koreanische Familie,a2_partner_hometown_trip_1,1,false,express bus,Noun,"The express-bus seat was by the window, so I sent grandmother a photo.",vocab_a2_0341
휴게소,hyugeso,Raststätte,A2,Nomen,휴게소에서 호두과자를 사서 같이 먹었어요.,"An der Raststätte kaufte ich Walnusskuchen, den wir zusammen aßen.",Partnerschaft & koreanische Familie,a2_partner_hometown_trip_1,2,false,highway rest stop,Noun,"I bought walnut cakes at the rest stop, and we ate them together.",vocab_a2_0342
명절 기차표,myeongjeol gichapyo,Zugticket für die Feiertage,A2,Nomen,명절 기차표는 금방 매진되니까 미리 예매했어요.,"Zugtickets für die Feiertage sind schnell ausverkauft, deshalb habe ich früh gebucht.",Partnerschaft & koreanische Familie,a2_partner_hometown_trip_1,3,false,holiday train ticket,Noun,"Holiday train tickets sell out quickly, so I booked mine early.",vocab_a2_0343
좌석 배정,jwaseok baejeong,Sitzzuweisung,B1,Nomen,좌석 배정이 떨어져서 현우와 쪽지로 이야기했어요.,"Die Sitze lagen auseinander, also schrieben Hyunwoo und ich Zettel.",Partnerschaft & koreanische Familie,b1_travel_change_1,13,false,seat assignment,Noun,"The seat assignment split us, so Hyunwoo and I passed notes.",vocab_a2_0344
짐 부치다,jim buchida,Gepäck aufgeben,A2,Ausdruck,기차를 타기 전에 큰 짐을 택배로 부쳤어요.,Vor der Zugfahrt schickte ich mein großes Gepäck per Paketdienst voraus.,Partnerschaft & koreanische Familie,a2_partner_hometown_trip_1,5,false,to check a bag,Expression,"Before taking the train, I sent my large bag ahead by courier.",vocab_a2_0345
도착 연락,dochak yeollak,Ankunftsmeldung,A2,Nomen,역에 도착해서 가족에게 도착 연락을 했어요.,Nach meiner Ankunft am Bahnhof gab ich meiner Familie Bescheid.,Partnerschaft & koreanische Familie,a2_partner_hometown_trip_1,6,false,arrival message,Noun,"When I arrived at the station, I let my family know.",vocab_a2_0346
친척 집,chincheok jip,Verwandtenhaus,A2,Nomen,친척 집이 언덕 위라 천천히 걸어갔어요.,"Das Haus der Verwandten lag auf einem Hügel, deshalb ging ich langsam hinauf.",Partnerschaft & koreanische Familie,a2_partner_hometown_trip_1,7,false,relative's house,Noun,"The relatives’ house was up a hill, so I walked up slowly.",vocab_a2_0347
마을 버스,maeul beoseu,Dorfbus,A2,Nomen,마을 버스 시간을 두 번 확인했어요.,Ich prüfte die Zeiten des Dorfbusses zweimal.,Partnerschaft & koreanische Familie,a2_partner_hometown_trip_1,8,false,village bus,Noun,I checked the village-bus times twice.,vocab_a2_0348
집 마당,jip madang,Hof des Hauses,A2,Nomen,집 마당에 개가 있어서 멀리서 기다렸어요.,"Im Hof war ein Hund, deshalb wartete ich etwas weiter weg.",Partnerschaft & koreanische Familie,a2_partner_hometown_trip_1,9,false,house yard,Noun,"There was a dog in the yard, so I waited a little farther away.",vocab_a2_0349
밤참,bamcham,Spätimbiss,A2,Nomen,밤참으로 과일을 조금 먹었어요.,Als späten Imbiss aß ich etwas Obst.,Partnerschaft & koreanische Familie,a2_partner_hometown_trip_1,10,true,late-night snack,Noun,I had some fruit as a late-night snack.,vocab_a2_0350
돌아가는 길,doraganeun gil,der Rückweg,A2,Nomen,돌아가는 길에 남은 전을 조금 받았어요.,Auf dem Rückweg bekam ich noch etwas übrig gebliebenes Jeon.,Partnerschaft & koreanische Familie,a2_partner_hometown_trip_1,11,true,the way back,Noun,"On the way back, I was given some leftover jeon.",vocab_a2_0351
안부 전화,anbu jeonhwa,Ankunftsanruf,A2,Nomen,서울에 도착해서 안부 전화를 드렸어요.,"Nach der Ankunft in Seoul rief ich an, um Bescheid zu geben.",Partnerschaft & koreanische Familie,a2_partner_hometown_trip_1,12,true,safe-arrival call,Noun,"After arriving in Seoul, I called to let them know.",vocab_a2_0352
반말 전환,banmal jeonhwan,Wechsel ins Vertraute,B1,Nomen,반말 전환은 동생이 먼저 하자고 했어요.,Den Wechsel ins Vertraute schlug das jüngere Geschwister zuerst vor.,Partnerschaft & koreanische Familie,b1_partner_banmal_switch_1,1,false,switch to casual speech,Noun,The younger sibling suggested the switch to casual speech first.,vocab_a2_0353
존댓말 유지,jondaenmal yuji,Höflichkeit beibehalten,B1,Ausdruck,부모님 앞에서는 존댓말 유지를 약속했어요.,"Vor den Eltern versprach ich, die Höflichkeit beizubehalten.",Partnerschaft & koreanische Familie,b1_partner_banmal_switch_1,2,false,keeping honorifics,Expression,In front of the parents I promised to keep honorifics.,vocab_a2_0354
말실수,malsilsu,Versprecher,B1,Nomen,말실수로 형이라고 불러서 현우 눈이 커졌어요.,"Aus Versehen sagte ich hyeong, und Hyunwoo riss die Augen auf.",Partnerschaft & koreanische Familie,b1_partner_banmal_switch_1,3,false,speech slip,Noun,"I slipped and called him hyeong, and Hyunwoo's eyes went wide.",vocab_a2_0355
호칭 연습,hoching yeonseup,Anredeübung,B1,Nomen,호칭 연습을 차에 타기 전에 세 번 했어요.,Die Anrede übte ich dreimal vor der Autofahrt.,Partnerschaft & koreanische Familie,b1_partner_banmal_switch_1,4,false,address-term practice,Noun,I practiced the address terms three times before the car ride.,vocab_a2_0356
편하게 말해요,pyeonhage malhaeyo,reden Sie ganz normal,B1,Ausdruck,편하게 말해요 하셔도 처음엔 존댓말이 나왔어요.,"Auch als sie sagten, ich solle locker sprechen, kam zuerst die Höflichkeitsform.",Partnerschaft & koreanische Familie,b1_partner_banmal_switch_1,5,false,just talk normally,Expression,"Even after they told me to speak comfortably, honorifics came out first.",vocab_a2_0357
아직 어색해요,ajik eosaekhaeyo,es ist noch ungewohnt,B1,Ausdruck,아직 어색해요라고 하니 동생이 천천히 해 줬어요.,"Als ich sagte, es sei noch ungewohnt, wurde das Tempo langsamer.",Partnerschaft & koreanische Familie,b1_partner_banmal_switch_1,6,false,it still feels awkward,Expression,"When I said it still feels awkward, the younger sibling slowed down.",vocab_a2_0358
존댓말 버릇,jondaenmal beoreut,Höflichkeitsgewohnheit,B1,Nomen,존댓말 버릇이 남아서 게임에서도 요를 붙였어요.,"Die Höflichkeitsgewohnheit blieb, also hängte ich sogar im Spiel ein yo an.",Partnerschaft & koreanische Familie,b1_partner_banmal_switch_1,7,false,honorific habit,Noun,"The honorific habit stuck, so I even tacked yo onto everything in the game.",vocab_a2_0359
나이 확인,nai hwagin,nach dem Alter fragen,B1,Nomen,나이 확인 전에는 이름을 부르지 않았어요.,Vor dem Altersabgleich benutzte ich keinen Vornamen.,Partnerschaft & koreanische Familie,b1_partner_banmal_switch_1,8,false,checking who's older,Noun,I did not use a first name before checking ages.,vocab_a2_0360
서로 존댓말,seoro jondaenmal,gegenseitige Höflichkeit,B1,Nomen,처음엔 서로 존댓말로 시작해 마음이 놓였어요.,"Am Anfang half gegenseitige Höflichkeit, ich war erleichtert.",Partnerschaft & koreanische Familie,b1_partner_banmal_switch_1,9,false,mutual honorifics,Noun,Starting with mutual honorifics made me feel safer.,vocab_a2_0361
말투 맞추기,maltu matchugi,den Ton anpassen,B1,Ausdruck,말투 맞추기는 현우가 눈짓으로 도와줬어요.,"Hyunwoo half mit einem Blick, den Ton anzupassen.",Partnerschaft & koreanische Familie,b1_partner_banmal_switch_1,10,true,matching speech style,Expression,Hyunwoo helped me match the speech style with a look.,vocab_a2_0362
존댓말 실수,jondaenmal silsu,Höflichkeitsfehler,B1,Nomen,존댓말 실수를 사과하니 아버지가 괜찮다고 하셨어요.,"Nach der Entschuldigung für den Höflichkeitsfehler sagte der Vater, es sei in Ordnung.",Partnerschaft & koreanische Familie,b1_partner_banmal_switch_1,11,true,honorific mistake,Noun,"When I apologized for the honorific mistake, father said it was fine.",vocab_a2_0363
반말 연습,banmal yeonseup,Banmal-Übung,B1,Nomen,반말 연습은 주차장에서만 하기로 했어요.,Banmal übten wir nur auf dem Parkplatz.,Partnerschaft & koreanische Familie,b1_partner_banmal_switch_1,12,true,casual-speech practice,Noun,We agreed to practice casual speech only in the parking lot.,vocab_a2_0364
결혼 계획,gyeolhon gyehoek,Heiratspläne,B1,Nomen,결혼 계획을 묻길래 아직 천천히 알아가는 중이라고 했어요.,"Nach Heiratsplänen gefragt sagte ich, wir lernen uns noch in Ruhe kennen.",Partnerschaft & koreanische Familie,b1_partner_awkward_questions_1,1,false,marriage plans,Noun,"Asked about marriage plans, I said we are still getting to know each other slowly.",vocab_b1_0272
아이 가지다,ai gajida,Kinder bekommen,B1,Ausdruck,아이를 가질 계획이 있냐는 질문에 아직 정하지 않았다고 답했어요.,"Auf die Frage, ob wir Kinder haben möchten, sagte ich, dass wir das noch nicht entschieden haben.",Partnerschaft & koreanische Familie,b1_partner_awkward_questions_1,2,false,to have children,Expression,"When asked whether we planned to have children, I said we hadn't decided yet.",vocab_b1_0273
월급 이야기,wolgeup iyagi,Gehaltsgespräch,B1,Nomen,월급 이야기가 나오자 구체적인 금액은 말하고 싶지 않다고 했어요.,"Als das Thema Gehalt aufkam, sagte ich, dass ich keine genaue Summe nennen möchte.",Partnerschaft & koreanische Familie,b1_partner_awkward_questions_1,3,false,salary talk,Noun,"When the conversation turned to salary, I said I didn't want to give a specific figure.",vocab_b1_0274
종교 질문,jonggyo jilmun,Religionsfrage,B1,Nomen,종교 질문을 받았지만 개인적인 일이라며 답을 아꼈어요.,"Auf die Frage nach meiner Religion sagte ich, dass das für mich privat sei.",Partnerschaft & koreanische Familie,b1_partner_awkward_questions_1,4,false,religion question,Noun,"When asked about my religion, I said I preferred to keep it private.",vocab_b1_0275
언제 결혼해요,eonje gyeolhonhaeyo,wann heiratet ihr,B1,Ausdruck,언제 결혼해요는 농담처럼 들려도 답이 필요했어요.,"Wann heiratet ihr klang wie ein Scherz, brauchte aber eine Antwort.",Partnerschaft & koreanische Familie,b1_partner_awkward_questions_1,5,false,when will you marry,Expression,When will you marry sounded like a joke but still needed an answer.,vocab_b1_0276
국적 문제,gukjeok munje,Staatsangehörigkeitsfrage,B1,Nomen,국적 문제는 서로의 선택을 먼저 듣고 이야기하기로 했어요.,"Wir beschlossen, erst die Wünsche aller Beteiligten anzuhören und dann über die Frage der Staatsangehörigkeit zu sprechen.",Partnerschaft & koreanische Familie,b1_partner_awkward_questions_1,6,false,nationality issue,Noun,We agreed to hear each other's wishes before discussing the citizenship question.,vocab_b1_0277
부모 허락,bumo heorak,Erlaubnis der Eltern,B1,Nomen,결혼을 결정하는 데 부모 허락이 필요한지는 사람마다 생각이 달라요.,"Ob man für eine Heirat die Zustimmung der Eltern braucht, sehen Menschen unterschiedlich.",Partnerschaft & koreanische Familie,b1_partner_awkward_questions_1,7,false,parental blessing,Noun,People differ on whether parents' approval matters when deciding to marry.,vocab_b1_0278
돌려 말하기,dollyeo malhagi,etwas umschreiben,B1,Ausdruck,직접 거절 대신 돌려 말하기를 현우가 먼저 했어요.,Statt eines direkten Neins umschrieb Hyunwoo zuerst.,Partnerschaft & koreanische Familie,b1_partner_awkward_questions_1,8,false,to speak indirectly,Expression,"Instead of a direct no, Hyunwoo spoke indirectly first.",vocab_b1_0279
화제 돌리기,hwaje dolligi,Thema wechseln,B1,Nomen,화제 돌리기는 날씨보다 음식 칭찬이 안전했어요.,Zum Themenwechsel war ein Lob für das Essen sicherer als das Wetter.,Partnerschaft & koreanische Familie,b1_partner_awkward_questions_1,9,false,changing the subject,Noun,"For changing the subject, praising the food was safer than the weather.",vocab_b1_0280
웃고 넘기다,utgo neomgida,weglächeln,B1,Ausdruck,나이 농담은 웃고 넘기니 할머니가 좋아하셨어요.,Den Altersscherz einfach wegzulächeln kam bei der Großmutter gut an.,Partnerschaft & koreanische Familie,b1_partner_awkward_questions_1,10,true,to laugh it off,Expression,Laughing off the age joke went over well with grandmother.,vocab_b1_0281
솔직한 선,soljikhan seon,eine ehrliche Grenze,B1,Nomen,솔직한 선을 정하니 현우도 한결 편해졌어요.,Eine ehrliche Grenze zu ziehen nahm auch Hyunwoo den Druck.,Partnerschaft & koreanische Familie,b1_partner_awkward_questions_1,11,true,an honest boundary,Noun,Drawing an honest line took the pressure off Hyunwoo too.,vocab_b1_0282
다음에 말씀드릴게요,daeume malsseumdeurilgeyo,dazu sage ich später mehr,B1,Ausdruck,“다음에 말씀드릴게요”라고 하니 시간을 벌면서도 분위기를 해치지 않았어요.,"Mit „Ich erzähle es Ihnen ein andermal“ gewann ich Zeit, ohne die Stimmung zu verderben.",Partnerschaft & koreanische Familie,b1_partner_awkward_questions_1,12,true,I will tell you more later,Expression,Saying “I’ll tell you another time” bought me time without spoiling the mood.,vocab_b1_0283
취업 비자,chwieop bija,Arbeitsvisum,B1,Nomen,취업 비자 만료일을 먼저 말해 오해가 줄었어요.,Das Ablaufdatum des Arbeitsvisums zuerst zu nennen verringerte Missverständnisse.,Partnerschaft & koreanische Familie,b1_partner_job_visa_1,1,false,work visa,Noun,Bringing up the work-visa expiry date first cleared up a lot.,vocab_b1_0284
계약직,gyeyakjik,befristete Stelle,B1,Nomen,계약직이라고 하니 안정적이냐는 질문이 바로 나왔어요.,"Als ich befristete Stelle sagte, kam sofort die Frage nach Stabilität.",Partnerschaft & koreanische Familie,b1_partner_job_visa_1,2,false,fixed-term contract,Noun,"When I said fixed-term, the stability question came at once.",vocab_b1_0285
원격 근무,wongyeok geunmu,Homeoffice,B1,Nomen,원격 근무라 명절에도 노트북을 가져왔어요.,Wegen Homeoffice nahm ich den Laptop auch an Feiertagen mit.,Partnerschaft & koreanische Familie,b1_partner_job_visa_1,3,false,remote work,Noun,Because of remote work I brought the laptop even on the holiday.,vocab_b1_0286
이직 생각,ijik saenggak,Jobwechselgedanke,B1,Nomen,이직 생각이 있냐고 묻기에 좋은 기회가 생기면 알아보겠다고 했어요.,"Auf die Frage nach einem Jobwechsel sagte ich, dass ich mich bei einer guten Gelegenheit umsehen würde.",Partnerschaft & koreanische Familie,b1_partner_job_visa_1,4,false,thought of changing jobs,Noun,"When asked if I was thinking of changing jobs, I said I'd look around if a good opportunity came up.",vocab_b1_0287
체류 기간,cheryu gigan,Aufenthaltsdauer,B1,Nomen,체류 기간을 묻길래 내년까지 연장할 계획이라고 했어요.,"Nach der Aufenthaltsdauer gefragt sagte ich, ich plane eine Verlängerung bis nächstes Jahr.",Partnerschaft & koreanische Familie,b1_partner_job_visa_1,5,false,length of stay,Noun,"Asked about the length of stay, I said I plan to extend through next year.",vocab_b1_0288
한국어 능력,hangugeo neungnyeok,Koreanischkenntnisse,B1,Nomen,한국어 능력을 시험받는 기분은 회사보다 가족 식탁에서 더 컸어요.,"Das Gefühl, mein Koreanisch werde geprüft, war am Familientisch stärker als im Büro.",Partnerschaft & koreanische Familie,b1_partner_job_visa_1,6,false,Korean ability,Noun,The feeling that my Korean was being tested was stronger at the family table than at work.,vocab_b1_0289
야근,yageun,Überstunden,B1,Nomen,야근이 많다고 하니 건강부터 챙기라고 하셨어요.,"Als ich von vielen Überstunden erzählte, sollte ich zuerst auf meine Gesundheit achten.",Partnerschaft & koreanische Familie,b1_partner_job_visa_1,7,false,overtime work,Noun,"When I mentioned all the overtime, they told me to look after my health first.",vocab_b1_0290
퇴사,toesa,Kündigung,B1,Nomen,퇴사 계획은 없다고 하니 표정이 풀렸어요.,"Als ich keine Kündigung plante, entspannte sich das Gesicht.",Partnerschaft & koreanische Familie,b1_partner_job_visa_1,8,false,leaving a job,Noun,"When I said I had no plan to leave the job, their faces eased.",vocab_b1_0291
연봉 공개,yeonbong gonggae,Gehaltsoffenlegung,B1,Nomen,연봉 공개는 하지 않고 범위만 말했어요.,Statt einer Gehaltsoffenlegung nannte ich nur eine Spanne.,Partnerschaft & koreanische Familie,b1_partner_job_visa_1,9,false,disclosing salary,Noun,I did not disclose the salary and only named a range.,vocab_b1_0292
직장 분위기,jikjang bunwigi,Betriebsklima,B1,Nomen,직장 분위기를 묻길래 동료가 친절하다고 했어요.,"Nach dem Betriebsklima gefragt sagte ich, die Kolleginnen und Kollegen seien nett.",Partnerschaft & koreanische Familie,b1_partner_job_visa_1,10,true,workplace atmosphere,Noun,"Asked about the atmosphere at work, I said my colleagues are kind.",vocab_b1_0293
통역 없이,tongyeok eopsi,ohne Dolmetscher,B1,Ausdruck,통역 없이 직접 말할 문장 세 개만 준비해 갔어요.,"Ich hatte nur drei Sätze vorbereitet, die ich ohne Dolmetscher selbst sagen wollte.",Partnerschaft & koreanische Familie,b1_partner_job_visa_1,11,true,without an interpreter,Expression,"I prepared just three sentences to say myself, without an interpreter.",vocab_b1_0294
안정적으로,anjeongjeogeuro,"geregelt, stabil",B1,Adverb,새 직장에서 안정적으로 지내려면 근무 조건을 먼저 확인하고 싶어요.,"Damit ich in der neuen Stelle auf Dauer gut zurechtkomme, möchte ich zuerst die Arbeitsbedingungen klären.",Partnerschaft & koreanische Familie,b1_partner_job_visa_1,12,true,in a stable way,Adverb,"To settle into the new job, I want to check the working conditions first.",vocab_b1_0295
통역을 맡다,tongyeogeul matda,das Dolmetschen übernehmen,B1,Ausdruck,통역을 맡기 전에 현우가 제 눈을 봤어요.,"Bevor Hyunwoo das Dolmetschen übernahm, sah er mir in die Augen.",Partnerschaft & koreanische Familie,b1_partner_translating_1,1,false,to take on interpreting,Expression,"Before taking over the interpreting, Hyunwoo looked me in the eye.",vocab_b1_0296
요약해서 전하다,yoyakhaeseo jeonhada,knapp weitergeben,B1,Ausdruck,긴 이야기는 요약해서 전하니 핵심만 남았어요.,"Die lange Geschichte fasste ich beim Weitergeben zusammen, sodass nur das Wesentliche blieb.",Partnerschaft & koreanische Familie,b1_partner_translating_1,2,false,to pass on a summary,Expression,"I summarized the long story as I passed it on, so only the key points remained.",vocab_b1_0297
그대로 옮기다,geudaero omgida,wörtlich übertragen,B1,Ausdruck,농담은 그대로 옮기면 분위기가 깨질 뻔했어요.,Den Witz wörtlich zu übertragen hätte die Stimmung fast zerstört.,Partnerschaft & koreanische Familie,b1_partner_translating_1,3,false,to render word for word,Expression,Rendering the joke word for word almost broke the mood.,vocab_b1_0298
뉘앙스,nwiangseu,Nuance,B1,Nomen,뉘앙스가 사라질까 봐 현우가 손짓으로 멈췄어요.,"Aus Angst, die Nuance gehe verloren, stoppte Hyunwoo mich mit einer Handbewegung.",Partnerschaft & koreanische Familie,b1_partner_translating_1,4,false,nuance,Noun,"Worried the nuance would get lost, Hyunwoo stopped me with a hand signal.",vocab_b1_0299
빠뜨리다,ppatteurida,auslassen,B1,Verb,통역할 때 상대의 질문을 빠뜨리지 않도록 메모했어요.,"Beim Dolmetschen machte ich mir Notizen, damit ich keine Frage ausließ.",Partnerschaft & koreanische Familie,b1_partner_translating_1,5,false,to leave out,Verb,I took notes while interpreting so I wouldn't leave out any questions.,vocab_b1_0300
끼어들다,kkieodeulda,sich einmischen,B1,Verb,제가 끼어들어 한 문장을 직접 말하니 박수를 쳤어요.,"Als ich mich einmischte und einen Satz selbst sagte, klatschten sie.",Partnerschaft & koreanische Familie,b1_partner_translating_1,6,false,to cut in,Verb,"When I cut in and said one sentence myself, they clapped.",vocab_b1_0301
천천히 말해 주세요,cheoncheonhi malhae juseyo,bitte sprechen Sie langsam,B1,Ausdruck,천천히 말해 주세요 하고 두 번 부탁하니 속도가 줄었어요.,"Nachdem ich zweimal um langsameres Sprechen gebeten hatte, wurde das Tempo ruhiger.",Partnerschaft & koreanische Familie,b1_partner_translating_1,7,false,please speak slowly,Expression,"After I asked twice for slower speech, the pace came down.",vocab_b1_0302
다시 확인하다,dasi hwaginhada,noch einmal prüfen,B1,Ausdruck,숫자와 날짜는 다시 확인해서 전했어요.,"Zahlen und Daten prüfte ich noch einmal, bevor ich sie weitergab.",Partnerschaft & koreanische Familie,b1_partner_translating_1,8,false,to double-check,Expression,I double-checked numbers and dates before passing them on.,vocab_b1_0303
오역,oyeok,Falschübersetzung,B1,Nomen,오역을 바로잡으니 아버지가 오히려 고마워하셨어요.,"Als ich die Falschübersetzung korrigierte, bedankte sich der Vater sogar.",Partnerschaft & koreanische Familie,b1_partner_translating_1,9,false,mistranslation,Noun,"When I corrected the mistranslation, father actually thanked me.",vocab_b1_0304
눈치 보다,nunchi boda,die Lage lesen,B1,Ausdruck,통역 중에도 눈치 보며 웃을 타이밍을 골랐어요.,Beim Dolmetschen las ich die Lage und wählte den Moment zum Lachen.,Partnerschaft & koreanische Familie,b1_partner_translating_1,10,true,to read the room,Expression,While interpreting I read the room and chose when to laugh.,vocab_b1_0305
대충 하다,daechung hada,es ungenau machen,B1,Ausdruck,대충 하지 말라고 현우가 귓속말로 했어요.,"Hyunwoo flüsterte mir zu, ich solle das nicht so schludrig machen.",Partnerschaft & koreanische Familie,b1_partner_translating_1,11,true,to do it roughly,Expression,Hyunwoo whispered to me not to do it so carelessly.,vocab_b1_0306
직접 대답하다,jikjeop daedaphada,selbst antworten,B1,Ausdruck,쉬운 질문은 직접 대답하니 표정이 밝아졌어요.,"Als ich die leichten Fragen selbst beantwortete, hellten sich die Gesichter auf.",Partnerschaft & koreanische Familie,b1_partner_translating_1,12,true,to answer in person,Expression,"When I answered the easy questions myself, their faces brightened.",vocab_b1_0307
잔을 받다,janeul batda,das Glas entgegennehmen,B1,Ausdruck,잔을 받을 때 두 손으로 하니 삼촌이 고개를 끄덕이셨어요.,"Ich nahm das Glas mit beiden Händen entgegen, und der Onkel nickte.",Partnerschaft & koreanische Familie,b1_partner_drink_table_1,1,false,to receive a glass,Expression,"I took the glass with both hands, and uncle nodded.",vocab_b1_0308
잔을 따르다,janeul ttareuda,einschenken,B1,Ausdruck,잔을 따를 때 병목을 가리니 현우가 잘했다고 했어요.,"Hyunwoo lobte mich, weil ich beim Einschenken den Flaschenhals verdeckte.",Partnerschaft & koreanische Familie,b1_partner_drink_table_1,2,false,to pour a drink,Expression,Hyunwoo said I did well to cover the bottle neck while pouring.,vocab_b1_0309
건배,geonbae,Anstoßen,B1,Nomen,건배할 때는 잔을 부딪치고 함께 웃었어요.,Beim Anstoßen ließen wir die Gläser klingen und lachten zusammen.,Partnerschaft & koreanische Familie,b1_partner_drink_table_1,3,false,a toast,Noun,We clinked glasses and laughed together during the toast.,vocab_b1_0310
폭음,pogeum,starkes Trinken,B1,Nomen,폭음은 안 한다고 하니 아버지가 물을 밀어 주셨어요.,"Als ich starkes Trinken ablehnte, schob der Vater Wasser her.",Partnerschaft & koreanische Familie,b1_partner_drink_table_1,4,false,heavy drinking,Noun,"When I refused heavy drinking, father pushed water over.",vocab_b1_0311
대리 운전,daeri unjeon,Fahrdienst nach Hause,B1,Nomen,대리 운전을 부르니 안심하라는 말이 나왔어요.,"Als ich einen Ersatzfahrer rief, hieß es, wir sollen uns keine Sorgen machen.",Partnerschaft & koreanische Familie,b1_partner_drink_table_1,5,false,designated-driver service,Noun,"When I called a designated driver, they told us not to worry.",vocab_b1_0312
술잔 돌리기,suljan dolligi,Gläser weiterreichen,B1,Nomen,술잔 돌리기는 위생 때문에 웃으며 거절했어요.,Das Weiterreichen der Gläser lehnte ich lächelnd aus Hygienegründen ab.,Partnerschaft & koreanische Familie,b1_partner_drink_table_1,6,false,passing glasses around,Noun,I smiled and declined passing glasses around for hygiene.,vocab_b1_0313
취하다,chwihada,betrunken werden,B1,Verb,취하기 전에 자리에서 일어나 물을 마셨어요.,"Bevor ich betrunken wurde, stand ich auf und trank Wasser.",Partnerschaft & koreanische Familie,b1_partner_drink_table_1,7,false,to get drunk,Verb,Before getting drunk I stood up and drank water.,vocab_b1_0314
분위기 맞추다,bunwigi matchuda,die Stimmung mitgehen,B1,Ausdruck,분위기 맞추려고 한 모금만 더 했어요.,"Um die Stimmung mitzugehen, nahm ich nur noch einen Schluck.",Partnerschaft & koreanische Familie,b1_partner_drink_table_1,8,false,to match the mood,Expression,To match the mood I took only one more sip.,vocab_b1_0315
먼저 따르다,meonjeo ttareuda,zuerst einschenken,B1,Ausdruck,먼저 따르고 제 잔은 나중에 채웠어요.,Zuerst schenkte ich anderen ein und füllte mein Glas später.,Partnerschaft & koreanische Familie,b1_partner_drink_table_1,9,false,to pour for others first,Expression,I poured for others first and filled my glass later.,vocab_b1_0316
취중진담,chwijungjindam,Wahrheit im Rausch,B1,Nomen,식사 자리에서 나온 취중진담을 다음 날 다시 확인했어요.,"Am nächsten Tag fragte ich noch einmal nach dem, was beim Essen im Rausch gesagt worden war.",Partnerschaft & koreanische Familie,b1_partner_drink_table_1,10,true,drunk honesty,Noun,The next day I checked what had been said in earnest after a few drinks at dinner.,vocab_b1_0317
물로 받다,mullo batda,mit Wasser annehmen,B1,Ausdruck,술 대신 물로 받아도 되냐고 묻자 괜찮다고 했어요.,"Ich fragte, ob ich statt Alkohol Wasser nehmen könne, und bekam ein Ja.",Partnerschaft & koreanische Familie,b1_partner_drink_table_1,11,true,to accept with water,Expression,"I asked if I could have water instead of alcohol, and they said yes.",vocab_b1_0318
자리 피하다,jari pihada,den Platz meiden,B1,Ausdruck,취하신 분 옆에서는 자리 피하는 게 안전했어요.,Neben einer angetrunkenen Person wegzugehen war sicherer.,Partnerschaft & koreanische Familie,b1_partner_drink_table_1,12,true,to step away from the table,Expression,It was safer to move away from someone who had had too much.,vocab_b1_0319
방 배정,bang baejeong,Zimmerzuteilung,B1,Nomen,방 배정이 따로라서 안도하면서도 서운했어요.,Getrennte Zimmer waren eine Erleichterung und zugleich ein bisschen enttäuschend.,Partnerschaft & koreanische Familie,b1_partner_sleep_room_1,1,false,room assignment,Noun,Separate rooms were a relief and a little disappointing at the same time.,vocab_b1_0320
이성 친구,iseong chingu,"Person des anderen Geschlechts, mit der man befreundet ist",B1,Nomen,이성 친구와 여행을 간다고 하니 친구가 숙소는 정했냐고 물었어요.,"Als ich erzählte, dass ich mit einem Freund des anderen Geschlechts verreise, fragte meine Freundin, ob die Unterkunft schon gebucht sei.",Partnerschaft & koreanische Familie,b1_partner_sleep_room_1,2,false,friend of the opposite sex,Noun,"When I said I was traveling with a friend of another gender, my friend asked whether we'd booked a place to stay.",vocab_b1_0321
문 열어 두다,mun yeoreo duda,die Tür offen lassen,B1,Ausdruck,문 열어 두라는 말을 듣고 현우가 한숨을 쉬었어요.,"Als wir die Tür offen lassen sollten, seufzte Hyunwoo.",Partnerschaft & koreanische Familie,b1_partner_sleep_room_1,3,false,to leave the door open,Expression,"When we were told to leave the door open, Hyunwoo sighed.",vocab_b1_0322
잠자리 예절,jamjari yejeol,Schlafmanieren,B1,Nomen,밤에는 통화 소리를 낮추는 것이 그 집의 잠자리 예절이었어요.,"In diesem Haus gehörte es zu den Regeln für die Nachtruhe, abends leise zu telefonieren.",Partnerschaft & koreanische Familie,b1_partner_sleep_room_1,4,false,sleeping manners,Noun,"In that household, keeping phone calls quiet at night was part of the sleeping etiquette.",vocab_b1_0323
이불 개다,ibul gaeda,die Decke falten,B1,Ausdruck,아침에 이불 개고 나오니 칭찬을 들었어요.,"Weil ich die Decke am Morgen gefaltet hatte, bekam ich ein Lob.",Partnerschaft & koreanische Familie,b1_partner_sleep_room_1,5,false,to fold the blanket,Expression,I folded the blanket in the morning and got a compliment.,vocab_b1_0324
코골이 사과,kogori sagwa,Schnarchentschuldigung,B1,Nomen,아침에 코골이 사과를 하자 룸메이트는 괜찮다며 웃었어요.,"Als ich mich morgens fürs Schnarchen entschuldigte, lachte mein Mitbewohner und sagte, es sei schon gut.",Partnerschaft & koreanische Familie,b1_partner_sleep_room_1,6,false,snoring apology,Noun,"When I apologized for snoring in the morning, my roommate laughed and said it was fine.",vocab_b1_0325
발소리를 죽이다,balsorireul jugida,die Schritte dämpfen,B1,Ausdruck,가족들이 깰까 봐 발소리를 죽이고 걸었어요.,"Weil ich Angst hatte, die Familie zu wecken, bin ich mit gedämpften Schritten gegangen.",Partnerschaft & koreanische Familie,b1_partner_sleep_room_1,7,false,"to tread quietly, to muffle one's footsteps",Expression,"Worried I might wake the family, I walked while muffling my footsteps.",vocab_b1_0326
불 끄기,bul kkeugi,das Licht löschen,B1,Nomen,마지막으로 나가는 사람이 불 끄기를 맡기로 했어요.,"Wir vereinbarten, dass die Person, die zuletzt geht, das Licht ausmacht.",Partnerschaft & koreanische Familie,b1_partner_sleep_room_1,8,false,turning off the lights,Noun,We agreed that whoever leaves last will turn off the light.,vocab_b1_0327
다용도 공간,dayongdo gonggan,Mehrzweckraum,B1,Nomen,"이 방은 낮에는 거실로 쓰고, 밤에는 침실로 써요.",Dieses Zimmer wird tagsüber als Wohnzimmer und nachts als Schlafzimmer genutzt.,Partnerschaft & koreanische Familie,b1_partner_sleep_room_1,9,false,multi-purpose space,Noun,This room is used as the living room during the day and as the bedroom at night.,vocab_b1_0328
잠옷 대신,jamot daesin,statt Schlafanzug,B1,Ausdruck,잠옷 대신 긴 옷을 입으니 마음이 놓였어요.,In langer Kleidung statt im Schlafanzug fühlte ich mich wohler.,Partnerschaft & koreanische Familie,b1_partner_sleep_room_1,10,true,instead of pajamas,Expression,Wearing long clothes instead of pajamas made me more comfortable.,vocab_b1_0329
방문 두드리다,bangmun dudeurida,an die Zimmertür klopfen,B1,Ausdruck,방문 두드리고 들어가니 현우 동생이 고마워했어요.,"Ich klopfte an die Zimmertür, und Hyunwoos jüngeres Geschwister war dankbar dafür.",Partnerschaft & koreanische Familie,b1_partner_sleep_room_1,11,true,to knock on the room door,Expression,"I knocked before going in, and Hyunwoo's younger sibling appreciated it.",vocab_b1_0330
같이 자면,gachi jamyeon,wenn wir zusammen schlafen,B1,Ausdruck,같이 자면 잠을 설칠 것 같아서 방을 따로 예약했어요.,"Weil wir im selben Zimmer vermutlich schlecht schlafen würden, buchten wir getrennte Zimmer.",Partnerschaft & koreanische Familie,b1_partner_sleep_room_1,12,true,if we sleep in the same room,Expression,We booked separate rooms because we thought we'd sleep poorly if we shared one.,vocab_b1_0331
방문 후기,bangmun hugi,wie der Besuch war,B1,Nomen,차 안에서 방문 후기를 솔직하게 나눴어요.,"Im Auto haben wir ehrlich gesagt, wie der Besuch war.",Partnerschaft & koreanische Familie,b1_partner_after_visit_1,1,false,talking it over after,Noun,In the car we talked honestly about how the visit went.,vocab_b1_0332
실수 목록,silsu mongnok,Fehlerliste,B1,Nomen,실수 목록을 적으니 생각보다 짧아서 안도했어요.,"Die Fehlerliste war kürzer als gedacht, da atmete ich auf.",Partnerschaft & koreanische Familie,b1_partner_after_visit_1,2,false,list of slips,Noun,"The list of slips was shorter than I thought, so I exhaled.",vocab_b1_0333
감사 메시지,gamsa mesiji,Dankesnachricht,B1,Nomen,감사 메시지는 현우 엄마께 먼저 보냈어요.,Die Dankesnachricht ging zuerst an Hyunwoos Mutter.,Partnerschaft & koreanische Familie,b1_partner_after_visit_1,3,false,thank-you message,Noun,I sent the thank-you message to Hyunwoo's mom first.,vocab_b1_0334
오해 풀기,ohae pulgi,ein Missverständnis klären,B1,Nomen,호칭 오해 풀기는 다음 날 전화로 했어요.,Das Missverständnis um die Anrede klärten wir am nächsten Tag am Telefon.,Partnerschaft & koreanische Familie,b1_partner_after_visit_1,4,false,clearing a misunderstanding,Noun,We cleared the address-term misunderstanding by phone the next day.,vocab_b1_0335
다음 방문,daeum bangmun,nächster Besuch,B1,Nomen,다음 방문은 더 짧게 하자고 현우가 먼저 말했어요.,Den nächsten Besuch kürzer zu machen schlug Hyunwoo zuerst vor.,Partnerschaft & koreanische Familie,b1_partner_after_visit_1,5,false,the next visit,Noun,Hyunwoo suggested first that the next visit be shorter.,vocab_b1_0336
감정 정리,gamjeong jeongni,Gefühle ordnen,B1,Nomen,감정 정리를 하니 긴장보다 따뜻함이 남았어요.,"Als sich die Gefühle sortiert hatten, blieb mehr Wärme als Anspannung.",Partnerschaft & koreanische Familie,b1_partner_after_visit_1,6,false,sorting feelings,Noun,"Once my feelings settled, more warmth than tension was left.",vocab_b1_0337
가족 단톡,gajok dantok,Familienchat,B1,Nomen,가족 단톡에 사진 한 장만 올렸어요.,In den Familienchat lud ich nur ein Foto.,Partnerschaft & koreanische Familie,b1_partner_after_visit_1,7,false,family group chat,Noun,I posted only one photo in the family group chat.,vocab_b1_0338
잔소리 해석,jansori haeseok,Nörgelei einordnen,B1,Ausdruck,잔소리 해석을 현우가 해 주니 덜 아팠어요.,"Hyunwoo ordnete die Nörgelei für mich ein, das tat weniger weh.",Partnerschaft & koreanische Familie,b1_partner_after_visit_1,8,false,putting nagging in context,Expression,"Hyunwoo put the nagging in context, and it stung less.",vocab_b1_0339
칭찬 기억,chingchan gieok,gemerkte Komplimente,B1,Nomen,칭찬 기억을 적어 두니 다음 방문이 덜 무서웠어요.,Die Komplimente aufzuschreiben nahm dem nächsten Besuch den Schrecken.,Partnerschaft & koreanische Familie,b1_partner_after_visit_1,9,false,compliments you remember,Noun,Writing down the compliments made the next visit less frightening.,vocab_b1_0340
경계 다시 정하다,gyeonggye dasi jeonghada,die Grenze neu setzen,B1,Ausdruck,잠자리 경계를 다시 정하니 둘 다 편해졌어요.,"Als wir die Schlafregelung neu festlegten, fühlten wir uns beide wohler.",Partnerschaft & koreanische Familie,b1_partner_after_visit_1,10,true,to reset a boundary,Expression,"Once we reset the sleeping arrangements, we both felt more comfortable.",vocab_b1_0341
선물 감사,seonmul gamsa,Danke fürs Geschenk,B1,Nomen,선물 감사를 빠뜨릴 뻔해서 급히 보냈어요.,Das Danke fürs Geschenk hätte ich fast vergessen und schickte es eilig.,Partnerschaft & koreanische Familie,b1_partner_after_visit_1,11,true,thanks for the gift,Noun,I almost forgot to say thanks for the gift and sent it in a hurry.,vocab_b1_0342
다음엔 내가,daeumen naega,nächstes Mal mache ich das,B1,Ausdruck,다음엔 내가 통역 없이 인사하겠다고 했어요.,"Nächstes Mal begrüße ich sie ohne Dolmetscher, sagte ich.",Partnerschaft & koreanische Familie,b1_partner_after_visit_1,12,true,next time I'll do it,Expression,I said that next time I would greet them without an interpreter.,vocab_b1_0343
단톡 입장,dantok ipjang,in den Chat kommen,B1,Nomen,단톡 입장 인사에 이모티콘을 너무 많이 넣었어요.,"In meine Begrüßung, als ich in den Chat kam, packte ich zu viele Sticker.",Partnerschaft & koreanische Familie,b1_partner_group_chat_1,1,false,joining the group chat,Noun,I put too many stickers in my hello when I joined the chat.,vocab_b1_0344
읽씹,ikssip,gelesen ohne Antwort,B1,Nomen,읽씹이 길어질까 봐 짧게라도 답했어요.,"Damit es nicht zu lange gelesen und unbeantwortet blieb, antwortete ich wenigstens kurz.",Partnerschaft & koreanische Familie,b1_partner_group_chat_1,2,false,read without reply,Noun,"So it would not sit read and unanswered too long, I replied at least briefly.",vocab_b1_0345
공지 확인,gongji hwagin,die Ankündigung lesen,B1,Nomen,공지 확인을 안 해서 모임 시간을 헷갈렸어요.,"Weil ich die Ankündigung nicht gelesen hatte, verwechselte ich die Uhrzeit.",Partnerschaft & koreanische Familie,b1_partner_group_chat_1,3,false,checking the notice,Noun,"Because I did not check the notice, I got the meeting time wrong.",vocab_b1_0346
사진 올리기,sajin olligi,Fotos hochladen,B1,Nomen,사진 올리기 전에 얼굴이 잘린 컷은 뺐어요.,Vor dem Hochladen ließ ich angeschnittene Gesichter weg.,Partnerschaft & koreanische Familie,b1_partner_group_chat_1,4,false,posting photos,Noun,Before posting photos I dropped the shots with cropped faces.,vocab_b1_0347
읽음 표시,ilgeum pyosi,Gelesen-Haken,B1,Nomen,읽음 표시가 켜져 있어도 바로 답할 수 없는 때가 있어요.,"Auch wenn die Lesebestätigung angezeigt wird, kann ich nicht immer sofort antworten.",Partnerschaft & koreanische Familie,b1_partner_group_chat_1,5,false,read receipt,Noun,"Even with read receipts on, I can't always reply right away.",vocab_b1_0348
전체 알림,jeonche allim,Nachricht an alle,B1,Nomen,전체 알림은 급한 공지에만 써요.,Eine Nachricht an alle nutze ich nur für dringende Hinweise.,Partnerschaft & koreanische Familie,b1_partner_group_chat_1,6,false,group-wide alert,Noun,I use a group-wide alert only for urgent notices.,vocab_b1_0349
이모티콘을 너무 많이 쓰다,imotikon-eul neomu mani sseuda,zu viele Emojis verwenden,B1,Verb,단체 채팅에서는 이모티콘을 너무 많이 쓰지 않아요.,In Gruppenchats verwende ich nicht zu viele Emojis.,Partnerschaft & koreanische Familie,b1_partner_group_chat_1,7,false,to use too many emojis,Verb,I don't use too many emojis in group chats.,vocab_b1_0350
존댓말 채팅,jondaenmal chaeting,höflicher Chat,B1,Nomen,존댓말 채팅을 유지하니 이모가 좋아하셨어요.,"Dass ich im Chat höflich blieb, gefiel der Tante.",Partnerschaft & koreanische Familie,b1_partner_group_chat_1,8,false,honorific chat,Noun,The aunt liked that I stayed polite in the chat.,vocab_b1_0351
새벽 메시지,saebyeok mesiji,Nachricht mitten in der Nacht,B1,Nomen,새벽 메시지는 보내지 않기로 스스로 정했어요.,Nachts keine Nachrichten mehr zu schicken habe ich mir selbst vorgenommen.,Partnerschaft & koreanische Familie,b1_partner_group_chat_1,9,false,late-night message,Noun,I decided on my own not to send messages in the middle of the night.,vocab_b1_0352
답장을 미루다,dapjangeul miruda,eine Antwort aufschieben,B1,Verb,바쁠 때는 답장을 미뤘다가 나중에 보내요.,"Wenn ich beschäftigt bin, verschiebe ich die Antwort und schreibe später.",Partnerschaft & koreanische Familie,b1_partner_group_chat_1,10,true,to delay a reply,Verb,"When I'm busy, I delay my reply and send it later.",vocab_b1_0353
나가기 금지,nagagi geumji,nicht verlassen,B1,Ausdruck,"가족 단톡에서 나가기 금지라는 농담이 나왔지만, 저는 알림을 꺼 두었어요.","Im Familienchat scherzte jemand, man dürfe nicht austreten; ich schaltete die Benachrichtigungen stumm.",Partnerschaft & koreanische Familie,b1_partner_group_chat_1,11,true,do not leave the chat,Expression,"Someone joked that leaving the family chat was forbidden, but I muted its notifications.",vocab_b1_0354
읽은 척,ilgeun cheok,so tun als habe man gelesen,B1,Ausdruck,읽은 척하지 말고 나중에 확인한다고 썼어요.,"Statt so zu tun, als hätte ich gelesen, schrieb ich, dass ich später nachsehe.",Partnerschaft & koreanische Familie,b1_partner_group_chat_1,12,true,pretending to have read,Expression,"Instead of pretending I had read it, I wrote that I would check later.",vocab_b1_0355
양쪽 집,yangjjok jip,beide Elternhäuser,B1,Nomen,양쪽 집을 하루씩 나누는 표가 필요했어요.,Für beide Elternhäuser brauchten wir einen Tagesplan.,Partnerschaft & koreanische Familie,b1_partner_holiday_plan_1,1,false,both family homes,Noun,We needed a chart to split both family homes by day.,vocab_b1_0356
명절 당번,myeongjeol dangbeon,Feiertagsdienst,B1,Nomen,이번 명절 당번은 누가 장을 볼지부터 함께 정했어요.,"Für dieses Feiertagsfest legten wir gemeinsam fest, wer einkaufen geht.",Partnerschaft & koreanische Familie,b1_partner_holiday_plan_1,2,false,holiday duty,Noun,"For this holiday, we first decided together who would do the shopping.",vocab_b1_0357
연휴 근무,yeonhyu geunmu,Feiertagsarbeit,B1,Nomen,연휴 근무가 끼어서 기차표를 다시 샀어요.,"Feiertagsarbeit zwang uns, die Zugtickets neu zu kaufen.",Partnerschaft & koreanische Familie,b1_partner_holiday_plan_1,3,false,holiday-week work,Noun,Holiday-week work made us buy the train tickets again.,vocab_b1_0358
방문 순서,bangmun sunseo,Besuchsreihenfolge,B1,Nomen,방문 순서는 이동 시간을 고려해 정했어요.,Die Reihenfolge der Besuche legten wir nach den Fahrtzeiten fest.,Partnerschaft & koreanische Familie,b1_partner_holiday_plan_1,4,false,visit order,Noun,We decided the order of visits based on travel time.,vocab_b1_0359
의견 충돌,uigyeon chungdol,Meinungsverschiedenheit,B1,Nomen,명절 계획을 두고 의견 충돌이 있어서 현우가 어머니께 먼저 전화드렸어요.,"Weil es beim Feiertagsplan zu einer Meinungsverschiedenheit kam, rief Hyunwoo zuerst seine Mutter an.",Partnerschaft & koreanische Familie,b1_partner_holiday_plan_1,5,false,disagreement,Noun,"Because there was a disagreement over the holiday plans, Hyunwoo called his mother first.",vocab_b1_0360
하루만 가다,haruman gada,nur einen Tag gehen,B1,Ausdruck,하루만 가도 되냐고 묻자 아쉽다는 답이 왔어요.,"Ich fragte, ob auch ein Tag reicht, und hörte, wie schade das sei.",Partnerschaft & koreanische Familie,b1_partner_holiday_plan_1,6,false,to go for only one day,Expression,I asked whether one day would be enough and heard how much of a shame that was.,vocab_b1_0361
영상 인사,yeongsang insa,Videogruß,B1,Nomen,못 가는 집에는 영상 인사로 세배를 대신했어요.,"Beim Haus, das wir nicht schafften, ersetzte ein Videogruß die Verbeugung.",Partnerschaft & koreanische Familie,b1_partner_holiday_plan_1,7,false,video greeting,Noun,"For the house we could not reach, a video greeting stood in for the bow.",vocab_b1_0362
선물 분배,seonmul bunbae,Geschenkverteilung,B1,Nomen,선물 분배를 고민하다가 각 집에 같은 과일 상자를 준비했어요.,"Als wir über die Verteilung der Geschenke nachdachten, beschlossen wir, für jede Familie dieselbe Obstkiste zu besorgen.",Partnerschaft & koreanische Familie,b1_partner_holiday_plan_1,8,false,gift split,Noun,"After thinking about how to divide the gifts, we prepared the same box of fruit for each household.",vocab_b1_0363
명절 예산,myeongjeol yesan,Feiertagsbudget,B1,Nomen,명절 예산을 넘기지 않으려고 과일만 골랐어요.,"Um das Feiertagsbudget nicht zu sprengen, wählte ich nur Obst.",Partnerschaft & koreanische Familie,b1_partner_holiday_plan_1,9,false,holiday budget,Noun,To stay in the holiday budget I chose only fruit.,vocab_b1_0364
교통 대란,gyotong daeran,Verkehrschaos,B1,Nomen,교통 대란을 피해 새벽 차를 탔어요.,Dem Verkehrschaos wichen wir mit einer Fahrt in der Frühe aus.,Partnerschaft & koreanische Familie,b1_partner_holiday_plan_1,10,true,travel chaos,Noun,We dodged the travel chaos by driving out before dawn.,vocab_b1_0365
일정표 공유,iljeongpyo gongyu,den Plan teilen,B1,Nomen,일정표 공유를 하니 양쪽 잔소리가 줄었어요.,"Seit wir den Plan teilen, wird auf beiden Seiten weniger genörgelt.",Partnerschaft & koreanische Familie,b1_partner_holiday_plan_1,11,true,sharing the schedule,Noun,"Since we share the schedule, there is less nagging on both sides.",vocab_b1_0366
올해는 못 가요,olhaeneun mot gayo,dieses Jahr schaffen wir es nicht,B1,Ausdruck,올해는 못 가요를 미리 말하니 실망이 덜했어요.,"Früh zu sagen, dass wir es dieses Jahr nicht schaffen, milderte die Enttäuschung.",Partnerschaft & koreanische Familie,b1_partner_holiday_plan_1,12,true,we cannot go this year,Expression,Saying early that we could not make it this year softened the disappointment.,vocab_b1_0367
시댁,sidaek,Familie des Ehemanns,A1,Nomen,주말에 시댁에 가요.,Am Wochenende gehe ich zur Familie meines Mannes.,Partnerschaft & koreanische Familie,a1_partner_meet_names_1,13,false,husband's family home,Noun,I go to my husband's family on the weekend.,vocab_b2_0431
처가,cheoga,Familie der Ehefrau,A1,Nomen,설날에 처가에 갔어요.,An Seollal bin ich zur Familie meiner Frau gegangen.,Partnerschaft & koreanische Familie,a1_partner_meet_names_1,14,false,wife's family home,Noun,I went to my wife's family for Seollal.,vocab_b2_0432
며느리 역할,myeoneuri yeokhal,Schwiegertochterrolle,B2,Nomen,며느리 역할을 당연하게 기대하는 말에 남편도 불편함을 느꼈어요.,"Auch meinem Mann war es unangenehm, dass bestimmte Aufgaben selbstverständlich von der Schwiegertochter erwartet wurden.",Partnerschaft & koreanische Familie,b2_partner_inlaws_1,3,false,daughter-in-law role,Noun,My husband also felt uncomfortable with remarks that treated certain duties as a daughter-in-law's responsibility.,vocab_b2_0433
사위 사랑,sawi sarang,die Zuneigung zum Schwiegersohn,B2,Nomen,장모님이 너무 잘 챙겨주셔서 오히려 조금 부담스러웠어요.,"Meine Schwiegermutter hat sich so gut um mich gekümmert, dass es mir fast schon unangenehm war.",Partnerschaft & koreanische Familie,b2_partner_inlaws_1,4,false,fondness for a son-in-law,Noun,My mother-in-law took such good care of me that it started to feel like a bit too much.,vocab_b2_0434
양가 눈치,yangga nunchi,Rücksicht auf die Erwartungen beider Familien,B2,Ausdruck,양가 눈치를 보느라 선물을 두 세트로 샀어요.,"Aus Sorge, es sich mit keiner der beiden Familien zu verderben, kaufte ich zwei Geschenksätze.",Partnerschaft & koreanische Familie,b2_partner_inlaws_1,5,false,navigating both families' expectations,Expression,"Trying to keep both families happy, I bought two sets of gifts.",vocab_b2_0435
시월드,siwoldeu,„Schwiegerwelt“ (scherzhaft für die Familie des Ehemanns),B2,Nomen,친구는 시댁에서 겪는 어려움을 농담처럼 '시월드'라고 불렀어요.,Jemand aus meinem Freundeskreis bezeichnete die Schwierigkeiten mit der Familie des Ehemanns scherzhaft als „Schwiegerwelt“.,Partnerschaft & koreanische Familie,b2_partner_inlaws_1,6,false,“in-law world” (humorous term for a husband's family),Noun,My friend jokingly called her difficulties with her husband's family “in-law world.”,vocab_b2_0436
처가살이,cheogasari,Leben bei der Familie der Frau,B2,Nomen,처가살이를 하는 동안 생활비와 집안일을 어떻게 나눌지 의논했어요.,"Während ich bei der Familie meiner Frau wohnte, haben wir besprochen, wie wir Lebenshaltungskosten und Hausarbeit aufteilen.",Partnerschaft & koreanische Familie,b2_partner_inlaws_1,7,false,staying with the wife's family,Noun,"While living with my wife's family, we discussed how to share living expenses and housework.",vocab_b2_0437
명절 순환,myeongjeol sunhwan,Wechsel der Feiertagsbesuche,B2,Nomen,명절 순환 방문 일정을 미리 정해 두니 양가와 조율하기 편해졌어요.,"Seit wir den Wechsel der Feiertagsbesuche im Voraus planen, lassen sich die Termine mit beiden Familien leichter abstimmen.",Partnerschaft & koreanische Familie,b2_partner_inlaws_1,8,false,alternating holiday visits,Noun,Planning alternating holiday visits in advance made it easier to coordinate with both families.,vocab_b2_0438
시어머니 말씀,sieomeoni malsseum,Worte der Schwiegermutter,B2,Nomen,시어머니 말씀의 뜻을 제가 제대로 이해했는지 남편에게 확인했어요.,"Ich habe meinen Mann gefragt, ob ich die Worte seiner Mutter richtig verstanden habe.",Partnerschaft & koreanische Familie,b2_partner_inlaws_1,9,false,mother-in-law's remarks,Noun,I asked my husband whether I had understood his mother's remarks correctly.,vocab_b2_0439
장인어른 건강,jangineoreun geongang,Gesundheit des Schwiegervaters,B2,Nomen,장인어른 건강을 묻는 게 날씨보다 안전한 시작이었어요.,Nach der Gesundheit meines Schwiegervaters zu fragen war ein unverfänglicherer Gesprächseinstieg als ein Gespräch über das Wetter.,Partnerschaft & koreanische Familie,b2_partner_inlaws_1,10,true,father-in-law's health,Noun,Asking how my father-in-law was doing felt like a safer conversation starter than talking about the weather.,vocab_b2_0440
양가 부모님 챙기기,yangga bumonim chaenggigi,sich um die Eltern beider Seiten kümmern,B2,Nomen,명절에는 양쪽 부모님께 똑같이 용돈을 챙겨 드렸어요.,An den Feiertagen habe ich beiden Elternpaaren gleich viel Geld geschenkt.,Partnerschaft & koreanische Familie,b2_partner_inlaws_1,11,true,taking care of both sets of parents,Noun,"For the holidays, I gave both sets of parents the same amount of money.",vocab_b2_0441
한쪽에만,hanjjogeman,nur zu einer Seite,B2,Ausdruck,한쪽에만 가면 다음 명절이 더 무거워져요.,"Wenn wir an einem Feiertag nur eine Seite der Familie besuchen, wird die Planung fürs nächste Fest noch schwieriger.",Partnerschaft & koreanische Familie,b2_partner_inlaws_1,12,true,to only one side,Expression,"If we visit only one side of the family this holiday, planning the next one gets harder.",vocab_b2_0442
상견례,sanggyeonnye,formelles Kennenlernen der Eltern,B2,Nomen,상견례 장소를 식당으로 정하니 집이 덜 부담됐어요.,"Als wir das erste Treffen beider Familien in ein Restaurant verlegten, mussten wir zu Hause nicht Gastgeber sein.",Partnerschaft & koreanische Familie,b2_partner_marriage_talk_1,1,false,formal meeting of both parents,Noun,Choosing a restaurant for the families’ first meeting took the pressure off hosting at home.,vocab_b2_0443
예식 날짜,yesik naljja,Hochzeitsdatum,B2,Nomen,예식 날짜를 음력과 양력으로 둘 다 적었어요.,Das Hochzeitsdatum schrieb ich im Mond- und Sonnenkalender.,Partnerschaft & koreanische Familie,b2_partner_marriage_talk_1,2,false,wedding date,Noun,I wrote the wedding date in both lunar and solar calendars.,vocab_b2_0444
결혼 준비 비용,gyeolhon junbi biyong,die Kosten der Hochzeitsvorbereitung,B2,Nomen,결혼 준비 비용 이야기가 나와서 남편이 재빨리 화제를 돌렸어요.,"Als das Thema Hochzeitsvorbereitungskosten aufkam, hat mein Mann schnell das Gespräch gewechselt.",Partnerschaft & koreanische Familie,b2_partner_marriage_talk_1,3,false,wedding preparation costs,Noun,"When the topic of wedding preparation costs came up, my husband quickly changed the subject.",vocab_b2_0445
혼수,honsu,Hochzeitsaussteuer,B2,Nomen,혼수 이야기를 앞에서 하지 말라고 미리 약속했어요.,"Wir hatten vorher vereinbart, vor den Eltern nicht darüber zu sprechen, wie wir unseren gemeinsamen Haushalt einrichten.",Partnerschaft & koreanische Familie,b2_partner_marriage_talk_1,4,false,wedding household goods,Noun,We agreed beforehand not to discuss how we’d set up our household in front of the parents.,vocab_b2_0446
명절 일정 조율,myeongjeol iljeong joyul,die Abstimmung der Feiertagstermine,B2,Nomen,이번 명절에 양쪽 부모님 댁을 언제 방문할지 남편과 일정을 조율했어요.,"Für dieses Fest habe ich mit meinem Mann abgestimmt, wann wir zu welchen Eltern gehen.",Partnerschaft & koreanische Familie,b2_partner_marriage_talk_1,5,false,coordinating the holiday schedule,Noun,"For this holiday, my husband and I worked out the schedule for when to visit each side of the family.",vocab_b2_0447
결혼식 규모,gyeolhonsik gyumo,Hochzeitsumfang,B2,Nomen,결혼식 규모는 작게 하자고 먼저 말했어요.,"Als Erstes schlug ich vor, die Hochzeit im kleinen Rahmen zu feiern.",Partnerschaft & koreanische Familie,b2_partner_marriage_talk_1,6,false,wedding scale,Noun,I was the first to suggest keeping the wedding small.,vocab_b2_0448
하객 명단,hagaek myeongdan,Gästeliste,B2,Nomen,하객 명단이 길어지자 우선순위를 다시 매겼어요.,"Als die Gästeliste immer länger wurde, überlegten wir noch einmal, wen wir einladen wollten.",Partnerschaft & koreanische Familie,b2_partner_marriage_talk_1,7,false,guest list,Noun,"As the guest list grew, we had to rethink who to prioritize.",vocab_b2_0449
예단,yedan,Brautgeschenk an die Schwiegereltern,B2,Nomen,예단은 형식이 아니라 성의라고 설명했어요.,"Ich erklärte, dass es bei der Hochzeitsgabe nicht um eine Formalität, sondern um die damit ausgedrückte Wertschätzung ging.",Partnerschaft & koreanische Familie,b2_partner_marriage_talk_1,8,false,bridal gift to in-laws,Noun,"I explained that the wedding gift was a gesture of thoughtfulness, not just a formality.",vocab_b2_0450
결혼 압박,gyeolhon apbak,Heiratsdruck,B2,Nomen,결혼 압박을 농담으로 넘기지 않고 일정을 말했어요.,"Den Druck, zu heiraten, tat ich nicht mit einem Scherz ab, sondern sprach unseren Zeitplan an.",Partnerschaft & koreanische Familie,b2_partner_marriage_talk_1,9,false,marriage pressure,Noun,I didn’t laugh off the pressure to get married; I shared our timeline instead.,vocab_b2_0451
서로의 속도,seoroui sokdo,das Tempo des anderen,B2,Nomen,서로의 속도를 존중하고 싶다고 말하니 결혼에 관한 질문이 줄었어요.,"Als ich sagte, dass wir das Tempo des jeweils anderen respektieren möchten, wurden die Fragen zur Hochzeit weniger.",Partnerschaft & koreanische Familie,b2_partner_marriage_talk_1,10,true,each other's pace,Noun,"When I said we wanted to respect each other's pace, there were fewer questions about marriage.",vocab_b2_0452
아직 아니에요,ajik anieyo,noch nicht,B2,Ausdruck,아직 아니에요를 부드럽게 반복하니 더 이상 묻지 않으셨어요.,"Als ich freundlich wiederholte: „Noch nicht“, fragten sie nicht weiter nach.",Partnerschaft & koreanische Familie,b2_partner_marriage_talk_1,11,true,not yet,Expression,"I kept gently repeating “Not yet,” and they stopped asking.",vocab_b2_0453
우리가 정할게요,uriga jeonghalgeyo,wir entscheiden das,B2,Ausdruck,우리가 정할게요라고 하니 아버지가 한 박자 쉬셨어요.,"Als ich sagte: „Das entscheiden wir“, hielt mein Vater kurz inne.",Partnerschaft & koreanische Familie,b2_partner_marriage_talk_1,12,true,we will decide that,Expression,"When I said, “We’ll decide that ourselves,” my father paused for a moment.",vocab_b2_0454
가족 호칭,gajok hoching,die Verwandtschaftsanrede,B2,Nomen,한국은 시댁 식구들 호칭이 너무 복잡해서 따로 메모장에 적어뒀어요.,"In Korea sind die Anredeformen für die Familie meines Mannes so kompliziert, dass ich sie mir extra in einem Notizheft aufgeschrieben habe.",Partnerschaft & koreanische Familie,b2_partner_honorific_trap_1,1,false,family address terms,Noun,"In Korea, the address terms for my husband's family are so complicated that I wrote them down separately in a notebook.",vocab_b2_0455
어른 앞에서,eoreun apeseo,vor den Älteren,B2,Ausdruck,어른 앞에서 남편을 어떻게 부르는 게 자연스러운지 미리 물어봤어요.,"Ich habe vorher gefragt, wie ich meinen Mann vor den älteren Verwandten passend anreden kann.",Partnerschaft & koreanische Familie,b2_partner_honorific_trap_1,2,false,in front of elders,Expression,I asked in advance how to address my husband naturally in front of older relatives.,vocab_b2_0456
낮춰 부르다,natchwo bureuda,mit einer bescheidenen Bezeichnung nennen,B2,Ausdruck,가족을 낮춰 부르는 표현은 익숙하지 않아서 남편에게 뜻을 물어봤어요.,"Da mir die bescheidenen Bezeichnungen für die eigene Familie nicht vertraut waren, habe ich meinen Mann nach ihrer Bedeutung gefragt.",Partnerschaft & koreanische Familie,b2_partner_honorific_trap_1,3,false,to refer to someone using a humble form,Expression,"I was unfamiliar with the humble expressions used for one's own family, so I asked my husband what they meant.",vocab_b2_0457
높여 부르다,nopyeo bureuda,mit einer ehrerbietigen Bezeichnung nennen,B2,Ausdruck,같은 나이인데 높여 부르니 오히려 거리가 생겼어요.,"Obwohl wir gleich alt sind, wirkte die betont höfliche Anrede eher distanzierend.",Partnerschaft & koreanische Familie,b2_partner_honorific_trap_1,4,false,to refer to someone using an honorific form,Expression,"Although we're the same age, addressing them so formally made us feel more distant.",vocab_b2_0458
호칭을 바로잡다,hochingeul barojapda,die Anrede richtigstellen,B2,Ausdruck,가족들 호칭을 틀릴 때마다 남편이 바로 고쳐줬어요.,"Jedes Mal, wenn ich die Anrede innerhalb der Familie falsch benutzte, hat mein Mann sie sofort richtiggestellt.",Partnerschaft & koreanische Familie,b2_partner_honorific_trap_1,5,false,to correct an address term,Expression,"Every time I got a family address term wrong, my husband corrected it right away.",vocab_b2_0459
관계 말,gwangye mal,Bezeichnung für eine Beziehung,B2,Nomen,관계 말을 빼면 문장이 갑자기 차갑게 들렸어요.,Ohne Beziehungswort klang der Satz plötzlich kalt.,Partnerschaft & koreanische Familie,b2_partner_honorific_trap_1,6,false,relationship term,Noun,Without the relationship word the sentence suddenly sounded cold.,vocab_b2_0460
사적 호칭,sajeok hoching,private Anrede,B2,Nomen,사적 호칭은 집 밖에서만 쓰기로 했어요.,Die private Anrede wollten wir nur außerhalb der eigenen vier Wände verwenden.,Partnerschaft & koreanische Familie,b2_partner_honorific_trap_1,7,false,private nickname,Noun,We agreed to use our private form of address only when we were out.,vocab_b2_0461
호칭 질문,hoching jilmun,Anredefrage,B2,Nomen,호칭 질문을 먼저 하니 긴장이 풀렸어요.,"Als ich zuerst nach der passenden Anrede fragte, ließ die Anspannung nach.",Partnerschaft & koreanische Familie,b2_partner_honorific_trap_1,8,false,question about what to call someone,Noun,Asking which form of address to use first eased the tension.,vocab_b2_0462
호칭을 잘못 부르다,hochingeul jalmot bureuda,jemanden mit der falschen Anrede rufen,B2,Ausdruck,아주버님을 무심코 '형'이라고 불렀다가 분위기가 어색해졌어요.,"Ich habe meinen Schwager aus Versehen Hyung genannt, und die Stimmung wurde für einen Moment unangenehm.",Partnerschaft & koreanische Familie,b2_partner_honorific_trap_1,9,false,to use the wrong address term for someone,Expression,"I accidentally called my husband's older brother hyung, and the mood turned a bit awkward.",vocab_b2_0463
호칭 메모,hoching memo,Anredenotiz,B2,Nomen,호칭 메모를 주머니에 넣고 화장실에서 봤어요.,Ich steckte meinen Spickzettel mit den Verwandtschaftsbezeichnungen ein und sah ihn mir auf der Toilette an.,Partnerschaft & koreanische Familie,b2_partner_honorific_trap_1,10,true,address-term note,Noun,I slipped my notes on family address terms into my pocket and checked them in the restroom.,vocab_b2_0464
다시 여쭤보다,dasi yeojjwoboda,noch einmal höflich fragen,B2,Ausdruck,헷갈리면 다시 여쭤보는 게 침묵보다 나았어요.,Bei Zweifel noch einmal höflich zu fragen war besser als Schweigen.,Partnerschaft & koreanische Familie,b2_partner_honorific_trap_1,11,true,to ask again politely,Expression,"When unsure, asking again politely was better than silence.",vocab_b2_0465
호칭을 미루다,hochingeul miruda,die Anrede aufschieben,B2,Ausdruck,호칭을 미루고 성함만 쓰니 갈등이 없었어요.,Ich verschob die Anrede und benutzte zunächst nur den Namen; so vermied ich einen Konflikt.,Partnerschaft & koreanische Familie,b2_partner_honorific_trap_1,12,true,to postpone choosing an address,Expression,"I put off choosing a form of address and used only the name, which helped me avoid conflict.",vocab_b2_0466
제사상,jesasang,Tisch mit Opfergaben für die Ahnen,B2,Nomen,제사상 앞에서는 발을 모으고 서 있었어요.,Vor dem Ahnentisch stand ich mit geschlossenen Füßen.,Partnerschaft & koreanische Familie,b2_partner_ancestral_rite_1,1,false,ancestral offering table,Noun,In front of the offering table I stood with my feet together.,vocab_b2_0467
지방 쓰기,jibang sseugi,Beschriften der Ahnentafel aus Papier,B2,Nomen,지방 쓰기는 제가 하지 않고 옆에서 종이만 잡았어요.,"Den Ahnenzettel schrieb ich nicht, ich hielt nur das Papier.",Partnerschaft & koreanische Familie,b2_partner_ancestral_rite_1,2,false,writing the paper ancestral tablet,Noun,I did not write the name paper; I only held the sheet.,vocab_b2_0468
술잔 올리기,suljan olligi,Darbringen eines Bechers Alkohol,B2,Nomen,술잔 올리기 순서를 놓쳐서 한 박자 늦게 했어요.,Die Reihenfolge beim Reichen verpasste ich um einen Schlag.,Partnerschaft & koreanische Familie,b2_partner_ancestral_rite_1,3,false,offering a cup of alcohol,Noun,I missed the wine-cup offering order and was one beat late.,vocab_b2_0469
재배,jaebae,doppelte Verbeugung,B2,Nomen,제사 전에 남편이 거실에서 재배하는 자세를 보여 줬어요.,"Vor dem Ahnenritual hat mir mein Mann im Wohnzimmer gezeigt, wie man die zwei tiefen Verbeugungen ausführt.",Partnerschaft & koreanische Familie,b2_partner_ancestral_rite_1,4,false,double ritual bow,Noun,"Before the ancestral rite, my husband showed me in the living room how to perform the two deep bows.",vocab_b2_0470
축문,chungmun,Text für das Ahnenritual,B2,Nomen,축문은 듣지 못해도 고개를 숙이면 됐어요.,"Auch wenn ich den Text des Ahnenrituals nicht verstand, reichte es, den Kopf zu senken.",Partnerschaft & koreanische Familie,b2_partner_ancestral_rite_1,5,false,ritual invocation text,Noun,"I didn’t understand the text of the ancestral rite, but bowing my head was enough.",vocab_b2_0471
음복,eumbok,Verzehr der Speisen nach dem Ahnenritual,B2,Nomen,음복 전에는 음식을 집지 말라고 했어요.,Vor dem gemeinsamen Essen nach dem Ritual sollte ich nichts nehmen.,Partnerschaft & koreanische Familie,b2_partner_ancestral_rite_1,6,false,sharing ritual food after the rite,Noun,I was told not to take any food before the meal after the ritual.,vocab_b2_0472
사진 예절,sajin yejeol,Etikette beim Fotografieren,B2,Nomen,사진 예절은 상 옆이 아니라 끝난 뒤에만이었어요.,"Fotos machten wir erst nach dem Ritual, nicht neben dem Ahnentisch.",Partnerschaft & koreanische Familie,b2_partner_ancestral_rite_1,7,false,photography etiquette,Noun,"We took photos only after the ritual, not beside the offering table.",vocab_b2_0473
명절 음식 준비,myeongjeol eumsik junbi,die Vorbereitung des Feiertagsessens,B2,Nomen,"명절 음식을 준비할 때, 제가 먼저 할 수 있는 일을 찾아서 도왔어요.","Bei der Vorbereitung des Feiertagsessens habe ich mir selbst eine Aufgabe gesucht, die ich zuerst übernehmen konnte, und mitgeholfen.",Partnerschaft & koreanische Familie,b2_partner_ancestral_rite_1,8,false,preparing holiday food,Noun,"When it was time to prepare the holiday food, I looked for something I could do first and pitched in.",vocab_b2_0474
차례 순서,charye sunseo,Ablauf des Rituals,B2,Nomen,차례 순서를 종이에 적어 주머니에 넣었어요.,Den Ablauf der Ahnenzeremonie schrieb ich auf einen Zettel und steckte ihn in die Tasche.,Partnerschaft & koreanische Familie,b2_partner_ancestral_rite_1,9,false,order of the rite,Noun,I wrote down the order of the ancestral rites and put it in my pocket.,vocab_b2_0475
조상님,josangnim,die Vorfahren,B2,Nomen,조상님께 인사한다는 설명을 듣고 마음이 차분해졌어요.,"Die Erklärung, den Vorfahren zu grüßen, beruhigte mich.",Partnerschaft & koreanische Familie,b2_partner_ancestral_rite_1,10,true,the ancestors,Noun,Hearing that we greet the ancestors calmed me.,vocab_b2_0476
가족 모임,gajok moim,das Familientreffen,B2,Nomen,오랜만에 시댁 식구들이 다 같이 모여서 식사를 했어요.,"Nach langer Zeit ist die ganze Familie meines Mannes zusammengekommen, und wir haben gemeinsam gegessen.",Partnerschaft & koreanische Familie,b2_partner_ancestral_rite_1,11,true,family gathering,Noun,"After a long time, my husband's whole family got together and we all had a meal.",vocab_b2_0477
예를 갖추다,yereul gatchuda,Respekt nach der Etikette zeigen,B2,Ausdruck,뜻을 몰라도 예를 갖추면 자리를 지킬 수 있었어요.,Auch ohne den Sinn zu kennen wahrte die Form meinen Platz.,Partnerschaft & koreanische Familie,b2_partner_ancestral_rite_1,12,true,to show due respect,Expression,"Even without knowing the meaning, keeping form held my place.",vocab_b2_0478
용돈 드리다,yongdon deurida,den Eltern oder älteren Verwandten Geld schenken,B2,Ausdruck,부모님께 용돈 드리는 봉투를 남편이 미리 준비했어요.,Mein Mann hatte die Umschläge mit den Geldgeschenken für unsere Eltern schon vorbereitet.,Partnerschaft & koreanische Familie,b2_partner_family_money_1,1,false,to give money to parents or older relatives,Expression,My husband had already prepared the envelopes with cash gifts for our parents.,vocab_b2_0479
더치페이 오해,deochipei ohae,Missverständnis um Getrenntzahlen,B2,Nomen,더치페이 오해가 나와서 제가 밥값을 먼저 냈어요.,"Ein Missverständnis um Getrenntzahlen entstand, also zahlte ich zuerst.",Partnerschaft & koreanische Familie,b2_partner_family_money_1,2,false,split-bill misunderstanding,Noun,"A split-bill misunderstanding appeared, so I paid for the meal first.",vocab_b2_0480
축의금,chuguigeum,Geldgeschenk zur Hochzeit,B2,Nomen,축의금 액수를 공개 자리에서 묻지 않기로 했어요.,"Wir haben vereinbart, in der Öffentlichkeit nicht nach der Höhe des Geldgeschenks zur Hochzeit zu fragen.",Partnerschaft & koreanische Familie,b2_partner_family_money_1,3,false,wedding cash gift,Noun,We agreed not to ask in public how much money someone gave as a wedding gift.,vocab_b2_0481
부조,bujo,Geldbeitrag zu einem familiären Anlass,B2,Nomen,부조 액수를 정하기 전에 남편과 이번 달 지출을 확인했어요.,"Bevor wir die Höhe des Geldbeitrags für den Anlass festgelegt haben, habe ich mit meinem Mann die Ausgaben dieses Monats geprüft.",Partnerschaft & koreanische Familie,b2_partner_family_money_1,4,false,monetary contribution for a family occasion,Noun,"Before deciding how much to contribute for the occasion, I checked this month's expenses with my husband.",vocab_b2_0482
생활비 분담,saenghwalbi bundam,Teilung der Lebenshaltungskosten,B2,Nomen,생활비 분담은 가족 앞에서 자세히 말하지 않았어요.,Die Teilung der Lebenshaltungskosten erklärte ich vor der Familie nicht im Detail.,Partnerschaft & koreanische Familie,b2_partner_family_money_1,5,false,sharing living costs,Noun,I did not explain sharing living costs in detail in front of the family.,vocab_b2_0483
빚 이야기,bit iyagi,über Schulden sprechen,B2,Nomen,빚 이야기는 식탁이 아니라 나중에 둘이 하기로 했어요.,"Schuldenrede gehörte nicht an den Tisch, sondern später zu uns beiden.",Partnerschaft & koreanische Familie,b2_partner_family_money_1,6,false,talk about debt,Noun,"Talk about debt was for later between us, not at the table.",vocab_b2_0484
집 장만,jip jangman,Wohnungskauf,B2,Nomen,집 장만 비용을 묻길래 대략적인 범위만 말했어요.,"Als man mich nach den Kosten für den Wohnungskauf fragte, nannte ich nur eine grobe Spanne.",Partnerschaft & koreanische Familie,b2_partner_family_money_1,7,false,buying a home,Noun,"When they asked how much I spent on a home, I only gave a rough range.",vocab_b2_0485
부모님 지원,bumonim jiwon,Unterstützung der Eltern,B2,Nomen,부모님 지원 여부는 감사만 하고 액수는 숨겼어요.,"Ob die Eltern unterstützen, dankte ich, die Summe blieb privat.",Partnerschaft & koreanische Familie,b2_partner_family_money_1,8,false,parental financial support,Noun,On parental support I only gave thanks and hid the amount.,vocab_b2_0486
돈 농담,don nongdam,Geldscherz,B2,Nomen,돈 농담이 날카로워서 웃지 않고 물로 넘겼어요.,"Der Geldscherz war scharf, ich lachte nicht und trank Wasser.",Partnerschaft & koreanische Familie,b2_partner_family_money_1,9,false,money joke,Noun,"The money joke was sharp, so I did not laugh and drank water.",vocab_b2_0487
각자 계산,gakja gyesan,getrennt zahlen,B2,Ausdruck,각자 계산은 가족 식사에서 서운해 보일 수 있어요.,Getrennt zahlen kann bei einem Familienessen gekränkt wirken.,Partnerschaft & koreanische Familie,b2_partner_family_money_1,10,true,each paying their share,Expression,Each paying their share can look cold at a family meal.,vocab_b2_0488
봉투 준비,bongtu junbi,Umschlag vorbereiten,B2,Nomen,봉투 준비를 빠뜨릴 뻔해서 편의점에서 샀어요.,Den Umschlag hätte ich fast vergessen und kaufte einen im Spätkauf.,Partnerschaft & koreanische Familie,b2_partner_family_money_1,11,true,preparing an envelope,Noun,I almost forgot the envelope and bought one at the convenience store.,vocab_b2_0489
액수는 비밀,aeksuneun bimil,die Summe bleibt privat,B2,Ausdruck,액수는 비밀이라고 하니 더 묻지 않으셨어요.,Die Summe bleibt privat stoppte weitere Fragen.,Partnerschaft & koreanische Familie,b2_partner_family_money_1,12,true,the amount stays private,Expression,Saying the amount stays private stopped further questions.,vocab_b2_0490
전 부침,jeon buchim,Pfannengerichte braten,B2,Nomen,전 부침을 도우려다 기름이 손목에 튀었어요.,Beim Braten der Pfannengerichte spritzte Öl aufs Handgelenk.,Partnerschaft & koreanische Familie,b2_partner_holiday_duty_1,1,false,frying holiday pancakes,Noun,"While helping fry pancakes, oil splashed on my wrist.",vocab_b2_0491
설거지 교대,seolgeoji gyodae,Abwaschwechsel,B2,Nomen,설거지 교대를 제안하니 이모가 놀라셨어요.,Einen Abwaschwechsel vorzuschlagen überraschte die Tante.,Partnerschaft & koreanische Familie,b2_partner_holiday_duty_1,2,false,dish-washing rotation,Noun,Suggesting a dish-washing rotation surprised aunt.,vocab_b2_0492
남자는 안 한다,namjaneun an handa,Männer machen das nicht,B2,Ausdruck,'남자는 안 한다'는 말이 나오자 남편은 자신도 설거지를 하겠다고 했어요.,"Als es hieß „Das machen Männer nicht“, sagte mein Mann, dass er auch abspülen würde.",Partnerschaft & koreanische Familie,b2_partner_holiday_duty_1,3,false,men do not do that,Expression,"When someone said, “Men don't do that,” my husband said he would wash the dishes too.",vocab_b2_0493
명절 노동,myeongjeol nodong,Feiertagsarbeit im Haus,B2,Nomen,명절 노동이 한쪽에만 몰려 있어서 표를 그려 봤어요.,"Die Feiertagsarbeit lastete auf einer Seite, also zeichnete ich eine Tabelle.",Partnerschaft & koreanische Familie,b2_partner_holiday_duty_1,4,false,holiday housework,Noun,"Holiday housework sat on one side, so I drew a chart.",vocab_b2_0494
손님 대접,sonnim daejeop,Gästebewirtung,B2,Nomen,손님 대접은 웃는 일만이 아니라 물컵을 채우는 일이었어요.,"Gästebewirtung war nicht nur Lächeln, sondern Gläser nachzufüllen.",Partnerschaft & koreanische Familie,b2_partner_holiday_duty_1,5,false,hosting guests,Noun,Hosting guests was not only smiling but refilling water.,vocab_b2_0495
휴식 교대,hyusik gyodae,Pausenwechsel,B2,Nomen,휴식 교대를 말하니 처음엔 어색했지만 효과가 있었어요.,"Den Pausenwechsel anzusprechen war erst ungewohnt, wirkte dann.",Partnerschaft & koreanische Familie,b2_partner_holiday_duty_1,6,false,taking turns to rest,Noun,"Mentioning a rest rotation felt awkward at first, then worked.",vocab_b2_0496
음식 나르기,eumsik nareugi,Speisen tragen,B2,Nomen,음식 나르기를 제가 맡으니 허리가 먼저 아팠어요.,"Speisen zu tragen übernahm ich, und zuerst tat der Rücken weh.",Partnerschaft & koreanische Familie,b2_partner_holiday_duty_1,7,false,carrying dishes,Noun,"I took on carrying dishes, and my back hurt first.",vocab_b2_0497
아이 돌보기,ai dolbogi,Kinderhüten,B2,Nomen,아이 돌보기는 식사 준비를 하지 않는 사람이 맡기로 했어요.,"Wir haben vereinbart, dass sich die Person, die nicht das Essen vorbereitet, um die Kinder kümmert.",Partnerschaft & koreanische Familie,b2_partner_holiday_duty_1,8,false,watching the children,Noun,We agreed that whoever was not preparing the meal would look after the children.,vocab_b2_0498
불공평,bulgongpyeong,Ungerechtigkeit,B2,Nomen,불공평을 바로 지적하지 않고 다음 할 일을 나눴어요.,"Die Ungerechtigkeit nannte ich nicht sofort, wir teilten die nächste Aufgabe.",Partnerschaft & koreanische Familie,b2_partner_holiday_duty_1,9,false,unfairness,Noun,I did not name the unfairness at once; we split the next task.,vocab_b2_0499
도와드리겠습니다,dowadeurigetseumnida,ich werde helfen,B2,Ausdruck,제가 “도와드리겠습니다”라고 큰 소리로 말했어요.,Ich sagte laut: „Ich helfe Ihnen.“,Partnerschaft & koreanische Familie,b2_partner_holiday_duty_1,10,true,I will help,Expression,"I said aloud, “I’ll help.”",vocab_b2_0500
앉아서 기다리기,anjaseo gidarigi,sitzend warten,B2,Nomen,앉아서 기다리기만 하지 말고 식사 준비를 같이 하자고 했어요.,"Ich habe vorgeschlagen, beim Vorbereiten des Essens mitzumachen, statt nur dazusitzen und zu warten.",Partnerschaft & koreanische Familie,b2_partner_holiday_duty_1,11,true,sitting and waiting,Noun,I suggested helping prepare the meal rather than just sitting and waiting.,vocab_b2_0501
노동을 나누다,nodongeul nanuda,die Arbeit teilen,B2,Ausdruck,명절 노동을 나누기 위해 준비와 설거지 순서를 함께 정했어요.,"Um die Arbeit an den Feiertagen aufzuteilen, haben wir gemeinsam festgelegt, wer das Essen vorbereitet und wer abspült.",Partnerschaft & koreanische Familie,b2_partner_holiday_duty_1,12,true,to share the labor,Expression,"To share the holiday workload, we decided together who would prepare the food and who would wash up.",vocab_b2_0502
선을 긋다,seoneul geutda,eine Grenze ziehen,B2,Ausdruck,추가 방문은 어렵다고 선을 긋고 초대해 주신 데 대한 감사도 전했어요.,"Ich habe klar gesagt, dass ein weiterer Besuch schwierig ist, und mich zugleich für die Einladung bedankt.",Partnerschaft & koreanische Familie,b2_partner_boundary_1,1,false,to draw a line,Expression,"I set a boundary by explaining that another visit would be difficult, and also thanked them for the invitation.",vocab_b2_0503
사생활,sasaenghwal,Privatleben,B2,Nomen,사생활에 관한 질문에는 지금 답하기 어렵다고 정중히 말했어요.,"Auf die Frage zu meinem Privatleben habe ich höflich gesagt, dass ich im Moment nicht antworten möchte.",Partnerschaft & koreanische Familie,b2_partner_boundary_1,2,false,private life,Noun,I politely said I was not ready to answer the question about my private life.,vocab_b2_0504
연락 빈도,yeollak bindo,Kontakthäufigkeit,B2,Nomen,서로 부담스럽지 않은 연락 빈도를 의논해 일주일에 한 번 통화하기로 했어요.,"Wir haben besprochen, wie oft wir ohne Belastung Kontakt halten möchten, und einen Anruf pro Woche vereinbart.",Partnerschaft & koreanische Familie,b2_partner_boundary_1,3,false,frequency of contact,Noun,We discussed a contact frequency that would not feel burdensome and agreed to talk once a week.,vocab_b2_0505
거절 문장,geojeol munjang,Formulierung einer Ablehnung,B2,Nomen,부탁을 거절할 때 쓸 거절 문장을 미리 생각해 두었어요.,"Ich habe mir vorher überlegt, mit welchen Worten ich die Bitte ablehnen könnte.",Partnerschaft & koreanische Familie,b2_partner_boundary_1,4,false,wording for a refusal,Noun,I thought in advance about how to phrase a refusal of the request.,vocab_b2_0506
타협안,tahyeoban,Kompromissvorschlag,B2,Nomen,요청을 그대로 받아들이기는 어려워 가능한 타협안을 제시했어요.,"Da ich die Bitte so nicht annehmen konnte, habe ich einen möglichen Kompromiss vorgeschlagen.",Partnerschaft & koreanische Familie,b2_partner_boundary_1,5,false,compromise offer,Noun,"Since I could not accept the request as it stood, I proposed a possible compromise.",vocab_b2_0507
감정 노동,gamjeong nodong,emotionale Arbeit,B2,Nomen,가족 모임에서 생기는 감정 노동을 한 사람이 전부 맡지 않도록 의논했어요.,"Wir haben besprochen, wie wir verhindern können, dass eine Person die gesamte emotionale Arbeit bei Familientreffen übernimmt.",Partnerschaft & koreanische Familie,b2_partner_boundary_1,6,false,emotional labor,Noun,We discussed how to avoid leaving all the emotional labor at family gatherings to one person.,vocab_b2_0508
가족 기대,gajok gidae,Familienerwartung,B2,Nomen,가족 기대를 전부 맞출 수는 없다고 둘이 먼저 합의했어요.,"Wir haben zuerst gemeinsam beschlossen, dass wir nicht alle Erwartungen unserer Familien erfüllen können.",Partnerschaft & koreanische Familie,b2_partner_boundary_1,7,false,family expectation,Noun,The two of us agreed up front that we can’t meet every expectation our families have of us.,vocab_b2_0509
정중한 거리,jeongjunghan geori,höfliche Distanz,B2,Nomen,서로의 사생활을 존중하며 정중한 거리를 유지하려고 해요.,"Wir versuchen, eine höfliche Distanz zu wahren und das Privatleben des jeweils anderen zu respektieren.",Partnerschaft & koreanische Familie,b2_partner_boundary_1,8,false,polite distance,Noun,We try to maintain a respectful distance while respecting each other's private lives.,vocab_b2_0510
반복 요구,banbok yogu,wiederholte Forderung,B2,Nomen,같은 반복 요구에는 이유를 다시 설명하고 답을 바꾸지 않았어요.,Bei derselben wiederholten Forderung habe ich den Grund erneut erklärt und bin bei meiner Antwort geblieben.,Partnerschaft & koreanische Familie,b2_partner_boundary_1,9,false,repeated demand,Noun,"When the same demand was repeated, I explained my reason again and kept my answer unchanged.",vocab_b2_0511
우리가 결정할게요,uriga gyeoljeonghalgeyo,wir werden entscheiden,B2,Ausdruck,우리가 결정할게요를 두 번 말하니 압박이 줄었어요.,"Als ich zweimal sagte: „Wir entscheiden das selbst“, ließ der Druck nach.",Partnerschaft & koreanische Familie,b2_partner_boundary_1,10,true,we will decide,Expression,Repeating “We’ll decide that ourselves” twice eased the pressure.,vocab_b2_0512
오늘은 여기까지,oneureun yeogikkaji,für heute reicht es,B2,Ausdruck,'오늘은 여기까지'라고 말하고 나머지 이야기는 다음에 하기로 했어요.,"Ich habe gesagt „Für heute reicht es“ und wir haben vereinbart, den Rest später zu besprechen.",Partnerschaft & koreanische Familie,b2_partner_boundary_1,11,true,that is enough for today,Expression,"I said, “That's enough for today,” and we agreed to discuss the rest another time.",vocab_b2_0513
관계를 지키다,gwangyereul jikida,die Beziehung wahren,B2,Ausdruck,요청을 거절하면서도 관계를 지키고 싶어서 이유와 감사 인사를 함께 전했어요.,"Da ich die Bitte ablehnen und trotzdem die Beziehung erhalten wollte, habe ich meinen Grund erklärt und mich bedankt.",Partnerschaft & koreanische Familie,b2_partner_boundary_1,12,true,to keep the relationship,Expression,"I wanted to decline the request while preserving the relationship, so I explained my reason and expressed my thanks.",vocab_b2_0514
공식 소개,gongsik sogae,formelle Vorstellung,B2,Nomen,공식 소개에서는 이름보다 관계를 먼저 말했어요.,"In der formellen Vorstellung nannte ich zuerst die Beziehung, dann den Namen.",Partnerschaft & koreanische Familie,b2_partner_public_intro_1,1,false,formal introduction,Noun,In the formal introduction I named the relationship before the name.,vocab_b2_0515
자리 배치,jari baechi,Sitzordnung,B2,Nomen,자리 배치는 나이 순이라 제가 문을 가까운 쪽에 앉았어요.,"Die Plätze waren nach Alter angeordnet, deshalb saß ich näher an der Tür.",Partnerschaft & koreanische Familie,b2_partner_public_intro_1,2,false,seating arrangement,Noun,"We were seated by age, so I sat closer to the door.",vocab_b2_0516
사진 공개,sajin gonggae,Veröffentlichung eines Fotos,B2,Nomen,사진 공개 전에 얼굴이 나온 분들께 확인했어요.,"Bevor wir das Foto veröffentlichten, bat ich alle erkennbaren Personen um ihr Einverständnis.",Partnerschaft & koreanische Familie,b2_partner_public_intro_1,3,false,posting a photo publicly,Noun,"Before posting the photo, I checked with everyone who could be identified in it.",vocab_b2_0517
호칭 공개,hoching gonggae,öffentliche Anrede,B2,Nomen,호칭 공개는 집 안 말과 다르게 더 높였어요.,Außer Haus wählte ich eine förmlichere Anrede als zu Hause.,Partnerschaft & koreanische Familie,b2_partner_public_intro_1,4,false,public form of address,Noun,I used a more formal way of addressing them in public than I did at home.,vocab_b2_0518
모임 지각,moim jigak,Zuspätkommen zur Runde,B2,Nomen,모임 지각을 사과할 때 변명보다 감사를 먼저 했어요.,"Als ich mich für meine Verspätung entschuldigte, bedankte ich mich zuerst, statt mich zu rechtfertigen.",Partnerschaft & koreanische Familie,b2_partner_public_intro_1,5,false,being late to the gathering,Noun,"When I apologized for being late to the gathering, I thanked them before explaining.",vocab_b2_0519
단체 인사,danche insa,Begrüßung einer Gruppe,B2,Nomen,단체 인사는 큰 소리보다 고개가 중요했어요.,Beim Gruß an die Gruppe kam es mehr auf die Verbeugung als auf die Lautstärke an.,Partnerschaft & koreanische Familie,b2_partner_public_intro_1,6,false,group greeting,Noun,"When greeting the group, the bow mattered more than how loudly I spoke.",vocab_b2_0520
자리 양보,jari yangbo,den Platz abtreten,B2,Nomen,자리 양보를 하자 삼촌이 괜찮다고 손짓하셨어요.,"Als ich meinem Onkel meinen Platz anbot, winkte er ab und sagte, es sei schon in Ordnung.",Partnerschaft & koreanische Familie,b2_partner_public_intro_1,7,false,giving up a seat,Noun,"When I offered my uncle my seat, he waved me off and said he was fine.",vocab_b2_0521
공개 질문,gonggae jilmun,öffentliche Frage,B2,Nomen,공개 질문 시간에는 짧게 답하고 개인적인 내용은 따로 이야기했어요.,In der öffentlichen Fragerunde habe ich kurz geantwortet und persönliche Details später unter vier Augen besprochen.,Partnerschaft & koreanische Familie,b2_partner_public_intro_1,8,false,a question in public,Noun,"During the public question period, I answered briefly and discussed personal details separately.",vocab_b2_0522
커플 호칭,keopeul hoching,Paaranrede in der Öffentlichkeit,B2,Nomen,커플 호칭을 밖에서 낮추지 않기로 했어요.,"Wir haben vereinbart, uns auch in der Öffentlichkeit weiterhin respektvoll anzureden.",Partnerschaft & koreanische Familie,b2_partner_public_intro_1,9,false,how a couple addresses each other in public,Noun,We agreed to keep using respectful forms of address with each other in public.,vocab_b2_0523
소개를 미루다,sogaereul miruda,die Vorstellung verschieben,B2,Ausdruck,모임 장소가 너무 시끄러워서 소개를 미루기로 했어요.,"Beim Treffen war es zu laut, deshalb beschlossen wir, die Vorstellungsrunde zu verschieben.",Partnerschaft & koreanische Familie,b2_partner_public_intro_1,10,true,to delay an introduction,Expression,"It was too noisy at the gathering, so we decided to postpone the introductions.",vocab_b2_0524
관계부터 말하다,gwangyebuteo malhada,zuerst die Beziehung nennen,B2,Ausdruck,관계부터 말하니 악수 타이밍이 맞았어요.,"Als ich zuerst erklärte, wie wir miteinander verbunden sind, ergab sich der passende Moment für den Handschlag.",Partnerschaft & koreanische Familie,b2_partner_public_intro_1,11,true,to name the relationship first,Expression,"Once I explained how we were connected, the timing for a handshake felt right.",vocab_b2_0525
밖에서 예의를,bakkeseo yeuireul,in der Öffentlichkeit die Form,B2,Ausdruck,밖에서 예의를 지키니 집 안 실수는 잊히는 편이었어요.,"Wenn ich mich draußen an die Etikette hielt, sah man mir kleinere Fehler zu Hause eher nach.",Partnerschaft & koreanische Familie,b2_partner_public_intro_1,12,true,form in public,Expression,"When I kept good manners in public, people were more likely to overlook my small mistakes at home.",vocab_b2_0526
우리 며느리,uri myeoneuri,unsere Schwiegertochter,C1,Ausdruck,소설에서 '우리 며느리'라는 호칭은 환영의 뜻을 담으면서도 집안일에 대한 기대를 드러낸다.,"Im Roman drückt die Anrede „unsere Schwiegertochter“ Zugehörigkeit aus, vermittelt aber zugleich Erwartungen an die Hausarbeit.",Partnerschaft & koreanische Familie,c1_partner_family_framing_1,1,false,our daughter-in-law,Expression,"In the novel, the phrase “our daughter-in-law” expresses acceptance while also conveying expectations about housework.",vocab_c1_0049
손님으로 두다,sonnimeuro duda,weiterhin als Gast behandeln,C1,Ausdruck,가족이 된 뒤에도 손님으로 두다 보니 중요한 결정에서 그 사람의 의견이 빠졌다.,"Weil die Person auch als Familienmitglied weiterhin wie ein Gast behandelt wurde, blieb ihre Meinung bei wichtigen Entscheidungen unberücksichtigt.",Partnerschaft & koreanische Familie,c1_partner_family_framing_1,2,false,to continue treating someone as a guest,Expression,Continuing to treat the person as a guest even after they joined the family left their views out of important decisions.,vocab_c1_0050
소속 프레임,sosok peureim,Deutungsrahmen der Zugehörigkeit,C1,Nomen,이 글은 '우리 가족'이라는 소속 프레임이 누구를 포함하고 누구를 배제하는지 분석한다.,"Der Text untersucht, wen der Zugehörigkeitsrahmen „unsere Familie“ einschließt und wen er ausschließt.",Partnerschaft & koreanische Familie,c1_partner_family_framing_1,3,false,framing of belonging,Noun,The text examines whom the framing of “our family” includes and whom it excludes.,vocab_c1_0051
역할 언어,yeokhal eoneo,rollenzuschreibende Sprache,C1,Nomen,이 글에서 역할 언어는 '며느리니까 해야 한다'처럼 가족 구성원의 의무를 규정하는 표현을 뜻한다.,"In diesem Text bezeichnet Rollensprache Formulierungen, die Familienmitgliedern Pflichten zuschreiben, etwa „Das gehört sich für eine Schwiegertochter“.",Partnerschaft & koreanische Familie,c1_partner_family_framing_1,4,false,role-based language,Noun,"In this text, role-based language means expressions that assign duties to family members, such as “A daughter-in-law should do that.”",vocab_c1_0052
포용적 호칭,poyongjeok hoching,inklusive Anrede,C1,Nomen,토론에서는 혼인 여부를 전제하지 않는 포용적 호칭을 사용하자는 의견이 나왔다.,"In der Diskussion wurde vorgeschlagen, inklusive Anreden zu verwenden, die keinen bestimmten Familienstand voraussetzen.",Partnerschaft & koreanische Familie,c1_partner_family_framing_1,5,false,inclusive form of address,Noun,"During the discussion, someone proposed using inclusive forms of address that do not assume a person's marital status.",vocab_c1_0053
타자화,tajahwa,Othering,C1,Nomen,이 에세이는 이주민을 늘 '외부인'으로 부르는 표현에서 타자화의 문제를 찾는다.,"Der Essay sieht ein Problem des Othering darin, Zugewanderte stets als „Außenstehende“ zu bezeichnen.",Partnerschaft & koreanische Familie,c1_partner_family_framing_1,6,false,othering,Noun,The essay identifies othering in language that consistently labels migrants as “outsiders.”,vocab_c1_0054
가족 서사,gajok seosa,Familienerzählung,C1,Nomen,소설의 가족 서사는 부모의 기억과 자녀의 경험이 충돌하는 장면을 중심으로 전개된다.,"Die Familiengeschichte im Roman entfaltet sich vor allem in Szenen, in denen die Erinnerungen der Eltern mit den Erfahrungen der Kinder kollidieren.",Partnerschaft & koreanische Familie,c1_partner_family_framing_1,7,false,family narrative,Noun,The novel's family narrative develops around scenes where the parents' memories clash with their children's experiences.,vocab_c1_0055
해석의 주체,haeseogui juche,deutende Person / Instanz,C1,Nomen,구술 기록을 분석할 때는 경험을 말한 사람과 해석의 주체가 다를 수 있음을 고려해야 한다.,"Bei der Analyse mündlicher Zeugnisse ist zu berücksichtigen, dass die erzählende und die deutende Person nicht dieselbe sein müssen.",Partnerschaft & koreanische Familie,c1_partner_family_framing_1,8,false,interpreting person or authority,Noun,"When analyzing oral accounts, we need to consider that the person describing an experience may differ from the person interpreting it.",vocab_c1_0056
말의 자리,marui jari,Raum zum Sprechen,C1,Nomen,작가는 가족회의에서 누가 말할 수 있는지를 '말의 자리'라는 표현으로 설명한다.,"Mit dem Ausdruck „Raum zum Sprechen“ beschreibt der Autor, wer sich in Familiengesprächen äußern darf.",Partnerschaft & koreanische Familie,c1_partner_family_framing_1,9,false,space to speak,Noun,The author uses the phrase “space to speak” to describe who gets to speak in family discussions.,vocab_c1_0057
다시 명명하다,dasi myeongmyeonghada,neu benennen,C1,Ausdruck,보고서는 가족의 '도움'으로 여겨지던 일을 돌봄 노동으로 다시 명명한다.,"Der Bericht benennt Tätigkeiten, die bisher als familiäre „Hilfe“ galten, neu als Sorgearbeit.",Partnerschaft & koreanische Familie,c1_partner_family_framing_1,10,true,to rename,Expression,The report reframes work previously described as family “help” as care work.,vocab_c1_0058
프레임을 드러내다,peureimeul deureonaeda,den Rahmen sichtbar machen,C1,Ausdruck,'도와준다'는 표현에 담긴 프레임을 드러내면 누가 집안일의 책임자로 여겨지는지 보인다.,"Wenn man den Deutungsrahmen hinter „helfen“ sichtbar macht, zeigt sich, wem die Verantwortung für die Hausarbeit zugeschrieben wird.",Partnerschaft & koreanische Familie,c1_partner_family_framing_1,11,true,to make the frame visible,Expression,Examining the framing behind “helping” reveals who is assumed to be responsible for housework.,vocab_c1_0059
자리를 재협상하다,jarireul jaehyeopsanghada,den Platz neu verhandeln,C1,Ausdruck,소설의 주인공은 가족 안에서 자신의 자리를 재협상하다가 오랫동안 미뤄 온 갈등과 마주한다.,"Als die Hauptfigur ihren Platz in der Familie neu aushandelt, stößt sie auf Konflikte, die lange aufgeschoben wurden.",Partnerschaft & koreanische Familie,c1_partner_family_framing_1,12,true,to renegotiate one's place,Expression,"As the protagonist renegotiates their place in the family, they confront conflicts that have long been put off.",vocab_c1_0060
보이지 않는 일,boiji anneun il,unsichtbare Arbeit,C1,Nomen,가족 행사를 준비할 때는 장보기와 일정 조율처럼 보이지 않는 일도 분담해야 한다.,Bei der Vorbereitung einer Familienfeier sollten auch unsichtbare Aufgaben wie Einkaufen und Terminabsprachen aufgeteilt werden.,Partnerschaft & koreanische Familie,c1_partner_holiday_labor_1,1,false,invisible work,Noun,"When preparing a family event, invisible work such as shopping and coordinating schedules also needs to be shared.",vocab_c1_0061
성별 분업,seongbyeol buneop,geschlechtliche Arbeitsteilung,C1,Nomen,이 보고서는 명절 가사 노동의 성별 분업이 어떻게 유지되는지 인터뷰를 통해 살펴본다.,"Der Bericht untersucht anhand von Interviews, wie die geschlechtliche Arbeitsteilung bei der Hausarbeit an Feiertagen fortbesteht.",Partnerschaft & koreanische Familie,c1_partner_holiday_labor_1,2,false,gendered division of labor,Noun,The report uses interviews to examine how the gendered division of domestic labor during holidays is maintained.,vocab_c1_0062
돌봄 부담,dolbom budam,Belastung durch Sorgearbeit,C1,Nomen,돌봄 부담이 한 사람에게 집중되면 유급 노동과 휴식에 쓸 수 있는 시간이 줄어들 수 있다.,"Konzentriert sich die Sorgearbeit auf eine Person, kann ihr weniger Zeit für Erwerbsarbeit und Erholung bleiben.",Partnerschaft & koreanische Familie,c1_partner_holiday_labor_1,3,false,care burden,Noun,"When the burden of care falls on one person, it may leave them less time for paid work and rest.",vocab_c1_0063
기여의 가시성,giyeoui gasiseong,Sichtbarkeit des Beitrags,C1,Nomen,연구진은 준비와 정리 시간을 함께 기록해 가족 구성원별 기여의 가시성을 높였다.,"Das Forschungsteam erfasste sowohl Vorbereitungs- als auch Aufräumzeiten, um die Beiträge der einzelnen Familienmitglieder sichtbar zu machen.",Partnerschaft & koreanische Familie,c1_partner_holiday_labor_1,4,false,visibility of contribution,Noun,The researchers recorded both preparation and cleanup time to make each family member's contribution more visible.,vocab_c1_0064
전통의 선택,jeontongui seontaek,Auswahl von Traditionen,C1,Nomen,이 에세이는 전통의 선택을 다루며 어떤 관습을 이어 갈지 가족이 함께 논의해야 한다고 주장한다.,"Der Essay befasst sich mit der Auswahl von Traditionen und argumentiert, dass Familien gemeinsam besprechen sollten, welche Bräuche sie weiterführen.",Partnerschaft & koreanische Familie,c1_partner_holiday_labor_1,5,false,choice of traditions,Noun,The essay discusses the choice of traditions and argues that families should decide together which customs to continue.,vocab_c1_0065
노동 인정,nodong injeong,Anerkennung der Arbeit,C1,Nomen,돌봄 노동 인정은 감사 표현에 그치지 않고 휴식과 비용 분담으로 이어져야 한다.,Die Anerkennung von Sorgearbeit sollte über Dank hinausgehen und sich in Erholungszeiten und geteilten Kosten zeigen.,Partnerschaft & koreanische Familie,c1_partner_holiday_labor_1,6,false,recognition of labor,Noun,Recognition of care work should go beyond expressions of thanks and include time to rest and shared costs.,vocab_c1_0066
휴식권,hyusikgwon,Recht auf Erholung,C1,Nomen,명절 노동을 논하는 글은 일을 나누는 기준과 함께 휴식권의 문제도 제기한다.,Der Text über Arbeit an Feiertagen thematisiert neben der Aufgabenverteilung auch das Recht auf Erholung.,Partnerschaft & koreanische Familie,c1_partner_holiday_labor_1,7,false,right to rest,Noun,The text on holiday labor raises the question of the right to rest alongside criteria for sharing tasks.,vocab_c1_0067
분배 기준,bunbae gijun,Verteilungskriterien,C1,Nomen,가사 노동의 분배 기준에는 나이뿐 아니라 건강 상태와 돌봄 책임도 반영해야 한다.,Bei der Verteilung der Hausarbeit sollten neben dem Alter auch der Gesundheitszustand und Sorgepflichten berücksichtigt werden.,Partnerschaft & koreanische Familie,c1_partner_holiday_labor_1,8,false,criteria for distribution,Noun,Criteria for distributing housework should take health and care responsibilities into account as well as age.,vocab_c1_0068
침묵의 동의,chimmugui dongui,Zustimmung durch Schweigen,C1,Nomen,가족회의에서는 침묵의 동의를 당연하게 여기지 말고 각자의 의사를 직접 확인해야 한다.,In Familiengesprächen sollte Schweigen nicht selbstverständlich als Zustimmung gelten; die Beteiligten sollten ausdrücklich nach ihrer Meinung gefragt werden.,Partnerschaft & koreanische Familie,c1_partner_holiday_labor_1,9,false,consent by silence,Noun,"In family discussions, silence should not automatically be taken as agreement; everyone's wishes should be checked explicitly.",vocab_c1_0069
구조를 바꾸다,gujoreul bakkuda,die Struktur ändern,C1,Ausdruck,돌봄 부담을 줄이려면 개인의 헌신에 기대는 구조를 바꾸어야 한다.,"Um die Belastung durch Sorgearbeit zu verringern, müssen Strukturen verändert werden, die auf persönlicher Aufopferung beruhen.",Partnerschaft & koreanische Familie,c1_partner_holiday_labor_1,10,true,to change the structure,Expression,Reducing the burden of care requires changing structures that rely on individual self-sacrifice.,vocab_c1_0070
노동을 보이게 하다,nodongeul boige hada,Arbeit sichtbar machen,C1,Ausdruck,집안일에 든 시간을 기록하면 그동안 당연하게 여겼던 노동을 보이게 할 수 있다.,"Wer die für Hausarbeit aufgewendete Zeit erfasst, kann Arbeit sichtbar machen, die bisher als selbstverständlich galt.",Partnerschaft & koreanische Familie,c1_partner_holiday_labor_1,11,true,to make labor visible,Expression,Recording time spent on housework can make visible the labor previously taken for granted.,vocab_c1_0071
공평을 설계하다,gongpyeongeul seolgyehada,Fairness bei der Planung berücksichtigen,C1,Ausdruck,가족 행사에서 공평을 설계하려면 준비부터 정리까지 필요한 일을 함께 살펴야 한다.,"Um eine Familienfeier fair zu organisieren, sollten alle Aufgaben von der Vorbereitung bis zum Aufräumen gemeinsam betrachtet werden.",Partnerschaft & koreanische Familie,c1_partner_holiday_labor_1,12,true,to design for fairness,Expression,"Planning a family event fairly means considering all the work involved, from preparation to cleanup.",vocab_c1_0072
의사결정권,uisagyeoljeonggwon,Entscheidungsbefugnis,C2,Nomen,명절 행사에 관한 의사결정권이 특정 가족 구성원에게 집중되는 과정을 인터뷰로 분석했다.,"Anhand von Interviews wurde untersucht, wie sich die Entscheidungsbefugnis über Feiertagsfeiern bei einzelnen Familienmitgliedern konzentriert.",Partnerschaft & koreanische Familie,c2_partner_inlaw_power_1,1,false,decision-making power,Noun,Interviews were used to analyze how decision-making power over holiday events becomes concentrated among particular family members.,vocab_c2_0049
침묵 압력,chimmuk amnyeok,Druck zum Schweigen,C2,Nomen,이 연구는 갈등을 드러내지 말라는 침묵 압력이 가족 내 협의를 제한할 수 있다고 설명한다.,"Die Studie erläutert, dass der Druck, Konflikte nicht anzusprechen, die Verständigung innerhalb einer Familie einschränken kann.",Partnerschaft & koreanische Familie,c2_partner_inlaw_power_1,2,false,pressure to remain silent,Noun,The study explains how pressure to remain silent about conflicts can limit discussion within a family.,vocab_c2_0050
대리 발화,daeri balhwa,Sprechen anstelle einer Person,C2,Nomen,회의록에는 당사자의 의견과 다른 사람이 대신 말한 대리 발화를 구분해 기록했다.,"Im Protokoll wurden eigene Äußerungen der Betroffenen von Aussagen unterschieden, die andere stellvertretend für sie machten.",Partnerschaft & koreanische Familie,c2_partner_inlaw_power_1,3,false,speaking on someone's behalf,Noun,The minutes distinguished the affected person's own views from statements made by someone else on their behalf.,vocab_c2_0051
체면을 지키다,chemyeoneul jikida,das Gesicht wahren,C2,Ausdruck,체면을 지키려고 가족 모임 예산보다 많은 돈을 쓰자는 말이 나왔어요.,"Bei der Familienfeier schlug jemand vor, mehr als geplant auszugeben, um das Gesicht zu wahren.",Partnerschaft & koreanische Familie,c2_partner_inlaw_power_1,4,false,to save face,Expression,"At the family gathering, someone suggested spending more than budgeted to save face.",vocab_c2_0052
순응 연출,suneung yeonchul,Inszenierung von Fügsamkeit,C2,Nomen,소설은 가족 앞에서 순응 연출을 하던 인물이 혼자 있을 때 드러내는 불만을 대비시킨다.,Der Roman stellt die inszenierte Fügsamkeit der Figur vor ihrer Familie ihrer Unzufriedenheit im privaten Moment gegenüber.,Partnerschaft & koreanische Familie,c2_partner_inlaw_power_1,5,false,performance of compliance,Noun,The novel contrasts a character's performance of compliance before the family with the resentment they reveal in private.,vocab_c2_0053
권한의 출처,gwonhanui chulcheo,Quelle der Befugnis,C2,Nomen,권한의 출처를 나이나 혈연으로만 설명하면 다른 구성원의 참여를 제한할 수 있다.,"Wer Autorität allein mit Alter oder Blutsverwandtschaft begründet, kann die Beteiligung anderer Mitglieder einschränken.",Partnerschaft & koreanische Familie,c2_partner_inlaw_power_1,6,false,source of authority,Noun,Grounding authority solely in age or blood ties can restrict other members' participation.,vocab_c2_0054
말의 위계,marui wigye,Hierarchie der Rede,C2,Nomen,이 글은 가족회의에서 발언 순서와 호칭이 만들어 내는 말의 위계를 분석한다.,"Der Text analysiert die sprachliche Hierarchie, die in Familiengesprächen durch Redereihenfolge und Anreden entsteht.",Partnerschaft & koreanische Familie,c2_partner_inlaw_power_1,7,false,hierarchy of speech,Noun,The text analyzes the hierarchy of speech created by speaking order and forms of address in family discussions.,vocab_c2_0055
동의의 형식,donguiui hyeongsik,Form der Zustimmung,C2,Nomen,고개를 끄덕이는 것과 서면으로 확인하는 것은 서로 다른 동의의 형식이다.,Ein Nicken und eine schriftliche Bestätigung sind unterschiedliche Formen der Zustimmung.,Partnerschaft & koreanische Familie,c2_partner_inlaw_power_1,8,false,form of consent,Noun,Nodding and providing written confirmation are different forms of agreement.,vocab_c2_0056
불복의 비용,bulbogui biyong,Kosten des Widerspruchs,C2,Nomen,관계가 악화될 우려도 불복의 비용에 포함되므로 침묵을 자발적 동의로 단정할 수 없다.,Auch die Sorge um eine beschädigte Beziehung gehört zu den Kosten des Widerspruchs; Schweigen ist deshalb nicht ohne Weiteres freiwillige Zustimmung.,Partnerschaft & koreanische Familie,c2_partner_inlaw_power_1,9,false,cost of dissent,Noun,"The fear of damaging a relationship is also a cost of dissent, so silence cannot simply be assumed to mean voluntary agreement.",vocab_c2_0057
권력을 호명하다,gwonnyeogeul homyeonghada,Machtverhältnisse benennen,C2,Ausdruck,권력을 호명한다는 것은 누가 결정하고 누가 그 결과를 감당하는지 명시하는 일이다.,"Macht zu benennen bedeutet, ausdrücklich festzuhalten, wer entscheidet und wer die Folgen trägt.",Partnerschaft & koreanische Familie,c2_partner_inlaw_power_1,10,true,to name power relations,Expression,Naming power means making explicit who decides and who bears the consequences.,vocab_c2_0058
절차를 요구하다,jeolchareul yoguhada,ein Verfahren verlangen,C2,Ausdruck,참석자들은 가족 행사 비용을 정하기 전에 모두의 의견을 확인하는 절차를 요구했다.,"Die Beteiligten verlangten ein Verfahren, in dem vor der Festlegung der Kosten einer Familienfeier alle Meinungen eingeholt werden.",Partnerschaft & koreanische Familie,c2_partner_inlaw_power_1,11,true,to demand a procedure,Expression,Participants asked for a procedure that would seek everyone's views before deciding the costs of a family event.,vocab_c2_0059
절차를 기록하다,jeolchareul girokhada,das Verfahren dokumentieren,C2,Ausdruck,가족 행사 비용을 정하는 절차를 기록하자 같은 다툼이 줄었어요.,"Seit wir festgehalten haben, wie über die Kosten von Familienfeiern entschieden wird, gibt es darüber weniger Streit.",Partnerschaft & koreanische Familie,c2_partner_inlaw_power_1,12,true,to document the process,Expression,"Once we documented how costs for family events would be decided, we had fewer repeat arguments.",vocab_c2_0060
이름 호명,ireum homyeong,beim Namen rufen,C2,Nomen,소설에서 이름 호명은 친밀함을 나타내기도 하지만 인물의 지위를 낮추는 수단이 되기도 한다.,"Im Roman kann das Nennen des Namens Nähe ausdrücken, aber auch dazu dienen, den Status einer Figur herabzusetzen.",Partnerschaft & koreanische Familie,c2_partner_name_memory_1,1,false,calling by name,Noun,"In the novel, calling someone by name can express intimacy but can also be used to diminish a character's status.",vocab_c2_0061
기억의 편집,gieogui pyeonjip,Bearbeitung von Erinnerungen,C2,Nomen,사진집의 기억의 편집은 어떤 장면을 남기고 어떤 인물을 제외했는지에서 드러난다.,"Die Bearbeitung von Erinnerungen im Fotoband zeigt sich darin, welche Szenen erhalten und welche Personen ausgeschlossen wurden.",Partnerschaft & koreanische Familie,c2_partner_name_memory_1,2,false,editing of memory,Noun,The editing of memory in the photo collection becomes visible in the scenes preserved and the people left out.,vocab_c2_0062
서사의 주인,seosaui juin,wer über die Erzählung verfügt,C2,Nomen,작품은 같은 사건을 여러 인물이 말하게 하여 누가 서사의 주인인지 묻는다.,"Indem mehrere Figuren dasselbe Ereignis erzählen, fragt das Werk, wem die Erzählung gehört.",Partnerschaft & koreanische Familie,c2_partner_name_memory_1,3,false,owner of the narrative,Noun,"By letting several characters recount the same event, the work asks who owns the narrative.",vocab_c2_0063
호칭의 정치,hochingui jeongchi,Politik der Anrede,C2,Nomen,이 논문은 가족 호칭이 친밀함과 권력 관계를 함께 드러낸다는 점에서 호칭의 정치를 논한다.,"Die Arbeit erörtert die Politik der Anrede, da familiäre Bezeichnungen sowohl Nähe als auch Machtverhältnisse ausdrücken.",Partnerschaft & koreanische Familie,c2_partner_name_memory_1,4,false,politics of address,Noun,"The paper discusses the politics of address, arguing that family terms express both intimacy and power relations.",vocab_c2_0064
망각의 예절,manggagui yejeol,Etikette des Vergessens,C2,Nomen,에세이는 '망각의 예절'을 상처를 되묻지 않는 배려로 설명하면서도 기록의 필요성을 강조한다.,"Der Essay beschreibt die „Etikette des Vergessens“ als Rücksicht, die schmerzhafte Fragen vermeidet, betont aber zugleich die Notwendigkeit der Dokumentation.",Partnerschaft & koreanische Familie,c2_partner_name_memory_1,5,false,etiquette of forgetting,Noun,"The essay describes an “etiquette of forgetting” as the consideration shown by not reopening painful questions, while also stressing the need for records.",vocab_c2_0065
기록 주체,girok juche,dokumentierende Person / Instanz,C2,Nomen,기록 주체가 달라지면 같은 사건에서도 책임과 피해가 서로 다르게 서술될 수 있다.,"Je nachdem, wer die Aufzeichnungen erstellt, können Verantwortung und Schaden bei demselben Ereignis unterschiedlich dargestellt werden.",Partnerschaft & koreanische Familie,c2_partner_name_memory_1,6,false,person or body creating the record,Noun,"Who creates the record can affect how responsibility and harm are described, even for the same event.",vocab_c2_0066
호명의 거부,homyeongui geobu,Ablehnung einer Anrede,C2,Nomen,주인공의 호명의 거부는 자신을 가족 역할로만 부르는 방식에 대한 저항으로 읽을 수 있다.,"Die Weigerung der Hauptfigur, eine bestimmte Anrede anzunehmen, lässt sich als Widerstand gegen die Reduktion auf eine Familienrolle lesen.",Partnerschaft & koreanische Familie,c2_partner_name_memory_1,7,false,refusal of a form of address,Noun,The protagonist's refusal of a form of address can be read as resistance to being defined solely by a family role.,vocab_c2_0067
공동 기억,gongdong gieok,geteilte Erinnerung,C2,Nomen,전시의 공동 기억은 공식 기록뿐 아니라 주민들의 서로 다른 증언을 통해 구성된다.,Die gemeinsame Erinnerung der Ausstellung entsteht aus offiziellen Aufzeichnungen und unterschiedlichen Aussagen der Bevölkerung.,Partnerschaft & koreanische Familie,c2_partner_name_memory_1,8,false,shared memory,Noun,The exhibition's shared memory is shaped by residents' differing testimonies as well as official records.,vocab_c2_0068
말의 유산,marui yusan,sprachliches Erbe,C2,Nomen,소설에서 말의 유산은 후대가 반복하거나 거부하는 가족의 표현과 가치관으로 나타난다.,"Im Roman zeigt sich das sprachliche Erbe in familiären Ausdrücken und Wertvorstellungen, die spätere Generationen übernehmen oder ablehnen.",Partnerschaft & koreanische Familie,c2_partner_name_memory_1,9,false,legacy of words,Noun,"In the novel, the legacy of words appears in family expressions and values that later generations repeat or reject.",vocab_c2_0069
이름을 되찾다,ireumeul doechatda,den Namen zurückholen,C2,Ausdruck,별명으로만 불리던 인물이 이름을 되찾다 보니 독자도 그 인물의 삶을 새롭게 보게 된다.,"Als die Figur, die bisher nur einen Spitznamen trug, ihren eigenen Namen zurückgewinnt, sehen auch die Lesenden ihr Leben neu.",Partnerschaft & koreanische Familie,c2_partner_name_memory_1,10,true,to reclaim a name,Expression,"As a character previously known only by a nickname reclaims their name, readers also begin to see their life differently.",vocab_c2_0070
기억을 재배치하다,gieogeul jaebaechihada,Erinnerung neu ordnen,C2,Ausdruck,전시 기획자는 사진의 순서를 바꾸어 기억을 재배치하고 기존의 사건 해석에 질문을 던진다.,Die Ausstellungskuration ordnet durch eine veränderte Reihenfolge der Fotos Erinnerungen neu und hinterfragt die bisherige Deutung des Ereignisses.,Partnerschaft & koreanische Familie,c2_partner_name_memory_1,11,true,to rearrange memory,Expression,"By changing the order of the photographs, the curator rearranges memories and questions the established interpretation of the event.",vocab_c2_0071
서사를 공유하다,seosareul gongyuhada,Erzählungen teilen,C2,Ausdruck,여러 세대가 각자의 서사를 공유하면 한 사람의 기억만으로 가족사를 설명하기 어려워진다.,"Wenn mehrere Generationen ihre Erzählungen teilen, lässt sich die Familiengeschichte kaum allein aus der Erinnerung einer Person erklären.",Partnerschaft & koreanische Familie,c2_partner_name_memory_1,12,true,to share narratives,Expression,"When several generations share their narratives, family history becomes difficult to explain through one person's memories alone.",vocab_c2_0072
우표,upyo,Briefmarke,A1,Nomen,우표를 세 장 주세요.,Bitte geben Sie mir drei Briefmarken.,Postamt,a1_post_office_1,1,false,stamp,Noun,Please give me three stamps.,vocab_a1_0308
소포,sopo,Paket,A1,Nomen,이 소포를 독일로 보내고 싶어요.,Ich möchte dieses Paket nach Deutschland schicken.,Postamt,a1_post_office_1,2,false,parcel,Noun,I want to send this parcel to Germany.,vocab_a1_0309
편지,pyeonji,Brief,A1,Nomen,이 편지를 독일로 보내 주세요.,Bitte schicken Sie diesen Brief nach Deutschland.,Postamt,a1_post_office_1,3,false,letter,Noun,Please send this letter to Germany.,vocab_a1_0310
우편함,upyeonham,Briefkasten,A1,Nomen,편지는 아래 우편함에 넣으세요.,Bitte legen Sie den Brief in den Briefkasten unten.,Postamt,a1_post_office_1,4,false,mailbox,Noun,Please put the letter in the mailbox downstairs.,vocab_a1_0311
부치다,buchida,aufgeben,A1,Verb,소포를 부치기 전에 주소를 확인해요.,"Bevor ich das Paket aufgebe, prüfe ich die Adresse.",Postamt,a1_post_office_1,5,false,to mail,Verb,"Before I mail the parcel, I check the address.",vocab_a1_0312
무게,muge,Gewicht,A1,Nomen,무게가 이 킬로그램이에요.,Es wiegt zwei Kilogramm.,Postamt,a1_post_office_1,6,false,weight,Noun,It weighs two kilograms.,vocab_a1_0313
주소,juso,Adresse,A1,Nomen,받는 사람 주소를 여기에 써 주세요.,Bitte schreiben Sie die Empfängeradresse hierhin.,Postamt,a1_post_office_1,7,false,address,Noun,Please write the recipient address here.,vocab_a1_0314
보내는 사람,bonaeneun saram,Absender,A1,Nomen,보내는 사람 이름을 써요.,Ich schreibe den Namen des Absenders.,Postamt,a1_post_office_1,8,false,sender,Noun,I write the sender's name.,vocab_a1_0315
받는 사람,banneun saram,Empfänger,A1,Nomen,받는 사람 전화번호를 적으세요.,Bitte notieren Sie die Telefonnummer des Empfängers.,Postamt,a1_post_office_1,9,false,recipient,Noun,Please write the recipient's phone number.,vocab_a1_0316
며칠,myeochil,wie viele Tage,A1,Nomen,독일까지 며칠 걸려요?,Wie viele Tage braucht das Paket nach Deutschland?,Postamt,a1_post_office_1,10,true,how many days,Noun,How many days does it take to Germany?,vocab_a1_0317
가격,gagyeok,Preis,A1,Nomen,우표 가격이 얼마예요?,Was kostet die Briefmarke?,Postamt,a1_post_office_1,11,true,price,Noun,How much is the stamp?,vocab_a1_0318
창구,changgu,Schalter,A1,Nomen,3번 창구에서 기다리세요.,Bitte warten Sie am Schalter drei.,Postamt,a1_post_office_1,12,true,counter,Noun,Please wait at counter number three.,vocab_a1_0319
연고,yeongo,Salbe,A2,Nomen,연고는 어떻게 바르는지 약사에게 물어봤어요.,"Ich fragte in der Apotheke, wie ich die Salbe anwenden soll.",Apotheke,a2_pharmacy_ask_1,1,false,ointment,Noun,I asked at the pharmacy how to use the ointment.,vocab_a1_0320
마스크,maseukeu,Maske,A2,Nomen,약국에서 마스크를 한 통 샀어요.,In der Apotheke habe ich eine Packung Masken gekauft.,Apotheke,a2_pharmacy_ask_1,2,false,mask,Noun,I bought a pack of masks at the pharmacy.,vocab_a1_0321
계산대,gyesandae,Kasse,A2,Nomen,계산대 앞에서 카드를 꺼냈어요.,Vor der Kasse habe ich meine Karte herausgenommen.,Apotheke,a2_pharmacy_ask_1,3,false,checkout,Noun,I took out my card in front of the checkout.,vocab_a1_0322
복용 시간,bogyong sigan,Einnahmezeit,A2,Ausdruck,복용 시간을 종이에 적어 주세요.,Bitte schreiben Sie die Einnahmezeiten auf Papier.,Apotheke,a2_pharmacy_ask_1,4,false,dose time,Expression,Please write the dose times on paper.,vocab_a1_0323
일회용 밴드,ilhoeyong baendeu,Pflaster,A2,Nomen,일회용 밴드를 작은 걸로 주세요.,Bitte geben Sie mir ein kleines Pflaster.,Apotheke,a2_pharmacy_ask_1,5,false,adhesive bandage,Noun,Please give me a small adhesive bandage.,vocab_a1_0324
체온계,cheongye,Fieberthermometer,B1,Nomen,체온계가 어디에 있어요?,Wo ist das Fieberthermometer?,Apotheke,b1_health_hospital_1,13,false,thermometer,Noun,Where is the thermometer?,vocab_a1_0325
가글액,gageuraek,Mundspülung,A2,Nomen,가글액이 있는지 찾고 있어요.,Ich suche nach Mundspülung.,Apotheke,a2_pharmacy_ask_1,7,false,mouthwash,Noun,I am looking for mouthwash.,vocab_a1_0326
비타민제,bitaminje,Vitaminpräparat,A2,Nomen,비타민제를 사서 집에 두었어요.,Ich kaufte ein Vitaminpräparat und stellte es zu Hause hin.,Apotheke,a2_pharmacy_ask_1,8,false,vitamin supplement,Noun,I bought a vitamin supplement and put it away at home.,vocab_a1_0327
알레르기,allereugi,Allergie,A2,Nomen,약을 사기 전에 알레르기가 있는지 약사에게 말했어요.,"Bevor ich das Mittel kaufte, sagte ich in der Apotheke, welche Allergien ich habe.",Apotheke,a2_pharmacy_ask_1,9,false,allergy,Noun,"Before buying the medicine, I told the pharmacist about any allergies I have.",vocab_a1_0328
무처방,mucheobang,rezeptfrei,A2,Ausdruck,이 약이 무처방 약인지 약사에게 물어봤어요.,"Ich fragte in der Apotheke, ob dieses Mittel rezeptfrei ist.",Apotheke,a2_pharmacy_ask_1,10,true,over the counter,Expression,I asked the pharmacist whether this medicine is available without a prescription.,vocab_a1_0329
파스,paseu,Schmerzpflaster,A2,Nomen,허리가 아파서 파스를 붙였어요.,"Mein Rücken tut weh, deshalb habe ich ein Schmerzpflaster aufgeklebt.",Apotheke,a2_pharmacy_ask_1,11,true,pain relief patch,Noun,"My back hurts, so I put on a pain relief patch.",vocab_a1_0330
제산제,jesanje,Antazidum,A2,Nomen,속이 쓰려서 제산제를 샀어요.,"Ich habe Sodbrennen, deshalb habe ich ein Antazidum gekauft.",Apotheke,a2_pharmacy_ask_1,12,true,antacid,Noun,"I have heartburn, so I bought an antacid.",vocab_a1_0331
늦잠,neutjam,Ausschlafen,A2,Nomen,일요일에는 늦잠을 자고 싶어요.,Am Sonntag möchte ich ausschlafen.,Wochenendzusage,a2_daily_1,9,false,sleeping in,Noun,On Sunday I want to sleep in.,vocab_a1_0332
약속 시간,yaksok sigan,Uhrzeit des Treffens,A1,Ausdruck,약속 시간을 세 시로 바꿀까요?,Sollen wir die Uhrzeit unseres Treffens auf drei Uhr ändern?,Wochenendzusage,a1_weekend_promise_1,2,false,meeting time,Expression,Shall we change the meeting time to three?,vocab_a1_0333
약속 장소,yaksok jangso,Treffpunkt,A1,Ausdruck,약속 장소는 역 앞이에요.,Der Treffpunkt ist vor dem Bahnhof.,Wochenendzusage,a1_weekend_promise_1,3,false,meeting place,Expression,The meeting place is in front of the station.,vocab_a1_0334
취소하다,chwisohada,absagen,A1,Verb,비가 와서 산책을 취소했어요.,"Weil es geregnet hat, habe ich den Spaziergang abgesagt.",Wochenendzusage,a1_weekend_promise_1,4,false,to cancel,Verb,"It rained, so I cancelled the walk.",vocab_a1_0335
미리 연락,miri yeollak,vorher Bescheid sagen,A1,Ausdruck,늦기 전에 저한테 미리 연락하세요.,"Bitte melde dich vorher bei mir, bevor du zu spät kommst.",Wochenendzusage,a1_weekend_promise_1,5,false,advance notice,Expression,Contact me in advance before you're late.,vocab_a1_0336
시간 맞추다,sigan matchuda,die Zeit abstimmen,A1,Ausdruck,내일 친구와 시간을 맞춰요.,Morgen spreche ich mit einem Freund die Uhrzeit ab.,Wochenendzusage,a1_weekend_promise_1,6,false,to match the time,Expression,Tomorrow I coordinate the time with a friend.,vocab_a1_0337
다음에 봐요,daeume bwayo,bis zum nächsten Mal,A1,Ausdruck,오늘은 여기까지 하고 다음에 봐요.,"Für heute reicht es, bis zum nächsten Mal.",Wochenendzusage,a1_weekend_promise_1,7,false,see you next time,Expression,"That's enough for today, see you next time.",vocab_a1_0338
바로 갈게요,baro galgeyo,ich komme gleich,A1,Ausdruck,지금 바로 갈게요.,Ich komme gleich.,Wochenendzusage,a1_weekend_promise_1,8,false,I'll come right away,Expression,I'll come right away.,vocab_a1_0339
주말 계획,jumal gyehoek,Wochenendplan,A1,Ausdruck,주말 계획이 있어요?,Hast du Pläne fürs Wochenende?,Wochenendzusage,a1_weekend_promise_1,9,false,weekend plan,Expression,Do you have plans for the weekend?,vocab_a1_0340
늦을 것 같다,neujeul geot gatda,wahrscheinlich zu spät,A1,Ausdruck,버스가 막혀서 늦을 것 같아요.,"Der Bus steckt fest, ich komme wahrscheinlich zu spät.",Wochenendzusage,a1_weekend_promise_1,10,true,looks like I'll be late,Expression,"The bus is stuck, so it looks like I'll be late.",vocab_a1_0341
같이 걷다,gachi geotda,zusammen gehen,A1,Ausdruck,저녁에 한강에서 같이 걸어요.,Abends gehen wir zusammen am Hangang spazieren.,Wochenendzusage,a1_weekend_promise_1,11,true,to walk together,Expression,In the evening we walk together along the Hangang.,vocab_a1_0342
먼저 가다,meonjeo gada,schon vorausgehen,A1,Ausdruck,저는 먼저 가요.,Ich gehe schon mal vor.,Wochenendzusage,a1_weekend_promise_1,12,true,to go ahead first,Expression,I'll go ahead first.,vocab_a1_0343
초인종,choinjong,Klingel,B1,Nomen,초인종을 두 번 눌렀어요.,Ich habe zweimal an der Klingel gedrückt.,Nachbarschaft,b1_neighbors_hall_1,1,false,doorbell,Noun,I pressed the doorbell twice.,vocab_a1_0344
복도,bokdo,Flur,B1,Nomen,복도에 신발을 두지 마세요.,Bitte stellen Sie keine Schuhe in den Flur.,Nachbarschaft,b1_neighbors_hall_1,2,false,hallway,Noun,Please do not leave shoes in the hallway.,vocab_a1_0345
이웃집,iutjip,Nachbarwohnung,B1,Nomen,이웃집에 택배가 잘못 왔어요.,Ein Paket wurde falsch an die Nachbarwohnung geliefert.,Nachbarschaft,b1_neighbors_hall_1,3,false,neighbor's place,Noun,A parcel was delivered to the neighbor's place by mistake.,vocab_a1_0346
층수,cheungsu,Stockwerk,B1,Nomen,저희 층수는 다섯 층이에요.,Wir wohnen im fünften Stock.,Nachbarschaft,b1_neighbors_hall_1,4,false,floor number,Noun,We're on the fifth floor.,vocab_a1_0347
분리배출,bullibaechul,getrennte Entsorgung,B1,Nomen,플라스틱은 분리배출하세요.,Bitte entsorgen Sie Plastik getrennt.,Nachbarschaft,b1_neighbors_hall_1,5,false,sorted disposal,Noun,Please sort the plastic.,vocab_a1_0348
문패,munpae,Namensschild,B1,Nomen,문패에 이름을 새로 붙였어요.,Ich habe ein neues Namensschild an die Tür geklebt.,Nachbarschaft,b1_neighbors_hall_1,6,false,door nameplate,Noun,I put a new nameplate on the door.,vocab_a1_0349
공동현관,gongdonghyeongwan,Hauseingang,B1,Nomen,공동현관 비밀번호가 바뀌었어요.,Das Passwort am Hauseingang hat sich geändert.,Nachbarschaft,b1_neighbors_hall_1,7,false,shared entrance,Noun,The shared entrance password changed.,vocab_a1_0350
층간소음,cheunggansoeum,Lärm durch die Decke,B1,Nomen,밤에는 층간소음이 나지 않게 조심해야 돼요.,"Nachts sind wir leise, damit die Nachbarn unten nichts hören.",Nachbarschaft,b1_neighbors_hall_1,8,false,noise from upstairs,Noun,At night we keep quiet so the neighbors below don't hear us.,vocab_a1_0351
택배함,taekbaeham,Paketkasten,B1,Nomen,택배함에 비밀번호를 넣어요.,Ich gebe das Passwort in den Paketkasten ein.,Nachbarschaft,b1_neighbors_hall_1,9,false,parcel locker,Noun,I enter the password on the parcel locker.,vocab_a1_0352
공지문,gongjimun,Aushang,B1,Nomen,엘리베이터에 공지문이 있어요.,Am Aufzug hängt ein Aushang.,Nachbarschaft,b1_neighbors_hall_1,10,true,notice,Noun,There is a notice on the elevator.,vocab_a1_0353
무단주차,mudanjucha,unerlaubtes Parken,B1,Nomen,입구 앞 무단주차는 안 돼요.,Vor der Einfahrt darf man nicht parken.,Nachbarschaft,b1_neighbors_hall_1,11,true,unauthorized parking,Noun,You can't park in front of the entrance.,vocab_a1_0354
이웃 인사,iut insa,Nachbarn grüßen,B1,Ausdruck,아침에 이웃 인사를 했어요.,Heute Morgen habe ich die Nachbarn gegrüßt.,Nachbarschaft,b1_neighbors_hall_1,12,true,saying hi to the neighbors,Expression,This morning I said hi to the neighbors.,vocab_a1_0355
필통,piltong,Federmäppchen,A2,Nomen,필통 안에 펜이 세 자루 있어요.,Im Federmäppchen sind drei Stifte.,Schultasche,a2_school_supplies_1,1,false,pencil case,Noun,There are three pens in the pencil case.,vocab_a1_0356
지우개,jiugae,Radiergummi,A2,Nomen,연필 실수를 지우개로 지워요.,Ich radiere den Bleistiftfehler mit dem Radiergummi weg.,Schultasche,a2_school_supplies_1,2,false,eraser,Noun,I erase the pencil mistake with an eraser.,vocab_a1_0357
가위,gawi,Schere,A2,Nomen,이 종이를 가위로 잘라 주세요.,Bitte schneiden Sie dieses Papier mit der Schere.,Schultasche,a2_school_supplies_1,3,false,scissors,Noun,Please cut this paper with scissors.,vocab_a1_0358
자,ja,Lineal,A2,Nomen,자로 선을 반듯하게 그어요.,Mit dem Lineal ziehe ich eine gerade Linie.,Schultasche,a2_school_supplies_1,4,false,ruler,Noun,I draw a straight line with a ruler.,vocab_a1_0359
색연필,saengnyeonpil,Buntstift,A2,Nomen,지도를 색연필로 칠했어요.,Ich habe die Karte mit Buntstiften ausgemalt.,Schultasche,a2_school_supplies_1,5,false,colored pencil,Noun,I colored the map with colored pencils.,vocab_a1_0360
연습장,yeonseupjang,Schreibheft,A2,Nomen,한글을 연습장에 여러 번 썼어요.,Ich habe Hangul mehrmals ins Schreibheft geschrieben.,Schultasche,a2_school_supplies_1,6,false,practice notebook,Noun,I wrote Hangul several times in the practice notebook.,vocab_a1_0361
준비물,junbimul,Sachen für den Unterricht,A2,Nomen,내일 수업 준비물을 가방에 넣어요.,Ich packe die Sachen für den Unterricht in die Tasche.,Schultasche,a2_school_supplies_1,7,false,what to bring,Noun,I'm putting what I need for class in my bag.,vocab_a1_0362
제출하다,jechulhada,abgeben,A2,Verb,숙제를 제출하기 전에 이름을 써요.,"Bevor ich die Hausaufgaben abgebe, schreibe ich meinen Namen.",Schultasche,a2_school_supplies_1,8,false,to submit,Verb,"Before I submit the homework, I write my name.",vocab_a1_0363
화이트보드,hwaiteubodeu,Whiteboard,A2,Nomen,선생님이 화이트보드에 단어를 썼어요.,Die Lehrkraft hat das Wort auf das Whiteboard geschrieben.,Schultasche,a2_school_supplies_1,9,false,whiteboard,Noun,The teacher wrote the word on the whiteboard.,vocab_a1_0364
자리표,jaripyo,Platzkarte,A2,Nomen,첫날에는 자리표 이름을 확인해요.,Am ersten Tag prüfe ich den Namen auf der Platzkarte.,Schultasche,a2_school_supplies_1,10,true,seat card,Noun,On the first day I check the name on the seat card.,vocab_a1_0365
필기하다,pilgihada,mitschreiben,A2,Verb,중요한 문장을 빨리 필기하면 손이 아파요.,"Wenn ich wichtige Sätze schnell mitschreibe, tut mir die Hand weh.",Schultasche,a2_school_supplies_1,11,true,to take notes,Verb,"If I take notes on important sentences quickly, my hand hurts.",vocab_a1_0366
준비됐나요,junbidwaennayo,bist du soweit,A2,Ausdruck,수업 시작 전에 준비됐나요?,"Sind Sie bereit, bevor der Unterricht beginnt?",Schultasche,a2_school_supplies_1,12,true,are you ready,Expression,Are you ready before class starts?,vocab_a1_0367
환승,hwanseung,Umsteigen,A2,Nomen,다음 역에서 환승하세요.,Steigen Sie an der nächsten Station um.,U-Bahnkarte,a2_subway_card_1,1,false,transfer,Noun,Transfer at the next station.,vocab_a1_0368
출구,chulgu,Ausgang,A2,Nomen,사 번 출구로 나가면 은행이 있어요.,"Wenn Sie Ausgang vier nehmen, ist dort eine Bank.",U-Bahnkarte,a2_subway_card_1,2,false,exit,Noun,"If you take exit four, there is a bank.",vocab_a1_0369
승강장,seunggangjang,Bahnsteig,A2,Nomen,승강장에서 노란 선 뒤에 서요.,Auf dem Bahnsteig stehe ich hinter der gelben Linie.,U-Bahnkarte,a2_subway_card_1,3,false,platform,Noun,On the platform I stand behind the yellow line.,vocab_a1_0370
막차,makcha,letzter Zug,A2,Nomen,막차 시간을 먼저 확인해요.,Ich prüfe zuerst die Zeit des letzten Zuges.,U-Bahnkarte,a2_subway_card_1,4,false,last train,Noun,I check the last-train time first.,vocab_a1_0371
하차,hacha,Aussteigen,A2,Nomen,시청역에서 하차하면 됩니다.,Sie können am Rathaus aussteigen.,U-Bahnkarte,a2_subway_card_1,5,false,getting off,Noun,You can get off at City Hall station.,vocab_a1_0372
승차,seungcha,Einsteigen,A2,Nomen,문이 열리면 천천히 승차하세요.,"Wenn die Tür aufgeht, steigen Sie bitte langsam ein.",U-Bahnkarte,a2_subway_card_1,6,false,boarding,Noun,"When the door opens, please board slowly.",vocab_a1_0373
정기권,jeonggigwon,Zeitkarte,A2,Nomen,한 달 정기권을 충전했어요.,Ich habe eine Monatskarte aufgeladen.,U-Bahnkarte,a2_subway_card_1,7,false,pass,Noun,I loaded a one-month pass.,vocab_a1_0374
개찰구,gaechalgu,Sperre,A2,Nomen,개찰구에 카드를 찍고 들어가요.,Ich halte die Karte an die Sperre und gehe hinein.,U-Bahnkarte,a2_subway_card_1,8,false,ticket gate,Noun,I tap the card at the ticket gate and go in.,vocab_a1_0375
노선도,noseondo,Linienplan,A2,Nomen,노선도에서 빨간 선을 찾아요.,Auf dem Linienplan suche ich die rote Linie.,U-Bahnkarte,a2_subway_card_1,9,false,line map,Noun,I look for the red line on the map.,vocab_a1_0376
도착 안내,dochak annae,Ansage,A2,Ausdruck,도착 안내가 나오면 일어나요.,"Wenn die Ansage kommt, stehe ich auf.",U-Bahnkarte,a2_subway_card_1,10,true,arrival announcement,Expression,"When the arrival announcement comes, I stand up.",vocab_a1_0377
카드 잔액,kadeu janaek,Kartenguthaben,A2,Ausdruck,카드 잔액이 부족해서 충전이 필요해요.,"Das Kartenguthaben reicht nicht, ich muss aufladen.",U-Bahnkarte,a2_subway_card_1,11,true,card balance,Expression,"The card balance is low, so I need to top up.",vocab_a1_0378
내리는 문,naerineun mun,Ausstiegstür,A2,Ausdruck,내리는 문은 오른쪽이에요.,Die Ausstiegstür ist rechts.,U-Bahnkarte,a2_subway_card_1,12,true,exit door,Expression,The exit door is on the right.,vocab_a1_0379
겉옷,geotot,Jacke / etwas drüber,A2,Nomen,바람이 불어서 겉옷을 입어요.,"Es ist windig, deshalb ziehe ich eine Jacke an.",Wetterschicht,a2_weather_layer_1,1,false,jacket / something over it,Noun,"It is windy, so I put on a jacket.",vocab_a1_0380
미세먼지,misemeonji,Feinstaub,A2,Nomen,오늘 미세먼지가 많아서 마스크를 써요.,"Heute gibt es viel Feinstaub, deshalb trage ich eine Maske.",Wetterschicht,a2_weather_layer_1,2,false,fine dust,Noun,"There is a lot of fine dust today, so I wear a mask.",vocab_a1_0381
일기예보,ilgiyebo,Wetterbericht,A2,Nomen,일기예보를 보고 옷을 골라요.,Ich schaue den Wetterbericht und wähle die Kleidung.,Wetterschicht,a2_weather_layer_1,3,false,weather forecast,Noun,I check the forecast and choose clothes.,vocab_a1_0382
우비,ubi,Regenjacke,A2,Nomen,소나기 예보가 있어서 우비를 챙겼어요.,"Da ein Schauer vorhergesagt war, packte ich eine Regenjacke ein.",Wetterschicht,a2_weather_layer_1,4,false,rain jacket,Noun,"A shower was forecast, so I packed a rain jacket.",vocab_a1_0383
얇은 옷,yalbeun ot,leichte Kleidung,A2,Ausdruck,낮에는 얇은 옷이 편해요.,Tagsüber ist leichte Kleidung angenehm.,Wetterschicht,a2_weather_layer_1,5,false,light clothes,Expression,Light clothes are comfortable during the day.,vocab_a1_0384
두꺼운 옷,dukkeoun ot,dicke Kleidung,A2,Ausdruck,밤에는 두꺼운 옷을 입었어요.,Nachts trug ich dicke Kleidung.,Wetterschicht,a2_weather_layer_1,6,false,thick clothes,Expression,I wore thick clothes at night.,vocab_a1_0385
일교차,ilgyocha,Temperaturunterschied,A2,Nomen,봄에는 일교차가 커서 겉옷이 필요해요.,"Im Frühling ist der Temperaturunterschied groß, deshalb brauche ich eine Jacke.",Wetterschicht,a2_weather_layer_1,7,false,day-to-night temperature swing,Noun,"In spring the day-to-night swing is big, so I need a jacket.",vocab_a1_0386
습하다,seuphada,schwül,A2,Adjektiv,오늘은 공기가 습해서 창문을 열어요.,"Die Luft fühlt sich heute feucht an, deshalb öffne ich das Fenster.",Wetterschicht,a2_weather_layer_1,8,false,humid,Adjective,"The air feels humid today, so I open the window.",vocab_a1_0387
쌀쌀하다,ssalssalhada,kühl,A2,Adjektiv,아침이 쌀쌀해서 목도리를 했어요.,"Weil es am Morgen kühl war, wickelte ich mir einen Schal um.",Wetterschicht,a2_weather_layer_1,9,false,chilly,Adjective,"Because the morning was chilly, I put on a scarf.",vocab_a1_0388
맑음,malgeum,heiter,A2,Nomen,오후 예보가 맑음이에요.,Die Nachmittagsvorhersage ist heiter.,Wetterschicht,a2_weather_layer_1,10,true,clear skies,Noun,The afternoon forecast is clear skies.,vocab_a1_0389
소나기,sonagi,Schauer,A2,Nomen,소나기가 금방 지나갈 것 같아요.,Der Schauer scheint bald vorüberzuziehen.,Wetterschicht,a2_weather_layer_1,11,true,shower,Noun,It looks like the shower will pass soon.,vocab_a1_0390
겹쳐 입다,gyeopchyeo ipda,in Lagen tragen,A2,Ausdruck,일교차가 클 때는 옷을 겹쳐 입어요.,Bei großem Temperaturunterschied trage ich Kleidung in Lagen.,Wetterschicht,a2_weather_layer_1,12,true,to layer clothes,Expression,"When the temperature gap is large, I layer clothes.",vocab_a1_0391
죄송하다,joesonghada,leidtun,A1,Verb,늦게 와서 정말 죄송해요.,"Es tut mir wirklich leid, dass ich zu spät gekommen bin.",Entschuldigung,a1_sorry_thanks_1,1,false,to be sorry,Verb,I'm really sorry that I came late.,vocab_a1_0392
감사하다,gamsahada,dankbar sein,A1,Verb,"안드레아 씨, 정말 감사해요.","Andrea, vielen Dank!",Entschuldigung,a1_sorry_thanks_1,2,false,to be grateful,Verb,"Andrea, thank you so much!",vocab_a1_0393
실례하다,sillyehada,sich kurz entschuldigen,A1,Verb,잠깐 실례할게요.,Entschuldigen Sie mich kurz.,Entschuldigung,a1_sorry_thanks_1,3,false,to excuse oneself,Verb,Excuse me for a moment.,vocab_a1_0394
잘못,jalmot,Fehler,A1,Nomen,"죄송해요, 제 잘못이에요.","Entschuldigung, das war mein Fehler.",Entschuldigung,a1_sorry_thanks_1,4,false,mistake,Noun,"Sorry, that was my mistake.",vocab_a1_0395
부탁하다,butakhada,bitten,A1,Verb,친구에게 부탁하기 전에 먼저 인사해요.,"Bevor ich einen Freund um einen Gefallen bitte, grüße ich zuerst.",Entschuldigung,a1_sorry_thanks_1,5,false,to ask a favor,Verb,"Before I ask a friend a favor, I greet them first.",vocab_a1_0396
문제없어요,munjeeopseoyo,kein Problem,A1,Ausdruck,실수해도 문제없어요.,"Wenn du einen Fehler machst, ist das kein Problem.",Entschuldigung,a1_sorry_thanks_1,6,false,no problem,Expression,"If you make a mistake, no problem.",vocab_a1_0397
제가 더요,jega deoyo,ich habe zu danken,A1,Ausdruck,정말 고마워요! 제가 더요!,Danke schön! Ich habe zu danken.,Entschuldigung,a1_sorry_thanks_1,7,false,I should thank you,Expression,Thank you! I should thank you.,vocab_a1_0398
잠깐만요,jamkkanmanyo,einen Moment,A1,Ausdruck,잠깐만요.,Einen Moment bitte.,Entschuldigung,a1_sorry_thanks_1,8,false,just a moment,Expression,"Just a moment, please.",vocab_a1_0399
다시 말하다,dasi malhada,noch einmal sagen,A1,Ausdruck,잘 못 들었어요. 다시 말해 주세요.,Ich habe es nicht gut verstanden. Sagen Sie es bitte noch einmal.,Entschuldigung,a1_sorry_thanks_1,9,false,to say again,Expression,I didn't catch that. Please say it again.,vocab_a1_0400
천천히 말하다,cheoncheonhi malhada,langsam sprechen,A1,Ausdruck,천천히 말해 주세요.,Bitte sprechen Sie langsam.,Entschuldigung,a1_sorry_thanks_1,10,true,to speak slowly,Expression,Please speak slowly.,vocab_a1_0401
정말 감사해요,jeongmal gamsahaeyo,vielen Dank,A1,Ausdruck,정말 감사해요.,Vielen Dank.,Entschuldigung,a1_sorry_thanks_1,11,true,thank you so much,Expression,Thank you so much.,vocab_a1_0402
정말 죄송해요,jeongmal joesonghaeyo,es tut mir sehr leid,A1,Ausdruck,발을 밟아서 정말 죄송해요.,"Es tut mir sehr leid, dass ich auf Ihren Fuß getreten bin.",Entschuldigung,a1_sorry_thanks_1,12,true,I am very sorry,Expression,I am very sorry I stepped on your foot.,vocab_a1_0403
요금제,yogeumje,Tarif,B1,Nomen,이 요금제가 데이터량이 더 많아요.,Dieser Tarif hat mehr Datenvolumen.,Handytarif,b1_phone_plan_1,1,false,rate plan,Noun,This rate plan has more data.,vocab_a2_0365
데이터량,deiteoryang,Datenvolumen,B1,Nomen,이번 달 데이터량이 벌써 끝났어요.,Das Datenvolumen für diesen Monat ist schon aufgebraucht.,Handytarif,b1_phone_plan_1,2,false,data allowance,Noun,This month's data allowance is already gone.,vocab_a2_0366
무제한,mujehan,unbegrenzt,B1,Ausdruck,주말에는 데이터가 무제한이에요.,Am Wochenende ist das Datenvolumen unbegrenzt.,Handytarif,b1_phone_plan_1,3,false,unlimited,Expression,On weekends the data is unlimited.,vocab_a2_0367
약정,yakjeong,Vertragslaufzeit,B1,Nomen,약정이 올해 십이월에 끝나요.,Die Vertragslaufzeit endet im Dezember dieses Jahres.,Handytarif,b1_phone_plan_1,4,false,contract term,Noun,The contract term ends this December.,vocab_a2_0368
위약금,wiyakgeum,Vertragsstrafe,B1,Nomen,지금 바꾸면 위약금이 나와요.,"Wenn ich jetzt wechsle, fällt eine Vertragsstrafe an.",Handytarif,b1_phone_plan_1,5,false,early-termination fee,Noun,"If I switch now, there is an early-termination fee.",vocab_a2_0369
로밍,roming,Roaming,B1,Nomen,독일 가기 전에 로밍을 신청해요.,Vor der Reise nach Deutschland beantrage ich Roaming.,Handytarif,b1_phone_plan_1,6,false,roaming,Noun,I apply for roaming before going to Germany.,vocab_a2_0370
부가서비스,bugaseobiseu,Zusatzdienst,B1,Nomen,필요 없는 부가서비스를 껐어요.,Ich habe unnötige Zusatzdienste ausgeschaltet.,Handytarif,b1_phone_plan_1,7,false,add-on service,Noun,I turned off add-on services I do not need.,vocab_a2_0371
청구서,cheongguseo,Rechnung,B1,Nomen,이번 달 청구서가 평소보다 높아요.,Die Rechnung diesen Monat ist höher als sonst.,Handytarif,b1_phone_plan_1,8,false,bill,Noun,This month's bill is higher than usual.,vocab_a2_0372
자동이체,jadongiche,Lastschrift,B1,Nomen,요금은 자동이체로 빠져요.,Die Gebühr wird per Lastschrift abgebucht.,Handytarif,b1_phone_plan_1,9,false,auto debit,Noun,The fee is taken by auto debit.,vocab_a2_0373
고객센터,gogaeksenteo,Kundencenter,B1,Nomen,고객센터에 오전에 전화했어요.,Ich habe das Kundencenter am Vormittag angerufen.,Handytarif,b1_phone_plan_1,10,true,customer center,Noun,I called the customer center in the morning.,vocab_a2_0374
개통하다,gaetonghada,freischalten,B1,Verb,새 번호를 개통하기 전에 신분증이 필요해요.,"Bevor ich eine neue Nummer freischalte, brauche ich einen Ausweis.",Handytarif,b1_phone_plan_1,11,true,to activate a line,Verb,"Before I activate a new number, I need ID.",vocab_a2_0375
데이터 충전,deiteo chungjeon,Datenaufladung,B1,Ausdruck,부족하면 데이터 충전을 추가로 사요.,"Wenn es nicht reicht, kaufe ich eine Datenaufladung dazu.",Handytarif,b1_phone_plan_1,12,true,data top-up,Expression,"If it is not enough, I buy a data top-up.",vocab_a2_0376
이체하다,ichehada,überweisen,B1,Verb,오늘 월세를 이체하기 전에 잔고를 확인해요.,"Bevor ich heute die Miete überweise, prüfe ich meinen Kontostand.",Bankschalter,b1_bank_counter_1,1,false,to transfer,Verb,"Before I transfer the rent today, I check my balance.",vocab_a2_0377
인증서,injeungseo,Zertifikat,B1,Nomen,인터넷 뱅킹 인증서가 만료됐어요.,Das Onlinebanking-Zertifikat ist abgelaufen.,Bankschalter,b1_bank_counter_1,2,false,certificate,Noun,The online banking certificate expired.,vocab_a2_0378
보안카드,boankadeu,Sicherheitskarte,B1,Nomen,보안카드 번호를 두 개 입력해요.,Ich gebe zwei Nummern der Sicherheitskarte ein.,Bankschalter,b1_bank_counter_1,3,false,security card,Noun,I enter two numbers from the security card.,vocab_a2_0379
대기번호,daegibeonho,Wartenummer,B1,Nomen,대기번호를 뽑고 앉아서 기다려요.,Ich ziehe eine Wartenummer und warte im Sitzen.,Bankschalter,b1_bank_counter_1,4,false,queue number,Noun,I take a queue number and wait seated.,vocab_a2_0380
한도,hando,Limit,B1,Nomen,하루 이체 한도를 올렸어요.,Ich habe das tägliche Überweisungslimit erhöht.,Bankschalter,b1_bank_counter_1,5,false,limit,Noun,I raised the daily transfer limit.,vocab_a2_0381
창구직원,changgujigwon,Schalterkraft,B1,Nomen,창구직원이 서류를 천천히 설명해요.,Die Schalterkraft erklärt die Unterlagen langsam.,Bankschalter,b1_bank_counter_1,6,false,counter staff,Noun,The counter staff explains the papers slowly.,vocab_a2_0382
통장정리,tongjangjeongni,Kontoauszug,B1,Nomen,창구에서 통장정리를 부탁했어요.,"Am Schalter habe ich darum gebeten, mein Sparbuch zu aktualisieren.",Bankschalter,b1_bank_counter_1,7,false,passbook update,Noun,I asked for my bankbook to be updated at the counter.,vocab_a2_0383
인감,ingam,Namensstempel,B1,Nomen,계좌를 만들 때 인감이 필요해요.,Zum Kontoeröffnen brauche ich den Namensstempel.,Bankschalter,b1_bank_counter_1,8,false,name seal,Noun,I need a name seal to open an account.,vocab_a2_0384
비밀번호 재설정,bimilbeonho jaeseoljeong,Passwort zurücksetzen,B1,Ausdruck,비밀번호 재설정을 위해 신분증을 보여 줬어요.,Zum Passwort zurücksetzen habe ich den Ausweis gezeigt.,Bankschalter,b1_bank_counter_1,9,false,password reset,Expression,I showed my ID for a password reset.,vocab_a2_0385
창구 마감,changgu magam,Schalterschluss,B1,Ausdruck,창구 마감이 네 시라서 서둘렀어요.,"Der Schalterschluss ist um vier, deshalb habe ich mich beeilt.",Bankschalter,b1_bank_counter_1,10,true,counter closing,Expression,"Counter closing is at four, so I hurried.",vocab_a2_0386
입금 확인,ipgeum hwagin,Eingangsbestätigung,B1,Ausdruck,입금 확인 문자가 아직 안 왔어요.,Die Eingangsbestätigung ist noch nicht gekommen.,Bankschalter,b1_bank_counter_1,11,true,deposit confirmation,Expression,The deposit confirmation text has not arrived yet.,vocab_a2_0387
출금 한도,chulgeum hando,Abhebungslimit,B1,Ausdruck,출금 한도를 잠시 낮춰 두었어요.,Ich habe das Abhebungslimit vorübergehend gesenkt.,Bankschalter,b1_bank_counter_1,12,true,withdrawal limit,Expression,I temporarily lowered the withdrawal limit.,vocab_a2_0388
헬스장,helseujang,Fitnessstudio,A2,Nomen,퇴근 후에 헬스장에 가요.,Nach der Arbeit gehe ich ins Fitnessstudio.,Fitnesskurs,a2_gym_class_1,1,false,gym,Noun,After work I go to the gym.,vocab_a2_0389
운동복,undongbok,Sportkleidung,A2,Nomen,운동복을 락커에 넣어 두어요.,Ich lasse die Sportkleidung im Spind.,Fitnesskurs,a2_gym_class_1,2,false,workout clothes,Noun,I leave the workout clothes in the locker.,vocab_a2_0390
러닝머신,reoningmeosin,Laufband,A2,Nomen,러닝머신에서 십 분을 걸어요.,Auf dem Laufband gehe ich zehn Minuten.,Fitnesskurs,a2_gym_class_1,3,false,treadmill,Noun,I walk ten minutes on the treadmill.,vocab_a2_0391
스트레칭,seuteureching,Dehnung,A2,Nomen,시작 전에 스트레칭을 해요.,Vor dem Start mache ich Dehnungen.,Fitnesskurs,a2_gym_class_1,4,false,stretching,Noun,I do stretching before starting.,vocab_a2_0392
횟수,hoetsu,Wiederholungen,A2,Nomen,이 동작의 반복 횟수는 열 번이에요.,Diese Übung wiederhole ich zehnmal.,Fitnesskurs,a2_gym_class_1,5,false,reps,Noun,I repeat this exercise ten times.,vocab_a2_0393
세트,seteu,Satz,A2,Nomen,세트 사이에 물을 마셔요.,Zwischen den Sätzen trinke ich Wasser.,Fitnesskurs,a2_gym_class_1,6,false,set,Noun,I drink water between sets.,vocab_a2_0394
트레이너,teureineo,Trainer,A2,Nomen,트레이너가 자세를 고쳐 줘요.,Der Trainer korrigiert meine Haltung.,Fitnesskurs,a2_gym_class_1,7,false,trainer,Noun,The trainer corrects my posture.,vocab_a2_0395
락커,rakkeo,Spind,A2,Nomen,락커 열쇠를 프론트에 맡겼어요.,Ich habe den Spindschlüssel an der Rezeption abgegeben.,Fitnesskurs,a2_gym_class_1,8,false,locker,Noun,I left the locker key at the front desk.,vocab_a2_0396
회원권,hoewongwon,Mitgliedschaft,A2,Nomen,세 달 회원권을 끊었어요.,Ich habe eine dreimonatige Mitgliedschaft gekauft.,Fitnesskurs,a2_gym_class_1,9,false,membership,Noun,I bought a three-month membership.,vocab_a2_0397
준비운동,junbiundong,Aufwärmen,A2,Nomen,운동 전에 준비운동을 해요.,Ich wärme mich vor dem Training auf.,Fitnesskurs,a2_gym_class_1,10,true,warm-up,Noun,I warm up before working out.,vocab_a2_0398
근력,geunnyeok,Kraft,A2,Nomen,근력 운동은 일주일에 두 번만 해요.,Krafttraining mache ich nur zweimal pro Woche.,Fitnesskurs,a2_gym_class_1,11,true,strength,Noun,I do strength training only twice a week.,vocab_a2_0399
유산소,yusanso,Ausdauer,A2,Nomen,유산소 후에 숨이 고르게 돌아와요.,Nach dem Ausdauertraining wird die Atmung wieder ruhig.,Fitnesskurs,a2_gym_class_1,12,true,cardio,Noun,After cardio my breathing steadies again.,vocab_a2_0400
미용실,miyongsil,Friseursalon,A2,Nomen,토요일 오전에 미용실에 예약했어요.,Am Samstagvormittag habe ich im Friseursalon reserviert.,Friseursalon,a2_salon_visit_1,1,false,hair salon,Noun,I booked the hair salon for Saturday morning.,vocab_a2_0401
커트,keoteu,Schnitt,A2,Nomen,이번에는 커트만 조금 해 주세요.,Bitte schneiden Sie diesmal nur ein wenig ab.,Friseursalon,a2_salon_visit_1,2,false,haircut,Noun,Please cut just a little off this time.,vocab_a2_0402
염색,yeomsaek,Färbung,A2,Nomen,염색은 너무 어둡지 않게 해 주세요.,Bitte machen Sie die Färbung nicht zu dunkel.,Friseursalon,a2_salon_visit_1,3,false,dye,Noun,Please do not make the dye too dark.,vocab_a2_0403
펌,peom,Dauerwelle,A2,Nomen,이번 여름에는 펌을 안 하려고요.,Diesen Sommer lasse ich mir keine Dauerwelle machen.,Friseursalon,a2_salon_visit_1,4,false,perm,Noun,This summer I will not get a perm.,vocab_a2_0404
앞머리,ammeori,Pony,A2,Nomen,앞머리가 눈을 가리지 않게 잘라 주세요.,"Bitte schneiden Sie den Pony so, dass er mir nicht in die Augen fällt.",Friseursalon,a2_salon_visit_1,5,false,bangs,Noun,Please cut the bangs so they do not fall into my eyes.,vocab_a2_0405
드라이,deurai,Föhnen,A2,Nomen,커트 후에 드라이만 해 주세요.,Nach dem Schnitt bitte nur föhnen.,Friseursalon,a2_salon_visit_1,6,false,blow-dry,Noun,"After the cut, please just blow-dry.",vocab_a2_0406
스타일리스트,seutailliseuteu,Stylist,A2,Nomen,스타일리스트가 거울로 뒷모습을 보여 줘요.,Der Stylist zeigt mir den Hinterkopf im Spiegel.,Friseursalon,a2_salon_visit_1,7,false,stylist,Noun,The stylist shows me the back of my head in the mirror.,vocab_a2_0407
예약금,yeyakgeum,Anzahlung,A2,Nomen,주말 예약이라 예약금을 냈어요.,"Da ich fürs Wochenende reserviert habe, habe ich eine Anzahlung gezahlt.",Friseursalon,a2_salon_visit_1,8,false,booking deposit,Noun,"Because I booked for the weekend, I paid a deposit.",vocab_a2_0408
샴푸,syampu,Shampoo,A2,Nomen,향이 약한 샴푸로 감겨 주세요.,Bitte waschen Sie mir die Haare mit einem Shampoo mit mildem Duft.,Friseursalon,a2_salon_visit_1,9,false,shampoo,Noun,Please wash my hair with a lightly scented shampoo.,vocab_a2_0409
트리트먼트,teuriteumeonteu,Kur,A2,Nomen,머리 끝이 갈라져서 트리트먼트를 추가했어요.,"Meine Haarspitzen waren splissig, deshalb habe ich eine Kur dazugebucht.",Friseursalon,a2_salon_visit_1,10,true,treatment,Noun,"My hair ends were split, so I added a treatment.",vocab_a2_0410
옆머리,yeommeori,Seitenhaar,A2,Nomen,옆머리가 귀를 덮지 않게 해 주세요.,"Bitte schneiden Sie das Seitenhaar so, dass es die Ohren nicht bedeckt.",Friseursalon,a2_salon_visit_1,11,true,side hair,Noun,Please keep the side hair from covering my ears.,vocab_a2_0411
손질,sonjil,Pflege,A2,Nomen,출근 전에 간단한 손질만 해요.,Vor der Arbeit mache ich nur eine kurze Pflege.,Friseursalon,a2_salon_visit_1,12,true,grooming,Noun,Before work I only do quick grooming.,vocab_a2_0412
관리사무소,gwallisamuso,Hausverwaltung,B1,Nomen,관리사무소에 주차 스티커를 받으러 가요.,Ich hole den Parkaufkleber in der Hausverwaltung.,Hausordnung,b1_apt_rules_1,1,false,management office,Noun,I go to the management office for a parking sticker.,vocab_a2_0413
입주민,ipjumin,Bewohner,B1,Nomen,입주민만 지하 주차장을 쓸 수 있어요.,Nur Bewohner dürfen die Tiefgarage nutzen.,Hausordnung,b1_apt_rules_1,2,false,resident,Noun,Only residents can use the underground parking.,vocab_a2_0414
주차스티커,juchaseutikeo,Parkaufkleber,B1,Nomen,주차스티커를 앞 유리에 붙여요.,Ich klebe den Parkaufkleber an die Windschutzscheibe.,Hausordnung,b1_apt_rules_1,3,false,parking sticker,Noun,I put the parking sticker on the windshield.,vocab_a2_0415
음식물 봉투,eumsingmul bongtu,Biotüte,B1,Ausdruck,음식물 봉투는 지정된 통에만 넣어요.,Die Biotüte kommt nur in die vorgesehene Tonne.,Hausordnung,b1_apt_rules_1,4,false,food-waste bag,Expression,Food-waste bags go only in the designated bin.,vocab_a2_0416
야간소음,yagansoeum,Nachtlärm,B1,Nomen,열 시 이후에는 야간소음을 피해요.,Nach zehn Uhr vermeide ich Nachtlärm.,Hausordnung,b1_apt_rules_1,5,false,night noise,Noun,After ten I avoid night noise.,vocab_a2_0417
현관문,hyeongwanmun,Wohnungstür,B1,Nomen,현관문이 세게 닫히지 않게 잡아요.,"Ich halte die Wohnungstür, damit sie nicht laut zufällt.",Hausordnung,b1_apt_rules_1,6,false,front door,Noun,I hold the front door so it does not slam.,vocab_a2_0418
방문증,bangmunjeung,Besucherausweis,B1,Nomen,손님은 방문증을 받아 입장해요.,Gäste gehen mit einem Besucherausweis hinein.,Hausordnung,b1_apt_rules_1,7,false,visitor pass,Noun,Guests enter with a visitor pass.,vocab_a2_0419
재활용실,jaehwaryongsil,Wertstoffraum,B1,Nomen,박스는 재활용실에서 접어서 넣어요.,Kartons falte ich im Wertstoffraum zusammen.,Hausordnung,b1_apt_rules_1,8,false,recycling room,Noun,I fold boxes in the recycling room.,vocab_a2_0420
대형폐기,daehyeongpyegi,Sperrmüll,B1,Nomen,소파는 대형폐기로 신청해야 해요.,Das Sofa muss als Sperrmüll angemeldet werden.,Hausordnung,b1_apt_rules_1,9,false,bulk waste,Noun,The sofa must be booked as bulk waste.,vocab_a2_0421
순찰,sunchal,Rundgang,B1,Nomen,밤에 경비 순찰이 두 번 돌아요.,Nachts macht der Wachdienst zwei Rundgänge.,Hausordnung,b1_apt_rules_1,10,true,patrol,Noun,At night security does two patrols.,vocab_a2_0422
위반,wiban,Verstoß,B1,Nomen,흡연 위반이 반복되면 경고가 와요.,Bei wiederholtem Verstoß gegen das Rauchverbot kommt eine Warnung.,Hausordnung,b1_apt_rules_1,11,true,violation,Noun,Repeated smoking violations bring a warning.,vocab_a2_0423
입주자 회의,ipjuja hoeui,Bewohnerversammlung,B1,Ausdruck,입주자 회의에서 엘리베이터 수리를 정했어요.,In der Bewohnerversammlung wurde die Aufzugreparatur beschlossen.,Hausordnung,b1_apt_rules_1,12,true,residents' meeting,Expression,The residents' meeting decided on the elevator repair.,vocab_a2_0424
시급,sigeup,Stundenlohn,B1,Nomen,이번 달부터 시급이 올랐어요.,Ab diesem Monat ist der Stundenlohn gestiegen.,Nebenjob,b1_part_time_1,1,false,hourly wage,Noun,The hourly wage went up this month.,vocab_a2_0425
근무표,geunmupyo,Dienstplan,B1,Nomen,다음 주 근무표가 오늘 올라와요.,Der Dienstplan für nächste Woche kommt heute.,Nebenjob,b1_part_time_1,2,false,shift schedule,Noun,Next week's shift schedule is posted today.,vocab_a2_0426
야간수당,yagansudang,Nachtzuschlag,B1,Nomen,열 시 이후에는 야간수당이 붙어요.,Nach zehn Uhr gibt es einen Nachtzuschlag.,Nebenjob,b1_part_time_1,3,false,night bonus,Noun,After ten there is a night bonus.,vocab_a2_0427
휴게시간,hyugesigan,Pause,B1,Nomen,네 시간마다 휴게시간이 십오 분이에요.,Alle vier Stunden gibt es fünfzehn Minuten Pause.,Nebenjob,b1_part_time_1,4,false,break time,Noun,Every four hours there is a fifteen-minute break.,vocab_a2_0428
인수인계,insuingye,Übergabe,B1,Nomen,마감 전에 인수인계를 짧게 해요.,Vor Feierabend machen wir eine kurze Übergabe.,Nebenjob,b1_part_time_1,5,false,handover,Noun,Before closing we do a short handover.,vocab_a2_0429
알바생,albasaeng,Aushilfe,B1,Nomen,새 알바생에게 커피 기계를 보여 줬어요.,Ich habe der neuen Aushilfe die Kaffeemaschine gezeigt.,Nebenjob,b1_part_time_1,6,false,part-timer,Noun,I showed the new part-timer the coffee machine.,vocab_a2_0430
주휴수당,juhyusudang,Wochenruhegeld,B1,Nomen,일주일에 십오 시간을 일하면 주휴수당이 나와요.,Bei fünfzehn Stunden pro Woche gibt es Wochenruhegeld.,Nebenjob,b1_part_time_1,7,false,weekly rest pay,Noun,"If you work fifteen hours a week, you get weekly rest pay.",vocab_a2_0431
근로계약,geunnogyeyak,Arbeitsvertrag,B1,Nomen,첫날에 근로계약을 읽고 서명해요.,Am ersten Tag lese ich den Arbeitsvertrag und unterschreibe.,Nebenjob,b1_part_time_1,8,false,work contract,Noun,On the first day I read and sign the work contract.,vocab_a2_0432
교대,gyodae,Schichtwechsel,B1,Nomen,여섯 시에 교대가 있어서 조금 일찍 와요.,"Um sechs ist Schichtwechsel, deshalb komme ich etwas früher.",Nebenjob,b1_part_time_1,9,false,shift change,Noun,"Shift change is at six, so I come a bit early.",vocab_a2_0433
점장,jeomjang,Filialleitung,B1,Nomen,점장에게 휴가를 미리 말했어요.,Ich habe der Filialleitung den Urlaub vorher gesagt.,Nebenjob,b1_part_time_1,10,true,store manager,Noun,I told the store manager about the leave in advance.,vocab_a2_0434
마감하다,magamhada,abschließen,B1,Verb,가게를 마감하기 전에 바닥을 닦아요.,"Bevor ich den Laden schließe, wische ich den Boden.",Nebenjob,b1_part_time_1,11,true,to close up,Verb,"Before I close up the shop, I mop the floor.",vocab_a2_0435
시급 명세서,sigeup myeongseseo,Lohnzettel,B1,Ausdruck,시급 명세서를 문자로 받았어요.,Ich habe den Lohnzettel per Nachricht bekommen.,Nebenjob,b1_part_time_1,12,true,wage slip,Expression,I received the wage slip by text.,vocab_a2_0436
분실물,bunsilmul,Fundsache,B1,Nomen,지하철 분실물을 역 사무실에 문의했어요.,Ich habe im Bahnhofsbüro nach der Fundsache gefragt.,Fundsachen,b1_lost_found_1,1,false,lost item,Noun,I asked the station office about the lost item.,vocab_a2_0437
습득하다,seupdeukhada,finden,B1,Verb,습득한 우산을 바로 안내데스크에 맡겼어요.,Den gefundenen Schirm habe ich sofort am Infoschalter abgegeben.,Fundsachen,b1_lost_found_1,2,false,to find and keep,Verb,I took the umbrella I found straight to the information desk.,vocab_a2_0438
보관함,bogwanham,Aufbewahrung,B1,Nomen,지갑은 보관함에 삼 일 동안 있어요.,Die Geldbörse bleibt drei Tage in der Aufbewahrung.,Fundsachen,b1_lost_found_1,3,false,holding desk,Noun,The wallet stays at the holding desk for three days.,vocab_a2_0439
신분증,sinbunjeung,Ausweis,B1,Nomen,찾을 때 신분증을 보여 주세요.,Bitte zeigen Sie beim Abholen den Ausweis.,Fundsachen,b1_lost_found_1,4,false,ID card,Noun,Please show your ID when you pick it up.,vocab_a2_0440
찾아가다,chajagada,abholen,B1,Verb,우산을 찾아가기 전에 전화로 확인해요.,"Bevor ich den Schirm abhole, frage ich telefonisch nach.",Fundsachen,b1_lost_found_1,5,false,to pick up,Verb,"Before I pick up the umbrella, I check by phone.",vocab_a2_0441
신고하다,singohada,melden,B1,Verb,가방을 잃어버려서 바로 신고했어요.,Ich habe meine Tasche verloren und den Verlust sofort gemeldet.,Fundsachen,b1_lost_found_1,6,false,to report,Verb,I lost my bag and reported it right away.,vocab_a2_0442
안내데스크,annaedeseukeu,Infoschalter,B1,Nomen,안내데스크에서 분실물 번호를 받았어요.,Am Infoschalter habe ich eine Fundsachennummer bekommen.,Fundsachen,b1_lost_found_1,7,false,information desk,Noun,I got a lost-item number at the information desk.,vocab_a2_0443
소지품,sojipum,Habseligkeiten,B1,Nomen,소지품에 이름을 적어 두면 찾기 쉬워요.,"Wenn der Name auf den Habseligkeiten steht, findet man sie leichter.",Fundsachen,b1_lost_found_1,8,false,belongings,Noun,"If you write your name on belongings, they are easier to find.",vocab_a2_0444
라벨,rabel,Etikett,B1,Nomen,가방 안쪽 라벨에 전화번호를 썼어요.,Auf dem Etikett innen in der Tasche steht meine Nummer.,Fundsachen,b1_lost_found_1,9,false,label,Noun,I wrote my number on the label inside the bag.,vocab_a2_0445
수령인,suryeongin,Abholer,B1,Nomen,수령인 이름을 정확히 말해 주세요.,Bitte nennen Sie den Namen des Abholers genau.,Fundsachen,b1_lost_found_1,10,true,recipient,Noun,Please say the recipient name exactly.,vocab_a2_0446
보관기간,bogwangigan,Aufbewahrungsfrist,B1,Nomen,보관기간이 지나면 물건을 옮긴대요.,Nach der Aufbewahrungsfrist wird der Gegenstand weitergegeben.,Fundsachen,b1_lost_found_1,11,true,holding period,Noun,After the holding period they move the item.,vocab_a2_0447
확인서,hwaginseo,Bestätigung,B1,Nomen,찾을 때 확인서를 받아서 서명해요.,Beim Abholen unterschreibe ich die Bestätigung.,Fundsachen,b1_lost_found_1,12,true,confirmation slip,Noun,When I pick it up I sign the confirmation slip.,vocab_a2_0448
축제,chukje,Fest,B1,Nomen,동네 축제가 이번 주말에 열려요.,Das Viertelfest findet dieses Wochenende statt.,Feststand,b1_festival_booth_1,1,false,festival,Noun,The neighborhood festival is this weekend.,vocab_a2_0449
부스,buseu,Stand,B1,Nomen,전통차 부스가 입구 옆에 있어요.,Der Stand mit traditionellem Tee steht neben dem Eingang.,Feststand,b1_festival_booth_1,2,false,booth,Noun,The traditional-tea booth is next to the entrance.,vocab_a2_0450
체험하다,cheheomhada,ausprobieren,B1,Verb,한지 만들기를 체험하기 전에 줄을 서요.,"Bevor ich das Herstellen von Hanji-Papier ausprobiere, stelle ich mich an.",Feststand,b1_festival_booth_1,3,false,to try out,Verb,I line up before trying my hand at making hanji paper.,vocab_a2_0451
줄서다,julseoda,anstehen,B1,Verb,인기 부스는 오전에 줄서다 시작해요.,Am beliebten Stand beginnt man schon am Vormittag anstehen.,Feststand,b1_festival_booth_1,4,false,to queue,Verb,At the popular booth people start to queue in the morning.,vocab_a2_0452
안내원,annaewon,Betreuer,B1,Nomen,안내원이 스탬프 위치를 알려 줘요.,"Der Betreuer zeigt, wo der Stempel ist.",Feststand,b1_festival_booth_1,5,false,guide,Noun,The guide shows where the stamp is.,vocab_a2_0453
무료시식,muryosisik,Kostprobe,B1,Nomen,무료시식은 한 사람당 한 개예요.,Die Kostprobe gibt es eine pro Person.,Feststand,b1_festival_booth_1,6,false,free tasting,Noun,The free tasting is one per person.,vocab_a2_0454
홍보물,hongbomul,Flyer,B1,Nomen,홍보물을 가방에 넣지 말고 다시 봐요.,"Schauen Sie den Flyer noch einmal an, statt ihn nur einzupacken.",Feststand,b1_festival_booth_1,7,false,flyer,Noun,Look at the flyer again instead of just putting it in the bag.,vocab_a2_0455
스탬프,seutaempeu,Stempel,B1,Nomen,다섯 개 스탬프를 모으면 차를 받아요.,Mit fünf Stempeln bekommt man einen Tee.,Feststand,b1_festival_booth_1,8,false,stamp,Noun,"If you collect five stamps, you get tea.",vocab_a2_0456
운영시간,unyeongsigan,Öffnungszeit,B1,Nomen,부스 운영시간은 여섯 시까지예요.,Die Öffnungszeit des Stands geht bis sechs.,Feststand,b1_festival_booth_1,9,false,opening hours,Noun,The booth's opening hours go until six.,vocab_a2_0457
현장접수,hyeonjangjeopsu,Vor-Ort-Anmeldung,B1,Nomen,현장접수는 열 명까지만 받아요.,Die Vor-Ort-Anmeldung nimmt nur zehn Personen auf.,Feststand,b1_festival_booth_1,10,true,on-site signup,Noun,On-site signup takes only ten people.,vocab_a2_0458
자원봉사자,jawonbongsaja,Ehrenamtliche,B1,Nomen,자원봉사자가 줄을 나눠 안내해요.,Ehrenamtliche teilen die Schlange und weisen den Weg.,Feststand,b1_festival_booth_1,11,true,volunteer,Noun,Volunteers split the line and give directions.,vocab_a2_0459
체험권,cheheomgwon,Mitmachkarte,B1,Nomen,체험권을 보여 주면 재료를 받아요.,"Wenn Sie die Mitmachkarte zeigen, bekommen Sie das Material.",Feststand,b1_festival_booth_1,12,true,activity ticket,Noun,"If you show the activity ticket, you get the materials.",vocab_a2_0460
참조,chamjo,in Kopie,B1,Nomen,팀장만 참조에 넣고 보내요.,Ich setze nur die Teamleitung in Kopie.,Dienstmail,b1_workplace_mail_1,1,false,cc,Noun,I only put the team lead in cc.,vocab_b1_0368
숨은참조,sumeunchamjo,Blindkopie,B1,Nomen,외부 주소는 숨은참조로 넣어요.,Externe Adressen setze ich in Blindkopie.,Dienstmail,b1_workplace_mail_1,2,false,bcc,Noun,I put external addresses in bcc.,vocab_b1_0369
회신 기한,hoesin gihan,Antwortfrist,B1,Ausdruck,회신 기한을 금요일 낮으로 적었어요.,Ich habe die Antwortfrist auf Freitagmittag gesetzt.,Dienstmail,b1_workplace_mail_1,3,false,reply deadline,Expression,I wrote the reply deadline as Friday noon.,vocab_b1_0370
첨부 누락,cheombu nurak,fehlender Anhang,B1,Ausdruck,첨부 누락이 있어서 바로 다시 보냈어요.,Wegen eines fehlenden Anhangs habe ich die Mail sofort noch einmal geschickt.,Dienstmail,b1_workplace_mail_1,4,false,missing attachment,Expression,"There was a missing attachment, so I sent it again right away.",vocab_b1_0371
전달하다,jeondalhada,weiterleiten,B1,Verb,이 메일을 전달하기 전에 개인 정보를 지워요.,"Bevor ich diese E-Mail weiterleite, entferne ich persönliche Daten.",Dienstmail,b1_workplace_mail_1,5,false,to forward,Verb,"Before forwarding this email, I remove personal information.",vocab_b1_0372
정정 메일,jeongjeong meil,Korrekturmail,B1,Ausdruck,숫자 오류를 정정 메일로 알렸어요.,Den Zahlenfehler habe ich per Korrekturmail mitgeteilt.,Dienstmail,b1_workplace_mail_1,6,false,correction email,Expression,I reported the number error in a correction email.,vocab_b1_0373
읽음 확인,ilgeum hwagin,Lesebestätigung,B1,Ausdruck,급한 요청에만 읽음 확인을 켜요.,Lesebestätigung schalte ich nur bei dringenden Bitten ein.,Dienstmail,b1_workplace_mail_1,7,false,read receipt,Expression,I turn on read receipt only for urgent requests.,vocab_b1_0374
제목을 고치다,jemogeul gochida,den Betreff ändern,B1,Ausdruck,전달할 때 제목을 고치다 보니 내용이 분명해졌어요.,"Als ich beim Weiterleiten den Betreff geändert habe, wurde der Inhalt klarer.",Dienstmail,b1_workplace_mail_1,8,false,to fix the subject,Expression,"When I fixed the subject while forwarding, the content became clearer.",vocab_b1_0375
후속 메일,husok meil,Folgmail,B1,Ausdruck,답장이 없어서 후속 메일을 짧게 보냈어요.,"Weil keine Antwort kam, habe ich eine kurze Folgmail geschickt.",Dienstmail,b1_workplace_mail_1,9,false,follow-up mail,Expression,"No reply came, so I sent a short follow-up mail.",vocab_b1_0376
내부망,naebumang,Intranet,B1,Nomen,양식은 내부망에서만 내려받아요.,Das Formular lade ich nur aus dem Intranet herunter.,Dienstmail,b1_workplace_mail_1,10,true,intranet,Noun,I download the form only from the intranet.,vocab_b1_0377
공손한 맺음,gongsonhan maejeum,höflicher Schluss,B1,Ausdruck,공손한 맺음으로 시간을 배려한다고 썼어요.,"Im höflichen Schluss habe ich geschrieben, dass ich die Zeit respektiere.",Dienstmail,b1_workplace_mail_1,11,true,polite closing,Expression,In the polite closing I wrote that I respect their time.,vocab_b1_0378
수신 확인,susin hwagin,Empfangsbestätigung,B1,Ausdruck,수신 확인이 떠서 다시 보내지 않았어요.,"Die Empfangsbestätigung erschien, deshalb habe ich nicht noch einmal gesendet.",Dienstmail,b1_workplace_mail_1,12,true,delivery receipt,Expression,"The delivery receipt appeared, so I did not send it again.",vocab_b1_0379
공용 선반,gongyong seonban,gemeinsames Regal,B1,Ausdruck,공용 선반에는 이름 스티커를 붙여요.,Auf das gemeinsame Regal klebe ich Namensaufkleber.,WG-Gespräch,b1_roommate_talk_1,1,false,shared shelf,Expression,I put name stickers on the shared shelf.,vocab_b1_0380
청소 당번,cheongso dangbeon,Putzdienst,B1,Ausdruck,이번 주 청소 당번은 제가 맡아요.,Den Putzdienst diese Woche übernehme ich.,WG-Gespräch,b1_roommate_talk_1,2,false,cleaning turn,Expression,I take the cleaning turn this week.,vocab_b1_0381
공과금 정산,gonggwageum jeongsan,Nebenkostenabrechnung,B1,Ausdruck,공과금 정산을 일요일에 같이 해요.,Die Nebenkostenabrechnung machen wir sonntags gemeinsam.,WG-Gespräch,b1_roommate_talk_1,3,false,utility split,Expression,We do the utility split together on Sunday.,vocab_b1_0382
조용한 시간,joyonghan sigan,Ruhezeit,B1,Ausdruck,시험 주에는 조용한 시간을 아홉 시부터 지켜요.,In der Prüfungswoche halten wir die Ruhezeit ab neun Uhr ein.,WG-Gespräch,b1_roommate_talk_1,4,false,quiet hours,Expression,In exam week we keep quiet hours from nine.,vocab_b1_0383
손님 사전 알림,sonnim sajeon allim,Gästeankündigung,B1,Ausdruck,밤늦게 오면 손님 사전 알림을 보내요.,"Wenn Gäste spät kommen, schicke ich eine Gästeankündigung.",WG-Gespräch,b1_roommate_talk_1,5,false,guest notice,Expression,"If guests come late, I send a guest notice.",vocab_b1_0384
냉장고 칸,naengjanggo kan,Kühlfach,B1,Ausdruck,제 냉장고 칸에 약만 넣어 두어요.,In mein Kühlfach lege ich nur Medizin.,WG-Gespräch,b1_roommate_talk_1,6,false,fridge shelf,Expression,I only put medicine on my fridge shelf.,vocab_b1_0385
빨래 순서,ppallae sunseo,Waschreihenfolge,B1,Ausdruck,빨래 순서를 표로 붙여 두었어요.,Die Waschreihenfolge habe ich als Tabelle aufgehängt.,WG-Gespräch,b1_roommate_talk_1,7,false,laundry turn,Expression,I posted the laundry turn as a chart.,vocab_b1_0386
공용 세제,gongyong seje,Gemeinschaftsreiniger,B1,Ausdruck,공용 세제가 떨어지면 같이 사요.,"Wenn der Gemeinschaftsreiniger leer ist, kaufen wir ihn zusammen.",WG-Gespräch,b1_roommate_talk_1,8,false,shared detergent,Expression,"When the shared detergent runs out, we buy it together.",vocab_b1_0387
문 닫힘,mun dathim,Türschließen,B1,Nomen,밤에는 문 닫힘을 더 조용히 해요.,Nachts mache ich das Türschließen leiser.,WG-Gespräch,b1_roommate_talk_1,9,false,door closing,Noun,At night I close the door more quietly.,vocab_b1_0388
생활 리듬,saenghwal rideum,Alltagsrhythmus,B1,Ausdruck,생활 리듬이 달라서 아침 소음을 줄였어요.,"Weil der Alltagsrhythmus anders ist, habe ich den Morgenlärm reduziert.",WG-Gespräch,b1_roommate_talk_1,10,true,daily rhythm,Expression,"Our daily rhythms differ, so I reduced morning noise.",vocab_b1_0389
공동 구매,gongdong gumae,Sammelkauf,B1,Ausdruck,휴지는 공동 구매로 더 싸게 샀어요.,Toilettenpapier haben wir im Sammelkauf günstiger gekauft.,WG-Gespräch,b1_roommate_talk_1,11,true,group purchase,Expression,We bought toilet paper cheaper as a group purchase.,vocab_b1_0390
서운한 점,seounhan jeom,Kränkung,B1,Ausdruck,서운한 점은 바로 말하지 않고 저녁에 이야기해요.,"Eine Kränkung spreche ich nicht sofort an, sondern abends.",WG-Gespräch,b1_roommate_talk_1,12,true,sore point,Expression,"I do not raise a sore point immediately, but in the evening.",vocab_b1_0391
사고 접수,sago jeopsu,Schadensmeldung,B1,Ausdruck,사고 접수를 당일 오후에 했어요.,Die Schadensmeldung habe ich noch am Nachmittag gemacht.,Versicherungsfall,b1_insurance_claim_1,1,false,claim filing,Expression,I filed the claim the same afternoon.,vocab_b1_0392
보장 범위,bojang beomwi,Leistungsrahmen,B1,Ausdruck,보장 범위를 약관 삼 쪽에서 확인해요.,Den Leistungsrahmen prüfe ich auf Seite drei der Bedingungen.,Versicherungsfall,b1_insurance_claim_1,2,false,coverage scope,Expression,I check the coverage scope on page three of the terms.,vocab_b1_0393
내가 내는 금액,naega naeneun geumaek,eigener Kostenanteil,B1,Ausdruck,내가 내는 금액은 오만 원이에요.,Mein eigener Kostenanteil beträgt 50.000 Won.,Versicherungsfall,b1_insurance_claim_1,3,false,amount I pay myself,Expression,"The amount I pay myself is 50,000 won.",vocab_b1_0394
진단서,jindanseo,Attest,B1,Nomen,병원 진단서를 스캔해서 올렸어요.,Ich habe das Attest gescannt und hochgeladen.,Versicherungsfall,b1_insurance_claim_1,4,false,medical note,Noun,I scanned the medical note and uploaded it.,vocab_b1_0395
보험금,boheomgeum,Versicherungssumme,B1,Nomen,보험금이 언제 입금되는지 물었어요.,"Ich habe gefragt, wann die Versicherungssumme eingeht.",Versicherungsfall,b1_insurance_claim_1,5,false,payout,Noun,I asked when the payout will be deposited.,vocab_b1_0396
보험이 안 되는 경우,boheomi an doeneun gyeongu,"Fall, den die Versicherung nicht abdeckt",B1,Ausdruck,기존 질환은 보험이 안 되는 경우가 있다고 안내받았어요.,"Mir wurde erklärt, dass bestehende Erkrankungen in manchen Fällen nicht von der Versicherung abgedeckt sind.",Versicherungsfall,b1_insurance_claim_1,6,false,case not covered by insurance,Expression,I was told that existing conditions may not be covered by insurance.,vocab_b1_0397
청구 서류,cheonggu seoryu,Antragsunterlagen,B1,Ausdruck,청구 서류가 하나 빠져서 보완했어요.,"Eine der Antragsunterlagen fehlte, deshalb habe ich nachgereicht.",Versicherungsfall,b1_insurance_claim_1,7,false,claim documents,Expression,"One claim document was missing, so I supplemented it.",vocab_b1_0398
보험 회사 직원,boheom hoesa jigwon,Mitarbeiter/in der Versicherung,B1,Nomen,보험 회사 직원에게 진행 상황을 물어봤어요.,Ich habe eine Mitarbeiterin der Versicherung nach dem Stand gefragt.,Versicherungsfall,b1_insurance_claim_1,8,false,insurance company employee,Noun,I asked an insurance company employee about the status.,vocab_b1_0399
보상 심사,bosang simsa,Leistungsprüfung,B1,Ausdruck,보상 심사가 이번 주까지라고 들었어요.,Die Leistungsprüfung soll bis Ende der Woche fertig sein.,Versicherungsfall,b1_insurance_claim_1,9,false,payout review,Expression,I heard the payout review is due this week.,vocab_b1_0400
사고 경위,sago gyeongwi,Hergang,B1,Ausdruck,사고 경위를 시간 순으로 적었어요.,Den Hergang habe ich in zeitlicher Reihenfolge geschrieben.,Versicherungsfall,b1_insurance_claim_1,10,true,incident account,Expression,I wrote the incident account in time order.,vocab_b1_0401
보험에 더 넣은 내용,boheome deo neoeun naeyong,zusätzlich aufgenommener Versicherungsinhalt,B1,Ausdruck,치과 치료가 보험에 더 넣은 내용인지 확인했어요.,"Ich habe geprüft, ob die Zahnbehandlung zu den zusätzlich aufgenommenen Leistungen gehört.",Versicherungsfall,b1_insurance_claim_1,11,true,extra item added to the insurance,Expression,I checked whether dental treatment was among the extra items added to the policy.,vocab_b1_0402
돈을 늦게 받다,don-eul neutge batda,das Geld später bekommen,B1,Verb,사진이 흐리면 돈을 늦게 받을 수 있어요.,"Wenn das Foto unscharf ist, kann es länger dauern, bis ich das Geld bekomme.",Versicherungsfall,b1_insurance_claim_1,12,true,to receive the money later,Verb,"If the photo is blurry, I may receive the money later.",vocab_b1_0403
민원실,minwonsil,Bürgerbüro,B2,Nomen,민원실에서 번호표를 뽑고 기다려요.,Im Bürgerbüro ziehe ich eine Nummer und warte.,Amtgang,b2_public_office_1,1,false,civil affairs desk,Noun,I take a number at the civil affairs desk and wait.,vocab_b1_0404
구비 서류,gubi seoryu,erforderliche Unterlagen,B2,Ausdruck,구비 서류 목록을 홈페이지에서 인쇄했어요.,Die Liste der erforderlichen Unterlagen habe ich von der Website gedruckt.,Amtgang,b2_public_office_1,2,false,required papers,Expression,I printed the required-papers list from the website.,vocab_b1_0405
접수증,jeopsujeung,Eingangsbeleg,B2,Nomen,접수증 번호를 사진으로 남겨 두어요.,Die Nummer auf dem Eingangsbeleg fotografiere ich.,Amtgang,b2_public_office_1,3,false,intake slip,Noun,I photograph the number on the intake slip.,vocab_b1_0406
처리 기한,cheori gihan,Bearbeitungsfrist,B2,Ausdruck,처리 기한이 이 주라고 안내받았어요.,Mir wurde eine Bearbeitungsfrist von zwei Wochen genannt.,Amtgang,b2_public_office_1,4,false,processing time,Expression,I was told the processing time is two weeks.,vocab_b1_0407
담당 창구,damdang changgu,zuständiger Schalter,B2,Ausdruck,전입 신고는 담당 창구가 따로 있어요.,Für die Ummeldung gibt es einen zuständigen Schalter.,Amtgang,b2_public_office_1,5,false,responsible counter,Expression,Change-of-address has its own responsible counter.,vocab_b1_0408
보완 요청,bowan yocheong,Nachforderung,B2,Ausdruck,보완 요청 문자가 와서 사본을 추가했어요.,Wegen einer Nachforderung habe ich eine Kopie nachgereicht.,Amtgang,b2_public_office_1,6,false,request to supplement,Expression,"A supplement request text came, so I added a copy.",vocab_b1_0409
열람,yeollam,Einsicht,B2,Nomen,신청한 서류를 열람하려면 어떤 신분증이 필요한지 창구에 물었어요.,"Am Schalter fragte ich, welchen Ausweis ich für die Einsicht in meine Unterlagen brauche.",Amtgang,b2_public_office_1,7,false,inspection,Noun,I asked at the counter which ID I needed to inspect the documents I'd submitted.,vocab_b1_0410
대리 신청,daeri sincheong,Antrag durch Vertretung,B2,Ausdruck,대리 신청에는 위임장이 필요해요.,Für einen Antrag durch Vertretung braucht man eine Vollmacht.,Amtgang,b2_public_office_1,8,false,proxy application,Expression,A proxy application needs a letter of authorization.,vocab_b1_0411
수수료 납부,susuryo napbu,Gebührenzahlung,B2,Ausdruck,수수료 납부는 카드만 된다고 했어요.,Die Gebührenzahlung sei nur mit Karte möglich.,Amtgang,b2_public_office_1,9,false,fee payment,Expression,They said fee payment is card only.,vocab_b1_0412
민원 번호,minwon beonho,Vorgangsnummer,B2,Ausdruck,민원 번호로 진행 상태를 조회해요.,Mit der Vorgangsnummer prüfe ich den Stand.,Amtgang,b2_public_office_1,10,true,case number,Expression,I check the status with the case number.,vocab_b1_0413
담당자 연결,damdangja yeongyeol,Durchstellung,B2,Ausdruck,전화로 담당자 연결을 두 번 요청했어요.,Am Telefon habe ich zweimal um Durchstellung gebeten.,Amtgang,b2_public_office_1,11,true,transfer to an officer,Expression,I asked twice on the phone for a transfer to an officer.,vocab_b1_0414
처리 완료,cheori wannyo,Abschluss der Bearbeitung,B2,Ausdruck,처리 완료 알림이 오면 서류를 받으러 가요.,"Wenn die Meldung über den Abschluss der Bearbeitung kommt, hole ich die Unterlagen.",Amtgang,b2_public_office_1,12,true,processing complete,Expression,"When the processing-complete notice arrives, I pick up the papers.",vocab_b1_0415
봉사 시간,bongsa sigan,Ehrenamtsstunden,B1,Ausdruck,이번 달 봉사 시간을 표에 적어요.,Die Ehrenamtsstunden diesen Monat trage ich in die Tabelle ein.,Ehrenamtsschicht,b1_volunteer_shift_1,1,false,volunteer hours,Expression,I write this month's volunteer hours in the chart.,vocab_b1_0416
배정표,baejeongpyo,Einsatzplan,B1,Nomen,배정표에서 제 구역을 확인해요.,Im Einsatzplan prüfe ich meinen Bereich.,Ehrenamtsschicht,b1_volunteer_shift_1,2,false,assignment sheet,Noun,I check my area on the assignment sheet.,vocab_b1_0417
사전 교육,sajeon gyoyuk,Vorschulung,B1,Ausdruck,사전 교육을 들어야 부스를 맡을 수 있어요.,Ohne Vorschulung darf ich den Stand nicht übernehmen.,Ehrenamtsschicht,b1_volunteer_shift_1,3,false,pre-shift training,Expression,I need pre-shift training before I can run the booth.,vocab_b1_0418
안전 조끼,anjeon jokki,Warnweste,B1,Ausdruck,도로 안내는 안전 조끼를 입고 해요.,Die Wegweisung mache ich mit Warnweste.,Ehrenamtsschicht,b1_volunteer_shift_1,4,false,safety vest,Expression,I do street guidance wearing a safety vest.,vocab_b1_0419
인수 메모,insu memo,Übergabenotiz,B1,Ausdruck,다음 조를 위해 인수 메모를 남겼어요.,Für die nächste Gruppe habe ich eine Übergabenotiz hinterlassen.,Ehrenamtsschicht,b1_volunteer_shift_1,5,false,handover note,Expression,I left a handover note for the next team.,vocab_b1_0420
인원 부족,inwon bujok,Personalmangel,B1,Nomen,오전에는 인원 부족 때문에 제가 한 시간 더 했어요.,Am Vormittag habe ich wegen Personalmangels eine Stunde länger gearbeitet.,Ehrenamtsschicht,b1_volunteer_shift_1,6,false,staff shortage,Noun,"In the morning, I worked an extra hour because we were short-staffed.",vocab_b1_0421
명찰,myeongchal,Namensschild,B1,Nomen,명찰에 역할 이름을 크게 썼어요.,Auf dem Namensschild steht die Rolle groß.,Ehrenamtsschicht,b1_volunteer_shift_1,7,false,name badge,Noun,I wrote the role large on the name badge.,vocab_b1_0422
비상 연락망,bisang yeollangmang,Notfallkette,B1,Ausdruck,비상 연락망 첫 번호는 현장 책임자예요.,Die erste Nummer der Notfallkette ist die Leitung vor Ort.,Ehrenamtsschicht,b1_volunteer_shift_1,8,false,emergency chain,Expression,The first number in the emergency chain is the on-site lead.,vocab_b1_0423
물품 점검,mulpum jeomgeom,Materialkontrolle,B1,Ausdruck,시작 전에 물품 점검을 둘이서 해요.,Vor dem Start machen wir die Materialkontrolle zu zweit.,Ehrenamtsschicht,b1_volunteer_shift_1,9,false,supply check,Expression,Before starting we do the supply check in pairs.,vocab_b1_0424
교대 시간,gyodae sigan,Ablösezeit,B1,Ausdruck,교대 시간보다 십 분 일찍 도착해요.,Ich komme zehn Minuten vor der Ablösezeit.,Ehrenamtsschicht,b1_volunteer_shift_1,10,true,relief time,Expression,I arrive ten minutes before relief time.,vocab_b1_0425
현장 책임자,hyeonjang chaegimja,Einsatzleitung,B1,Ausdruck,문제가 생기면 현장 책임자에게 바로 말해요.,Bei einem Problem sage ich es sofort der Einsatzleitung.,Ehrenamtsschicht,b1_volunteer_shift_1,11,true,site lead,Expression,"If a problem happens, I tell the site lead immediately.",vocab_b1_0426
봉사 확인서,bongsa hwaginseo,Nachweis,B1,Ausdruck,학기말에 봉사 확인서를 받아요.,Am Semesterende bekomme ich den Nachweis.,Ehrenamtsschicht,b1_volunteer_shift_1,12,true,service certificate,Expression,I receive the service certificate at the end of the term.,vocab_b1_0427
학부모 면담,hakbumo myeondam,Elterngespräch,B1,Ausdruck,학부모 면담을 수요일 저녁으로 잡았어요.,Das Elterngespräch habe ich auf Mittwochabend gelegt.,Elterngespräch,b1_parent_school_1,1,false,parent meeting,Expression,I scheduled the parent meeting for Wednesday evening.,vocab_b1_0428
알림장,allimjang,Mitteilungsheft,B1,Nomen,알림장에 준비물을 적어 보내요.,"Ins Mitteilungsheft schreibe ich, was mitzubringen ist.",Elterngespräch,b1_parent_school_1,2,false,home note,Noun,I write in the home note what they need to bring.,vocab_b1_0429
상담 시간,sangdam sigan,Zeit für das Elterngespräch,B1,Ausdruck,상담 시간이 십오 분이라 질문을 미리 적어요.,"Das Elterngespräch dauert fünfzehn Minuten, deshalb notiere ich mir meine Fragen vorher.",Elterngespräch,b1_parent_school_1,3,false,parent-teacher meeting time,Expression,"The parent-teacher meeting is fifteen minutes long, so I write down my questions beforehand.",vocab_b1_0430
학습 태도,hakseup taedo,Lernhaltung,B1,Ausdruck,학습 태도는 좋아졌지만 숙제 속도가 느려요.,"Die Lernhaltung ist besser, aber die Hausaufgaben dauern länger.",Elterngespräch,b1_parent_school_1,4,false,study attitude,Expression,"The study attitude improved, but homework is slower.",vocab_b1_0431
보충 수업,bochung sueop,Förderstunde,B1,Ausdruck,한글 보충 수업을 주 한 번 신청했어요.,Ich habe einmal pro Woche eine Förderstunde für Hangul beantragt.,Elterngespräch,b1_parent_school_1,5,false,support class,Expression,I signed up for a Hangul support class once a week.,vocab_b1_0432
가정 통신,gajeong tongsin,Elternbrief,B1,Ausdruck,가정 통신에 현장학습 날짜가 있어요.,Im Elternbrief steht das Datum des Ausflugs.,Elterngespräch,b1_parent_school_1,6,false,school letter,Expression,The school letter has the field-trip date.,vocab_b1_0433
참관 수업,chamgwan sueop,Hospitation,B1,Ausdruck,참관 수업은 조용히 뒤쪽에 앉아요.,Bei der Hospitation sitze ich hinten und bleibe still.,Elterngespräch,b1_parent_school_1,7,false,class observation,Expression,During class observation I sit quietly at the back.,vocab_b1_0434
생활 기록,saenghwal girok,Entwicklungsnotiz,B1,Ausdruck,생활 기록에 친구 관계를 짧게 적었어요.,In der Entwicklungsnotiz steht kurz etwas zu den Freundschaften.,Elterngespräch,b1_parent_school_1,8,false,progress note,Expression,The progress note briefly mentions friendships.,vocab_b1_0435
준비물 분담,junbimul bundam,wer was mitbringt,B1,Ausdruck,준비물 분담표를 반 단톡에 올렸어요.,"Wer was mitbringt, habe ich in den Klassenchat gestellt.",Elterngespräch,b1_parent_school_1,9,false,who brings what,Expression,I posted who brings what in the class chat.,vocab_b1_0436
하원 시간,hawon sigan,Abholzeit,B1,Ausdruck,하원 시간이 밀리면 미리 문자를 보내요.,"Wenn sich die Abholzeit verschiebt, schreibe ich vorher.",Elterngespräch,b1_parent_school_1,10,true,pickup time,Expression,"If pickup time slips, I text in advance.",vocab_b1_0437
담임 선생님,damim seonsaengnim,Klassenleitung,B1,Ausdruck,담임 선생님께 상담 연기를 정중히 부탁했어요.,Ich habe die Klassenleitung höflich um Verschiebung gebeten.,Elterngespräch,b1_parent_school_1,11,true,homeroom teacher,Expression,I politely asked the homeroom teacher to postpone.,vocab_b1_0438
동의서,donguiseo,Einverständnis,B1,Nomen,사진 촬영 동의서를 오늘 제출해요.,Die Einverständniserklärung für Fotos gebe ich heute ab.,Elterngespräch,b1_parent_school_1,12,true,consent form,Noun,I submit the photo consent form today.,vocab_b1_0439
고장 부위,gojang buwi,defekte Stelle,B1,Ausdruck,고장 부위를 사진으로 세 장 찍었어요.,Die defekte Stelle habe ich dreimal fotografiert.,Reparaturwortschatz,b1_repair_words_1,1,false,fault location,Expression,I took three photos of the fault location.,vocab_b1_0440
부품 교체,bupum gyoche,Teiletausch,B1,Ausdruck,부품 교체 비용이 예상보다 높아요.,Der Teiletausch kostet mehr als gedacht.,Reparaturwortschatz,b1_repair_words_1,2,false,part replacement,Expression,Part replacement costs more than expected.,vocab_b1_0441
출장 수리,chuljang suri,Vor-Ort-Reparatur,B1,Ausdruck,출장 수리는 오전 방문만 가능하대요.,Die Vor-Ort-Reparatur sei nur vormittags möglich.,Reparaturwortschatz,b1_repair_words_1,3,false,on-site repair,Expression,They said on-site repair is only possible in the morning.,vocab_b1_0442
무상 기간,musang gigan,Garantiezeit,B1,Ausdruck,무상 기간이 일주일 남아 있어요.,Die Garantiezeit beträgt noch eine Woche.,Reparaturwortschatz,b1_repair_words_1,4,false,warranty period,Expression,One week remains in the warranty period.,vocab_b1_0443
점검 결과,jeomgeom gyeolgwa,Prüfergebnis,B1,Ausdruck,점검 결과를 문자로 요약해 달라고 했어요.,Ich habe um eine kurze Nachricht zum Prüfergebnis gebeten.,Reparaturwortschatz,b1_repair_words_1,5,false,inspection result,Expression,I asked them to summarize the inspection result by text.,vocab_b1_0444
재방문,jaebangmun,Zweitbesuch,B1,Nomen,부품이 없어서 재방문을 잡았어요.,"Weil das Teil fehlt, habe ich einen Zweitbesuch vereinbart.",Reparaturwortschatz,b1_repair_words_1,6,false,return visit,Noun,"The part is missing, so I booked a return visit.",vocab_b1_0445
임시 조치,imsi jochi,Notlösung,B1,Ausdruck,물이 새서 임시 조치로 밸브를 잠갔어요.,"Weil Wasser austrat, habe ich als Notlösung das Ventil geschlossen.",Reparaturwortschatz,b1_repair_words_1,7,false,temporary fix,Expression,"Water was leaking, so as a temporary fix I shut the valve.",vocab_b1_0446
견적 변경,gyeonjeok byeongyeong,Kostenvoranschlagsänderung,B1,Ausdruck,견적 변경이 있으면 먼저 전화해 달라고 했어요.,Bei einer Kostenvoranschlagsänderung sollen sie zuerst anrufen.,Reparaturwortschatz,b1_repair_words_1,8,false,quote change,Expression,I asked them to call first if there is a quote change.,vocab_b1_0447
설치 오류,seolchi oryu,Montagefehler,B1,Ausdruck,설치 오류인지 사용 문제인지 구분해 주세요.,Bitte trennen Sie Montagefehler und Bedienproblem.,Reparaturwortschatz,b1_repair_words_1,9,false,install error,Expression,Please distinguish an install error from a usage problem.,vocab_b1_0448
A/S 센터,A/S senteo,Kundendienststelle,B1,Ausdruck,무거운 기기는 A/S 센터로 직접 가져가요.,Schwere Geräte bringe ich selbst zur Kundendienststelle.,Reparaturwortschatz,b1_repair_words_1,10,true,service center,Expression,I take heavy devices to the service center myself.,vocab_b1_0449
수리 완료증,suri wannyojeung,Fertigstellungsbeleg,B1,Ausdruck,수리 완료증에 교체한 부품과 작업 날짜가 적혀 있는지 확인했어요.,"Ich prüfte, ob auf dem Reparaturbeleg das ersetzte Teil und das Datum stehen.",Reparaturwortschatz,b1_repair_words_1,11,true,repair receipt,Expression,I checked whether the repair receipt listed the replaced part and the date of the work.,vocab_b1_0450
재발 방지,jaebal bangji,Rückfallschutz,B1,Ausdruck,재발 방지를 위해 같은 고장을 확인하는 방법을 다시 배웠어요.,"Um zu verhindern, dass derselbe Fehler erneut auftritt, ließ ich mir die Prüfschritte noch einmal erklären.",Reparaturwortschatz,b1_repair_words_1,12,true,preventing recurrence,Expression,I went over how to check for the same fault again to help prevent its recurrence.,vocab_b1_0451
일정 변경,iljeong byeongyeong,Terminänderung,B1,Ausdruck,태풍 때문에 일정 변경을 요청했어요.,Wegen des Taifuns habe ich eine Terminänderung gebeten.,Reiseänderung,b1_travel_change_1,1,false,schedule change,Expression,I requested a schedule change because of the typhoon.,vocab_b1_0452
환불 규정,hwanbul gyujeong,Erstattungsregel,B1,Ausdruck,환불 규정을 예약 확인서에서 다시 읽어요.,Die Erstattungsregel lese ich noch einmal in der Buchungsbestätigung.,Reiseänderung,b1_travel_change_1,2,false,refund rule,Expression,I reread the refund rule on the booking confirmation.,vocab_b1_0453
수수료 면제,susuryo myeonje,Gebührenerlass,B1,Ausdruck,천재지변이면 수수료 면제가 가능하대요.,Bei höherer Gewalt sei ein Gebührenerlass möglich.,Reiseänderung,b1_travel_change_1,3,false,fee waiver,Expression,They said a fee waiver is possible for a natural disaster.,vocab_b1_0454
대체 열차,daeche yeolcha,Ersatzzug,B1,Nomen,지연되면 대체 열차 좌석을 다시 배정해요.,Bei Verspätung wird ein Sitz im Ersatzzug neu zugewiesen.,Reiseänderung,b1_travel_change_1,4,false,replacement train,Noun,"If delayed, they reassign a seat on the replacement train.",vocab_b1_0455
숙소 이월,sukso iwol,Übernachtungsverschiebung,B1,Ausdruck,숙소 이월이 되는지 저녁에 답변 달래요.,"Ob eine Übernachtungsverschiebung möglich ist, sagen sie am Abend.",Reiseänderung,b1_travel_change_1,5,false,stay shift,Expression,They will say this evening whether a stay shift is possible.,vocab_b1_0456
탑승 마감,tapseung magam,Check-in-Schluss,B1,Ausdruck,탑승 마감 삼십 분 전에는 탑승구에 있어야 해요.,Dreißig Minuten vor Ende des Boardings muss ich am Gate sein.,Reiseänderung,b1_travel_change_1,6,false,boarding cutoff,Expression,I need to be at the gate thirty minutes before boarding closes.,vocab_b1_0457
연결편,yeongyeolpyeon,Anschluss,B1,Nomen,연결편을 놓치면 안내 데스크에서 다음 교통편을 문의할 거예요.,"Falls ich den Anschluss verpasse, frage ich am Informationsschalter nach der nächsten Verbindung.",Reiseänderung,b1_travel_change_1,7,false,connecting service,Noun,"If I miss the connection, I'll ask at the information desk about the next service.",vocab_b1_0458
좌석 재배정,jwaseok jaebaejeong,Neuzuweisung,B1,Ausdruck,좌석 재배정 문자가 출발 한 시간 전에 왔어요.,Die Nachricht zur Neuzuweisung kam eine Stunde vor Abfahrt.,Reiseänderung,b1_travel_change_1,8,false,reseating,Expression,The reseating text arrived an hour before departure.,vocab_b1_0459
여행자 보험,yeohaengja boheom,Reiseversicherung,B1,Ausdruck,여행자 보험에서 일정 변경으로 생긴 비용도 보장하는지 확인해요.,"Ich prüfe, ob die Reiseversicherung auch Kosten abdeckt, die durch eine Änderung des Reiseplans entstehen.",Reiseänderung,b1_travel_change_1,9,false,travel insurance,Expression,I check whether travel insurance also covers costs arising from a change in the itinerary.,vocab_b1_0460
출발 지연,chulbal jiyeon,Abfahrtsverzug,B1,Ausdruck,출발 지연이 한 시간을 넘으면 안내가 나와요.,"Wenn sich die Abfahrt um mehr als eine Stunde verzögert, gibt es eine Durchsage.",Reiseänderung,b1_travel_change_1,10,true,departure delay,Expression,"If the departure delay exceeds one hour, there is an announcement.",vocab_b1_0461
변경 수수료,byeongyeong susuryo,Umbuchungsgebühr,B1,Ausdruck,변경 수수료를 카드로 바로 냈어요.,Die Umbuchungsgebühr habe ich sofort mit Karte gezahlt.,Reiseänderung,b1_travel_change_1,11,true,change fee,Expression,I paid the change fee by card immediately.,vocab_b1_0462
좌석 확인을 기다리다,jwaseok hwagin-eul gidarida,auf die Sitzplatzbestätigung warten,B1,Verb,지금 좌석 확인을 기다리고 있어요.,Ich warte gerade auf die Sitzplatzbestätigung.,Reiseänderung,b1_travel_change_1,12,true,to wait for seat confirmation,Verb,I'm waiting for the seat confirmation now.,vocab_b1_0463
성과 면담,seonggwa myeondam,Beurteilungsgespräch,B2,Ausdruck,성과 면담 전에 지난 분기의 업무와 결과를 정리했어요.,Vor dem Beurteilungsgespräch habe ich meine Aufgaben und Ergebnisse des letzten Quartals zusammengestellt.,Beurteilung,b2_performance_review_1,1,false,performance review,Expression,"Before the performance review, I summarized my work and results from the previous quarter.",vocab_b2_0527
목표 대비,mokpyo daebi,im Vergleich zum Ziel,B2,Ausdruck,보고서에는 목표 대비 실제 매출이 얼마나 달랐는지 적었어요.,"Im Bericht habe ich festgehalten, wie stark der tatsächliche Umsatz vom Ziel abwich.",Beurteilung,b2_performance_review_1,2,false,compared with the target,Expression,"In the report, I recorded how much actual sales differed from the target.",vocab_b2_0528
개선 과제,gaeseon gwaje,Verbesserungsaufgabe,B2,Ausdruck,개선 과제는 다음 분기 안에 진행 상황을 확인할 수 있도록 정했어요.,"Die Verbesserungsaufgaben wurden so festgelegt, dass sich ihr Fortschritt im nächsten Quartal überprüfen lässt.",Beurteilung,b2_performance_review_1,3,false,improvement task,Expression,The improvement tasks were set so their progress could be checked within the next quarter.,vocab_b2_0529
자기 평가,jagi pyeongga,Selbsteinschätzung,B2,Ausdruck,자기 평가에는 성과뿐 아니라 실패한 시도에서 배운 점도 적었어요.,"In meiner Selbsteinschätzung habe ich neben den Erfolgen auch festgehalten, was ich aus gescheiterten Versuchen gelernt habe.",Beurteilung,b2_performance_review_1,4,false,self-assessment,Expression,My self-assessment included achievements and what I learned from unsuccessful attempts.,vocab_b2_0530
역량 기술,yeongnyang gisul,Kompetenzbeschreibung,B2,Ausdruck,역량 기술을 할 때는 '꼼꼼하다'는 말보다 실제로 문제를 해결한 사례를 제시했어요.,"Bei der Beschreibung meiner Kompetenzen habe ich ein konkretes Beispiel für eine Problemlösung genannt, statt mich nur als „sorgfältig“ zu bezeichnen.",Beurteilung,b2_performance_review_1,5,false,skill description,Expression,"When describing my skills, I gave a concrete example of solving a problem rather than just saying I was thorough.",vocab_b2_0531
피드백 메모,pideubaek memo,Rückmeldungsnotiz,B2,Ausdruck,면담 후 피드백 메모를 정리하고 다음에 할 일을 표시했어요.,Nach dem Gespräch habe ich meine Feedbacknotizen geordnet und die nächsten Aufgaben markiert.,Beurteilung,b2_performance_review_1,6,false,feedback note,Expression,"After the review, I organized my feedback notes and marked the next steps.",vocab_b2_0532
승진 기준,seungjin gijun,Beförderungskriterium,B2,Ausdruck,승진 기준이 안내되어 있지 않아 인사 부서에 설명을 요청했어요.,"Da die Beförderungskriterien nicht angegeben waren, habe ich die Personalabteilung um eine Erklärung gebeten.",Beurteilung,b2_performance_review_1,7,false,promotion criterion,Expression,"The promotion criteria had not been explained, so I asked the HR department for clarification.",vocab_b2_0533
면담 기록,myeondam girok,Gesprächsprotokoll,B2,Ausdruck,면담 기록을 이틀 안에 공유해 달라고 했어요.,"Ich habe gebeten, das Gesprächsprotokoll innerhalb von zwei Tagen zu teilen.",Beurteilung,b2_performance_review_1,8,false,review minutes,Expression,I asked them to share the review minutes within two days.,vocab_b2_0534
강점 서술,gangjeom seosul,Darstellung der eigenen Stärken,B2,Ausdruck,강점 서술에는 제 역할이 팀의 결과에 어떻게 기여했는지 포함했어요.,"Bei der Darstellung meiner Stärken habe ich erläutert, wie meine Rolle zum Teamergebnis beigetragen hat.",Beurteilung,b2_performance_review_1,9,false,description of strengths,Expression,"In describing my strengths, I included how my role contributed to the team's results.",vocab_b2_0535
보완 계획,bowan gyehoek,Verbesserungsplan,B2,Ausdruck,보완 계획에는 필요한 교육과 지원 일정을 함께 적었어요.,Im Verbesserungsplan habe ich die nötigen Schulungen und den Zeitplan für die Unterstützung festgehalten.,Beurteilung,b2_performance_review_1,10,true,improvement plan,Expression,The improvement plan included the training needed and the schedule for support.,vocab_b2_0536
평가 주기,pyeongga jugi,Beurteilungszyklus,B2,Ausdruck,평가 주기가 반년이라 석 달 뒤에 중간 점검을 하기로 했어요.,"Da die Bewertung halbjährlich stattfindet, haben wir nach drei Monaten einen Zwischenstand vereinbart.",Beurteilung,b2_performance_review_1,11,true,review cycle,Expression,"The review cycle is six months, so we agreed to check progress after three months.",vocab_b2_0537
합의된 다음 단계,habuidoen daeum dangye,vereinbarter Folgeschritt,B2,Ausdruck,합의된 다음 단계를 달력에 바로 넣어요.,Den vereinbarten Folgeschritt trage ich sofort in den Kalender ein.,Beurteilung,b2_performance_review_1,12,true,agreed next step,Expression,I put the agreed next step on the calendar immediately.,vocab_b2_0538
내용증명,naeyongjeungmyeong,Brief mit amtlich bestätigtem Inhalt (koreanisches Postverfahren),B2,Nomen,수리를 요청한 내용을 남기기 위해 집주인에게 내용증명을 보냈어요.,"Um meine Reparaturforderung zu dokumentieren, habe ich dem Vermieter einen Brief mit amtlich bestätigtem Inhalt geschickt.",Wohnstreit,b2_housing_dispute_1,1,false,letter with officially certified content (Korean postal procedure),Noun,"To document my repair request, I sent the landlord a letter with officially certified content.",vocab_b2_0539
원상복구,wonsangbokgu,Wiederherstellung des ursprünglichen Zustands,B2,Nomen,퇴거 때 필요한 원상복구 범위를 계약서와 대조했어요.,Ich habe die bei Auszug verlangte Wiederherstellung des ursprünglichen Zustands mit dem Mietvertrag abgeglichen.,Wohnstreit,b2_housing_dispute_1,2,false,restoration to the original condition,Noun,I checked the restoration required on moving out against the lease agreement.,vocab_b2_0540
하자 보수,haja bosu,Mängelbeseitigung,B2,Ausdruck,집주인에게 하자 보수를 요청하고 가능한 수리 날짜를 물었어요.,Ich habe den Vermieter um die Behebung der Mängel gebeten und nach einem möglichen Reparaturtermin gefragt.,Wohnstreit,b2_housing_dispute_1,3,false,defect repair,Expression,I asked the landlord to repair the defects and give a possible repair date.,vocab_b2_0541
관리단,gwallidan,Eigentümergemeinschaft,B2,Nomen,관리단에 공용 공간의 누수 문제를 회의 안건으로 다뤄 달라고 요청했어요.,"Ich habe die Eigentümergemeinschaft gebeten, das Leck im Gemeinschaftsbereich auf die Tagesordnung zu setzen.",Wohnstreit,b2_housing_dispute_1,4,false,owners' association,Noun,I asked the owners' association to put the leak in the shared area on the meeting agenda.,vocab_b2_0542
조정 신청,jojeong sincheong,Schlichtungsantrag,B2,Ausdruck,집주인과 직접 합의하기 어려워 분쟁 조정 신청을 했어요.,"Da eine direkte Einigung mit dem Vermieter schwierig war, habe ich einen Antrag auf Schlichtung gestellt.",Wohnstreit,b2_housing_dispute_1,5,false,mediation request,Expression,"Since reaching an agreement directly with the landlord was difficult, I applied for mediation of the dispute.",vocab_b2_0543
증거 사진,jeunggeo sajin,Beweisfoto,B2,Ausdruck,증거 사진에 날짜가 보이게 찍었어요.,Auf dem Beweisfoto ist das Datum sichtbar.,Wohnstreit,b2_housing_dispute_1,6,false,evidence photo,Expression,I took the evidence photo so the date is visible.,vocab_b2_0544
사용 제한,sayong jehan,Nutzungsbeschränkung,B2,Ausdruck,공사 기간 사용 제한을 미리 공지해 달라고 했어요.,"Ich habe gebeten, die Nutzungsbeschränkung während der Bauzeit vorher bekanntzugeben.",Wohnstreit,b2_housing_dispute_1,7,false,use restriction,Expression,I asked them to announce the use restriction during construction in advance.,vocab_b2_0545
비용 분담,biyong bundam,Kostenteilung,B2,Ausdruck,공용 공간의 비용 분담 비율을 관리 규약에서 확인했어요.,Den Anteil an den Kosten für die Gemeinschaftsbereiche habe ich in der Verwaltungsordnung nachgesehen.,Wohnstreit,b2_housing_dispute_1,8,false,cost share,Expression,I checked the cost-sharing ratio for the shared areas in the management rules.,vocab_b2_0546
퇴거 통보,toegeo tongbo,Räumungsankündigung,B2,Ausdruck,퇴거 통보를 받고 나서 제시된 기한의 근거를 확인했어요.,"Nach der Aufforderung zum Auszug habe ich geprüft, worauf die angegebene Frist beruhte.",Wohnstreit,b2_housing_dispute_1,9,false,vacate notice,Expression,"After receiving notice to vacate, I checked the basis for the stated deadline.",vocab_b2_0547
전입 날짜,jeonip naljja,Einzugsdatum,B2,Ausdruck,전입 날짜와 열쇠를 받은 날짜를 따로 기록했어요.,Ich habe das Einzugsdatum und den Tag der Schlüsselübergabe getrennt festgehalten.,Wohnstreit,b2_housing_dispute_1,10,true,move-in date,Expression,I recorded the move-in date and the date I received the keys separately.,vocab_b2_0548
분쟁 조항,bunjaeng johang,Streitklausel,B2,Ausdruck,분쟁 조항에 관할 기관이 명시되어 있어요.,In der Streitklausel steht die zuständige Stelle.,Wohnstreit,b2_housing_dispute_1,11,true,dispute clause,Expression,The dispute clause names the competent body.,vocab_b2_0549
합의서 초안,habuiseo choan,Vergleichsentwurf,B2,Ausdruck,합의서 초안을 받기 전에는 공사에 동의하지 않아요.,Ohne Vergleichsentwurf stimme ich den Arbeiten nicht zu.,Wohnstreit,b2_housing_dispute_1,12,true,settlement draft,Expression,I do not agree to the work before receiving a settlement draft.,vocab_b2_0550
원문 대조,wonmun daejo,Abgleich mit dem Original,B2,Ausdruck,기사의 원문 대조를 통해 인용한 수치가 정확한지 확인했다.,"Durch einen Abgleich mit der Originalquelle wurde geprüft, ob die im Artikel zitierten Zahlen korrekt waren.",Medienkompetenz,b2_media_literacy_1,1,false,comparison with the original source,Expression,The figures quoted in the article were checked for accuracy against the original source.,vocab_b2_0551
선택 편집,seontaek pyeonjip,selektiver Schnitt,B2,Ausdruck,영상의 선택 편집이 발언의 의미를 바꾸었는지 전체 녹화본과 비교했다.,"Der Ausschnitt wurde mit der vollständigen Aufnahme verglichen, um zu prüfen, ob der selektive Schnitt die Bedeutung der Aussage verändert hatte.",Medienkompetenz,b2_media_literacy_1,2,false,selective editing,Expression,The clip was compared with the full recording to check whether selective editing had changed the meaning of the remark.,vocab_b2_0552
후원 표시,huwon pyosi,Sponsoring-Kennzeichnung,B2,Ausdruck,후원 표시가 있는지 확인해 광고와 일반 기사를 구분했다.,Anhand der Sponsoring-Kennzeichnung wurde zwischen Werbung und einem redaktionellen Artikel unterschieden.,Medienkompetenz,b2_media_literacy_1,3,false,sponsorship label,Expression,The sponsorship label was checked to distinguish advertising from a regular article.,vocab_b2_0553
비교 기준,bigyo gijun,Vergleichsmaßstab,B2,Ausdruck,자료마다 비교 기준이 다르면 수치만 보고 비교하기 어려워요.,"Wenn unterschiedliche Vergleichsmaßstäbe verwendet werden, lassen sich Zahlen nicht einfach direkt miteinander vergleichen.",Medienkompetenz,b2_media_literacy_1,4,false,comparison criterion,Expression,"If different comparison criteria are used, the figures cannot be compared directly just by looking at the numbers.",vocab_b2_0554
인용 맥락,inyong maengnak,Kontext eines Zitats,B2,Ausdruck,인용 맥락을 파악하려면 해당 문장 앞뒤의 설명도 읽어야 한다.,"Um den Kontext eines Zitats zu erfassen, muss auch die Erklärung vor und nach dem Satz gelesen werden.",Medienkompetenz,b2_media_literacy_1,5,false,quotation context,Expression,Understanding the context of a quotation requires reading the explanation before and after the sentence as well.,vocab_b2_0555
정정 보도,jeongjeong bodo,Richtigstellung,B2,Ausdruck,정정 보도가 나간 뒤에도 잘못된 제목이 계속 공유되었다.,Auch nach Veröffentlichung der Richtigstellung wurde die falsche Überschrift weiter geteilt.,Medienkompetenz,b2_media_literacy_1,6,false,correction notice,Expression,The incorrect headline continued to be shared even after the correction was published.,vocab_b2_0556
익명 제보,ingmyeong jebo,anonyme Meldung,B2,Ausdruck,편집진은 익명 제보의 내용을 다른 자료와 대조한 뒤 기사에 반영했다.,"Die Redaktion glich die Angaben aus einem anonymen Hinweis mit weiteren Unterlagen ab, bevor sie diese im Artikel verwendete.",Medienkompetenz,b2_media_literacy_1,7,false,anonymous tip,Expression,The editors checked the anonymous tip against other materials before using it in the article.,vocab_b2_0557
알고리즘 추천,algorijeum chucheon,algorithmische Empfehlung,B2,Ausdruck,알고리즘 추천에만 의존하면 다른 관점의 기사를 접할 기회가 줄어들 수 있다.,"Wer sich nur auf algorithmische Empfehlungen verlässt, sieht möglicherweise seltener Artikel aus anderen Perspektiven.",Medienkompetenz,b2_media_literacy_1,8,false,algorithmic recommendation,Expression,Relying only on algorithmic recommendations may reduce opportunities to encounter articles from other perspectives.,vocab_b2_0558
사실 확인,sasil hwagin,Faktenprüfung,B2,Ausdruck,기사 공유 전에 사실 확인을 거쳤는지 살펴보았다.,"Vor dem Teilen des Artikels wurde geprüft, ob eine Faktenprüfung stattgefunden hatte.",Medienkompetenz,b2_media_literacy_1,9,false,fact check,Expression,"Before sharing the article, it was checked whether its facts had been verified.",vocab_b2_0559
과장 표현,gwajang pyohyeon,übertriebene Formulierung,B2,Ausdruck,과장 표현은 빼고 수치를 있는 그대로 전달해요.,Ich lasse übertriebene Formulierungen weg und gebe die Zahlen sachlich wieder.,Medienkompetenz,b2_media_literacy_1,10,true,exaggerated wording,Expression,I leave out exaggerated wording and present the figures as they are.,vocab_b2_0560
출처 계층,chulcheo gyecheung,Quellenebene,B2,Ausdruck,출처 계층을 구분한 뒤 요약 기사에서 원래 연구 보고서로 거슬러 올라갔다.,Nach der Unterscheidung der Quellenebenen wurde vom zusammenfassenden Artikel zum ursprünglichen Forschungsbericht zurückverfolgt.,Medienkompetenz,b2_media_literacy_1,11,true,source level,Expression,"After distinguishing the source levels, the information was traced from the summary article back to the original research report.",vocab_b2_0561
공유 보류,gongyu boryu,vorläufiger Verzicht auf das Teilen,B2,Ausdruck,확인되지 않은 소식은 공유 보류를 원칙으로 삼았다.,"Für unbestätigte Nachrichten galt der Grundsatz, sie vorerst nicht weiterzugeben.",Medienkompetenz,b2_media_literacy_1,12,true,holding off on sharing,Expression,The policy was to hold off on sharing unverified news.,vocab_b2_0562
주민 의견,jumin uigyeon,Meinungen der Bevölkerung,B2,Ausdruck,주민 의견을 주제별로 정리해 다음 회의 자료에 넣었어요.,Ich habe die Rückmeldungen der Bevölkerung nach Themen geordnet und in die Unterlagen für die nächste Sitzung aufgenommen.,Bürgerversammlung,b2_civic_meeting_1,1,false,residents' views,Expression,I organized residents' feedback by topic and included it in the materials for the next meeting.,vocab_b2_0563
안건 순서,angeon sunseo,Reihenfolge der Tagesordnungspunkte,B2,Ausdruck,안건 순서가 바뀌어서 발표 자료의 순서도 조정했어요.,"Da sich die Reihenfolge der Tagesordnungspunkte änderte, habe ich auch meine Präsentationsunterlagen angepasst.",Bürgerversammlung,b2_civic_meeting_1,2,false,agenda order,Expression,"The order of the agenda items changed, so I adjusted the order of my presentation materials as well.",vocab_b2_0564
발언권,bareongwon,Rederecht,B2,Nomen,발언권을 받은 뒤에만 자료를 나눠 줘요.,"Ich verteile die Unterlagen erst, nachdem ich das Wort erhalten habe.",Bürgerversammlung,b2_civic_meeting_1,3,false,the floor,Noun,I hand out the materials only after I've been given the floor.,vocab_b2_0565
회의 기록문,hoeui girongmun,Sitzungsprotokoll,B2,Nomen,회의 기록문 초안을 이틀 안에 검토해요.,Den Entwurf des Sitzungsprotokolls prüfe ich innerhalb von zwei Tagen.,Bürgerversammlung,b2_civic_meeting_1,4,false,minutes,Noun,I review the minutes draft within two days.,vocab_b2_0566
이해관계,ihaegwangye,Interessenlage,B2,Nomen,제안을 설명하기 전에 그 사업과 관련된 제 이해관계를 밝혔어요.,Vor der Erläuterung meines Vorschlags habe ich meine Interessen im Zusammenhang mit dem Projekt offengelegt.,Bürgerversammlung,b2_civic_meeting_1,5,false,stake,Noun,"Before explaining the proposal, I disclosed my interests in the project.",vocab_b2_0567
반대 이유,bandae iyu,Grund für einen Einwand,B2,Ausdruck,반대 이유를 감정이 아니라 비용에 근거해 설명해요.,Ich begründe meinen Einwand mit den Kosten statt mit Gefühlen.,Bürgerversammlung,b2_civic_meeting_1,6,false,reason for an objection,Expression,I explain my objection in terms of cost rather than emotion.,vocab_b2_0568
수정안,sujeongan,Änderungsantrag,B2,Nomen,수정안의 문구를 하나씩 읽어 달라고 했어요.,"Ich habe darum gebeten, den Wortlaut des Änderungsvorschlags Stück für Stück vorzulesen.",Bürgerversammlung,b2_civic_meeting_1,7,false,amendment,Noun,I asked them to read the wording of the amendment bit by bit.,vocab_b2_0569
표결 방식,pyogyeol bangsik,Abstimmungsform,B2,Ausdruck,표결 방식이 거수인지 비밀투표인지 확인해요.,"Ich prüfe, ob per Handzeichen oder geheim abgestimmt wird.",Bürgerversammlung,b2_civic_meeting_1,8,false,voting method,Expression,I check whether the vote will be by a show of hands or secret ballot.,vocab_b2_0570
방청,bangcheong,Teilnahme als Zuhörende,B2,Nomen,방청만 할 때는 발언하지 않아요.,"Wenn ich bei der Sitzung nur zuhöre, ergreife ich nicht das Wort.",Bürgerversammlung,b2_civic_meeting_1,9,false,attendance as an observer,Noun,"When I'm only observing the meeting, I don't speak.",vocab_b2_0571
참석자,chamseokja,Teilnehmende,B2,Ausdruck,회의에 필요한 참석자가 부족해서 표결을 다음 회의로 미뤘어요.,"Weil nicht genug Teilnehmende da waren, haben wir die Abstimmung auf die nächste Sitzung verschoben.",Bürgerversammlung,b2_civic_meeting_1,10,true,attendees,Expression,"Because there were not enough attendees, we postponed the vote until the next meeting.",vocab_b2_0572
공개 질의,gonggae jirui,öffentliche Nachfrage,B2,Ausdruck,공개 질의는 개인 비난 없이 사실만 물어요.,"In der öffentlichen Nachfrage frage ich nur nach Fakten, ohne persönliche Kritik.",Bürgerversammlung,b2_civic_meeting_1,11,true,public question,Expression,"In a public question I ask only for facts, without personal blame.",vocab_b2_0573
후속 공지,husok gongji,Folgebekanntgabe,B2,Ausdruck,후속 공지에 일정과 담당 부서를 같이 적어요.,In der Folgebekanntgabe stehen Termin und zuständige Stelle.,Bürgerversammlung,b2_civic_meeting_1,12,true,follow-up notice,Expression,The follow-up notice includes the date and the responsible office.,vocab_b2_0574
양보 범위,yangbo beomwi,Spielraum,B2,Ausdruck,협상 전에 가격과 일정에서 가능한 양보 범위를 정했어요.,"Vor der Verhandlung habe ich festgelegt, welche Zugeständnisse bei Preis und Termin möglich sind.",Teamverhandlung,b2_team_negotiation_1,1,false,concession range,Expression,"Before the negotiation, I set the limits of possible concessions on price and timing.",vocab_b2_0575
핵심 조건,haeksim jogeon,Kernbedingung,B2,Ausdruck,핵심 조건은 일정이고 나머지는 조정 가능해요.,"Die Kernbedingung ist der Termin, der Rest ist verhandelbar.",Teamverhandlung,b2_team_negotiation_1,2,false,must-have,Expression,The must-have is the schedule; the rest can move.,vocab_b2_0576
대안 제시,daean jesi,Gegenvorschlag,B2,Ausdruck,거절만 하지 말고 대안 제시를 한 줄 붙어요.,"Statt nur abzulehnen, hänge ich einen Gegenvorschlag an.",Teamverhandlung,b2_team_negotiation_1,3,false,counter-offer,Expression,"Instead of only refusing, I add one line of counter-offer.",vocab_b2_0577
침묵 구간,chimmuk gugan,Denkpause,B2,Ausdruck,협상 도중 침묵 구간을 두어 상대가 제안 내용을 검토할 시간을 주었어요.,"Während der Verhandlung habe ich eine Pause gelassen, damit die andere Seite den Vorschlag prüfen konnte.",Teamverhandlung,b2_team_negotiation_1,4,false,silent pause,Expression,"During the negotiation, I allowed a silent pause to give the other side time to consider the proposal.",vocab_b2_0578
공동 초안,gongdong choan,gemeinsamer Entwurf,B2,Ausdruck,공동 초안을 화면에 띄우고 문장마다 함께 확인해요.,Wir zeigen den gemeinsamen Entwurf auf dem Bildschirm und gehen ihn Satz für Satz durch.,Teamverhandlung,b2_team_negotiation_1,5,false,joint draft,Expression,We display the joint draft on screen and review it sentence by sentence.,vocab_b2_0579
결정 권한,gyeoljeong gwonhan,Entscheidungsbefugnis,B2,Ausdruck,제 결정 권한을 넘는 안건은 확인 후 답하겠다고 했어요.,Bei Punkten außerhalb meiner Entscheidungsbefugnis habe ich eine Antwort nach Rücksprache angekündigt.,Teamverhandlung,b2_team_negotiation_1,6,false,decision-making authority,Expression,"For matters beyond my decision-making authority, I said I would respond after checking.",vocab_b2_0580
시간 제한,sigan jehan,Zeitbegrenzung,B2,Ausdruck,논의에 십오 분의 시간 제한을 두고 끝나기 전에 다음 단계를 정했어요.,Wir haben die Diskussion auf fünfzehn Minuten begrenzt und vor Ablauf die nächsten Schritte festgelegt.,Teamverhandlung,b2_team_negotiation_1,7,false,time limit,Expression,We set a fifteen-minute time limit for the discussion and decided on the next steps before it ended.,vocab_b2_0581
이해 확인,ihae hwagin,Verständnischeck,B2,Ausdruck,이해 확인을 위해 상대의 제안을 제 말로 요약했어요.,"Um sicherzugehen, dass ich alles verstanden hatte, habe ich den Vorschlag der anderen Seite mit eigenen Worten zusammengefasst.",Teamverhandlung,b2_team_negotiation_1,8,false,check for understanding,Expression,"To check my understanding, I summarized the other side's proposal in my own words.",vocab_b2_0582
기록 담당,girok damdang,für das Protokoll zuständige Person,B2,Ausdruck,기록 담당을 정해 두어야 합의 내용이 흐려지지 않아요.,"Wir müssen festlegen, wer mitschreibt, damit klar bleibt, worauf wir uns geeinigt haben.",Teamverhandlung,b2_team_negotiation_1,9,false,designated note-taker,Expression,We need to decide who will take notes so the agreement stays clear.,vocab_b2_0583
보류 사유,boryu sayu,Grund für die Vertagung,B2,Ausdruck,자료 부족이 보류 사유여서 다시 논의할 날짜를 함께 정했어요.,"Da fehlende Unterlagen der Grund für die Vertagung waren, haben wir gemeinsam einen neuen Gesprächstermin festgelegt.",Teamverhandlung,b2_team_negotiation_1,10,true,reason for postponement,Expression,"Since missing information was the reason for postponement, we agreed on a date to discuss it again.",vocab_b2_0584
상호 양보,sangho yangbo,wechselseitiges Nachgeben,B2,Ausdruck,상호 양보가 이루어지도록 양쪽이 바꿀 수 있는 조건을 각각 제시했어요.,"Damit beide Seiten Zugeständnisse machen konnten, hat jede Seite Bedingungen genannt, die sie ändern kann.",Teamverhandlung,b2_team_negotiation_1,11,true,mutual concession,Expression,"To make mutual concessions possible, each side identified conditions it could change.",vocab_b2_0585
합의 문장,habui munjang,vereinbarte Formulierung,B2,Ausdruck,합의 문장을 함께 확인한 뒤 회의 기록에 남겼어요.,Nach der gemeinsamen Prüfung der vereinbarten Formulierung haben wir sie im Sitzungsprotokoll festgehalten.,Teamverhandlung,b2_team_negotiation_1,12,true,agreed wording,Expression,"After checking the agreed wording together, we recorded it in the meeting minutes.",vocab_b2_0586
한 장 요약,han jang yoyak,Einseiter,B2,Ausdruck,"정책 제안의 한 장 요약에는 핵심 문제와 대안, 남은 쟁점을 담았다.","Die einseitige Zusammenfassung des politischen Vorschlags enthielt das Kernproblem, Alternativen und offene Fragen.",Kurzlage,b2_policy_brief_1,1,false,one-pager,Expression,"The one-page summary of the policy proposal covered the main problem, alternatives, and unresolved issues.",vocab_b2_0587
선택지 비교,seontaekji bigyo,Vergleich von Optionen,B2,Ausdruck,"선택지 비교를 위해 각 방안의 비용과 기간, 예상 위험을 같은 표에 정리했다.","Für den Vergleich der Optionen wurden Kosten, Dauer und erwartete Risiken jeder Lösung in derselben Tabelle dargestellt.",Kurzlage,b2_policy_brief_1,2,false,comparison of options,Expression,"For the comparison of options, each proposal's costs, timeframe, and expected risks were listed in the same table.",vocab_b2_0588
가정 명시,gajeong myeongsi,explizite Angabe der Annahmen,B2,Ausdruck,가정 명시가 없으면 예상 수치를 확정된 사실로 오해할 수 있다.,Ohne ausdrücklich genannte Annahmen können Prognosewerte mit gesicherten Fakten verwechselt werden.,Kurzlage,b2_policy_brief_1,3,false,explicit statement of assumptions,Expression,"Without explicit assumptions, projected figures may be mistaken for established facts.",vocab_b2_0589
영향 집단,yeonghyang jipdan,betroffene Gruppe,B2,Ausdruck,보고서는 정책의 영향 집단을 구분하고 각 집단의 편익과 부담을 비교했다.,Der Bericht unterschied die von der Maßnahme betroffenen Gruppen und verglich ihren jeweiligen Nutzen und ihre Belastungen.,Kurzlage,b2_policy_brief_1,4,false,affected group,Expression,The report identified the groups affected by the policy and compared the benefits and burdens for each.,vocab_b2_0590
실행 단계,silhaeng dangye,Umsetzungsschritt,B2,Ausdruck,실행 단계마다 필요한 예산과 담당 부서를 명시했다.,Für jede Umsetzungsphase wurden das erforderliche Budget und die zuständige Abteilung angegeben.,Kurzlage,b2_policy_brief_1,5,false,implementation step,Expression,The required budget and responsible department were specified for each implementation stage.,vocab_b2_0591
반대 시나리오,bandae sinario,Gegenszenario,B2,Ausdruck,반대 시나리오에서는 예상보다 참여율이 낮을 경우의 대응 방안을 검토했다.,"Im Gegenszenario wurde untersucht, wie auf eine niedrigere Beteiligung als erwartet reagiert werden könnte.",Kurzlage,b2_policy_brief_1,6,false,counter-scenario,Expression,The counter-scenario examined how to respond if participation was lower than expected.,vocab_b2_0592
측정 지표,cheukjeong jipyo,Messgröße,B2,Ausdruck,측정 지표가 모호하면 사업의 성공 여부를 판단하기 어렵다.,Bei unklaren Messgrößen lässt sich der Erfolg eines Projekts schwer beurteilen.,Kurzlage,b2_policy_brief_1,7,false,metric,Expression,Vague metrics make it difficult to assess whether a project has succeeded.,vocab_b2_0593
권고 문장,gwongo munjang,Empfehlungssatz,B2,Ausdruck,권고 문장에는 제안한 조치와 그 조치가 필요한 조건을 함께 적었다.,"Die Empfehlung nannte sowohl die vorgeschlagene Maßnahme als auch die Bedingungen, unter denen sie nötig ist.",Kurzlage,b2_policy_brief_1,8,false,recommendation line,Expression,The recommendation stated both the proposed action and the conditions under which it was needed.,vocab_b2_0594
공개 범위,gonggae beomwi,Umfang der Offenlegung,B2,Ausdruck,공개 범위를 내부와 외부로 나눠 적어요.,Ich halte den Umfang der internen und externen Veröffentlichung getrennt fest.,Kurzlage,b2_policy_brief_1,9,false,disclosure scope,Expression,I record the scope of internal and external disclosure separately.,vocab_b2_0595
결정 기한,gyeoljeong gihan,Entscheidungsfrist,B2,Ausdruck,결정 기한과 추가 자료 제출일을 구분해 안내했다.,Die Entscheidungsfrist und der Termin für zusätzliche Unterlagen wurden getrennt mitgeteilt.,Kurzlage,b2_policy_brief_1,10,true,decision deadline,Expression,The decision deadline and the date for submitting additional materials were announced separately.,vocab_b2_0596
근거 각주,geungeo gakju,Belegfußnote,B2,Ausdruck,근거 각주에는 자료의 작성 기관과 발표 날짜를 명시했다.,Die Quellenfußnote nannte die herausgebende Institution und das Veröffentlichungsdatum.,Kurzlage,b2_policy_brief_1,11,true,source footnote,Expression,The supporting footnote identified the institution that produced the material and its publication date.,vocab_b2_0597
남은 불확실성,nameun bulhwaksilseong,Restunsicherheit,B2,Ausdruck,보고서 마지막에는 남은 불확실성과 추가로 확인할 사항을 적었다.,Am Ende des Berichts wurden die verbleibenden Unsicherheiten und noch zu prüfende Punkte aufgeführt.,Kurzlage,b2_policy_brief_1,12,true,remaining uncertainty,Expression,The report concluded by listing remaining uncertainties and points needing further investigation.,vocab_b2_0598
상위 담당자,sangwi damdangja,übergeordnete zuständige Person,B2,Ausdruck,처리가 계속 지연되어 상위 담당자에게 문의를 전달해 달라고 요청했어요.,"Da sich die Bearbeitung weiter verzögerte, habe ich darum gebeten, meine Anfrage an eine übergeordnete zuständige Person weiterzuleiten.",Eskalation,b2_customer_escalation_1,1,false,more senior staff member,Expression,"The handling of my case kept being delayed, so I asked for my inquiry to be passed to a more senior staff member.",vocab_b2_0599
사건 번호,sageon beonho,Fallnummer,B2,Ausdruck,이메일 제목에 사건 번호를 넣고 이전 문의 내역을 첨부했어요.,Ich habe die Fallnummer in den Betreff der E-Mail gesetzt und den bisherigen Schriftverkehr angehängt.,Eskalation,b2_customer_escalation_1,2,false,case number,Expression,I put the case number in the email subject and attached the previous correspondence.,vocab_b2_0600
약속 불이행,yaksok burihaeng,Nichteinhaltung einer Zusage,B2,Ausdruck,약속 불이행이 발생한 날짜와 약속한 내용을 표로 정리했어요.,Ich habe die Daten der nicht eingehaltenen Zusagen und deren Inhalt in einer Tabelle zusammengestellt.,Eskalation,b2_customer_escalation_1,3,false,failure to keep a promise,Expression,I listed the dates and details of the unfulfilled promises in a table.,vocab_b2_0601
보상 한도,bosang hando,Entschädigungsobergrenze,B2,Ausdruck,보상 한도를 먼저 밝히면 기대치를 맞출 수 있어요.,"Wenn man die Obergrenze der Entschädigung gleich nennt, lassen sich Erwartungen besser abstimmen.",Eskalation,b2_customer_escalation_1,4,false,compensation limit,Expression,Stating the compensation limit up front helps set expectations.,vocab_b2_0602
재발 기록,jaebal girok,Aufzeichnung wiederholter Vorfälle,B2,Ausdruck,같은 고장의 재발 기록을 모아 추가 점검을 요청했어요.,Ich habe die Aufzeichnungen über wiederholte gleiche Störungen zusammengestellt und um eine weitere Prüfung gebeten.,Eskalation,b2_customer_escalation_1,5,false,record of recurring incidents,Expression,I gathered records of the recurring fault and requested an additional inspection.,vocab_b2_0603
감정 분리,gamjeong bulli,Trennung von Gefühlen und Sachverhalt,B2,Ausdruck,감정 분리가 필요해 잠시 쉬고 나서 사실관계를 정리했어요.,"Um Gefühle und Sachverhalt zu trennen, habe ich eine kurze Pause gemacht und danach die Fakten geordnet.",Eskalation,b2_customer_escalation_1,6,false,separating feelings from the issue,Expression,"I took a short break to separate my feelings from the issue, then organized the facts.",vocab_b2_0604
우회 채널,uhoe chaeneol,alternativer Kontaktweg,B2,Ausdruck,공식 상담이 지연되자 이용할 수 있는 다른 우회 채널이 있는지 물었어요.,"Als sich die reguläre Beratung verzögerte, habe ich nach einem anderen verfügbaren Kontaktweg gefragt.",Eskalation,b2_customer_escalation_1,7,false,alternative contact channel,Expression,"When the regular support process was delayed, I asked whether another contact channel was available.",vocab_b2_0605
최종 통지,choejong tongji,letzte Mitteilung,B2,Ausdruck,최종 통지에는 기한과 다음 절차를 같이 적어요.,In der letzten Mitteilung stehen Frist und nächster Schritt.,Eskalation,b2_customer_escalation_1,8,false,final notice,Expression,The final notice includes the deadline and the next step.,vocab_b2_0606
책임 소재,chaegim sojae,Verantwortlichkeit,B2,Ausdruck,책임 소재가 불분명해서 어느 부서가 최종 답변을 맡는지 확인했어요.,"Da die Zuständigkeit unklar war, habe ich gefragt, welche Abteilung die abschließende Antwort übernimmt.",Eskalation,b2_customer_escalation_1,9,false,where responsibility lies,Expression,"Responsibility was unclear, so I checked which department would provide the final response.",vocab_b2_0607
현장 확인,hyeonjang hwagin,Vor-Ort-Prüfung,B2,Ausdruck,사진만으로 부족하면 현장 확인을 요청해요.,"Reichen Fotos nicht, bitte ich um eine Vor-Ort-Prüfung.",Eskalation,b2_customer_escalation_1,10,true,on-site check,Expression,"If photos are not enough, I request an on-site check.",vocab_b2_0608
합의 조건,habui jogeon,vereinbarte Bedingungen,B2,Ausdruck,합의 조건은 말로만 듣지 않고 서면으로 받아요.,"Ich lasse mir die vereinbarten Bedingungen schriftlich geben, statt mich nur auf mündliche Aussagen zu verlassen.",Eskalation,b2_customer_escalation_1,11,true,agreed terms,Expression,I get the agreed terms in writing instead of relying only on what I'm told.,vocab_b2_0609
종결 확인,jonggyeol hwagin,Bestätigung des Abschlusses,B2,Ausdruck,서면으로 종결 확인을 받은 뒤 문의 내역을 보관했어요.,Nach der schriftlichen Bestätigung des Abschlusses habe ich den Schriftverkehr aufbewahrt.,Eskalation,b2_customer_escalation_1,12,true,confirmation of closure,Expression,"After receiving written confirmation that the case was closed, I kept the correspondence.",vocab_b2_0610
연구 질문,yeongu jilmun,Forschungsfrage,B2,Ausdruck,연구 질문을 명확히 한 뒤 그 질문에 답할 수 있는 자료를 수집했다.,"Nach der Präzisierung der Forschungsfrage wurden Daten gesammelt, mit denen sie beantwortet werden konnte.",Kurzreferat,b2_research_summary_1,1,false,research question,Expression,"After clarifying the research question, data was collected that could help answer it.",vocab_b2_0611
표본 크기,pyobon keugi,Stichprobenumfang,B2,Ausdruck,표본 크기가 작으면 일반화할 때 단정적인 표현을 피해요.,Bei einer kleinen Stichprobe formuliere ich Verallgemeinerungen vorsichtiger.,Kurzreferat,b2_research_summary_1,2,false,sample size,Expression,"If the sample is small, I qualify any generalizations.",vocab_b2_0612
한계 문장,hangye munjang,Aussage zu den Grenzen,B2,Ausdruck,보고서의 한계 문장에는 조사 대상과 결과의 적용 범위를 명시했다.,Die Passage zu den Grenzen des Berichts benannte die untersuchte Gruppe und den Geltungsbereich der Ergebnisse.,Kurzreferat,b2_research_summary_1,3,false,statement of limitations,Expression,The report's statement of limitations specified the population studied and the scope of the findings.,vocab_b2_0613
교차 확인,gyocha hwagin,Abgleich mehrerer Quellen,B2,Ausdruck,여러 자료의 교차 확인을 통해 인용한 수치가 같은 기준으로 산출되었는지 살폈다.,"Durch den Abgleich mehrerer Quellen wurde geprüft, ob die zitierten Zahlen nach denselben Kriterien berechnet wurden.",Kurzreferat,b2_research_summary_1,4,false,cross-checking,Expression,Cross-checking several sources helped establish whether the quoted figures were calculated using the same criteria.,vocab_b2_0614
용어 정의,yongeo jeongui,Begriffsdefinition,B2,Ausdruck,용어 정의를 보고서 앞부분에 제시해 독자가 같은 의미로 이해하도록 했다.,"Die Begriffsdefinitionen wurden am Anfang des Berichts aufgeführt, damit die Lesenden sie im selben Sinne verstehen.",Kurzreferat,b2_research_summary_1,5,false,definition of a term,Expression,Definitions were provided at the start of the report so readers would understand the terms consistently.,vocab_b2_0615
인용 형식,inyong hyeongsik,Zitierformat,B2,Ausdruck,참고문헌의 인용 형식을 통일하고 누락된 출처를 보완했다.,Das Zitierformat im Literaturverzeichnis wurde vereinheitlicht und fehlende Quellen wurden ergänzt.,Kurzreferat,b2_research_summary_1,6,false,citation format,Expression,The citation format in the bibliography was standardized and missing sources were added.,vocab_b2_0616
결과의 강도,gyeolgwaui gangdo,Aussagekraft der Ergebnisse,B2,Ausdruck,연구 결과의 강도에 맞추어 '보인다'와 '확인되었다'를 구분해 썼다.,Je nach Aussagekraft der Ergebnisse wurde zwischen „scheint“ und „wurde bestätigt“ unterschieden.,Kurzreferat,b2_research_summary_1,7,false,strength of the findings,Expression,“Appears” and “was confirmed” were used according to the strength of the findings.,vocab_b2_0617
도표 읽기,dopyo ikgi,Diagrammlektüre,B2,Ausdruck,도표 읽기에서는 축의 단위와 비교 기간을 먼저 확인해야 한다.,Beim Lesen eines Diagramms sollten zuerst die Einheiten der Achsen und der Vergleichszeitraum geprüft werden.,Kurzreferat,b2_research_summary_1,8,false,chart reading,Expression,Reading a chart should begin with checking the axis units and the comparison period.,vocab_b2_0618
반례 찾기,bannye chatgi,Gegenbeispielsuche,B2,Ausdruck,반례 찾기를 통해 처음 주장한 조건을 더 정확하게 수정했다.,"Die Suche nach Gegenbeispielen half, die Bedingungen der ursprünglichen Behauptung genauer zu fassen.",Kurzreferat,b2_research_summary_1,9,false,looking for counterexamples,Expression,Looking for counterexamples helped refine the conditions of the original claim.,vocab_b2_0619
요약 문단,yoyak mundan,zusammenfassender Absatz,B2,Ausdruck,요약 문단에는 본문에서 검토한 내용만 담고 새로운 주장은 넣지 않았다.,Der zusammenfassende Absatz enthielt nur im Haupttext behandelte Inhalte und keine neuen Behauptungen.,Kurzreferat,b2_research_summary_1,10,true,summary paragraph,Expression,The summary paragraph included only material examined in the main text and introduced no new claims.,vocab_b2_0620
후속 조사,husok josa,Folgeuntersuchung,B2,Ausdruck,이번 조사에서 확인하지 못한 장기 효과는 후속 조사에서 살펴보기로 했다.,"Langfristige Wirkungen, die in dieser Untersuchung nicht geprüft werden konnten, sollen in einer Folgestudie untersucht werden.",Kurzreferat,b2_research_summary_1,11,true,follow-up study,Expression,Long-term effects not examined in this study were left for a follow-up investigation.,vocab_b2_0621
출처 목록,chulcheo mongnok,Quellenliste,B2,Ausdruck,출처 목록에는 본문에 인용한 자료를 빠짐없이 포함했다.,Die Quellenliste enthielt alle im Haupttext zitierten Materialien.,Kurzreferat,b2_research_summary_1,12,true,source list,Expression,The source list included every item cited in the main text.,vocab_b2_0622
불확실성 구간,bulhwaksilseong gugan,Unsicherheitsspanne,C1,Ausdruck,추정치를 제시할 때 불확실성 구간을 생략하면 결과가 실제보다 정확해 보일 수 있다.,"Wer bei einer Schätzung den Unsicherheitsbereich weglässt, kann das Ergebnis präziser erscheinen lassen, als es ist.",Evidenzvorbehalt,c1_evidence_caveat_1,1,false,uncertainty range,Expression,Omitting the uncertainty interval when presenting an estimate can make the result appear more precise than it is.,vocab_c1_0073
표본 편향,pyobon pyeonhyang,Stichprobenverzerrung,C1,Ausdruck,가능한 표본 편향을 먼저 밝혀야 비교 결과를 신중하게 해석할 수 있어요.,"Wenn wir mögliche Verzerrungen in der Stichprobe offenlegen, können wir den Vergleich vorsichtiger interpretieren.",Evidenzvorbehalt,c1_evidence_caveat_1,2,false,sample bias,Expression,Identifying possible sampling bias first helps us interpret the comparison cautiously.,vocab_c1_0074
과잉 일반화,gwaing ilbanhwa,Überverallgemeinerung,C1,Ausdruck,연구진은 과잉 일반화를 피하기 위해 결론의 적용 범위를 조사 참여자로 한정했다.,"Um eine übermäßige Verallgemeinerung zu vermeiden, beschränkte das Forschungsteam die Schlussfolgerungen auf die Befragten.",Evidenzvorbehalt,c1_evidence_caveat_1,3,false,overgeneralization,Expression,"To avoid overgeneralization, the researchers limited their conclusions to the survey participants.",vocab_c1_0075
신뢰 구간,silloe gugan,Konfidenzintervall,C1,Ausdruck,신뢰 구간이 넓다면 집단 간 순위 차이를 단정하기 어려워요.,Bei breiten Konfidenzintervallen lässt sich die Rangfolge der Gruppen nur schwer eindeutig bestimmen.,Evidenzvorbehalt,c1_evidence_caveat_1,4,false,confidence interval,Expression,"With wide confidence intervals, it is hard to make a firm claim about how the groups rank.",vocab_c1_0076
자료의 한계,jaryoui hangye,Grenzen der Daten,C1,Ausdruck,자료의 한계를 첫 문단에 밝혀 결과를 과대해석하지 않도록 해요.,"Ich nenne die Grenzen der Daten gleich im ersten Absatz, damit die Ergebnisse nicht überinterpretiert werden.",Evidenzvorbehalt,c1_evidence_caveat_1,5,false,limitations of the data,Expression,I state the data's limitations in the opening paragraph to discourage overinterpretation.,vocab_c1_0077
주장의 강도,jujangui gangdo,Stärke der Aussage,C1,Ausdruck,주장의 강도는 자료가 뒷받침하는 수준에 맞춰요.,"Ich passe die Stärke der Aussage daran an, was die Daten tatsächlich belegen.",Evidenzvorbehalt,c1_evidence_caveat_1,6,false,strength of the claim,Expression,I calibrate the strength of the claim to what the data can support.,vocab_c1_0078
관측 공백,gwancheuk gongbaek,Beobachtungslücke,C1,Ausdruck,장비 고장으로 생긴 관측 공백 때문에 그달의 변화는 정확히 파악하기 어렵다.,Wegen einer durch einen Geräteausfall entstandenen Beobachtungslücke lässt sich die Veränderung in diesem Monat nicht genau bestimmen.,Evidenzvorbehalt,c1_evidence_caveat_1,7,false,observation gap,Expression,A gap in observations caused by equipment failure makes it difficult to determine the change that month precisely.,vocab_c1_0079
측정 오차,cheukjeong ocha,Messfehler,C1,Ausdruck,두 값의 차이가 측정 오차보다 작다면 실제 차이라고 단정하기 어렵다.,"Ist die Differenz zwischen zwei Werten kleiner als der Messfehler, lässt sich kaum behaupten, dass ein tatsächlicher Unterschied vorliegt.",Evidenzvorbehalt,c1_evidence_caveat_1,8,false,measurement error,Expression,"If the difference between two values is smaller than the measurement error, it is hard to conclude that the difference is real.",vocab_c1_0080
인과 단정,ingwa danjeong,Behauptung eines Kausalzusammenhangs,C1,Ausdruck,기사에서 상관관계만을 근거로 인과 단정을 하면 독자가 연구 결과를 오해할 수 있다.,"Wenn ein Artikel allein aus einer Korrelation auf Kausalität schließt, können Lesende die Forschungsergebnisse missverstehen.",Evidenzvorbehalt,c1_evidence_caveat_1,9,false,assertion of causation,Expression,Readers may misunderstand research findings if an article asserts causation based only on a correlation.,vocab_c1_0081
재현 여부,jaehyeon yeobu,ob ein Ergebnis reproduziert werden kann,C1,Ausdruck,연구 결과의 재현 여부를 확인하기 위해 다른 연구팀이 동일한 절차로 실험을 진행했다.,"Um zu prüfen, ob sich die Ergebnisse reproduzieren lassen, führte ein anderes Forschungsteam das Experiment nach demselben Verfahren durch.",Evidenzvorbehalt,c1_evidence_caveat_1,10,true,whether a result can be reproduced,Expression,Another research team repeated the experiment using the same procedure to check whether the results could be reproduced.,vocab_c1_0082
선택 보고,seontaek bogo,selektives Berichten,C1,Ausdruck,유리한 결과만 제시하는 선택 보고를 막으려면 분석한 지표를 모두 공개해야 한다.,"Um zu verhindern, dass nur günstige Ergebnisse berichtet werden, sollten alle untersuchten Kennzahlen offengelegt werden.",Evidenzvorbehalt,c1_evidence_caveat_1,11,true,selective reporting,Expression,Preventing selective reporting of favorable results requires disclosing all the measures analyzed.,vocab_c1_0083
잠정 결론,jamjeong gyeollon,vorläufiges Fazit,C1,Ausdruck,잠정 결론이라고 명시하면 추가 자료에 따라 해석이 바뀔 수 있음을 알릴 수 있어요.,"Wenn wir das Fazit als vorläufig kennzeichnen, machen wir deutlich, dass weitere Daten die Deutung verändern können.",Evidenzvorbehalt,c1_evidence_caveat_1,12,true,provisional conclusion,Expression,Calling the conclusion provisional signals that further evidence may change the interpretation.,vocab_c1_0084
브리핑 문안,beuriping munan,Text für ein Briefing,C1,Ausdruck,브리핑 문안에는 확인된 사실과 아직 확인 중인 내용을 구분해 적었다.,"Im Text für das Briefing wurden bestätigte Fakten von Angaben unterschieden, die noch überprüft werden.",Öffentliche Lage,c1_public_briefing_1,1,false,briefing text,Expression,The briefing text distinguished confirmed facts from information still being checked.,vocab_c1_0085
위험 등급,wiheom deunggeup,Risikostufe,C1,Ausdruck,기관은 위험 등급을 높인 이유와 판단 기준을 함께 공개했다.,Die Behörde veröffentlichte sowohl die Gründe für die höhere Risikostufe als auch die Entscheidungskriterien.,Öffentliche Lage,c1_public_briefing_1,2,false,risk level,Expression,The agency published both the reasons for raising the risk level and the criteria used.,vocab_c1_0086
비전문가 설명,bijeonmunga seolmyeong,Erklärung für Nichtfachleute,C1,Ausdruck,연구팀은 비전문가 설명을 별도로 작성해 전문 용어의 뜻과 연구의 한계를 풀어 썼다.,"Das Forschungsteam verfasste eine separate Erklärung für ein nicht fachkundiges Publikum, in der Fachbegriffe und die Grenzen der Studie erläutert wurden.",Öffentliche Lage,c1_public_briefing_1,3,false,explanation for non-specialists,Expression,"The research team prepared a separate explanation for non-specialists, clarifying technical terms and the study's limitations.",vocab_c1_0087
질의 시간,jirui sigan,Zeit für Fragen,C1,Ausdruck,브리핑이 끝난 뒤에는 기자들의 질의 시간을 충분히 확보했다.,Nach dem Briefing wurde ausreichend Zeit für Fragen der Presse eingeräumt.,Öffentliche Lage,c1_public_briefing_1,4,false,question period,Expression,Enough time was allowed for questions from the press after the briefing.,vocab_c1_0088
오해 예방,ohae yebang,Vermeidung von Missverständnissen,C1,Ausdruck,오해 예방을 위해 비율뿐 아니라 전체 조사 대상 수와 해당 사례 수를 함께 제시했다.,"Um Missverständnisse zu vermeiden, wurden neben dem Anteil auch die Gesamtzahl der untersuchten Fälle und die Zahl der betreffenden Fälle angegeben.",Öffentliche Lage,c1_public_briefing_1,5,false,prevention of misunderstanding,Expression,"To prevent misunderstanding, the percentage was presented alongside the total number of cases examined and the number of relevant cases.",vocab_c1_0089
속보 자제,sokbo jaje,Zurückhaltung bei Eilmeldungen,C1,Ausdruck,"확인 전에는 속보 자제가 필요하며, 다음 확인 시각을 안내해야 합니다.",Vor der Prüfung sollten Eilmeldungen zurückgehalten und der Zeitpunkt der nächsten Überprüfung genannt werden.,Öffentliche Lage,c1_public_briefing_1,6,false,holding back a breaking update,Expression,"Before verification, breaking updates should be held back and the next check time made clear.",vocab_c1_0090
공동 발표,gongdong balpyo,gemeinsame Erklärung,C1,Ausdruck,공동 발표 전에 기관별 수치가 다른 이유와 집계 기준을 확인해요.,"Vor einer gemeinsamen Erklärung prüfen wir, warum die Zahlen der beteiligten Stellen voneinander abweichen und wie sie jeweils berechnet wurden.",Öffentliche Lage,c1_public_briefing_1,7,false,joint statement,Expression,"Before a joint statement, we check why the agencies report different figures and how each figure was calculated.",vocab_c1_0091
시각 자료,sigak jaryo,Schaubild,C1,Ausdruck,시각 자료를 설명하기 전에 축의 의미부터 확인해요.,"Bevor ich die Grafik erkläre, prüfe ich, was die Achsen bedeuten.",Öffentliche Lage,c1_public_briefing_1,8,false,visual aid,Expression,"Before explaining the chart, I check what its axes mean.",vocab_c1_0092
정정 창구,jeongjeong changgu,Kontaktstelle für Korrekturen,C1,Ausdruck,잘못된 수치를 발견한 독자가 연락할 수 있도록 기사 하단에 정정 창구를 안내했다.,"Unter dem Artikel wurde eine Kontaktstelle für Korrekturen genannt, an die sich Lesende bei fehlerhaften Zahlen wenden können.",Öffentliche Lage,c1_public_briefing_1,9,false,contact for corrections,Expression,A contact for corrections was listed below the article so readers could report incorrect figures.,vocab_c1_0093
행동 권고,haengdong gwongo,Handlungsempfehlung,C1,Ausdruck,행동 권고에는 어떤 사람이 언제까지 무엇을 해야 하는지 구체적으로 적어야 한다.,"Handlungsempfehlungen sollten konkret angeben, wer was bis wann tun soll.",Öffentliche Lage,c1_public_briefing_1,10,true,recommendation for action,Expression,Recommendations for action should specify who should do what and by when.,vocab_c1_0094
자료 공개일,jaryo gonggaeil,Datum der Datenveröffentlichung,C1,Ausdruck,자료 공개일을 앞당기면 검수 시간이 줄어들 수 있으므로 일정 조정이 필요하다.,"Wird der Veröffentlichungstermin vorgezogen, kann sich die Prüfzeit verkürzen; deshalb muss der Zeitplan angepasst werden.",Öffentliche Lage,c1_public_briefing_1,11,true,data release date,Expression,"Bringing the data release date forward may shorten the review period, so the schedule needs to be adjusted.",vocab_c1_0095
발언 기록,bareon girok,Aufzeichnung von Äußerungen,C1,Ausdruck,발언 기록을 당시 자료와 대조하면 발표 내용이 근거를 넘어서지 않았는지 확인할 수 있다.,"Ein Abgleich des Wortprotokolls mit den damaligen Unterlagen zeigt, ob die Aussagen über die vorhandenen Belege hinausgingen.",Öffentliche Lage,c1_public_briefing_1,12,true,record of statements,Expression,Comparing the record of statements with the materials available at the time can show whether the announcement went beyond the evidence.,vocab_c1_0096
문항 유도,munhang yudo,Suggestion durch die Frageformulierung,C1,Ausdruck,문항 유도를 줄이려면 질문과 선택지가 특정 답을 암시하는지 확인해요.,"Um Suggestion zu vermeiden, prüfe ich, ob Frage und Antwortoptionen eine bestimmte Antwort nahelegen.",Erhebungsdesign,c1_survey_design_1,1,false,leading question wording,Expression,"To reduce leading questions, I check whether the wording or answer options suggest a particular response.",vocab_c1_0097
무응답 처리,mueungdap cheori,Umgang mit fehlenden Antworten,C1,Ausdruck,무응답 처리 방식을 밝히지 않으면 비율의 산출 근거를 확인하기 어려워요.,"Ohne Angabe zum Umgang mit fehlenden Antworten lässt sich schwer prüfen, wie der Anteil berechnet wurde.",Erhebungsdesign,c1_survey_design_1,2,false,handling of missing responses,Expression,"Without an explanation of how missing responses were handled, it is hard to verify how the percentage was calculated.",vocab_c1_0098
가중치 부여,gajungchi buyeo,Gewichtung,C1,Nomen,보고서는 가중치 부여 전후의 결과를 나란히 제시해 조정의 영향을 보여 준다.,"Der Bericht stellt die Ergebnisse vor und nach der Gewichtung nebeneinander dar, um den Einfluss der Anpassung zu zeigen.",Erhebungsdesign,c1_survey_design_1,3,false,weighting,Noun,The report presents the results before and after weighting side by side to show the effect of the adjustment.,vocab_c1_0099
표집틀,pyojipteul,Auswahlrahmen,C1,Nomen,표집틀에 등록된 가구만 조사하면 등록되지 않은 가구의 의견은 빠질 수 있다.,"Wer nur Haushalte aus dem Auswahlrahmen befragt, erfasst möglicherweise nicht die Meinungen nicht registrierter Haushalte.",Erhebungsdesign,c1_survey_design_1,4,false,sampling frame,Noun,Surveying only households listed in the sampling frame may leave out the views of unregistered households.,vocab_c1_0100
사전 조사,sajeon josa,Pretest,C1,Nomen,사전 조사에서 응답자들이 다르게 이해한 문항은 본조사 전에 수정했다.,"Fragen, die im Pretest unterschiedlich verstanden wurden, wurden vor der Hauptbefragung überarbeitet.",Erhebungsdesign,c1_survey_design_1,5,false,pretest,Noun,Questions that respondents interpreted differently in the pretest were revised before the main survey.,vocab_c1_0101
응답 부담,eungdap budam,Belastung der Befragten,C1,Ausdruck,설문이 길어 응답 부담이 커지면 뒤쪽 문항의 응답 품질이 떨어질 수 있어요.,"Wenn ein Fragebogen lang ist und die Antwortlast steigt, kann die Qualität der Antworten auf spätere Fragen sinken.",Erhebungsdesign,c1_survey_design_1,6,false,respondent burden,Expression,"If a survey is long and responding becomes burdensome, the quality of answers to later questions may decline.",vocab_c1_0102
척도 간격,cheokdo gangyeok,Abstand zwischen Skalenwerten,C1,Ausdruck,척도 간격이 같은 의미를 갖는지 검토한 뒤 평균값을 사용할지 결정해야 한다.,"Ob ein Mittelwert verwendet wird, sollte erst nach Prüfung entschieden werden, ob die Skalenabstände gleichbedeutend sind.",Erhebungsdesign,c1_survey_design_1,7,false,scale interval,Expression,Whether to use a mean should be decided after examining whether the intervals on the scale represent equal differences.,vocab_c1_0103
개방형 코딩,gaebanghyeong koding,offenes Kodieren,C1,Ausdruck,개방형 코딩 과정에서는 인터뷰 자료에서 새로운 범주를 도출하고 그 근거를 기록한다.,Beim offenen Kodieren werden aus dem Interviewmaterial neue Kategorien entwickelt und ihre Grundlagen dokumentiert.,Erhebungsdesign,c1_survey_design_1,8,false,open coding,Expression,Open coding involves developing new categories from interview material and documenting the basis for them.,vocab_c1_0104
수집 시점,sujip sijeom,Zeitpunkt der Datenerhebung,C1,Ausdruck,여론조사의 수집 시점이 선거 직후였다는 점을 결과 해석에 반영해야 한다.,"Bei der Interpretation der Umfrageergebnisse ist zu berücksichtigen, dass die Daten unmittelbar nach der Wahl erhoben wurden.",Erhebungsdesign,c1_survey_design_1,9,false,data collection time,Expression,Interpretation of the poll needs to take into account that the data was collected immediately after the election.,vocab_c1_0105
비교 가능성,bigyo ganeungseong,Vergleichbarkeit,C1,Nomen,문항이 바뀌면 이전 결과와의 비교 가능성이 낮아질 수 있다고 적어요.,"Wenn sich die Frage ändert, vermerke ich, dass die Vergleichbarkeit mit früheren Ergebnissen eingeschränkt sein kann.",Erhebungsdesign,c1_survey_design_1,10,true,comparability,Noun,"If the question changes, I note that comparability with earlier results may be limited.",vocab_c1_0106
익명화 수준,ingmyeonghwa sujun,Anonymisierungsgrad,C1,Ausdruck,익명화 수준을 높이기 위해 지역 정보를 삭제하면 지역별 차이를 분석하기 어려워질 수 있다.,"Wer zur stärkeren Anonymisierung regionale Angaben entfernt, erschwert möglicherweise die Analyse regionaler Unterschiede.",Erhebungsdesign,c1_survey_design_1,11,true,anonymization level,Expression,Removing location information to increase anonymization may make regional differences harder to analyze.,vocab_c1_0107
설계 메모,seolgye memo,Notiz zum Untersuchungsdesign,C1,Ausdruck,설계 메모를 공개하면 나중에 조사 결과를 재해석하는 데 도움이 돼요.,"Eine veröffentlichte Notiz zum Untersuchungsdesign kann helfen, die Ergebnisse später neu einzuordnen.",Erhebungsdesign,c1_survey_design_1,12,true,study design note,Expression,Publishing the design memo can help others reassess the survey results later.,vocab_c1_0108
상대 위험,sangdae wiheom,relatives Risiko,C1,Ausdruck,상대 위험의 증가율만 제시하면 실제 발생 건수가 얼마나 적거나 많은지 알기 어렵다.,"Wird nur der Anstieg des relativen Risikos angegeben, bleibt unklar, wie niedrig oder hoch die tatsächliche Fallzahl ist.",Risikosprache,c1_risk_wording_1,1,false,relative risk,Expression,Reporting only the increase in relative risk makes it difficult to tell how low or high the actual number of cases is.,vocab_c1_0109
절대 건수,jeoldae geonsu,absolute Fallzahl,C1,Ausdruck,비율의 변화를 실제 규모와 연결해 해석하려면 절대 건수도 함께 제시해야 해요.,"Um eine Veränderung der Quote in ihrer tatsächlichen Größenordnung einzuordnen, müssen wir auch die absolute Fallzahl angeben.",Risikosprache,c1_risk_wording_1,2,false,absolute number of cases,Expression,"To relate a change in rates to its actual scale, we also need to report the absolute number of cases.",vocab_c1_0110
잔여 위험,janyeo wiheom,Restrisiko,C1,Ausdruck,안전 조치를 도입하더라도 잔여 위험이 남을 수 있다는 점을 설명해야 한다.,"Auch nach Einführung von Sicherheitsmaßnahmen sollte erklärt werden, dass ein Restrisiko bestehen bleiben kann.",Risikosprache,c1_risk_wording_1,3,false,residual risk,Expression,"Even after safety measures are introduced, it should be explained that some residual risk may remain.",vocab_c1_0111
조기 경보,jogi gyeongbo,Frühwarnung,C1,Nomen,조기 경보 체계의 성능을 평가할 때는 놓친 위험과 오탐을 함께 살펴야 한다.,Bei der Bewertung eines Frühwarnsystems sollten sowohl übersehene Gefahren als auch Fehlalarme berücksichtigt werden.,Risikosprache,c1_risk_wording_1,4,false,early warning,Noun,Evaluating an early warning system requires considering both missed threats and false alarms.,vocab_c1_0112
오탐 비율,otam biyul,Falschalarmquote,C1,Ausdruck,오탐 비율이 높으면 이용자가 실제 위험을 알리는 경보까지 무시할 수 있다.,Bei einer hohen Falschalarmquote können Nutzende auch Warnungen vor tatsächlichen Gefahren ignorieren.,Risikosprache,c1_risk_wording_1,5,false,false-alarm rate,Expression,A high false-alarm rate may lead users to ignore warnings about real threats as well.,vocab_c1_0113
노출 시간,nochul sigan,Expositionsdauer,C1,Ausdruck,유해 물질의 농도만 제시하지 말고 노출 시간도 함께 고려해야 한다.,Neben der Konzentration eines Schadstoffs sollte auch die Expositionsdauer berücksichtigt werden.,Risikosprache,c1_risk_wording_1,6,false,exposure time,Expression,The duration of exposure should be considered alongside the concentration of a harmful substance.,vocab_c1_0114
취약 집단,chwiyak jipdan,vulnerable Gruppe,C1,Ausdruck,폭염 대책을 평가할 때는 취약 집단의 피해가 전체 평균에 가려지지 않도록 해야 한다.,Bei der Bewertung von Maßnahmen gegen Hitze dürfen Schäden bei besonders gefährdeten Gruppen nicht im Gesamtdurchschnitt untergehen.,Risikosprache,c1_risk_wording_1,7,false,vulnerable group,Expression,"When assessing heat-response measures, harm to vulnerable groups should not be obscured by the overall average.",vocab_c1_0115
행동 문턱,haengdong munteok,Schwellenwert für Maßnahmen,C1,Ausdruck,행동 문턱을 수치로 정해 두면 현장 판단의 기준이 더 분명해져요.,Ein numerischer Schwellenwert für Maßnahmen macht die Entscheidungsgrundlage vor Ort klarer.,Risikosprache,c1_risk_wording_1,8,false,action threshold,Expression,A numeric threshold for action makes the basis for decisions on site clearer.,vocab_c1_0116
소통 톤,sotong ton,Ton der Kommunikation,C1,Ausdruck,위험 소통 톤은 차분하게 유지하되 필요한 조치의 긴급성까지 낮추어서는 안 된다.,"Der Ton der Risikokommunikation sollte ruhig bleiben, ohne die Dringlichkeit notwendiger Maßnahmen herunterzuspielen.",Risikosprache,c1_risk_wording_1,9,false,communication tone,Expression,Risk communication should remain calm without downplaying the urgency of necessary action.,vocab_c1_0117
갱신 주기,gaengsin jugi,Aktualisierungsintervall,C1,Ausdruck,기관은 상황 보고의 갱신 주기를 안내하고 새 정보가 없을 때도 그 사실을 알렸다.,"Die Behörde gab den Aktualisierungsrhythmus ihrer Lageberichte bekannt und teilte auch mit, wenn keine neuen Informationen vorlagen.",Risikosprache,c1_risk_wording_1,10,true,update interval,Expression,The agency announced how often it would update its situation reports and also stated when there was no new information.,vocab_c1_0118
비교 기준점,bigyo gijunjeom,Vergleichsbasis,C1,Ausdruck,비교 기준점을 전년으로 잡을지 여러 해의 평균으로 잡을지에 따라 증가율이 달라질 수 있다.,"Je nachdem, ob das Vorjahr oder ein mehrjähriger Durchschnitt als Vergleichsbasis dient, kann die Wachstumsrate unterschiedlich ausfallen.",Risikosprache,c1_risk_wording_1,11,true,comparison baseline,Expression,The growth rate may differ depending on whether the comparison baseline is the previous year or a multi-year average.,vocab_c1_0119
경고 피로,gyeonggo piro,Warnmüdigkeit,C1,Ausdruck,경고 피로를 줄이려면 중요도가 낮은 알림과 긴급 경보를 구분해야 한다.,"Um Warnmüdigkeit zu verringern, sollten weniger wichtige Hinweise von dringenden Warnungen unterschieden werden.",Risikosprache,c1_risk_wording_1,12,true,alert fatigue,Expression,Reducing alert fatigue requires distinguishing low-priority notifications from urgent warnings.,vocab_c1_0120
접근 비용,jeopgeun biyong,Zugangskosten,C1,Ausdruck,공공시설의 접근 비용을 계산할 때는 이용 요금뿐 아니라 이동 시간도 포함해야 한다.,Bei der Berechnung der Zugangskosten zu öffentlichen Einrichtungen sollte neben den Gebühren auch die Anfahrtszeit berücksichtigt werden.,Zugangskosten,c1_access_cost_1,1,false,access cost,Expression,Calculating the cost of accessing public facilities should include travel time as well as user fees.,vocab_c1_0121
유지·관리 비용,yujigwalli biyong,laufende Wartungskosten,C1,Ausdruck,초기 설치비와 유지·관리 비용을 구분해서 적습니다.,Ich führe die anfänglichen Installationskosten und die laufenden Wartungskosten getrennt auf.,Zugangskosten,c1_access_cost_1,2,false,maintenance costs,Expression,I list initial installation costs and ongoing maintenance costs separately.,vocab_c1_0122
선택권 축소,seontaekgwon chukso,Einschränkung der Wahlmöglichkeiten,C1,Ausdruck,온라인 신청만 허용하는 방안은 효율을 높일 수 있지만 이용자의 선택권 축소로 이어질 수 있다.,"Ein ausschließlich digitales Antragsverfahren kann die Effizienz erhöhen, aber auch die Wahlmöglichkeiten der Nutzenden einschränken.",Zugangskosten,c1_access_cost_1,3,false,reduction in choice,Expression,Allowing only online applications may improve efficiency but can also reduce users' options.,vocab_c1_0123
우회 경로,uhoe gyeongno,alternativer Weg,C1,Ausdruck,주 출입구가 공사 중이므로 휠체어 이용자도 사용할 수 있는 우회 경로를 안내해야 한다.,"Da der Haupteingang wegen Bauarbeiten geschlossen ist, muss ein Umweg ausgeschildert werden, den auch Rollstuhlnutzende nehmen können.",Zugangskosten,c1_access_cost_1,4,false,alternative route,Expression,"Since the main entrance is under construction, an alternative route accessible to wheelchair users needs to be signposted.",vocab_c1_0124
보조 인력,bojo innyeok,Assistenzkraft,C1,Ausdruck,새 장비의 도입 예산에는 이용을 돕는 보조 인력의 비용도 포함되어야 한다.,"Das Budget für neue Geräte sollte auch die Kosten für Personal umfassen, das bei der Nutzung unterstützt.",Zugangskosten,c1_access_cost_1,5,false,support staff,Expression,The budget for new equipment should also cover support staff who help people use it.,vocab_c1_0125
예약 장벽,yeyak jangbyeok,Buchungshürde,C1,Ausdruck,예약 장벽이 앱 전용 절차라면 창구에서도 예약할 수 있게 해요.,"Wenn die Buchung nur per App möglich ist und dadurch eine Hürde entsteht, ermögliche ich auch Reservierungen am Schalter.",Zugangskosten,c1_access_cost_1,6,false,booking barrier,Expression,"If requiring an app creates a booking barrier, I also allow reservations at a service desk.",vocab_c1_0126
대기 불이익,daegi buriik,Nachteile durch Wartezeiten,C1,Ausdruck,대기 불이익이 저녁 시간대 이용자에게 집중되는지 예약 기록을 분석했다.,"Die Buchungsdaten wurden daraufhin untersucht, ob sich Nachteile durch Wartezeiten auf die Abendstunden konzentrieren.",Zugangskosten,c1_access_cost_1,7,false,disadvantages from waiting,Expression,Booking records were analyzed to see whether disadvantages from waiting were concentrated among evening users.,vocab_c1_0127
요금 누진,yogeum nujin,progressive Tarifstruktur,C1,Ausdruck,요금 누진 구조가 가구별 부담에 미치는 영향을 사용량에 따라 비교했다.,Der Einfluss der progressiven Tarifstruktur auf die Belastung der Haushalte wurde nach Verbrauch verglichen.,Zugangskosten,c1_access_cost_1,8,false,progressive tariff structure,Expression,The effect of the progressive tariff structure on household costs was compared across consumption levels.,vocab_c1_0128
정보 접근,jeongbo jeopgeun,Informationszugang,C1,Ausdruck,정보 접근이 한국어 안내로 제한된다면 다른 언어로 된 요약도 덧붙여요.,"Wenn die Informationen nur auf Koreanisch zugänglich sind, ergänze ich eine Zusammenfassung in einer weiteren Sprache.",Zugangskosten,c1_access_cost_1,9,false,information access,Expression,"If access to the information is limited to Korean, I add a summary in another language.",vocab_c1_0129
현장 동선,hyeonjang dongseon,Wegeführung vor Ort,C1,Ausdruck,현장 동선에 계단만 있는지 점검하고 이동이 어려운 이용자를 위한 대안을 마련했다.,Die Wege vor Ort wurden auf Treppen überprüft und Alternativen für Menschen mit eingeschränkter Mobilität geschaffen.,Zugangskosten,c1_access_cost_1,10,true,on-site route layout,Expression,"Routes on site were checked for stairs, and alternatives were provided for users with limited mobility.",vocab_c1_0130
지속 운영 조건,jisok unyeong jogeon,Bedingungen für einen dauerhaften Betrieb,C1,Ausdruck,지속 운영 조건에 인력 교대 계획이 빠지면 서비스가 중단될 수 있어요.,"Fehlt ein Plan für den Personalwechsel in den Bedingungen für einen dauerhaften Betrieb, kann der Dienst ausfallen.",Zugangskosten,c1_access_cost_1,11,true,conditions for continued operation,Expression,"If staff rotation is left out of the conditions for keeping the service running, the service may be interrupted.",vocab_c1_0131
비용 전가,biyong jeonga,Kostenverschiebung,C1,Ausdruck,운영 비용 전가로 이용 요금이 오르면 저소득층의 접근성이 낮아질 수 있다.,"Werden Betriebskosten auf die Gebühren umgelegt, kann sich der Zugang für Menschen mit geringem Einkommen verschlechtern.",Zugangskosten,c1_access_cost_1,12,true,cost shift,Expression,Passing operating costs on through higher user fees may reduce access for people on low incomes.,vocab_c1_0132
참여 장벽,chamyeo jangbyeok,Teilnahmehürde,C1,Ausdruck,"설문에서는 참여 장벽으로 시간 부족, 언어의 어려움, 이동 부담이 제시되었다.","In der Befragung wurden Zeitmangel, sprachliche Schwierigkeiten und der Aufwand für die Anreise als Teilnahmehürden genannt.",Beteiligungsdesign,c1_participation_design_1,1,false,participation barrier,Expression,"The survey identified lack of time, language difficulties, and travel demands as barriers to participation.",vocab_c1_0133
발언 할당,bareon haldang,Zuteilung von Redezeit,C1,Ausdruck,회의의 발언 할당 방식을 정할 때는 먼저 신청한 사람에게만 기회가 집중되지 않도록 해야 한다.,"Bei der Verteilung der Redezeit in einer Sitzung sollte verhindert werden, dass nur früh angemeldete Personen zu Wort kommen.",Beteiligungsdesign,c1_participation_design_1,2,false,allocation of speaking opportunities,Expression,"When allocating speaking opportunities at a meeting, care should be taken not to favor only those who signed up first.",vocab_c1_0134
대리 참여,daeri chamyeo,Stellvertretung,C1,Ausdruck,대리 참여를 허용한다면 위임 범위를 짧고 명확하게 적어요.,"Wenn eine Vertretung zulässig ist, halte ich den Umfang der Bevollmächtigung knapp und klar fest.",Beteiligungsdesign,c1_participation_design_1,3,false,proxy participation,Expression,"If proxy participation is allowed, I state the scope of authorization briefly and clearly.",vocab_c1_0135
피드백 순환,pideubaek sunhwan,Rückmeldeschleife,C1,Ausdruck,참여자의 제안이 어떻게 반영되었는지 알려 주는 피드백 순환이 있어야 공동 설계가 이어질 수 있다.,"Eine Rückmeldeschleife, die zeigt, wie Vorschläge aufgegriffen wurden, hilft, die gemeinsame Gestaltung fortzuführen.",Beteiligungsdesign,c1_participation_design_1,4,false,feedback loop,Expression,A feedback loop showing how participants' suggestions were used helps sustain co-design.,vocab_c1_0136
의제 설정권,uije seoljeonggwon,Agendahoheit,C1,Ausdruck,의제 설정권을 주최 측만 가지면 논의 결과가 한쪽으로 기울 수 있어요.,"Wenn nur die veranstaltende Seite die Tagesordnung bestimmt, kann das Ergebnis der Diskussion einseitig ausfallen.",Beteiligungsdesign,c1_participation_design_1,5,false,agenda power,Expression,"If only the organizers set the agenda, the outcome of the discussion may be one-sided.",vocab_c1_0137
소수 의견,sosu uigyeon,Minderheitsmeinung,C1,Ausdruck,회의록에는 표결 결과와 함께 소수 의견의 근거도 남겼다.,Im Sitzungsprotokoll wurden neben dem Abstimmungsergebnis auch die Gründe für die Minderheitsposition festgehalten.,Beteiligungsdesign,c1_participation_design_1,6,false,minority view,Expression,The minutes recorded the reasoning behind the minority view alongside the vote result.,vocab_c1_0138
접근 가능한 장소,jeopgeun ganeunghan jangso,barrierearmer Ort,C1,Ausdruck,접근 가능한 장소를 확보하기 어려우면 온라인 참여를 병행하는 방안을 검토해야 한다.,"Lässt sich kein barrierefrei zugänglicher Veranstaltungsort finden, sollte eine zusätzliche Online-Teilnahme geprüft werden.",Beteiligungsdesign,c1_participation_design_1,7,false,accessible venue,Expression,"If an accessible venue is difficult to secure, offering online participation as well should be considered.",vocab_c1_0139
통역 지원,tongyeok jiwon,Unterstützung durch Dolmetschleistungen,C1,Ausdruck,다양한 언어를 쓰는 주민이 참여할 수 있도록 행사 예산에 통역 지원을 포함했다.,"Das Veranstaltungsbudget enthielt Mittel für Dolmetschleistungen, damit Menschen mit unterschiedlichen Sprachen teilnehmen können.",Beteiligungsdesign,c1_participation_design_1,8,false,interpreting support,Expression,The event budget included interpreting support so residents who speak different languages could participate.,vocab_c1_0140
사전 자료,sajeon jaryo,Unterlagen zur Vorbereitung,C1,Ausdruck,사전 자료를 회의 사흘 전에 보내면 참석자가 쟁점을 미리 검토할 수 있어요.,"Wenn die Unterlagen drei Tage vor der Sitzung verschickt werden, können die Teilnehmenden die Themen vorab prüfen.",Beteiligungsdesign,c1_participation_design_1,9,false,background materials,Expression,Sending the background materials three days before the meeting gives participants time to review the issues.,vocab_c1_0141
참여 피로,chamyeo piro,Beteiligungsmüdigkeit,C1,Ausdruck,잦은 회의로 생기는 참여 피로를 줄이기 위해 일정과 논의할 안건을 조정했다.,"Um die Belastung durch häufige Treffen zu verringern, wurden Termine und Tagesordnungspunkte angepasst.",Beteiligungsdesign,c1_participation_design_1,10,true,engagement fatigue,Expression,The schedule and agenda were adjusted to reduce participation fatigue from frequent meetings.,vocab_c1_0142
결정 결과 공유,gyeoljeong gyeolgwa gongyu,Mitteilung der Entscheidung,C1,Ausdruck,결정 결과 공유가 늦어지면 다음 참여율이 낮아질 수 있어요.,"Wenn die Beteiligten erst spät über die Entscheidung informiert werden, beteiligen sie sich beim nächsten Mal möglicherweise seltener.",Beteiligungsdesign,c1_participation_design_1,11,true,sharing the decision,Expression,"If participants are told about the decision too late, they may be less likely to take part next time.",vocab_c1_0143
공동 설계,gongdong seolgye,Mitgestaltung,C1,Nomen,공동 설계 과정에서는 이용자의 요구와 예산상의 제약을 함께 검토한다.,Bei der gemeinsamen Gestaltung werden die Bedürfnisse der Nutzenden und die finanziellen Grenzen zusammen betrachtet.,Beteiligungsdesign,c1_participation_design_1,12,true,co-design,Noun,Co-design involves considering users' needs alongside budget constraints.,vocab_c1_0144
지역 여건,jiyeok yeogeon,lokale Bedingungen,C1,Ausdruck,전국 평균만을 기준으로 계획하면 교통과 인구 구성 같은 지역 여건을 놓칠 수 있다.,"Wer ausschließlich mit dem Landesdurchschnitt plant, übersieht möglicherweise lokale Bedingungen wie Verkehr und Bevölkerungsstruktur.",Ortliche Abwägung,c1_local_tradeoff_1,1,false,local conditions,Expression,Planning solely around national averages may overlook local conditions such as transport and demographics.,vocab_c1_0145
야간 소음 한도,yagan soeum hando,nächtlicher Lärmgrenzwert,C1,Ausdruck,야간 소음 한도를 낮추는 방안을 검토하면서 배송 시간 조정의 영향도 살폈다.,Bei der Prüfung einer niedrigeren nächtlichen Lärmgrenze wurden auch die Folgen angepasster Lieferzeiten untersucht.,Ortliche Abwägung,c1_local_tradeoff_1,2,false,nighttime noise limit,Expression,"When considering a lower nighttime noise limit, the effects of adjusting delivery hours were also examined.",vocab_c1_0146
녹지 보전,nokji bojeon,Erhalt von Grünflächen,C1,Ausdruck,같은 부지에서 주차장을 늘리려면 녹지 보전과 충돌하는 부분을 검토해야 한다.,"Soll auf demselben Grundstück mehr Parkraum entstehen, müssen Konflikte mit dem Erhalt von Grünflächen geprüft werden.",Ortliche Abwägung,c1_local_tradeoff_1,3,false,green-space preservation,Expression,Adding parking on the same site requires examining where it conflicts with preserving green space.,vocab_c1_0147
상권 이전,sanggwon ijeon,Verlagerung eines Geschäftsviertels,C1,Ausdruck,상권 이전으로 빈 점포가 늘어날 경우 주변 골목의 보행 환경도 달라질 수 있다.,"Wenn durch die Verlagerung des Geschäftsviertels mehr Läden leer stehen, kann sich auch das Umfeld für Fußgänger in den benachbarten Gassen verändern.",Ortliche Abwägung,c1_local_tradeoff_1,4,false,relocation of a commercial district,Expression,"If relocating a commercial district leaves more shops vacant, conditions for pedestrians in nearby streets may also change.",vocab_c1_0148
통행 우회,tonghaeng uhoe,Verkehrsumleitung,C1,Ausdruck,공사에 따른 통행 우회 경로가 학교 앞을 지나므로 등하교 시간의 안전을 따로 검토했다.,"Da die baubedingte Umleitung an einer Schule vorbeiführt, wurde die Sicherheit zu Schulbeginn und Schulschluss gesondert geprüft.",Ortliche Abwägung,c1_local_tradeoff_1,5,false,traffic diversion,Expression,"Since the construction-related diversion passes a school, safety during arrival and dismissal times was examined separately.",vocab_c1_0149
보상 대상,bosang daesang,Entschädigungsberechtigte,C1,Ausdruck,보상 대상을 건물주로 한정하면 이주 비용을 부담하는 세입자가 제외될 수 있다.,"Werden nur Eigentümer entschädigt, können Mietende ausgeschlossen werden, die Umzugskosten tragen müssen.",Ortliche Abwägung,c1_local_tradeoff_1,6,false,parties eligible for compensation,Expression,Limiting compensation to property owners may exclude tenants who face relocation costs.,vocab_c1_0150
계절 제약,gyejeol jeyak,saisonale Einschränkung,C1,Ausdruck,장마철이라는 계절 제약을 고려해 외부 공사는 우기가 끝난 뒤로 계획했다.,Unter Berücksichtigung der Regenzeit wurden die Außenarbeiten für die Zeit danach geplant.,Ortliche Abwägung,c1_local_tradeoff_1,7,false,seasonal constraint,Expression,Outdoor construction was scheduled after the rainy season to account for seasonal constraints.,vocab_c1_0151
공유 편익,gongyu pyeonik,geteilter Nutzen,C1,Ausdruck,주민이 누릴 공유 편익을 설명할 때는 일부 집단에 생길 부담도 함께 밝혀야 한다.,"Wer den gemeinsamen Nutzen für die Bevölkerung erklärt, sollte auch Belastungen für einzelne Gruppen offenlegen.",Ortliche Abwägung,c1_local_tradeoff_1,8,false,shared benefit,Expression,"When explaining shared benefits for residents, the burdens on particular groups should also be disclosed.",vocab_c1_0152
이전 비용,ijeon biyong,Verlagerungskosten,C1,Ausdruck,사업장 이전 비용에는 이사비뿐 아니라 영업 중단에 따른 손실도 포함될 수 있다.,Zu den Kosten einer Geschäftsverlagerung können neben dem Umzug auch Verluste durch Betriebsunterbrechungen gehören.,Ortliche Abwägung,c1_local_tradeoff_1,9,false,relocation cost,Expression,The cost of relocating a business may include losses from interrupted operations as well as moving expenses.,vocab_c1_0153
야간 조명,yagan jomyeong,nächtliche Beleuchtung,C1,Ausdruck,야간 조명을 늘릴 때는 보행 안전과 주변 주민의 수면에 미칠 영향을 함께 살펴요.,Bei zusätzlicher Nachtbeleuchtung prüfen wir sowohl die Sicherheit der zu Fuß Gehenden als auch mögliche Auswirkungen auf den Schlaf der Anwohnenden.,Ortliche Abwägung,c1_local_tradeoff_1,10,true,night lighting,Expression,"When adding night lighting, we consider both pedestrian safety and possible effects on nearby residents’ sleep.",vocab_c1_0154
이용 시간대,iyong sigandae,Nutzungsfenster,C1,Ausdruck,시설의 이용 시간대를 나누어 배정하면 여러 집단이 같은 공간을 공유할 수 있다.,"Werden einer Einrichtung unterschiedliche Nutzungszeiten zugewiesen, können mehrere Gruppen denselben Raum teilen.",Ortliche Abwägung,c1_local_tradeoff_1,11,true,hours of use,Expression,Allocating different usage hours allows several groups to share the same facility.,vocab_c1_0155
현장 실험,hyeonjang silheom,Feldversuch,C1,Ausdruck,한 달간의 현장 실험을 통해 소음과 통행 불편에 관한 주민 의견을 수집했다.,In einem einmonatigen Feldversuch wurden Rückmeldungen der Bevölkerung zu Lärm und Verkehrsbehinderungen gesammelt.,Ortliche Abwägung,c1_local_tradeoff_1,12,true,field trial,Expression,A month-long field trial collected residents' feedback on noise and travel disruptions.,vocab_c1_0156
운영 인력,unyeong innyeok,Personal für den Betrieb,C1,Ausdruck,운영 인력을 자원봉사에만 의존하면 참여자가 줄어들 때 서비스를 유지하기 어려울 수 있다.,"Wer beim Betrieb ausschließlich auf Ehrenamtliche setzt, kann Schwierigkeiten bekommen, den Dienst bei sinkender Beteiligung aufrechtzuerhalten.",Betriebslast,c1_maintenance_burden_1,1,false,operating staff,Expression,Relying entirely on volunteers for staffing may make the service difficult to maintain when participation falls.,vocab_c1_0157
교체 주기,gyoche jugi,Austauschintervall,C1,Ausdruck,장비의 교체 주기를 예산에 반영하지 않으면 특정 연도에 지출이 집중될 수 있다.,"Wer die Austauschintervalle der Geräte im Budget nicht berücksichtigt, riskiert eine Häufung der Ausgaben in einem einzelnen Jahr.",Betriebslast,c1_maintenance_burden_1,2,false,replacement cycle,Expression,Failing to budget for equipment replacement cycles may concentrate spending in a single year.,vocab_c1_0158
예비 부품,yebi bupum,Ersatzteile,C1,Ausdruck,예비 부품이 확보되지 않으면 고장 난 승강기의 수리가 지연될 수 있다.,"Fehlen Ersatzteile, kann sich die Reparatur eines defekten Aufzugs verzögern.",Betriebslast,c1_maintenance_burden_1,3,false,spare parts,Expression,"Without spare parts, repairs to a broken elevator may be delayed.",vocab_c1_0159
점검 로그,jeomgeom rogeu,Prüfprotokoll,C1,Ausdruck,점검 로그에는 검사 날짜뿐 아니라 발견한 문제와 후속 조치도 기록해야 한다.,Ein Wartungsprotokoll sollte neben dem Prüfdatum auch festgestellte Probleme und Folgemaßnahmen enthalten.,Betriebslast,c1_maintenance_burden_1,4,false,inspection log,Expression,An inspection log should record problems found and follow-up action as well as the inspection date.,vocab_c1_0160
야간 당직,yagan dangjik,Nachtdienst,C1,Ausdruck,야간 당직을 한 사람이 계속 맡지 않도록 인력 배치와 휴식 시간을 조정했다.,"Der Personaleinsatz und die Ruhezeiten wurden so angepasst, dass nicht dauerhaft dieselbe Person den Nachtdienst übernimmt.",Betriebslast,c1_maintenance_burden_1,5,false,night duty,Expression,Staffing and rest periods were adjusted so that the same person would not continuously cover night duty.,vocab_c1_0161
교육 갱신,gyoyuk gaengsin,Schulungsauffrischung,C1,Ausdruck,절차가 바뀔 때마다 교육 갱신을 실시해 현장 직원이 새 기준을 이해하도록 했다.,"Bei jeder Verfahrensänderung wurden die Schulungen aktualisiert, damit das Personal vor Ort die neuen Vorgaben versteht.",Betriebslast,c1_maintenance_burden_1,6,false,refresher training,Expression,Training was updated whenever procedures changed so staff on site could understand the new standards.,vocab_c1_0162
복구 소요 시간,bokgu soyo sigan,Dauer bis zur Wiederherstellung,C1,Ausdruck,복구 소요 시간이 길어질 수 있다면 대체 수단도 마련해야 해요.,"Wenn die Wiederherstellung länger dauern könnte, müssen wir auch eine Alternative bereitstellen.",Betriebslast,c1_maintenance_burden_1,7,false,time to restore service,Expression,"If restoring service could take longer, we need a fallback as well.",vocab_c1_0163
예산 이월,yesan iwol,Mittelübertragung,C1,Ausdruck,예산 이월이 제한되면 남은 예산을 소진하기 위한 불필요한 지출이 발생할 수 있어요.,"Wenn die Übertragung von Haushaltsmitteln eingeschränkt ist, kann es zu unnötigen Ausgaben kommen, nur um das verbleibende Budget auszuschöpfen.",Betriebslast,c1_maintenance_burden_1,8,false,budget carryover,Expression,"If budget carryover is restricted, unnecessary spending may occur simply to use up the remaining budget.",vocab_c1_0164
사용자 신고,sayongja singo,Meldung durch Nutzende,C1,Ausdruck,사용자 신고 절차가 복잡하면 고장 사실을 파악하고 대응하는 데 시간이 더 걸릴 수 있다.,Ein kompliziertes Meldeverfahren für Nutzende kann die Erkennung und Behebung von Störungen verzögern.,Betriebslast,c1_maintenance_burden_1,9,false,user report,Expression,A complicated user-reporting process may delay identifying and responding to faults.,vocab_c1_0165
수명 예측,sumyeong yecheuk,Schätzung der Lebensdauer,C1,Ausdruck,장비 수명 예측이 지나치게 낙관적이면 교체에 필요한 예산이 부족해질 수 있다.,"Eine zu optimistische Schätzung der Lebensdauer von Geräten kann dazu führen, dass das Budget für Ersatz nicht ausreicht.",Betriebslast,c1_maintenance_burden_1,10,true,lifespan estimate,Expression,An overly optimistic estimate of equipment lifespan may leave too little funding for replacement.,vocab_c1_0166
외주 의존,oeju uijon,Abhängigkeit von externen Dienstleistern,C1,Ausdruck,외주 의존이 높으면 간단한 수정도 계약 업체의 일정에 영향을 받을 수 있다.,Bei starker Abhängigkeit von externen Dienstleistern können selbst kleine Änderungen von deren Zeitplan abhängen.,Betriebslast,c1_maintenance_burden_1,11,true,reliance on external contractors,Expression,Heavy reliance on external contractors may make even small changes dependent on the contractor's schedule.,vocab_c1_0167
지속 점검표,jisok jeomgeompyo,Checkliste für laufende Kontrollen,C1,Ausdruck,지속 점검표를 활용해 행사 당일뿐 아니라 평소에도 시설 상태를 확인한다.,Mit einer Checkliste für laufende Kontrollen wird der Zustand der Einrichtung auch außerhalb von Veranstaltungen überprüft.,Betriebslast,c1_maintenance_burden_1,12,true,ongoing inspection checklist,Expression,An ongoing inspection checklist is used to check the facility's condition during routine operations as well as on event days.,vocab_c1_0168
담론 전제,damnon jeonje,Diskursprämisse,C2,Ausdruck,성장을 당연한 목표로 삼는 담론 전제는 정책의 다른 목적을 논의에서 밀어낼 수 있다.,"Die diskursive Prämisse, Wachstum sei das selbstverständliche Ziel, kann andere politische Ziele aus der Diskussion verdrängen.",Framinganalyse,c2_framing_analysis_1,1,false,discourse premise,Expression,A discourse premise that treats growth as the default goal may push other policy objectives out of the discussion.,vocab_c2_0073
은유 체계,eunyu chegye,Metaphernsystem,C2,Ausdruck,정책 논의의 은유 체계가 전쟁에 기대면 타협은 협력보다 패배로 묘사되기 쉽다.,"Wenn politische Debatten auf Kriegsmetaphern beruhen, erscheint ein Kompromiss eher als Niederlage denn als Zusammenarbeit.",Framinganalyse,c2_framing_analysis_1,2,false,system of metaphors,Expression,"When policy debate relies on a system of war metaphors, compromise is more likely to be portrayed as defeat than cooperation.",vocab_c2_0074
주어 선택,jueo seontaek,Subjektwahl,C2,Ausdruck,'위원회가 결정했다'라는 주어 선택은 '결정이 내려졌다'보다 행위자를 분명히 드러낸다.,Die Subjektwahl in „Der Ausschuss entschied“ benennt die Handelnden deutlicher als „Eine Entscheidung wurde getroffen“.,Framinganalyse,c2_framing_analysis_1,3,false,choice of subject,Expression,Choosing the subject in “The committee decided” identifies the actor more clearly than “A decision was made.”,vocab_c2_0075
수동 은폐,sudong eunpye,Verschleierung durch Passivformulierungen,C2,Ausdruck,이 글은 행위자를 생략한 '결정되었다'라는 표현을 수동 은폐의 사례로 분석한다.,"Der Text analysiert die Formulierung „Es wurde entschieden“, in der die Handelnden fehlen, als Beispiel für Verschleierung durch das Passiv.",Framinganalyse,c2_framing_analysis_1,4,false,concealment through passive wording,Expression,The text analyzes the agentless phrase “It was decided” as an example of concealment through passive wording.,vocab_c2_0076
범주 이동,beomju idong,Kategorieverschiebung,C2,Ausdruck,민원을 범죄의 언어로 설명하는 범주 이동은 대응의 정당성을 따질 때 검토해야 한다.,"Ein Kategorienwechsel, der Beschwerden in der Sprache des Strafrechts beschreibt, sollte bei der Prüfung der Angemessenheit einer Reaktion berücksichtigt werden.",Framinganalyse,c2_framing_analysis_1,5,false,category shift,Expression,A category shift that describes complaints in the language of crime should be examined when assessing whether the response is justified.,vocab_c2_0077
시간 틀,sigan teul,Zeitrahmen,C2,Ausdruck,분석의 시간 틀을 한 주로 제한하면 수년간 누적된 문제를 놓칠 수 있다.,"Ein auf eine Woche begrenzter Analyserahmen kann Probleme übersehen, die sich über Jahre angesammelt haben.",Framinganalyse,c2_framing_analysis_1,6,false,time frame,Expression,Limiting the analytical time frame to one week may miss problems that have accumulated over years.,vocab_c2_0078
대비 쌍,daebi ssang,Gegenüberstellung,C2,Ausdruck,안전과 자유라는 대비 쌍만으로 정책을 설명하면 두 가치를 함께 지키는 방안이 가려질 수 있다.,"Wer eine Maßnahme nur als Gegensatz von Sicherheit und Freiheit darstellt, kann Lösungen ausblenden, die beides schützen.",Framinganalyse,c2_framing_analysis_1,7,false,contrast pair,Expression,Explaining a policy only through the contrast pair of safety and freedom may obscure options that protect both.,vocab_c2_0079
인용 권위,inyong gwonwi,Autorität eines Zitats,C2,Ausdruck,기사의 인용 권위가 직함에만 기대고 있다면 발언을 뒷받침하는 자료도 확인해야 한다.,"Stützt sich die Autorität eines Zitats im Artikel allein auf einen Titel, sollten auch die Belege für die Aussage geprüft werden.",Framinganalyse,c2_framing_analysis_1,8,false,authority of a quotation,Expression,"If the authority of a quotation in an article rests solely on a title, the evidence supporting the statement should also be checked.",vocab_c2_0080
침묵 지점,chimmuk jijeom,Leerstelle im Diskurs,C2,Ausdruck,이 논문은 공식 기록에 등장하지 않는 집단을 찾아 담론의 침묵 지점을 분석한다.,"Die Arbeit untersucht Leerstellen im Diskurs, indem sie Gruppen betrachtet, die in offiziellen Aufzeichnungen nicht vorkommen.",Framinganalyse,c2_framing_analysis_1,9,false,silence in discourse,Expression,The paper analyzes silences in the discourse by identifying groups absent from official records.,vocab_c2_0081
재명명,jaemyeongmyeong,Umbenennung,C2,Nomen,해고를 인력 조정으로 바꾸어 부르는 재명명은 일자리를 잃는 사람의 경험을 가릴 수 있다.,"Die Umbenennung von Entlassungen in Personalanpassungen kann die Erfahrungen der Menschen verdecken, die ihre Stelle verlieren.",Framinganalyse,c2_framing_analysis_1,10,true,renaming,Noun,Relabeling dismissals as workforce adjustments can obscure the experience of people losing their jobs.,vocab_c2_0082
청자 설정,cheongja seoljeong,Adressierung des Publikums,C2,Ausdruck,"논문은 연설의 청자 설정을 분석하며, ‘우리’라는 호칭이 누구를 포함하고 누구를 배제하는지 살폈다.","Die Studie untersucht, an wen sich die Rede richtet, und fragt, wen die Anrede „wir“ ein- oder ausschließt.",Framinganalyse,c2_framing_analysis_1,11,true,audience framing,Expression,The study examines how the speech frames its audience and asks whom the word ‘we’ includes or excludes.,vocab_c2_0083
해석 경쟁,haeseok gyeongjaeng,Deutungskonkurrenz,C2,Ausdruck,이 작품을 둘러싼 해석 경쟁은 결말의 의미를 뒷받침하는 서로 다른 단서에서 비롯된다.,Die konkurrierenden Deutungen des Werks beruhen auf unterschiedlichen Hinweisen zur Bedeutung des Endes.,Framinganalyse,c2_framing_analysis_1,12,true,competing readings,Expression,Competing interpretations of the work arise from different clues about the meaning of its ending.,vocab_c2_0084
제도적 권한,jedojeok gwonhan,institutionelle Befugnisse,C2,Ausdruck,보고서는 각 기관의 제도적 권한과 실제로 내린 결정을 구분해 제시한다.,Der Bericht stellt die institutionellen Befugnisse der einzelnen Stellen getrennt von ihren tatsächlich getroffenen Entscheidungen dar.,Institutionsstimme,c2_institutional_voice_1,1,false,institutional authority,Expression,The report distinguishes each institution's formal authority from the decisions it actually made.,vocab_c2_0085
공식 어조,gongsik eojo,offizieller Ton,C2,Ausdruck,공식 어조를 유지하더라도 누가 어떤 결정을 내렸는지는 분명히 밝혀야 한다.,"Auch in einem offiziellen Ton sollte klar benannt werden, wer welche Entscheidung getroffen hat.",Institutionsstimme,c2_institutional_voice_1,2,false,formal tone,Expression,"Even when using a formal tone, it should be clear who made each decision.",vocab_c2_0086
위임 범위,wiim beomwi,Umfang der übertragenen Befugnisse,C2,Ausdruck,위임 범위를 넘어선 결정을 관행이라는 이유만으로 정당화할 수는 없다.,Eine Entscheidung außerhalb der übertragenen Befugnisse lässt sich nicht allein mit einer gängigen Praxis rechtfertigen.,Institutionsstimme,c2_institutional_voice_1,3,false,scope of delegated authority,Expression,A decision beyond the scope of delegated authority cannot be justified solely by established practice.,vocab_c2_0087
기록 의무,girok uimu,Dokumentationspflicht,C2,Ausdruck,기록 의무가 느슨하면 나중에 기억을 선택적으로 제시할 여지가 생겨요.,"Bei einer laxen Dokumentationspflicht entsteht Spielraum, Erinnerungen später selektiv darzustellen.",Institutionsstimme,c2_institutional_voice_1,4,false,duty to record,Expression,"If record-keeping requirements are lax, there is room to present recollections selectively later.",vocab_c2_0088
재량의 여지,jaeryangui yeoji,Ermessensspielraum,C2,Ausdruck,감사 보고서는 판단에 재량의 여지가 있더라도 그 기준은 공개해야 한다고 지적했다.,"Der Prüfbericht hält fest, dass Entscheidungsspielraum bestehen kann, die Kriterien dafür aber offengelegt werden müssen.",Institutionsstimme,c2_institutional_voice_1,5,false,scope for discretion,Expression,"The audit report notes that there may be room for discretion, but the criteria for using it should be public.",vocab_c2_0089
항의 창구,hangui changgu,Beschwerdestelle,C2,Ausdruck,항의 창구의 독립성을 평가하려면 담당자의 소속뿐 아니라 결정 권한도 살펴야 한다.,"Um die Unabhängigkeit einer Beschwerdestelle zu beurteilen, müssen neben ihrer organisatorischen Zugehörigkeit auch ihre Entscheidungsbefugnisse betrachtet werden.",Institutionsstimme,c2_institutional_voice_1,6,false,complaints channel,Expression,Assessing a complaints channel's independence requires examining its decision-making powers as well as its organizational position.,vocab_c2_0090
공개 지연,gonggae jiyeon,verzögerte Veröffentlichung,C2,Ausdruck,기관은 자료 공개 지연의 이유와 새 공개 예정일을 함께 설명했다.,Die Behörde erläuterte sowohl den Grund für die verzögerte Veröffentlichung als auch den neuen geplanten Termin.,Institutionsstimme,c2_institutional_voice_1,7,false,delay in disclosure,Expression,The agency explained the reason for the delay in releasing the data and gave a new expected release date.,vocab_c2_0091
관행에 대한 호소,gwanhaenge daehan hoso,Berufung auf gängige Praxis,C2,Ausdruck,관행에 대한 호소만으로는 결정의 타당성을 입증할 수 없어요.,"Die bloße Berufung auf eine gängige Praxis belegt noch nicht, dass eine Entscheidung gerechtfertigt ist.",Institutionsstimme,c2_institutional_voice_1,8,false,appeal to established practice,Expression,An appeal to established practice alone does not establish that a decision is justified.,vocab_c2_0092
책임 분산,chaegim bunsan,Verteilung der Verantwortung,C2,Ausdruck,보고서는 여러 부서에 걸친 책임 분산으로 최종 승인자가 불분명해졌다고 지적했다.,"Der Bericht stellt fest, dass die Verantwortung auf mehrere Abteilungen verteilt wurde und dadurch unklar blieb, wer die endgültige Genehmigung erteilte.",Institutionsstimme,c2_institutional_voice_1,9,false,diffusion of responsibility,Expression,"The report notes that responsibility was spread across several departments, leaving it unclear who gave final approval.",vocab_c2_0093
내부 지침,naebu jichim,interne Vorgaben,C2,Ausdruck,내부 지침과 대외 안내가 다르면 어떤 기준이 실제 판단에 쓰였는지 확인해야 한다.,"Wenn interne Vorgaben und öffentliche Informationen voneinander abweichen, muss geklärt werden, welche Kriterien tatsächlich angewendet wurden.",Institutionsstimme,c2_institutional_voice_1,10,true,internal guidance,Expression,"If internal guidance differs from public information, it needs to be established which criteria were actually used.",vocab_c2_0094
권한 위임장,gwonhan wiimjang,schriftliche Vollmacht,C2,Ausdruck,권한 위임장 없이 대행하면 그 결정의 권한 근거가 불분명해질 수 있어요.,"Ohne schriftliche Vollmacht kann unklar bleiben, auf welcher Grundlage diese Entscheidung getroffen wurde.",Institutionsstimme,c2_institutional_voice_1,11,true,written delegation of authority,Expression,"Without a written delegation of authority, the basis for that decision may be unclear.",vocab_c2_0095
제도 기억,jedo gieok,institutionelles Gedächtnis,C2,Ausdruck,제도 기억을 개인의 경험에만 맡기면 퇴사 후 과거 결정의 근거를 찾기 어려울 수 있다.,"Beruht institutionelles Gedächtnis allein auf persönlicher Erfahrung, können Entscheidungsgrundlagen nach einem Ausscheiden schwer auffindbar sein.",Institutionsstimme,c2_institutional_voice_1,12,true,institutional memory,Expression,"If institutional memory depends solely on individual experience, the basis of past decisions may become hard to recover after someone leaves.",vocab_c2_0096
서술 시점,seosul sijeom,Erzählperspektive,C2,Ausdruck,서술 시점이 바뀌면 같은 사건도 다르게 평가될 수 있어요.,"Wechselt die Erzählperspektive, kann dasselbe Ereignis anders bewertet werden.",Erinnerungsnarrativ,c2_memory_narrative_1,1,false,narrative perspective,Expression,A shift in narrative perspective can change how the same event is judged.,vocab_c2_0097
선택적 기억,seontaekjeok gieok,selektive Erinnerung,C2,Ausdruck,회고록의 선택적 기억을 검토하기 위해 당시의 편지와 일기를 함께 읽었다.,"Um die selektive Erinnerung in den Memoiren zu prüfen, wurden auch Briefe und Tagebücher aus jener Zeit gelesen.",Erinnerungsnarrativ,c2_memory_narrative_1,2,false,selective memory,Expression,Letters and diaries from the period were read alongside the memoir to examine its selective memory.,vocab_c2_0098
증언의 배치,jeungeonui baechi,Platzierung von Zeugenaussagen,C2,Ausdruck,전시에서 증언의 배치가 주변부에 치우치면 일부 경험이 덜 주목받을 수 있어요.,"Werden Zeugnisse in einer Ausstellung am Rand platziert, können manche Erfahrungen weniger Beachtung finden.",Erinnerungsnarrativ,c2_memory_narrative_1,3,false,placement of testimony,Expression,"If testimony is placed at the margins of an exhibition, some experiences may receive less attention.",vocab_c2_0099
맥락 생략,maengnak saengnyak,Auslassung des Kontexts,C2,Ausdruck,맥락 생략은 결말만 남기고 사건의 원인을 가릴 수 있어요.,"Wenn der Kontext ausgelassen wird, bleibt nur das Ergebnis sichtbar; die Ursachen können in den Hintergrund treten.",Erinnerungsnarrativ,c2_memory_narrative_1,4,false,omission of context,Expression,Omitting context can leave only the outcome visible and obscure what led to it.,vocab_c2_0100
집합 기억,jiphap gieok,kollektives Gedächtnis,C2,Ausdruck,기념관이 만드는 집합 기억에는 공식 서사와 다른 경험도 포함되어야 한다.,"Das kollektive Gedächtnis, das eine Gedenkstätte prägt, sollte auch Erfahrungen umfassen, die von der offiziellen Erzählung abweichen.",Erinnerungsnarrativ,c2_memory_narrative_1,5,false,collective memory,Expression,The collective memory shaped by a memorial should also include experiences that differ from the official narrative.,vocab_c2_0101
침묵의 세대,chimmugui sedae,schweigende Generation,C2,Ausdruck,이 책은 전쟁 경험을 말하지 못한 이들을 '침묵의 세대'로 부르며 그 침묵의 이유를 묻는다.,"Das Buch bezeichnet Menschen, die nicht über ihre Kriegserfahrungen sprechen konnten, als „schweigende Generation“ und fragt nach den Gründen ihres Schweigens.",Erinnerungsnarrativ,c2_memory_narrative_1,6,false,silent generation,Expression,The book calls those unable to speak about their wartime experiences a “silent generation” and asks why they remained silent.,vocab_c2_0102
기념 문장,ginyeom munjang,Gedenktext,C2,Ausdruck,기념 문장을 작성할 때는 역사적 사건의 의미와 현재의 정치적 해석을 구분해야 한다.,Beim Verfassen eines Gedenktextes sollten die Bedeutung des historischen Ereignisses und seine heutige politische Deutung unterschieden werden.,Erinnerungsnarrativ,c2_memory_narrative_1,7,false,commemorative statement,Expression,Writing a commemorative statement requires distinguishing the meaning of the historical event from its current political interpretation.,vocab_c2_0103
기록 공백,girok gongbaek,Archivlücke,C2,Ausdruck,역사 연구팀은 기록 공백을 추측으로 메우지 않고 확인된 사실과 미확인 부분을 구분했다.,"Das historische Forschungsteam füllte Lücken in den Aufzeichnungen nicht mit Vermutungen, sondern unterschied zwischen belegten Tatsachen und offenen Fragen.",Erinnerungsnarrativ,c2_memory_narrative_1,8,false,archive gap,Expression,The history research team did not fill gaps in the record with guesses; it separated established facts from open questions.,vocab_c2_0104
회고 왜곡,hoego waegok,rückblickende Verzerrung,C2,Ausdruck,회고 왜곡을 줄이기 위해 인터뷰 내용을 사건 당시의 기록과 대조했다.,"Um rückblickende Verzerrungen zu verringern, wurden die Interviews mit zeitgenössischen Aufzeichnungen abgeglichen.",Erinnerungsnarrativ,c2_memory_narrative_1,9,false,retrospective distortion,Expression,The interviews were compared with records from the time to reduce retrospective distortion.,vocab_c2_0105
복수 서사,boksu seosa,mehrere Erzählungen,C2,Ausdruck,복수 서사를 나란히 두면 승자의 관점만으로 사건을 설명하기 어려워져요.,"Wenn mehrere Erzählungen nebeneinanderstehen, lässt sich das Ereignis schwerer allein aus Sicht der Sieger erklären.",Erinnerungsnarrativ,c2_memory_narrative_1,10,true,multiple narratives,Expression,Putting multiple narratives side by side makes it harder to explain the event solely from the winners' perspective.,vocab_c2_0106
망각 설계,manggak seolgye,geplantes Vergessen,C2,Ausdruck,저자는 불편한 사건의 자료를 남기지 않는 관행을 '망각 설계'라고 부른다.,"Der Autor bezeichnet die Praxis, unbequeme Ereignisse nicht zu dokumentieren, als „geplantes Vergessen“.",Erinnerungsnarrativ,c2_memory_narrative_1,11,true,designed forgetting,Expression,The author calls the practice of leaving uncomfortable events undocumented “designed forgetting.”,vocab_c2_0107
계승 쟁점,gyeseung jaengjeom,Frage der Überlieferung,C2,Ausdruck,박물관은 어떤 유산을 누구의 관점에서 전달할지를 계승 쟁점으로 제시했다.,"Das Museum stellte die Frage, welches Erbe aus wessen Perspektive weitergegeben wird, als zentrales Problem der Überlieferung dar.",Erinnerungsnarrativ,c2_memory_narrative_1,12,true,issue of cultural transmission,Expression,"The museum presented the question of which heritage is passed on, and from whose perspective, as an issue of cultural transmission.",vocab_c2_0108
명령형 공지,myeongnyeonghyeong gongji,anweisende Mitteilung,C2,Ausdruck,명령형 공지에 조치의 이유를 덧붙이면 이용자가 요구 사항을 이해하는 데 도움이 된다.,"Eine Begründung in einer anweisenden Mitteilung hilft Nutzenden, die Anforderungen zu verstehen.",Autoritätssprache,c2_authority_language_1,1,false,imperative notice,Expression,Adding the reason for a measure to an imperative notice helps users understand what is required.,vocab_c2_0109
전문 장벽,jeonmun jangbyeok,Barriere durch Fachsprache,C2,Ausdruck,전문 장벽을 낮추려면 결정문에 쓰인 용어를 쉬운 말로 설명해야 한다.,"Um sprachliche Fachbarrieren zu senken, sollten die Begriffe im Bescheid verständlich erklärt werden.",Autoritätssprache,c2_authority_language_1,2,false,barrier created by technical language,Expression,Reducing barriers created by technical language requires explaining the terms used in a decision notice clearly.,vocab_c2_0110
불가피 수사,bulgapi susa,Rhetorik der Unvermeidlichkeit,C2,Ausdruck,이 글은 '다른 방법이 없다'라는 불가피 수사가 대안 검토를 막는 방식을 분석한다.,"Der Text analysiert, wie die Rhetorik der Unvermeidlichkeit in „Es gibt keinen anderen Weg“ die Prüfung von Alternativen verhindert.",Autoritätssprache,c2_authority_language_1,3,false,rhetoric of inevitability,Expression,The text analyzes how the rhetoric of inevitability in “There is no other way” prevents alternatives from being considered.,vocab_c2_0111
전문가 위임,jeonmunga wiim,Übertragung von Aufgaben an Fachleute,C2,Ausdruck,전문가 위임은 기술적 판단을 도울 수 있지만 정책 결정의 책임까지 대신하지는 않는다.,"Die Übertragung von Aufgaben an Fachleute kann technische Urteile unterstützen, ersetzt aber nicht die Verantwortung für politische Entscheidungen.",Autoritätssprache,c2_authority_language_1,4,false,delegation to experts,Expression,Delegating tasks to experts can support technical judgments but does not replace responsibility for policy decisions.,vocab_c2_0112
침묵 압박,chimmuk apbak,Schweigedruck,C2,Ausdruck,반대 의견을 내면 팀워크를 해친다고 말하는 관행은 침묵 압박으로 작용할 수 있다.,"Die Praxis, abweichende Meinungen als schädlich für den Teamgeist zu bezeichnen, kann Druck zum Schweigen erzeugen.",Autoritätssprache,c2_authority_language_1,5,false,pressure to stay quiet,Expression,Treating dissent as a threat to teamwork can function as pressure to remain silent.,vocab_c2_0113
권위 인용,gwonwi inyong,Berufung auf Autorität,C2,Ausdruck,주장을 뒷받침할 때는 전문가의 권위 인용에만 기대지 말고 검증 가능한 자료도 제시해야 한다.,"Eine Behauptung sollte nicht allein mit der Autorität von Fachleuten begründet werden, sondern auch mit überprüfbaren Belegen.",Autoritätssprache,c2_authority_language_1,6,false,appeal to authority,Expression,A claim should be supported by verifiable evidence as well as appeals to expert authority.,vocab_c2_0114
완곡어법,wangogeobeop,Euphemismus,C2,Ausdruck,해고를 ‘정리’라는 완곡어법으로만 표현하면 일자리를 잃는 사람이 가려져요.,"Wenn eine Entlassung nur als „Umstrukturierung“ umschrieben wird, gerät aus dem Blick, dass jemand seine Stelle verliert.",Autoritätssprache,c2_authority_language_1,7,false,euphemism,Expression,Calling a dismissal merely a “restructuring” can obscure that someone is losing their job.,vocab_c2_0115
청중 분할,cheongjung bunhal,Aufteilung des Publikums,C2,Ausdruck,청중 분할에 따라 내부와 외부에 다른 설명을 했다면 두 설명의 차이를 검토해야 한다.,"Wurden internen und externen Zielgruppen unterschiedliche Erklärungen gegeben, sollten die Unterschiede geprüft werden.",Autoritätssprache,c2_authority_language_1,8,false,audience segmentation,Expression,"If audience segmentation led to different explanations for internal and external audiences, those differences need to be examined.",vocab_c2_0116
되돌릴 수 없는 결정,doedollil su eomneun gyeoljeong,unumkehrbare Entscheidung,C2,Ausdruck,되돌릴 수 없는 결정을 내리기 전에 예상되는 영향을 먼저 설명해야 해요.,"Bevor eine unumkehrbare Entscheidung getroffen wird, sollten die absehbaren Folgen erklärt werden.",Autoritätssprache,c2_authority_language_1,9,false,irreversible decision,Expression,"Before making an irreversible decision, we need to explain its likely effects.",vocab_c2_0117
규범 포장,gyubeom pojang,normative Rahmung,C2,Ausdruck,이 글은 개인의 취향을 모두가 따라야 할 규칙으로 바꾸는 방식을 규범 포장이라고 설명한다.,"Der Text beschreibt es als normative Verpackung, wenn persönliche Vorlieben zu Regeln gemacht werden, denen alle folgen sollen.",Autoritätssprache,c2_authority_language_1,10,true,normative framing,Expression,The text describes turning personal preferences into rules everyone is expected to follow as normative framing.,vocab_c2_0118
침묵 동의,chimmuk dongui,Schweigen als Zustimmung,C2,Ausdruck,회의의 침묵 동의를 합의로 기록하기 전에 참석자에게 명시적으로 확인해야 한다.,"Bevor Schweigen in einer Sitzung als Einigung protokolliert wird, sollte die Zustimmung der Beteiligten ausdrücklich eingeholt werden.",Autoritätssprache,c2_authority_language_1,11,true,silence as consent,Expression,"Before recording silence at a meeting as agreement, participants' consent should be confirmed explicitly.",vocab_c2_0119
일방적인 훈시,ilbangjeogin hunsi,einseitige Belehrung,C2,Ausdruck,일방적인 훈시가 이어지자 참석자들은 질문할 기회를 잃었습니다.,"Als die einseitige Belehrung immer länger dauerte, kamen die Teilnehmenden kaum noch dazu, Fragen zu stellen.",Autoritätssprache,c2_authority_language_1,12,true,one-sided lecture,Expression,"As the one-sided lecture went on, participants lost the chance to ask questions.",vocab_c2_0120
이의 제기 경로,iui jegi gyeongno,Weg für Einwände,C2,Ausdruck,보고서는 이의 제기 경로가 챗봇 하나뿐이면 당사자가 자신의 사정을 담당자에게 설명하기 어렵다고 지적했다.,"Der Bericht weist darauf hin, dass Betroffene ihre Umstände kaum einer zuständigen Person erklären können, wenn Einwände nur über einen Chatbot möglich sind.",Einspruchsweg,c2_appeal_path_1,1,false,way to contest a decision,Expression,The report notes that people affected by a decision cannot easily explain their circumstances to a staff member if a chatbot is the only way to contest it.,vocab_c2_0121
자동 결정,jadong gyeoljeong,automatisierte Entscheidung,C2,Ausdruck,자동 결정의 근거를 검토하려면 사용한 자료와 판단 기준을 확인할 수 있어야 한다.,"Um die Grundlage einer automatisierten Entscheidung zu prüfen, müssen die verwendeten Daten und Kriterien zugänglich sein.",Einspruchsweg,c2_appeal_path_1,2,false,automated decision,Expression,Reviewing the basis of an automated decision requires access to the data and criteria used.,vocab_c2_0122
담당자 재심사,damdangja jaesimsa,erneute Prüfung durch eine zuständige Person,C2,Ausdruck,"자동 판정 뒤의 담당자 재심사가 같은 점수만 다시 확인한다면, 이의 제기는 형식에 그친다.","Wenn die erneute Prüfung durch eine zuständige Person nach einer automatisierten Entscheidung nur denselben Wert bestätigt, bleibt die Beschwerdemöglichkeit bloße Formsache.",Einspruchsweg,c2_appeal_path_1,3,false,review by a staff member,Expression,"If review by a staff member after an automated decision merely confirms the same score, the appeal is a formality.",vocab_c2_0123
기한 안내,gihan annae,Fristmitteilung,C2,Ausdruck,이의 신청 기한 안내는 거절 화면에서 쉽게 찾을 수 있도록 배치해야 한다.,Die Information zur Einspruchsfrist sollte auf der Ablehnungsseite leicht auffindbar sein.,Einspruchsweg,c2_appeal_path_1,4,false,deadline notice,Expression,Information about the deadline for an appeal should be easy to find on the rejection screen.,vocab_c2_0124
증거 제출란,jeunggeo jechullan,Belegfeld,C2,Ausdruck,증거 제출란에 글만 입력할 수 있다면 사진으로는 소명할 수 없어요.,"Wenn im Feld für Belege nur Text eingegeben werden kann, lässt sich ein Foto nicht als Beleg einreichen.",Einspruchsweg,c2_appeal_path_1,5,false,evidence field,Expression,"If the evidence field accepts only text, a photo cannot be submitted as evidence.",vocab_c2_0125
결정 요약,gyeoljeong yoyak,Zusammenfassung der Entscheidung,C2,Ausdruck,결정 요약에는 점수만 나열하지 말고 판단 이유를 간결하게 적어요.,"In der Zusammenfassung der Entscheidung nenne ich die Gründe knapp, statt nur Punktzahlen aufzulisten.",Einspruchsweg,c2_appeal_path_1,6,false,decision summary,Expression,"In the decision summary, I give the reasons briefly instead of listing only scores.",vocab_c2_0126
항소 비용,hangso biyong,Aufwand für eine Beschwerde,C2,Ausdruck,항소 비용이 금전적 부담이 아니라 시간 부담이어도 권리 행사가 어려워질 수 있어요.,"Auch wenn eine Beschwerde vor allem Zeit statt Geld kostet, kann das die Ausübung des Rechts erschweren.",Einspruchsweg,c2_appeal_path_1,7,false,cost of an appeal,Expression,"Even when the cost of an appeal is time rather than money, it can make the right harder to exercise.",vocab_c2_0127
회신 의무,hoesin uimu,Antwortpflicht,C2,Ausdruck,회신 의무에 기한이 없으면 이의 제기의 진행 상태를 예측하기 어려워요.,"Ohne Frist für die Antwortpflicht ist schwer abzusehen, wann mit einer Reaktion auf den Einwand zu rechnen ist.",Einspruchsweg,c2_appeal_path_1,8,false,duty to reply,Expression,"Without a deadline for a required reply, it is hard to know when to expect a response to an objection.",vocab_c2_0128
제3자 검토,jeja geomto,Prüfung durch Dritte,C2,Ausdruck,제3자 검토의 독립성을 판단하려면 검토 기관과 운영 업체의 계약 관계도 살펴야 한다.,Zur Beurteilung der Unabhängigkeit einer Drittprüfung sollten auch die Vertragsbeziehungen zwischen Prüfstelle und Betreiber untersucht werden.,Einspruchsweg,c2_appeal_path_1,9,false,third-party review,Expression,Assessing the independence of a third-party review requires examining the contractual relationship between the reviewer and the operator.,vocab_c2_0129
철회 효과,cheolhoe hyogwa,Rücknahmewirkung,C2,Ausdruck,철회 효과가 앞으로의 처리에만 미친다면 과거의 잘못된 결정은 별도로 재검토해야 한다.,"Wirkt eine Rücknahme nur auf die künftige Verarbeitung, müssen frühere fehlerhafte Entscheidungen gesondert überprüft werden.",Einspruchsweg,c2_appeal_path_1,10,true,effect of withdrawal,Expression,"If withdrawal affects only future processing, past incorrect decisions need to be reviewed separately.",vocab_c2_0130
접근 언어,jeopgeun eoneo,Zugangssprache,C2,Ausdruck,이의 절차의 접근 언어가 법률 용어에 치우치면 비전문가가 설명을 이해하기 어려울 수 있다.,"Ist die Sprache des Einspruchsverfahrens von juristischen Begriffen geprägt, können Nichtfachleute die Erklärungen schwer verstehen.",Einspruchsweg,c2_appeal_path_1,11,true,language of access,Expression,"If the language used to access an appeals process relies heavily on legal terms, non-specialists may struggle to understand the explanations.",vocab_c2_0131
종결 이유서,jonggyeol iyuseo,Abschlussbegründung,C2,Ausdruck,종결 이유서에는 제출된 증거를 어떻게 검토했는지 구체적으로 설명해야 한다.,"Die Begründung für den Abschluss eines Falls sollte konkret erläutern, wie die eingereichten Belege geprüft wurden.",Einspruchsweg,c2_appeal_path_1,12,true,closure rationale,Expression,A statement explaining the closure of a case should specify how the submitted evidence was reviewed.,vocab_c2_0132
추적 가능성,chujeok ganeungseong,Nachvollziehbarkeit,C2,Ausdruck,결정의 추적 가능성을 확보하려면 입력 자료와 처리 과정의 기록을 연결해야 한다.,"Um Entscheidungen nachvollziehbar zu machen, müssen Eingabedaten und Aufzeichnungen über die Verarbeitung miteinander verknüpft sein.",Prüfspur,c2_audit_trail_1,1,false,traceability,Expression,Ensuring that decisions can be traced requires linking input data to records of the processing steps.,vocab_c2_0133
변경 이력,byeongyeong iryeok,Änderungshistorie,C2,Ausdruck,변경 이력에는 수정한 사람과 시각뿐 아니라 변경 이유도 남겨야 한다.,Die Änderungshistorie sollte neben Person und Zeitpunkt auch den Grund der Änderung festhalten.,Prüfspur,c2_audit_trail_1,2,false,change history,Expression,The change history should record the reason for each change as well as who made it and when.,vocab_c2_0134
접근 기록,jeopgeun girok,Zugriffsprotokoll,C2,Ausdruck,당사자가 접근 기록을 열람할 수 있으면 검증 과정의 투명성이 높아져요.,"Kann die betroffene Person das Zugriffsprotokoll einsehen, wird das Prüfverfahren transparenter.",Prüfspur,c2_audit_trail_1,3,false,access log,Expression,Allowing the affected person to inspect the access log makes the review process more transparent.,vocab_c2_0135
보존 기한,bojon gihan,Aufbewahrungsfrist,C2,Ausdruck,보존 기한이 이의 신청 기간보다 짧으면 판단 근거를 확인하기 어려워질 수 있다.,"Ist die Aufbewahrungsfrist kürzer als die Einspruchsfrist, kann es schwierig werden, die Entscheidungsgrundlage zu prüfen.",Prüfspur,c2_audit_trail_1,4,false,retention period,Expression,"If the retention period is shorter than the appeal window, the basis of the decision may become difficult to verify.",vocab_c2_0136
삭제 권한,sakje gwonhan,Löschbefugnis,C2,Ausdruck,삭제 권한을 한 사람에게 집중시키기보다 승인과 실행을 구분하는 방안을 검토했다.,"Es wurde geprüft, Freigabe und Ausführung von Löschungen zu trennen, statt die Löschbefugnis bei einer Person zu bündeln.",Prüfspur,c2_audit_trail_1,5,false,deletion authority,Expression,Separating approval from execution of deletions was considered as an alternative to concentrating deletion authority in one person.,vocab_c2_0137
모델 버전,model beojeon,Modellversion,C2,Ausdruck,모델 버전이 결정문에 없으면 나중에 판단 과정을 재현하기 어려워요.,"Fehlt die Modellversion im Bescheid, lässt sich der Entscheidungsprozess später nur schwer nachvollziehen oder reproduzieren.",Prüfspur,c2_audit_trail_1,6,false,model version,Expression,"Without the model version in the decision notice, it may be difficult to reproduce the decision process later.",vocab_c2_0138
입력 스냅샷,imnyeok seunaepsyat,gesicherter Stand der Eingabedaten,C2,Ausdruck,입력 스냅샷이 없으면 당시 어떤 자료를 바탕으로 판단했는지 확인하기 어려워요.,"Ohne Momentaufnahme der Eingabedaten lässt sich später schwer feststellen, auf welcher Datengrundlage die Entscheidung getroffen wurde.",Prüfspur,c2_audit_trail_1,7,false,snapshot of input data,Expression,"Without a snapshot of the input data, it is hard to establish what information informed the decision at the time.",vocab_c2_0139
감사의 독립성,gamsaui dongnipseong,Unabhängigkeit der Prüfung,C2,Ausdruck,외부 감사의 독립성이 계약 조건에 묶이면 검증 결과의 신뢰성도 흔들린다.,"Wenn Vertragsbedingungen die Unabhängigkeit einer externen Prüfung einschränken, leidet auch die Glaubwürdigkeit ihrer Ergebnisse.",Prüfspur,c2_audit_trail_1,8,false,audit independence,Expression,"When contract terms constrain an external audit's independence, the credibility of its findings also suffers.",vocab_c2_0140
로그 변조,rogeu byeonjo,Manipulation von Protokollen,C2,Ausdruck,로그 변조를 탐지하려면 로그의 무결성을 검증할 방법이 필요해요.,"Um Manipulationen an Protokollen zu erkennen, brauchen wir eine Möglichkeit, ihre Integrität zu prüfen.",Prüfspur,c2_audit_trail_1,9,false,log tampering,Expression,"To detect log tampering, we need a way to verify the integrity of the logs.",vocab_c2_0141
최소 수집,choeso sujip,Datenminimierung,C2,Ausdruck,최소 수집 원칙에 맞추어 감사에 필요한 기록과 불필요한 개인 정보를 구분했다.,Nach dem Prinzip der Datenminimierung wurden notwendige Prüfaufzeichnungen von nicht benötigten personenbezogenen Angaben getrennt.,Prüfspur,c2_audit_trail_1,10,true,data minimization,Expression,"Under the data-minimization principle, records needed for auditing were distinguished from unnecessary personal information.",vocab_c2_0142
열람 창구,yeollam changgu,Kontaktstelle für Akteneinsicht,C2,Ausdruck,열람 창구가 우편 접수만 허용하면 신청과 회신에 걸리는 시간도 기한 산정에 고려해야 한다.,"Wenn die Einsichtsstelle nur Postanträge annimmt, sollten auch Versand- und Antwortzeiten bei der Fristberechnung berücksichtigt werden.",Prüfspur,c2_audit_trail_1,11,true,records-access channel,Expression,"If the records-access channel accepts only postal requests, the time for sending requests and receiving replies should also be considered when setting deadlines.",vocab_c2_0143
책임 분담표,chaegim bundampyo,Übersicht der Zuständigkeiten,C2,Ausdruck,사고 조사 보고서는 설계·운영·승인 단계별 책임 분담표가 없어 누가 결정을 내렸는지 추적하기 어렵다고 지적했다.,"Der Untersuchungsbericht stellt fest, dass ohne eine Übersicht der Zuständigkeiten für Entwicklung, Betrieb und Freigabe schwer nachzuvollziehen ist, wer entschieden hat.",Prüfspur,c2_audit_trail_1,12,true,responsibility matrix,Expression,"The incident report notes that without a responsibility matrix for design, operation, and approval, it is hard to trace who made each decision.",vocab_c2_0144
철회권,cheolhoegwon,Widerrufsrecht,C2,Ausdruck,철회권을 행사하는 메뉴가 설정 깊숙이 숨겨져 있으면 이용자가 찾기 어려울 수 있다.,"Ist das Menü zum Widerruf tief in den Einstellungen verborgen, können Nutzende es schwer finden.",Widerrufsrecht,c2_withdrawal_right_1,1,false,right to withdraw,Expression,A withdrawal option buried deep in the settings may be difficult for users to find.,vocab_c2_0145
동의 철회,dongui cheolhoe,Widerruf der Einwilligung,C2,Ausdruck,동의 철회 후에는 어떤 처리가 중단되고 어떤 자료가 남는지 이용자에게 설명해야 한다.,"Nach dem Widerruf der Einwilligung sollte erklärt werden, welche Verarbeitung endet und welche Daten erhalten bleiben.",Widerrufsrecht,c2_withdrawal_right_1,2,false,withdrawal of consent,Expression,"After consent is withdrawn, users should be told which processing stops and which data remains.",vocab_c2_0146
파생 데이터,pasaeng deiteo,abgeleitete Daten,C2,Ausdruck,원본을 삭제하더라도 파생 데이터가 남을 수 있으므로 삭제 대상의 범위를 확인해야 한다.,"Da abgeleitete Daten auch nach der Löschung der Originaldaten erhalten bleiben können, muss der Umfang der Löschung geklärt werden.",Widerrufsrecht,c2_withdrawal_right_1,3,false,derived data,Expression,"Since derived data may remain after the original data is deleted, the scope of deletion needs to be checked.",vocab_c2_0147
복원 금지,bogwon geumji,Verbot der Wiederherstellung,C2,Ausdruck,삭제한 자료의 복원 금지를 명시할 때는 백업 복구 과정에서 다시 나타날 가능성도 검토해야 한다.,"Wird die Wiederherstellung gelöschter Daten untersagt, muss auch geprüft werden, ob sie bei einer Wiederherstellung aus Backups erneut auftauchen können.",Widerrufsrecht,c2_withdrawal_right_1,4,false,prohibition on restoration,Expression,"When prohibiting restoration of deleted data, the possibility that it may reappear during backup recovery also needs to be examined.",vocab_c2_0148
처리 정지,cheori jeongji,Aussetzung der Verarbeitung,C2,Ausdruck,이의 제기 기간에 처리 정지를 자동으로 적용할지 검토해야 해요.,"Wir müssen prüfen, ob die Verarbeitung während der Einspruchsfrist automatisch ausgesetzt werden sollte.",Widerrufsrecht,c2_withdrawal_right_1,5,false,suspension of processing,Expression,We need to consider whether processing should pause automatically during the appeal period.,vocab_c2_0149
기본값 설계,gibongap seolgye,Voreinstellung,C2,Ausdruck,기본값 설계가 자료 수집에 유리하면 이용자가 원치 않는 제공을 계속할 수 있다.,"Begünstigen die Voreinstellungen die Datenerhebung, können Nutzende weiterhin Daten freigeben, obwohl sie dies nicht wünschen.",Widerrufsrecht,c2_withdrawal_right_1,6,false,default design,Expression,Default settings that favor data collection may lead users to keep sharing data they do not wish to provide.,vocab_c2_0150
고지 시점,goji sijeom,Zeitpunkt der Information,C2,Ausdruck,자료 수집의 고지 시점이 동의 이후라면 이용자가 무엇에 동의했는지 이해하기 어려울 수 있다.,"Erfolgt die Information über die Datenerhebung erst nach der Einwilligung, ist möglicherweise unklar, wozu die Nutzenden zugestimmt haben.",Widerrufsrecht,c2_withdrawal_right_1,7,false,timing of notice,Expression,"If notice of data collection is given only after consent, users may struggle to understand what they agreed to.",vocab_c2_0151
철회 확인서,cheolhoe hwaginseo,Bestätigung des Widerrufs,C2,Ausdruck,철회 확인서에는 요청을 받은 날짜와 처리 범위를 함께 적었다.,In der Bestätigung des Widerrufs wurden sowohl das Eingangsdatum als auch der Bearbeitungsumfang festgehalten.,Widerrufsrecht,c2_withdrawal_right_1,8,false,withdrawal confirmation,Expression,The withdrawal confirmation recorded both the date of receipt and the scope of action taken.,vocab_c2_0152
연계 서비스,yeongye seobiseu,verbundener Dienst,C2,Ausdruck,연계 서비스에서도 자료가 처리된다면 철회 요청이 전달되는 범위를 확인해야 한다.,"Werden Daten auch in verbundenen Diensten verarbeitet, sollte geklärt werden, an welche Stellen der Widerruf weitergegeben wird.",Widerrufsrecht,c2_withdrawal_right_1,9,false,linked service,Expression,"If linked services also process the data, it needs to be established how far the withdrawal request is passed on.",vocab_c2_0153
재동의 압박,jaedongui apbak,Druck zur erneuten Einwilligung,C2,Ausdruck,불필요한 기능 제한을 통해 재동의 압박을 가하면 선택의 자발성이 약해질 수 있다.,"Unnötige Funktionseinschränkungen, die Druck zu einer erneuten Einwilligung erzeugen, können die Freiwilligkeit der Entscheidung beeinträchtigen.",Widerrufsrecht,c2_withdrawal_right_1,10,true,pressure to renew consent,Expression,Unnecessary feature restrictions used to pressure users into renewing consent may undermine voluntary choice.,vocab_c2_0154
보존 예외,bojon yeoe,Ausnahme von der Löschung,C2,Ausdruck,보존 예외를 적용할 때는 남겨 두는 자료와 보존 이유를 구체적으로 밝혀야 한다.,Bei Ausnahmen von der Löschung sollten die aufbewahrten Daten und die Gründe ihrer Aufbewahrung konkret benannt werden.,Widerrufsrecht,c2_withdrawal_right_1,11,true,retention exception,Expression,"When applying retention exceptions, the data kept and the reasons for retaining it should be specified.",vocab_c2_0155
종료 경로,jongnyo gyeongno,Beendigungsweg,C2,Ausdruck,서비스 종료 경로가 전화로만 제공되면 상담 시간 밖에는 요청하기 어려울 수 있다.,"Ist die Beendigung eines Dienstes nur telefonisch möglich, kann ein Antrag außerhalb der Beratungszeiten schwierig sein.",Widerrufsrecht,c2_withdrawal_right_1,12,true,exit path,Expression,"If a service can only be ended by phone, submitting a request outside support hours may be difficult.",vocab_c2_0156
차등 영향,chadeung yeonghyang,unterschiedliche Auswirkungen,C2,Ausdruck,자동 판정의 차등 영향을 평가하려면 평균 정확도 외에 집단별 오류율도 비교해야 한다.,Zur Bewertung unterschiedlicher Auswirkungen automatisierter Entscheidungen sollten neben der durchschnittlichen Genauigkeit auch gruppenspezifische Fehlerquoten verglichen werden.,Automatenfolgen,c2_automated_harm_1,1,false,differential impact,Expression,Assessing the differential impact of automated decisions requires comparing error rates across groups as well as average accuracy.,vocab_c2_0157
오류 비용,oryu biyong,Kosten von Fehlern,C2,Ausdruck,오류 비용이 특정 집단에 집중된다면 모델의 사용 범위와 중단 기준을 재검토해야 한다.,"Konzentrieren sich die Kosten von Fehlern auf eine Gruppe, sollten Einsatzbereich und Abschaltkriterien des Modells überprüft werden.",Automatenfolgen,c2_automated_harm_1,2,false,cost of errors,Expression,"If the costs of errors fall disproportionately on one group, the model's scope of use and suspension criteria need to be reviewed.",vocab_c2_0158
피드백 루프의 왜곡,pideubaek rupeuui waegok,Verzerrung der Rückkopplungsschleife,C2,Ausdruck,연구는 과거의 거절이 다시 학습 데이터에 들어가 피드백 루프의 왜곡을 키울 수 있다고 경고했다.,"Die Studie warnt, dass frühere Ablehnungen erneut in die Trainingsdaten einfließen und so Verzerrungen in der Rückkopplungsschleife verstärken können.",Automatenfolgen,c2_automated_harm_1,3,false,feedback loop distortion,Expression,The study warns that past rejections can feed back into training data and amplify distortion in the feedback loop.,vocab_c2_0159
대리 변수,daeri byeonsu,Ersatzvariable,C2,Ausdruck,주소가 소득이나 출신 배경의 대리 변수로 쓰이면 직접 수집하지 않은 정보도 판단에 영향을 줄 수 있다.,"Dient die Adresse als Ersatzvariable für Einkommen oder Herkunft, können auch nicht direkt erhobene Merkmale die Entscheidung beeinflussen.",Automatenfolgen,c2_automated_harm_1,4,false,proxy variable,Expression,"If an address acts as a proxy variable for income or background, information not collected directly may still influence the decision.",vocab_c2_0160
설명 가능 주장,seolmyeong ganeung jujang,"Behauptung, es sei erklärbar",C2,Ausdruck,설명 가능 주장을 평가할 때는 사후 설명이 실제 판단 과정을 반영하는지 확인해야 한다.,"Bei der Bewertung von Aussagen zur Erklärbarkeit sollte geprüft werden, ob nachträgliche Erklärungen den tatsächlichen Entscheidungsprozess wiedergeben.",Automatenfolgen,c2_automated_harm_1,5,false,explainability claim,Expression,"When assessing claims of explainability, it needs to be checked whether post hoc explanations reflect the actual decision process.",vocab_c2_0161
긴급 차단,gingeup chadan,Notsperre,C2,Ausdruck,긴급 차단이 필요할 때 누가 어떤 기준으로 시스템을 멈출 수 있는지 미리 정해야 한다.,"Vorab sollte festgelegt werden, wer das System bei einem Notfall nach welchen Kriterien abschalten darf.",Automatenfolgen,c2_automated_harm_1,6,false,kill switch,Expression,It should be established in advance who can shut down the system in an emergency and on what grounds.,vocab_c2_0162
피해 구제,pihae guje,Abhilfe für Betroffene,C2,Ausdruck,피해 구제의 적절성은 보상액뿐 아니라 잘못된 결정이 수정되었는지도 기준으로 평가해야 한다.,"Die Angemessenheit der Abhilfe sollte nicht nur an der Entschädigungshöhe, sondern auch an der Korrektur fehlerhafter Entscheidungen gemessen werden.",Automatenfolgen,c2_automated_harm_1,7,false,redress for harm,Expression,The adequacy of redress should be assessed by whether incorrect decisions were corrected as well as by the amount of compensation.,vocab_c2_0163
배포 범위,baepo beomwi,Einsatzbereich,C2,Ausdruck,배포 범위를 확대하기 전에 시험 지역에 위험이 불균형하게 집중되지 않았는지 검토해야 한다.,"Vor einer Ausweitung des Einsatzes sollte geprüft werden, ob die Risiken in den Testgebieten unverhältnismäßig konzentriert waren.",Automatenfolgen,c2_automated_harm_1,8,false,deployment scope,Expression,"Before expanding deployment, it needs to be examined whether risks were disproportionately concentrated in the trial areas.",vocab_c2_0164
감시 전환,gamsi jeonhwan,Umschwenken zur Überwachung,C2,Ausdruck,보안 목적으로 모은 자료가 다른 행동 추적에 쓰이는 감시 전환을 경계해야 한다.,"Es sollte verhindert werden, dass zu Sicherheitszwecken erhobene Daten zur Überwachung anderer Verhaltensweisen umgenutzt werden.",Automatenfolgen,c2_automated_harm_1,9,false,turn to surveillance,Expression,Care is needed to prevent data collected for security from being repurposed to monitor other behavior.,vocab_c2_0165
공동 대응 경로,gongdong daeeung gyeongro,gemeinsamer Weg zur Gegenwehr,C2,Ausdruck,공동 대응 경로가 없으면 같은 피해를 입은 사람도 각자 문제를 제기해야 합니다.,"Ohne einen gemeinsamen Weg, sich zu wehren, müssen Betroffene ihre Anliegen einzeln vorbringen.",Automatenfolgen,c2_automated_harm_1,10,true,collective response channel,Expression,"Without a way to respond together, people affected by the same harm have to raise their concerns individually.",vocab_c2_0166
모델 폐기,model pyegi,Stilllegung eines Modells,C2,Ausdruck,모델 폐기 결정에는 사용 중단뿐 아니라 남은 자료와 이전 결과의 처리 계획도 포함해야 한다.,Die Entscheidung zur Stilllegung eines Modells sollte neben dem Einsatzende auch den Umgang mit verbleibenden Daten und früheren Ergebnissen umfassen.,Automatenfolgen,c2_automated_harm_1,11,true,model retirement,Expression,A decision to retire a model should include plans for remaining data and previous results as well as stopping its use.,vocab_c2_0167
공적 감독,gongjeok gamdok,öffentliche Aufsicht,C2,Ausdruck,자율 규제의 한계를 평가할 때는 공적 감독이 어떤 역할을 할 수 있는지도 논의해야 한다.,Bei der Bewertung der Grenzen der Selbstregulierung sollte auch die mögliche Rolle öffentlicher Aufsicht diskutiert werden.,Automatenfolgen,c2_automated_harm_1,12,true,public oversight,Expression,Evaluating the limits of self-regulation should also include discussion of the possible role of public oversight.,vocab_c2_0168
표본,pyobon,Stichprobe,C1,Nomen,표본이 서른 명에 불과하므로 결과를 전체 이용자에게 일반화하기는 어렵다.,"Da die Stichprobe nur dreißig Personen umfasst, lassen sich die Ergebnisse kaum auf alle Nutzenden verallgemeinern.",Medien & Evidenz,c1_media_evidence_1,1,false,sample,Noun,"With a sample of only thirty people, the results are difficult to generalize to all users.",vocab_c1_0169
일반화,ilbanhwa,Verallgemeinerung,C1,Nomen,성급한 일반화는 오해를 만듭니다.,Eine vorschnelle Verallgemeinerung erzeugt Missverständnisse.,Medien & Evidenz,c1_media_evidence_1,2,false,generalisation,Noun,A hasty generalisation creates misunderstandings.,vocab_c1_0170
상관관계,sanggwangwangye,Korrelation,C1,Nomen,두 지표의 상관관계만으로 어느 쪽이 원인인지 단정할 수 없다.,"Aus der Korrelation zweier Indikatoren allein lässt sich nicht bestimmen, welcher die Ursache ist.",Medien & Evidenz,c1_media_evidence_1,3,false,correlation,Noun,The correlation between two indicators alone cannot establish which one is the cause.,vocab_c1_0171
인과,ingwa,Kausalität,C1,Nomen,인과를 주장하려면 원인으로 지목한 사건이 결과보다 먼저 일어났는지 확인해야 한다.,"Wer Kausalität behauptet, muss prüfen, ob die als Ursache bezeichnete Begebenheit vor dem Ergebnis lag.",Medien & Evidenz,c1_media_evidence_1,4,false,causation,Noun,A claim of causation requires checking that the event identified as the cause occurred before the outcome.,vocab_c1_0172
편향,pyeonhyang,Verzerrung,C1,Nomen,참가자를 모으는 방식에 편향이 있었습니다.,Bei der Auswahl der Teilnehmenden gab es eine Verzerrung.,Medien & Evidenz,c1_media_evidence_1,5,false,bias,Noun,There was bias in how participants were recruited.,vocab_c1_0173
출처,chulcheo,Quelle,C1,Nomen,출처를 밝히지 않은 수치는 쓰지 않습니다.,Zahlen ohne Quellenangabe verwenden wir nicht.,Medien & Evidenz,c1_media_evidence_1,6,false,source,Noun,We don't use figures whose source isn't given.,vocab_c1_0174
재현성,jaehyeonseong,Reproduzierbarkeit,C1,Nomen,다른 연구팀이 같은 절차로 결과를 얻을 수 있는지 확인해야 재현성을 평가할 수 있다.,"Um die Reproduzierbarkeit zu beurteilen, muss geprüft werden, ob ein anderes Forschungsteam mit demselben Verfahren dieselben Ergebnisse erzielen kann.",Medien & Evidenz,c1_media_evidence_1,7,false,reproducibility,Noun,Assessing reproducibility requires checking whether another research team can obtain the same results using the same procedure.,vocab_c1_0175
오해석,ohaeseok,Fehldeutung,C1,Nomen,도표의 축과 조사 범위를 확인하지 않으면 수치에 대한 오해석이 생길 수 있다.,"Wer die Achsen und den Erhebungsumfang eines Diagramms nicht prüft, kann die Zahlen falsch interpretieren.",Medien & Evidenz,c1_media_evidence_1,8,false,misreading,Noun,Failing to check a chart's axes and the survey scope may lead to misinterpretation of the figures.,vocab_c1_0176
과장,gwajang,Übertreibung,C1,Nomen,기사 제목의 과장이 본문에 제시된 연구 결과보다 강한 인상을 준다.,"Die Übertreibung in der Schlagzeile vermittelt einen stärkeren Eindruck, als die im Artikel dargestellten Forschungsergebnisse rechtfertigen.",Medien & Evidenz,c1_media_evidence_1,9,false,exaggeration,Noun,The exaggerated headline creates a stronger impression than the research findings presented in the article support.,vocab_c1_0177
검증,geomjeung,Überprüfung,C1,Nomen,편집진은 검증을 거치지 않은 주장을 기사에 싣지 않기로 했다.,"Die Redaktion beschloss, keine ungeprüften Behauptungen in den Artikel aufzunehmen.",Medien & Evidenz,c1_media_evidence_1,10,true,verification,Noun,The editors decided not to include unverified claims in the article.,vocab_c1_0178
반박,banbak,Einwand,C1,Nomen,제조사의 반박에도 표본 문제는 남습니다.,Trotz des Einwands des Herstellers bleibt das Stichprobenproblem.,Medien & Evidenz,c1_media_evidence_1,11,true,rebuttal,Noun,Even after the maker's rebuttal the sampling problem remains.,vocab_c1_0179
인용,inyong,Zitat,C1,Nomen,인용할 때는 출처를 함께 밝힙니다.,Beim Zitieren geben wir die Quelle an.,Medien & Evidenz,c1_media_evidence_1,12,true,citation,Noun,"When we cite, we name the source.",vocab_c1_0180
규제,gyuje,Regulierung,C1,Nomen,이용시간 규제가 수면 시간을 늘렸는지 확인해야 합니다.,"Wir müssen prüfen, ob die Regulierung der Spielzeit den Schlaf verlängert hat.",Regulierung & Nebenwirkung,c1_play_time_policy_1,1,false,regulation,Noun,We have to check whether the play-time regulation lengthened sleep.,vocab_c1_0181
시행,sihaeng,Umsetzung,C1,Nomen,시행 첫해의 자료만으로는 정책의 장기적인 효과를 판단하기 어렵다.,Allein anhand der Daten aus dem ersten Jahr der Umsetzung lässt sich die langfristige Wirkung der Maßnahme kaum beurteilen.,Regulierung & Nebenwirkung,c1_play_time_policy_1,2,false,implementation,Noun,Data from the first year of implementation alone makes it difficult to assess a policy's long-term effects.,vocab_c1_0182
부작용,bujagyong,Nebenwirkung,C1,Nomen,규제의 부작용도 함께 살펴야 공정하게 판단할 수 있습니다.,"Auch die Nebenwirkungen einer Regulierung müssen wir berücksichtigen, um sie fair beurteilen zu können.",Regulierung & Nebenwirkung,c1_play_time_policy_1,3,false,side effect,Noun,We need to consider the side effects of a regulation as well to assess it fairly.,vocab_c1_0183
실효성,silhyoseong,Wirksamkeit,C1,Nomen,실효성을 따지려면 비교 집단이 필요합니다.,"Um die Wirksamkeit zu beurteilen, braucht es eine Vergleichsgruppe.",Regulierung & Nebenwirkung,c1_play_time_policy_1,4,false,effectiveness,Noun,Judging effectiveness requires a comparison group.,vocab_c1_0184
자율,jayul,Eigenverantwortung,C1,Nomen,이용 시간을 자율에 맡기는 방안도 규제안과 같은 기준으로 평가해야 한다.,"Auch der Vorschlag, die Nutzungsdauer der eigenen Entscheidung zu überlassen, sollte nach denselben Kriterien wie eine Regulierung bewertet werden.",Regulierung & Nebenwirkung,c1_play_time_policy_1,5,false,autonomy,Noun,The option of leaving usage time to individual choice should be evaluated using the same criteria as regulation.,vocab_c1_0185
완화,wanhwa,Lockerung,C1,Nomen,완화 이후 이용시간이 어떻게 달라졌는지 봅니다.,"Wir sehen uns an, wie sich die Spielzeit nach der Lockerung verändert hat.",Regulierung & Nebenwirkung,c1_play_time_policy_1,6,false,easing,Noun,We look at how play time changed after the easing.,vocab_c1_0186
지표,jipyo,Kennzahl,C1,Nomen,수면 시간이라는 지표 하나만으로 정책의 전체 효과를 평가하기는 어렵다.,Die Gesamtwirkung einer Maßnahme lässt sich kaum anhand eines einzigen Indikators wie der Schlafdauer beurteilen.,Regulierung & Nebenwirkung,c1_play_time_policy_1,7,false,indicator,Noun,It is difficult to assess a policy's overall effects using a single indicator such as sleep duration.,vocab_c1_0187
역효과,yeokhyogwa,unerwünschter Effekt,C1,Nomen,게임 이용이 밤에 몰리는 역효과가 나타났는지 확인해야 합니다.,"Wir müssen prüfen, ob sich das Spielen als unerwünschter Effekt in die Nacht verlagert hat.",Regulierung & Nebenwirkung,c1_play_time_policy_1,8,false,unintended effect,Noun,We need to check whether gaming shifted into the night as an unintended effect.,vocab_c1_0188
우회,uhoe,Umgehung,C1,Nomen,부모의 계정을 사용하는 우회가 발생하는지 이용 기록을 추가로 살펴야 한다.,"Es sollten weitere Nutzungsdaten geprüft werden, um festzustellen, ob die Regel über Elternkonten umgangen wird.",Regulierung & Nebenwirkung,c1_play_time_policy_1,9,false,circumvention,Noun,Further usage records need to be examined to determine whether the rule is being circumvented through parents' accounts.,vocab_c1_0189
산정,sanjeong,Berechnung,C1,Nomen,이용시간 산정에 대기 화면과 실제 게임 시간을 모두 포함할지 먼저 정해야 한다.,"Zunächst muss festgelegt werden, ob bei der Berechnung der Nutzungsdauer sowohl Wartebildschirme als auch die eigentliche Spielzeit zählen.",Regulierung & Nebenwirkung,c1_play_time_policy_1,10,true,computation,Noun,It first needs to be decided whether calculating usage time should include both waiting screens and actual gameplay.,vocab_c1_0190
권고,gwongo,Empfehlung,C1,Nomen,강제 대신 권고를 택할 때는 실제로 얼마나 지켜지는지 살펴봐야 합니다.,"Wenn etwas nur empfohlen statt verbindlich vorgeschrieben wird, müssen wir prüfen, wie gut die Empfehlung tatsächlich befolgt wird.",Regulierung & Nebenwirkung,c1_play_time_policy_1,11,true,recommendation,Noun,"When something is recommended rather than required, we need to examine how well it is actually followed.",vocab_c1_0191
상한,sanghan,Obergrenze,C1,Nomen,제안된 하루 이용시간 상한이 평일과 주말에 모두 적절한지 검토해야 한다.,"Es muss geprüft werden, ob die vorgeschlagene tägliche Höchstdauer sowohl an Werktagen als auch am Wochenende angemessen ist.",Regulierung & Nebenwirkung,c1_play_time_policy_1,12,true,cap,Noun,The proposed daily usage cap needs to be examined for its suitability on both weekdays and weekends.,vocab_c1_0192
무보수,mubosu,unbezahlte Arbeit,C1,Nomen,팬 자막 팀은 무보수로 작업하고 있으며 번역과 검수에 든 시간을 기록하기 시작했다.,"Das Team für Fanuntertitel arbeitet unbezahlt und hat begonnen, die Zeit für Übersetzung und Prüfung zu erfassen.",Fanarbeit & Belastung,c1_fan_labor_1,1,false,unpaid work,Noun,The fan subtitling team works without pay and has started recording time spent on translation and review.,vocab_c1_0193
자발성,jabalseong,Freiwilligkeit,C1,Nomen,참여의 자발성을 이유로 작업량 증가를 당연하게 여겨서는 안 된다.,"Die Freiwilligkeit der Teilnahme darf nicht dazu dienen, einen steigenden Arbeitsumfang als selbstverständlich hinzunehmen.",Fanarbeit & Belastung,c1_fan_labor_1,2,false,voluntariness,Noun,The voluntary nature of participation should not be used to take an increasing workload for granted.,vocab_c1_0194
소진,sojin,Erschöpfung,C1,Nomen,컴백 주간마다 소진을 호소하는 사람이 늘어납니다.,In jeder Comeback-Woche klagen mehr Leute über Erschöpfung.,Fanarbeit & Belastung,c1_fan_labor_1,3,false,burnout,Noun,Every comeback week more people report burnout.,vocab_c1_0195
헌신,heonsin,Hingabe,C1,Nomen,헌신을 당연하게 여기면 남는 사람이 없습니다.,"Wird Hingabe als selbstverständlich genommen, bleibt niemand übrig.",Fanarbeit & Belastung,c1_fan_labor_1,4,false,devotion,Noun,"If devotion is taken for granted, nobody stays.",vocab_c1_0196
분담,bundam,Aufteilung der Aufgaben,C1,Nomen,업무 분담 표를 만든 뒤 번역 작업의 야근 시간이 줄었다.,"Nachdem ein Plan zur Aufgabenverteilung erstellt worden war, verringerte sich die Zeit für abendliche Mehrarbeit beim Übersetzen.",Fanarbeit & Belastung,c1_fan_labor_1,5,false,task sharing,Noun,"After a task-sharing schedule was introduced, the translation team spent fewer hours working late.",vocab_c1_0197
착취,chakchwi,Ausbeutung,C1,Nomen,이 글은 자발적 참여를 내세워 지속적인 무급 노동을 요구하는 구조가 착취로 이어질 수 있다고 지적한다.,"Der Text weist darauf hin, dass fortlaufend verlangte unbezahlte Arbeit trotz angeblicher Freiwilligkeit in Ausbeutung münden kann.",Fanarbeit & Belastung,c1_fan_labor_1,6,false,exploitation,Noun,The text argues that demanding ongoing unpaid work in the name of voluntary participation can lead to exploitation.,vocab_c1_0198
과부하,gwabuha,Überlastung,C1,Nomen,행사 직전에 업무 과부하가 소수의 운영진에게 집중되었다.,Kurz vor der Veranstaltung konzentrierte sich die Arbeitsüberlastung auf wenige Mitglieder des Organisationsteams.,Fanarbeit & Belastung,c1_fan_labor_1,7,false,overload,Noun,"Just before the event, the workload became overwhelming for a small group of organizers.",vocab_c1_0199
위임,wiim,Delegation,C1,Nomen,업무 위임이 이루어지지 않아 한 사람이 모든 계정을 관리하고 있다.,"Da keine Aufgaben delegiert wurden, verwaltet eine Person sämtliche Konten.",Fanarbeit & Belastung,c1_fan_labor_1,8,false,delegation,Noun,"No tasks have been delegated, so one person manages all the accounts.",vocab_c1_0200
여력,yeoryeok,Kapazität,C1,Nomen,시험 기간에는 여력이 거의 남지 않습니다.,In der Prüfungszeit bleibt kaum Kapazität übrig.,Fanarbeit & Belastung,c1_fan_labor_1,9,false,spare capacity,Noun,During exams almost no spare capacity is left.,vocab_c1_0201
지속성,jisokseong,Kontinuität,C1,Nomen,활동의 지속성을 확보하려면 참여자의 여력에 맞춰 작업량을 조정해야 한다.,"Damit die Aktivität langfristig fortgeführt werden kann, muss der Arbeitsumfang an die Kapazitäten der Beteiligten angepasst werden.",Fanarbeit & Belastung,c1_fan_labor_1,10,true,continuity,Noun,Sustaining the activity requires adjusting the workload to participants' available capacity.,vocab_c1_0202
성과물,seonggwamul,Arbeitsergebnis,C1,Nomen,성과물의 권리를 누가 갖는지 정해 두지 않았습니다.,"Wem die Rechte am Arbeitsergebnis gehören, wurde nie festgelegt.",Fanarbeit & Belastung,c1_fan_labor_1,11,true,output,Noun,Who owns the rights to the output was never settled.,vocab_c1_0203
동원,dongwon,Mobilisierung,C1,Nomen,투표 기간의 동원에만 의존하면 이후에도 참여가 이어질지는 알기 어렵다.,"Wer sich allein auf die Mobilisierung während der Abstimmungsphase verlässt, kann schwer einschätzen, ob die Beteiligung danach anhält.",Fanarbeit & Belastung,c1_fan_labor_1,12,true,mobilisation,Noun,Relying only on mobilization during the voting period makes it difficult to tell whether participation will continue afterward.,vocab_c1_0204
익명,ingmyeong,Anonymität,C1,Nomen,익명으로 교류하는 단계에서는 상대가 밝힌 정보를 확인하기 어려울 수 있다.,"Bei anonymen Kontakten kann es schwierig sein, die Angaben des Gegenübers zu überprüfen.",Sicherheit & Grenzen,c1_intimacy_safety_1,1,false,anonymity,Noun,"At the stage of anonymous interaction, it may be difficult to verify the other person's claims.",vocab_c1_0205
신원,sinwon,Identität,C1,Nomen,신원 확인을 의무화하면 이용을 포기하는 사람이 생길 수 있다.,"Eine verpflichtende Identitätsprüfung kann dazu führen, dass manche Menschen auf die Nutzung verzichten.",Sicherheit & Grenzen,c1_intimacy_safety_1,2,false,identity,Noun,Making identity verification mandatory may cause some people to stop using the service.,vocab_c1_0206
노출,nochul,Preisgabe,C1,Nomen,직장 정보의 노출은 되돌리기 어렵습니다.,Die Preisgabe von Angaben zum Arbeitsplatz lässt sich kaum rückgängig machen.,Sicherheit & Grenzen,c1_intimacy_safety_1,3,false,exposure,Noun,Exposure of workplace details is hard to undo.,vocab_c1_0207
대면,daemyeon,persönliches Treffen,C1,Nomen,첫 대면 장소는 사람이 많은 곳으로 정합니다.,Das erste persönliche Treffen legen wir an einen belebten Ort.,Sicherheit & Grenzen,c1_intimacy_safety_1,4,false,meeting in person,Noun,The first meeting in person is set somewhere busy.,vocab_c1_0208
경위,gyeongwi,Hergang,C1,Nomen,신고서에 경위를 시간 순서로 적게 합니다.,Im Meldeformular soll der Hergang in zeitlicher Reihenfolge stehen.,Sicherheit & Grenzen,c1_intimacy_safety_1,5,false,sequence of events,Noun,The report form asks for the sequence of events in time order.,vocab_c1_0209
수위,suwi,Schärfe / Intensität,C1,Nomen,표현의 수위를 판단할 때는 단어 자체뿐 아니라 발화의 맥락도 고려해야 한다.,Bei der Beurteilung der Schärfe einer Äußerung sollte neben den Wörtern selbst auch ihr Kontext berücksichtigt werden.,Sicherheit & Grenzen,c1_intimacy_safety_1,6,false,severity / intensity,Noun,Assessing the severity of language requires considering the context of the utterance as well as the words themselves.,vocab_c1_0210
완충,wanchung,Puffer,C1,Nomen,즉시 차단 대신 경고라는 완충 단계를 두는 방안의 효과를 검토했다.,"Es wurde geprüft, wie wirksam eine Warnung als Zwischenstufe vor einer sofortigen Sperrung wäre.",Sicherheit & Grenzen,c1_intimacy_safety_1,7,false,buffer,Noun,The effect of using a warning as a buffer before immediate blocking was examined.,vocab_c1_0211
선별,seonbyeol,Vorauswahl,C1,Nomen,자동 선별이 놓친 신고는 사람이 다시 봅니다.,"Meldungen, die die automatische Vorauswahl übersieht, prüft ein Mensch erneut.",Sicherheit & Grenzen,c1_intimacy_safety_1,8,false,filtering,Noun,Reports missed by the automatic filtering are reviewed by a person.,vocab_c1_0212
임계치,imgyechi,Schwellenwert,C1,Nomen,자동 차단의 임계치를 낮추면 정상적인 표현까지 차단될 가능성이 커질 수 있다.,"Ein niedrigerer Schwellenwert für automatische Sperren kann das Risiko erhöhen, dass auch unproblematische Äußerungen blockiert werden.",Sicherheit & Grenzen,c1_intimacy_safety_1,9,false,threshold,Noun,Lowering the threshold for automatic blocking may increase the risk of blocking harmless expressions as well.,vocab_c1_0213
호출,hochul,Ruf / Alarmierung,C1,Nomen,긴급 호출 버튼은 실제 도움이 필요할 때만 눌러야 한다.,"Den Notrufknopf sollte man nur drücken, wenn tatsächlich Hilfe nötig ist.",Sicherheit & Grenzen,c1_intimacy_safety_1,10,true,call / alert,Noun,The emergency call button should be pressed only when help is actually needed.,vocab_c1_0214
차단,chadan,Sperrung,C1,Nomen,차단한 뒤에도 이전 대화가 남는지 알려 줘야 합니다.,"Es muss klar sein, ob nach der Sperrung alte Nachrichten bleiben.",Sicherheit & Grenzen,c1_intimacy_safety_1,11,true,blocking,Noun,It has to be clear whether old messages survive blocking.,vocab_c1_0215
경계,gyeonggye,Grenze,C1,Nomen,서로의 경계를 먼저 말해 두면 갈등이 줄어듭니다.,"Werden die eigenen Grenzen vorab benannt, sinkt das Konfliktrisiko.",Sicherheit & Grenzen,c1_intimacy_safety_1,12,true,boundary,Noun,Naming each other's boundaries early lowers conflict.,vocab_c1_0216
오작동,ojakdong,Fehlfunktion,C2,Nomen,검침기 오작동으로 평소 요금의 세 배가 청구되어 이용자가 재검토를 요청했다.,"Wegen einer Fehlfunktion des Zählers wurde das Dreifache des üblichen Betrags berechnet, woraufhin die betroffene Person eine Überprüfung beantragte.",Automatisierung & Rechtsweg,c2_automation_redress_1,1,false,malfunction,Noun,"A meter malfunction resulted in a bill three times the usual amount, prompting the user to request a review.",vocab_c2_0169
구제,guje,Abhilfe,C2,Nomen,구제 절차가 접수 확인에 그친다면 잘못된 요금을 바로잡는 데 도움이 되지 않는다.,"Beschränkt sich das Abhilfeverfahren auf eine Eingangsbestätigung, hilft es nicht bei der Korrektur einer falschen Rechnung.",Automatisierung & Rechtsweg,c2_automation_redress_1,2,false,remedy,Noun,"If the redress process stops at acknowledging receipt, it does not help correct an inaccurate bill.",vocab_c2_0170
소명,somyeong,Darlegung des eigenen Falls,C2,Nomen,이용자에게 소명 기회를 주지 않고 내린 결정은 근거를 다시 검토할 필요가 있다.,Bei einer Entscheidung ohne Gelegenheit zur Stellungnahme sollten die Entscheidungsgrundlagen erneut geprüft werden.,Automatisierung & Rechtsweg,c2_automation_redress_1,3,false,explanation of one's case,Noun,The grounds for a decision made without allowing the user to explain their case need to be reviewed.,vocab_c2_0171
유예,yuye,Aufschub,C2,Nomen,감사 보고서는 납부 유예가 당장의 부담을 덜지만 과다 청구의 원인을 해결하지는 못한다고 지적했다.,"Der Prüfbericht stellte fest, dass ein Zahlungsaufschub die unmittelbare Belastung mindert, die Ursache der überhöhten Abrechnung jedoch nicht behebt.",Automatisierung & Rechtsweg,c2_automation_redress_1,4,false,deferral,Noun,The audit report noted that deferring payment eases the immediate burden but does not address the cause of overbilling.,vocab_c2_0172
재검토,jaegeomto,Überprüfung,C2,Nomen,재검토가 기존 점수를 반복해서 확인하는 데 그친다면 실질적인 오류 교정은 어렵다.,"Beschränkt sich eine Nachprüfung auf die Bestätigung des bisherigen Punktwerts, werden Fehler kaum tatsächlich korrigiert.",Automatisierung & Rechtsweg,c2_automation_redress_1,5,false,review,Noun,"If a review merely confirms the existing score, it is unlikely to correct substantive errors.",vocab_c2_0173
통보,tongbo,Mitteilung,C2,Ausdruck,행정기관은 처분 결과를 당사자에게 서면으로 통보하고 이의 신청 기한도 함께 안내했다.,Die Behörde teilte der betroffenen Person die Entscheidung schriftlich mit und nannte zugleich die Einspruchsfrist.,Automatisierung & Rechtsweg,c2_automation_redress_1,6,false,notification,Expression,The agency notified the affected person of the decision in writing and also stated the deadline for an appeal.,vocab_c2_0174
시정,sijeong,Behebung,C2,Nomen,시정 요구에는 고쳐야 할 내용과 이행 기한을 구체적으로 적었다.,"Die Aufforderung zur Behebung benannte konkret, was korrigiert werden soll und bis wann.",Automatisierung & Rechtsweg,c2_automation_redress_1,7,false,correction,Noun,The request for corrective action specified what needed to be fixed and by when.,vocab_c2_0175
입증,ipjeung,Nachweis,C2,Nomen,보고서는 자동 제재의 판단 자료가 운영자에게 있는데도 이용자에게만 입증 책임을 지우는 관행을 비판했다.,"Der Bericht kritisierte die Praxis, die Nachweispflicht allein den Nutzenden aufzuerlegen, obwohl die Unterlagen, auf denen eine automatische Sanktion beruht, beim Betreiber liegen.",Automatisierung & Rechtsweg,c2_automation_redress_1,8,false,proof,Noun,The report criticized the practice of placing the burden of proof solely on users even though the operator holds the records on which an automated sanction was based.,vocab_c2_0176
형식적,hyeongsikjeok,bloß formal,C2,Adjektiv,이의 창구가 형식적 절차에 그치면 이용자가 오류를 바로잡기 어렵다.,"Bleibt die Beschwerdestelle eine bloße Formalität, können Nutzende Fehler nur schwer korrigieren lassen.",Automatisierung & Rechtsweg,c2_automation_redress_1,9,false,merely formal,Adjective,"If the appeals channel is merely a formality, users may struggle to have errors corrected.",vocab_c2_0177
자동 처리,jadong cheori,automatische Bearbeitung,C2,Nomen,자동 처리에 사용한 판단 기준을 공개하면 결정 근거를 검토하는 데 도움이 된다.,"Die Offenlegung der Kriterien einer automatisierten Bearbeitung hilft, die Entscheidungsgrundlage zu prüfen.",Automatisierung & Rechtsweg,c2_automation_redress_1,10,true,automated processing,Noun,Disclosing the criteria used in automated processing helps review the basis of the decision.,vocab_c2_0178
불복,bulbok,Einspruch,C2,Nomen,위원회는 불복 절차를 안내할 때 제출 기한과 필요한 자료를 함께 명시할 것을 권고했다.,"Der Ausschuss empfahl, bei der Erläuterung des Einspruchsverfahrens auch die Frist und die erforderlichen Unterlagen anzugeben.",Automatisierung & Rechtsweg,c2_automation_redress_1,11,true,appeal,Noun,The committee recommended stating the deadline and required documents when explaining the appeal procedure.,vocab_c2_0179
처분,cheobun,Maßnahme,C2,Nomen,처분의 근거가 통지서에 빠져 있으면 당사자가 어떤 점에 이의를 제기할지 파악하기 어렵다.,"Fehlt die Begründung der behördlichen Maßnahme im Bescheid, können Betroffene schwer erkennen, welche Punkte sie anfechten sollen.",Automatisierung & Rechtsweg,c2_automation_redress_1,12,true,administrative measure,Noun,"If a notice omits the grounds for an administrative action, the affected person may struggle to identify what to challenge.",vocab_c2_0180
과다,gwada,Übermaß / übermäßig,C2,Nomen,과다 제재는 문제를 해결하기보다 반발을 키울 수 있다.,Übermäßige Sanktionen können eher Widerstand verstärken als das Problem lösen.,Sanktion & Rechenschaft,c2_sanction_accountability_1,1,false,excess / excessive,Noun,Excessive sanctions can increase resistance rather than solve the problem.,vocab_c2_0181
적발,jeokbal,Aufdeckung,C2,Nomen,규정 위반 적발에 사용한 기준이 불분명하면 제재의 타당성을 둘러싼 다툼이 생길 수 있다.,"Sind die Kriterien zur Feststellung eines Regelverstoßes unklar, kann Streit über die Angemessenheit der Sanktion entstehen.",Sanktion & Rechenschaft,c2_sanction_accountability_1,2,false,detection,Noun,Unclear criteria for detecting rule violations may lead to disputes over whether a sanction is justified.,vocab_c2_0182
누적,nujeok,Kumulierung,C2,Nomen,경미한 위반이 누적됐다는 사실만으로 중대한 위반과 같은 제재를 정당화할 수 있는지는 별도로 따져야 한다.,"Ob die Häufung geringfügiger Verstöße dieselbe Sanktion wie ein schwerer Verstoß rechtfertigt, muss gesondert geprüft werden.",Sanktion & Rechenschaft,c2_sanction_accountability_1,3,false,accumulation,Noun,Whether an accumulation of minor violations justifies the same sanction as a serious violation must be assessed separately.,vocab_c2_0183
해제,haeje,Aufhebung einer Maßnahme,C2,Nomen,계정 정지 해제 조건을 미리 안내하면 이용자가 필요한 조치를 이해할 수 있다.,"Vorab mitgeteilte Bedingungen für die Aufhebung einer Kontosperre helfen Nutzenden, die nötigen Schritte zu verstehen.",Sanktion & Rechenschaft,c2_sanction_accountability_1,4,false,lifting of a measure,Noun,Explaining the conditions for lifting an account suspension in advance helps users understand the required steps.,vocab_c2_0184
자의적,jauijeok,willkürlich,C2,Adjektiv,평가 기준을 공개하면 담당자의 자의적인 판단이 결과에 미치는 영향을 줄일 수 있다.,Die Offenlegung der Bewertungskriterien kann den Einfluss willkürlicher Entscheidungen einzelner Prüfender auf das Ergebnis verringern.,Sanktion & Rechenschaft,c2_sanction_accountability_1,5,false,arbitrary,Adjective,Publishing the assessment criteria can reduce the influence of arbitrary judgments by individual reviewers on the outcome.,vocab_c2_0185
일관성,ilgwanseong,Konsistenz,C2,Nomen,같은 위반에 서로 다른 제재가 내려진다면 기준 적용의 일관성을 점검해야 한다.,"Wenn derselbe Verstoß zu unterschiedlichen Sanktionen führt, sollte die einheitliche Anwendung der Kriterien geprüft werden.",Sanktion & Rechenschaft,c2_sanction_accountability_1,6,false,consistency,Noun,"If the same violation leads to different sanctions, the consistency of how the criteria are applied needs to be examined.",vocab_c2_0186
비례,birye,Verhältnismäßigkeit,C2,Nomen,처벌의 무게가 위반의 정도에 비례하는지 따로 봅니다.,"Wir prüfen gesondert, ob die Schwere der Sanktion im Verhältnis zum Verstoß steht.",Sanktion & Rechenschaft,c2_sanction_accountability_1,7,false,proportionality,Noun,We separately examine whether the severity of the penalty is proportionate to the violation.,vocab_c2_0187
항변,hangbyeon,Einwand / Gegenargument,C2,Nomen,제재에 대한 항변을 준비할 시간이 부족하면 당사자가 근거를 제출하기 어려울 수 있다.,"Bleibt zu wenig Zeit, Einwände gegen eine Sanktion vorzubereiten, können Betroffene ihre Belege nur schwer einreichen.",Sanktion & Rechenschaft,c2_sanction_accountability_1,8,false,objection / defense,Noun,"If there is too little time to prepare a defense against a sanction, the affected person may struggle to submit supporting evidence.",vocab_c2_0188
오탐,otam,Fehlalarm,C2,Nomen,자동 선별의 오탐으로 게시물이 차단된 경우를 위해 재검토 절차를 마련했다.,"Für Beiträge, die durch einen Fehlalarm des automatischen Filters blockiert wurden, wurde ein Überprüfungsverfahren eingerichtet.",Sanktion & Rechenschaft,c2_sanction_accountability_1,9,false,false positive,Noun,A review process was established for posts blocked by false positives in automated filtering.,vocab_c2_0189
소급,sogeup,Rückwirkung,C2,Nomen,새 제재 기준의 소급 적용을 논할 때는 이전에 안내한 규칙과의 차이를 고려해야 한다.,Bei der Diskussion einer rückwirkenden Anwendung neuer Sanktionskriterien sollten Unterschiede zu den zuvor mitgeteilten Regeln berücksichtigt werden.,Sanktion & Rechenschaft,c2_sanction_accountability_1,10,true,retroactivity,Noun,"When discussing retroactive application of new sanction criteria, differences from the previously communicated rules should be considered.",vocab_c2_0190
귀책,gwichaek,Zurechnung,C2,Nomen,계정 정지의 귀책 사유를 설명하지 않으면 이용자가 결정에 이의를 제기하기 어려워질 수 있다.,"Wird nicht erläutert, welches Verschulden der Kontosperre zugrunde liegt, kann es schwerer sein, die Entscheidung anzufechten.",Sanktion & Rechenschaft,c2_sanction_accountability_1,11,true,attributable fault,Noun,"If the fault attributed to a user is not explained, it may become harder to challenge an account suspension.",vocab_c2_0191
재량,jaeryang,Ermessen,C2,Nomen,운영자에게 넓은 재량을 주는 규정일수록 판단 기준과 이의 절차를 명확히 해야 한다.,"Je mehr Ermessen eine Regel den Betreibenden einräumt, desto klarer müssen die Entscheidungskriterien und Einspruchsverfahren sein.",Sanktion & Rechenschaft,c2_sanction_accountability_1,12,true,discretion,Noun,Rules that grant operators broad discretion need especially clear decision criteria and appeal procedures.,vocab_c2_0192
함축,hamchuk,Implikation / Verdichtung,C2,Nomen,짧은 대사의 함축을 이해하려면 앞뒤 장면을 함께 봐야 한다.,"Um die implizite Bedeutung einer kurzen Replik zu verstehen, muss man die Szenen davor und danach mitbetrachten.",Narrativ & Perspektive,c2_relationship_narratives_1,1,false,implication / compression,Noun,"To understand the implication of a short line, you need to consider the surrounding scenes.",vocab_c2_0193
각색,gaksaek,Adaption,C2,Nomen,영화 각색 과정에서 원작의 사건 순서와 인물의 동기가 달라졌다.,Bei der Verfilmung wurden die Reihenfolge der Ereignisse und die Motive der Figuren gegenüber der Vorlage verändert.,Narrativ & Perspektive,c2_relationship_narratives_1,2,false,adaptation,Noun,The film adaptation changed the order of events and the characters' motivations from the original work.,vocab_c2_0194
미화,mihwa,Beschönigung,C2,Nomen,회고록의 미화는 과거 관계의 갈등과 책임을 흐릴 수 있다.,Beschönigungen in Memoiren können Konflikte und Verantwortung in vergangenen Beziehungen verdecken.,Narrativ & Perspektive,c2_relationship_narratives_1,3,false,glossing over,Noun,Idealizing the past in a memoir can obscure conflict and responsibility in earlier relationships.,vocab_c2_0195
통념,tongnyeom,gängige Vorstellung,C2,Nomen,이 소설은 가족은 언제나 화목해야 한다는 통념을 인물들의 갈등을 통해 질문한다.,"Der Roman hinterfragt durch die Konflikte seiner Figuren die gängige Vorstellung, Familien müssten immer harmonisch sein.",Narrativ & Perspektive,c2_relationship_narratives_1,4,false,received idea,Noun,"Through its characters' conflicts, the novel questions the conventional belief that families should always be harmonious.",vocab_c2_0196
투사,tusa,Projektion,C2,Nomen,주인공이 자신의 불안을 상대에게 투사하는 장면은 두 사람의 대화가 어긋나는 이유를 보여 준다.,"Die Szene, in der die Hauptfigur ihre eigene Angst auf das Gegenüber projiziert, zeigt, warum das Gespräch zwischen beiden scheitert.",Narrativ & Perspektive,c2_relationship_narratives_1,5,false,projection,Noun,The scene in which the protagonist projects their own anxiety onto the other person shows why the two talk past each other.,vocab_c2_0197
개연성,gaeyeonseong,Plausibilität,C2,Nomen,소설 속 우연한 재회는 앞서 제시된 두 인물의 동선 덕분에 개연성을 얻는다.,"Das zufällige Wiedersehen im Roman gewinnt an Plausibilität, weil die Wege der beiden Figuren zuvor nachvollziehbar dargestellt wurden.",Narrativ & Perspektive,c2_relationship_narratives_1,6,false,plausibility,Noun,The chance reunion in the novel becomes plausible because the two characters’ movements were established earlier.,vocab_c2_0198
전형,jeonhyeong,Typus / Stereotyp,C2,Nomen,평론은 주인공을 희생자라는 전형으로만 읽으면 그가 내린 선택의 모순을 놓치게 된다고 지적한다.,"Die Kritik weist darauf hin, dass eine Lesart der Hauptfigur allein als Opferfigur die Widersprüche in ihren Entscheidungen übersieht.",Narrativ & Perspektive,c2_relationship_narratives_1,7,false,type / stereotype,Noun,The review argues that reading the protagonist solely as a victim archetype obscures the contradictions in the choices they make.,vocab_c2_0199
재구성,jaeguseong,Rekonstruktion,C2,Nomen,회고록에서 기억의 재구성은 당시 사건과 현재의 감정이 만나는 과정으로 나타난다.,"In den Memoiren erscheint die Rekonstruktion von Erinnerungen als ein Prozess, in dem vergangene Ereignisse und heutige Gefühle aufeinandertreffen.",Narrativ & Perspektive,c2_relationship_narratives_1,8,false,reconstruction,Noun,"In the memoir, the reconstruction of memory appears as a process where past events meet present feelings.",vocab_c2_0200
화자,hwaja,Erzählstimme,C2,Nomen,문학 평론은 화자가 바뀔 때 같은 사건의 책임이 누구에게 있는지에 대한 독자의 판단도 달라진다고 분석한다.,"Die Literaturkritik zeigt, dass ein Wechsel der Erzählstimme auch das Urteil der Lesenden darüber verändert, wer für dasselbe Ereignis verantwortlich ist.",Narrativ & Perspektive,c2_relationship_narratives_1,9,false,narrator,Noun,The literary essay argues that changing the narrator can alter a reader's judgment of who is responsible for the same event.,vocab_c2_0201
왜곡,waegok,Entstellung,C2,Nomen,긴 증언을 짧게 요약할 때는 사건의 순서와 책임이 왜곡되지 않도록 주의해야 한다.,"Bei der kurzen Zusammenfassung langer Zeugenaussagen ist darauf zu achten, dass Ablauf und Verantwortung nicht verzerrt werden.",Narrativ & Perspektive,c2_relationship_narratives_1,10,true,distortion,Noun,"When condensing a long testimony, care is needed to avoid distorting the sequence of events or responsibility.",vocab_c2_0202
이상화,isanghwa,Idealisierung,C2,Nomen,소설 초반의 이상화가 이후에 드러나는 인물의 모순을 더 두드러지게 만든다.,Die Idealisierung zu Beginn des Romans lässt die später sichtbar werdenden Widersprüche der Figur stärker hervortreten.,Narrativ & Perspektive,c2_relationship_narratives_1,11,true,idealisation,Noun,The idealization at the start of the novel makes the character's later contradictions more striking.,vocab_c2_0203
단정,danjeong,endgültiges Urteil,C2,Nomen,한 장면만을 근거로 인물의 성격에 단정을 내리기보다 이후의 행동도 살펴야 한다.,"Statt aus einer einzigen Szene ein endgültiges Urteil über eine Figur abzuleiten, sollten auch ihre späteren Handlungen betrachtet werden.",Narrativ & Perspektive,c2_relationship_narratives_1,12,true,categorical judgment,Noun,"Rather than drawing a firm conclusion about a character from one scene, their later actions should also be examined.",vocab_c2_0204
담론,damnon,Diskurs,C2,Nomen,연구는 온라인 팬덤의 담론이 작품의 해석뿐 아니라 어떤 비판이 받아들여지는지도 좌우한다고 분석한다.,"Die Studie zeigt, dass der Diskurs in Online-Fandoms sowohl die Deutung eines Werks als auch die Akzeptanz von Kritik prägt.",Diskurs & Macht,c2_fandom_discourse_1,1,false,discourse,Noun,The study argues that discourse within online fandoms shapes both interpretations of a work and which criticisms are accepted.,vocab_c2_0205
결집,gyeoljip,Mobilisierung,C2,Nomen,비판 이후 팬들의 결집이 이루어지는 과정을 게시물과 댓글의 흐름으로 분석했다.,Der Zusammenschluss der Fans nach der Kritik wurde anhand des Verlaufs von Beiträgen und Kommentaren analysiert.,Diskurs & Macht,c2_fandom_discourse_1,2,false,rallying,Noun,The way fans rallied after the criticism was analyzed through the sequence of posts and comments.,vocab_c2_0206
배제,baeje,Ausschluss,C2,Nomen,토론 공간에서 반대 의견의 배제가 반복되면 다양한 해석이 드러나기 어려울 수 있다.,"Werden abweichende Meinungen in einem Diskussionsraum wiederholt ausgeschlossen, können unterschiedliche Deutungen schwer sichtbar werden.",Diskurs & Macht,c2_fandom_discourse_1,3,false,exclusion,Noun,Repeated exclusion of dissenting views in a discussion space may prevent a range of interpretations from emerging.,vocab_c2_0207
낙인,nagin,Stigma,C2,Nomen,댓글 분석에서는 특정 집단에 붙은 낙인이 반론이 제시된 뒤에도 반복되는 양상이 확인됐다.,"Die Analyse der Kommentare zeigte, dass ein stigmatisierendes Etikett für eine bestimmte Gruppe auch nach Gegenargumenten immer wieder auftauchte.",Diskurs & Macht,c2_fandom_discourse_1,4,false,stigma,Noun,The comment analysis found that a stigmatizing label attached to a particular group kept recurring even after counterarguments were offered.,vocab_c2_0208
정당화,jeongdanghwa,Rechtfertigung,C2,Nomen,다수의 지지를 근거로 삼는 정당화는 주장 자체의 타당성을 입증하지 못한다.,"Eine Rechtfertigung durch die Zustimmung einer Mehrheit belegt nicht, dass die Behauptung selbst stichhaltig ist.",Diskurs & Macht,c2_fandom_discourse_1,5,false,justification,Noun,Justification based on majority support does not establish the validity of the claim itself.,vocab_c2_0209
위계,wigye,Hierarchie,C2,Nomen,활동 기간에 따른 위계가 굳어지면서 새 참여자의 의견이 덜 반영되었다.,"Als sich eine Hierarchie nach der Dauer der Mitgliedschaft verfestigte, wurden die Meinungen neuer Beteiligter weniger berücksichtigt.",Diskurs & Macht,c2_fandom_discourse_1,6,false,hierarchy,Noun,"As a hierarchy based on length of involvement became established, new participants' views received less consideration.",vocab_c2_0210
동조,dongjo,Konformität / Zustimmung,C2,Nomen,반대 의견을 내기 어려운 상황에서 나타난 동조를 실제 합의와 구분해야 한다.,"Zustimmung unter Bedingungen, die Widerspruch erschweren, sollte von tatsächlichem Konsens unterschieden werden.",Diskurs & Macht,c2_fandom_discourse_1,7,false,conformity / agreement,Noun,Conformity in a situation where dissent is difficult should be distinguished from genuine agreement.,vocab_c2_0211
발화,balhwa,Äußerung,C2,Nomen,대화 분석은 같은 발화도 상사가 했는지 동료가 했는지에 따라 요청이나 압박으로 받아들여질 수 있다고 설명한다.,"Die Gesprächsanalyse zeigt, dass dieselbe Äußerung je nachdem, ob sie von einer vorgesetzten oder gleichgestellten Person stammt, als Bitte oder als Druck verstanden werden kann.",Diskurs & Macht,c2_fandom_discourse_1,8,false,utterance,Noun,Conversation analysis shows that the same utterance may sound like a request or pressure depending on whether it comes from a supervisor or a coworker.,vocab_c2_0212
함의,hamui,Implikation,C2,Nomen,같은 문장의 함의도 앞뒤 발화와 말한 사람의 위치에 따라 달라질 수 있다.,Die Implikation desselben Satzes kann je nach umgebenden Äußerungen und Position der sprechenden Person variieren.,Diskurs & Macht,c2_fandom_discourse_1,9,false,implication,Noun,The implication of the same sentence may vary with the surrounding utterances and the speaker's position.,vocab_c2_0213
잣대,jatdae,Maßstab,C2,Nomen,"논설은 같은 행위를 내부자에게는 실수, 외부자에게는 위반으로 보는 이중 잣대를 비판했다.","Der Kommentar kritisierte den doppelten Maßstab, dieselbe Handlung bei Personen aus den eigenen Reihen als Fehler, bei Außenstehenden aber als Verstoß zu bewerten.",Diskurs & Macht,c2_fandom_discourse_1,10,true,yardstick,Noun,The editorial criticized a double standard that treats the same act as a mistake when committed by insiders and as a violation when committed by outsiders.,vocab_c2_0214
비난,binan,Vorwurf,C2,Nomen,논점보다 특정 개인에 대한 비난이 앞서기 시작하면 생산적인 대화가 어려워집니다.,"Wenn persönliche Vorwürfe gegen eine bestimmte Person die sachliche Auseinandersetzung verdrängen, wird ein produktives Gespräch schwierig.",Diskurs & Macht,c2_fandom_discourse_1,11,true,criticism,Noun,"When criticism of a specific individual begins to overshadow the issue itself, productive discussion becomes difficult.",vocab_c2_0215
우세,use,Übergewicht,C2,Nomen,토론에서 목소리의 우세가 주장을 뒷받침하는 근거의 양과 같지는 않다.,Das Übergewicht einer Stimme in einer Debatte entspricht nicht der Menge an Belegen für ihre Behauptung.,Diskurs & Macht,c2_fandom_discourse_1,12,true,dominance,Noun,The dominance of a voice in a debate is not the same as the amount of evidence supporting its claim.,vocab_c2_0216
총주거비,chongjugeobi,gesamte Wohnkosten,B2,Nomen,계약서의 월세만 보지 말고 총주거비를 먼저 계산해 봅시다.,"Schauen wir nicht nur auf die Kaltmiete, sondern berechnen wir zuerst die gesamten Wohnkosten.",Gesellschaft & Alltag 2026,b2_2026_social_topics_1,1,false,total housing costs,Noun,Let's not look only at the base rent; let's calculate the total housing costs first.,vocab_b2_0623
임대료 인상,imdaeryo insang,Mieterhöhung,B2,Nomen,임대료 인상 통보를 받으면 적용 날짜와 근거부터 확인하세요.,Prüfen Sie bei einer angekündigten Mieterhöhung zuerst das Datum und die Begründung.,Gesellschaft & Alltag 2026,b2_2026_social_topics_1,2,false,rent increase,Noun,"When you receive notice of a rent increase, check the effective date and basis first.",vocab_b2_0624
주거 부담,jugeo budam,Wohnkostenbelastung,B2,Nomen,소득에서 집에 쓰는 돈이 커질수록 주거 부담도 커집니다.,"Je größer der Anteil der Wohnkosten am Einkommen ist, desto höher ist die Wohnkostenbelastung.",Gesellschaft & Alltag 2026,b2_2026_social_topics_1,3,false,housing-cost burden,Noun,"The larger the share of income spent on housing, the greater the housing-cost burden.",vocab_b2_0625
자동 선별,jadong seonbyeol,automatisierte Vorauswahl,B2,Nomen,자동 선별에서 탈락한 지원서도 사람이 다시 볼 수 있어야 합니다.,"Auch Bewerbungen, die bei der automatisierten Vorauswahl ausscheiden, sollten von einem Menschen erneut geprüft werden können.",Gesellschaft & Alltag 2026,b2_2026_social_topics_1,4,false,automated screening,Noun,Applications rejected during automated screening should still be eligible for human review.,vocab_b2_0626
사람의 재검토,saramui jaegeomto,menschliche Nachprüfung,B2,Nomen,회사는 지원자에게 사람의 재검토를 요청할 방법을 알려 줬습니다.,"Das Unternehmen erklärte den Bewerbenden, wie sie eine menschliche Nachprüfung beantragen können.",Gesellschaft & Alltag 2026,b2_2026_social_topics_1,5,false,human review,Noun,The company told applicants how to request human review.,vocab_b2_0627
채용 기준,chaeyong gijun,Einstellungskriterien,B2,Nomen,채용 기준이 공개되어야 지원자도 결과를 이해할 수 있습니다.,Nur bei offengelegten Einstellungskriterien können Bewerbende das Ergebnis nachvollziehen.,Gesellschaft & Alltag 2026,b2_2026_social_topics_1,6,false,hiring criteria,Noun,Applicants can understand the outcome only when the hiring criteria are disclosed.,vocab_b2_0628
정착 지원,jeongchak jiwon,Unterstützung beim Ankommen,B2,Nomen,정착 지원에는 언어 수업뿐 아니라 주거와 행정 절차에 관한 정보도 필요합니다.,Zur Unterstützung beim Ankommen braucht es neben Sprachkursen auch Informationen zu Wohnmöglichkeiten und Verwaltungsverfahren.,Gesellschaft & Alltag 2026,b2_2026_social_topics_1,7,false,settlement support,Noun,Settlement support requires information about housing and administrative procedures as well as language classes.,vocab_b2_0629
자격 인정,jagyeok injeong,Anerkennung von Qualifikationen,B2,Nomen,자격 인정 절차가 길어지면 경력이 있어도 일을 시작하기 어렵습니다.,"Wenn sich die Anerkennung von Qualifikationen hinzieht, ist der Berufseinstieg trotz Erfahrung schwierig.",Gesellschaft & Alltag 2026,b2_2026_social_topics_1,8,false,recognition of qualifications,Noun,"When recognition of qualifications takes too long, even experienced people struggle to start work.",vocab_b2_0630
인력 부족,innyeok bujok,Personalmangel,B2,Nomen,인력 부족을 해결하려면 채용뿐 아니라 오래 일할 조건도 마련해야 합니다.,"Um Personalmangel zu lösen, braucht es nicht nur Einstellungen, sondern auch Bedingungen für langfristige Beschäftigung.",Gesellschaft & Alltag 2026,b2_2026_social_topics_1,9,false,labor shortage,Noun,"Addressing a labor shortage requires conditions for people to stay, not recruitment alone.",vocab_b2_0631
현지화,hyeonjihwa,Lokalisierung,B2,Nomen,현지화는 번역만이 아니라 지역 맥락에 맞게 설명하는 일도 포함합니다.,"Lokalisierung umfasst nicht nur Übersetzung, sondern auch Erklärungen für den jeweiligen lokalen Kontext.",Gesellschaft & Alltag 2026,b2_2026_social_topics_1,10,true,localization,Noun,"Localization includes explaining content for the local context, not just translating it.",vocab_b2_0632
팬 번역,paen beonyeok,Fanübersetzung,B2,Nomen,팬 번역을 쓸 때는 만든 사람의 이름과 수정 책임을 분명히 해야 합니다.,Bei Fanübersetzungen müssen der Name der übersetzenden Person und die Verantwortung für Korrekturen klar sein.,Gesellschaft & Alltag 2026,b2_2026_social_topics_1,11,true,fan translation,Noun,"When using a fan translation, the translator's name and responsibility for corrections need to be made clear.",vocab_b2_0633
참여 방식,chamyeo bangsik,Form der Beteiligung,B2,Nomen,조회수가 같아도 댓글과 행사 참여 방식은 지역마다 다를 수 있습니다.,Bei gleichen Aufrufzahlen kann sich die Form der Beteiligung je nach Region unterscheiden.,Gesellschaft & Alltag 2026,b2_2026_social_topics_1,12,true,form of participation,Noun,"Even with the same view counts, the form of participation can vary by region.",vocab_b2_0634
지표의 한계,jipyoui hangye,Grenzen einer Kennzahl,C1,Nomen,평균 월세를 인용할 때는 지표의 한계와 조사 범위도 함께 밝혀야 합니다.,"Wer die Durchschnittsmiete nennt, muss auch die Grenzen der Kennzahl und den Erhebungsbereich offenlegen.",Gesellschaft im Wandel,c1_2026_social_topics_1,1,false,limits of an indicator,Noun,"When citing average rent, you should also state the limits of the indicator and the survey scope.",vocab_c1_0217
표본 구성,pyobon guseong,Zusammensetzung der Stichprobe,C1,Nomen,신규 계약이 적게 포함된 표본 구성은 현재의 주거 부담을 낮게 보이게 할 수 있다.,Eine Stichprobe mit wenigen Neuverträgen kann die aktuelle Wohnkostenbelastung zu niedrig erscheinen lassen.,Gesellschaft im Wandel,c1_2026_social_topics_1,2,false,sample composition,Noun,A sample containing few new leases may understate the current housing-cost burden.,vocab_c1_0218
인과관계,ingwagwangye,Kausalzusammenhang,C1,Nomen,두 값이 함께 올랐다는 사실만으로 인과관계를 단정할 수는 없습니다.,"Dass zwei Werte zugleich steigen, belegt noch keinen Kausalzusammenhang.",Gesellschaft im Wandel,c1_2026_social_topics_1,3,false,causal relationship,Noun,The fact that two values rose together does not establish a causal relationship.,vocab_c1_0219
분배 효과,bunbae hyogwa,Verteilungswirkung,C1,Nomen,자동화의 평균 효과보다 집단별 분배 효과를 따로 살펴야 합니다.,Neben dem Durchschnittseffekt der Automatisierung muss ihre Verteilungswirkung nach Gruppen geprüft werden.,Gesellschaft im Wandel,c1_2026_social_topics_1,4,false,distributional effect,Noun,"We need to examine the distributional effect across groups, not only automation's average effect.",vocab_c1_0220
이해관계자,ihaegwangyeja,Beteiligte / Betroffene,C1,Nomen,제도를 바꾸기 전에 지원자와 채용 담당자를 모두 이해관계자로 참여시켜야 한다.,Vor einer Änderung des Verfahrens sollten sowohl Bewerbende als auch Personalverantwortliche als Betroffene einbezogen werden.,Gesellschaft im Wandel,c1_2026_social_topics_1,5,false,stakeholders,Noun,"Before changing the system, applicants and hiring staff should both be involved as stakeholders.",vocab_c1_0221
보완책,bowanchaek,ergänzende Maßnahme,C1,Nomen,오류를 줄이는 보완책 없이 자동 선별의 속도만 강조해서는 안 됩니다.,Ohne Maßnahmen zur Verringerung von Fehlern darf nicht nur die Geschwindigkeit der automatisierten Vorauswahl betont werden.,Gesellschaft im Wandel,c1_2026_social_topics_1,6,false,complementary measure,Noun,We must not emphasize only the speed of automated screening without measures to reduce errors.,vocab_c1_0222
정착 역량,jeongchak yeongnyang,Aufnahmekapazität,C1,Nomen,일자리 수요와 지역의 정착 역량을 같은 계획에서 검토해야 합니다.,Arbeitskräftenachfrage und regionale Aufnahmekapazität müssen im selben Plan geprüft werden.,Gesellschaft im Wandel,c1_2026_social_topics_1,7,false,settlement capacity,Noun,Labor demand and local settlement capacity need to be considered in the same plan.,vocab_c1_0223
제도 접근성,jedo jeopgeunseong,Zugänglichkeit des Systems,C1,Nomen,신청 자격이 있어도 안내가 복잡하면 제도 접근성이 낮습니다.,"Auch wenn man antragsberechtigt ist, erschweren komplizierte Hinweise den Zugang zum System.",Gesellschaft im Wandel,c1_2026_social_topics_1,8,false,system accessibility,Noun,"Even if you are eligible to apply, complicated guidance makes the program hard to access.",vocab_c1_0224
돌봄 공백,dolbom gongbaek,Betreuungslücke,C1,Nomen,교대 근무 가정의 돌봄 공백은 취업 지속성에 직접 영향을 줍니다.,"Fehlende Betreuung in Familien mit Schichtarbeit wirkt sich direkt darauf aus, ob die Betroffenen dauerhaft berufstätig bleiben können.",Gesellschaft im Wandel,c1_2026_social_topics_1,9,false,care gap,Noun,A care gap in shift-working families directly affects job retention.,vocab_c1_0225
추천 편향,chucheon pyeonhyang,Empfehlungsverzerrung,C1,Nomen,추천 편향이 크면 조회수가 실제 선호보다 노출 구조를 더 많이 반영합니다.,Bei starker Empfehlungsverzerrung spiegeln Aufrufzahlen eher die Sichtbarkeitsstruktur als tatsächliche Vorlieben.,Gesellschaft im Wandel,c1_2026_social_topics_1,10,true,recommendation bias,Noun,"With strong recommendation bias, view counts reflect the exposure system more than actual preference.",vocab_c1_0226
무급 노동,mugeup nodong,unbezahlte Arbeit,C1,Nomen,팬 자막 제작을 계속 무급 노동에만 의존하면 품질과 지속성을 유지하기 어려울 수 있다.,"Bleibt die Erstellung von Fanuntertiteln dauerhaft auf unbezahlte Arbeit angewiesen, können Qualität und Kontinuität leiden.",Gesellschaft im Wandel,c1_2026_social_topics_1,11,true,unpaid labor,Noun,Continuing to rely solely on unpaid labor for fan subtitles may make quality and continuity difficult to maintain.,vocab_c1_0227
맥락 번역,maengnak beonyeok,Kontextübersetzung,C1,Nomen,말장난은 직역보다 배경을 짧게 덧붙이는 맥락 번역이 더 정확할 때가 있습니다.,Bei Wortspielen ist eine Kontextübersetzung mit knapper Erklärung manchmal genauer als eine wörtliche Übertragung.,Gesellschaft im Wandel,c1_2026_social_topics_1,12,true,contextual translation,Noun,"For wordplay, contextual translation with a short explanation can be more accurate than a literal rendering.",vocab_c1_0228
담론 프레임,damnon peureim,Diskursrahmen,C2,Nomen,집값 문제를 개인의 선택으로만 제시하는 담론 프레임은 제도 조건을 가립니다.,"Ein Diskursrahmen, der Wohnkosten nur als individuelle Entscheidung darstellt, verdeckt institutionelle Bedingungen.","Diskurs, Macht & Verantwortung",c2_2026_social_topics_1,1,false,discourse frame,Noun,A discourse frame that treats housing costs only as personal choice hides institutional conditions.,vocab_c2_0217
책임 귀속,chaegim gwisok,Verantwortungszuweisung,C2,Nomen,주거 정책의 실패를 세입자에게 돌리는 책임 귀속이 타당한지 따져야 합니다.,"Es ist zu prüfen, ob die Verantwortungszuweisung an Mietende für das Scheitern der Wohnungspolitik tragfähig ist.","Diskurs, Macht & Verantwortung",c2_2026_social_topics_1,2,false,attribution of responsibility,Noun,We need to question whether attributing responsibility for housing-policy failure to tenants is justified.,vocab_c2_0218
숨은 전제,sumeun jeonje,verdeckte Prämisse,C2,Nomen,감당 가능한 집이라는 표현의 숨은 전제는 가구마다 다를 수 있습니다.,Die verdeckte Prämisse hinter dem Ausdruck bezahlbarer Wohnraum kann je nach Haushalt variieren.,"Diskurs, Macht & Verantwortung",c2_2026_social_topics_1,3,false,hidden premise,Noun,The hidden premise behind the phrase affordable housing can differ by household.,vocab_c2_0219
정의의 경계,jeonguiui gyeonggye,begriffliche Abgrenzung,C2,Nomen,보조 도구와 자동 결정을 나누는 정의의 경계를 분명히 해야 책임을 구분할 수 있습니다.,"Um Verantwortlichkeiten zu unterscheiden, müssen wir zunächst klar definieren, wo ein Hilfsmittel endet und eine automatisierte Entscheidung beginnt.","Diskurs, Macht & Verantwortung",c2_2026_social_topics_1,4,false,definitional boundary,Noun,"To distinguish responsibilities, we first need a clear definition of where a support tool ends and an automated decision begins.",vocab_c2_0220
절차의 정당성,jeolchaui jeongdangseong,Verfahrenslegitimität,C2,Nomen,결과가 빨라도 설명과 이의 제기가 막혀 있으면 절차의 정당성이 약합니다.,"Auch wenn ein Ergebnis schnell vorliegt, ist die Legitimität des Verfahrens geschwächt, wenn Erklärungen und Widerspruchsmöglichkeiten versperrt sind.","Diskurs, Macht & Verantwortung",c2_2026_social_topics_1,5,false,procedural legitimacy,Noun,Even a quick result has weak procedural legitimacy if explanations and opportunities to appeal are blocked.,vocab_c2_0221
이의 절차,iui jeolcha,Widerspruchsverfahren,C2,Nomen,이의 절차가 형식적으로만 존재하는지 실제로 결정을 바꿀 수 있는지 확인해야 합니다.,"Es muss geprüft werden, ob das Widerspruchsverfahren nur formal besteht oder Entscheidungen tatsächlich ändern kann.","Diskurs, Macht & Verantwortung",c2_2026_social_topics_1,6,false,appeal process,Noun,We need to determine whether the appeal process merely exists on paper or can actually change decisions.,vocab_c2_0222
인력의 도구화,innyeogui doguhwa,Instrumentalisierung von Arbeitskräften,C2,Nomen,사람을 빈자리를 채울 수단으로만 말하면 인력의 도구화가 일어납니다.,"Wer Menschen nur als Mittel zum Füllen von Stellen beschreibt, betreibt eine Instrumentalisierung von Arbeitskräften.","Diskurs, Macht & Verantwortung",c2_2026_social_topics_1,7,false,instrumentalization of workers,Noun,Describing people only as a way to fill vacancies instrumentalizes workers.,vocab_c2_0223
대표성,daepyoseong,Repräsentativität,C2,Nomen,한 단체의 발언을 모든 이주민의 의견으로 읽기 전에 대표성을 물어야 합니다.,"Bevor die Aussage eines Verbands als Meinung aller Zugewanderten gilt, muss seine Repräsentativität geprüft werden.","Diskurs, Macht & Verantwortung",c2_2026_social_topics_1,8,false,representativeness,Noun,"Before treating one association's statement as the view of all migrants, its representativeness must be examined.",vocab_c2_0224
범주 혼동,beomju hondong,Kategorienvermischung,C2,Nomen,난민과 유학생을 같은 정책 대상으로 묶는 범주 혼동은 권리 차이를 지웁니다.,Die Vermischung von Geflüchteten und internationalen Studierenden zu einer politischen Zielgruppe verwischt Unterschiede bei ihren Rechten.,"Diskurs, Macht & Verantwortung",c2_2026_social_topics_1,9,false,category confusion,Noun,Category confusion that treats refugees and international students as one policy group erases differences in rights.,vocab_c2_0225
문화적 진정성,munhwajeok jinjeongseong,kulturelle Authentizität,C2,Nomen,문화적 진정성을 하나의 원형으로 고정하면 지역의 재해석이 배제됩니다.,"Wird kulturelle Authentizität auf ein einziges Original festgelegt, werden lokale Neuinterpretationen ausgeschlossen.","Diskurs, Macht & Verantwortung",c2_2026_social_topics_1,10,true,cultural authenticity,Noun,Fixing cultural authenticity to a single original excludes local reinterpretations.,vocab_c2_0226
문지기 담론,munjigi damnon,Gatekeeping-Diskurs,C2,Nomen,누가 진짜 팬인지 가르는 문지기 담론은 참여의 위계를 만듭니다.,"Ein Gatekeeping-Diskurs darüber, wer ein echter Fan sei, erzeugt eine Hierarchie der Beteiligung.","Diskurs, Macht & Verantwortung",c2_2026_social_topics_1,11,true,gatekeeping discourse,Noun,Gatekeeping discourse about who counts as a real fan creates a hierarchy of participation.,vocab_c2_0227
플랫폼 권력,peullaetpom gwonnyeok,Plattformmacht,C2,Nomen,추천과 수익 배분을 함께 통제하는 플랫폼 권력은 문화 유통의 조건을 바꿉니다.,"Plattformmacht, die Empfehlung und Erlösverteilung zugleich kontrolliert, verändert die Bedingungen kultureller Verbreitung.","Diskurs, Macht & Verantwortung",c2_2026_social_topics_1,12,true,platform power,Noun,Platform power that controls both recommendation and revenue sharing changes the conditions of cultural circulation.,vocab_c2_0228
국적,gukjeok,Staatsangehörigkeit,A1,Nomen,제 국적은 독일이에요.,Ich habe die deutsche Staatsangehörigkeit.,자기소개,a1_particles_in_use_1,1,false,nationality,Noun,My nationality is German.,vocab_a1_0404
모국어,mogugeo,Muttersprache,B1,Nomen,제 모국어는 독일어예요.,Meine Muttersprache ist Deutsch.,자기소개,b1_communication_lang_1,13,false,first language,Noun,My first language is German.,vocab_a1_0405
성,seong,Nachname,A1,Nomen,성은 박이고 이름은 수진이에요.,Mein Nachname ist Park und mein Vorname ist Sujin.,자기소개,a1_particles_in_use_1,3,true,family name,Noun,My family name is Park and my given name is Sujin.,vocab_a1_0406
고향,gohyang,Heimatort,A1,Nomen,제 고향은 부산이에요.,Meine Heimatstadt ist Busan.,자기소개,a1_particles_in_use_1,4,true,hometown,Noun,My hometown is Busan.,vocab_a1_0407
발음,bareum,Aussprache,A1,Nomen,이 단어 발음을 다시 들을 수 있어요?,Kann ich die Aussprache dieses Wortes noch einmal hören?,다시 묻기,a1_repair_language_1,1,false,pronunciation,Noun,Can I hear the pronunciation of this word again?,vocab_a1_0408
예문,yemun,Beispielsatz,A1,Nomen,짧은 예문을 하나 적어 주세요.,Bitte schreiben Sie einen kurzen Beispielsatz auf.,다시 묻기,a1_repair_language_1,2,false,example sentence,Noun,Please write down one short example sentence.,vocab_a1_0409
적어 주다,jeogeo juda,aufschreiben,A1,Verb,주소를 천천히 적어 주세요.,Bitte schreiben Sie die Adresse langsam auf.,다시 묻기,a1_repair_language_1,3,true,to write down,Verb,Please write the address down slowly.,vocab_a1_0410
뜻을 묻다,tteuseul mutda,nach der Bedeutung fragen,A1,Verb,모르는 단어의 뜻을 물어요.,Ich frage nach der Bedeutung eines unbekannten Wortes.,다시 묻기,a1_repair_language_1,4,true,to ask the meaning,Verb,I ask the meaning of an unfamiliar word.,vocab_a1_0411
결제하다,gyeoljehada,bezahlen,A1,Verb,카드로 결제해요.,Ich bezahle mit Karte.,결제와 배달,a1_payment_delivery_1,1,false,to pay,Verb,I pay by card.,vocab_a1_0412
배달비,baedalbi,Liefergebühr,A1,Nomen,배달비는 삼천 원이에요.,Die Liefergebühr beträgt 3.000 Won.,결제와 배달,a1_payment_delivery_1,2,false,delivery fee,Noun,"The delivery fee is 3,000 won.",vocab_a1_0413
주소를 확인하다,jusoreul hwaginhada,die Adresse prüfen,A1,Verb,주문 전에 주소를 확인해요.,Vor der Bestellung prüfe ich die Adresse.,결제와 배달,a1_payment_delivery_1,3,true,to check the address,Verb,I check the address before ordering.,vocab_a1_0414
도착 시간,dochak sigan,Ankunftszeit,A1,Nomen,도착 시간은 여섯 시예요.,Die Ankunftszeit ist sechs Uhr.,결제와 배달,a1_payment_delivery_1,4,true,arrival time,Noun,The arrival time is six o'clock.,vocab_a1_0415
약속을 잡다,yaksogeul japda,sich verabreden,A2,Verb,금요일 저녁으로 약속을 잡았어요.,Wir haben uns für Freitagabend verabredet.,약속과 일정,a2_plans_proposals_1,1,false,make plans,Verb,We made plans for Friday evening.,vocab_a2_0461
일정을 바꾸다,iljeongeul bakkuda,einen Termin ändern,A2,Verb,비가 와서 일정을 바꿨어요.,Wegen des Regens haben wir den Termin geändert.,약속과 일정,a2_plans_proposals_1,2,false,change a schedule,Verb,We changed the schedule because it rained.,vocab_a2_0462
시간이 되다,sigani doeda,Zeit haben,A2,Verb,토요일 오후에 시간이 돼요.,Am Samstagnachmittag habe ich Zeit.,약속과 일정,a2_plans_proposals_1,3,true,be available,Verb,I'm available on Saturday afternoon.,vocab_a2_0463
만날 곳을 정하다,mannal goseul jeonghada,einen Treffpunkt festlegen,A2,Verb,역 앞을 만날 곳으로 정했어요.,"Wir haben vereinbart, uns vor dem Bahnhof zu treffen.",약속과 일정,a2_plans_proposals_1,4,true,choose a meeting place,Verb,We agreed to meet in front of the station.,vocab_a2_0464
사정을 설명하다,sajeongeul seolmyeonghada,die Umstände erklären,B1,Verb,제출이 늦어지는 사정을 먼저 설명했어요.,"Ich habe zuerst erklärt, warum sich die Abgabe verzögert.",직장 소통,b1_work_softening_1,1,false,explain the situation,Verb,I first explained why the submission was delayed.,vocab_b1_0464
의견을 조율하다,uigyeoneul joyulhada,Meinungen abstimmen,B1,Verb,회의에서 서로 다른 의견을 조율했어요.,In der Besprechung haben wir die unterschiedlichen Standpunkte aufeinander abgestimmt.,직장 소통,b1_work_softening_1,2,false,align opinions,Verb,We reconciled differing views during the meeting.,vocab_b1_0465
대안을 찾다,daeaneul chatda,eine Alternative finden,B1,Verb,예산 안에서 가능한 대안을 찾아볼게요.,Ich suche nach einer Alternative innerhalb des Budgets.,직장 소통,b1_work_softening_1,3,true,find an alternative,Verb,I'll look for an alternative within the budget.,vocab_b1_0466
미리 알리다,miri allida,vorher Bescheid geben,B1,Verb,일정이 바뀌면 미리 알려 주세요.,"Bitte geben Sie vorher Bescheid, wenn sich der Termin ändert.",직장 소통,b1_work_softening_1,4,true,give advance notice,Verb,Please let me know in advance if the schedule changes.,vocab_b1_0467
우체국 위치,ucheguk wichi,Lage des Postamts,A1,Nomen,우체국 위치는 역 앞이에요.,Das Postamt liegt vor dem Bahnhof.,도시 생활,a1_city_services_2026_1,1,false,post office location,Noun,The post office is in front of the station.,vocab_a1_0416
약국,yakguk,Apotheke,A1,Nomen,약국에서 감기약을 사요.,Ich kaufe Erkältungsmedizin in der Apotheke.,도시 생활,a1_city_services_2026_1,2,false,pharmacy,Noun,I buy cold medicine at the pharmacy.,vocab_a1_0417
정류장,jeongnyujang,Haltestelle,A1,Nomen,버스 정류장은 어디예요?,Wo ist die Bushaltestelle?,도시 생활,a1_city_services_2026_1,3,false,bus stop,Noun,Where is the bus stop?,vocab_a1_0418
지하철역,jihacheoryeok,U-Bahn-Station,A1,Nomen,지하철역에 가요.,Ich gehe zur U-Bahn-Station.,도시 생활,a1_city_services_2026_1,4,false,subway station,Noun,I go to the subway station.,vocab_a1_0419
환승 안내,hwanseung annae,Umstiegshinweis,A2,Nomen,앱에서 환승 안내를 확인해요.,Ich prüfe in der App die Informationen zum Umsteigen.,도시 생활,a2_subway_card_1,13,false,transfer directions,Noun,I check the transfer directions in the app.,vocab_a1_0420
교통카드 잔액,gyotongkadeu janaek,Fahrkartenguthaben,A2,Nomen,교통카드 잔액은 만 원이에요.,Das Guthaben der Fahrkarte beträgt 10.000 Won.,도시 생활,a2_subway_card_1,14,false,transit-card balance,Noun,"The transit-card balance is 10,000 won.",vocab_a1_0421
영수증 확인,yeongsujeung hwagin,Bonkontrolle,A1,Nomen,결제 후에 영수증을 확인해요.,Nach der Zahlung prüfe ich den Kassenbon.,도시 생활,a1_city_services_2026_1,7,false,receipt check,Noun,I check the receipt after paying.,vocab_a1_0422
현금 결제,hyeongeum gyeolje,Barzahlung,A1,Nomen,이 가게는 현금 결제도 가능해요.,In diesem Geschäft ist auch Barzahlung möglich.,도시 생활,a1_city_services_2026_1,8,false,cash payment,Noun,This shop also accepts cash payment.,vocab_a1_0423
예약,yeyak,Termin,A1,Nomen,오후 세 시에 예약이 있어요.,Ich habe um drei Uhr nachmittags einen Termin.,도시 생활,a1_city_services_2026_1,9,false,appointment,Noun,I have an appointment at three in the afternoon.,vocab_a1_0424
순서,sunseo,Reihenfolge,A1,Nomen,제 순서는 다섯 번째예요.,Ich bin als Fünfte an der Reihe.,도시 생활,a1_city_services_2026_1,10,true,turn,Noun,My turn is fifth.,vocab_a1_0425
출구 번호,chulgu beonho,Ausgangsnummer,A1,Nomen,출구 번호를 다시 확인해요.,Ich prüfe die Ausgangsnummer noch einmal.,도시 생활,a1_city_services_2026_1,11,true,exit number,Noun,I check the exit number again.,vocab_a1_0426
입구,ipgu,Eingang,A1,Nomen,입구는 건물 오른쪽에 있어요.,Der Eingang ist rechts am Gebäude.,도시 생활,a1_city_services_2026_1,12,true,entrance,Noun,The entrance is on the right side of the building.,vocab_a1_0427
선납금,seonnapgeum,Vorauszahlung,B1,Nomen,선납금이 필요한지 계약 전에 물어봤어요.,"Vor Vertragsabschluss habe ich gefragt, ob eine Vorauszahlung nötig ist.",집 구하기,b1_housing_search_2026_1,1,false,advance payment,Noun,I asked whether an advance payment was required before signing.,vocab_a2_0465
납부일,napbuil,Zahlungstermin,B1,Nomen,월세 납부일은 매달 말이에요.,Der Zahlungstermin für die Miete ist jeweils am Monatsende.,집 구하기,b1_housing_search_2026_1,2,false,payment due date,Noun,The rent payment is due at the end of each month.,vocab_a2_0466
관리비 내역,gwallibi naeyeok,Aufstellung der Nebenkosten,B1,Nomen,관리비 내역에 인터넷이 포함돼요?,Ist Internet in der Aufstellung der Nebenkosten enthalten?,집 구하기,b1_housing_search_2026_1,3,false,maintenance-fee breakdown,Noun,Is internet included in the maintenance-fee breakdown?,vocab_a2_0467
계약서 사본,gyeyakseo sabon,Vertragskopie,B1,Nomen,서명한 뒤에 계약서 사본을 받아요.,Nach der Unterschrift erhalte ich eine Vertragskopie.,집 구하기,b1_housing_search_2026_1,4,false,copy of the contract,Noun,I receive a copy of the contract after signing.,vocab_a2_0468
임대인,imdaein,vermietende Person,B1,Nomen,수리 문제를 임대인에게 알렸어요.,Ich habe die vermietende Person über das Reparaturproblem informiert.,집 구하기,b1_housing_search_2026_1,5,false,lessor,Noun,I told the landlord about the repair issue.,vocab_a2_0469
부동산 중개,budongsan junggae,Immobilienvermittlung,B1,Nomen,부동산 중개를 통해 방 세 개를 봤어요.,Über eine Immobilienvermittlung habe ich drei Zimmer besichtigt.,집 구하기,b1_housing_search_2026_1,6,false,real estate brokerage,Noun,I viewed three rooms through a real estate brokerage.,vocab_a2_0470
공과금 내역,gonggwageum naeyeok,Versorgungskostenaufstellung,B1,Nomen,공과금 내역에서 전기와 가스 요금을 확인해요.,In der Aufstellung der Nebenkosten prüfe ich die Strom- und Gaskosten.,집 구하기,b1_housing_search_2026_1,7,false,utility-bill breakdown,Noun,I check the electricity and gas charges in the utility-bill breakdown.,vocab_a2_0471
이사 날짜,isa naljja,Umzugstermin,B1,Nomen,이사 날짜를 다음 토요일로 정했어요.,Wir haben den Umzug auf nächsten Samstag gelegt.,집 구하기,b1_housing_search_2026_1,8,false,moving date,Noun,We set the moving date for next Saturday.,vocab_a2_0472
방을 구하다,bangeul guhada,ein Zimmer suchen,B1,Verb,회사 근처에서 방을 구하고 있어요.,Ich suche ein Zimmer in der Nähe der Firma.,집 구하기,b1_housing_search_2026_1,9,false,look for a room,Verb,I'm looking for a room near work.,vocab_a2_0473
방을 보다,bangeul boda,ein Zimmer besichtigen,B1,Verb,오늘 저녁에 방을 보러 가요.,Heute Abend besichtige ich ein Zimmer.,집 구하기,b1_housing_search_2026_1,10,true,view a room,Verb,I'm going to view a room this evening.,vocab_a2_0474
옵션,opsyeon,Ausstattung,B1,Nomen,이 방에는 세탁기가 기본 옵션으로 포함돼 있어요.,Eine Waschmaschine gehört zur Grundausstattung dieses Zimmers.,집 구하기,b1_housing_search_2026_1,11,true,included appliance,Noun,A washing machine is included as standard in this room.,vocab_a2_0475
반려동물,ballyeodongmul,Haustier,B1,Nomen,계약 전에 반려동물이 가능한지 물어봤어요.,"Vor dem Vertrag habe ich gefragt, ob Haustiere erlaubt sind.",집 구하기,b1_housing_search_2026_1,12,true,pet,Noun,I asked whether pets were allowed before signing.,vocab_a2_0476
채용 공고,chaeyong gonggo,Stellenanzeige,B1,Nomen,채용 공고에서 근무 시간과 업무를 확인했어요.,In der Stellenanzeige habe ich Arbeitszeit und Aufgaben geprüft.,취업과 근무 조건,b1_work_entry_2026_1,1,false,job posting,Noun,I checked the hours and duties in the job posting.,vocab_b1_0468
지원 자격,jiwon jagyeok,Bewerbungsvoraussetzungen,B1,Nomen,지원 자격에 필요한 경력이 적혀 있어요.,In den Bewerbungsvoraussetzungen steht die nötige Berufserfahrung.,취업과 근무 조건,b1_work_entry_2026_1,2,false,eligibility requirements,Noun,The required experience is listed in the eligibility requirements.,vocab_b1_0469
관련 경력,gwallyeon gyeongnyeok,einschlägige Berufserfahrung,B1,Nomen,관련 경력을 자기소개서에 구체적으로 썼어요.,In meinem Bewerbungstext habe ich meine einschlägige Berufserfahrung konkret beschrieben.,취업과 근무 조건,b1_work_entry_2026_1,3,false,relevant work experience,Noun,I described my relevant experience in detail in the personal statement for my job application.,vocab_b1_0470
면접 일정,myeonjeop iljeong,Vorstellungstermin,B1,Nomen,면접 일정이 바뀌어서 새 시간을 확인했어요.,"Der Vorstellungstermin wurde geändert, deshalb habe ich die neue Zeit bestätigt.",취업과 근무 조건,b1_work_entry_2026_1,4,false,interview schedule,Noun,"The interview schedule changed, so I confirmed the new time.",vocab_b1_0471
근무 조건,geunmu jogeon,Arbeitsbedingungen,B1,Nomen,계약 전에 급여와 휴가 같은 근무 조건을 물었어요.,Vor Vertragsabschluss habe ich nach Arbeitsbedingungen wie Gehalt und Urlaub gefragt.,취업과 근무 조건,b1_work_entry_2026_1,5,false,working conditions,Noun,"Before signing, I asked about working conditions such as pay and leave.",vocab_b1_0472
수습 기간,suseup gigan,Probezeit,B1,Nomen,수습 기간의 평가 기준을 미리 확인했어요.,Ich habe die Bewertungskriterien für die Probezeit vorab geklärt.,취업과 근무 조건,b1_work_entry_2026_1,6,false,probation period,Noun,I checked the probation assessment criteria in advance.,vocab_b1_0473
체류 자격,cheryu jagyeok,Aufenthaltsstatus,B1,Nomen,담당자에게 업무와 체류 자격의 관계를 문의했어요.,"Ich habe die zuständige Person gefragt, wie die Tätigkeit mit meinem Aufenthaltsstatus zusammenhängt.",취업과 근무 조건,b1_work_entry_2026_1,7,false,residence status,Noun,I asked the person in charge how the job relates to my residence status.,vocab_b1_0474
서류를 제출하다,seoryureul jechulhada,Unterlagen einreichen,B1,Verb,마감 전에 필요한 서류를 모두 제출했어요.,Ich habe alle erforderlichen Unterlagen vor Ablauf der Frist eingereicht.,취업과 근무 조건,b1_work_entry_2026_1,8,false,submit documents,Verb,I submitted all required documents before the deadline.,vocab_b1_0475
교육을 이수하다,gyoyugeul isuhada,eine Schulung abschließen,B1,Verb,첫 근무 전에 안전 교육을 이수해야 해요.,Vor dem ersten Arbeitstag muss ich die Sicherheitsschulung abschließen.,취업과 근무 조건,b1_work_entry_2026_1,9,false,complete training,Verb,I need to complete the safety training before my first shift.,vocab_b1_0476
업무 인수인계,eommu insuingye,Arbeitsübergabe,B1,Nomen,휴가 전에 업무 인수인계 내용을 문서로 남겼어요.,Vor dem Urlaub habe ich die Arbeitsübergabe schriftlich festgehalten.,취업과 근무 조건,b1_work_entry_2026_1,10,true,work handover,Noun,I documented the work handover before taking leave.,vocab_b1_0477
유연 근무,yuyeon geunmu,flexible Arbeitszeit,B1,Nomen,돌봄 일정 때문에 유연 근무가 가능한지 물었어요.,"Wegen meiner Betreuungszeiten habe ich gefragt, ob flexible Arbeitszeiten möglich sind.",취업과 근무 조건,b1_work_entry_2026_1,11,true,flexible work,Noun,I asked whether flexible working hours were possible because of my caregiving schedule.,vocab_b1_0478
돌봄 시간,dolbom sigan,Betreuungszeit,B1,Nomen,팀과 돌봄 시간을 공유하고 회의 시간을 조정했어요.,Ich habe meine Betreuungszeiten im Team genannt und den Besprechungstermin abgestimmt.,취업과 근무 조건,b1_work_entry_2026_1,12,true,care time,Noun,I shared my care hours with the team and adjusted the meeting time.,vocab_b1_0479
주거비,jugeobi,Wohnkosten,B2,Nomen,주거비가 소득에서 차지하는 비중을 따로 살펴봤습니다.,Wir haben den Anteil der Wohnkosten am Einkommen gesondert betrachtet.,주거비와 사회 통합,b2_housing_migration_2026_1,1,false,housing costs,Noun,We examined the share of income spent on housing separately.,vocab_b2_0635
임대료,imdaeryo,Miete,B2,Nomen,임대료 인상 통지에 계산 근거가 빠져 있었습니다.,In der Mitteilung zur Mieterhöhung fehlte die Berechnungsgrundlage.,주거비와 사회 통합,b2_housing_migration_2026_1,2,false,rent,Noun,The rent increase notice did not include the basis for the calculation.,vocab_b2_0636
실질 소득,siljil sodeuk,Realeinkommen,B2,Nomen,물가를 반영하면 실질 소득의 변화가 다르게 보입니다.,Unter Berücksichtigung der Preise zeigt sich die Entwicklung des Realeinkommens anders.,주거비와 사회 통합,b2_housing_migration_2026_1,3,false,real income,Noun,"Once prices are considered, the change in real income looks different.",vocab_b2_0637
물가 상승,mulga sangseung,Preisanstieg,B2,Nomen,물가 상승이 모든 가구에 같은 부담을 주는 것은 아닙니다.,Preissteigerungen belasten nicht alle Haushalte gleich.,주거비와 사회 통합,b2_housing_migration_2026_1,4,false,price inflation,Noun,Price inflation does not burden every household equally.,vocab_b2_0638
월 생활비,wol saenghwalbi,monatliche Lebenshaltungskosten,B2,Nomen,교통비까지 포함하니 월 생활비가 예상보다 컸습니다.,Mit den Fahrtkosten lagen die monatlichen Lebenshaltungskosten über der Schätzung.,주거비와 사회 통합,b2_housing_migration_2026_1,5,false,monthly cost of living,Noun,"Once transport was included, the monthly cost of living was higher than expected.",vocab_b2_0639
임대차 계약,imdaecha gyeyak,Mietvertrag,B2,Nomen,임대차 계약의 수리 책임 조항을 함께 확인했습니다.,Wir haben die Klausel zur Reparaturpflicht im Mietvertrag gemeinsam geprüft.,주거비와 사회 통합,b2_housing_migration_2026_1,6,false,lease agreement,Noun,We reviewed the repair-responsibility clause in the lease agreement together.,vocab_b2_0640
공급 부족,gonggeup bujok,Angebotsmangel,B2,Nomen,공급 부족만으로 지역별 임대료 차이를 모두 설명하기는 어렵습니다.,Alle regionalen Mietunterschiede lassen sich nicht allein mit Angebotsmangel erklären.,주거비와 사회 통합,b2_housing_migration_2026_1,7,false,supply shortage,Noun,Supply shortage alone cannot explain every regional difference in rent.,vocab_b2_0641
공공 주택,gonggong jutaek,öffentlicher Wohnraum,B2,Nomen,공공 주택의 입주 기준과 대기 기간을 공개해야 합니다.,Die Zugangskriterien und Wartezeiten für öffentlichen Wohnraum sollten veröffentlicht werden.,주거비와 사회 통합,b2_housing_migration_2026_1,8,false,public housing,Noun,Eligibility rules and waiting times for public housing should be public.,vocab_b2_0642
이주 배경,iju baegyeong,Migrationsgeschichte,B2,Nomen,이주 배경이 있다는 이유만으로 지원이 필요하다고 단정할 수 없습니다.,Aus einer Migrationsgeschichte allein lässt sich kein Unterstützungsbedarf ableiten.,주거비와 사회 통합,b2_housing_migration_2026_1,9,false,migration background,Noun,A migration background alone does not establish a need for support.,vocab_b2_0643
노동력 부족,nodongnyeok bujok,Arbeitskräftemangel,B2,Nomen,노동력 부족 대책에는 채용뿐 아니라 근무 조건 개선도 포함돼야 합니다.,Maßnahmen gegen Arbeitskräftemangel sollten neben Anwerbung auch bessere Arbeitsbedingungen umfassen.,주거비와 사회 통합,b2_housing_migration_2026_1,10,true,labor shortage,Noun,Responses to labor shortages should include better working conditions as well as recruitment.,vocab_b2_0644
사회 통합,sahoe tonghap,gesellschaftliche Integration,B2,Nomen,사회 통합을 개인의 언어 능력만으로 평가해서는 안 됩니다.,Gesellschaftliche Integration darf nicht allein an individuellen Sprachkenntnissen gemessen werden.,주거비와 사회 통합,b2_housing_migration_2026_1,11,true,social integration,Noun,Social integration must not be judged only by an individual's language skills.,vocab_b2_0645
접근 장벽,jeopgeun jangbyeok,Zugangshürde,B2,Nomen,복잡한 신청 절차가 새로운 접근 장벽이 될 수 있습니다.,Ein kompliziertes Antragsverfahren kann zu einer neuen Zugangshürde werden.,주거비와 사회 통합,b2_housing_migration_2026_1,12,true,access barrier,Noun,A complicated application process can become a new access barrier.,vocab_b2_0646
투명성 의무,tumyeongseong uimu,Transparenzpflicht,C1,Nomen,투명성 의무가 실제 이용자의 이해로 이어지는지 점검해야 합니다.,"Es ist zu prüfen, ob die Transparenzpflicht tatsächlich zum Verständnis der Nutzenden beiträgt.",AI 투명성과 문화 노동,c1_ai_culture_labor_2026_1,1,false,transparency obligation,Noun,We need to check whether the transparency obligation actually helps users understand.,vocab_c1_0229
합성 콘텐츠,hapseong kontencheu,synthetischer Inhalt,C1,Nomen,합성 콘텐츠에는 사람이 판단할 수 있는 표시가 필요합니다.,"Synthetische Inhalte brauchen eine Kennzeichnung, die Menschen einordnen können.",AI 투명성과 문화 노동,c1_ai_culture_labor_2026_1,2,false,synthetic content,Noun,Synthetic content needs labeling that people can interpret.,vocab_c1_0230
출처 표시,chulcheo pyosi,Quellenkennzeichnung,C1,Nomen,출처 표시가 있어도 제작 과정까지 자동으로 설명되지는 않습니다.,Eine Quellenkennzeichnung erklärt nicht automatisch den gesamten Herstellungsprozess.,AI 투명성과 문화 노동,c1_ai_culture_labor_2026_1,3,false,source labeling,Noun,Source labeling does not automatically explain the full production process.,vocab_c1_0231
알고리즘 편향,algorijeum pyeonhyang,algorithmische Verzerrung,C1,Nomen,알고리즘 편향을 파악하려면 학습 데이터와 운영 기준을 함께 검토해야 한다.,"Um algorithmische Verzerrungen zu erkennen, müssen Trainingsdaten und Einsatzkriterien gemeinsam geprüft werden.",AI 투명성과 문화 노동,c1_ai_culture_labor_2026_1,4,false,algorithmic bias,Noun,Identifying algorithmic bias requires examining both the training data and the operating criteria.,vocab_c1_0232
설명 가능성,seolmyeong ganeungseong,Erklärbarkeit,C1,Nomen,설명 가능성은 기술 문서의 길이가 아니라 이의 제기에 쓸 수 있는 정보로 평가해야 합니다.,"Erklärbarkeit sollte nicht an der Länge technischer Dokumente, sondern an nutzbaren Informationen für Einwände gemessen werden.",AI 투명성과 문화 노동,c1_ai_culture_labor_2026_1,5,false,explainability,Noun,"Explainability needs to be assessed by the information people can use to challenge a decision, rather than by the length of technical documents.",vocab_c1_0233
인간 감독,ingan gamdok,menschliche Aufsicht,C1,Nomen,인간 감독이 형식적인 확인 절차에 그치지 않도록 권한을 분명히 해야 합니다.,"Damit menschliche Aufsicht nicht zur Formalität wird, müssen ihre Befugnisse klar sein.",AI 투명성과 문화 노동,c1_ai_culture_labor_2026_1,6,false,human oversight,Noun,Human oversight needs clear authority so that it does not become a formality.,vocab_c1_0234
데이터 대표성,deiteo daepyoseong,Repräsentativität der Daten,C1,Nomen,데이터 대표성이 낮으면 전체 집단에 대한 결론을 제한해야 합니다.,Bei geringer Repräsentativität der Daten müssen Aussagen über die Gesamtgruppe begrenzt werden.,AI 투명성과 문화 노동,c1_ai_culture_labor_2026_1,7,false,data representativeness,Noun,"When data representativeness is low, claims about the whole population must be limited.",vocab_c1_0235
자동화된 판단,jadonghwadoen pandan,automatisierte Entscheidung,C1,Nomen,자동화된 판단 뒤에도 책임 있는 담당자에게 질문할 수 있어야 합니다.,Auch nach einer automatisierten Entscheidung muss eine verantwortliche Person ansprechbar sein.,AI 투명성과 문화 노동,c1_ai_culture_labor_2026_1,8,false,automated decision,Noun,People should still be able to question an accountable person after an automated decision.,vocab_c1_0236
무급 기여,mugeup giyeo,unbezahlter Beitrag,C1,Nomen,팬의 무급 기여를 홍보 성과로만 계산하면 부담이 가려집니다.,"Wenn unbezahlte Beiträge von Fans nur als Reichweitenerfolg zählen, bleibt ihre Belastung unsichtbar.",AI 투명성과 문화 노동,c1_ai_culture_labor_2026_1,9,false,unpaid contribution,Noun,Treating fans' unpaid contributions only as reach hides the burden involved.,vocab_c1_0237
번역 노동,beonyeok nodong,Übersetzungsarbeit,C1,Nomen,해외 팬의 번역 노동에는 시간과 맥락 판단이 함께 들어갑니다.,In die Übersetzungsarbeit internationaler Fans fließen Zeit und Kontextentscheidungen ein.,AI 투명성과 문화 노동,c1_ai_culture_labor_2026_1,10,true,translation labor,Noun,International fans' translation labor involves both time and contextual judgment.,vocab_c1_0238
문화적 맥락,munhwajeok maengnak,kultureller Kontext,C1,Nomen,문화적 맥락을 지우면 같은 표현도 다른 의미로 유통될 수 있습니다.,Ohne kulturellen Kontext kann derselbe Ausdruck mit anderer Bedeutung zirkulieren.,AI 투명성과 문화 노동,c1_ai_culture_labor_2026_1,11,true,cultural context,Noun,"Without cultural context, the same expression can circulate with a different meaning.",vocab_c1_0239
수익 배분,suik baebun,Erlösverteilung,C1,Nomen,수익 배분 기준을 공개해야 참여자가 자신의 몫을 판단할 수 있습니다.,Nur mit offengelegten Kriterien der Erlösverteilung können Beteiligte ihren Anteil beurteilen.,AI 투명성과 문화 노동,c1_ai_culture_labor_2026_1,12,true,revenue sharing,Noun,Participants can assess their share only when revenue-sharing criteria are public.,vocab_c1_0240
인구 구조,ingu gujo,Bevölkerungsstruktur,C2,Nomen,인구 구조의 변화는 출생뿐 아니라 이동과 기대수명을 함께 봐야 해석할 수 있습니다.,"Veränderungen der Bevölkerungsstruktur lassen sich nur unter Einbezug von Geburten, Migration und Lebenserwartung deuten.",인구 담론과 제도 책임,c2_demography_accountability_2026_1,1,false,population structure,Noun,"Changes in population structure require considering births, migration, and life expectancy together.",vocab_c2_0229
재생산 부담,jaesaengsan budam,reproduktive Belastung,C2,Nomen,재생산 부담을 개인의 선택으로만 환원하면 돌봄 여건과 고용 조건의 영향이 논의에서 누락됩니다.,"Wird reproduktive Belastung auf individuelle Entscheidungen reduziert, bleibt der Einfluss der Betreuungs- und Beschäftigungsbedingungen in der Diskussion unberücksichtigt.",인구 담론과 제도 책임,c2_demography_accountability_2026_1,2,false,reproductive burden,Noun,Reducing reproductive burden to individual choice leaves the influence of care arrangements and employment conditions out of the discussion.,vocab_c2_0230
세대 간 형평성,sedae gan hyeongpyeongseong,Generationengerechtigkeit,C2,Nomen,세대 간 형평성은 비용뿐 아니라 결정권과 혜택의 시점도 포함합니다.,"Generationengerechtigkeit umfasst nicht nur Kosten, sondern auch Entscheidungsrechte und den Zeitpunkt von Vorteilen.",인구 담론과 제도 책임,c2_demography_accountability_2026_1,3,false,intergenerational equity,Noun,"Intergenerational equity includes decision rights and the timing of benefits, not only costs.",vocab_c2_0231
정책 효과,jeongchaek hyogwa,Wirkung einer politischen Maßnahme,C2,Nomen,정책 효과를 말하려면 대상 집단과 비교 기준을 먼저 밝혀야 합니다.,"Wer von Politikwirkung spricht, muss Zielgruppe und Vergleichsmaßstab zuerst benennen.",인구 담론과 제도 책임,c2_demography_accountability_2026_1,4,false,policy effect,Noun,Claims about policy effects should first identify the target group and comparison standard.,vocab_c2_0232
인과 추론,ingwa churon,Kausalschluss,C2,Nomen,두 지표가 함께 움직였다는 사실만으로 인과 추론을 확정할 수 없습니다.,Aus der gemeinsamen Entwicklung zweier Indikatoren folgt noch kein gesicherter Kausalschluss.,인구 담론과 제도 책임,c2_demography_accountability_2026_1,5,false,causal inference,Noun,"The fact that two indicators move together does not, by itself, establish causation.",vocab_c2_0233
위기 프레임,wigi peureim,Krisenrahmen,C2,Nomen,'인구 위기'라는 위기 프레임이 어떤 정책을 당연한 선택으로 제시하는지 검토해야 한다.,"Es sollte geprüft werden, welche Maßnahmen durch den Krisenrahmen „Bevölkerungskrise“ als selbstverständliche Wahl erscheinen.",인구 담론과 제도 책임,c2_demography_accountability_2026_1,6,false,crisis frame,Noun,It should be examined which policies the crisis frame of “population crisis” presents as the obvious choice.,vocab_c2_0234
책임 주체,chaegim juche,verantwortliche Stelle,C2,Nomen,자동화가 개입해도 설계와 운영의 책임 주체를 분리해 기록해야 합니다.,Auch bei Automatisierung müssen die verantwortlichen Stellen für Entwicklung und Betrieb getrennt dokumentiert werden.,인구 담론과 제도 책임,c2_demography_accountability_2026_1,7,false,responsible actor,Noun,"Even with automation, the responsible actors for design and operation must be documented separately.",vocab_c2_0235
제도적 구제,jedojeok guje,institutioneller Rechtsbehelf,C2,Nomen,오류를 발견한 뒤 실제로 접근할 수 있는 제도적 구제가 필요합니다.,Nach Feststellung eines Fehlers braucht es einen tatsächlich zugänglichen institutionellen Rechtsbehelf.,인구 담론과 제도 책임,c2_demography_accountability_2026_1,8,false,institutional redress,Noun,"Once an error is found, people need institutional redress they can actually access.",vocab_c2_0236
이의 신청,iui sincheong,Einspruchsantrag,C2,Nomen,이의 신청 기한을 정할 때는 당사자가 통지 내용을 이해하는 데 필요한 시간도 고려해야 한다.,"Bei der Festlegung einer Einspruchsfrist sollte auch berücksichtigt werden, wie viel Zeit Betroffene zum Verstehen des Bescheids benötigen.",인구 담론과 제도 책임,c2_demography_accountability_2026_1,9,false,appeal request,Noun,"When setting a deadline for an appeal request, the time the affected person needs to understand the notice should also be considered.",vocab_c2_0237
자동 제재,jadong jejae,automatische Sanktion,C2,Nomen,자동 제재는 근거와 재검토 경로를 동시에 제시해야 합니다.,Eine automatische Sanktion muss zugleich Begründung und Überprüfungsweg nennen.,인구 담론과 제도 책임,c2_demography_accountability_2026_1,10,true,automated sanction,Noun,An automated sanction should provide both grounds and a review path.,vocab_c2_0238
표집 편향,pyojip pyeonhyang,Stichprobenverzerrung,C2,Nomen,표집 편향이 확인되면 결과의 적용 범위를 축소해야 합니다.,"Wird eine Stichprobenverzerrung festgestellt, muss der Geltungsbereich der Ergebnisse eingeschränkt werden.",인구 담론과 제도 책임,c2_demography_accountability_2026_1,11,true,sampling bias,Noun,"When sampling bias is identified, the scope of the findings must be narrowed.",vocab_c2_0239
권력 비대칭,gwonnyeok bidaeching,Machtasymmetrie,C2,Nomen,동의 절차가 있어도 권력 비대칭이 크면 거절의 비용을 따로 살펴야 합니다.,Auch bei einem Einwilligungsverfahren müssen bei starker Machtasymmetrie die Kosten einer Ablehnung gesondert betrachtet werden.,인구 담론과 제도 책임,c2_demography_accountability_2026_1,12,true,power asymmetry,Noun,"Even with a consent process, a strong power asymmetry requires examining the cost of refusal.",vocab_c2_0240
한국,hanguk,Korea,A1,Nomen,저는 한국에 가요.,Ich gehe nach Korea.,자기소개,a1_particles_in_use_1,2,false,Korea,Noun,I am going to Korea.,vocab_a1_0428
독일,dogil,Deutschland,A1,Nomen,독일에서 한국에 와요.,Ich komme aus Deutschland nach Korea.,자기소개,a1_particles_in_use_1,5,false,Germany,Noun,I come to Korea from Germany.,vocab_a1_0429
사람,saram,"Mensch, Person",A1,Nomen,이 사람은 정말 친절해요.,Diese Person ist wirklich freundlich.,자기소개,a1_particles_in_use_1,6,false,person,Noun,This person is really kind.,vocab_a1_0430
외국인,oegugin,Person aus einem anderen Land,A1,Nomen,저는 외국인이에요.,Ich komme aus einem anderen Land.,자기소개,a1_particles_in_use_1,7,false,person from another country,Noun,I'm from another country.,vocab_a1_0431
한국어,hangugeo,Koreanisch,A1,Nomen,한국어는 어렵지만 재미있어요.,"Koreanisch ist schwer, aber es macht Spaß.",자기소개,a1_particles_in_use_1,8,false,Korean (language),Noun,"Korean is hard, but it's fun.",vocab_a1_0432
독일어,dogireo,Deutsch,A1,Nomen,선생님도 독일어를 하세요?,Sprechen Sie auch Deutsch?,자기소개,a1_particles_in_use_1,9,false,German (language),Noun,Do you speak German too?,vocab_a1_0433
영어,yeongeo,Englisch,A1,Nomen,영어는 조금만 해요.,Englisch spreche ich nur ein bisschen.,자기소개,a1_particles_in_use_1,10,false,English (language),Noun,I only speak a little English.,vocab_a1_0434
살다,salda,"wohnen, leben",A1,Verb,부모님은 독일에 사세요.,Meine Eltern leben in Deutschland.,자기소개,a1_particles_in_use_1,11,false,to live,Verb,My parents live in Germany.,vocab_a1_0435
수업,sueop,Unterricht,A1,Nomen,한국어 수업은 월요일에 있어요.,Der Koreanischunterricht ist am Montag.,첫 수업,a1_first_class_1,1,false,"class, lesson",Noun,Korean class is on Monday.,vocab_a1_0436
처음,cheoeum,das erste Mal,A1,Nomen,한국어 수업은 처음이에요.,Ich habe zum ersten Mal Koreanischunterricht.,첫 수업,a1_first_class_1,2,false,first time,Noun,It's my first time taking a Korean class.,vocab_a1_0437
전화번호,jeonhwabeonho,Telefonnummer,A1,Nomen,전화번호를 여기 적어 주세요.,Bitte schreiben Sie die Telefonnummer hier auf.,첫 수업,a1_first_class_1,3,false,phone number,Noun,Please write the phone number here.,vocab_a1_0438
대학,daehak,"Universität, Hochschule",A1,Nomen,무슨 대학에 다녀요?,An welcher Universität studieren Sie?,첫 수업,a1_first_class_1,4,false,"university, college",Noun,Which university do you go to?,vocab_a1_0439
책상,chaeksang,Schreibtisch,A1,Nomen,책상 위에 책이 있어요.,Auf dem Schreibtisch liegt ein Buch.,첫 수업,a1_first_class_1,5,false,desk,Noun,There is a book on the desk.,vocab_a1_0440
연필,yeonpil,Bleistift,A1,Nomen,연필로 이름을 써요.,Ich schreibe meinen Namen mit Bleistift.,첫 수업,a1_first_class_1,6,false,pencil,Noun,I write my name with a pencil.,vocab_a1_0441
공부,gongbu,"das Lernen, Studium",A1,Nomen,저는 매일 한국어 공부를 해요.,Ich lerne jeden Tag Koreanisch.,첫 수업,a1_first_class_1,7,false,study,Noun,I study Korean every day.,vocab_a1_0442
연습,yeonseup,Übung,A1,Nomen,매일 발음 연습을 해요.,Ich übe jeden Tag die Aussprache.,첫 수업,a1_first_class_1,8,false,practice,Noun,I practice pronunciation every day.,vocab_a1_0443
시작하다,sijakhada,"anfangen, beginnen",A1,Verb,수업은 아홉 시에 시작해요.,Der Unterricht beginnt um neun Uhr.,첫 수업,a1_first_class_1,9,false,to start,Verb,Class starts at nine o'clock.,vocab_a1_0444
자동차,jadongcha,Auto,A1,Nomen,저는 자동차로 회사에 가요.,Ich fahre mit dem Auto zur Arbeit.,Verkehr,a1_transport,5,false,car,Noun,I go to work by car.,vocab_a1_0445
역,yeok,"Bahnhof, Station",A1,Nomen,역 앞에서 만나요.,Wir treffen uns vor dem Bahnhof.,Verkehr,a1_transport,6,false,station,Noun,Let's meet in front of the station.,vocab_a1_0446
공항,gonghang,Flughafen,A1,Nomen,공항까지 버스로 가요.,Zum Flughafen fahre ich mit dem Bus.,Verkehr,a1_transport,7,false,airport,Noun,I take the bus to the airport.,vocab_a1_0447
출발,chulbal,Abfahrt,A1,Nomen,출발 시간이 몇 시예요?,Um wie viel Uhr ist die Abfahrt?,Verkehr,a1_transport,8,false,departure,Noun,What time is the departure?,vocab_a1_0448
도착,dochak,Ankunft,A1,Nomen,서울에 도착해요.,Ich komme in Seoul an.,Verkehr,a1_transport,9,false,arrival,Noun,I arrive in Seoul.,vocab_a1_0449
타다,tada,einsteigen; fahren mit,A1,Verb,버스를 타고 학교에 가요.,Ich fahre mit dem Bus zur Schule.,Verkehr,a1_transport,10,false,"to ride, to take (transport)",Verb,I take the bus to school.,vocab_a1_0450
내리다,naerida,aussteigen,A1,Verb,다음 역에서 내려요.,Ich steige an der nächsten Station aus.,Verkehr,a1_transport,11,false,to get off,Verb,I get off at the next station.,vocab_a1_0451
돈,don,Geld,A1,Nomen,지금 돈이 없어요.,Ich habe gerade kein Geld.,결제와 배달,a1_payment_delivery_1,5,false,money,Noun,I don't have money right now.,vocab_a1_0452
원,won,Won (Währung),A1,Nomen,커피는 사천 원이에요.,Der Kaffee kostet viertausend Won.,결제와 배달,a1_payment_delivery_1,6,false,won (currency),Noun,The coffee is four thousand won.,vocab_a1_0453
번호,beonho,Nummer,A1,Nomen,제 번호는 십오 번이에요.,Meine Nummer ist fünfzehn.,결제와 배달,a1_payment_delivery_1,7,false,number,Noun,My number is fifteen.,vocab_a1_0454
기다리다,gidarida,warten,A1,Verb,문 앞에서 기다려요.,Ich warte vor der Tür.,결제와 배달,a1_payment_delivery_1,8,false,to wait,Verb,I'm waiting in front of the door.,vocab_a1_0455
다시,dasi,"noch einmal, wieder",A1,Adverb,다시 한번 말해 주세요.,Bitte sagen Sie es noch einmal.,다시 묻기,a1_repair_language_1,8,false,"again, once more",Adverb,Please say it once more.,vocab_a1_0456
단어,daneo,"Wort, Vokabel",A1,Nomen,이 단어는 무슨 뜻이에요?,Was bedeutet dieses Wort?,다시 묻기,a1_repair_language_1,9,false,"word, vocabulary",Noun,What does this word mean?,vocab_a1_0457
사전,sajeon,Wörterbuch,A1,Nomen,사전에서 단어를 찾아요.,Ich schlage das Wort im Wörterbuch nach.,다시 묻기,a1_repair_language_1,10,false,dictionary,Noun,I look the word up in the dictionary.,vocab_a1_0458
학년,hangnyeon,Schuljahr; Studienjahr,A2,Nomen,저는 지금 대학교 2학년이에요.,Ich bin jetzt im zweiten Studienjahr.,Bildung,a2_education,8,false,"school year, grade",Noun,I'm in my second year of university now.,vocab_a2_0477
복습,bokseup,Wiederholung (des Gelernten),A2,Nomen,수업 후에 꼭 복습을 해요.,Nach dem Unterricht wiederhole ich den Stoff auf jeden Fall.,Bildung,a2_education,9,false,review (of a lesson),Noun,I always review after class.,vocab_a2_0478
예습,yeseup,Vorbereitung auf den Unterricht,A2,Nomen,내일 수업 예습은 벌써 끝냈어요.,Mit der Vorbereitung für den Unterricht morgen bin ich schon fertig.,Bildung,a2_education,10,false,preparation (before a lesson),Noun,I've already finished preparing for tomorrow's class.,vocab_a2_0479
국,guk,Suppe,A2,Nomen,국이 좀 식었네요.,Die Suppe ist etwas kalt geworden.,Essen & Trinken,a2_food_1,8,false,soup,Noun,The soup has gotten a bit cold.,vocab_a2_0480
접시,jeopsi,Teller,A2,Nomen,접시 하나만 더 주세요.,Bitte noch einen Teller.,Essen & Trinken,a2_food_1,9,false,plate,Noun,"One more plate, please.",vocab_a2_0481
설탕,seoltang,Zucker,A2,Nomen,커피에 설탕은 안 넣어요.,In den Kaffee tue ich keinen Zucker.,Essen & Trinken,a2_food_1,10,false,sugar,Noun,I don't put sugar in my coffee.,vocab_a2_0482
끓이다,kkeulida,"kochen (Wasser, Suppe)",A2,Verb,물을 끓여서 차를 마셔요.,Ich koche Wasser und trinke Tee.,Essen & Trinken,a2_food_2,8,false,to boil,Verb,I boil water and drink tea.,vocab_a2_0483
볶다,bokda,"anbraten, pfannenrühren",A2,Verb,고기를 먼저 볶으세요.,Braten Sie zuerst das Fleisch an.,Essen & Trinken,a2_food_2,9,false,to stir-fry,Verb,Stir-fry the meat first.,vocab_a2_0484
굽다,gupda,grillen; backen,A2,Verb,저는 생선은 구워 먹는 게 제일 좋아요.,Ich esse Fisch am liebsten gegrillt.,Essen & Trinken,a2_food_2,10,false,"to grill, to bake",Verb,I like fish best grilled.,vocab_a2_0485
마트,mateu,Supermarkt,A2,Nomen,퇴근하고 마트에 들를게요.,Nach der Arbeit gehe ich noch kurz in den Supermarkt.,Einkaufen,a2_shopping_1,8,false,supermarket,Noun,I'll stop by the supermarket after work.,vocab_a2_0486
상자,sangja,"Karton, Kiste",A2,Nomen,이 상자에 다 넣어 주세요.,Bitte legen Sie alles in diesen Karton.,Einkaufen,a2_shopping_1,9,false,box,Noun,Please put everything in this box.,vocab_a2_0487
디자인,dijain,Design,A2,Nomen,디자인은 예쁘지만 좀 비싸요.,"Das Design ist schön, aber etwas teuer.",Einkaufen,a2_shopping_1,10,false,design,Noun,"The design is pretty, but it's a bit pricey.",vocab_a2_0488
반바지,banbaji,kurze Hose,A2,Nomen,여름이라서 반바지를 샀어요.,"Weil Sommer ist, habe ich eine kurze Hose gekauft.",Einkaufen,a2_shopping_2,8,false,shorts,Noun,"Since it's summer, I bought shorts.",vocab_a2_0489
단추,danchu,Knopf,A2,Nomen,단추가 하나 떨어졌어요.,Ein Knopf ist abgegangen.,Einkaufen,a2_shopping_2,9,false,button,Noun,A button has come off.,vocab_a2_0490
모양,moyang,Form,A2,Nomen,모양은 마음에 들지만 색이 별로예요.,"Die Form gefällt mir, aber die Farbe nicht so.",Einkaufen,a2_shopping_2,10,false,shape,Noun,"I like the shape, but the color isn't great.",vocab_a2_0491
심심하다,simsimhada,sich langweilen,A2,Adjektiv,주말에 혼자 있으니까 심심해요.,"Am Wochenende bin ich allein, deshalb ist mir langweilig.",Gefühle,a2_feelings_2,8,false,to be bored,Adjective,"I'm alone on the weekend, so I'm bored.",vocab_a2_0492
편하다,pyeonhada,bequem; angenehm,A2,Adjektiv,이 신발은 정말 편해요.,Diese Schuhe sind wirklich bequem.,Gefühle,a2_feelings_2,9,false,to be comfortable,Adjective,These shoes are really comfortable.,vocab_a2_0493
즐겁다,jeulgeopda,"vergnüglich, fröhlich",A2,Adjektiv,오늘 하루가 정말 즐거웠어요.,Heute war ein wirklich schöner Tag.,Gefühle,a2_feelings_2,10,false,to be enjoyable,Adjective,Today was really enjoyable.,vocab_a2_0494
약속,yaksok,Verabredung; Versprechen,A2,Nomen,이번 주말에 약속 있어요?,Hast du am Wochenende schon etwas vor?,약속과 일정,a2_plans_proposals_1,5,false,appointment; promise,Noun,Do you have plans this weekend?,vocab_a2_0495
계획,gyehoek,Plan,A2,Nomen,방학 계획은 세웠어요?,Hast du schon Pläne für die Ferien gemacht?,약속과 일정,a2_plans_proposals_1,6,false,plan,Noun,Have you made plans for the vacation?,vocab_a2_0496
시간표,siganpyo,Stundenplan; Fahrplan,A2,Nomen,시간표를 보고 약속 시간을 정해요.,Wir schauen auf den Stundenplan und vereinbaren eine Uhrzeit.,약속과 일정,a2_plans_proposals_1,7,false,timetable,Noun,We check the timetable and agree on a time.,vocab_a2_0497
비다,bida,frei sein (Zeit); leer sein,A2,Verb,목요일 오후는 시간이 비어요.,Donnerstagnachmittag habe ich Zeit.,약속과 일정,a2_plans_proposals_1,8,false,to be free (time); to be empty,Verb,Thursday afternoon I'm free.,vocab_a2_0498
가능하다,ganeunghada,möglich sein,A2,Adjektiv,다음 주로 바꾸는 것도 가능해요.,Man kann es auch auf nächste Woche verschieben.,약속과 일정,a2_plans_proposals_1,9,false,to be possible,Adjective,Changing it to next week is also possible.,vocab_a2_0499
휴일,hyuil,freier Tag; Feiertag,A2,Nomen,휴일에는 보통 늦게 일어나요.,An freien Tagen stehe ich meistens spät auf.,약속과 일정,a2_plans_proposals_1,10,false,"day off, holiday",Noun,On days off I usually get up late.,vocab_a2_0500
하늘색,haneulsaek,Hellblau,A2,Nomen,하늘색 셔츠가 잘 어울려요.,Das hellblaue Hemd steht dir gut.,Farben,a2_descriptions_2,8,false,sky blue,Noun,The light blue shirt suits you.,vocab_a2_0501
진하다,jinhada,"kräftig, dunkel (Farbe); stark (Kaffee)",A2,Adjektiv,커피가 너무 진해요.,Der Kaffee ist zu stark.,Beschreibung,a2_descriptions_2,9,false,to be dark (color); to be strong (coffee),Adjective,The coffee is too strong.,vocab_a2_0502
두껍다,dukkeopda,dick,A2,Adjektiv,코트가 두껍고 따뜻해요.,Der Mantel ist dick und warm.,Beschreibung,a2_descriptions_2,10,false,to be thick,Adjective,The coat is thick and warm.,vocab_a2_0503
부담,budam,Belastung; Druck,B1,Nomen,부담 갖지 말고 편하게 말씀해 주세요.,"Fühlen Sie sich nicht unter Druck gesetzt, sprechen Sie ganz offen.",직장 소통,b1_work_softening_1,5,false,burden; pressure,Noun,Please don't feel pressured; speak freely.,vocab_b1_0480
협조,hyeopjo,"Mitwirkung, Kooperation",B1,Nomen,일정 조정에 협조해 주셔서 감사합니다.,"Danke, dass Sie bei der Terminabstimmung mitgeholfen haben.",직장 소통,b1_work_softening_1,6,false,cooperation,Noun,Thank you for cooperating with the schedule change.,vocab_b1_0481
출근,chulgeun,Arbeitsbeginn; zur Arbeit gehen,B1,Nomen,내일은 출근이 조금 늦을 것 같아요.,Morgen komme ich wahrscheinlich etwas später zur Arbeit.,직장 소통,b1_work_softening_1,7,false,going to work,Noun,I'll probably be a little late to work tomorrow.,vocab_b1_0482
퇴근,toegeun,Feierabend,B1,Nomen,퇴근 전에 보고서를 보낼게요.,Vor Feierabend schicke ich den Bericht.,직장 소통,b1_work_softening_1,8,false,leaving work,Noun,I'll send the report before I leave work.,vocab_b1_0483
격려하다,gyeongnyeohada,ermutigen,B1,Verb,힘들 때마다 친구가 저를 격려해 줬어요.,"Wenn es mir schwerfiel, hat mich jedes Mal jemand aus meinem Freundeskreis ermutigt.",Motivation,b1_emotions_relations_2,8,false,to encourage,Verb,"Whenever things were hard, my friend encouraged me.",vocab_b1_0484
위로하다,wirohada,trösten,B1,Verb,슬퍼하는 친구를 위로했어요.,Ich habe eine traurige Person aus meinem Freundeskreis getröstet.,Motivation,b1_emotions_relations_2,9,false,to comfort,Verb,I comforted my sad friend.,vocab_b1_0485
존중하다,jonjunghada,respektieren,B1,Verb,서로의 의견을 존중하는 게 중요해요.,"Es ist wichtig, die Meinung des anderen zu respektieren.",Motivation,b1_emotions_relations_2,10,false,to respect,Verb,It's important to respect each other's opinions.,vocab_b1_0486
감정,gamjeong,"Gefühl, Emotion",B1,Nomen,제 감정을 말로 표현하기가 어려워요.,"Es fällt mir schwer, meine Gefühle in Worte zu fassen.",Gefühle,b1_emotions_relations_3,8,false,"emotion, feeling",Noun,It's hard for me to put my feelings into words.,vocab_b1_0487
오해,ohae,Missverständnis,B1,Nomen,서로 오해가 있었던 것 같아요.,"Ich glaube, zwischen uns gab es ein Missverständnis.",Gefühle,b1_emotions_relations_3,9,false,misunderstanding,Noun,I think there was a misunderstanding between us.,vocab_b1_0488
화해하다,hwahaehada,sich versöhnen,B1,Verb,싸운 다음 날 바로 화해했어요.,Am Tag nach dem Streit haben wir uns gleich versöhnt.,Gefühle,b1_emotions_relations_3,10,false,"to make up, to reconcile",Verb,We made up the day right after the fight.,vocab_b1_0489
개념,gaenyeom,"Begriff, Konzept",B2,Nomen,이 개념은 예를 들어 설명하는 편이 이해하기 쉬워요.,"Diesen Begriff versteht man leichter, wenn man ihn mit Beispielen erklärt.",Abstrakte Begriffe,b2_abstract_concepts_1,13,false,concept,Noun,This concept is easier to understand when explained with examples.,vocab_b2_0647
요소,yoso,"Element, Faktor",B2,Nomen,성공에는 운도 중요한 요소예요.,Auch Glück ist ein wichtiger Faktor für den Erfolg.,Abstrakte Begriffe,b2_abstract_concepts_1,14,false,"element, factor",Noun,Luck is also an important factor in success.,vocab_b2_0648
원리,wolli,Prinzip,B2,Nomen,원리를 알면 응용은 어렵지 않아요.,"Wenn man das Prinzip versteht, ist die Anwendung nicht schwer.",Abstrakte Begriffe,b2_abstract_concepts_1,15,false,principle,Noun,"Once you understand the principle, applying it isn't difficult.",vocab_b2_0649
가치,gachi,Wert,B2,Nomen,이 일의 가치는 돈으로 따질 수 없어요.,Der Wert dieser Arbeit lässt sich nicht in Geld messen.,Abstrakte Begriffe,b2_abstract_concepts_1,16,false,value,Noun,The value of this work can't be measured in money.,vocab_b2_0650
본질,bonjil,"Wesen, Kern",B2,Nomen,문제의 본질을 먼저 파악해야 해요.,Man muss zuerst den Kern des Problems erfassen.,Abstrakte Begriffe,b2_abstract_concepts_1,17,false,essence,Noun,You have to grasp the essence of the problem first.,vocab_b2_0651
특징,teukjing,"Merkmal, Besonderheit",B2,Nomen,이 제품의 가장 큰 특징은 가벼운 무게예요.,Das größte Merkmal dieses Produkts ist sein geringes Gewicht.,Abstrakte Begriffe,b2_abstract_concepts_1,18,false,"feature, characteristic",Noun,This product's biggest feature is its light weight.,vocab_b2_0652
학문,hangmun,wissenschaftliche Disziplin,B2,Nomen,서로 다른 학문이 같은 사회 문제를 어떤 방식으로 설명하는지 비교했다.,"Es wurde verglichen, wie unterschiedliche wissenschaftliche Disziplinen dasselbe gesellschaftliche Problem erklären.",Bildung,b2_education,7,false,academic discipline,Noun,The analysis compared how different academic disciplines explain the same social issue.,vocab_b2_0653
강의,gangui,Vorlesung,B2,Nomen,그 교수님 강의는 항상 자리가 꽉 차요.,Die Vorlesungen dieses Professors sind immer voll.,Bildung,b2_education,8,false,lecture,Noun,That professor's lectures are always full.,vocab_b2_0654
지식,jisik,Wissen,B2,Nomen,지식보다 경험이 더 중요할 때도 있어요.,Manchmal ist Erfahrung wichtiger als Wissen.,Bildung,b2_education,9,false,knowledge,Noun,Sometimes experience matters more than knowledge.,vocab_b2_0655
과제,gwaje,Aufgabe; Hausarbeit (Uni),B2,Nomen,이번 학기 과제는 팀으로 진행해요.,Die Hausarbeit in diesem Semester machen wir im Team.,Bildung,b2_education,10,false,assignment,Noun,This semester's assignment is done in teams.,vocab_b2_0656
성과,seonggwa,"Ergebnis, Leistung",B2,Nomen,일 년 동안의 연구 성과를 발표했어요.,Ich habe die Forschungsergebnisse eines Jahres vorgestellt.,Bildung,b2_education,11,false,"result, achievement",Noun,I presented the results of a year's research.,vocab_b2_0657
회사원,hoesawon,"Angestellte/r, Büroangestellte/r",A1,Nomen,크리스티안은 지금 회사원이에요.,Christian ist jetzt Angestellter.,Person,a1_self_intro,9,false,office worker,Noun,Christian is now an office worker.,vocab_a1_0459
주부,jubu,Hausfrau/Hausmann,A1,Nomen,제 어머니는 주부예요.,Meine Mutter ist Hausfrau.,Person,a1_self_intro,10,false,"housewife, homemaker",Noun,My mother is a housewife.,vocab_a1_0460
누구,nugu,wer,A1,Pronomen,저 사람은 누구예요?,Wer ist die Person dort?,Person,a1_self_intro,11,false,who,Pronoun,Who is that person?,vocab_a1_0461
여러분,yeoreobun,alle (Anrede an eine Gruppe),A1,Pronomen,"여러분, 모두 안녕하세요!","Hallo, alle zusammen!",Person,a1_self_intro,12,false,"everyone, all of you",Pronoun,"Hello, everyone!",vocab_a1_0462
우유,uyu,Milch,A1,Nomen,아침에 우유를 마셔요.,Am Morgen trinke ich Milch.,Essen & Trinken,a1_food_2,9,false,milk,Noun,I drink milk in the morning.,vocab_a1_0463
귤,gyul,Mandarine,A1,Nomen,저는 귤을 좋아해요.,Ich mag Mandarinen.,Essen & Trinken,a1_food_2,10,false,"tangerine, mandarin orange",Noun,I like tangerines.,vocab_a1_0464
바나나,banana,Banane,A1,Nomen,저는 바나나를 좋아해요.,Ich mag Bananen.,Essen & Trinken,a1_food_2,11,false,banana,Noun,I like bananas.,vocab_a1_0465
케이크,keikeu,"Kuchen, Torte",A1,Nomen,오늘 케이크를 먹어요.,Heute esse ich Kuchen.,Essen & Trinken,a1_food_2,12,false,cake,Noun,I am eating cake today.,vocab_a1_0466
모레,more,übermorgen,A1,Adverb,모레 다시 만나요.,Wir treffen uns übermorgen wieder.,Zeit,a1_time_2,9,false,the day after tomorrow,Adverb,Let's meet again the day after tomorrow.,vocab_a1_0467
그저께,geujeokke,vorgestern,A1,Adverb,그저께 학교에 안 갔어요.,Vorgestern bin ich nicht zur Schule gegangen.,Zeit,a1_time_2,10,false,the day before yesterday,Adverb,I didn't go to school the day before yesterday.,vocab_a1_0468
작년,jangnyeon,letztes Jahr,A1,Nomen,작년에 한국에 왔어요.,Letztes Jahr bin ich nach Korea gekommen.,Zeit,a1_time_2,11,false,last year,Noun,I came to Korea last year.,vocab_a1_0469
내년,naenyeon,nächstes Jahr,A1,Nomen,내년에 독일에 가요.,Nächstes Jahr fahre ich nach Deutschland.,Zeit,a1_time_2,12,false,next year,Noun,Next year I'm going to Germany.,vocab_a1_0470
한,han,ein(e) (Zählwort),A1,Adjektiv,오늘 친구를 한 명 만났어요.,Heute habe ich einen Freund getroffen.,Menge,a1_numbers_3,9,false,one (counter modifier),Adjective,I met one friend today.,vocab_a1_0471
두,du,zwei (Zählwort),A1,Adjektiv,어제 친구를 두 명 만났어요.,Gestern habe ich zwei Freunde getroffen.,Menge,a1_numbers_3,10,false,two (counter modifier),Adjective,I met two friends yesterday.,vocab_a1_0472
세,se,drei (Zählwort),A1,Adjektiv,가족이 세 명이에요.,In meiner Familie sind wir zu dritt.,Menge,a1_numbers_3,11,false,three (counter modifier),Adjective,There are three people in my family.,vocab_a1_0473
어느,eoneu,welche(r/s),A1,Adjektiv,어느 나라에서 왔어요?,Aus welchem Land kommen Sie?,Menge,a1_numbers_3,12,false,which,Adjective,Which country are you from?,vocab_a1_0474
이따가,ittaga,"später, gleich",A1,Adverb,이따가 학교에 가요.,Ich gehe später zur Schule.,Zeit,a1_time_3,9,false,"later, in a bit",Adverb,I'll go to school later.,vocab_a1_0475
바로,baro,"sofort, direkt",A1,Adverb,저는 지금 바로 가요.,Ich gehe jetzt sofort.,Zeit,a1_time_3,10,false,"right away, immediately",Adverb,I'm going right now.,vocab_a1_0476
주로,juro,"hauptsächlich, meistens",A1,Adverb,저는 주로 아침에 커피를 마셔요.,Ich trinke morgens meistens Kaffee.,Zeit,a1_time_3,11,false,"mainly, usually",Adverb,I usually drink coffee in the morning.,vocab_a1_0477
어서,eoseo,schnell; (어서 오세요) willkommen,A1,Adverb,저희 가게에 어서 오세요!,Herzlich willkommen in unserem Geschäft!,Zeit,a1_time_3,12,false,"quickly, please (go ahead)",Adverb,Welcome to our shop!,vocab_a1_0478
예,ye,ja (formell),A1,Ausdruck,"예, 잘 알겠습니다.","Ja, ich habe es verstanden.",Höflichkeit,a1_greetings_2,9,false,yes (formal),Expression,"Yes, I understand.",vocab_a1_0479
글쎄요,geulsseyo,Na ja... (unsicher),A1,Ausdruck,"글쎄요, 저도 모르겠어요.","Na ja, ich weiß es auch nicht.",Höflichkeit,a1_greetings_2,10,false,well... (hedging),Expression,Well... I don't know either.,vocab_a1_0480
와,wa,Wow!,A1,Ausdruck,"와, 이 가방 정말 예뻐요!","Wow, diese Tasche ist wirklich hübsch!",Höflichkeit,a1_greetings_2,11,false,wow,Expression,"Wow, this bag is really pretty!",vocab_a1_0481
음,eum,Hm...,A1,Ausdruck,"음, 잘 모르겠어요.","Hm, ich weiß es nicht genau.",Höflichkeit,a1_greetings_2,12,false,hmm,Expression,"Hmm, I don't really know.",vocab_a1_0482
다,da,"alle(s), ganz",A1,Adverb,밥을 다 먹었어요.,Ich habe alles aufgegessen.,Alltag,a1_daily_4,9,false,"all, entirely",Adverb,I ate everything.,vocab_a1_0483
좀,jom,"ein bisschen, bitte",A1,Adverb,물 좀 주세요.,Bitte geben Sie mir etwas Wasser.,Alltag,a1_daily_4,10,false,"a bit, please",Adverb,Please give me some water.,vocab_a1_0484
꼭,kkok,"unbedingt, bestimmt",A1,Adverb,내일 꼭 오세요.,Kommen Sie morgen unbedingt.,Alltag,a1_daily_4,11,false,"surely, without fail",Adverb,Please be sure to come tomorrow.,vocab_a1_0485
함께,hamkke,zusammen,A1,Adverb,우리 함께 가요.,Lass uns zusammen gehen.,Alltag,a1_daily_4,12,false,together,Adverb,Let's go together.,vocab_a1_0486
물건,mulgeon,"Ding, Sache, Ware",A1,Nomen,이 물건을 주세요.,Geben Sie mir bitte diesen Artikel.,결제와 배달,a1_payment_delivery_1,9,false,"item, thing",Noun,Please give me this item.,vocab_a1_0487
값,gap,Preis,A1,Nomen,이 신발 값은 싸요.,Diese Schuhe sind billig.,결제와 배달,a1_payment_delivery_1,10,false,price,Noun,These shoes are cheap.,vocab_a1_0488
필요,piryo,"Bedarf, Notwendigkeit",A1,Nomen,지금 물이 필요해요.,Ich brauche jetzt Wasser.,결제와 배달,a1_payment_delivery_1,11,false,"need, necessity",Noun,I need water now.,vocab_a1_0489
가게,gage,"Laden, Geschäft",A1,Nomen,이 가게는 커피가 맛있어요.,In diesem Laden ist der Kaffee lecker.,결제와 배달,a1_payment_delivery_1,12,false,"shop, store",Noun,The coffee at this shop is delicious.,vocab_a1_0490
인사,insa,"Gruß, Begrüßung",A1,Nomen,저는 매일 인사를 해요.,Ich sage jeden Tag Hallo.,Höflichkeit,a1_greetings_1,10,false,greeting,Noun,I greet people every day.,vocab_a1_0491
축하,chukha,Glückwunsch,A1,Nomen,생일 정말 축하해요!,Herzlichen Glückwunsch zum Geburtstag!,Höflichkeit,a1_greetings_1,11,false,congratulations,Noun,Happy birthday!,vocab_a1_0492
여보세요,yeoboseyo,Hallo? (am Telefon),A1,Ausdruck,여보세요?,Hallo?,Begrüßung,a1_greetings_1,12,false,hello (on the phone),Expression,Hello?,vocab_a1_0493
안경,angyeong,Brille,A1,Nomen,저는 안경을 써요.,Ich trage eine Brille.,Alltag,a1_daily_1,10,false,glasses,Noun,I wear glasses.,vocab_a1_0494
모자,moja,"Hut, Mütze",A1,Nomen,오늘 모자를 썼어요.,Heute habe ich eine Mütze getragen.,Alltag,a1_daily_1,11,false,hat,Noun,Today I wore a hat.,vocab_a1_0495
신발,sinbal,Schuhe,A1,Nomen,신발이 아주 작아요.,Die Schuhe sind sehr klein.,Alltag,a1_daily_1,12,false,shoes,Noun,The shoes are very small.,vocab_a1_0496
할머니,halmeoni,Oma,A1,Nomen,할머니가 저를 사랑하세요.,Meine Oma liebt mich.,Familie,a1_family_1,10,false,grandmother,Noun,My grandmother loves me.,vocab_a1_0497
할아버지,harabeoji,Opa,A1,Nomen,할아버지는 신문을 읽으세요.,Mein Opa liest Zeitung.,Familie,a1_family_1,11,false,grandfather,Noun,My grandfather reads the newspaper.,vocab_a1_0498
부모님,bumonim,Eltern,A1,Nomen,부모님이 이번 주에 오세요.,Meine Eltern kommen diese Woche.,Familie,a1_family_1,12,false,parents,Noun,My parents are coming this week.,vocab_a1_0499
아이스크림,aiseukeurim,"Eis, Eiscreme",A1,Nomen,저는 아이스크림을 자주 먹어요.,Ich esse oft Eis.,Essen & Trinken,a1_food_1,10,false,ice cream,Noun,I eat ice cream often.,vocab_a1_0500
초콜릿,chokollit,Schokolade,A1,Nomen,저는 초콜릿을 정말 좋아해요.,Ich mag Schokolade wirklich.,Essen & Trinken,a1_food_1,11,false,chocolate,Noun,I really like chocolate.,vocab_a1_0501
주스,juseu,Saft,A1,Nomen,오렌지 주스가 맛있어요.,Orangensaft ist lecker.,Essen & Trinken,a1_food_1,12,false,juice,Noun,Orange juice is delicious.,vocab_a1_0502
낮,nat,Tag(eszeit),A1,Nomen,낮에 친구를 만나요.,Ich treffe tagsüber einen Freund.,Zeit,a1_time_1,10,false,daytime,Noun,I meet a friend during the day.,vocab_a1_0503
날,nal,Tag,A1,Nomen,오늘은 아주 좋은 날이에요.,Heute ist ein sehr guter Tag.,Zeit,a1_time_1,11,false,day,Noun,Today is a very good day.,vocab_a1_0504
날짜,naljja,Datum,A1,Nomen,오늘 날짜가 며칠이에요?,Welches Datum ist heute?,Zeit,a1_time_1,12,false,date,Noun,What's today's date?,vocab_a1_0505
딸,ttal,Tochter,A1,Nomen,제 딸은 다섯 살이에요.,Meine Tochter ist fünf Jahre alt.,Familie,a1_family_2,10,false,daughter,Noun,My daughter is five years old.,vocab_a1_0506
돕다,dopda,helfen,A1,Verb,저는 친구를 도와요.,Ich helfe meinem Freund.,Beziehungen,a1_family_2,11,false,to help,Verb,I help my friend.,vocab_a1_0507
도와주다,dowajuda,"(jmdm.) helfen, einen Gefallen tun",A1,Verb,언니가 저를 도와줘요.,Meine große Schwester hilft mir.,Beziehungen,a1_family_2,12,false,"to help (someone), to do a favor",Verb,My older sister helps me.,vocab_a1_0508
가지다,gajida,"haben, besitzen",A1,Verb,저는 책을 가지고 있어요.,Ich habe ein Buch dabei.,Alltag,a1_daily_2,10,false,"to have, to own",Verb,I have a book with me.,vocab_a1_0509
끝나다,kkeunnada,"enden, zu Ende sein",A1,Verb,수업이 세 시에 끝나요.,Der Unterricht endet um drei Uhr.,Alltag,a1_daily_2,11,false,"to end, to finish",Verb,Class ends at three o'clock.,vocab_a1_0510
다니다,danida,"(regelmäßig) besuchen, gehen",A1,Verb,저는 매일 학교에 다녀요.,Ich gehe jeden Tag zur Schule.,Alltag,a1_daily_2,12,false,"to attend, to go regularly",Verb,I go to school every day.,vocab_a1_0511
고르다,goreuda,(aus)wählen,A1,Verb,저는 이 옷을 골랐어요.,Ich habe diese Kleidung ausgewählt.,Einkaufen,a1_misc_2,10,false,"to choose, to pick",Verb,I chose these clothes.,vocab_a1_0512
빌리다,billida,"leihen, ausleihen",A1,Verb,저는 친구한테 책을 빌려요.,Ich leihe mir ein Buch von meinem Freund.,Einkaufen,a1_misc_2,11,false,"to borrow, to rent",Verb,I borrow a book from my friend.,vocab_a1_0513
팔다,palda,verkaufen,A1,Verb,이 가게는 과일을 팔아요.,Dieser Laden verkauft Obst.,Einkaufen,a1_misc_2,12,false,to sell,Verb,This shop sells fruit.,vocab_a1_0514
이십,isip,zwanzig,A1,Nomen,이 버스는 이십 번이에요.,Dieser Bus hat die Nummer zwanzig.,Zahlen,a1_numbers_1,10,false,twenty,Noun,This bus is number twenty.,vocab_a1_0515
삼십,samsip,dreißig,A1,Nomen,제 방은 삼십 호예요.,Mein Zimmer ist Nummer dreißig.,Zahlen,a1_numbers_1,11,false,thirty,Noun,My room is number thirty.,vocab_a1_0516
사십,sasip,vierzig,A1,Nomen,오늘 우리 학교에 학생이 사십 명 왔어요.,Heute sind vierzig Schüler in unsere Schule gekommen.,Zahlen,a1_numbers_1,12,false,forty,Noun,Forty students came to our school today.,vocab_a1_0517
오십,osip,fünfzig,A1,Nomen,이 학교에 선생님이 오십 명 있어요.,An dieser Schule gibt es fünfzig Lehrkräfte.,Zahlen,a1_numbers_2,10,false,fifty,Noun,There are fifty teachers at this school.,vocab_a1_0518
육십,yuksip,sechzig,A1,Nomen,제 방은 육십 층에 있어요.,Mein Zimmer ist im sechzigsten Stock.,Zahlen,a1_numbers_2,11,false,sixty,Noun,My room is on the sixtieth floor.,vocab_a1_0519
칠십,chilsip,siebzig,A1,Nomen,이 버스는 칠십 번이에요.,Dieser Bus hat die Nummer siebzig.,Zahlen,a1_numbers_2,12,false,seventy,Noun,This bus is number seventy.,vocab_a1_0520
목,mok,"Hals, Nacken",A1,Nomen,목이 아파요.,Mein Hals tut weh.,Körper,a1_body,11,false,"neck, throat",Noun,My throat hurts.,vocab_a1_0521
얼굴,eolgul,Gesicht,A1,Nomen,얼굴을 씻어요.,Ich wasche mein Gesicht.,Körper,a1_body,12,false,face,Noun,I wash my face.,vocab_a1_0522
게임,geim,Spiel,A1,Nomen,"마야 씨, 이 게임 정말 재미있어요. 같이 할까요?","Maya, dieses Spiel ist wirklich lustig. Spielen wir zusammen?",Freizeit,a1_misc_1,11,false,game,Noun,"Maya, this game is really fun. Shall we play together?",vocab_a1_0523
텔레비전,tellebijeon,Fernseher,A1,Nomen,"아, 저녁에 같이 텔레비전 볼까요?","Ach, sollen wir heute Abend zusammen fernsehen?",Technologie,a1_misc_1,12,false,television,Noun,"Oh, shall we watch TV together this evening?",vocab_a1_0524
슈퍼마켓,syupeomaket,Supermarkt,A1,Nomen,이 근처에 슈퍼마켓이 있어요?,Gibt es hier in der Nähe einen Supermarkt?,도시 생활,a1_city_services_2026_1,5,false,supermarket,Noun,Is there a supermarket near here?,vocab_a1_0525
백화점,baekhwajeom,Kaufhaus,A1,Nomen,주말에 백화점에 가고 싶어요.,Am Wochenende möchte ich ins Kaufhaus gehen.,도시 생활,a1_city_services_2026_1,6,false,department store,Noun,I want to go to the department store this weekend.,vocab_a1_0526
터미널,teomineol,"Terminal, Busbahnhof",A1,Nomen,버스 터미널이 어디예요?,Wo ist der Busbahnhof?,Verkehr,a1_transport,12,false,(bus) terminal,Noun,Where is the bus terminal?,vocab_a1_0527
미국,miguk,"die USA, Amerika",A1,Nomen,안녕하세요! 저는 마야예요. 미국에서 왔어요.,Hallo! Ich bin Maya. Ich komme aus den USA.,자기소개,a1_particles_in_use_1,12,false,"the USA, America",Noun,Hello! I'm Maya. I'm from the USA.,vocab_a1_0528
일월,irwol,Januar,A1,Nomen,제 생일은 일월이에요.,Mein Geburtstag ist im Januar.,Zeit,a1_months_1,1,false,January,Noun,My birthday is in January.,vocab_a1_0529
이월,iwol,Februar,A1,Nomen,이월에 방학이 끝나요.,Im Februar enden die Ferien.,Zeit,a1_months_1,2,false,February,Noun,Vacation ends in February.,vocab_a1_0530
삼월,samwol,März,A1,Nomen,삼월에 학교가 시작해요.,Im März beginnt die Schule.,Zeit,a1_months_1,3,false,March,Noun,School starts in March.,vocab_a1_0531
사월,sawol,April,A1,Nomen,"수진 씨, 사월에 다시 만나요, 맞아요?","Sujin, wir treffen uns im April wieder, oder?",Zeit,a1_months_1,4,false,April,Noun,"Sujin, we're meeting again in April, right?",vocab_a1_0532
오월,owol,Mai,A1,Nomen,음... 제 생일이 오월이에요.,Ähm... mein Geburtstag ist im Mai.,Zeit,a1_months_1,5,false,May,Noun,Um... my birthday is in May.,vocab_a1_0533
유월,yuwol,Juni,A1,Nomen,유월에 할머니 댁에 가요.,Im Juni besuche ich meine Großmutter.,Zeit,a1_months_1,6,false,June,Noun,I visit my grandmother's place in June.,vocab_a1_0534
칠월,chirwol,Juli,A1,Nomen,칠월에 수영하러 가요.,Im Juli gehe ich schwimmen.,Zeit,a1_months_1,7,false,July,Noun,I go swimming in July.,vocab_a1_0535
팔월,parwol,August,A1,Nomen,팔월에 여행을 가요.,Im August reise ich.,Zeit,a1_months_1,8,false,August,Noun,I am travelling in August.,vocab_a1_0536
구월,guwol,September,A1,Nomen,구월에 학교에 다시 가요.,Im September gehe ich wieder zur Schule.,Zeit,a1_months_1,9,false,September,Noun,I go back to school in September.,vocab_a1_0537
시월,siwol,Oktober,A1,Nomen,시월에 산에 가요.,Im Oktober gehe ich in die Berge.,Zeit,a1_months_1,10,false,October,Noun,I go to the mountains in October.,vocab_a1_0538
십일월,sibirwol,November,A1,Nomen,십일월에 뭐 해요?,Was machen Sie im November?,Zeit,a1_months_1,11,true,November,Noun,What do you do in November?,vocab_a1_0539
십이월,sibiwol,Dezember,A1,Nomen,십이월에 파티가 있어요.,Im Dezember gibt es eine Party.,Zeit,a1_months_1,12,true,December,Noun,There's a party in December.,vocab_a1_0540
일본,ilbon,Japan,A1,Nomen,저는 일본에 가고 싶어요.,Ich möchte nach Japan fahren.,Geographie,a1_countries_1,1,false,Japan,Noun,I want to go to Japan.,vocab_a1_0541
중국,jungguk,China,A1,Nomen,중국에 가고 싶어요.,Ich möchte nach China fahren.,Geographie,a1_countries_1,2,false,China,Noun,I want to go to China.,vocab_a1_0542
영국,yeongguk,Vereinigtes Königreich,A1,Nomen,영국에 친구가 있어요.,Ich habe einen Freund im Vereinigten Königreich.,Geographie,a1_countries_1,3,false,the UK,Noun,I have a friend in the UK.,vocab_a1_0543
프랑스,peurangseu,Frankreich,A1,Nomen,프랑스에서 살고 싶어요.,Ich möchte in Frankreich leben.,Geographie,a1_countries_1,4,false,France,Noun,I want to live in France.,vocab_a1_0544
러시아,reosia,Russland,A1,Nomen,러시아에 가고 싶어요.,Ich möchte nach Russland fahren.,Geographie,a1_countries_1,5,false,Russia,Noun,I want to go to Russia.,vocab_a1_0545
캐나다,kaenada,Kanada,A1,Nomen,캐나다에 친구가 있어요.,Ich habe einen Freund in Kanada.,Geographie,a1_countries_1,6,false,Canada,Noun,I have a friend in Canada.,vocab_a1_0546
태국,taeguk,Thailand,A1,Nomen,태국 음식 좋아하세요?,Mögen Sie thailändisches Essen?,Geographie,a1_countries_1,7,false,Thailand,Noun,Do you like Thai food?,vocab_a1_0547
베트남,beteunam,Vietnam,A1,Nomen,베트남에 가고 싶어요.,Ich möchte nach Vietnam fahren.,Geographie,a1_countries_1,8,false,Vietnam,Noun,I want to go to Vietnam.,vocab_a1_0548
몽골,monggol,die Mongolei,A1,Nomen,몽골에 친구가 살아요.,Ein Freund von mir lebt in der Mongolei.,Geographie,a1_countries_1,9,false,Mongolia,Noun,A friend of mine lives in Mongolia.,vocab_a1_0549
말레이시아,malleisia,Malaysia,A1,Nomen,말레이시아에 가고 싶어요.,Ich möchte nach Malaysia fahren.,Geographie,a1_countries_1,10,false,Malaysia,Noun,I want to go to Malaysia.,vocab_a1_0550
인도네시아,indonesia,Indonesien,A1,Nomen,인도네시아는 어디에 있어요?,Wo liegt Indonesien?,Geographie,a1_countries_1,11,true,Indonesia,Noun,Where is Indonesia?,vocab_a1_0551
외국,oeguk,Ausland,A1,Nomen,외국 생활이 어때요?,Wie ist das Leben im Ausland?,Geographie,a1_countries_1,12,true,"foreign country, abroad",Noun,How is life abroad?,vocab_a1_0552
축구,chukgu,Fußball,A1,Nomen,저는 축구를 잘해요.,Ich bin gut im Fußball.,Freizeit,a1_hobbies_1,1,false,soccer,Noun,I'm good at soccer.,vocab_a1_0553
야구,yagu,Baseball,A1,Nomen,주말에 야구 보러 갈까요?,Gehen wir am Wochenende zum Baseball?,Freizeit,a1_hobbies_1,2,false,baseball,Noun,Want to go watch baseball this weekend?,vocab_a1_0554
농구,nonggu,Basketball,A1,Nomen,"음, 주말에 농구 할까요?","Hmm, sollen wir am Wochenende Basketball spielen?",Freizeit,a1_hobbies_1,3,false,basketball,Noun,"Hmm, shall we play basketball this weekend?",vocab_a1_0555
테니스,teniseu,Tennis,A1,Nomen,"마야 씨, 저는 테니스를 못하지만 괜찮아요.","Maya, ich kann nicht gut Tennis spielen, aber das ist okay.",Freizeit,a1_hobbies_1,4,false,tennis,Noun,"Maya, I'm not good at tennis, but that's okay.",vocab_a1_0556
수영,suyeong,Schwimmen,A1,Nomen,"수진 씨, 저녁에 수영하러 갈까요?","Sujin, sollen wir heute Abend schwimmen gehen?",Freizeit,a1_hobbies_1,5,false,swimming,Noun,"Sujin, shall we go swimming this evening?",vocab_a1_0557
스키,seuki,Skifahren,A1,Nomen,오늘 스키 타러 가요.,Ich gehe heute Ski fahren.,Freizeit,a1_hobbies_1,6,false,skiing,Noun,I'm going skiing today.,vocab_a1_0558
등산,deungsan,Bergwandern,A1,Nomen,"현아 씨, 주말에 등산 갈까요?","Hyuna, wollen wir am Wochenende wandern gehen?",Freizeit,a1_hobbies_1,7,false,hiking,Noun,"Hyuna, shall we go hiking this weekend?",vocab_a1_0559
산책,sanchaek,Spaziergang,A1,Nomen,"수진 씨, 왜 산책을 좋아해요?","Sujin, warum magst du Spaziergänge?",Freizeit,a1_hobbies_1,8,false,"walk, stroll",Noun,"Sujin, why do you like walks?",vocab_a1_0560
춤,chum,Tanz,A1,Nomen,"레나 씨, 우리 같이 춤을 출까요?","Lena, sollen wir zusammen tanzen?",Freizeit,a1_hobbies_1,9,false,dance,Noun,"Lena, shall we dance together?",vocab_a1_0561
노래,norae,Lied,A1,Nomen,"마야 씨, 이 노래 정말 좋아요!","Maya, dieses Lied ist wirklich toll!",Freizeit,a1_hobbies_1,10,false,song,Noun,"Maya, this song is really great!",vocab_a1_0562
구경,gugyeong,Besichtigung,A1,Nomen,이번 주말에 구경 가요.,Lass uns dieses Wochenende bummeln gehen.,Freizeit,a1_hobbies_1,11,true,sightseeing,Noun,Let's go sightseeing this weekend.,vocab_a1_0563
탁구,takgu,Tischtennis,A1,Nomen,그럼 기숙사에서 탁구 칠까요?,Sollen wir dann im Wohnheim Tischtennis spielen?,Freizeit,a1_hobbies_1,12,true,table tennis,Noun,"Then, shall we play table tennis in the dorm?",vocab_a1_0564
김밥,gimbap,Gimbap (Reisrolle),A1,Nomen,그럼 점심에 김밥 먹을까요?,"Also, sollen wir zum Mittagessen Gimbap essen?",Essen & Trinken,a1_korean_food_1,1,false,gimbap,Noun,"Then, shall we have gimbap for lunch?",vocab_a1_0565
떡볶이,tteokbokki,Tteokbokki (scharfer Reiskuchen),A1,Nomen,어제 수진 씨하고 떡볶이 먹었어요.,Gestern habe ich mit Sujin Tteokbokki gegessen.,Essen & Trinken,a1_korean_food_1,2,false,tteokbokki,Noun,Yesterday I ate tteokbokki with Sujin.,vocab_a1_0566
김치찌개,gimchijjigae,Kimchi-Eintopf,A1,Nomen,"와, 이 김치찌개 정말 맛있어요!","Wow, dieser Kimchi-Eintopf ist wirklich lecker!",Essen & Trinken,a1_korean_food_1,3,false,kimchi stew,Noun,"Wow, this kimchi stew is really delicious!",vocab_a1_0567
된장찌개,doenjangjjigae,Doenjang-Eintopf,A1,Nomen,된장찌개를 좋아하세요?,Mögen Sie Doenjang-Eintopf?,Essen & Trinken,a1_korean_food_1,4,false,doenjang stew,Noun,Do you like doenjang stew?,vocab_a1_0568
삼계탕,samgyetang,Samgyetang (Ginseng-Hühnersuppe),A1,Nomen,삼계탕을 좋아해요?,Mögen Sie Samgyetang?,Essen & Trinken,a1_korean_food_1,5,false,ginseng chicken soup,Noun,Do you like samgyetang?,vocab_a1_0569
갈비,galbi,Galbi (Rippenfleisch),A1,Nomen,오늘 갈비를 먹어요.,Heute esse ich Galbi.,Essen & Trinken,a1_korean_food_1,6,false,"galbi, short ribs",Noun,I am eating galbi today.,vocab_a1_0570
갈비탕,galbitang,Galbitang (Rippensuppe),A1,Nomen,저는 갈비탕을 자주 먹어요.,Ich esse oft Galbitang.,Essen & Trinken,a1_korean_food_1,7,false,galbitang soup,Noun,I often eat galbitang.,vocab_a1_0571
참외,chamoe,Koreanische Melone (Chamoe),A1,Nomen,이 참외가 정말 맛있어요.,Diese koreanische Melone ist wirklich lecker.,Essen & Trinken,a1_korean_food_1,8,false,Korean melon,Noun,This Korean melon is really delicious.,vocab_a1_0572
포도,podo,Weintraube,A1,Nomen,포도 좀 주세요.,"Etwas Trauben, bitte.",Essen & Trinken,a1_korean_food_1,9,false,grape,Noun,"Some grapes, please.",vocab_a1_0573
감,gam,Kaki (Persimone),A1,Nomen,할머니가 감을 좋아하세요.,Meine Großmutter mag Kaki.,Essen & Trinken,a1_korean_food_1,10,false,persimmon,Noun,My grandmother likes persimmons.,vocab_a1_0574
사이다,saida,Zitronenlimonade,A1,Nomen,사이다 있어요?,Haben Sie eine Zitronenlimonade?,Essen & Trinken,a1_korean_food_1,11,true,lemon-lime soda,Noun,Do you have a lemon-lime soda?,vocab_a1_0575
콜라,kolla,Cola,A1,Nomen,콜라 하나 더 주세요.,"Noch eine Cola, bitte.",Essen & Trinken,a1_korean_food_1,12,true,cola,Noun,"One more cola, please.",vocab_a1_0576
서울,seoul,Seoul,A1,Nomen,저는 서울에 살아요.,Ich wohne in Seoul.,Geographie,a1_korean_places_1,1,false,Seoul,Noun,I live in Seoul.,vocab_a1_0577
부산,busan,Busan,A1,Nomen,"아, 이번 주말에 부산에 갈까요?","Ach, sollen wir dieses Wochenende nach Busan fahren?",Geographie,a1_korean_places_1,2,false,Busan,Noun,"Oh, shall we go to Busan this weekend?",vocab_a1_0578
인천,incheon,Incheon,A1,Nomen,인천공항에서 만나요.,Wir treffen uns am Flughafen Incheon.,Geographie,a1_korean_places_1,3,false,Incheon,Noun,Let's meet at Incheon Airport.,vocab_a1_0579
제주도,jejudo,Jeju-Insel,A1,Nomen,제주도에 가고 싶어요.,Ich möchte nach Jeju fahren.,Geographie,a1_korean_places_1,4,false,Jeju Island,Noun,I want to go to Jeju Island.,vocab_a1_0580
남대문,namdaemun,Namdaemun,A1,Nomen,"다니엘 씨, 남대문 같이 구경 갈까요?","Daniel, sollen wir uns zusammen Namdaemun ansehen?",Geographie,a1_korean_places_1,5,false,Namdaemun,Noun,"Daniel, shall we go see Namdaemun together?",vocab_a1_0581
남산,namsan,Namsan,A1,Nomen,우리 남산에 올라갈까요?,Sollen wir auf den Namsan steigen?,Geographie,a1_korean_places_1,6,false,Namsan,Noun,Shall we go up Namsan?,vocab_a1_0582
동대문,dongdaemun,Dongdaemun,A1,Nomen,동대문에서 옷을 샀어요.,Ich habe in Dongdaemun Kleidung gekauft.,Geographie,a1_korean_places_1,7,false,Dongdaemun,Noun,I bought clothes in Dongdaemun.,vocab_a1_0583
서점,seojeom,Buchladen,A1,Nomen,서점에서 책을 골랐어요.,Ich habe im Buchladen ein Buch ausgesucht.,Alltag,a1_korean_places_1,8,false,bookstore,Noun,I picked out a book at the bookstore.,vocab_a1_0584
커피숍,keopisyop,Café,A1,Nomen,이 근처에 커피숍이 있어요?,Gibt es hier in der Nähe ein Café?,Alltag,a1_korean_places_1,9,false,coffee shop,Noun,Is there a coffee shop near here?,vocab_a1_0585
영화관,yeonghwagwan,Kino,A1,Nomen,"레나 씨, 저녁에 영화관에 갈까요?","Lena, sollen wir heute Abend ins Kino gehen?",Freizeit,a1_korean_places_1,10,false,movie theater,Noun,"Lena, shall we go to the movie theater this evening?",vocab_a1_0586
극장,geukjang,Theater,A1,Nomen,이 근처에 극장이 있어요?,Gibt es hier in der Nähe ein Theater?,Freizeit,a1_korean_places_1,11,true,theater,Noun,Is there a theater near here?,vocab_a1_0587
목욕탕,mogyoktang,öffentliches Bad,A1,Nomen,저는 목욕탕에 자주 가요.,Ich gehe oft ins öffentliche Bad.,Alltag,a1_korean_places_1,12,true,public bathhouse,Noun,I often go to the public bathhouse.,vocab_a1_0588
켜다,kyeoda,"einschalten, anmachen",A1,Verb,텔레비전을 켜요.,Ich mache den Fernseher an.,Alltag,a1_daily_3,10,false,to turn on,Verb,I turn on the TV.,vocab_a1_0589
끄다,kkeuda,"ausschalten, ausmachen",A1,Verb,불을 꺼요.,Ich mache das Licht aus.,Alltag,a1_daily_3,11,false,to turn off,Verb,I turn off the light.,vocab_a1_0590
웃다,utda,lachen,A1,Verb,아기가 많이 웃어요.,Das Baby lacht viel.,Alltag,a1_daily_3,12,false,to laugh,Verb,The baby laughs a lot.,vocab_a1_0591
가방,gabang,Tasche,A1,Nomen,가방 안에 뭐가 있어요?,Was ist in der Tasche?,Alltag,a1_belongings_1,1,false,bag,Noun,What's in the bag?,vocab_a1_0592
볼펜,bolpen,Kugelschreiber,A1,Nomen,볼펜으로 이름을 써요.,Ich schreibe meinen Namen mit dem Kugelschreiber.,Bildung,a1_belongings_1,2,false,ballpoint pen,Noun,I write my name with the pen.,vocab_a1_0593
수첩,sucheop,Notizbuch,A1,Nomen,수첩에 이름을 써요.,Ich schreibe den Namen ins Notizbuch.,Bildung,a1_belongings_1,3,false,notebook,Noun,I write my name in the notebook.,vocab_a1_0594
카메라,kamera,Kamera,A1,Nomen,"레나 씨, 이 카메라로 찍을까요?","Lena, sollen wir mit dieser Kamera fotografieren?",Technologie,a1_belongings_1,4,false,camera,Noun,"Lena, shall we take photos with this camera?",vocab_a1_0595
티셔츠,tisyeocheu,T-Shirt,A1,Nomen,저는 이 티셔츠를 입었어요.,Ich habe dieses T-Shirt getragen.,Alltag,a1_belongings_1,5,false,T-shirt,Noun,I wore this T-shirt.,vocab_a1_0596
바지,baji,Hose,A1,Nomen,이 바지를 입고 싶어요.,Ich möchte diese Hose anziehen.,Alltag,a1_belongings_1,6,false,pants,Noun,I want to wear these pants.,vocab_a1_0597
운동화,undonghwa,Sportschuhe,A1,Nomen,"크리스티안 씨, 운동화 신고 같이 갈까요?","Christian, sollen wir Sportschuhe anziehen und zusammen gehen?",Freizeit,a1_belongings_1,7,false,sneakers,Noun,"Christian, shall we put on sneakers and go together?",vocab_a1_0598
잔,jan,"Glas, Tasse",A1,Nomen,이 잔으로 물을 마셔요.,Ich trinke Wasser aus diesem Glas.,Alltag,a1_belongings_1,8,false,"cup, glass",Noun,I drink water from this cup.,vocab_a1_0599
표,pyo,"Ticket, Karte",A1,Nomen,"수진 씨, 콘서트 표가 있어요!","Sujin, ich habe eine Konzertkarte!",Freizeit,a1_belongings_1,9,false,ticket,Noun,"Sujin, I have a concert ticket!",vocab_a1_0600
신문,sinmun,Zeitung,A1,Nomen,아버지가 신문을 읽어요.,Mein Vater liest die Zeitung.,Alltag,a1_belongings_1,10,false,newspaper,Noun,My father reads the newspaper.,vocab_a1_0601
학생증,haksaengjeung,Studentenausweis,A1,Nomen,"수진 씨, 이거 제 학생증 맞아요?","Sujin, ist das mein Studentenausweis, oder?",Bildung,a1_belongings_1,11,true,student ID,Noun,"Sujin, is this my student ID, right?",vocab_a1_0602
여권,yeogwon,Reisepass,A1,Nomen,여권은 여기 있어요.,Hier ist der Reisepass.,Alltag,a1_belongings_1,12,true,passport,Noun,Here's the passport.,vocab_a1_0603
기숙사,gisuksa,Wohnheim,A1,Nomen,저는 기숙사에 살아요.,Ich wohne im Studentenwohnheim.,Alltag,a1_places_buildings_1,1,false,dormitory,Noun,I live in the dormitory.,vocab_a1_0604
사무실,samusil,Büro,A1,Nomen,저는 사무실에서 일해요.,Ich arbeite im Büro.,도시 생활,a1_places_buildings_1,2,false,office,Noun,I work at the office.,vocab_a1_0605
아파트,apateu,Wohnung,A1,Nomen,이 아파트에 몇 명이 살아요?,Wie viele Leute wohnen in dieser Wohnung?,도시 생활,a1_places_buildings_1,3,false,apartment,Noun,How many people live in this apartment?,vocab_a1_0606
수영장,suyeongjang,Schwimmbad,A1,Nomen,우리 수영장에 갈까요?,Sollen wir ins Schwimmbad gehen?,Freizeit,a1_places_buildings_1,4,false,swimming pool,Noun,Shall we go to the swimming pool?,vocab_a1_0607
운동장,undongjang,Sportplatz,A1,Nomen,아이가 운동장에서 놀아요.,Das Kind spielt auf dem Sportplatz.,Freizeit,a1_places_buildings_1,5,false,sports ground,Noun,The child plays on the sports ground.,vocab_a1_0608
노래방,noraebang,Karaoke-Raum,A1,Nomen,우리 노래방에 갈까요?,Sollen wir in den Karaoke-Raum gehen?,Freizeit,a1_places_buildings_1,6,false,karaoke room,Noun,Shall we go to the karaoke room?,vocab_a1_0609
대사관,daesagwan,Botschaft,A1,Nomen,독일 대사관이 어디에 있어요?,Wo ist die deutsche Botschaft?,도시 생활,a1_places_buildings_1,7,false,embassy,Noun,Where is the German embassy?,vocab_a1_0610
여행사,yeohaengsa,Reisebüro,A1,Nomen,여행사에 전화해요.,Ich rufe das Reisebüro an.,도시 생활,a1_places_buildings_1,8,false,travel agency,Noun,I call the travel agency.,vocab_a1_0611
건물,geonmul,Gebäude,A1,Nomen,이 건물은 몇 층이에요?,Wie viele Stockwerke hat dieses Gebäude?,도시 생활,a1_places_buildings_1,9,false,building,Noun,How many floors does this building have?,vocab_a1_0612
근처,geuncheo,"Umgebung, Nähe",A1,Nomen,이 근처에 커피숍이 있어요.,Es gibt ein Café hier in der Nähe.,도시 생활,a1_places_buildings_1,10,false,"vicinity, nearby",Noun,There is a cafe near here.,vocab_a1_0613
건너편,geonneopyeon,gegenüberliegende Seite,A1,Nomen,은행이 건너편에 있어요.,Die Bank ist auf der gegenüberliegenden Seite.,도시 생활,a1_places_buildings_1,11,true,opposite side,Noun,The bank is on the opposite side.,vocab_a1_0614
층,cheung,"Stock, Etage",A1,Nomen,가게가 이 층에 있어요.,Der Laden ist auf dieser Etage.,도시 생활,a1_places_buildings_1,12,true,"floor, story",Noun,The shop is on this floor.,vocab_a1_0615
다음,daeum,nächst-,A1,Nomen,다음 주에 만나요.,Wir treffen uns nächste Woche.,Zeit,a1_time_expressions_1,1,false,next,Noun,See you next week.,vocab_a1_0616
나중,najung,später,A1,Nomen,"민호 씨, 나중에 이야기해요.","Minho, wir reden später.",Zeit,a1_time_expressions_1,2,false,later,Noun,"Minho, we'll talk later.",vocab_a1_0617
동안,dongan,"während, für (Dauer)",A1,Nomen,방학 동안 뭐 해요?,Was machst du während der Ferien?,Zeit,a1_time_expressions_1,3,false,"during, for (duration)",Noun,What do you do during the vacation?,vocab_a1_0618
오전,ojeon,Vormittag,A1,Nomen,오전에 공원에서 운동해요.,Ich mache am Vormittag im Park Sport.,Zeit,a1_time_expressions_1,4,false,"morning, AM",Noun,I exercise in the park in the morning.,vocab_a1_0619
오후,ohu,Nachmittag,A1,Nomen,저는 오후에 산책해요.,Ich mache am Nachmittag einen Spaziergang.,Zeit,a1_time_expressions_1,5,false,"afternoon, PM",Noun,I go for a walk in the afternoon.,vocab_a1_0620
이번,ibeon,"dieses-, jetzig-",A1,Nomen,이번 달에 바빠요.,Diesen Monat bin ich beschäftigt.,Zeit,a1_time_expressions_1,6,false,this (upcoming),Noun,I'm busy this month.,vocab_a1_0621
지난달,jinandal,letzten Monat,A1,Nomen,정말 지난달에 바빴어요.,Ich war letzten Monat wirklich beschäftigt.,Zeit,a1_time_expressions_1,7,false,last month,Noun,I was really busy last month.,vocab_a1_0622
지난주,jinanju,letzte Woche,A1,Nomen,"선생님, 지난주에 아팠어요.","Entschuldigen Sie, ich war letzte Woche krank.",Zeit,a1_time_expressions_1,8,false,last week,Noun,"Teacher, I was sick last week.",vocab_a1_0623
지난해,jinanhae,letztes Jahr,A1,Nomen,우리는 지난해에 만났어요.,Wir haben uns letztes Jahr kennengelernt.,Zeit,a1_time_expressions_1,9,false,last year,Noun,We met last year.,vocab_a1_0624
일주일,iljuil,eine Woche,A1,Nomen,일주일 동안 여행해요.,Ich reise eine Woche lang.,Zeit,a1_time_expressions_1,10,false,one week,Noun,I travel for one week.,vocab_a1_0625
하루,haru,ein Tag,A1,Nomen,오늘 하루 정말 피곤해요.,Ich bin heute wirklich müde.,Zeit,a1_time_expressions_1,11,true,one day,Noun,I am really tired today.,vocab_a1_0626
후,hu,"danach, später",A1,Nomen,잠시 후에 만나요.,Wir sehen uns in einem Moment.,Zeit,a1_time_expressions_1,12,true,"after, later",Noun,See you in a moment.,vocab_a1_0627
개,gae,Hund,A1,Nomen,개가 몇 마리 있어요?,Wie viele Hunde gibt es?,Natur,a1_nature_people_1,1,false,dog,Noun,How many dogs are there?,vocab_a1_0628
고양이,goyangi,Katze,A1,Nomen,고양이가 몇 마리예요?,Wie viele Katzen sind es?,Natur,a1_nature_people_1,2,false,cat,Noun,How many cats are there?,vocab_a1_0629
꽃,kkot,Blume,A1,Nomen,꽃에 물을 줘요.,Ich gieße die Blumen.,Natur,a1_nature_people_1,3,false,flower,Noun,I water the flowers.,vocab_a1_0630
나무,namu,Baum,A1,Nomen,나무 밑에 앉아요.,Ich setze mich unter den Baum.,Natur,a1_nature_people_1,4,false,tree,Noun,I sit under the tree.,vocab_a1_0631
산,san,Berg,A1,Nomen,저는 주말에 산에 올라가요.,Ich steige am Wochenende auf den Berg.,Natur,a1_nature_people_1,5,false,mountain,Noun,I climb the mountain on weekends.,vocab_a1_0632
바다,bada,Meer,A1,Nomen,저는 바다에서 수영해요.,Ich schwimme im Meer.,Natur,a1_nature_people_1,6,false,sea,Noun,I swim in the sea.,vocab_a1_0633
비,bi,Regen,A1,Nomen,오늘 비가 와요.,Heute regnet es.,Natur,a1_nature_people_1,7,false,rain,Noun,It's raining today.,vocab_a1_0634
불,bul,"Feuer, Licht",A1,Nomen,산에 불이 났어요.,Auf dem Berg ist ein Feuer ausgebrochen.,Natur,a1_nature_people_1,8,false,"fire, light",Noun,A fire broke out on the mountain.,vocab_a1_0635
아기,agi,Baby,A1,Nomen,지금 아기가 자요.,Das Baby schläft jetzt.,Person,a1_nature_people_1,9,false,baby,Noun,The baby is sleeping now.,vocab_a1_0636
아이,ai,Kind,A1,Nomen,저 아이는 학생이에요.,Dieses Kind ist ein Schüler.,Person,a1_nature_people_1,10,false,child,Noun,That child is a student.,vocab_a1_0637
남자,namja,Mann,A1,Nomen,저 남자는 누구예요?,Wer ist dieser Mann?,Person,a1_nature_people_1,11,true,man,Noun,Who is that man?,vocab_a1_0638
여자,yeoja,Frau,A1,Nomen,저 여자는 제 친구예요.,Diese Frau ist eine Freundin von mir.,Person,a1_nature_people_1,12,true,woman,Noun,That woman is my friend.,vocab_a1_0639
기분,gibun,Stimmung,A1,Nomen,오늘 기분이 좋아요.,Ich bin heute gut gelaunt.,Gefühle,a1_feelings_talk_1,1,false,mood,Noun,I'm in a good mood today.,vocab_a1_0640
마음,maeum,"Herz, Gemüt",A1,Nomen,오늘 마음이 아파요.,Mein Herz tut heute weh.,Gefühle,a1_feelings_talk_1,2,false,"heart, mind",Noun,My heart aches today.,vocab_a1_0641
사랑,sarang,Liebe,A1,Nomen,저는 수진 씨를 사랑해요.,Ich liebe Sujin.,Gefühle,a1_feelings_talk_1,3,false,love,Noun,I love Sujin.,vocab_a1_0642
피곤,pigon,Müdigkeit,A1,Nomen,저는 오늘 정말 피곤해요.,Ich bin heute wirklich müde.,Gefühle,a1_feelings_talk_1,4,false,tiredness,Noun,I'm really tired today.,vocab_a1_0643
감사,gamsa,Dank,A1,Nomen,정말 감사해요.,Vielen Dank.,Höflichkeit,a1_feelings_talk_1,5,false,"gratitude, thanks",Noun,Thank you very much.,vocab_a1_0644
미안,mian,Entschuldigung (Gefühl),A1,Nomen,"미안해요, 정말 늦었어요.","Entschuldigung, ich bin wirklich zu spät.",Höflichkeit,a1_feelings_talk_1,6,false,sorry (feeling),Noun,"Sorry, I'm really late.",vocab_a1_0645
친절,chinjeol,Freundlichkeit,A1,Nomen,선생님이 정말 친절해요.,Die Lehrkraft ist wirklich freundlich.,Höflichkeit,a1_feelings_talk_1,7,false,kindness,Noun,The teacher is really kind.,vocab_a1_0646
실례,sillye,Verzeihung,A1,Nomen,실례합니다. 화장실이 어디예요?,Entschuldigung. Wo ist die Toilette?,Höflichkeit,a1_feelings_talk_1,8,false,excuse me,Noun,Excuse me. Where is the restroom?,vocab_a1_0647
유명,yumyeong,"berühmt, bekannt",A1,Nomen,그 가수는 정말 유명해요.,Dieser Sänger ist wirklich berühmt.,Person,a1_feelings_talk_1,9,false,famous,Noun,That singer is really famous.,vocab_a1_0648
대답,daedap,Antwort,A1,Nomen,제가 먼저 대답해요.,Ich antworte zuerst.,Kommunikation,a1_feelings_talk_1,10,false,"answer, reply",Noun,I'll answer first.,vocab_a1_0649
소개,sogae,Vorstellung,A1,Nomen,제 친구를 소개해요.,Ich stelle meinen Freund vor.,Kommunikation,a1_feelings_talk_1,11,true,introduction,Noun,I'm introducing my friend.,vocab_a1_0650
설명,seolmyeong,Erklärung,A1,Nomen,제가 천천히 설명해요.,Ich erkläre langsam.,Bildung,a1_feelings_talk_1,12,true,explanation,Noun,I'll explain slowly.,vocab_a1_0651
늦다,neutda,"zu spät sein, sich verspäten",A1,Verb,"미안해요, 버스가 늦었어요.","Entschuldigung, der Bus hatte Verspätung.",Zeit,a1_weekend_promise_1,1,false,to be late,Verb,"Sorry, the bus was late.",vocab_a1_0652
묻다,mutda,fragen,A1,Verb,선생님한테 다시 물어요.,Ich frage den Lehrer noch einmal.,Kommunikation,a1_repair_language_1,11,false,to ask,Verb,I ask the teacher again.,vocab_a1_0653
맞다,matda,"stimmen, richtig sein",A1,Verb,제 대답이 맞아요?,Ist meine Antwort richtig?,Kommunikation,a1_repair_language_1,12,false,"to be right, to match",Verb,Is my answer right?,vocab_a1_0654
샤워,syawo,Dusche,A1,Nomen,아침에 먼저 샤워해요.,Ich dusche morgens zuerst.,Alltag,a1_home_daily_1,1,false,shower,Noun,I shower first in the morning.,vocab_a1_0655
세수,sesu,Gesichtwaschen,A1,Nomen,매일 아침 세수해요.,Ich wasche mir jeden Morgen das Gesicht.,Alltag,a1_home_daily_1,2,false,washing one's face,Noun,I wash my face every morning.,vocab_a1_0656
청소,cheongso,"Putzen, Reinigung",A1,Nomen,제가 집을 청소해요.,Ich putze das Haus.,Alltag,a1_home_daily_1,3,false,cleaning,Noun,I clean the house.,vocab_a1_0657
준비,junbi,Vorbereitung,A1,Nomen,내일 여행을 준비해요.,Ich bereite morgen die Reise vor.,Alltag,a1_home_daily_1,4,false,preparation,Noun,I prepare for the trip tomorrow.,vocab_a1_0658
생활,saenghwal,"Leben, Alltag",A1,Nomen,기숙사 생활이 재미있어요.,Das Wohnheimleben macht Spaß.,Alltag,a1_home_daily_1,5,false,"life, living",Noun,Dormitory life is fun.,vocab_a1_0659
잠,jam,Schlaf,A1,Nomen,잠을 못 잤어요.,Ich konnte nicht schlafen.,Alltag,a1_home_daily_1,6,false,sleep,Noun,I couldn't sleep.,vocab_a1_0660
요리,yori,"Kochen, Gericht",A1,Nomen,오늘 저녁은 제가 요리해요!,Heute Abend koche ich!,Alltag,a1_home_daily_1,7,false,"cooking, dish",Noun,"Tonight, I'm cooking!",vocab_a1_0661
식사,siksa,Mahlzeit,A1,Nomen,주말에 가족과 식사해요.,Ich esse am Wochenende mit der Familie.,Alltag,a1_home_daily_1,8,false,meal,Noun,I have a meal with my family on weekends.,vocab_a1_0662
에어컨,eeokeon,Klimaanlage,A1,Nomen,지금 에어컨을 켜요.,Ich schalte jetzt die Klimaanlage ein.,Technologie,a1_home_daily_1,9,false,air conditioner,Noun,I'm turning on the air conditioner now.,vocab_a1_0663
운전,unjeon,Fahren (Auto),A1,Nomen,저는 운전을 잘해요.,Ich fahre gut Auto.,Verkehr,a1_home_daily_1,10,false,driving,Noun,I'm good at driving.,vocab_a1_0664
사용,sayong,"Gebrauch, Benutzung",A1,Nomen,회사에서 컴퓨터를 사용해요.,Ich benutze im Büro den Computer.,Technologie,a1_home_daily_1,11,true,use,Noun,I use the computer at the office.,vocab_a1_0665
부탁,butak,"Bitte, Gefallen",A1,Nomen,오늘 친구한테 부탁해요.,Ich bitte heute einen Freund um einen Gefallen.,Höflichkeit,a1_home_daily_1,12,true,"favor, request",Noun,I ask a friend for a favor today.,vocab_a1_0666
가요,gayo,(koreanischer) Popsong,A1,Nomen,가요를 들어요.,Ich höre koreanische Popmusik.,Freizeit,a1_culture_hobbies_1,1,false,(Korean) pop song,Noun,I listen to Korean pop music.,vocab_a1_0667
그림,geurim,"Bild, Zeichnung",A1,Nomen,아이가 그림을 그려요.,Das Kind malt ein Bild.,Bildung,a1_culture_hobbies_1,2,false,"picture, drawing",Noun,The child draws a picture.,vocab_a1_0668
드라마,deurama,"Drama, Serie",A1,Nomen,동생이 한국 드라마를 봐요.,Mein Geschwister schaut koreanische Dramen.,Freizeit,a1_culture_hobbies_1,3,false,"drama, TV series",Noun,My younger sibling watches Korean dramas.,vocab_a1_0669
연극,yeongeuk,Theaterstück,A1,Nomen,"수진 씨, 연극 보러 갈까요?","Sujin, sollen wir ein Theaterstück ansehen gehen?",Freizeit,a1_culture_hobbies_1,4,false,theater play,Noun,"Sujin, shall we go watch a play?",vocab_a1_0670
영화배우,yeonghwabaeu,Filmschauspieler(in),A1,Nomen,저분은 영화배우예요.,Diese Person spielt in Filmen.,Person,a1_culture_hobbies_1,5,false,movie actor,Noun,That person is a film actor.,vocab_a1_0671
콘서트,konseoteu,Konzert,A1,Nomen,"크리스티안 씨, 우리 같이 콘서트에 갈까요?","Christian, sollen wir zusammen zum Konzert gehen?",Freizeit,a1_culture_hobbies_1,6,false,concert,Noun,"Christian, shall we go to the concert together?",vocab_a1_0672
태권도,taegwondo,Taekwondo,A1,Nomen,태권도를 배워요.,Ich lerne Taekwondo.,Freizeit,a1_culture_hobbies_1,7,false,taekwondo,Noun,I learn taekwondo.,vocab_a1_0673
파티,pati,Party,A1,Nomen,생일 파티에 초대해요.,Ich lade zur Geburtstagsparty ein.,Freizeit,a1_culture_hobbies_1,8,false,party,Noun,I invite you to a birthday party.,vocab_a1_0674
프로그램,peurogeuraem,Programm,A1,Nomen,텔레비전 프로그램을 봐요.,Ich schaue eine Fernsehsendung.,Technologie,a1_culture_hobbies_1,9,false,program,Noun,I watch a TV program.,vocab_a1_0675
피아노,piano,Klavier,A1,Nomen,저는 매일 피아노를 쳐요.,Ich spiele jeden Tag Klavier.,Bildung,a1_culture_hobbies_1,10,false,piano,Noun,I play the piano every day.,vocab_a1_0676
사진,sajin,Foto,A1,Nomen,"레나 씨, 여기서 사진 찍을까요?","Lena, sollen wir hier Fotos machen?",Technologie,a1_culture_hobbies_1,11,true,photo,Noun,"Lena, shall we take photos here?",vocab_a1_0677
초대,chodae,Einladung,A1,Nomen,친구를 파티에 초대해요.,Ich lade einen Freund zur Party ein.,Höflichkeit,a1_culture_hobbies_1,12,true,invitation,Noun,I invite a friend to the party.,vocab_a1_0678
감기,gamgi,Erkältung,A1,Nomen,감기에 걸렸어요. 머리가 아파요.,Ich bin erkältet. Mein Kopf tut weh.,Körper,a1_health_food_1,1,false,"cold, flu",Noun,I have a cold. My head hurts.,vocab_a1_0679
병,byeong,Krankheit,A1,Nomen,병에 걸렸어요.,Ich bin krank geworden.,Körper,a1_health_food_1,2,false,illness,Noun,I got sick.,vocab_a1_0680
의사,uisa,"Arzt, Ärztin",A1,Nomen,저는 의사한테 가요.,Ich gehe zum Arzt.,Körper,a1_health_food_1,3,false,doctor,Noun,I go to the doctor.,vocab_a1_0681
담배,dambae,Zigarette,A1,Nomen,아버지가 담배를 안 피워요.,Mein Vater raucht nicht.,Körper,a1_health_food_1,4,false,cigarette,Noun,My father doesn't smoke.,vocab_a1_0682
술,sul,Alkohol,A1,Nomen,아버지는 술을 안 마셔요.,Mein Vater trinkt keinen Alkohol.,Körper,a1_health_food_1,5,false,alcohol,Noun,My father doesn't drink alcohol.,vocab_a1_0683
운동,undong,"Sport, Bewegung",A1,Nomen,저는 매일 운동해요.,Ich mache jeden Tag Sport.,Körper,a1_health_food_1,6,false,exercise,Noun,I exercise every day.,vocab_a1_0684
키,ki,Körpergröße,A1,Nomen,동생은 키가 커요.,Mein jüngeres Geschwister ist groß.,Körper,a1_health_food_1,7,false,height,Noun,My younger sibling is tall.,vocab_a1_0685
잡채,japchae,Japchae (Glasnudelgericht),A1,Nomen,저는 잡채를 만들어요.,Ich mache Japchae.,Essen & Trinken,a1_health_food_1,8,false,japchae (glass noodle dish),Noun,I make japchae.,vocab_a1_0686
음식,eumsik,"Essen, Speise",A1,Nomen,이 음식이 맛있어요.,Dieses Essen ist lecker.,Essen & Trinken,a1_health_food_1,9,false,food,Noun,This food is delicious.,vocab_a1_0687
음료수,eumnyosu,Getränk,A1,Nomen,더워요. 음료수 마실까요?,Es ist heiß. Sollen wir ein Getränk trinken?,Essen & Trinken,a1_health_food_1,10,false,beverage,Noun,It's hot. Shall we drink something?,vocab_a1_0688
메뉴,menyu,"Speisekarte, Menü",A1,Nomen,종업원이 메뉴를 줘요.,Die Bedienung gibt die Speisekarte.,Essen & Trinken,a1_health_food_1,11,true,menu,Noun,The waiter gives the menu.,vocab_a1_0689
오렌지,orenji,Orange,A1,Nomen,저는 오렌지를 먹어요.,Ich esse eine Orange.,Essen & Trinken,a1_health_food_1,12,true,orange,Noun,I eat an orange.,vocab_a1_0690
방학,banghak,(Schul-)Ferien,A1,Nomen,이번 방학이 언제예요?,Wann sind die Ferien dieses Mal?,Bildung,a1_school_work_1,1,false,school vacation,Noun,When is the vacation this time?,vocab_a1_0691
졸업,joreop,"Abschluss, Graduation",A1,Nomen,저는 올해 졸업해요.,Ich mache dieses Jahr meinen Abschluss.,Bildung,a1_school_work_1,2,false,graduation,Noun,I graduate this year.,vocab_a1_0692
외국어,oegugeo,Fremdsprache,A1,Nomen,저는 외국어를 가르쳐요.,Ich unterrichte eine Fremdsprache.,Bildung,a1_school_work_1,3,false,foreign language,Noun,I teach a foreign language.,vocab_a1_0693
아르바이트,areubaiteu,"Nebenjob, Teilzeitarbeit",A1,Nomen,저는 편의점에서 아르바이트를 해요.,Ich habe einen Nebenjob in einem Convenience-Store.,Beruf,a1_school_work_1,4,false,part-time job,Noun,I have a part-time job at a convenience store.,vocab_a1_0694
직원,jigwon,"Person, die in einem Unternehmen angestellt ist",A1,Nomen,저는 회사 직원이에요.,Ich bin Angestellter einer Firma.,Beruf,a1_school_work_1,5,false,employee,Noun,I'm an employee of a company.,vocab_a1_0695
종업원,jongeobwon,"Bedienung, Angestellte(r)",A1,Nomen,여기 종업원이 친절해요.,Hier ist die Bedienung freundlich.,Beruf,a1_school_work_1,6,false,"staff, waiter/waitress",Noun,The staff here is kind.,vocab_a1_0696
안내,annae,"Auskunft, Information",A1,Nomen,직원이 길을 안내해요.,Ein Mitglied des Personals weist den Weg.,Kommunikation,a1_school_work_1,7,false,"information, guidance",Noun,A staff member shows the way.,vocab_a1_0697
교통,gyotong,Verkehr,A1,Nomen,교통 카드가 없어요.,Ich habe keine Verkehrskarte.,Verkehr,a1_school_work_1,8,false,traffic,Noun,I don't have a transit card.,vocab_a1_0698
시작,sijak,"Anfang, Beginn",A1,Nomen,저는 지금 일을 시작해요.,Ich fange jetzt mit der Arbeit an.,Zeit,a1_school_work_1,9,false,"beginning, start",Noun,I start work now.,vocab_a1_0699
장소,jangso,"Ort, Platz",A1,Nomen,약속 장소가 어디예요?,Wo ist der Treffpunkt?,Position,a1_school_work_1,10,false,"place, venue",Noun,Where is the meeting place?,vocab_a1_0700
글,geul,"Text, Schrift",A1,Nomen,저는 매일 글을 써요.,Ich schreibe jeden Tag.,Bildung,a1_school_work_1,11,true,"writing, text",Noun,I write every day.,vocab_a1_0701
이야기,iyagi,"Geschichte, Gespräch",A1,Nomen,"레나 씨, 친구랑 이야기해요?","Lena, unterhältst du dich mit einem Freund?",Kommunikation,a1_school_work_1,12,true,"story, talk",Noun,"Lena, are you talking with a friend?",vocab_a1_0702
곳,got,"Ort, Stelle",A1,Nomen,이곳에 사람이 많아요.,An diesem Ort sind viele Leute.,Position,a1_time_family_1,1,false,"place, spot",Noun,There are many people at this place.,vocab_a1_0703
달,dal,Monat,A1,Nomen,일 년은 열두 달이에요.,Ein Jahr hat zwölf Monate.,Zeit,a1_time_family_1,2,false,month,Noun,A year has twelve months.,vocab_a1_0704
동생,dongsaeng,jüngeres Geschwister,A1,Nomen,제 동생은 아홉 살이에요.,Mein jüngeres Geschwister ist neun Jahre alt.,Familie,a1_time_family_1,3,false,younger sibling,Noun,My younger sibling is nine years old.,vocab_a1_0705
밑,mit,"Unterseite, unten",A1,Nomen,책상 밑에 가방이 있어요.,Unter dem Schreibtisch ist eine Tasche.,Position,a1_time_family_1,4,false,"underside, below",Noun,There's a bag under the desk.,vocab_a1_0706
생일,saengil,Geburtstag,A1,Nomen,다음 주가 제 생일이에요.,Nächste Woche ist mein Geburtstag.,Familie,a1_time_family_1,5,false,birthday,Noun,Next week is my birthday.,vocab_a1_0707
선물,seonmul,Geschenk,A1,Nomen,동생한테 선물을 줘요.,Ich gebe meinem Geschwister ein Geschenk.,Familie,a1_time_family_1,6,false,gift,Noun,I give my sibling a gift.,vocab_a1_0708
쇼핑,syoping,Einkaufen,A1,Nomen,이번 주말에 쇼핑해요.,Ich gehe dieses Wochenende einkaufen.,Freizeit,a1_time_family_1,7,false,shopping,Noun,I'm going shopping this weekend.,vocab_a1_0709
올해,olhae,dieses Jahr,A1,Nomen,올해 한국에 왔어요.,Ich bin dieses Jahr nach Korea gekommen.,Zeit,a1_time_family_1,8,false,this year,Noun,I came to Korea this year.,vocab_a1_0710
요즘,yojeum,"heutzutage, dieser Tage",A1,Nomen,요즘 일이 바빠요.,Zurzeit ist die Arbeit stressig.,Zeit,a1_time_family_1,9,false,these days,Noun,Work is busy these days.,vocab_a1_0711
월,wol,Monat (Zähleinheit),A1,Nomen,지금 몇 월이에요?,Welcher Monat ist jetzt?,Zeit,a1_time_family_1,10,false,month (counter),Noun,What month is it now?,vocab_a1_0712
잠시,jamsi,"kurz, eine Weile",A1,Nomen,여기 잠시 앉아요.,Setzen Sie sich hier für einen Moment.,Zeit,a1_time_family_1,11,true,"a moment, a while",Noun,Sit here for a moment.,vocab_a1_0713
주,ju,Woche,A1,Nomen,이번 주에 학교에 가요.,Ich gehe diese Woche zur Schule.,Zeit,a1_time_family_1,12,true,week,Noun,I go to school this week.,vocab_a1_0714
걸다,geolda,hängen,A1,Verb,저는 방에 그림을 걸어요.,Ich hänge ein Bild im Zimmer auf.,Zuhause,a1_verbs_daily_1,1,false,to hang,Verb,I hang a picture in the room.,vocab_a1_0715
그리다,geurida,zeichnen,A1,Verb,저는 그림을 그려요.,Ich zeichne ein Bild.,Bildung,a1_verbs_daily_1,2,false,to draw,Verb,I draw a picture.,vocab_a1_0716
나다,nada,(Fieber) bekommen,A1,Verb,저는 어제 열이 났어요.,Ich hatte gestern Fieber.,Körper,a1_verbs_daily_1,3,false,to have (a fever),Verb,I had a fever yesterday.,vocab_a1_0717
넣다,neota,hineinlegen,A1,Verb,저는 가방에 책을 넣어요.,Ich stecke ein Buch in die Tasche.,Alltag,a1_verbs_daily_1,4,false,to put in,Verb,I put a book in my bag.,vocab_a1_0718
놀다,nolda,spielen,A1,Verb,"크리스티안 씨, 우리 같이 놀까요?","Christian, sollen wir zusammen spielen?",Freizeit,a1_verbs_daily_1,5,false,to play,Verb,"Christian, shall we play together?",vocab_a1_0719
되다,doeda,werden,A1,Verb,저는 의사가 되고 싶어요.,Ich möchte Arzt werden.,Beruf,a1_verbs_daily_1,6,false,to become,Verb,I want to become a doctor.,vocab_a1_0720
들다,deulda,halten,A1,Verb,저는 가방을 들어요.,Ich halte die Tasche.,Alltag,a1_verbs_daily_1,7,false,"to hold, to carry",Verb,I hold the bag.,vocab_a1_0721
부르다,bureuda,singen,A1,Verb,마야 씨가 노래를 불러요.,Maya singt ein Lied.,Freizeit,a1_verbs_daily_1,8,false,to sing,Verb,Maya sings a song.,vocab_a1_0722
시키다,sikida,bestellen,A1,Verb,저는 커피를 시켜요.,Ich bestelle einen Kaffee.,Essen & Trinken,a1_verbs_daily_1,9,false,to order,Verb,I order a coffee.,vocab_a1_0723
찍다,jjikda,(ein Foto) machen,A1,Verb,저는 사진을 찍어요.,Ich mache ein Foto.,Technologie,a1_verbs_daily_1,10,false,to take (a photo),Verb,I take a photo.,vocab_a1_0724
추다,chuda,tanzen,A1,Verb,레나 씨가 춤을 춰요.,Lena tanzt.,Freizeit,a1_verbs_daily_1,11,true,to dance,Verb,Lena dances.,vocab_a1_0725
치다,chida,(Tennis) spielen,A1,Verb,저는 테니스를 쳐요.,Ich spiele Tennis.,Sport,a1_verbs_daily_1,12,true,to play (tennis),Verb,I play tennis.,vocab_a1_0726
다녀오다,danyeooda,(hin und zurück) gehen,A1,Verb,저는 어제 시장에 다녀왔어요.,Ich war gestern auf dem Markt und bin danach zurückgekommen.,Alltag,a1_verbs_daily_2,1,false,to go and come back,Verb,I went to the market and came back yesterday.,vocab_a1_0727
돌아가다,doragada,zurückgehen,A1,Verb,저는 집에 돌아가요.,Ich gehe nach Hause zurück.,Alltag,a1_verbs_daily_2,2,false,to go back,Verb,I go back home.,vocab_a1_0728
돌아오다,doraoda,zurückkommen,A1,Verb,아버지가 일찍 돌아오세요.,Vater kommt früh zurück.,Familie,a1_verbs_daily_2,3,false,to come back,Verb,Father comes back early.,vocab_a1_0729
들어가다,deureogada,hineingehen,A1,Verb,아직 교실에 안 들어가요.,Ich gehe noch nicht ins Klassenzimmer.,Bildung,a1_verbs_daily_2,4,false,to enter,Verb,I am not going into the classroom yet.,vocab_a1_0730
들어오다,deureooda,hereinkommen,A1,Verb,친구가 방에 들어와요.,Mein Freund kommt ins Zimmer.,Alltag,a1_verbs_daily_2,5,false,to come in,Verb,My friend comes into the room.,vocab_a1_0731
올라가다,ollagada,hinaufgehen,A1,Verb,안드레아 씨는 주말에 산에 올라가요.,Andrea steigt am Wochenende auf den Berg.,Freizeit,a1_verbs_daily_2,6,false,to go up,Verb,Andrea climbs the mountain on the weekend.,vocab_a1_0732
불다,bulda,wehen,A1,Verb,바람이 많이 불어요.,Der Wind weht stark.,Wetter,a1_verbs_daily_2,7,false,to blow (wind),Verb,The wind is blowing hard.,vocab_a1_0733
울다,ulda,weinen,A1,Verb,아이가 많이 울어요.,Das Kind weint viel.,Familie,a1_verbs_daily_2,8,false,to cry,Verb,The child cries a lot.,vocab_a1_0734
잘하다,jalhada,gut können,A1,Verb,민호 씨는 요리를 잘해요.,Minho kocht gut.,Beruf,a1_verbs_daily_2,9,false,to be good at,Verb,Minho is good at cooking.,vocab_a1_0735
지나다,jinada,vergehen,A1,Verb,시간이 빨리 지나요.,Die Zeit vergeht schnell.,Zeit,a1_verbs_daily_2,10,false,to pass (time),Verb,Time passes quickly.,vocab_a1_0736
지내다,jinaeda,(die Zeit) verbringen,A1,Verb,요즘 잘 지내요?,Wie geht es Ihnen zurzeit?,Kommunikation,a1_verbs_daily_2,11,true,"to get along, to be doing",Verb,How have you been these days?,vocab_a1_0737
피우다,piuda,rauchen,A1,Verb,할아버지는 담배를 피우지 않아요.,Großvater raucht nicht.,Körper,a1_verbs_daily_2,12,true,to smoke,Verb,Grandfather doesn't smoke.,vocab_a1_0738
못하다,mothada,nicht gut können,A1,Verb,크리스티안 씨는 한국어를 잘 못해요.,Christian kann noch nicht gut Koreanisch.,Bildung,a1_verbs_daily_3,1,false,to be bad at,Verb,Christian isn't very good at Korean.,vocab_a1_0739
알리다,allida,mitteilen,A1,Verb,저는 친구한테 시간을 알려요.,Ich sage meinem Freund die Uhrzeit.,Kommunikation,a1_verbs_daily_3,2,false,to inform,Verb,I tell my friend the time.,vocab_a1_0740
찾아보다,chajaboda,"nachschlagen, suchen",A1,Verb,저는 학교를 찾아봐요.,Ich suche nach der Schule.,Bildung,a1_verbs_daily_3,3,true,"to look up, to search for",Verb,I look for the school.,vocab_a1_0741
춤추다,chumchuda,tanzen,A1,Verb,우리는 같이 춤춰요.,Wir tanzen zusammen.,Freizeit,a1_verbs_daily_3,4,true,to dance,Verb,We dance together.,vocab_a1_0742
같다,gatda,gleich sein,A1,Adjektiv,언니와 저는 키가 같아요.,Meine große Schwester und ich sind gleich groß.,Familie,a1_adjectives_1,1,false,to be the same,Adjective,My older sister and I are the same height.,vocab_a1_0743
고맙다,gomapda,dankbar sein,A1,Adjektiv,"수진 씨, 정말 고마워요.","Sujin, vielen Dank.",Kommunikation,a1_adjectives_1,2,false,to be thankful,Adjective,"Sujin, thank you so much.",vocab_a1_0744
고프다,gopeuda,hungrig sein,A1,Adjektiv,점심을 안 먹어서 배가 고파요.,"Ich habe nicht zu Mittag gegessen, deshalb habe ich Hunger.",Körper,a1_adjectives_1,3,false,to be hungry,Adjective,"I didn't eat lunch, so I'm hungry.",vocab_a1_0745
괜찮다,gwaenchanta,in Ordnung sein,A1,Adjektiv,이 음식은 괜찮아요.,Dieses Essen ist okay.,Essen & Trinken,a1_adjectives_1,4,false,to be okay,Adjective,This food is fine.,vocab_a1_0746
그렇다,geureota,so sein,A1,Adjektiv,그래요. 저도 그렇게 생각해요.,Das denke ich auch.,Kommunikation,a1_adjectives_1,5,false,to be so,Adjective,I think so too.,vocab_a1_0747
깨끗하다,kkaekkeuthada,sauber sein,A1,Adjektiv,제 방이 깨끗해요.,Mein Zimmer ist sauber.,Zuhause,a1_adjectives_1,6,false,to be clean,Adjective,My room is clean.,vocab_a1_0748
나쁘다,nappeuda,schlecht sein,A1,Adjektiv,오늘 날씨가 나빠요.,Das Wetter ist heute schlecht.,Wetter,a1_adjectives_1,7,false,to be bad,Adjective,The weather is bad today.,vocab_a1_0749
낮다,natda,niedrig sein,A1,Adjektiv,이 책상은 낮아요.,Dieser Tisch ist niedrig.,Zuhause,a1_adjectives_1,8,false,to be low,Adjective,This desk is low.,vocab_a1_0750
높다,nopda,hoch sein,A1,Adjektiv,그 산이 높아요.,Der Berg ist hoch.,Natur,a1_adjectives_1,9,false,to be high,Adjective,That mountain is high.,vocab_a1_0751
다르다,dareuda,anders sein,A1,Adjektiv,제 생각은 달라요.,Meine Meinung ist anders.,Kommunikation,a1_adjectives_1,10,false,to be different,Adjective,My opinion is different.,vocab_a1_0752
따뜻하다,ttatteuthada,warm sein,A1,Adjektiv,오늘은 날씨가 따뜻해요.,Das Wetter ist heute warm.,Wetter,a1_adjectives_1,11,true,to be warm,Adjective,The weather is warm today.,vocab_a1_0753
맑다,makda,klar sein,A1,Adjektiv,이 물이 정말 맑아요.,Dieses Wasser ist wirklich klar.,Wetter,a1_adjectives_1,12,true,to be clear,Adjective,This water is really clear.,vocab_a1_0754
멋있다,meositda,cool sein,A1,Adjektiv,이 가방이 멋있어요.,Diese Tasche ist cool.,Alltag,a1_adjectives_2,1,false,to be cool,Adjective,This bag is cool.,vocab_a1_0755
반갑다,bangapda,sich freuen (über eine Begegnung),A1,Adjektiv,"안녕하세요, 만나서 반가워요.","Hallo, freut mich, Sie kennenzulernen.",Kommunikation,a1_adjectives_2,2,false,to be glad (to meet),Adjective,"Hello, nice to meet you.",vocab_a1_0756
시원하다,siwonhada,erfrischend sein,A1,Adjektiv,이 물이 시원해요.,Dieses Wasser ist erfrischend.,Essen & Trinken,a1_adjectives_2,3,false,to be refreshing,Adjective,This water is refreshing.,vocab_a1_0757
싫다,silta,nicht mögen,A1,Adjektiv,저는 비가 싫어요.,Ich mag Regen nicht.,Wetter,a1_adjectives_2,4,false,to dislike,Adjective,I dislike rain.,vocab_a1_0758
아니다,anida,nicht Student/in sein,A1,Adjektiv,저는 학생이 아니에요.,Ich bin kein Student / keine Studentin.,Bildung,a1_adjectives_2,5,false,to not be,Adjective,I am not a student.,vocab_a1_0759
아름답다,areumdapda,schön sein,A1,Adjektiv,이 꽃이 아름다워요.,Diese Blume ist schön.,Natur,a1_adjectives_2,6,false,to be beautiful,Adjective,This flower is beautiful.,vocab_a1_0760
어떻다,eotteota,wie sein,A1,Adjektiv,오늘 날씨가 어때요?,Wie ist das Wetter heute?,Wetter,a1_adjectives_2,7,false,to be how,Adjective,How is the weather today?,vocab_a1_0761
재미없다,jaemieopda,langweilig sein,A1,Adjektiv,이 영화가 재미없어요.,Dieser Film ist langweilig.,Freizeit,a1_adjectives_2,8,false,to be boring,Adjective,This movie is boring.,vocab_a1_0762
적다,jeokda,wenig sein,A1,Adjektiv,여기는 사람이 적어요.,Hier gibt es wenige Leute.,Position,a1_adjectives_2,9,false,to be few,Adjective,There are few people here.,vocab_a1_0763
친하다,chinhada,eng befreundet sein,A1,Adjektiv,수진 씨와 현아 씨는 친해요.,Sujin und Hyuna sind eng befreundet.,Freundschaft,a1_adjectives_2,10,false,to be close (friends),Adjective,Sujin and Hyuna are close friends.,vocab_a1_0764
특별하다,teukbyeolhada,besonders sein,A1,Adjektiv,오늘은 정말 특별해요.,Heute ist wirklich besonders.,Zeit,a1_adjectives_2,11,true,to be special,Adjective,Today is really special.,vocab_a1_0765
한가하다,hangahada,frei sein (Zeit),A1,Adjektiv,저는 오늘 한가해요.,Ich habe heute Zeit.,Zeit,a1_adjectives_2,12,true,to be free (time),Adjective,I'm free today.,vocab_a1_0766
가운데,gaunde,Mitte,A1,Nomen,제가 가운데 앉아요.,Ich sitze in der Mitte.,Position,a1_misc_3,1,false,middle,Noun,I sit in the middle.,vocab_a1_0767
계속,gyesok,"weiter, ununterbrochen",A1,Nomen,비가 계속 와요.,Es regnet weiter.,Wetter,a1_misc_3,2,false,continuously,Noun,It keeps raining.,vocab_a1_0768
말,mal,"Wort, Rede",A1,Nomen,저는 선생님 말을 잘 들어요.,Ich höre der Lehrkraft gut zu.,Kommunikation,a1_misc_3,3,false,"word, speech",Noun,I listen carefully to the teacher.,vocab_a1_0769
먼저,meonjeo,zuerst,A1,Nomen,제가 먼저 가요.,Ich gehe zuerst.,Zeit,a1_misc_3,4,false,first,Noun,I go first.,vocab_a1_0770
모두,modu,alle,A1,Nomen,친구들이 모두 와요.,Alle meine Freunde kommen.,Freundschaft,a1_misc_3,5,false,"all, everyone",Noun,All my friends are coming.,vocab_a1_0771
영,yeong,null,A1,Nomen,사과가 영 개 있어요.,Es gibt null Äpfel.,Zahlen,a1_misc_3,6,false,zero,Noun,There are zero apples.,vocab_a1_0772
전,jeon,vor(her),A1,Nomen,식사 전에 손을 씻어요.,Ich wasche mir vor dem Essen die Hände.,Alltag,a1_misc_3,7,false,before,Noun,I wash my hands before eating.,vocab_a1_0773
제일,jeil,am meisten,A1,Nomen,이 음식이 제일 맛있어요.,Dieses Essen ist am leckersten.,Essen & Trinken,a1_misc_3,8,false,the most,Noun,This food is the most delicious.,vocab_a1_0774
주일,juil,Sonntag,A1,Nomen,이번 주일에 가족을 만나요.,Ich treffe meine Familie diesen Sonntag.,Zeit,a1_misc_3,9,false,Sunday,Noun,I see my family this Sunday.,vocab_a1_0775
천만,cheonman,zehn Millionen,A1,Nomen,이 자동차는 천만 원이에요.,Dieses Auto kostet zehn Millionen Won.,Zahlen,a1_misc_3,10,false,ten million,Noun,This car costs ten million won.,vocab_a1_0776
흐리다,heurida,bewölkt sein,A1,Adjektiv,내일 날씨가 흐릴까요?,Wird das Wetter morgen bewölkt sein?,Wetter,a1_misc_3,11,true,to be cloudy,Adjective,Will the weather be cloudy tomorrow?,vocab_a1_0777
힘들다,himdeulda,anstrengend sein,A1,Adjektiv,요즘 일이 힘들어요.,Die Arbeit ist zurzeit anstrengend.,Beruf,a1_misc_3,12,true,"to be hard, to be tiring",Adjective,Work has been hard these days.,vocab_a1_0778
가장,gajang,am meisten,A1,Adverb,이 케이크가 가장 맛있어요.,Dieser Kuchen ist am leckersten.,Alltag,a1_adverbs_1,1,false,most,Adverb,This cake is the tastiest.,vocab_a1_0779
그래서,geuraeseo,deshalb,A1,Adverb,저는 배가 아파요. 그래서 집에 가요.,Mein Bauch tut weh. Deshalb gehe ich nach Hause.,Gesundheit,a1_adverbs_1,2,false,"so, therefore",Adverb,"My stomach hurts, so I am going home.",vocab_a1_0780
그러니까,geureonikka,deswegen,A1,Adverb,저는 시간이 없어요. 그러니까 빨리 가요.,Ich habe keine Zeit. Deswegen sollten wir schnell los.,Alltag,a1_adverbs_1,3,false,"so, that's why",Adverb,I have no time. So let's go quickly.,vocab_a1_0781
그러면,geureomyeon,dann,A1,Adverb,"민호 씨, 배가 고파요? 그러면 같이 밥을 먹어요.","Minho, hast du Hunger? Dann essen wir zusammen.",Essen & Trinken,a1_adverbs_1,4,false,"then, if so",Adverb,"Minho, are you hungry? Then let's eat together.",vocab_a1_0782
그런데,geureonde,aber,A1,Adverb,이 가방이 예뻐요. 그런데 너무 비싸요.,Diese Tasche ist hübsch. Aber sie ist zu teuer.,Einkaufen,a1_adverbs_1,5,false,"but, by the way",Adverb,This bag is pretty. But it's too expensive.,vocab_a1_0783
그럼,geureom,dann,A1,Adverb,"레나 씨, 오늘 바빠요? 그럼 내일 만나요.","Lena, bist du heute beschäftigt? Dann treffen wir uns morgen.",Alltag,a1_adverbs_1,6,false,then,Adverb,"Lena, are you busy today? Then let's meet tomorrow.",vocab_a1_0784
그렇지만,geureochiman,"aber, dennoch",A1,Adverb,이 음식이 매워요. 그렇지만 맛있어요.,Dieses Essen ist scharf. Aber es ist lecker.,Essen & Trinken,a1_adverbs_1,7,false,"but, however",Adverb,This food is spicy. But it's delicious.,vocab_a1_0785
그리고,geurigo,und,A1,Adverb,저는 아침에 빵을 먹어요. 그리고 커피를 마셔요.,Am Morgen esse ich Brot. Und ich trinke Kaffee.,Essen & Trinken,a1_adverbs_1,8,false,and,Adverb,In the morning I eat bread. And I drink coffee.,vocab_a1_0786
못,mot,nicht können,A1,Adverb,저는 매운 음식을 못 먹어요.,Ich kann kein scharfes Essen essen.,Essen & Trinken,a1_adverbs_1,9,false,cannot,Adverb,I can't eat spicy food.,vocab_a1_0787
보통,botong,normalerweise,A1,Adverb,저는 보통 아침에 커피를 마셔요.,Normalerweise trinke ich morgens Kaffee.,Alltag,a1_adverbs_1,10,false,usually,Adverb,I usually drink coffee in the morning.,vocab_a1_0788
아주,aju,sehr,A1,Adverb,이 영화가 아주 재미있어요.,Dieser Film macht viel Spaß.,Freizeit,a1_adverbs_1,11,true,very,Adverb,This movie is very interesting.,vocab_a1_0789
아직,ajik,noch,A1,Adverb,저는 아직 숙제를 안 했어요.,Ich habe die Hausaufgaben noch nicht gemacht.,Bildung,a1_adverbs_1,12,true,"still, yet",Adverb,I haven't done my homework yet.,vocab_a1_0790
안녕히,annyeonghi,wohlbehalten,A1,Adverb,"선생님, 안녕히 가세요!","Lehrer, auf Wiedersehen!",Begrüßung,a1_adverbs_2,1,false,(in) peace (farewell),Adverb,"Teacher, goodbye!",vocab_a1_0791
얼마나,eolmana,wie sehr,A1,Adverb,이 가방이 얼마나 비싸요?,Wie teuer ist diese Tasche?,Einkaufen,a1_adverbs_2,2,false,"how much, how",Adverb,How expensive is this bag?,vocab_a1_0792
열심히,yeolsimhi,fleißig,A1,Adverb,저는 한국어를 열심히 공부해요.,Ich lerne fleißig Koreanisch.,Bildung,a1_adverbs_2,3,false,"hard, diligently",Adverb,I study Korean hard.,vocab_a1_0793
왜,wae,warum,A1,Adverb,이 우산이 왜 여기 있어요?,Warum ist dieser Regenschirm hier?,Alltag,a1_adverbs_2,4,false,why,Adverb,Why is this umbrella here?,vocab_a1_0794
잘,jal,gut,A1,Adverb,저는 잠을 잘 자요.,Ich schlafe gut.,Alltag,a1_adverbs_2,5,false,well,Adverb,I sleep well.,vocab_a1_0795
참,cham,wirklich,A1,Adverb,이 김치찌개가 참 맛있어요.,Dieser Kimchi-Eintopf ist wirklich lecker.,Essen & Trinken,a1_adverbs_2,6,true,really,Adverb,This kimchi stew is really delicious.,vocab_a1_0796
하지만,hajiman,aber,A1,Adverb,저는 피곤해요. 하지만 숙제를 해요.,Ich bin müde. Aber ich mache die Hausaufgaben.,Bildung,a1_adverbs_2,7,true,but,Adverb,I'm tired. But I do my homework.,vocab_a1_0797
그,geu,er (jene Person),A1,Pronomen,그는 한국어 학생이에요.,Er lernt Koreanisch.,Beruf,a1_pronouns_1,1,false,he (that person),Pronoun,He is studying Korean.,vocab_a1_0798
그것,geugeot,das (da),A1,Pronomen,그것은 안 비싸요.,Das ist nicht teuer.,Einkaufen,a1_pronouns_1,2,false,that (thing),Pronoun,That is not expensive.,vocab_a1_0799
그쪽,geujjok,die Richtung,A1,Pronomen,이 지하철은 그쪽으로 안 가요.,Diese U-Bahn fährt nicht in die Richtung.,Verkehr,a1_pronouns_1,3,false,that way,Pronoun,This subway doesn't go that way.,vocab_a1_0800
내,nae,mein,A1,Pronomen,내 이름은 준이야.,Mein Name ist Jun.,Selbstvorstellung,a1_pronouns_1,4,false,my,Pronoun,My name is Jun.,vocab_a1_0801
무엇,mueot,was (formell),A1,Pronomen,이 가방 안에는 무엇이 있어요?,Was ist in dieser Tasche?,Alltag,a1_pronouns_1,5,false,what (formal),Pronoun,What's in this bag?,vocab_a1_0802
뭐,mwo,was,A1,Pronomen,저 사람 이름이 뭐예요?,Wie heißt diese Person?,Selbstvorstellung,a1_pronouns_1,6,false,what,Pronoun,What is that person's name?,vocab_a1_0803
어디,eodi,wo,A1,Pronomen,화장실이 어디예요?,Wo ist die Toilette?,Alltag,a1_pronouns_1,7,false,where,Pronoun,Where's the bathroom?,vocab_a1_0804
언제,eonje,wann,A1,Pronomen,생일이 언제예요?,Wann hast du Geburtstag?,Alltag,a1_pronouns_1,8,false,when,Pronoun,When is your birthday?,vocab_a1_0805
이것,igeot,dies,A1,Pronomen,이것은 제 우산이에요.,Das ist mein Regenschirm.,Alltag,a1_pronouns_1,9,false,this (thing),Pronoun,This is my umbrella.,vocab_a1_0806
이쪽,ijjok,diese Richtung,A1,Pronomen,저랑 이쪽으로 오세요.,Kommen Sie mit mir hierher.,Alltag,a1_pronouns_1,10,false,this way,Pronoun,Come this way with me.,vocab_a1_0807
저것,jeogeot,das (dort),A1,Pronomen,저것은 제 우산이 아니에요.,Das dort ist nicht mein Regenschirm.,Alltag,a1_pronouns_1,11,true,"that (thing, far)",Pronoun,That over there is not my umbrella.,vocab_a1_0808
저쪽,jeojjok,jene Richtung,A1,Pronomen,저쪽에 화장실이 있어요.,Die Toilette ist dort drüben.,Alltag,a1_pronouns_1,12,true,that way (far),Pronoun,The bathroom is over that way.,vocab_a1_0809
가지,gaji,"Art, Sorte",A1,Nomen,이 가게에 과일이 세 가지 있어요.,Dieser Laden hat drei Sorten Obst.,Einkaufen,a1_counters_1,1,false,"kind, type",Noun,This store has three kinds of fruit.,vocab_a1_0810
것,geot,"Ding, Sache",A1,Nomen,이 우산은 제 것이에요.,Dieser Regenschirm gehört mir.,Alltag,a1_counters_1,2,false,thing,Noun,This umbrella is mine.,vocab_a1_0811
권,gwon,Zählwort für Bücher,A1,Nomen,저는 책을 두 권 샀어요.,Ich habe zwei Bücher gekauft.,Bildung,a1_counters_1,3,false,counter for books,Noun,I bought two books.,vocab_a1_0812
년,nyeon,Jahr,A1,Nomen,저는 한국에서 삼 년 살았어요.,Ich habe drei Jahre in Korea gelebt.,Alltag,a1_counters_1,4,false,year,Noun,I lived in Korea for three years.,vocab_a1_0813
때,ttae,Zeit(punkt),A1,Nomen,시험 때 저는 커피를 마셔요.,Während der Prüfung trinke ich Kaffee.,Bildung,a1_counters_1,5,false,"time, moment",Noun,"During exams, I drink coffee.",vocab_a1_0814
마리,mari,Zählwort für Tiere,A1,Nomen,저는 고양이가 두 마리 있어요.,Ich habe zwei Katzen.,Tiere,a1_counters_1,6,false,counter for animals,Noun,I have two cats.,vocab_a1_0815
명,myeong,Zählwort für Personen,A1,Nomen,교실에 학생이 열 명 있어요.,Im Klassenzimmer sind zehn Lernende.,Bildung,a1_counters_1,7,false,counter for people,Noun,There are ten students in the classroom.,vocab_a1_0816
번,beon,Zählwort für Nummer,A1,Nomen,이 버스는 삼 번이에요.,Dieser Bus ist Nummer drei.,Verkehr,a1_counters_1,8,false,counter for number,Noun,This bus is number three.,vocab_a1_0817
살,sal,Zählwort für Alter,A1,Nomen,제 동생은 세 살이에요.,Mein jüngeres Geschwister ist drei Jahre alt.,Familie,a1_counters_1,9,false,counter for age,Noun,My younger sibling is three years old.,vocab_a1_0818
씨,ssi,Herr/Frau (Anrede),A1,Nomen,"마야 씨, 안녕하세요?","Hallo, Maya!",Begrüßung,a1_counters_1,10,false,Mr./Ms. (address),Noun,"Hi, Maya!",vocab_a1_0819
쪽,jjok,"Seite, Stück",A1,Nomen,저는 빵을 한 쪽 먹었어요.,Ich habe eine Scheibe Brot gegessen.,Essen & Trinken,a1_counters_1,11,true,"side, piece",Noun,I ate one slice of bread.,vocab_a1_0820
호,ho,Zählwort für Nummer (Zimmer),A1,Nomen,제 사무실은 오백 호예요.,Mein Büro ist Zimmer 500.,Alltag,a1_counters_1,12,true,counter for number (room),Noun,My office is room 500.,vocab_a1_0821
무슨,museun,was für ein,A1,Adjektiv,이것은 무슨 음식이에요?,Was für ein Essen ist das?,Essen & Trinken,a1_determiners_1,1,false,what kind of,Adjective,What kind of food is this?,vocab_a1_0822
어떤,eotteon,welcher,A1,Adjektiv,어떤 음식 좋아해요?,Welche Art von Essen mögen Sie?,Alltag,a1_determiners_1,2,false,"which, what kind of",Adjective,What kind of food do you like?,vocab_a1_0823
여러,yeoreo,mehrere,A1,Adjektiv,여러 명이 함께 노래해요.,Mehrere Leute singen zusammen.,Freizeit,a1_determiners_1,3,false,several,Adjective,Several people sing together.,vocab_a1_0824
마흔,maheun,vierzig,A1,Nomen,제 아버지는 마흔 살이에요.,Mein Vater ist vierzig Jahre alt.,Familie,a1_determiners_1,4,false,forty,Noun,My father is forty years old.,vocab_a1_0825
백만,baengman,eine Million,A1,Nomen,이 자전거는 백만 원이에요.,Dieses Fahrrad kostet eine Million Won.,Zahlen,a1_determiners_1,5,false,one million,Noun,This bicycle costs one million won.,vocab_a1_0826
서른,seoreun,dreißig,A1,Nomen,제 형은 서른 살이에요.,Mein älterer Bruder ist dreißig Jahre alt.,Familie,a1_determiners_1,6,false,thirty,Noun,My older brother is thirty years old.,vocab_a1_0827
십만,simman,hunderttausend,A1,Nomen,이 가방은 십만 원이에요.,Diese Tasche kostet hunderttausend Won.,Zahlen,a1_determiners_1,7,false,hundred thousand,Noun,This bag is a hundred thousand won.,vocab_a1_0828
아흔,aheun,neunzig,A1,Nomen,제 할머니는 아흔 살이에요.,Meine Großmutter ist neunzig Jahre alt.,Familie,a1_determiners_1,8,false,ninety,Noun,My grandmother is ninety years old.,vocab_a1_0829
여든,yeodeun,achtzig,A1,Nomen,제 할아버지는 여든 살이에요.,Mein Großvater ist achtzig Jahre alt.,Familie,a1_determiners_1,9,true,eighty,Noun,My grandfather is eighty years old.,vocab_a1_0830
일흔,ilheun,siebzig,A1,Nomen,제 선생님은 일흔 살이에요.,Mein Lehrer ist siebzig Jahre alt.,Bildung,a1_determiners_1,10,true,seventy,Noun,My teacher is seventy years old.,vocab_a1_0831
제,je,mein (höflich),A1,Pronomen,이 가방은 제 거예요.,Diese Tasche gehört mir.,Alltag,a1_misc_4,1,false,my (polite),Pronoun,This bag is mine.,vocab_a1_0832
중,jung,während,A1,Nomen,저는 지금 수업 중이에요.,Ich bin gerade im Unterricht.,Beruf,a1_misc_4,2,false,"during, in the middle of",Noun,I am in class right now.,vocab_a1_0833
구십,gusip,neunzig,A1,Nomen,이 버스는 구십 번이에요.,Dieser Bus ist Nummer neunzig.,Zahlen,a1_misc_4,3,false,ninety,Noun,This bus is number ninety.,vocab_a1_0834
스물,seumul,zwanzig (rein-koreanisch),A1,Nomen,제 동생은 올해 스물이에요.,Mein jüngeres Geschwister ist dieses Jahr zwanzig.,Zahlen,a1_misc_4,4,false,twenty (native),Noun,My younger sibling is twenty this year.,vocab_a1_0835
팔십,palsip,achtzig,A1,Nomen,이 건물은 팔십 층이에요.,Dieses Gebäude hat achtzig Stockwerke.,Zahlen,a1_misc_4,5,false,eighty,Noun,This building is eighty floors.,vocab_a1_0836
그래,geurae,"ja, genau (informell)",A1,Ausdruck,"우리 이따 만날까? 그래, 좋아.","Sollen wir uns später treffen? Ja, klingt gut.",Freizeit,a1_misc_4,6,false,"yeah, okay (informal)",Expression,"Shall we meet later? Yeah, sounds good.",vocab_a1_0837
아,a,"ach, oh",A1,Ausdruck,"미안해요! 아, 괜찮아요.","Entschuldigung! Ach, das ist okay.",Alltag,a1_misc_4,7,true,"oh, ah",Expression,"Sorry! Oh, it's okay.",vocab_a1_0838
천,cheon,tausend,A1,Nomen,이 빵은 삼천 원이에요.,Dieses Brot kostet dreitausend Won.,Zahlen,a1_misc_4,8,true,thousand,Noun,This bread is three thousand won.,vocab_a1_0839
억,eok,hundert Millionen,A1,Nomen,이 아파트는 일억 원이에요.,Diese Wohnung kostet hundert Millionen Won.,Zahlen,a1_numbers_2,4,false,hundred million,Noun,This apartment is a hundred million won.,vocab_a1_0840
이사,isa,Umzug,A2,Nomen,다음 달에 이사를 가요.,Nächsten Monat ziehe ich um.,Alltag,a2_daily_1,10,false,move (house),Noun,I'm moving next month.,vocab_a2_0504
정리,jeongni,"Aufräumen, Ordnung",A2,Nomen,방 정리는 내가 할게.,Ich räume das Zimmer auf.,Alltag,a2_daily_1,11,false,"tidying up, organizing",Noun,I will tidy up the room.,vocab_a2_0505
외출,oechul,Ausgehen,A2,Nomen,밤에는 혼자 외출을 안 해요.,Nachts gehe ich nicht allein aus.,Alltag,a2_daily_1,12,false,going out,Noun,I don't go out alone at night.,vocab_a2_0506
빨래,ppallae,Wäsche,A2,Nomen,날씨가 좋아서 빨래가 빨리 말랐어요.,"Das Wetter war schön, deshalb ist die Wäsche schnell getrocknet.",Alltag,a2_daily_2,9,false,laundry,Noun,"The weather was nice, so the laundry dried quickly.",vocab_a2_0507
쓰레기,sseuregi,Müll,A2,Nomen,쓰레기는 아침에 버려요.,Den Müll bringe ich morgens raus.,Alltag,a2_daily_2,10,false,trash,Noun,I take out the trash in the morning.,vocab_a2_0508
버리다,beorida,wegwerfen,A2,Verb,안 입는 옷을 다 버렸어요.,"Ich habe alle Kleidungsstücke weggeworfen, die ich nicht trage.",Alltag,a2_daily_2,11,false,to throw away,Verb,I threw away all the clothes I don't wear.,vocab_a2_0509
낮잠,natjam,Mittagsschlaf,A2,Nomen,주말에는 낮잠을 좀 자요.,Am Wochenende mache ich einen Mittagsschlaf.,Alltag,a2_daily_2,12,false,nap,Noun,On weekends I take a little nap.,vocab_a2_0510
닦다,dakda,"wischen, putzen",A2,Verb,주말마다 창문을 닦아요.,Jedes Wochenende putze ich die Fenster.,Alltag,a2_daily_3,9,false,"to wipe, to clean",Verb,I clean the windows every weekend.,vocab_a2_0511
돌리다,dollida,"laufen lassen, drehen",A2,Verb,청소기 좀 돌리고 나갈게요.,Ich sauge noch kurz und gehe dann raus.,Alltag,a2_daily_3,10,false,"to run (an appliance), to turn",Verb,I'll run the vacuum quickly and then go out.,vocab_a2_0512
마치다,machida,beenden,A2,Verb,숙제를 마치고 텔레비전을 봤어요.,Ich habe die Hausaufgaben beendet und dann ferngesehen.,Alltag,a2_daily_3,11,false,to finish,Verb,I finished my homework and then watched TV.,vocab_a2_0513
갈아입다,garaipda,sich umziehen,A2,Verb,운동하기 전에 옷을 갈아입어요.,"Bevor ich Sport mache, ziehe ich mich um.",Alltag,a2_daily_3,12,false,to change clothes,Verb,I change clothes before exercising.,vocab_a2_0514
걱정,geokjeong,Sorge,A2,Nomen,"크리스티안 씨, 무슨 걱정 있어요? 얘기해도 돼요.","Christian, macht Ihnen etwas Sorgen? Sie können darüber reden, wenn Sie möchten.",Gefühle,a2_feelings_1,9,false,worry,Noun,"Christian, is something worrying you? You can talk about it if you want.",vocab_a2_0515
짜증,jjajeung,"Verdruss, Ärger",A2,Nomen,차가 너무 막혀서 짜증이 났어요.,"Der Stau war so schlimm, dass ich genervt war.",Gefühle,a2_feelings_1,10,false,"annoyance, irritation",Noun,The traffic was so bad that I got annoyed.,vocab_a2_0516
화내다,hwanaeda,wütend werden,A2,Verb,"수진아, 화내지 말고 얘기 좀 해 줘.","Sujin, werd nicht wütend, sag mir einfach, was los ist.",Gefühle,a2_feelings_1,11,false,to get angry,Verb,"Sujin, don't get angry, just tell me what's up.",vocab_a2_0517
깜짝,kkamjjak,plötzlich (erschrocken),A2,Adverb,"준아, 나 정말 깜짝 놀랐어!","Jun, ich habe mich total erschreckt!",Gefühle,a2_feelings_1,12,false,suddenly (startled),Adverb,"Jun, I was totally startled!",vocab_a2_0518
기뻐하다,gippeohada,sich freuen,A2,Verb,합격 소식에 부모님이 정말 기뻐하셨어요.,"Meine Eltern haben sich sehr über die Nachricht gefreut, dass ich bestanden habe.",Gefühle,a2_feelings_2,11,false,"to be glad, to be pleased",Verb,My parents were really happy to hear that I passed.,vocab_a2_0519
슬퍼하다,seulpeohada,traurig sein,A2,Verb,강아지가 아파서 아이가 많이 슬퍼했어요.,"Der Hund war krank, deshalb war das Kind sehr traurig.",Gefühle,a2_feelings_2,12,false,"to be sad, to grieve",Verb,"The dog was sick, so the child was very sad.",vocab_a2_0520
간단하다,gandanhada,einfach,A2,Adjektiv,이 방법은 정말 간단해요.,Diese Methode ist wirklich einfach.,Beschreibung,a2_descriptions_1,9,false,simple,Adjective,This method is really simple.,vocab_a2_0521
착하다,chakhada,"gutherzig, brav",A2,Adjektiv,제 동생은 착해서 다른 사람을 잘 도와줘요.,Mein jüngeres Geschwisterkind ist freundlich und hilft anderen gern.,Beschreibung,a2_descriptions_1,10,false,"kind-hearted, good-natured",Adjective,My younger sibling is kind and likes helping others.,vocab_a2_0522
똑똑하다,ttokttokhada,"klug, schlau",A2,Adjektiv,"대박, 수진 씨 정말 똑똑하네요!","Wow, Sujin, du bist echt clever!",Beschreibung,a2_descriptions_1,11,false,"smart, clever",Adjective,"Wow, Sujin, you're really smart!",vocab_a2_0523
귀찮다,gwichanta,"lästig, mühsam",A2,Adjektiv,비 오는 날은 외출이 귀찮아요.,"An Regentagen ist es mühsam, rauszugehen.",Beschreibung,a2_descriptions_1,12,false,"bothersome, annoying (of a task)",Adjective,"On rainy days, going out is a hassle.",vocab_a2_0524
충분하다,chungbunhada,"ausreichend, genug",A2,Adjektiv,오늘은 이 정도면 충분해요.,Für heute reicht das so aus.,Beschreibung,a2_descriptions_2,11,false,"sufficient, enough",Adjective,This much is enough for today.,vocab_a2_0525
튼튼하다,teunteunhada,"stabil, robust",A2,Adjektiv,이 가방은 오래됐지만 아직 튼튼해요.,"Diese Tasche ist zwar alt, aber immer noch stabil.",Beschreibung,a2_descriptions_2,12,false,"sturdy, strong",Adjective,"This bag is old, but it's still sturdy.",vocab_a2_0526
장마,jangma,Regenzeit,A2,Nomen,여름에는 보통 장마가 시작돼요.,Im Sommer beginnt normalerweise die Regenzeit.,Wetter,a2_weather,10,false,monsoon (rainy season),Noun,The monsoon usually starts in summer.,vocab_a2_0527
안개,angae,Nebel,A2,Nomen,오늘 아침에 안개가 많이 꼈어요.,Heute Morgen lag dichter Nebel.,Wetter,a2_weather,11,false,fog,Noun,There was a lot of fog this morning.,vocab_a2_0528
태풍,taepung,Taifun,A2,Nomen,이번 주말에 태풍이 올 수도 있어요.,Für dieses Wochenende wird möglicherweise ein Taifun erwartet.,Wetter,a2_weather,12,false,typhoon,Noun,A typhoon may come this weekend.,vocab_a2_0529
계단,gyedan,Treppe,A2,Nomen,엘리베이터가 고장 나서 계단으로 올라갔어요.,"Der Aufzug war kaputt, deshalb bin ich die Treppe hochgegangen.",Wohnen,a2_home_1,9,false,stairs,Noun,"The elevator was broken, so I went up the stairs.",vocab_a2_0530
마당,madang,"Hof, Garten",A2,Nomen,마당에 나무를 심었어요.,Ich habe im Garten einen Baum gepflanzt.,Wohnen,a2_home_1,11,false,"yard, courtyard",Noun,I planted a tree in the yard.,vocab_a2_0531
벽,byeok,Wand,A2,Nomen,벽에 가족사진을 걸었어요.,Ich habe ein Familienfoto an die Wand gehängt.,Wohnen,a2_home_1,12,false,wall,Noun,I hung a family photo on the wall.,vocab_a2_0532
낚시,naksi,Angeln,A2,Nomen,아버지랑 강으로 낚시를 갔어요.,Ich war mit meinem Vater am Fluss angeln.,Freizeit,a2_health_misc_1,11,false,fishing,Noun,I went fishing at the river with my father.,vocab_a2_0533
배드민턴,baedeuminteon,Badminton,A2,Nomen,"레나 씨, 저랑 배드민턴 칠래요?","Lena, willst du mit mir Badminton spielen?",Freizeit,a2_health_misc_1,12,false,badminton,Noun,"Lena, do you want to play badminton with me?",vocab_a2_0534
간식,gansik,Snack,A2,Nomen,아이들이 학교에서 오면 간식을 줘요.,"Wenn die Kinder von der Schule kommen, gebe ich ihnen einen Snack.",Essen & Trinken,a2_food_1,11,false,snack,Noun,"When the kids come home from school, I give them a snack.",vocab_a2_0535
재료,jaeryo,Zutat,A2,Nomen,요리하기 전에 재료부터 준비해요.,"Bevor ich koche, bereite ich zuerst die Zutaten vor.",Essen & Trinken,a2_food_1,12,false,ingredient,Noun,"Before cooking, I prepare the ingredients first.",vocab_a2_0536
간장,ganjang,Sojasoße,A2,Nomen,이 국에 간장을 좀 더 넣으세요.,Geben Sie noch etwas mehr Sojasoße in diese Suppe.,Essen & Trinken,a2_food_2,11,false,soy sauce,Noun,Put a bit more soy sauce in this soup.,vocab_a2_0537
기름,gireum,Öl,A2,Nomen,프라이팬에 기름을 먼저 넣어요.,Zuerst gebe ich Öl in die Pfanne.,Essen & Trinken,a2_food_2,12,false,oil,Noun,"First, I put oil in the pan.",vocab_a2_0538
택배,taekbae,Paket(zustellung),A2,Nomen,주문한 택배가 오늘 도착했어요.,Das bestellte Paket ist heute angekommen.,Einkaufen,a2_shopping_1,11,false,parcel delivery,Noun,The parcel I ordered arrived today.,vocab_a2_0539
상품,sangpum,"Ware, Produkt",A2,Nomen,이 상품은 지금 세 개 남았어요.,Von dieser Ware sind jetzt noch drei Stück übrig.,Einkaufen,a2_shopping_1,12,false,"product, goods",Noun,There are only three of this product left now.,vocab_a2_0540
계산,gyesan,"Bezahlen, Berechnung",A2,Nomen,"저기요, 계산 좀 해 주세요.","Entschuldigung, ich würde gern bezahlen.",Einkaufen,a2_shopping_2,11,false,"paying, calculation",Noun,"Excuse me, I would like to pay, please.",vocab_a2_0541
주문,jumun,Bestellung,A2,Nomen,주문이 잘못 들어간 것 같아요.,"Es scheint, dass die Bestellung falsch aufgenommen wurde.",Einkaufen,a2_shopping_2,12,false,order,Noun,It seems the order was entered wrong.,vocab_a2_0542
입학,iphak,"Einschulung, Immatrikulation",A2,Nomen,올해 딸이 초등학교에 입학했어요.,Meine Tochter wurde dieses Jahr eingeschult.,Bildung,a2_education,11,false,"enrollment, matriculation",Noun,My daughter started elementary school this year.,vocab_a2_0543
출석,chulseok,Anwesenheit,A2,Nomen,저는 이 수업 출석을 잘 챙기려고 해요.,"Ich achte darauf, in diesem Kurs regelmäßig da zu sein.",Bildung,a2_education,12,false,attendance,Noun,I am trying to attend this class regularly.,vocab_a2_0544
저금,jeogeum,"Ersparnisse, Sparen",A2,Nomen,매달 조금씩 저금을 해요.,Ich spare jeden Monat ein bisschen.,Geld,a2_money_1,11,false,savings,Noun,I save a little bit every month.,vocab_a2_0545
요금,yogeum,"Gebühr, Tarif",A2,Nomen,이번 달 전화 요금이 많이 나왔어요.,Die Telefonrechnung ist diesen Monat sehr hoch ausgefallen.,Geld,a2_money_1,12,false,"fee, fare",Noun,This month's phone bill came out really high.,vocab_a2_0546
섬,seom,Insel,A2,Nomen,이 섬에는 사람이 많이 안 살아요.,Auf dieser Insel leben nicht viele Menschen.,Natur & Draußen,a2_nature_1,1,false,island,Noun,Not many people live on this island.,vocab_a2_0547
호수,hosu,See,A2,Nomen,호수 주변을 산책했어요.,Ich bin um den See herum spazieren gegangen.,Natur & Draußen,a2_nature_1,2,false,lake,Noun,I took a walk around the lake.,vocab_a2_0548
고모,gomo,Tante (väterlicherseits),A2,Nomen,오늘 저녁에 고모도 오시기로 했어요.,Heute Abend kommt auch meine Tante (väterlicherseits) dazu.,Partnerschaft & koreanische Familie,a2_partner_dinner_talk_1,7,false,paternal aunt,Noun,My aunt is also coming to dinner tonight.,vocab_a2_0549
삼촌,samchon,Onkel,A2,Nomen,삼촌이 맛있는 걸 많이 사 주셨어요.,Mein Onkel hat mir viele leckere Sachen gekauft.,Partnerschaft & koreanische Familie,a2_partner_dinner_talk_1,12,false,uncle,Noun,My uncle bought me a lot of delicious things.,vocab_a2_0550
이모,imo,Tante (mütterlicherseits),A2,Nomen,설날에는 이모 댁에도 가요.,An Seollal besuchen wir auch das Haus meiner Tante (mütterlicherseits).,Partnerschaft & koreanische Familie,a2_partner_seollal_day_1,3,false,maternal aunt,Noun,"On Seollal, we also visit my aunt's house.",vocab_a2_0551
명절,myeongjeol,traditioneller Feiertag,A2,Nomen,이번 명절에는 가족이 다 모여요.,Zu diesem Feiertag kommt die ganze Familie zusammen.,Partnerschaft & koreanische Familie,a2_partner_seollal_day_1,4,false,traditional holiday,Noun,The whole family is gathering for this holiday.,vocab_a2_0552
조카,joka,"Neffe, Nichte",A2,Nomen,추석에 조카들을 오랜만에 만났어요.,An Chuseok habe ich meine Neffen und Nichten nach langer Zeit wiedergesehen.,Partnerschaft & koreanische Familie,a2_partner_chuseok_basic_1,11,false,"nephew, niece",Noun,I saw my nieces and nephews again at Chuseok after a long time.,vocab_a2_0553
이웃,iut,Nachbar,A2,Nomen,고향 이웃들이 저를 알아보는 경우가 있어요.,Manche Nachbarn in meiner Heimatstadt erkennen mich noch.,Partnerschaft & koreanische Familie,a2_partner_hometown_trip_1,4,false,neighbor,Noun,Some neighbors in my hometown still recognize me.,vocab_a2_0554
취소,chwiso,"Absage, Stornierung",A2,Nomen,비가 와서 약속을 취소했어요.,"Es hat geregnet, deshalb habe ich die Verabredung abgesagt.",약속과 일정,a2_plans_proposals_1,11,false,cancellation,Noun,"It rained, so I cancelled the appointment.",vocab_a2_0555
잡다,japda,"festlegen, sich sichern",A2,Verb,회의실을 미리 잡아 놓을게요.,Ich reserviere den Besprechungsraum schon im Voraus.,약속과 일정,a2_plans_proposals_1,12,false,"to set (a time/place), to secure",Verb,I'll reserve the meeting room in advance.,vocab_a2_0556
직장,jikjang,Arbeitsplatz,A2,Nomen,안드레아 씨는 이 직장에서 오래 일하셨어요?,"Andrea, arbeiten Sie schon lange hier?",Beruf,a2_work,7,false,workplace,Noun,"Andrea, have you been working here long?",vocab_a2_0557
전철,jeoncheol,U-Bahn,A2,Nomen,여기서 전철로 세 정거장이에요.,Von hier sind es drei Stationen mit der U-Bahn.,Verkehr,a2_transport,11,false,"subway, electric train",Noun,It's three stops from here by subway.,vocab_a2_0558
소리,sori,"Ton, Geräusch",A2,Nomen,휴대폰에서 이상한 소리가 나요.,Aus meinem Handy kommt ein komisches Geräusch.,Technologie,a2_health_misc_2,12,false,sound,Noun,A strange sound is coming from my phone.,vocab_a2_0559
공무원,gongmuwon,Beamter/Beamtin,A2,Nomen,제 삼촌은 공무원이에요.,Mein Onkel ist Beamter.,Menschen & Berufe,a2_people_jobs_1,5,false,civil servant,Noun,My uncle is a civil servant.,vocab_a2_0560
두통,dutong,Kopfschmerzen,A2,Nomen,두통이 심해서 약국에 왔어요.,"Ich habe starke Kopfschmerzen, deshalb bin ich in die Apotheke gekommen.",Apotheke,a2_pharmacy_ask_1,6,false,headache,Noun,"I have a bad headache, so I came to the pharmacy.",vocab_a2_0561
휴대폰,hyudaepon,Handy,A2,Nomen,휴대폰을 집에 두고 나왔어요.,Ich habe mein Handy zu Hause liegen lassen.,Kommunikation,a2_messenger_phone_1,1,false,mobile phone,Noun,I left my phone at home.,vocab_a2_0562
메시지,mesiji,Nachricht,A2,Nomen,"다니엘 씨, 메시지 보냈는데 확인했어요?","Daniel, ich habe dir eine Nachricht geschickt. Hast du sie gesehen?",Kommunikation,a2_messenger_phone_1,2,false,message,Noun,"Daniel, I sent you a message. Have you seen it?",vocab_a2_0563
메모,memo,Notiz,A2,Nomen,책상 위에 메모를 남겨 놨어요.,Ich habe eine Notiz auf dem Schreibtisch hinterlassen.,Kommunikation,a2_messenger_phone_1,3,false,"memo, note",Noun,I left a note on the desk.,vocab_a2_0564
답장,dapjang,Antwort (Brief/Nachricht),A2,Nomen,현아 씨한테 답장이 아직도 안 왔어요.,Von Hyuna ist immer noch keine Antwort gekommen.,Kommunikation,a2_messenger_phone_1,4,false,reply,Noun,I still haven't gotten a reply from Hyuna.,vocab_a2_0565
연락처,yeollakcheo,Kontaktdaten,A2,Nomen,연락처 좀 남겨 주시겠어요?,Könnten Sie mir bitte Ihre Kontaktdaten hinterlassen?,Kommunikation,a2_messenger_phone_1,5,true,contact information,Noun,"Could you leave your contact information, please?",vocab_a2_0566
끊다,kkeunta,"auflegen, unterbrechen",A2,Verb,죄송한데 전화를 좀 끊을게요.,"Entschuldigung, aber ich muss jetzt auflegen.",Kommunikation,a2_messenger_phone_1,6,true,"to hang up, to cut off",Verb,"Sorry, but I need to hang up now.",vocab_a2_0567
호칭어,hoching-eo,Anredeform,C2,Nomen,대화 분석에서는 이름이나 직함 같은 호칭어가 두 사람의 관계를 드러내는 단서가 될 수 있다.,In der Gesprächsanalyse können Anredeformen wie Namen oder Titel Hinweise auf die Beziehung zwischen zwei Personen geben.,Ehrensprache,c2_honorific_context_1,1,false,term of address,Noun,"In conversation analysis, terms of address such as names or titles can offer clues to the relationship between two people.",vocab_c2_0241
호칭 관습,hoching gwanseup,Anredekonvention,C2,Nomen,"인터뷰 기사는 직원을 모두 이름으로 부르는 회사의 사례를 통해, 수평적인 호칭 관습과 실제 의사결정 구조가 일치하는지 묻는다.","Anhand eines Unternehmens, in dem alle Beschäftigten mit Namen angesprochen werden, fragt der Interviewartikel, ob hierarchiefreie Anredekonventionen mit den tatsächlichen Entscheidungsstrukturen übereinstimmen.",Ehrensprache,c2_honorific_context_1,2,false,address convention,Noun,"Using the example of a company where every employee is addressed by name, the interview article asks whether non-hierarchical address conventions match the actual decision-making structure.",vocab_c2_0242
용례,yongnye,Verwendungsbeispiel,C2,Nomen,같은 높임 표현도 용례를 비교하면 쓰이는 상황의 차이가 보인다.,"Vergleicht man die Verwendungsbeispiele derselben Höflichkeitsform, werden die Unterschiede zwischen den Verwendungssituationen sichtbar.",Ehrensprache,c2_honorific_context_1,3,false,usage example,Noun,Comparing usage examples of the same honorific form reveals differences in when it is used.,vocab_c2_0243
주체 높임,juchae nopim,Ehrerweisung gegenüber dem Subjekt,C2,Nomen,‘선생님께서 오신다’에서는 조사 ‘께서’와 선어말 어미 ‘시’를 통해 주체 높임이 나타난다.,In ‘선생님께서 오신다’ wird die Lehrkraft als Satzsubjekt durch die Partikel ‘께서’ und das Präfinalsuffix ‘시’ sprachlich geehrt.,Ehrensprache,c2_honorific_context_1,4,false,subject honorification,Noun,"In ‘선생님께서 오신다,’ subject honorification is expressed through the particle ‘께서’ and the prefinal ending ‘시.’",vocab_c2_0244
상대 높임법,sangdae nopimbeop,Höflichkeitsform gegenüber der angesprochenen Person,C2,Nomen,"‘선생님이 오세요’와 ‘선생님이 오십니다’는 주체를 똑같이 높이지만, 상대 높임법에서는 격식성의 차이를 보인다.","‘선생님이 오세요’ und ‘선생님이 오십니다’ ehren das Satzsubjekt gleichermaßen, unterscheiden sich aber im Grad der Förmlichkeit gegenüber der angesprochenen Person.",Ehrensprache,c2_honorific_context_1,5,false,addressee honorification,Noun,"‘선생님이 오세요’ and ‘선생님이 오십니다’ honor the subject equally, but differ in formality in their use of addressee honorification.",vocab_c2_0245
종결 표현,jonggyeol pyohyeon,Satzschlussform,C2,Nomen,"대화록에서는 ‘지금 보내세요’가 ‘지금 보내 주시겠어요?’로 수정되어, 종결 표현의 변화가 요청의 어조에 미치는 영향을 보여 준다.","Im Gesprächsprotokoll wird ‘지금 보내세요’ durch ‘지금 보내 주시겠어요?’ ersetzt. Das zeigt, wie eine veränderte Satzschlussform den Ton einer Bitte beeinflusst.",Ehrensprache,c2_honorific_context_1,6,false,sentence-final expression,Noun,"In the transcript, ‘지금 보내세요’ is revised to ‘지금 보내 주시겠어요?’, showing how a change in the sentence-final expression affects the tone of a request.",vocab_c2_0246
격식체,gyeoksikche,formeller Sprechstil,C2,Nomen,"뉴스 진행자는 보도 내용을 전달할 때 격식체를 사용하지만, 인터뷰 상대에게 질문할 때는 해요체로 전환하기도 한다.","Nachrichtenmoderierende verwenden bei der Berichterstattung einen formellen Sprechstil, wechseln bei Fragen an Interviewgäste aber mitunter in den höflichen Haeyo-Stil.",Ehrensprache,c2_honorific_context_1,7,false,formal speech style,Noun,"News presenters use a formal speech style when delivering reports, but sometimes switch to the polite haeyo style when asking interview guests questions.",vocab_c2_0247
발화 의도,balhwa uido,Sprechabsicht,C2,Nomen,"비평문은 소설 속 ‘괜찮아’라는 말의 발화 의도를 위로로 단정하지 않고, 앞선 갈등 장면과 연결해 해석했다.","Die Kritik deutete die Sprechabsicht hinter dem ‘괜찮아’ im Roman im Zusammenhang mit der vorangegangenen Konfliktszene, statt den Satz eindeutig als Trost einzuordnen.",Ehrensprache,c2_honorific_context_1,8,false,communicative intent,Noun,The critical essay interpreted the communicative intent of ‘괜찮아’ in the novel in relation to the preceding conflict scene rather than assuming it was meant as comfort.,vocab_c2_0248
화용론,hwayongnon,Pragmatik,C2,Nomen,화용론은 ‘여기 좀 춥네요’가 단순한 온도 진술인지 창문을 닫아 달라는 요청인지 대화 맥락에서 설명한다.,"Die Pragmatik erklärt anhand des Gesprächskontexts, ob ‘Hier ist es etwas kalt’ lediglich die Temperatur beschreibt oder eine Bitte ist, das Fenster zu schließen.",Ehrensprache,c2_honorific_context_1,9,false,pragmatics,Noun,Pragmatics uses the conversational context to explain whether ‘It's a little cold in here’ is simply a statement about temperature or a request to close the window.,vocab_c2_0249
간접성,ganjeopseong,Indirektheit,C2,Nomen,"논문은 부탁의 간접성이 배려로 받아들여질 수 있지만, 위계가 강한 조직에서는 오히려 압박으로 해석될 수 있다고 분석한다.","Die Studie legt dar, dass indirekte Bitten als rücksichtsvoll verstanden werden können, in stark hierarchischen Organisationen aber auch als Druck.",Ehrensprache,c2_honorific_context_1,10,true,indirectness,Noun,"The paper argues that indirectness in a request may be taken as consideration, but can instead be interpreted as pressure in a strongly hierarchical organization.",vocab_c2_0250
발화 전략,balhwa jeollyak,Sprechstrategie,C2,Nomen,토론에서는 상대의 결론을 곧바로 반박하기에 앞서 전제부터 확인하는 발화 전략으로 쟁점을 좁혔다.,"In der Debatte wurde der Streitpunkt mit einer Sprechstrategie eingegrenzt, die zunächst die Prämissen prüfte, statt sofort die Schlussfolgerung des Gegenübers zu widerlegen.",Ehrensprache,c2_honorific_context_1,11,true,communication strategy,Noun,The discussion narrowed the point of contention through a communication strategy that checked the premises before directly challenging the other side's conclusion.,vocab_c2_0251
상황 의존성,sanghwang uijonseong,Situationsabhängigkeit,C2,Nomen,"교재는 ‘잘하셨네요’가 칭찬과 비꼼으로 모두 쓰일 수 있다는 예를 들어, 의미 해석의 상황 의존성을 설명한다.","Das Lehrbuch erklärt die Situationsabhängigkeit der Bedeutungsinterpretation am Beispiel von ‘잘하셨네요’, das sowohl als Lob als auch als Spott verwendet werden kann.",Ehrensprache,c2_honorific_context_1,12,true,context dependence,Noun,"The textbook explains context dependence in interpreting meaning through the example of ‘잘하셨네요’, which can be used both as praise and as sarcasm.",vocab_c2_0252
필요조건,pillyo jogeon,notwendige Bedingung,C2,Nomen,"원고 제출은 논문 심사의 필요조건이지만, 그것만으로 게재가 보장되지는 않는다.","Die Einreichung eines Manuskripts ist eine notwendige Bedingung für die Begutachtung einer wissenschaftlichen Arbeit, garantiert aber noch keine Veröffentlichung.",Argumentation und Verfahrensgestaltung,c2_argument_scope_1,1,false,necessary condition,Noun,"Submitting a manuscript is a necessary condition for peer review, but it does not guarantee publication.",vocab_c2_0253
충분조건,chungbun jogeon,hinreichende Bedingung,C2,Nomen,어떤 정수가 4의 배수라는 사실은 그 정수가 짝수이기 위한 충분조건이지만 필요조건은 아니다.,"Dass eine ganze Zahl durch vier teilbar ist, ist eine hinreichende, aber keine notwendige Bedingung dafür, dass sie gerade ist.",Argumentation und Verfahrensgestaltung,c2_argument_scope_1,2,false,sufficient condition,Noun,"An integer being a multiple of four is a sufficient, but not necessary, condition for it to be even.",vocab_c2_0254
경계 사례,gyeonggye sarye,Grenzfall,C2,Nomen,"연구진은 찬반으로 나누기 어려운 경계 사례를 별도로 분석해, 기존 분류 기준의 한계를 검토했다.","Das Forschungsteam analysierte Grenzfälle, die sich nur schwer in Zustimmung oder Ablehnung einordnen ließen, gesondert und untersuchte so die Grenzen der bisherigen Klassifikationskriterien.",Argumentation und Verfahrensgestaltung,c2_argument_scope_1,3,false,borderline case,Noun,"The research team separately analyzed borderline cases that were difficult to classify as support or opposition, examining the limitations of the existing classification criteria.",vocab_c2_0255
논리적 귀결,nollijeok gwigyeol,logische Folge,C2,Nomen,평균 소득이 올랐다는 사실만으로 모든 가구의 생활이 나아졌다는 결론을 논리적 귀결로 볼 수는 없다.,"Aus einem höheren Durchschnittseinkommen folgt nicht logisch, dass es jedem Haushalt besser geht.",Argumentation und Verfahrensgestaltung,c2_argument_scope_1,4,false,logical consequence,Noun,A rise in average income does not logically imply that every household is better off.,vocab_c2_0256
적용 범위,jeogyong beomwi,Geltungsbereich,C2,Nomen,"개정안은 규정의 적용 범위를 공공 기관으로 한정하되, 민간 위탁 업무도 포함할지는 추가로 논의하도록 했다.","Der Änderungsvorschlag beschränkt den Geltungsbereich der Regelung auf öffentliche Einrichtungen; ob auch an private Stellen ausgelagerte Aufgaben einbezogen werden, soll noch diskutiert werden.",Argumentation und Verfahrensgestaltung,c2_argument_scope_1,5,false,scope of application,Noun,"The proposed amendment limits the scope of the regulation to public institutions, while leaving the inclusion of privately contracted services for further discussion.",vocab_c2_0257
단서 조항,danseo johang,Ausnahmeklausel,C2,Nomen,계약서에는 자료의 외부 제공을 금지하면서도 연구 목적의 사용은 별도 승인을 거쳐 허용한다는 단서 조항이 있다.,"Der Vertrag untersagt die Weitergabe von Unterlagen an Außenstehende, enthält aber eine Ausnahmeklausel für die Nutzung zu Forschungszwecken nach gesonderter Genehmigung.",Argumentation und Verfahrensgestaltung,c2_argument_scope_1,6,false,proviso,Noun,"The contract prohibits sharing the material externally, but includes a proviso allowing its use for research purposes with separate approval.",vocab_c2_0258
자격 요건,jagyeok yogeon,Voraussetzung; Qualifikationsanforderung,C2,Nomen,"채용 공고는 학위와 실무 경력을 자격 요건으로 제시하되, 두 요건을 모두 충족해야 하는지는 명확히 밝히지 않았다.","Die Stellenanzeige nennt einen Hochschulabschluss und Berufserfahrung als Voraussetzungen, lässt aber offen, ob beide erfüllt sein müssen.",Argumentation und Verfahrensgestaltung,c2_argument_scope_1,7,false,eligibility requirement,Noun,"The job advertisement lists a degree and practical experience as eligibility requirements, but does not clearly state whether both must be met.",vocab_c2_0259
규범,gyubeom,Norm,C2,Nomen,"책은 시대마다 달라지는 가족 규범을 비교하며, 특정한 가족 형태를 보편적 기준으로 삼을 수 있는지 묻는다.","Das Buch vergleicht Familiennormen aus verschiedenen Epochen und fragt, ob eine bestimmte Familienform als universeller Maßstab dienen kann.",Argumentation und Verfahrensgestaltung,c2_argument_scope_1,8,false,norm,Noun,The book compares family norms across different periods and asks whether a particular family form can serve as a universal standard.,vocab_c2_0260
범위를 한정하다,beomwireul hanjeonghada,den Umfang eingrenzen,C2,Verb,"연구진은 분석 범위를 수도권의 대중교통 이용자로 한정하고, 결과를 전국에 일반화하는 데에는 신중해야 한다고 밝혔다.","Das Forschungsteam beschränkte die Analyse auf Personen, die im Hauptstadtgebiet öffentliche Verkehrsmittel nutzen, und erklärte, dass die Ergebnisse nur mit Vorsicht auf das ganze Land übertragen werden sollten.",Argumentation und Verfahrensgestaltung,c2_argument_scope_1,9,false,to limit the scope,Verb,The research team limited the analysis to public transport users in the capital region and stated that caution was needed in generalizing the findings nationwide.,vocab_c2_0261
단서를 달다,danseoreul dalda,einen Vorbehalt formulieren,C2,Verb,"보고서는 재택근무가 생산성을 높였다는 결론에, 조사 대상이 사무직에 한정돼 있다는 단서를 달았다.","Der Bericht versah die Schlussfolgerung, dass Arbeit im Homeoffice die Produktivität erhöht habe, mit dem Vorbehalt, dass nur Büroangestellte untersucht worden waren.",Argumentation und Verfahrensgestaltung,c2_argument_scope_1,10,true,to add a caveat,Verb,The report added a caveat to its conclusion that working from home had increased productivity: the study had covered only office workers.,vocab_c2_0262
맥락을 살피다,maengnageul salpida,den Kontext prüfen,C2,Verb,"문학 평론은 등장인물의 침묵을 동의로 해석하기에 앞서, 그가 말할 수 없었던 사회적 맥락을 살펴야 한다고 강조한다.","Die Literaturkritik betont, dass vor einer Deutung des Schweigens einer Figur als Zustimmung der gesellschaftliche Kontext betrachtet werden muss, in dem diese Figur nicht sprechen konnte.",Argumentation und Verfahrensgestaltung,c2_argument_scope_1,11,true,to examine the context,Verb,"The literary commentary emphasizes that before interpreting a character's silence as agreement, one must examine the social context that prevented the character from speaking.",vocab_c2_0263
한데 묶다,hande mukda,zusammenfassen,C2,Verb,"칼럼은 실업과 불안정 고용을 한데 묶어 설명하면, 일자리가 없는 문제와 일자리의 질 문제를 구분하기 어렵다고 지적한다.","Die Kolumne weist darauf hin, dass sich fehlende Arbeitsplätze und die Qualität vorhandener Arbeitsplätze schwer auseinanderhalten lassen, wenn Arbeitslosigkeit und unsichere Beschäftigung zusammengefasst werden.",Argumentation und Verfahrensgestaltung,c2_argument_scope_1,12,true,to group together,Verb,The column points out that grouping unemployment and insecure employment together makes it difficult to distinguish a lack of jobs from problems with job quality.,vocab_c2_0264
