grade,headword,homograph,pos,guide,band
1,가게,0,명사,가게에 가다,초급
1,가격,2,명사,가격이 비싸다,초급
1,가구,2,명사,가구를 놓다,초급
1,가깝다,0,형용사,거리가 가깝다,초급
1,가다,1,동사,학교에 가다,초급
1,가르치다,0,동사,한국어를 가르치다,초급
1,가방,0,명사,가방을 메다,초급
1,가볍다,0,형용사,짐이 가볍다,초급
1,가수,0,명사,가수가 되다,초급
1,가요,0,명사,가요를 부르다,초급
1,가운데,0,명사,가운데 자리,초급
1,가을,0,명사,계절,초급
1,가장,1,부사,가장 좋다,초급
1,가족,0,명사,우리 가족,초급
1,가지,3,의존명사,여러 가지,초급
1,가지다,1,동사,돈을 가지다,초급
1,갈비,0,명사,갈비를 먹다,초급
1,갈비탕,0,명사,갈비탕을 먹다,초급
1,갈아타다,0,동사,지하철을 갈아타다,초급
1,감,1,명사,과일,초급
1,감기,0,명사,감기에 걸리다,초급
1,감사,1,명사,감사 인사,초급
1,값,0,명사,값을 깎다,초급
1,같다,0,형용사,서로 같다,초급
1,같이,1,부사,같이 살다,초급
1,개,1,명사,동물,초급
1,개,3,의존명사,사과 한 개,초급
1,거기,0,대명사,거기에 있다,초급
1,거실,0,명사,거실에 모이다,초급
1,건강,0,명사,건강 검진,초급
1,건너편,0,명사,건너편으로 가다,초급
1,건물,0,명사,건물을 짓다,초급
1,걷다,2,동사,길을 걷다,초급
1,걸다,2,동사,그림을 걸다,초급
1,걸리다,1,동사,그림이 걸리다,초급
1,것,0,의존명사,먹을 것,초급
1,게임,0,명사,컴퓨터 게임,초급
1,겨울,0,명사,계절,초급
1,계속,1,명사,계속 달리다,초급
1,계속,2,부사,계속 달리다,초급
1,계시다,1,동사,한국에 계시다,초급
1,계절,0,명사,계절이 바뀌다,초급
1,계획,0,명사,계획을 세우다,초급
1,고기,1,명사,고기를 먹다,초급
1,고르다,1,동사,선물을 고르다,초급
1,고맙다,1,형용사,고마운 마음,초급
1,고양이,0,명사,고양이를 기르다,초급
1,고프다,0,형용사,배가 고프다,초급
1,고향,0,명사,고향에 가다,초급
1,곳,0,명사,어느 곳,초급
1,공부,0,명사,외국어 공부,초급
1,공원,2,명사,공원에서 놀다,초급
1,공책,0,명사,공책에 쓰다,초급
1,공항,0,명사,공항 터미널,초급
1,과일,0,명사,과일을 깎다,초급
1,괜찮다,0,형용사,성격이 괜찮다,초급
1,교실,0,명사,교실에서 수업하다,초급
1,교통,0,명사,교통이 편리하다,초급
1,구,1,수사,숫자,초급
1,구,2,관형사,숫자,초급
1,구경,0,명사,구경을 가다,초급
1,구두,1,명사,구두를 신다,초급
1,구십,1,수사,숫자,초급
1,구십,2,관형사,숫자,초급
1,구월,0,명사,달,초급
1,국적,0,명사,대한민국 국적,초급
1,권,0,의존명사,책 한 권,초급
1,귀,1,명사,귀로 듣다,초급
1,귤,0,명사,귤을 까다,초급
1,그,1,대명사,그 사람,초급
1,그,2,관형사,그 사람,초급
1,그것,0,대명사,,초급
1,그래,1,감탄사,,초급
1,그래서,1,부사,,초급
1,그러니까,0,부사,,초급
1,그러면,1,부사,,초급
1,그런데,1,부사,,초급
1,그럼,1,부사,,초급
1,그럼,3,감탄사,,초급
1,그렇다,0,형용사,그런 사람,초급
1,그렇지만,0,부사,,초급
1,그릇,0,명사,그릇에 담다,초급
1,그리고,0,부사,,초급
1,그리다,2,동사,그림을 그리다,초급
1,그림,0,명사,그림을 그리다,초급
1,그저께,1,명사,그저께 밤,초급
1,그저께,2,부사,그저께 밤,초급
1,그쪽,0,대명사,,초급
1,극장,0,명사,극장에서 상영하다,초급
1,근처,0,명사,집 근처,초급
1,글,0,명사,글을 쓰다,초급
1,글쎄요,0,감탄사,,초급
1,금요일,0,명사,요일,초급
1,기간,2,명사,기간이 지나다,초급
1,기다리다,0,동사,버스를 기다리다,초급
1,기분,0,명사,기분이 좋다,초급
1,기쁘다,0,형용사,기쁜 일,초급
1,기숙사,0,명사,기숙사에서 살다,초급
1,기차,0,명사,기차를 타다,초급
1,길,1,명사,길이 막히다,초급
1,길다,2,형용사,다리가 길다,초급
1,김밥,0,명사,김밥을 싸다,초급
1,김치,0,명사,김치를 담그다,초급
1,김치찌개,0,명사,김치찌개를 끓이다,초급
1,깨끗하다,0,형용사,옷이 깨끗하다,초급
1,꼭,2,부사,꼭 필요하다,초급
1,꽃,0,명사,꽃이 피다,초급
1,끄다,0,동사,불을 끄다,초급
1,끝나다,0,동사,수업이 끝나다,초급
1,나,0,명사,나와 너,초급
1,나,1,대명사,나와 너,초급
1,나가다,1,동사,밖으로 나가다,초급
1,나다,1,동사,수염이 나다,초급
1,나라,0,명사,이웃 나라,초급
1,나무,0,명사,나무를 심다,초급
1,나쁘다,0,형용사,공기가 나쁘다,초급
1,나오다,0,동사,밖에 나오다,초급
1,나중,0,명사,나중에 깨닫다,초급
1,날,1,명사,마지막 날,초급
1,날,2,의존명사,마지막 날,초급
1,날씨,0,명사,날씨가 좋다,초급
1,날짜,0,명사,날짜를 정하다,초급
1,남대문,0,명사,고적,초급
1,남동생,0,명사,남동생을 돌보다,초급
1,남산,0,명사,지명,초급
1,남자,2,명사,남자 친구,초급
1,남편,0,명사,남편과 아내,초급
1,낮,0,명사,낮과 밤,초급
1,낮다,0,형용사,산이 낮다,초급
1,내,3,대명사,,초급
1,내년,0,명사,내년 여름,초급
1,내리다,0,동사,비가 내리다,초급
1,내일,1,명사,내일 아침,초급
1,내일,2,부사,내일 아침,초급
1,냉면,0,명사,냉면을 먹다,초급
1,너,1,대명사,,초급
1,너무,0,부사,너무 심하다,초급
1,넓다,0,형용사,집이 넓다,초급
1,넣다,0,동사,책을 넣다,초급
1,네,2,관형사,숫자,초급
1,네,3,감탄사,,초급
1,넷,0,수사,숫자,초급
1,년,2,의존명사,일 년,초급
1,노래,0,명사,노래를 부르다,초급
1,노래방,0,명사,노래방에 가다,초급
1,놀다,0,동사,친구와 놀다,초급
1,농구,0,명사,농구 경기,초급
1,높다,0,형용사,산이 높다,초급
1,누구,0,대명사,,초급
1,누나,0,명사,사촌 누나,초급
1,눈,1,명사,눈이 작다,초급
1,눈,4,명사,눈이 내리다,초급
1,뉴스,0,명사,뉴스를 보다,초급
1,늦다,1,동사,약속 시간에 늦다,초급
1,늦다,2,형용사,약속 시간에 늦다,초급
1,다,1,부사,모두,초급
1,다,2,명사,모두,초급
1,다녀오다,0,동사,학교에 다녀오다,초급
1,다니다,0,동사,회사에 다니다,초급
1,다르다,0,형용사,모양이 다르다,초급
1,다른,0,관형사,다른 나라,초급
1,다리,1,명사,다리가 길다,초급
1,다섯,1,관형사,숫자,초급
1,다섯,2,수사,숫자,초급
1,다시,0,부사,다시 시작하다,초급
1,다음,0,명사,다음 날,초급
1,단어,0,명사,단어를 외우다,초급
1,닫다,0,동사,문을 닫다,초급
1,달,1,명사,다음 달,초급
1,달,2,의존명사,다음 달,초급
1,달다,5,형용사,맛이 달다,초급
1,담배,0,명사,담배를 피우다,초급
1,대답,0,명사,대답이 없다,초급
1,대사관,0,명사,미국 대사관,초급
1,대학,0,명사,대학에 들어가다,초급
1,대학교,0,명사,대학교에 입학하다,초급
1,대학생,0,명사,대학생이 되다,초급
1,대화,0,명사,대화를 나누다,초급
1,더,0,부사,하나 더,초급
1,덥다,0,형용사,날씨가 덥다,초급
1,도서관,0,명사,도서관에서 공부하다,초급
1,도와주다,0,동사,일을 도와주다,초급
1,도착,1,명사,도착 시간,초급
1,독일,0,명사,나라,초급
1,돈,1,명사,돈을 벌다,초급
1,돌아가다,0,동사,바퀴가 돌아가다,초급
1,돌아오다,0,동사,학교에서 돌아오다,초급
1,돕다,0,동사,아버지를 돕다,초급
1,동대문,0,명사,고적,초급
1,동생,0,명사,동생이 태어나다,초급
1,동안,1,명사,며칠 동안,초급
1,되다,1,동사,배우가 되다,초급
1,된장찌개,0,명사,된장찌개를 끓이다,초급
1,두,1,관형사,숫자,초급
1,둘,0,수사,숫자,초급
1,뒤,0,명사,뒤에 있다,초급
1,드라마,0,명사,드라마를 보다,초급
1,드리다,1,동사,용돈을 드리다,초급
1,듣다,1,동사,음악을 듣다,초급
1,들다,1,동사,돈이 들다,초급
1,들다,4,동사,가방을 들다,초급
1,들어가다,0,동사,방으로 들어가다,초급
1,들어오다,0,동사,일찍 들어오다,초급
1,등산,0,명사,등산을 가다,초급
1,따뜻하다,0,형용사,날씨가 따뜻하다,초급
1,딸,0,명사,딸이 태어나다,초급
1,딸기,0,명사,딸기 잼,초급
1,때,1,의존명사,어릴 때,초급
1,떡볶이,0,명사,떡볶이 일 인분,초급
1,또,0,부사,또 생기다,초급
1,라면,0,명사,라면을 끓이다,초급
1,러시아,0,명사,나라,초급
1,마리,0,의존명사,토끼 한 마리,초급
1,마시다,0,동사,물을 마시다,초급
1,마음,0,명사,마음이 넓다,초급
1,마흔02∙마흔,1,수사∙관형사,숫자,초급
1,만,3,관형사,숫자,초급
1,만,4,수사,숫자,초급
1,만나다,0,동사,친구와 만나다,초급
1,만들다,0,동사,음식을 만들다,초급
1,많다,0,형용사,돈이 많다,초급
1,많이,0,부사,많이 사다,초급
1,말,1,명사,말을 더듬다,초급
1,말다,3,동사,잊지 말다,초급
1,말레이시아,0,명사,나라,초급
1,말씀,0,명사,감사의 말씀,초급
1,맑다,0,형용사,물이 맑다,초급
1,맛,0,명사,맛이 달다,초급
1,맛없다,0,형용사,음식이 맛없다,초급
1,맛있다,0,형용사,맛있는 음식,초급
1,맞다,1,동사,답이 맞다,초급
1,매일,1,명사,매일 만나다,초급
1,매일,2,부사,매일 만나다,초급
1,맵다,0,형용사,고추가 맵다,초급
1,머리,0,명사,머리가 크다,초급
1,먹다,2,동사,아침을 먹다,초급
1,먼저,1,명사,먼저 가다,초급
1,먼저,2,부사,먼저 가다,초급
1,멀다,2,형용사,먼 나라,초급
1,멋있다,0,형용사,멋있는 남자,초급
1,메뉴,0,명사,메뉴를 고르다,초급
1,며칠,0,명사,며칠 동안,초급
1,명,2,의존명사,한 명,초급
1,몇,1,수사,몇 개,초급
1,몇,2,관형사,몇 개,초급
1,모두,1,명사,모두 함께,초급
1,모두,2,부사,모두 함께,초급
1,모레,1,명사,내일 모레,초급
1,모레,2,부사,내일 모레,초급
1,모르다,0,동사,규칙을 모르다,초급
1,모자,2,명사,모자를 쓰다,초급
1,목,1,명사,몸,초급
1,목요일,0,명사,요일,초급
1,목욕탕,0,명사,목욕탕에서 씻다,초급
1,몸,0,명사,몸이 건강하다,초급
1,못,2,부사,못 마시다,초급
1,못하다,1,동사,노래를 못하다,초급
1,못하다,2,형용사,노래를 못하다,초급
1,몽골,0,명사,나라,초급
1,무겁다,0,형용사,무거운 가방,초급
1,무슨,0,관형사,무슨 요일,초급
1,무엇,0,대명사,,초급
1,문,2,명사,문을 열다,초급
1,문화,0,명사,한국 문화,초급
1,묻다,3,동사,길을 묻다,초급
1,물,1,명사,물을 마시다,초급
1,물건,0,명사,남의 물건,초급
1,뭐,1,대명사,,초급
1,미국,0,명사,나라,초급
1,미안,0,명사,미안한 마음,초급
1,미용실,0,명사,미용실을 차리다,초급
1,밑,0,명사,책상 밑,초급
1,바꾸다,0,동사,달러를 원화로 바꾸다,초급
1,바나나,0,명사,과일,초급
1,바다,0,명사,바다를 건너다,초급
1,바람,1,명사,바람이 불다,초급
1,바로,0,부사,바로 시작하다,초급
1,바쁘다,0,형용사,바쁜 생활,초급
1,바지,0,명사,바지를 입다,초급
1,박물관,0,명사,박물관을 관람하다,초급
1,밖,0,명사,안과 밖,초급
1,반,1,명사,절반,초급
1,반,2,명사,우리 반,초급
1,반갑다,0,형용사,반가운 손님,초급
1,받다,1,동사,선물을 받다,초급
1,발,1,명사,발로 차다,초급
1,밤,1,명사,밤이 깊다,초급
1,밥,0,명사,밥을 짓다,초급
1,방,1,명사,방을 청소하다,초급
1,방학,0,명사,겨울 방학,초급
1,배,1,명사,배가 고프다,초급
1,배,2,명사,배를 타다,초급
1,배,3,명사,배를 먹다,초급
1,배우,0,명사,뮤지컬 배우,초급
1,배우다,0,동사,말을 배우다,초급
1,백02∙백,1,수사∙관형사,숫자,초급
1,백만02∙백만,1,수사∙관형사,숫자,초급
1,백화점,0,명사,백화점 판매,초급
1,버스,0,명사,버스를 타다,초급
1,번,0,의존명사,첫째 번,초급
1,번호,0,명사,여권 번호,초급
1,베트남,0,명사,나라,초급
1,별로,1,부사,별로 없다,초급
1,병,1,명사,병에 걸리다,초급
1,병,2,명사,병에 담다,초급
1,병원,0,명사,병원에 가다,초급
1,보내다,0,동사,편지를 보내다,초급
1,보다,1,동사,밖을 보다,초급
1,보다,4,부사,보다 높게,초급
1,보통,1,부사,보통 사람,초급
1,보통,2,명사,보통 사람,초급
1,볼펜,0,명사,빨간색 볼펜,초급
1,봄,0,명사,계절,초급
1,부르다,1,동사,친구를 부르다,초급
1,부모님,0,명사,부모님께 효도하다,초급
1,부산,2,명사,지명,초급
1,부엌,0,명사,집,초급
1,부탁,0,명사,부탁을 드리다,초급
1,분,1,의존명사,아는 분,초급
1,분,2,의존명사,60분,초급
1,불,1,명사,불에 태우다,초급
1,불고기,0,명사,음식,초급
1,불다,0,동사,바람이 불다,초급
1,비,1,명사,비가 오다,초급
1,비빔밥,0,명사,음식,초급
1,비싸다,0,형용사,비싼 물건,초급
1,비행기,0,명사,비행기를 타다,초급
1,빌리다,0,동사,돈을 빌리다,초급
1,빠르다,0,형용사,걸음이 빠르다,초급
1,빨리,0,부사,빨리 걷다,초급
1,빵,1,명사,빵을 먹다,초급
1,사,1,수사,숫자,초급
1,사,2,관형사,숫자,초급
1,사과,1,명사,과일,초급
1,사귀다,0,동사,친구를 사귀다,초급
1,사다,0,동사,물건을 사다,초급
1,사람,0,명사,사람과 동물,초급
1,사랑,1,명사,사랑에 빠지다,초급
1,사무실,0,명사,사무실에 출근하다,초급
1,사십,1,수사,숫자,초급
1,사십,2,관형사,숫자,초급
1,사용,0,명사,사용 방법,초급
1,사월,0,명사,달,초급
1,사이,0,명사,사이에 끼다,초급
1,사이다,0,명사,사이다를 마시다,초급
1,사전,2,명사,사전을 찾다,초급
1,사진,0,명사,졸업 사진,초급
1,산,1,명사,산에 오르다,초급
1,산책,0,명사,공원 산책,초급
1,살,3,의존명사,세 살,초급
1,살다,0,동사,오래 살다,초급
1,삼,1,수사,삼 년,초급
1,삼,2,관형사,삼 년,초급
1,삼계탕,0,명사,음식,초급
1,삼십,1,수사,숫자,초급
1,삼십,2,관형사,숫자,초급
1,삼월,0,명사,달,초급
1,생각,0,명사,기억,초급
1,생신,0,명사,생일,초급
1,생일,0,명사,생일 파티,초급
1,생활,0,명사,직장 생활,초급
1,샤워,0,명사,찬물 샤워,초급
1,서른02·서른,1,수사·관형사,숫자,초급
1,서울,0,명사,지명,초급
1,서점,0,명사,대형 서점,초급
1,선물,0,명사,선물을 받다,초급
1,선생님,0,명사,국어 선생님,초급
1,설명,0,명사,설명을 듣다,초급
1,세,1,관형사,숫자,초급
1,세수,1,명사,고양이 세수,초급
1,셋,0,수사,숫자,초급
1,소개,0,명사,직업 소개,초급
1,소금,0,명사,소금이 짜다,초급
1,손,1,명사,손과 발,초급
1,손님,0,명사,손님을 받다,초급
1,쇼핑,0,명사,쇼핑을 가다,초급
1,수박,0,명사,수박을 먹다,초급
1,수업,2,명사,수업을 받다,초급
1,수영,0,명사,수영 선수,초급
1,수영장,0,명사,수영장에 다니다,초급
1,수요일,0,명사,요일,초급
1,수첩,0,명사,수첩에 기록하다,초급
1,숙제,0,명사,숙제 검사,초급
1,술,1,명사,술에 취하다,초급
1,쉬다,3,동사,푹 쉬다,초급
1,쉽다,0,형용사,문제가 쉽다,초급
1,슈퍼마켓,0,명사,대형 슈퍼마켓,초급
1,스물,0,수사,숫자,초급
1,스키,0,명사,스키를 신다,초급
1,슬프다,0,형용사,슬픈 얼굴,초급
1,시,2,명사,몇 시/태어난 시,초급
1,시,3,의존명사,몇 시/태어난 시,초급
1,시간,1,명사,시간이 걸리다,초급
1,시간,2,의존명사,시간이 걸리다,초급
1,시다,0,형용사,귤이 시다,초급
1,시원하다,0,형용사,공기가 시원하다,초급
1,시월,0,명사,달,초급
1,시작,1,명사,시작 단계,초급
1,시장,2,명사,도매 시장,초급
1,시청,1,명사,시청 공무원,초급
1,시키다,0,동사,일을 시키다,초급
1,시험,0,명사,시험을 보다,초급
1,식당,0,명사,식당 음식,초급
1,식사,0,명사,식사를 대접하다,초급
1,신다,0,동사,신을 신다,초급
1,신문,2,명사,신문을 구독하다,초급
1,신발,0,명사,가죽 신발,초급
1,실례,1,명사,실례가 되다,초급
1,싫다,0,형용사,싫은 일,초급
1,싫어하다,0,동사,몹시 싫어하다,초급
1,십,1,수사,숫자,초급
1,십,2,관형사,숫자,초급
1,십만,1,관형사,숫자,초급
1,십만,2,수사,숫자,초급
1,십이월,0,명사,달,초급
1,십일월,0,명사,달,초급
1,싱겁다,0,형용사,국물이 싱겁다,초급
1,싸다,3,형용사,가격이 싸다,초급
1,쓰다,1,동사,글자를 쓰다,초급
1,쓰다,3,동사,컴퓨터를 쓰다,초급
1,쓰다,4,형용사,쓴 약,초급
1,씨,2,의존명사,마이클 씨,초급
1,씻다,0,동사,손을 씻다,초급
1,아,2,감탄사,,초급
1,아기,0,명사,아기가 울다,초급
1,아내,0,명사,아내와 남편,초급
1,아니다,0,형용사,사실이 아니다,초급
1,아니요,0,감탄사,,초급
1,아래,0,명사,불빛 아래,초급
1,아르바이트,0,명사,아르바이트를 구하다,초급
1,아름답다,0,형용사,아름다운 목소리,초급
1,아버지,0,명사,아버지와 어머니,초급
1,아이,1,명사,어린 아이,초급
1,아이스크림,0,명사,아이스크림을 먹다,초급
1,아저씨,0,명사,아저씨와 아줌마,초급
1,아주,1,부사,아주 똑똑하다,초급
1,아주머니,0,명사,동네 아주머니,초급
1,아직,0,부사,아직 없다,초급
1,아침,0,명사,아침 햇살,초급
1,아파트,0,명사,아파트에 살다,초급
1,아프다,0,형용사,배가 아프다,초급
1,아홉,1,관형사,숫자,초급
1,아홉,2,수사,숫자,초급
1,아흔,1,관형사,숫자,초급
1,아흔,2,수사,숫자,초급
1,안,1,명사,상자 안,초급
1,안,2,부사,안 춥다,초급
1,안경,0,명사,안경을 쓰다,초급
1,안내,0,명사,안내 방송,초급
1,안녕,2,감탄사,,초급
1,안녕히,0,부사,안녕히 계세요,초급
1,앉다,0,동사,의자에 앉다,초급
1,알다,0,동사,사실을 알다,초급
1,알리다,0,동사,사실을 알리다,초급
1,앞,0,명사,학교 앞,초급
1,야구,0,명사,야구 경기,초급
1,약,2,관형사,약 1시간,초급
1,약,3,명사,약을 복용하다,초급
1,약국,0,명사,약국에 가다,초급
1,약속,0,명사,약속을 지키다,초급
1,어느,0,관형사,어느 나라,초급
1,어디,1,대명사,,초급
1,어떤,0,관형사,어떤 일,초급
1,어떻다,0,형용사,근황이 어떻다,초급
1,어렵다,0,형용사,문제가 어렵다,초급
1,어머니,0,명사,어머니와 아버지,초급
1,어서,0,부사,어서 가다,초급
1,어제,1,명사,어제와 오늘,초급
1,어제,2,부사,어제와 오늘,초급
1,억,2,관형사,숫자,초급
1,억,3,수사,숫자,초급
1,언니,0,명사,언니와 동생,초급
1,언제,1,대명사,,초급
1,언제,2,부사,,초급
1,얼굴,0,명사,갸름한 얼굴,초급
1,얼마,0,명사,얼마예요?,초급
1,얼마나,0,부사,얼마나 예쁜지,초급
1,없다,0,형용사,돈이 없다,초급
1,에어컨,0,명사,에어컨을 켜다,초급
1,여권,2,명사,여권을 발급하다,초급
1,여기,0,대명사,,초급
1,여덟,1,관형사,숫자,초급
1,여덟,2,수사,숫자,초급
1,여동생,0,명사,여동생을 두다,초급
1,여든,1,관형사,숫자,초급
1,여든,2,수사,숫자,초급
1,여러,0,관형사,여러 나라,초급
1,여러분,0,대명사,,초급
1,여름,0,명사,무더운 여름,초급
1,여보세요,0,감탄사,,초급
1,여섯,1,관형사,숫자,초급
1,여섯,2,수사,숫자,초급
1,여자,0,명사,예쁜 여자,초급
1,여행,0,명사,여행 경비,초급
1,여행사,0,명사,여행사 상품,초급
1,역,3,명사,역에 내리다,초급
1,연극,0,명사,연극 공연,초급
1,연습,2,명사,피아노 연습,초급
1,연필,0,명사,연필을 깎다,초급
1,열,1,관형사,숫자,초급
1,열,2,수사,숫자,초급
1,열다,0,동사,문을 열다,초급
1,열쇠,0,명사,열쇠 구멍,초급
1,열심히,0,부사,열심히 공부하다,초급
1,영,2,명사,숫자,초급
1,영국,0,명사,나라,초급
1,영어,0,명사,영어 수업,초급
1,영화,1,명사,영화 감상,초급
1,영화관,0,명사,영화관에 가다,초급
1,영화배우,0,명사,영화배우가 되다,초급
1,옆,0,명사,옆 사람,초급
1,예,4,감탄사,,초급
1,예쁘다,0,형용사,얼굴이 예쁘다,초급
1,오,3,수사,숫자,초급
1,오,4,관형사,숫자,초급
1,오늘,1,명사,오늘의 메뉴,초급
1,오늘,2,부사,오늘의 메뉴,초급
1,오다,1,동사,학교에 오다,초급
1,오렌지,0,명사,오렌지 주스,초급
1,오른쪽,0,명사,오른쪽 방향,초급
1,오빠,0,명사,친한 오빠,초급
1,오십,1,수사,숫자,초급
1,오십,2,관형사,숫자,초급
1,오월,0,명사,달,초급
1,오전,0,명사,오전을 넘기다,초급
1,오후,2,명사,오후 수업,초급
1,올라가다,0,동사,나무에 올라가다,초급
1,올해,0,명사,올해를 시작하다,초급
1,옷,0,명사,옷을 입다,초급
1,와,3,감탄사,,초급
1,왜,2,부사,왜 그래?,초급
1,외국,0,명사,외국 생활,초급
1,외국어,0,명사,외국어로 말하다,초급
1,외국인,0,명사,외국인 노동자,초급
1,왼쪽,0,명사,왼쪽에 놓다,초급
1,요리,2,명사,요리 비결,초급
1,요일,0,명사,시간,초급
1,요즘,0,명사,요즘 시대,초급
1,우리,2,대명사,,초급
1,우산,0,명사,우산을 쓰다,초급
1,우유,0,명사,우유를 마시다,초급
1,우체국,0,명사,우체국 사서함,초급
1,우표,0,명사,우표를 붙이다,초급
1,운동,0,명사,운동 시설,초급
1,운동장,0,명사,운동장을 뛰다,초급
1,운동화,0,명사,운동화를 신다,초급
1,운전,0,명사,초보 운전,초급
1,울다,1,동사,아이가 울다,초급
1,웃다,0,동사,활짝 웃다,초급
1,원,1,의존명사,천 원,초급
1,월,1,명사,몇 월,초급
1,월,2,의존명사,몇 월,초급
1,월요일,0,명사,요일,초급
1,위,1,명사,위와 아래,초급
1,유명,0,명사,유명 가수,초급
1,유월,0,명사,달,초급
1,육,1,수사,숫자,초급
1,육,2,관형사,숫자,초급
1,육십,1,수사,숫자,초급
1,육십,2,관형사,숫자,초급
1,은행,1,명사,은행에 입금하다,초급
1,음,1,감탄사,,초급
1,음료수,0,명사,물,초급
1,음식,0,명사,음식을 먹다,초급
1,음악,0,명사,음악을 듣다,초급
1,의사,3,명사,치과 의사,초급
1,의자,0,명사,의자에 앉다,초급
1,이,5,대명사,,초급
1,이,6,관형사,,초급
1,이,7,수사,숫자,초급
1,이,8,관형사,숫자,초급
1,이것,0,대명사,,초급
1,이따가,0,부사,이따가 가다,초급
1,이름,0,명사,이름을 짓다,초급
1,이번,0,명사,이번 주,초급
1,이십,1,수사,숫자,초급
1,이십,2,관형사,숫자,초급
1,이야기,0,명사,이야기를 들려주다,초급
1,이월,1,명사,달,초급
1,이유,0,명사,이유를 묻다,초급
1,이쪽,0,대명사,,초급
1,인도네시아,0,명사,나라,초급
1,인분,2,의존명사,삼 인분,초급
1,인사,2,명사,아침 인사,초급
1,인천,0,명사,도시,초급
1,인터넷,0,명사,인터넷 쇼핑,초급
1,일,1,명사,일이 쌓이다,초급
1,일,2,수사,숫자,초급
1,일,3,관형사,숫자,초급
1,일,5,명사,삼 일,초급
1,일,6,의존명사,삼 일,초급
1,일곱,1,관형사,숫자,초급
1,일곱,2,수사,숫자,초급
1,일본,0,명사,나라,초급
1,일어나다,0,동사,일찍 일어나다,초급
1,일요일,0,명사,요일,초급
1,일월,0,명사,달,초급
1,일주일,0,명사,일주일이 걸리다,초급
1,일찍,0,부사,일찍 오다,초급
1,일흔,1,관형사,숫자,초급
1,일흔,2,수사,숫자,초급
1,읽다,0,동사,큰 소리로 읽다,초급
1,입,0,명사,입을 열다,초급
1,입다,0,동사,옷을 입다,초급
1,있다,1,동사,나무가 있다,초급
1,있다,2,형용사,나무가 있다,초급
1,자다,0,동사,낮잠을 자다,초급
1,자동차,0,명사,자동차를 운전하다,초급
1,자전거,0,명사,자전거를 타다,초급
1,자주,0,부사,자주 만나다,초급
1,작년,0,명사,작년 겨울,초급
1,작다,0,형용사,얼굴이 작다,초급
1,잔,0,명사,커피 잔,초급
1,잘,0,부사,잘 모르다,초급
1,잘못,1,명사,잘못이 많다,초급
1,잘못,2,부사,잘못이 많다,초급
1,잘하다,0,동사,노래를 잘하다,초급
1,잠,0,명사,잠이 오다,초급
1,잠깐,1,명사,잠깐 기다리다,초급
1,잠깐,2,부사,잠깐 기다리다,초급
1,잠시,1,명사,잠시 기다리다,초급
1,잠시,2,부사,잠시 기다리다,초급
1,잡수시다,0,동사,저녁을 잡수시다,초급
1,잡채,0,명사,잡채를 먹다,초급
1,장소,0,명사,약속 장소,초급
1,재미없다,0,형용사,재미없는 이야기,초급
1,재미있다,0,형용사,재미있는 친구,초급
1,저,1,대명사,,초급
1,저,3,대명사,,초급
1,저,4,관형사,,초급
1,저,5,감탄사,,초급
1,저것,0,대명사,,초급
1,저기,1,대명사,,초급
1,저녁,0,명사,저녁이 되다,초급
1,저쪽,0,대명사,,초급
1,적다,2,형용사,양이 적다,초급
1,전,2,명사,전 총리,초급
1,전,3,관형사,전 총리,초급
1,전공,1,명사,전공 공부,초급
1,전화,0,명사,전화를 걸다,초급
1,전화번호,0,명사,집 전화번호,초급
1,점심,0,명사,점심에 만나다,초급
1,정류장,0,명사,버스 정류장,초급
1,정말,1,명사,정말 좋다,초급
1,정말,2,부사,정말 좋다,초급
1,제,1,대명사,,초급
1,제일,2,명사,제일 좋아하다,초급
1,제일,3,부사,제일 좋아하다,초급
1,제주도,1,명사,지명,초급
1,조금,1,명사,조금 먹다,초급
1,조금,2,부사,조금 먹다,초급
1,조용하다,0,형용사,집이 조용하다,초급
1,졸업,0,명사,대학교 졸업,초급
1,좀,0,부사,좀 비싸다,초급
1,종업원,0,명사,식당 종업원,초급
1,좋다,0,형용사,품질이 좋다,초급
1,좋아하다,0,동사,꽃을 좋아하다,초급
1,죄송하다,0,형용사,죄송한 마음,초급
1,주,4,명사,이번 주,초급
1,주,6,의존명사,이번 주,초급
1,주다,1,동사,선물을 주다,초급
1,주로,0,부사,주로 말하다,초급
1,주말,0,명사,주말을 보내다,초급
1,주무시다,0,동사,낮잠을 주무시다,초급
1,주부,0,명사,주부의 삶,초급
1,주소,0,명사,주소를 옮기다,초급
1,주스,0,명사,주스를 마시다,초급
1,주인,0,명사,가게 주인,초급
1,주일,2,명사,이번 주일,초급
1,주일,3,의존명사,이번 주일,초급
1,준비,0,명사,출근 준비,초급
1,중,3,의존명사,회의 중,초급
1,중국,0,명사,나라,초급
1,지갑,0,명사,동전 지갑,초급
1,지금,1,명사,지금부터,초급
1,지금,2,부사,지금부터,초급
1,지나다,0,동사,자정이 지나다,초급
1,지난달,0,명사,지난달 중순,초급
1,지난주,0,명사,지난주에 만나다,초급
1,지난해,0,명사,지난해에 만나다,초급
1,지내다,0,동사,잘 지내다,초급
1,지우개,0,명사,지우개로 지우다,초급
1,지하철,0,명사,지하철을 타다,초급
1,지하철역,0,명사,지하철역에 도착하다,초급
1,직업,0,명사,직업을 구하다,초급
1,직원,0,명사,직원을 모집하다,초급
1,질문,0,명사,질문에 답하다,초급
1,집,1,명사,집을 짓다,초급
1,짜다,3,형용사,음식이 짜다,초급
1,쪽,5,의존명사,집 쪽,초급
1,찍다,2,동사,도장을 찍다,초급
1,참,2,부사,참 좋다,초급
1,참외,0,명사,참외를 깎다,초급
1,창문,0,명사,창문을 열다,초급
1,찾다,0,동사,지갑을 찾다,초급
1,찾아보다,0,동사,수첩을 찾아보다,초급
1,책,0,명사,책을 읽다,초급
1,책상,0,명사,책상을 정리하다,초급
1,처음,0,명사,처음과 끝,초급
1,천,2,관형사,숫자,초급
1,천,3,수사,숫자,초급
1,천만,3,명사,숫자,초급
1,천만02‧천만,1,수사‧관형사,숫자,초급
1,천천히,0,부사,천천히 가다,초급
1,청소,0,명사,화장실 청소,초급
1,초대,2,명사,생일 초대,초급
1,초콜릿,0,명사,초콜릿 케이크,초급
1,추다,0,동사,춤을 추다,초급
1,축구,2,명사,축구 경기,초급
1,축하,0,명사,축하 파티,초급
1,출발,0,명사,출발 시간,초급
1,춤,0,명사,춤을 추다,초급
1,춤추다,0,동사,무대에서 춤추다,초급
1,춥다,0,형용사,날씨가 춥다,초급
1,취미,0,명사,취미 생활,초급
1,층,0,명사,꼭대기 층,초급
1,치다,2,동사,책상을 치다,초급
1,치마,0,명사,치마를 입다,초급
1,친구,0,명사,친구를 만나다,초급
1,친절,0,명사,태도가 친절하다,초급
1,친하다,0,형용사,후배와 친하다,초급
1,칠,1,수사,숫자,초급
1,칠,2,관형사,숫자,초급
1,칠십,1,수사,숫자,초급
1,칠십,2,관형사,숫자,초급
1,칠월,0,명사,달,초급
1,칠판,0,명사,칠판에 쓰다,초급
1,침대,0,명사,침대에 눕다,초급
1,카드,0,명사,카드를 쓰다,초급
1,카메라,0,명사,카메라로 찍다,초급
1,캐나다,0,명사,나라,초급
1,커피,0,명사,커피를 마시다,초급
1,커피숍,0,명사,커피숍에서 만나다,초급
1,컴퓨터,0,명사,컴퓨터 게임,초급
1,컵,0,명사,머그 컵,초급
1,케이크,0,명사,생일 케이크,초급
1,켜다,1,동사,불을 켜다,초급
1,코,1,명사,코가 오똑하다,초급
1,콘서트,0,명사,콘서트를 보다,초급
1,콜라,0,명사,콜라를 마시다,초급
1,크다,1,형용사,키가 크다,초급
1,크다,2,동사,키가 크다,초급
1,키,1,명사,키가 크다,초급
1,타다,1,동사,나무가 타다,초급
1,타다,2,동사,차에 타다,초급
1,탁구,0,명사,탁구를 치다,초급
1,태국,0,명사,나라,초급
1,태권도,0,명사,태권도를 배우다,초급
1,택시,0,명사,택시를 타다,초급
1,터미널,0,명사,버스 터미널,초급
1,테니스,0,명사,테니스를 치다,초급
1,텔레비전,0,명사,텔레비전을 보다,초급
1,토요일,0,명사,요일,초급
1,퇴근,0,명사,출근과 퇴근,초급
1,특별하다,0,형용사,특별한 날,초급
1,특히,0,부사,특히 좋아하다,초급
1,티셔츠,0,명사,티셔츠를 입다,초급
1,파티,0,명사,생일 파티,초급
1,팔,1,명사,팔이 아프다,초급
1,팔,2,수사,숫자,초급
1,팔,3,관형사,숫자,초급
1,팔다,0,동사,물건을 팔다,초급
1,팔십,1,수사,숫자,초급
1,팔십,2,관형사,숫자,초급
1,팔월,0,명사,달,초급
1,편의점,0,명사,편의점에 들르다,초급
1,편지,0,명사,편지를 쓰다,초급
1,포도,0,명사,포도 주스,초급
1,표,2,명사,표를 예매하다,초급
1,프랑스,0,명사,나라,초급
1,프로그램,0,명사,행사 프로그램,초급
1,피곤,0,명사,몸이 피곤하다,초급
1,피아노,0,명사,피아노를 치다,초급
1,피우다,0,동사,꽃을 피우다,초급
1,필요,0,명사,시간이 필요하다,초급
1,필통,0,명사,필통에 넣다,초급
1,하나,1,수사,숫자,초급
1,하다,1,동사,운동을 하다,초급
1,하루,0,명사,하루가 걸리다,초급
1,하숙집,0,명사,하숙집을 구하다,초급
1,하지만,0,부사,,초급
1,학교,0,명사,학교에 다니다,초급
1,학생,0,명사,학생을 가르치다,초급
1,학생증,0,명사,학생증을 발급하다,초급
1,한,1,관형사,한 명,초급
1,한가하다,0,형용사,한가한 때,초급
1,한국,0,명사,나라,초급
1,한복,0,명사,한복을 입다,초급
1,할머니,0,명사,할머니와 할아버지,초급
1,할아버지,0,명사,할머니와 할아버지,초급
1,함께,0,부사,함께 놀다,초급
1,형,1,명사,동생,초급
1,호,4,의존명사,사월 호 잡지,초급
1,호텔,0,명사,호텔에 묵다,초급
1,혼자,1,명사,혼자 살다,초급
1,혼자,2,부사,혼자 살다,초급
1,화요일,0,명사,요일,초급
1,화장실,0,명사,화장실에 가다,초급
1,회사,0,명사,회사에 다니다,초급
1,회사원,0,명사,회사원이 되다,초급
1,회의,1,명사,회의에 참석하다,초급
1,후,2,명사,오 분 후,초급
1,휴가,0,명사,출산 휴가,초급
1,흐리다,2,형용사,날씨가 흐리다,초급
1,힘들다,0,형용사,일이 힘들다,초급
2,-되다,0,접사,취소되다,초급
2,-하다,0,접사,건강하다,초급
2,가까이,1,부사,가까이 다가오다,초급
2,가까이,2,명사,가까이 다가오다,초급
2,가끔,0,부사,가끔 보다,초급
2,가늘다,0,형용사,손가락이 가늘다,초급
2,가득,0,부사,가득 차다,초급
2,가리키다,0,동사,손가락으로 가리키다,초급
2,가슴,0,명사,신체,초급
2,가위,1,명사,가위로 자르다,초급
2,가져가다,0,동사,우산을 가져가다,초급
2,가져오다,0,동사,우산을 가져오다,초급
2,각각,1,명사,각각 다르다,초급
2,각각,2,부사,각각 다르다,초급
2,간단하다,0,형용사,설명이 간단하다,초급
2,간단히,0,부사,간단히 이야기하다,초급
2,간식,0,명사,간식을 먹다,초급
2,간장,1,명사,간장을 넣다,초급
2,간호사,0,명사,간호사가 되다,초급
2,갈색,0,명사,색,초급
2,갈아입다,0,동사,옷을 갈아입다,초급
2,감기약,0,명사,감기약을 먹다,초급
2,감다,1,동사,눈을 감다,초급
2,감다,2,동사,머리를 감다,초급
2,감자,1,명사,감자 튀김,초급
2,갑자기,0,부사,갑자기 나타나다,초급
2,강,0,명사,강을 건너다,초급
2,강아지,0,명사,강아지를 키우다,초급
2,강하다,2,형용사,힘이 강하다,초급
2,갖다,1,동사,돈을 갖다,초급
2,갚다,0,동사,돈을 갚다,초급
2,개월,0,의존명사,삼 개월,초급
2,거,1,의존명사,먹을 거,초급
2,거리,1,명사,거리로 나가다,초급
2,거리,3,명사,거리가 가깝다,초급
2,거울,0,명사,거울을 보다,초급
2,거의,1,명사,거의 없다,초급
2,거의,2,부사,거의 없다,초급
2,거절,0,명사,제안을 거절하다,초급
2,거짓말,0,명사,선의의 거짓말,초급
2,걱정,0,명사,걱정이 많다,초급
2,건너가다,0,동사,길을 건너가다,초급
2,건너다,0,동사,길을 건너다,초급
2,걸어가다,0,동사,학교에 걸어가다,초급
2,걸어오다,1,동사,집에 걸어오다,초급
2,걸음,0,명사,걸음이 느리다,초급
2,검사,2,명사,숙제 검사,초급
2,검은색,0,명사,색,초급
2,검정,1,명사,색,초급
2,겉,0,명사,겉과 속,초급
2,게으르다,0,형용사,게으른 사람,초급
2,결과,0,명사,검사 결과,초급
2,결석,0,명사,학교에 결석하다,초급
2,결심,0,명사,굳은 결심,초급
2,결정,1,명사,결정을 내리다,초급
2,결혼,0,명사,결혼 기념,초급
2,결혼식,0,명사,결혼식을 올리다,초급
2,경기,2,명사,운동 경기,초급
2,경찰,0,명사,경찰 조사,초급
2,경찰서,0,명사,경찰서에 신고하다,초급
2,경치,0,명사,경치가 좋다,초급
2,경험,0,명사,경험을 쌓다,초급
2,계단,0,명사,계단을 오르다,초급
2,계란,0,명사,계란을 먹다,초급
2,계산,0,명사,날짜 계산,초급
2,고개,1,명사,고개를 들다,초급
2,고등학교,0,명사,고등학교에 입학하다,초급
2,고등학생,0,명사,고등학생이 되다,초급
2,고모,0,명사,친척,초급
2,고민,0,명사,고민을 나누다,초급
2,고속버스,0,명사,고속버스를 타다,초급
2,고장,2,명사,고장이 나다,초급
2,고추장,0,명사,고추장을 넣다,초급
2,고치다,0,동사,컴퓨터를 고치다,초급
2,곧,0,부사,곧 가다,초급
2,공,1,명사,공을 던지다,초급
2,공무원,0,명사,공무원으로 일하다,초급
2,공장,0,명사,공장에서 일하다,초급
2,공짜,0,명사,공짜로 주다,초급
2,공휴일,0,명사,공휴일로 정하다,초급
2,과거,2,명사,과거를 잊다,초급
2,과자,0,명사,과자를 먹다,초급
2,관계,2,명사,괜계를 맺다,초급
2,관광,0,명사,국내 관광,초급
2,관광객,0,명사,외국인 관광객,초급
2,관광지,0,명사,국내 관광지,초급
2,관심,0,명사,관심을 가지다,초급
2,광고,0,명사,신문 광고,초급
2,광주,0,명사,지명,초급
2,교과서,0,명사,교과서에서 배우다,초급
2,교사,3,명사,수학 교사,초급
2,교수,0,명사,대학 교수,초급
2,교육,0,명사,교육을 받다,초급
2,교통비,0,명사,교통비가 들다,초급
2,교통사고,0,명사,교통사고가 나다,초급
2,교환,0,명사,사이즈 교환,초급
2,교회,0,명사,기독교 교회,초급
2,구름,0,명사,구름이 끼다,초급
2,국,0,명사,국을 끓이다,초급
2,국내,0,명사,국내와 국외,초급
2,국수,0,명사,국수를 먹다,초급
2,국제,0,명사,국제 관계,초급
2,군인,0,명사,직업 군인,초급
2,굵다,0,형용사,팔뚝이 굵다,초급
2,굽다,1,동사,고기를 굽다,초급
2,궁금하다,0,형용사,소식이 궁금하다,초급
2,귀걸이,0,명사,귀걸이를 빼다,초급
2,귀여워하다,0,동사,강아지를 귀여워하다,초급
2,귀엽다,0,형용사,얼굴이 귀엽다,초급
2,귀찮다,0,형용사,귀찮은 일,초급
2,규칙,0,명사,규칙을 어기다,초급
2,그거,0,대명사,,초급
2,그곳,0,대명사,,초급
2,그날,0,명사,그날 밤,초급
2,그냥,0,부사,그냥 가다,초급
2,그대로,0,부사,그대로 두다,초급
2,그동안,0,명사,그동안 잘 지내다,초급
2,그때,0,명사,그때를 기억하다,초급
2,그러나,1,부사,,초급
2,그러므로,0,부사,,초급
2,그런,1,관형사,그런 사람,초급
2,그립다,0,형용사,가족이 그립다,초급
2,그만,2,부사,그만 먹다,초급
2,그만두다,0,동사,일을 그만두다,초급
2,그분,0,대명사,,초급
2,그치다,0,동사,비가 그치다,초급
2,글쎄,0,감탄사,,초급
2,글씨,0,명사,글씨를 쓰다,초급
2,글자,0,명사,글자를 쓰다,초급
2,금방,0,부사,금방 가다,초급
2,금지,0,명사,출입 금지,초급
2,급하다,0,형용사,급한 사정,초급
2,기르다,0,동사,개를 기르다,초급
2,기름,0,명사,기름에 튀기다,초급
2,기뻐하다,0,동사,취직을 기뻐하다,초급
2,기쁨,0,명사,기쁨을 나누다,초급
2,기억,0,명사,기억이 나다,초급
2,기억나다,0,동사,이름이 기억나다,초급
2,기온,0,명사,기온이 높다,초급
2,기자,0,명사,신문 기자,초급
2,기차역,0,명사,기차역에 도착하다,초급
2,기차표,0,명사,기차표를 끊다,초급
2,기침,0,명사,기침이 나다,초급
2,기타,2,명사,기타를 치다,초급
2,기회,0,명사,기회를 놓치다,초급
2,긴장,0,명사,긴장을 풀다,초급
2,길이,1,명사,가로 길이,초급
2,김,2,명사,김을 먹다,초급
2,깊다,0,형용사,바다가 깊다,초급
2,깊이,2,부사,깊이 묻다,초급
2,까만색,0,명사,색,초급
2,까맣다,0,형용사,밤하늘이 까맣다,초급
2,깎다,0,동사,사과를 깎다,초급
2,깜짝,2,부사,깜짝 놀라다,초급
2,깨끗이,0,부사,깨끗이 씻다,초급
2,깨다,1,동사,잠이 깨다,초급
2,꺼내다,0,동사,가방에서 꺼내다,초급
2,껌,0,명사,껌을 씹다,초급
2,꽃다발,0,명사,꽃다발을 선물하다,초급
2,꽃병,0,명사,꽃병을 깨뜨리다,초급
2,꽃집,0,명사,꽃집을 열다,초급
2,꾸다,1,동사,꿈을 꾸다,초급
2,꿈,0,명사,꿈을 꾸다,초급
2,끊다,0,동사,담배를 끊다,초급
2,끓다,0,동사,물이 끓다,초급
2,끓이다,0,동사,물을 끓이다,초급
2,끝,0,명사,시작과 끝,초급
2,끝내다,0,동사,일을 끝내다,초급
2,끼다,3,동사,단추를 끼다,초급
2,나누다,0,동사,둘로 나누다,초급
2,나머지,0,명사,나머지 돈,초급
2,나이,0,명사,나이가 많다,초급
2,나타나다,0,동사,건물이 나타나다,초급
2,나흘,0,명사,나흘이 걸리다,초급
2,낚시,0,명사,낚시를 가다,초급
2,날다,0,동사,새가 날다,초급
2,날씬하다,0,형용사,몸매가 날씬하다,초급
2,남,1,명사,타인,초급
2,남기다,0,동사,음식을 남기다,초급
2,남녀,0,명사,청춘 남녀,초급
2,남다,0,동사,시간이 남다,초급
2,남성,0,명사,남성과 여성,초급
2,남쪽,0,명사,남쪽 지방,초급
2,남학생,0,명사,남학생과 여학생,초급
2,낫다,1,동사,병이 낫다,초급
2,낫다,2,형용사,더 낫다,초급
2,낮잠,0,명사,낮잠을 자다,초급
2,내과,0,명사,내과 의사,초급
2,내다,1,동사,문제를 내다,초급
2,내려가다,0,동사,아래로 내려가다,초급
2,내려오다,0,동사,아래로 내려오다,초급
2,내용,0,명사,수업 내용,초급
2,냄비,0,명사,냄비에 끓이다,초급
2,냄새,0,명사,냄새를 맡다,초급
2,냉장고,0,명사,냉장고에 넣다,초급
2,너희,0,대명사,,초급
2,넘다,0,동사,세 시간이 넘다,초급
2,넘어지다,0,동사,아이가 넘어지다,초급
2,네,1,대명사,,초급
2,넥타이,0,명사,넥타이를 매다,초급
2,넷째,3,명사,순서,초급
2,넷째02∙넷째,1,수사∙관형사,순서,초급
2,노란색,0,명사,색,초급
2,노랗다,0,형용사,병아리가 노랗다,초급
2,노력,1,명사,노력을 다하다,초급
2,노인,0,명사,노인을 공경하다,초급
2,노트,2,명사,노트에 쓰다,초급
2,녹색,0,명사,색,초급
2,녹차,0,명사,녹차를 마시다,초급
2,놀라다,0,동사,깜짝 놀라다,초급
2,놀이,0,명사,인형 놀이,초급
2,농담,0,명사,농담을 주고받다,초급
2,높이,1,명사,높이가 높다,초급
2,높이,2,부사,높이 날다,초급
2,놓다,1,동사,펜을 놓다,초급
2,누르다,1,동사,버튼을 누르다,초급
2,눈물,0,명사,눈물이 흐르다,초급
2,눕다,0,동사,바닥에 눕다,초급
2,느끼다,2,동사,추위를 느끼다,초급
2,느낌,0,명사,느낌이 좋다,초급
2,느리다,0,형용사,걸음이 느리다,초급
2,늘,0,부사,늘 만나다,초급
2,늘다,0,동사,면적이 늘다,초급
2,늙다,0,동사,젊다,초급
2,능력,0,명사,능력이 있다,초급
2,다리,2,명사,다리를 건너다,초급
2,다섯째,3,명사,순서,초급
2,다섯째02∙다섯째,1,수사∙관형사,순서,초급
2,다양,0,명사,다양한 방법,초급
2,다음날,0,명사,다음날 아침,초급
2,다이어트,0,명사,다이어트에 성공하다,초급
2,다치다,1,동사,팔을 다치다,초급
2,다하다,0,동사,기력이 다하다,초급
2,닦다,0,동사,구두를 닦다,초급
2,단순,0,명사,단순 노동,초급
2,단추,0,명사,단추를 달다,초급
2,단풍,0,명사,단풍이 들다,초급
2,달걀,0,명사,달걀을 삶다,초급
2,달력,0,명사,달력을 걸다,초급
2,달리기,0,명사,달리기가 빠르다,초급
2,달리다,3,동사,말이 달리다,초급
2,닭,0,명사,닭이 울다,초급
2,닭고기,0,명사,닭고기 요리,초급
2,닮다,0,동사,아빠를 닮다,초급
2,답,0,명사,답이 없다,초급
2,답답하다,0,형용사,가슴이 답답하다,초급
2,답장,0,명사,답장을 보내다,초급
2,대,10,의존명사,자동차 한 대,초급
2,대구,0,명사,대구 사람,초급
2,대부분,1,명사,대부분의 시간,초급
2,대부분,2,부사,대부분의 시간,초급
2,대전,1,명사,지명,초급
2,대학원,0,명사,대학원을 다니다,초급
2,대회,0,명사,대회가 열리다,초급
2,댁,1,명사,선생님 댁,초급
2,댁,2,대명사,선생님 댁,초급
2,더럽다,0,형용사,손이 더럽다,초급
2,더욱,0,부사,더욱 좋다,초급
2,덕분,0,명사,부모님 덕분,초급
2,던지다,0,동사,공을 던지다,초급
2,데려가다,0,동사,아이를 데려가다,초급
2,데려오다,0,동사,친구를 데려오다,초급
2,데이트,0,명사,데이트를 신청하다,초급
2,도,3,의존명사,영상 일 도,초급
2,도로,2,명사,도로를 건너다,초급
2,도시,0,명사,도시에서 살다,초급
2,도움,0,명사,도움을 받다,초급
2,독서,0,명사,독서를 즐기다,초급
2,돈가스,0,명사,돈가스를 먹다,초급
2,돌,3,명사,돌을 던지다,초급
2,돌다,0,동사,빙글빙글 돌다,초급
2,돌려주다,0,동사,책을 돌려주다,초급
2,돌리다,2,동사,바퀴를 돌리다,초급
2,동네,0,명사,동네 사람들,초급
2,동물,0,명사,동물을 키우다,초급
2,동물원,0,명사,동물원에 가다,초급
2,동시,1,명사,동시에 일어나다,초급
2,동전,0,명사,동전 지갑,초급
2,동쪽,0,명사,동쪽 방향,초급
2,돼지,0,명사,돼지를 기르다,초급
2,돼지고기,0,명사,돼지고기를 먹다,초급
2,된장,0,명사,된장을 담그다,초급
2,두껍다,0,형용사,두꺼운 책,초급
2,두다,1,동사,책을 책상 위에 두다,초급
2,두부,0,명사,두부 한 모,초급
2,두세,0,관형사,두세 개,초급
2,두통,0,명사,두통을 앓다,초급
2,둘째,3,명사,순서,초급
2,둘째02∙둘째,1,수사∙관형사,순서,초급
2,뒤쪽,0,명사,뒤쪽으로 가다,초급
2,드디어,0,부사,드디어 끝나다,초급
2,들르다,0,동사,잠시 들르다,초급
2,들리다,2,동사,소리가 들리다,초급
2,등,1,명사,등을 긁다,초급
2,디자인,0,명사,디자인이 예쁘다,초급
2,따로,0,부사,따로 분리하다,초급
2,땀,1,명사,땀이 나다,초급
2,땅,0,명사,땅에 떨어지다,초급
2,떠나다,0,동사,멀리 떠나다,초급
2,떠들다,1,동사,떠드는 소리,초급
2,떡,1,명사,떡을 찌다,초급
2,떡국,0,명사,떡국 한 그릇,초급
2,떨어지다,0,동사,벼락이 떨어지다,초급
2,또는,0,부사,남자 또는 여자,초급
2,똑같다,0,형용사,모양이 똑같다,초급
2,똑같이,0,부사,똑같이 나누다,초급
2,똑똑하다,0,형용사,머리가 똑똑하다,초급
2,똑바로,0,부사,똑바로 가다,초급
2,뚱뚱하다,0,형용사,뚱뚱한 몸집,초급
2,뛰다,2,동사,운동장을 뛰다,초급
2,뛰어가다,0,동사,학교로 뛰어가다,초급
2,뜨겁다,0,형용사,뜨거운 국물,초급
2,뜨다,5,동사,눈을 뜨다,초급
2,뜻,0,명사,단어의 뜻,초급
2,라디오,0,명사,라디오를 켜다,초급
2,레스토랑,0,명사,고급 레스토랑,초급
2,마당,1,명사,마당 청소,초급
2,마르다,1,동사,목이 마르다,초급
2,마을,0,명사,마을 주민,초급
2,마중,0,명사,마중을 나가다,초급
2,마지막,0,명사,마지막 시간,초급
2,마치다,0,동사,준비를 마치다,초급
2,마트,0,명사,마트에서 사다,초급
2,막걸리,0,명사,막걸리를 마시다,초급
2,막히다,0,동사,구멍이 막히다,초급
2,만두,0,명사,만두를 빚다,초급
2,만약,0,명사,만약의 경우,초급
2,만일,0,명사,만일의 경우,초급
2,만지다,0,동사,손을 만지다,초급
2,만화,0,명사,만화를 그리다,초급
2,말,4,명사,말 한 마리,초급
2,말,6,의존명사,학기 말,초급
2,맞추다,0,동사,부품을 맞추다,초급
2,매년,1,명사,매년 증가하다,초급
2,매년,2,부사,매년 증가하다,초급
2,매다,1,동사,신발 끈을 매다,초급
2,매달,1,명사,매달 월요일,초급
2,매달,2,부사,매달 월요일,초급
2,매우,0,부사,매우 좋다,초급
2,매주,1,명사,매주 월요일,초급
2,매주,2,부사,매주 월요일,초급
2,매표소,0,명사,영화관 매표소,초급
2,맥주,0,명사,맥주를 마시다,초급
2,머리카락,0,명사,긴 머리카락,초급
2,멀리,0,부사,멀리 날다,초급
2,멈추다,0,동사,피가 멈추다,초급
2,멋,0,명사,멋을 부리다,초급
2,메다,0,동사,가방을 메다,초급
2,메모,0,명사,메모를 남기다,초급
2,메시지,0,명사,문자 메시지,초급
2,메일,0,명사,메일 주소,초급
2,명절,0,명사,명절 연휴,초급
2,모기,0,명사,모기에 물리다,초급
2,모든,0,관형사,모든 사람,초급
2,모습,0,명사,웃는 모습,초급
2,모시다,0,동사,고객을 모시다,초급
2,모양,1,명사,별 모양,초급
2,모으다,0,동사,장난감을 모으다,초급
2,모이다,0,동사,한데 모이다,초급
2,모임,0,명사,모임에 나가다,초급
2,모자라다,0,동사,돈이 모자라다,초급
2,목걸이,0,명사,진주 목걸이,초급
2,목도리,0,명사,목도리를 두르다,초급
2,목소리,0,명사,낮은 목소리,초급
2,목욕,0,명사,목욕 용품,초급
2,목적,0,명사,목적을 이루다,초급
2,못생기다,0,형용사,얼굴이 못생기다,초급
2,무,1,명사,채소,초급
2,무게,0,명사,무게를 재다,초급
2,무궁화,0,명사,꽃,초급
2,무료,1,명사,무료 증정,초급
2,무릎,0,명사,신체,초급
2,무섭다,0,형용사,귀신이 무섭다,초급
2,무척,0,부사,무척 길다,초급
2,문제,0,명사,문제를 풀다,초급
2,물고기,0,명사,물고기를 잡다,초급
2,물론,1,명사,물론 그렇다,초급
2,물론,2,부사,물론 그렇다,초급
2,물어보다,0,동사,길을 물어보다,초급
2,미끄러지다,0,동사,계단에서 미끄러지다,초급
2,미래,0,명사,미래를 계획하다,초급
2,미리,0,부사,미리 알리다,초급
2,미술관,0,명사,국립 미술관,초급
2,미역국,0,명사,미역국을 끓이다,초급
2,미터,0,의존명사,백 미터,초급
2,믿다,0,동사,거짓말을 믿다,초급
2,밀가루,0,명사,밀가루 음식,초급
2,밀다,0,동사,문을 밀다,초급
2,바깥,0,명사,바깥에 나가다,초급
2,바깥쪽,0,명사,바깥쪽으로 나가다,초급
2,바뀌다,0,동사,감독이 바뀌다,초급
2,바닥,0,명사,바닥에 떨어지다,초급
2,바닷가,0,명사,바닷가에서 놀다,초급
2,바라다,0,동사,성공을 바라다,초급
2,바라보다,0,동사,하늘을 바라보다,초급
2,바르다,1,동사,약을 바르다,초급
2,바이올린,0,명사,바이올린을 켜다,초급
2,박수,0,명사,박수를 치다,초급
2,반대,0,명사,반대 방향,초급
2,반드시,0,부사,반드시 해 내다,초급
2,반바지,0,명사,반바지를 입다,초급
2,반지,0,명사,반지를 끼다,초급
2,반찬,0,명사,반찬을 만들다,초급
2,받아쓰다,0,동사,공책에 받아쓰다,초급
2,발가락,0,명사,발가락이 아프다,초급
2,발바닥,0,명사,발바닥을 간지럽히다,초급
2,밝다,1,동사,불빛이 밝다,초급
2,밝다,2,형용사,불빛이 밝다,초급
2,방금,1,명사,방금 가다,초급
2,방금,2,부사,방금 가다,초급
2,방문,2,명사,방문을 닫다,초급
2,방문,3,명사,고향 방문,초급
2,방법,0,명사,사용 방법,초급
2,방송,1,명사,방송에 출연하다,초급
2,방송국,0,명사,라디오 방송국,초급
2,방향,0,명사,반대 방향,초급
2,배,5,명사,두 배,초급
2,배달,2,명사,신문 배달,초급
2,배드민턴,0,명사,배드민턴을 치다,초급
2,배추,0,명사,채소,초급
2,배탈,0,명사,배탈이 나다,초급
2,뱀,0,명사,동물,초급
2,버릇,0,명사,버릇을 고치다,초급
2,버리다,1,동사,휴지를 버리다,초급
2,번째,0,의존명사,세 번째,초급
2,벌,2,의존명사,옷 한 벌,초급
2,벌다,2,동사,돈을 벌다,초급
2,벌써,0,부사,벌써 도착하다,초급
2,벗다,0,동사,모장을 벗다,초급
2,벽,0,명사,벽에 걸다,초급
2,변하다,0,동사,모양이 변하다,초급
2,변호사,0,명사,직업,초급
2,별,1,명사,별이 빛나다,초급
2,병문안,0,명사,병문안을 가다,초급
2,보라색,0,명사,색,초급
2,보이다,1,동사,산이 보이다,초급
2,보이다,2,동사,사진을 보이다,초급
2,복습,0,명사,예습과 복습,초급
2,복잡하다,0,형용사,생각이 복잡하다,초급
2,볶다,0,동사,마늘을 볶다,초급
2,볶음밥,0,명사,볶음밥을 만들다,초급
2,봉투,0,명사,편지 봉투,초급
2,뵙다,0,동사,어른을 뵙다,초급
2,부끄럽다,0,형용사,부끄러운 표정,초급
2,부드럽다,0,형용사,옷감이 부드럽다,초급
2,부럽다,0,형용사,부러운 마음,초급
2,부르다,2,형용사,배가 부르다,초급
2,부부,0,명사,가족,초급
2,부분,0,명사,부분과 전체,초급
2,부인,1,명사,아내,초급
2,부자,2,명사,자산가,초급
2,부장,0,명사,부장으로 승진하다,초급
2,부족,1,명사,산소 부족,초급
2,부지런하다,0,형용사,부지런한 사람,초급
2,부치다,2,동사,편지를 부치다,초급
2,북쪽,0,명사,방향,초급
2,분명하다,0,형용사,발음이 분명하다,초급
2,분식,0,명사,분식으로 끼니를 때우다,초급
2,분위기,0,명사,어색한 분위기,초급
2,분홍색,0,명사,색,초급
2,불쌍하다,0,형용사,불쌍한 사람,초급
2,불안,0,명사,불안을 느끼다,초급
2,불편,0,명사,불편한 신발,초급
2,붉다,0,형용사,붉은 입술,초급
2,붙다,0,동사,먼지가 붙다,초급
2,붙이다,0,동사,우표를 붙이다,초급
2,블라우스,0,명사,블라우스를 입다,초급
2,비교,0,명사,비교 대상,초급
2,비누,0,명사,비누로 씻다,초급
2,비다,0,동사,자리가 비다,초급
2,비디오,0,명사,비디오를 빌리다,초급
2,비밀,0,명사,비밀을 지키다,초급
2,비슷하다,0,형용사,외모가 비슷하다,초급
2,빌딩,0,명사,빌딩을 짓다,초급
2,빠지다,2,동사,강에 빠지다,초급
2,빨간색,0,명사,색,초급
2,빨갛다,0,형용사,코가 빨갛다,초급
2,빨다,2,동사,옷을 빨다,초급
2,빨래,0,명사,이불 빨래,초급
2,빵집,0,명사,빵집에서 일하다,초급
2,빼다,1,동사,못을 빼다,초급
2,뽑다,0,동사,흰머리를 뽑다,초급
2,사거리,0,명사,사거리를 건너다,초급
2,사계절,0,명사,사계절이 뚜렷하다,초급
2,사고,1,명사,사고가 나다,초급
2,사실,1,명사,사실을 밝히다,초급
2,사실,2,부사,사실을 밝히다,초급
2,사업,0,명사,유통 사업,초급
2,사이즈,0,명사,신발 사이즈,초급
2,사장,0,명사,회사 사장,초급
2,사탕,0,명사,사탕을 먹다,초급
2,사흘,0,명사,사흘 동안,초급
2,살,1,명사,살이 찌다,초급
2,삼거리,0,명사,삼거리 모퉁이,초급
2,삼겹살,0,명사,음식,초급
2,삼촌,0,명사,친척,초급
2,상,6,명사,상을 받다,초급
2,상자,0,명사,상자에 넣다,초급
2,상처,2,명사,상처를 치료하다,초급
2,상추,0,명사,상추를 먹다,초급
2,상품,2,명사,상품을 팔다,초급
2,새,2,명사,동물,초급
2,새,3,관형사,새 옷,초급
2,새로,0,부사,새로 사다,초급
2,새롭다,0,형용사,감회가 새롭다,초급
2,새벽,0,명사,새벽 시간,초급
2,새해,0,명사,새해 인사,초급
2,색,0,명사,색깔,초급
2,색깔,0,명사,색깔이 진하다,초급
2,샌드위치,0,명사,음식,초급
2,생각나다,0,동사,아이디어가 생각나다,초급
2,생기다,1,동사,건물이 생기다,초급
2,생선,0,명사,생선 구이,초급
2,서너,0,관형사,서너 개,초급
2,서다,0,동사,똑바로 서다,초급
2,서두르다,0,동사,준비를 서두르다,초급
2,서랍,0,명사,서랍을 열다,초급
2,서로,2,부사,서로 믿다,초급
2,서류,0,명사,서류 접수,초급
2,서비스,0,명사,서비스 정신,초급
2,서양,0,명사,동양과 서양,초급
2,서쪽,0,명사,방향,초급
2,섞다,0,동사,카드를 섞다,초급
2,선배,0,명사,선배와 후배,초급
2,선선하다,0,형용사,선선한 날씨,초급
2,선수,2,명사,축구 선수,초급
2,선택,0,명사,직업 선택,초급
2,선풍기,0,명사,선풍기를 켜다,초급
2,설거지,0,명사,집안일,초급
2,설날,0,명사,명절,초급
2,설렁탕,0,명사,음식,초급
2,설탕,0,명사,설탕을 넣다,초급
2,섬,3,명사,섬에서 살다,초급
2,섭섭하다,0,형용사,서운하다,초급
2,성,2,명사,김 씨,초급
2,성격,0,명사,긍정적인 성격,초급
2,성공,0,명사,성공의 비결,초급
2,성적,3,명사,시험 성적,초급
2,성함,0,명사,아버지 성함,초급
2,세,5,의존명사,삼십 세,초급
2,세계,0,명사,세계 여행,초급
2,세다,3,형용사,힘이 세다,초급
2,세배,0,명사,세배를 드리다,초급
2,세상,0,명사,세상이 넓다,초급
2,세우다,0,동사,자리에서 세우다,초급
2,세탁,0,명사,세탁을 맡기다,초급
2,세탁기,0,명사,세탁기를 돌리다,초급
2,세탁소,0,명사,세탁소에 옷을 맡기다,초급
2,센터,0,명사,서비스 센터,초급
2,센티미터,0,의존명사,십 센티미터,초급
2,셋째,3,명사,순서,초급
2,셋째02‧셋째,1,수사‧관형사,순서,초급
2,소,2,명사,소를 기르다,초급
2,소고기,0,명사,소고기를 먹다,초급
2,소리,0,명사,소리가 나다,초급
2,소설,2,명사,소설을 읽다,초급
2,소식,2,명사,소식을 듣다,초급
2,소주,0,명사,소주를 마시다,초급
2,소중하다,0,형용사,소중한 생명,초급
2,소파,0,명사,소파에 앉다,초급
2,소포,0,명사,소포를 부치다,초급
2,소풍,0,명사,소풍을 가다,초급
2,소화제,0,명사,소화제를 먹다,초급
2,속,0,명사,주머니 속,초급
2,속도,0,명사,속도가 빠르다,초급
2,속옷,0,명사,속옷을 입다,초급
2,손가락,0,명사,손가락이 길다,초급
2,손녀,0,명사,손녀와 손자,초급
2,손바닥,0,명사,손바닥을 맞대다,초급
2,손수건,0,명사,손수건으로 닦다,초급
2,송편,0,명사,송편을 먹다,초급
2,수,10,명사,숫자,초급
2,수건,0,명사,수건으로 닦다,초급
2,수고,0,명사,수고를 덜다,초급
2,수술,2,명사,수술을 받다,초급
2,수영복,0,명사,수영복을 입다,초급
2,수저,0,명사,수저를 놓다,초급
2,순두부찌개,0,명사,순두부찌개를 끓이다,초급
2,순서,0,명사,순서를 매기다,초급
2,숟가락,0,명사,숟가락을 들다,초급
2,술집,0,명사,술집 출입,초급
2,숫자,0,명사,숫자를 세다,초급
2,쉬다,4,동사,숨을 쉬다,초급
2,쉰02·쉰,1,수사·관형사,숫자,초급
2,스무,0,관형사,숫자,초급
2,스스로,1,명사,스스로 일어서다,초급
2,스스로,2,부사,스스로 일어서다,초급
2,스웨터,0,명사,스웨터를 입다,초급
2,스카프,0,명사,스카프를 매다,초급
2,스케이트,0,명사,스케이트를 신다,초급
2,스키장,0,명사,스키장에서 놀다,초급
2,스타,0,명사,인기 스타,초급
2,스트레스,0,명사,스트레스를 풀다,초급
2,스파게티,0,명사,스파게티를 먹다,초급
2,스포츠,0,명사,스포츠 경기,초급
2,슬퍼하다,0,동사,죽음을 슬퍼하다,초급
2,슬픔,0,명사,슬픔에 잠기다,초급
2,습관,0,명사,습관을 기르다,초급
2,시,1,명사,시 예산,초급
2,시간표,0,명사,시간표를 짜다,초급
2,시계,1,명사,시계 소리,초급
2,시골,0,명사,시골 마을,초급
2,시끄럽다,0,형용사,시끄러운 소리,초급
2,시내,2,명사,서울 시내,초급
2,시민,0,명사,시민 의식,초급
2,시어머니,0,명사,시어머니를 모시다,초급
2,식구,0,명사,집안 식구,초급
2,식다,0,동사,국이 식다,초급
2,식빵,0,명사,식빵을 먹다,초급
2,식초,0,명사,식초 냄새,초급
2,식탁,0,명사,식탁을 차리다,초급
2,식품,0,명사,식품을 섭취하다,초급
2,신랑,0,명사,신랑과 신부,초급
2,신부,2,명사,아름다운 신부,초급
2,신분증,0,명사,신분증 재발급,초급
2,신선하다,0,형용사,신선한 과일,초급
2,신청,0,명사,신청을 받다,초급
2,신호,0,명사,신호를 기다리다,초급
2,신호등,0,명사,신호등을 기다리다,초급
2,신혼여행,0,명사,신혼여행을 떠나다,초급
2,싣다,0,동사,짐을 싣다,초급
2,실수,0,명사,실수를 범하다,초급
2,실패,2,명사,성공과 실패,초급
2,심다,0,동사,나무를 심다,초급
2,심심하다,1,형용사,심심한 날,초급
2,심하다,0,형용사,장난이 심하다,초급
2,싸다,1,동사,짐을 싸다,초급
2,싸우다,0,동사,친구와 싸우다,초급
2,쌀,0,명사,쌀을 먹다,초급
2,쌀쌀하다,0,형용사,쌀쌀한 날씨,초급
2,쌓다,1,동사,물건을 쌓다,초급
2,썰다,0,동사,오이를 썰다,초급
2,쓰다,2,동사,모자를 쓰다,초급
2,쓰레기,0,명사,쓰레기를 줍다,초급
2,쓰레기통,0,명사,쓰레기통에 버리다,초급
2,씹다,0,동사,껌을 씹다,초급
2,아가씨,0,명사,예쁜 아가씨,초급
2,아까,1,명사,아까 먹다,초급
2,아까,2,부사,아까 먹다,초급
2,아나운서,0,명사,아나운서가 보도하다,초급
2,아니,2,감탄사,,초급
2,아들,0,명사,아들을 낳다,초급
2,아래쪽,0,명사,길의 아래쪽,초급
2,아마,0,부사,,초급
2,아무,1,대명사,아무 책,초급
2,아무,2,관형사,아무 책,초급
2,아무것,0,명사,아무것이나 괜찮다,초급
2,아무리,1,부사,,초급
2,아버님,0,명사,아버님의 말씀,초급
2,아빠,0,명사,아빠와 엄마,초급
2,아줌마,0,명사,아줌마와 아저씨,초급
2,악기,0,명사,악기를 연주하다,초급
2,안개,0,명사,안개가 끼다,초급
2,안내문,0,명사,안내문을 받다,초급
2,안다,0,동사,아기를 안다,초급
2,안되다,1,동사,공부가 안되다,초급
2,안전,1,명사,안전을 지키다,초급
2,안쪽,0,명사,상자 안쪽,초급
2,알맞다,0,형용사,알맞은 단어,초급
2,알아보다,0,동사,정보를 알아보다,초급
2,앞쪽,0,명사,앞쪽 길,초급
2,애,2,명사,애를 돌보다,초급
2,애인,0,명사,애인과 연애하다,초급
2,앨범,0,명사,앨범을 펼치다,초급
2,야,2,감탄사,,초급
2,야채,0,명사,야채를 데치다,초급
2,약간,1,명사,약간 크다,초급
2,약간,2,부사,약간 크다,초급
2,약사,0,명사,약사가 되다,초급
2,약하다,0,형용사,맥박이 약하다,초급
2,얇다,0,형용사,얇은 껍질,초급
2,양말,0,명사,양말을 신다,초급
2,양복,0,명사,양복 차림,초급
2,양식,3,명사,양식을 먹다,초급
2,양식집,0,명사,양식집에 가다,초급
2,양치질,0,명사,양치질 습관,초급
2,얘기,0,명사,얘기를 꺼내다,초급
2,어,2,감탄사,,초급
2,어깨,0,명사,어깨가 넓다,초급
2,어둡다,0,형용사,어두운 밤,초급
2,어떠하다,0,형용사,어떠한 문제,초급
2,어른,0,명사,어른이 되다,초급
2,어리다,2,형용사,어린 시절,초급
2,어린아이,0,명사,어린아이가 울다,초급
2,어린이,0,명사,어린이 도서관,초급
2,어머님,0,명사,어머님과 아버님,초급
2,어울리다,0,동사,사람들과 어울리다,초급
2,어젯밤,0,명사,어젯밤 꿈,초급
2,언어,0,명사,음성 언어,초급
2,언제나,0,부사,,초급
2,얻다,0,동사,음식을 얻다,초급
2,얼다,0,동사,강이 얼다,초급
2,얼음,0,명사,얼음이 녹다,초급
2,엄마,0,명사,엄마를 닮다,초급
2,엉덩이,0,명사,엉덩이를 두드리다,초급
2,엘리베이터,0,명사,엘리베이터를 타다,초급
2,여기저기,0,명사,여기저기 돌아다니다,초급
2,여성,0,명사,여성과 남성,초급
2,여쭙다,0,동사,선생님께 여쭙다,초급
2,여학생,0,명사,여학생 기숙사,초급
2,여행지,0,명사,신혼 여행지,초급
2,역사,0,명사,한국의 역사,초급
2,역시,0,부사,나 역시,초급
2,연결,0,명사,연결이 끊기다,초급
2,연락,0,명사,연락을 주다,초급
2,연락처,0,명사,연락처를 남기다,초급
2,연말,0,명사,연말 모임,초급
2,연세,0,명사,연세가 많다,초급
2,연예인,0,명사,유명 연예인,초급
2,연휴,0,명사,추석 연휴,초급
2,열,4,명사,열이 나다,초급
2,열리다,2,동사,문이 열리다,초급
2,열차,0,명사,열차를 타다,초급
2,열흘,0,명사,열흘의 휴가,초급
2,엽서,0,명사,엽서를 배달하다,초급
2,영수증,0,명사,영수증을 끊다,초급
2,영하,0,명사,영하의 기온,초급
2,옆집,0,명사,옆집 아저씨,초급
2,예매,0,명사,영화표 예매,초급
2,예순,1,관형사,숫자,초급
2,예순,2,수사,숫자,초급
2,예술,0,명사,예술 작품,초급
2,예습,0,명사,예습과 복습,초급
2,예약,0,명사,호텔 예약,초급
2,옛,0,관형사,옛 친구,초급
2,옛날,0,명사,먼 옛날,초급
2,오래,0,부사,오래 걸리다,초급
2,오래간만,0,명사,오래간만에 만나다,초급
2,오래되다,0,형용사,오래된 건물,초급
2,오랜만,0,명사,오랜만에 만나다,초급
2,오랫동안,0,명사,오랫동안 사귀다,초급
2,오르다,0,동사,값이 오르다,초급
2,오른손,0,명사,오른손을 들다,초급
2,오이,0,명사,오이를 썰다,초급
2,온도,0,명사,온도가 높다,초급
2,올라오다,0,동사,정상에 올라오다,초급
2,올리다,0,동사,값을 올리다,초급
2,올림,1,명사,홍길동 올림,초급
2,올림픽,0,명사,올림픽 경기,초급
2,옳다,1,형용사,판단이 옳다,초급
2,옷걸이,0,명사,옷걸이에 걸다,초급
2,옷장,0,명사,옷장을 정리하다,초급
2,와이셔츠,0,명사,와이셔츠를 입다,초급
2,완전히,0,부사,완전히 끝나다,초급
2,왕,0,명사,왕과 왕비,초급
2,왜냐하면,0,부사,,초급
2,외롭다,0,형용사,외로운 인생,초급
2,외우다,0,동사,단어를 외우다,초급
2,외출,0,명사,외출을 삼가다,초급
2,왼손,0,명사,왼손을 들다,초급
2,요금,0,명사,전화 요금,초급
2,요리사,0,명사,한식 요리사,초급
2,우동,0,명사,우동을 먹다,초급
2,우리나라,0,명사,우리나라 사람,초급
2,우선,1,부사,우선 먼저,초급
2,운동복,0,명사,운동복을 입다,초급
2,운전사,0,명사,트럭 운전사,초급
2,울산,0,명사,도시,초급
2,울음,0,명사,울음을 그치다,초급
2,움직이다,0,동사,몸을 움직이다,초급
2,웃음,0,명사,웃음이 나다,초급
2,원피스,0,명사,원피스를 입다,초급
2,원하다,0,동사,도움을 원하다,초급
2,월급,0,명사,월급을 받다,초급
2,위쪽,0,명사,위쪽과 아래쪽,초급
2,위치,0,명사,위치를 옮기다,초급
2,위험,0,명사,위험이 닥치다,초급
2,유리,2,명사,유리가 깨지다,초급
2,유치원,0,명사,유치원에 입학하다,초급
2,유학,1,명사,유학을 가다,초급
2,유학생,0,명사,유학생 신분,초급
2,유행,0,명사,유행을 따르다,초급
2,육교,0,명사,육교를 건너다,초급
2,윷놀이,0,명사,윷놀이를 하다,초급
2,음료,0,명사,과일 음료,초급
2,음식점,0,명사,음식점에서 식사하다,초급
2,음악가,0,명사,음악가가 연주하다,초급
2,응,0,감탄사,,초급
2,의미,0,명사,단어의 의미,초급
2,이,3,명사,이를 닦다,초급
2,이거,0,대명사,,초급
2,이곳,0,대명사,,초급
2,이기다,1,동사,경기에서 이기다,초급
2,이날,0,명사,이날 공연,초급
2,이때,0,명사,이때를 놓치다,초급
2,이런,1,관형사,이런 일,초급
2,이렇다,0,형용사,결과가 이렇다,초급
2,이르다,3,형용사,이른 아침,초급
2,이마,0,명사,이마가 넓다,초급
2,이모,0,명사,친척,초급
2,이미,0,부사,이미 끝나다,초급
2,이분,0,대명사,,초급
2,이불,0,명사,이불을 덮다,초급
2,이사,2,명사,이사를 가다,초급
2,이삿짐,0,명사,이삿짐을 싸다,초급
2,이상,1,명사,한 시간 이상,초급
2,이상,4,명사,이상 기온,초급
2,이용,0,명사,이용 방법,초급
2,이웃,0,명사,이웃 나라,초급
2,이전,0,명사,이전의 경험,초급
2,이제,1,명사,이제부터,초급
2,이제,2,부사,이제부터,초급
2,이틀,0,명사,이틀이 지나다,초급
2,이해,2,명사,이해가 쉽다,초급
2,이후,0,명사,이후의 삶,초급
2,익다,1,동사,과일이 익다,초급
2,익숙하다,0,형용사,익숙한 손길,초급
2,인기,0,명사,인기가 많다,초급
2,인삼,0,명사,인삼을 먹다,초급
2,인형,0,명사,곰 인형,초급
2,일기,3,명사,일기를 쓰다,초급
2,일부,0,명사,일부 지역,초급
2,일식,1,명사,일식을 먹다,초급
2,일식집,0,명사,일식집에서 먹다,초급
2,일어서다,0,동사,자리에서 일어서다,초급
2,잃다,0,동사,물건을 잃다,초급
2,잃어버리다,0,동사,물건을 잃어버리다,초급
2,입구,0,명사,지하철 입구,초급
2,입술,0,명사,빨간 입술,초급
2,입원,0,명사,입원 환자,초급
2,입장권,0,명사,입장권을 사다,초급
2,입학,0,명사,대학 입학,초급
2,잊다,0,동사,번호를 잊다,초급
2,잊어버리다,0,동사,비밀번호를 잊어버리다,초급
2,잎,0,명사,잎이 무성하다,초급
2,자기소개,0,명사,자기소개를 하다,초급
2,자꾸,0,부사,자꾸 반복하다,초급
2,자동판매기,0,명사,음료수 자동판매기,초급
2,자라다,0,동사,나무가 자라다,초급
2,자랑,0,명사,솜씨 자랑,초급
2,자르다,0,동사,머리를 자르다,초급
2,자리,1,명사,자리에 앉다,초급
2,자세히,0,부사,자세히 알다,초급
2,자식,1,명사,자식을 기르다,초급
2,자신,1,명사,자신을 돌보다,초급
2,자연,1,명사,자연으로 돌아가다,초급
2,자유,0,명사,자유를 누리다,초급
2,자장면,0,명사,자장면을 먹다,초급
2,자판기,0,명사,커피 자판기,초급
2,잔치,0,명사,생일잔치,초급
2,잘되다,0,동사,일이 잘되다,초급
2,잘못되다,0,동사,순서가 잘못되다,초급
2,잘못하다,0,동사,계산을 잘못하다,초급
2,잘생기다,0,형용사,잘생긴 사람,초급
2,잠자다,0,동사,잠자는 모습,초급
2,잡다,0,동사,손을 잡다,초급
2,잡지,0,명사,잡지를 보다,초급
2,장,2,의존명사,한 장,초급
2,장갑,0,명사,장갑을 끼다,초급
2,장난감,0,명사,장난감 기차,초급
2,장마,0,명사,여름 장마,초급
2,장미,0,명사,장미가 피다,초급
2,재료,0,명사,재료를 준비하다,초급
2,재미,1,명사,재미를 느끼다,초급
2,재채기,0,명사,재채기가 나오다,초급
2,저거,0,대명사,,초급
2,저곳,0,대명사,,초급
2,저금,0,명사,저금을 찾다,초급
2,저런,1,관형사,저런 사람,초급
2,저렇다,0,형용사,,초급
2,저번,0,명사,저번 주,초급
2,저분,0,대명사,,초급
2,저희,0,대명사,,초급
2,적다,1,동사,이름을 적다,초급
2,적당하다,0,형용사,적당한 가격,초급
2,전,1,관형사,전 세계,초급
2,전기,4,명사,전기가 끊기다,초급
2,전부,1,명사,전부 모이다,초급
2,전부,2,부사,전부 모이다,초급
2,전철,2,명사,전철을 타다,초급
2,전체,0,명사,전체 국민,초급
2,전하다,0,동사,편지를 전하다,초급
2,전혀,0,부사,전혀 모르다,초급
2,전화기,0,명사,전화기 벨소리,초급
2,젊다,0,형용사,젊은 남녀,초급
2,점수,0,명사,점수가 높다,초급
2,점심시간,0,명사,점심시간이 되다,초급
2,점점,0,부사,점점 추워지다,초급
2,접다,0,동사,종이를 접다,초급
2,접시,0,명사,접시에 담다,초급
2,젓가락,1,명사,젓가락과 숟가락,초급
2,정거장,0,명사,버스 정거장,초급
2,정도,2,명사,어느 정도,초급
2,정리,0,명사,책상 정리,초급
2,정문,1,명사,학교 정문,초급
2,정원,2,명사,정원을 가꾸다,초급
2,정하다,2,동사,시간을 정하다,초급
2,정확,0,명사,발음이 정확하다,초급
2,젖다,0,동사,옷이 젖다,초급
2,제목,0,명사,소설 제목,초급
2,조금씩,0,부사,조금씩 가다,초급
2,조심,0,명사,산불 조심,초급
2,조용히,0,부사,조용히 말하다,초급
2,조카,0,명사,조카가 생기다,초급
2,졸다,1,동사,깜빡 졸다,초급
2,좁다,0,형용사,방이 좁다,초급
2,종류,0,명사,종류가 다양하다,초급
2,종이,0,명사,종이에 쓰다,초급
2,주머니,0,명사,실내화 주머니,초급
2,주문,2,명사,주문을 받다,초급
2,주변,2,명사,주변 환경,초급
2,주사,1,명사,주사를 맞다,초급
2,주위,0,명사,코 주위,초급
2,주차,0,명사,주차 위반,초급
2,주차장,0,명사,주차장에 세우다,초급
2,주황색,0,명사,색,초급
2,죽다,1,동사,사람이 죽다,초급
2,줄,1,명사,줄을 매다,초급
2,줄다,0,동사,몸무게가 줄다,초급
2,줄이다,0,동사,소리를 줄이다,초급
2,줍다,0,동사,쓰레기를 줍다,초급
2,중간,0,명사,학교와 집의 중간,초급
2,중국집,0,명사,중국집에 주문하다,초급
2,중심,0,명사,서울의 중심,초급
2,중앙,0,명사,무대 중앙,초급
2,중요,0,명사,중요 자료,초급
2,중학교,0,명사,중학교에 들어가다,초급
2,중학생,0,명사,중학생이 되다,초급
2,즐거워하다,0,동사,매우 즐거워하다,초급
2,즐겁다,0,형용사,즐거운 마음,초급
2,즐기다,0,동사,휴일을 즐기다,초급
2,지각,2,명사,지각이 잦다,초급
2,지나가다,0,동사,하루가 지나가다,초급
2,지난번,0,명사,지난번 경기,초급
2,지다,2,동사,경기에서 지다,초급
2,지도,1,명사,지도를 보다,초급
2,지루하다,0,형용사,수업이 지루하다,초급
2,지르다,3,동사,소리를 지르다,초급
2,지방,1,명사,남쪽 지방,초급
2,지우다,1,동사,낙서를 지우다,초급
2,지키다,0,동사,나라를 지키다,초급
2,지하,0,명사,지하 주차장,초급
2,지하도,0,명사,지하도를 건너다,초급
2,직장,0,명사,직장에 다니다,초급
2,직접,1,명사,직접 만나다,초급
2,직접,2,부사,직접 만나다,초급
2,진짜,1,명사,진짜 괜찮다,초급
2,진짜,2,부사,진짜 괜찮다,초급
2,진하다,0,형용사,안개가 진하다,초급
2,짐,0,명사,짐을 싸다,초급
2,집들이,0,명사,집들이에 초대하다,초급
2,집안일,0,명사,집안일을 돕다,초급
2,짓다,0,동사,집을 짓다,초급
2,짜증,0,명사,짜증을 내다,초급
2,짝,1,명사,짝을 맞추다,초급
2,짧다,0,형용사,다리가 짧다,초급
2,짬뽕,0,명사,짬뽕을 시키다,초급
2,찌개,0,명사,찌개를 끓이다,초급
2,찌다,1,동사,살이 찌다,초급
2,찌다,2,동사,감자를 찌다,초급
2,차,1,명사,차를 마시다,초급
2,차,2,명사,차를 타다,초급
2,차갑다,0,형용사,물이 차갑다,초급
2,차다,1,동사,가득 차다,초급
2,차다,2,동사,공을 차다,초급
2,차다,3,동사,시계를 차다,초급
2,차다,4,형용사,바람이 차다,초급
2,차례,1,명사,차례를 지키다,초급
2,착하다,0,형용사,착한 사람,초급
2,찬물,0,명사,찬물을 마시다,초급
2,참다,0,동사,기침을 참다,초급
2,찾아가다,0,동사,교실로 찾아가다,초급
2,찾아오다,0,동사,손님이 찾아오다,초급
2,채소,0,명사,채소를 먹다,초급
2,책장,2,명사,가구,초급
2,첫,0,관형사,첫 만남,초급
2,첫날,0,명사,새해 첫날,초급
2,첫째,3,명사,순서,초급
2,첫째02‧첫째,1,수사‧관형사,순서,초급
2,청년,0,명사,젊은 청년,초급
2,청바지,0,명사,청바지를 입다,초급
2,청소년,0,명사,청소년 시절,초급
2,체육관,0,명사,실내 체육관,초급
2,쳐다보다,0,동사,위를 쳐다보다,초급
2,초,2,의존명사,5월 초,초급
2,초,3,의존명사,1분 50초,초급
2,초대장,0,명사,결혼식 초대장,초급
2,초등학교,0,명사,초등학교에 입학하다,초급
2,초등학생,0,명사,초등학생이 되다,초급
2,초록색,0,명사,색,초급
2,최고,2,명사,최고 점수,초급
2,최근,0,명사,최근 개봉작,초급
2,추석,0,명사,명절,초급
2,축구공,0,명사,축구공을 차다,초급
2,출구,0,명사,출구로 나가다,초급
2,출근,0,명사,출근 시간,초급
2,출석,0,명사,출석을 부르다,초급
2,출입,0,명사,출입 금지,초급
2,출입국,0,명사,출입국 사무소,초급
2,출장,0,명사,출장을 가다,초급
2,출퇴근,0,명사,출퇴근 시간,초급
2,충분하다,0,형용사,시간이 충분하다,초급
2,취소,0,명사,예약 취소,초급
2,취직,0,명사,대기업 취직,초급
2,치과,0,명사,치과 의사,초급
2,치료,0,명사,응급 치료,초급
2,치약,0,명사,치약을 짜다,초급
2,치킨,0,명사,양념 치킨,초급
2,친척,0,명사,친척이 모이다,초급
2,침실,0,명사,침실에서 자다,초급
2,칫솔,0,명사,칫솔과 치약,초급
2,칭찬,0,명사,칭찬을 듣다,초급
2,카레,0,명사,인도 카레,초급
2,카페,0,명사,카페에서 만나다,초급
2,칼,0,명사,칼로 썰다,초급
2,칼국수,0,명사,바지락 칼국수,초급
2,켜다,2,동사,바이올린을 켜다,초급
2,켤레,0,의존명사,한 켤레,초급
2,코끼리,0,명사,동물,초급
2,콧물,0,명사,콧물이 나오다,초급
2,콩,0,명사,콩을 재배하다,초급
2,크기,0,명사,크기가 작다,초급
2,크리스마스,0,명사,크리스마스 파티,초급
2,큰소리,0,명사,큰소리가 들리다,초급
2,키우다,0,동사,강아지를 키우다,초급
2,킬로그램,0,의존명사,무게,초급
2,킬로미터,0,의존명사,거리,초급
2,타다,3,동사,커피를 타다,초급
2,탕수육,0,명사,탕수육을 먹다,초급
2,태극기,0,명사,태극기를 달다,초급
2,태도,0,명사,수업 태도,초급
2,태어나다,0,동사,아이가 태어나다,초급
2,태풍,0,명사,태풍이 불다,초급
2,택배,0,명사,택배로 보내다,초급
2,테니스장,0,명사,테니스장에 가다,초급
2,테이블,0,명사,테이블에 놓다,초급
2,토끼,0,명사,토끼 사냥,초급
2,토마토,0,명사,토마토 주스,초급
2,통장,0,명사,은행 통장,초급
2,통화,2,명사,전화 통화,초급
2,퇴원,0,명사,입원과 퇴원,초급
2,튀기다,2,동사,기름에 튀기다,초급
2,튀김,0,명사,튀김이 바삭하다,초급
2,트럭,0,명사,트럭 운전자,초급
2,특별히,0,부사,특별히 좋아하다,초급
2,튼튼하다,0,형용사,몸이 튼튼하다,초급
2,틀다,0,동사,텔레비전을 틀다,초급
2,틀리다,1,동사,답이 틀리다,초급
2,팀,0,명사,팀을 이루다,초급
2,파란색,0,명사,색,초급
2,파랗다,0,형용사,하늘이 파랗다,초급
2,팔리다,0,동사,물건이 팔리다,초급
2,펴다,0,동사,우산을 펴다,초급
2,편리,0,명사,교통이 편리하다,초급
2,편안,0,명사,마음이 편안하다,초급
2,편찮다,0,형용사,몸이 편찮다,초급
2,편하다,0,형용사,마음이 편하다,초급
2,평소,0,명사,평소 때,초급
2,평일,0,명사,평일과 주말,초급
2,포장,1,명사,선물 포장,초급
2,푸르다,0,형용사,숲이 푸르다,초급
2,푹,0,부사,푹 자다,초급
2,풀다,0,동사,나사를 풀다,초급
2,풍경,0,명사,자연 풍경,초급
2,프라이팬,0,명사,프라이팬에 볶다,초급
2,피,1,명사,피를 뽑다,초급
2,피다,0,동사,꽃이 피다,초급
2,피자,0,명사,피자를 주문하다,초급
2,하늘,0,명사,하늘과 땅,초급
2,하늘색,0,명사,색,초급
2,하숙비,0,명사,하숙비를 내다,초급
2,하얀색,0,명사,색,초급
2,하얗다,0,형용사,눈이 하얗다,초급
2,학기,0,명사,학기가 시작되다,초급
2,학년,0,명사,1학년,초급
2,학원,0,명사,피아노 학원,초급
2,한강,0,명사,한강 공원,초급
2,한글,0,명사,한글을 쓰다,초급
2,한두,0,관형사,한두 명,초급
2,한번,0,명사,한번 해 보다,초급
2,한식,3,명사,한식 메뉴,초급
2,한식집,0,명사,한식집에서 식사하다,초급
2,한옥,0,명사,한옥 마을,초급
2,한잔,0,명사,한잔 마시다,초급
2,한턱,0,명사,한턱을 내다,초급
2,할인,0,명사,할인 가격,초급
2,항공,0,명사,항공 회사,초급
2,항공권,0,명사,항공권을 예약하다,초급
2,항상,0,부사,항상 같다,초급
2,해,1,명사,해가 뜨다,초급
2,해,2,의존명사,해가 뜨다,초급
2,해마다,0,부사,해마다 만나다,초급
2,해외,0,명사,해외 유학,초급
2,해외여행,0,명사,해외여행을 가다,초급
2,햄버거,0,명사,햄버거를 먹다,초급
2,햇빛,0,명사,햇빛이 비치다,초급
2,행동,0,명사,행동에 옮기다,초급
2,행복,0,명사,행복을 빌다,초급
2,행사,1,명사,오픈 행사,초급
2,허리,0,명사,허리 사이즈,초급
2,헤어지다,0,동사,친구와 헤어지다,초급
2,헬스클럽,0,명사,헬스클럽에서 운동하다,초급
2,혀,0,명사,혀를 내밀다,초급
2,현금,0,명사,현금으로 결제하다,초급
2,현재,1,명사,과거와 현재,초급
2,현재,2,부사,과거와 현재,초급
2,형제,0,명사,아들 삼 형제,초급
2,호랑이,0,명사,동물,초급
2,호수,2,명사,인공 호수,초급
2,혹시,0,부사,혹시 모르면,초급
2,홍차,0,명사,홍차를 마시다,초급
2,화,1,명사,화가 나다,초급
2,화가,0,명사,화가의 그림,초급
2,화나다,0,동사,화난 얼굴,초급
2,화내다,0,동사,친구에게 화내다,초급
2,화려하다,0,형용사,보석이 화려하다,초급
2,화장품,0,명사,화장품을 바르다,초급
2,환영,2,명사,환영을 받다,초급
2,환자,0,명사,암 환자,초급
2,환전,0,명사,달러 환전,초급
2,회,1,의존명사,여러 회,초급
2,회색,0,명사,색,초급
2,회원,0,명사,회원을 모집하다,초급
2,횡단보도,0,명사,횡단보도를 건너다,초급
2,후배,0,명사,회사 후배,초급
2,훌륭하다,0,형용사,작품이 훌륭하다,초급
2,훨씬,0,부사,훨씬 많다,초급
2,휴게실,0,명사,휴게실에서 쉬다,초급
2,휴대폰,0,명사,휴대폰으로 전화하다,초급
2,휴일,0,명사,휴일 계획,초급
2,휴지,0,명사,휴지를 줍다,초급
2,휴지통,0,명사,휴지통에 버리다,초급
2,흐르다,0,동사,물이 흐르다,초급
2,흔들다,0,동사,손을 흔들다,초급
2,흘리다,0,동사,눈물을 흘리다,초급
2,희망,0,명사,희망 사항,초급
2,흰색,0,명사,색,초급
2,힘,0,명사,힘이 세다,초급
3,-감,0,접사,책임감,중급
3,-기,7,접사,세탁기,중급
3,-님,0,접사,선생님,중급
3,-률,2,접사,출생률,중급
3,-물,0,접사,농산물,중급
3,-별,0,접사,학년별,중급
3,-비,0,접사,휴가비,중급
3,-사,1,접사,변호사,중급
3,-생,2,접사,실습생,중급
3,-소,0,접사,연구소,중급
3,-심,0,접사,배려심,중급
3,-씩,0,접사,조금씩,중급
3,-어,1,접사,한국어,중급
3,-여,2,접사,십여 년,중급
3,-용,0,접사,어린이용,중급
3,-원,2,접사,대학원,중급
3,-율,2,접사,할인율,중급
3,-장,7,접사,운동장,중급
3,-적,0,접사,일반적,중급
3,-점,0,접사,백화점,중급
3,-짜리,0,접사,백 원짜리,중급
3,-쯤,0,접사,이쯤,중급
3,-학,0,접사,경제학,중급
3,-행,0,접사,서울행,중급
3,가꾸다,0,동사,정원을 가꾸다,중급
3,가난,0,명사,가난을 겪다,중급
3,가능,0,명사,주차 가능,중급
3,가득하다,0,형용사,물이 가득하다,중급
3,가득히,0,부사,가득히 넣다,중급
3,가렵다,0,형용사,몸이 가렵다,중급
3,가로,1,명사,가로와 세로,중급
3,가로,2,부사,가로와 세로,중급
3,가루,0,명사,가루로 만들다,중급
3,가리다,2,동사,얼굴을 가리다,중급
3,가스,0,명사,가스 요금,중급
3,가스레인지,0,명사,가스레인지를 켜다,중급
3,가습기,0,명사,가습기를 켜다,중급
3,가입,0,명사,회원 가입,중급
3,가입자,0,명사,신규 가입자,중급
3,가전제품,0,명사,가전제품을 구매하다,중급
3,가정,1,명사,가정을 이루다,중급
3,가죽,0,명사,가죽 잠바,중급
3,각,1,관형사,각 개인,중급
3,각자,1,명사,각자가 맡다,중급
3,각자,2,부사,각자가 맡다,중급
3,간,1,명사,간을 보다,중급
3,간판,0,명사,간판을 걸다,중급
3,간호,0,명사,간호를 받다,중급
3,갈다,1,동사,전구를 갈다,중급
3,갈증,0,명사,갈증이 나다,중급
3,감각,0,명사,감각이 없다,중급
3,감다,3,동사,붕대를 감다,중급
3,감독,0,명사,감독을 강화하다,중급
3,감동,0,명사,감동을 받다,중급
3,감동적01∙감동적,2,관형사∙명사,감동적 이야기,중급
3,감상,3,명사,음악 감상,중급
3,감정,1,명사,감정이 풍부하다,중급
3,강물,0,명사,강물이 흐르다,중급
3,강사,2,명사,시간 강사,중급
3,개나리,0,명사,개나리가 피다,중급
3,개다,1,동사,날씨가 개다,중급
3,개인,0,명사,개인의 자유,중급
3,개인적01∙개인적,2,관형사∙명사,개인적 감정,중급
3,걔,0,줄어든말,그 아이,중급
3,거꾸로,0,부사,거꾸로 뒤집히다,중급
3,거스름돈,0,명사,거스름돈을 받다,중급
3,거품,0,명사,거품이 나다,중급
3,건널목,0,명사,건널목을 건너다,중급
3,건조,2,명사,건조 기후,중급
3,걸레,0,명사,걸레로 닦다,중급
3,검다,0,형용사,색깔이 검다,중급
3,검색,0,명사,인터넷 검색,중급
3,검토,0,명사,서류 검토,중급
3,겁,0,명사,겁이 많다,중급
3,겉옷,0,명사,겉옷을 벗다,중급
3,게시,0,명사,안내문 게시,중급
3,게시판,0,명사,게시판에 붙이다,중급
3,겨우,0,부사,겨우 몇 개,중급
3,결국,1,명사,결국 해내다,중급
3,결국,2,부사,결국 해내다,중급
3,결제,0,명사,카드 결제,중급
3,경기장,0,명사,실내 경기장,중급
3,경복궁,0,명사,경복궁에 가다,중급
3,경비,1,명사,여행 경비,중급
3,경비실,0,명사,아파트 경비실,중급
3,경우,0,명사,그런 경우,중급
3,경제,0,명사,경제 개발,중급
3,경제적01∙경제적,2,관형사∙명사,경제적 능력,중급
3,경찰관,0,명사,교통 경찰관,중급
3,곁,1,명사,곁에 있다,중급
3,계곡,0,명사,계곡에서 놀다,중급
3,계약,0,명사,계약을 맺다,중급
3,계약금,0,명사,계약금을 받다,중급
3,계좌,0,명사,계좌 번호,중급
3,고객,0,명사,고객을 맞다,중급
3,고구마,0,명사,고구마를 먹다,중급
3,고궁,0,명사,고궁을 산책하다,중급
3,고백,0,명사,사랑 고백,중급
3,고생,0,명사,고생이 심하다,중급
3,고속,0,명사,고속 도로,중급
3,고추,0,명사,고추를 따다,중급
3,고춧가루,0,명사,고춧가루를 뿌리다,중급
3,곤란,0,명사,곤란한 질문,중급
3,곧이어,0,부사,곧이어 시작하다,중급
3,곧장,0,부사,곧장 가다,중급
3,골고루,0,부사,골고루 먹다,중급
3,골목,0,명사,좁은 골목,중급
3,골목길,0,명사,골목길을 걷다,중급
3,골프,0,명사,골프 선수,중급
3,곰,0,명사,동물,중급
3,곱다,1,형용사,고운 얼굴,중급
3,곱하다,0,동사,수를 곱하다,중급
3,곳곳,0,명사,전국 곳곳,중급
3,공,3,명사,숫자,중급
3,공간,0,명사,공간을 차지하다,중급
3,공공,0,명사,공공 기관,중급
3,공공장소,0,명사,공공장소를 이용하다,중급
3,공과금,0,명사,공과금을 내다,중급
3,공기,2,명사,공기가 맑다,중급
3,공동,0,명사,공동 개최,중급
3,공사,1,명사,신축 공사,중급
3,공식,0,명사,공식 발표,중급
3,공연,0,명사,공연을 보다,중급
3,공연장,0,명사,공연장에 몰려들다,중급
3,공주,0,명사,공주와 왕자,중급
3,공중전화,0,명사,공중전화 박스,중급
3,공통,0,명사,공통 화제,중급
3,공통점,0,명사,공통점을 찾다,중급
3,공포,2,명사,공포를 느끼다,중급
3,과,2,명사,과를 옮기다,중급
3,과로,0,명사,과로로 쓰러지다,중급
3,과목,0,명사,시험 과목,중급
3,과식,0,명사,과식 습관,중급
3,과장,2,명사,과장이 심하다,중급
3,과장,3,명사,과장으로 승진하다,중급
3,과정,1,명사,과정을 겪다,중급
3,과학,0,명사,과학 기술,중급
3,과학자,0,명사,과학자가 되다,중급
3,관객,0,명사,관객이 모여들다,중급
3,관계없다,0,형용사,관계없는 일,중급
3,관계없이,0,부사,시간에 관계없이,중급
3,관계있다,0,형용사,주제와 관련있다,중급
3,관람,0,명사,연극 관람,중급
3,관람객,0,명사,영화 관람객,중급
3,관련,0,명사,관련이 있다,중급
3,관리,2,명사,학생 관리,중급
3,관찰,0,명사,식물 관찰,중급
3,광경,0,명사,광경을 보다,중급
3,굉장히,0,부사,굉장히 좋아하다,중급
3,교시,1,의존명사,1교시,중급
3,교외,1,명사,교외로 나가다,중급
3,교통수단,0,명사,교통수단을 이용하다,중급
3,교통편,0,명사,교통편을 예약하다,중급
3,교포,0,명사,재일 교포,중급
3,구,5,명사,행정 구역,중급
3,구경거리,0,명사,구경거리가 많다,중급
3,구멍,0,명사,구멍을 뚫다,중급
3,구수하다,0,형용사,맛이 구수하다,중급
3,구역,0,명사,금연 구역,중급
3,구입,0,명사,물품 구입,중급
3,구조,2,명사,구조를 바꾸다,중급
3,구체적01∙구체적,2,관형사∙명사,구체적 성과,중급
3,구하다,1,동사,일자리를 구하다,중급
3,국가,1,명사,민주 국가,중급
3,국기,0,명사,국기를 달다,중급
3,국내선,0,명사,국내선으로 갈아타다,중급
3,국립,0,명사,국립 미술관,중급
3,국물,0,명사,국물을 마시다,중급
3,국민,0,명사,국민 소득,중급
3,국어,0,명사,국어를 가르치다,중급
3,군대,0,명사,군대에 가다,중급
3,굶다,0,동사,밥을 굶다,중급
3,굽,0,명사,구두 굽,중급
3,권하다,0,동사,입원을 권하다,중급
3,귀하,1,명사,김철수 귀하,중급
3,귀하,2,대명사,김철수 귀하,중급
3,규칙적01∙규칙적,2,관형사∙명사,규칙적 생활,중급
3,그녀,0,대명사,,중급
3,그래도,0,줄어든말,그리하여도,중급
3,그램,0,의존명사,고기 백 그램,중급
3,그러다,0,동사,,중급
3,그룹,0,명사,스터디 그룹,중급
3,그만하다,1,동사,일을 그만하다,중급
3,그저,0,부사,그저 웃기만 하다,중급
3,그제,1,명사,그저께,중급
3,그제,2,부사,그저께,중급
3,그중,0,명사,그중에서 제일,중급
3,근데,0,부사,,중급
3,근무,0,명사,근무를 마치다,중급
3,근육,0,명사,근육 운동,중급
3,금,2,명사,요일,중급
3,금,3,명사,금 목걸이,중급
3,금액,0,명사,금액을 지불하다,중급
3,금연,0,명사,금연 좌석,중급
3,긋다,1,동사,선을 긋다,중급
3,긍정적01∙긍정적,2,관형사∙명사,긍정적 태도,중급
3,기계,0,명사,기계가 작동하다,중급
3,기관,0,명사,공공 기관,중급
3,기구,1,명사,운동 기구,중급
3,기념,0,명사,결혼 기념,중급
3,기념품,0,명사,기념품을 사다,중급
3,기능,2,명사,기능이 다양하다,중급
3,기다,0,동사,아기가 기다,중급
3,기대,0,명사,기대를 받다,중급
3,기대다,1,동사,벽에 기대다,중급
3,기도,2,명사,기도를 드리다,중급
3,기말시험,0,명사,기말시험을 보다,중급
3,기사,1,명사,버스 기사,중급
3,기사,2,명사,신문 기사,중급
3,기술자,0,명사,기술자를 양성하다,중급
3,기억력,0,명사,기억력이 좋다,중급
3,기업,0,명사,기업을 운영하다,중급
3,기준,0,명사,기준을 세우다,중급
3,기초,0,명사,기초를 다지다,중급
3,기타,1,명사,기타 등등,중급
3,긴급,0,명사,긴급 구조,중급
3,긴팔,0,명사,긴팔을 입다,중급
3,길다,1,동사,머리가 길다,중급
3,김,1,명사,김이 나다,중급
3,까다,1,동사,껍데기를 까다,중급
3,깔끔하다,0,형용사,방이 깔끔하다,중급
3,깜빡,0,부사,깜빡 켜지다,중급
3,깨지다,0,동사,유리가 깨지다,중급
3,꺼지다,1,동사,불이 꺼지다,중급
3,껍질,0,명사,과일 껍질,중급
3,꼬리,0,명사,꼬리를 흔들다,중급
3,꼼짝,0,부사,꼼짝 못하다,중급
3,꽂다,0,동사,열쇠를 꽂다,중급
3,꽃무늬,0,명사,꽃무늬 커튼,중급
3,꽉,0,부사,꽉 누르다,중급
3,꽤,0,부사,꽤 멀다,중급
3,꾸준히,0,부사,꾸준히 노력하다,중급
3,꿀,0,명사,꿀을 넣다,중급
3,끈,0,명사,끈을 묶다,중급
3,끊기다,0,동사,도로가 끊기다,중급
3,끊어지다,0,동사,줄이 끊어지다,중급
3,끌다,0,동사,신발을 끌다,중급
3,끝내,0,부사,끝내 모르다,중급
3,끼,1,명사,끼를 거르다,중급
3,끼다,2,동사,구름이 끼다,중급
3,나르다,0,동사,이삿짐을 나르다,중급
3,나물,1,명사,나물을 다듬다,중급
3,나뭇잎,0,명사,나뭇잎을 따다,중급
3,나빠지다,0,동사,건강이 나빠지다,중급
3,나아지다,0,동사,건강이 나아지다,중급
3,나이프,0,명사,나이프로 썰다,중급
3,나타내다,0,동사,모습을 나타내다,중급
3,낙엽,0,명사,낙엽을 태우다,중급
3,난로,0,명사,난로를 피우다,중급
3,난방,0,명사,난방과 냉방,중급
3,날아가다,0,동사,새가 날아가다,중급
3,낡다,0,형용사,옷이 낡다,중급
3,남,2,명사,남자,중급
3,남,3,명사,남쪽,중급
3,남미,0,명사,남미 대륙,중급
3,남부,0,명사,남부 지방,중급
3,낯설다,0,형용사,얼굴이 낯설다,중급
3,낳다,1,동사,아기를 낳다,중급
3,내,5,의존명사,기간 내,중급
3,내내,0,부사,일 년 내내,중급
3,내달,0,명사,내달 초,중급
3,내려놓다,0,동사,책을 내려놓다,중급
3,내보내다,0,동사,밖으로 내보내다,중급
3,내성적01∙내성적,2,관형사∙명사,내성적 성격,중급
3,내주다,0,동사,거스름돈을 내주다,중급
3,내후년,0,명사,내후년이 지나다,중급
3,낼모레,1,명사,내일 모레,중급
3,낼모레,2,부사,내일 모레,중급
3,냉동,0,명사,냉동 창고,중급
3,냉방,0,명사,냉방과 난방,중급
3,냉정하다,1,형용사,성격이 냉정하다,중급
3,널다,0,동사,빨래를 널다,중급
3,널리,0,부사,널리 알려지다,중급
3,넓이,0,명사,넓이를 재다,중급
3,넘어가다,0,동사,나무가 넘어가다,중급
3,넘어서다,0,동사,산을 넘어서다,중급
3,년대,0,의존명사,이천 년대,중급
3,노랑,0,명사,색,중급
3,노선,0,명사,지하철 노선,중급
3,노선도,0,명사,버스 노선도,중급
3,노약자,0,명사,노약자를 보호하다,중급
3,노트북,0,명사,노트북 컴퓨터,중급
3,녹다,0,동사,얼음이 녹다,중급
3,녹음,2,명사,녹음을 듣다,중급
3,녹음기,0,명사,녹음기로 녹음하다,중급
3,놀이공원,0,명사,놀이공원에 가다,중급
3,놀이터,0,명사,놀이터에서 놀다,중급
3,농부,0,명사,농부가 씨를 뿌리다,중급
3,농사,1,명사,농사를 짓다,중급
3,높아지다,0,동사,파도가 높아지다,중급
3,높이다,0,동사,건물을 높이다,중급
3,높임말,0,명사,높임말을 쓰다,중급
3,놓이다,0,동사,마음이 놓이다,중급
3,놓치다,0,동사,손을 놓치다,중급
3,눈가,0,명사,눈가에 바르다,중급
3,눈병,0,명사,눈병에 걸리다,중급
3,눈부시다,0,형용사,조명이 눈부시다,중급
3,눈사람,0,명사,눈사람을 만들다,중급
3,눈싸움,2,명사,눈싸움 놀이,중급
3,늘리다,0,동사,규모를 늘리다,중급
3,늘어나다,0,동사,사람이 늘어나다,중급
3,늦잠,0,명사,늦잠을 자다,중급
3,다리미,0,명사,다리미로 옷을 다리다,중급
3,다림질,0,명사,바지를 다림질하다,중급
3,다방,0,명사,다방 커피,중급
3,다운로드,0,명사,다운로드를 받다,중급
3,다정,0,명사,다정한 연인,중급
3,다지다,2,동사,마늘을 다지다,중급
3,다행,0,명사,다행으로 생각하다,중급
3,다행히,0,부사,다행히 찾다,중급
3,단단하다,0,형용사,뼈가 단단하다,중급
3,단맛,0,명사,단맛을 느끼다,중급
3,단발머리,0,명사,단발머리로 자르다,중급
3,단위,0,명사,화폐 단위,중급
3,단점,0,명사,단점을 극복하다,중급
3,단정하다,1,형용사,옷차림이 단정하다,중급
3,단지,3,명사,단지를 조성하다,중급
3,단체,0,명사,단체에 가입하다,중급
3,닫히다,0,동사,창문이 닫히다,중급
3,달다,2,동사,단추를 달다,중급
3,달다,4,동사,달라고 하다,중급
3,달라지다,0,동사,장소가 달라지다,중급
3,달러,1,명사,일 달러,중급
3,달러,2,의존명사,일 달러,중급
3,달콤하다,0,형용사,케이크가 달콤하다,중급
3,담그다,0,동사,발을 담그다,중급
3,담기다,1,동사,그릇에 담기다,중급
3,담다,0,동사,쌀을 담다,중급
3,닷새,0,명사,닷새가 걸리다,중급
3,당근,0,명사,당근 주스,중급
3,당신,0,대명사,,중급
3,당연하다,0,형용사,당연한 결과,중급
3,당연히,0,부사,당연히 다르다,중급
3,당장,0,명사,지금 당장,중급
3,당황,0,명사,당황을 감추지 못하다,중급
3,닿다,0,동사,손에 닿다,중급
3,대,1,명사,대가 굵다,중급
3,대,2,의존명사,대가 굵다,중급
3,대다,1,동사,열차 시간에 대다,중급
3,대단하다,0,형용사,추위가 대단하다,중급
3,대도시,0,명사,대도시에 살다,중급
3,대문,0,명사,대문을 열다,중급
3,대변,0,명사,대변이 마렵다,중급
3,대상,2,명사,연구 대상,중급
3,대신,0,명사,나 대신 너,중급
3,대여섯02·대여섯,1,수사·관형사,숫자,중급
3,대중,2,명사,대중과 소통하다,중급
3,대중가요,0,명사,대중가요를 부르다,중급
3,대중교통,0,명사,대중교통을 타다,중급
3,대청소,0,명사,집안 대청소,중급
3,대체로,0,부사,대략,중급
3,대통령,0,명사,대통령을 선출하다,중급
3,대표,0,명사,대표 작품,중급
3,대표적01∙대표적,2,관형사∙명사,대표적 작품,중급
3,대하다,0,동사,얼굴을 대하다,중급
3,대한민국,0,명사,나라,중급
3,대형,1,명사,대형 냉장고,중급
3,더러워지다,0,동사,옷이 더러워지다,중급
3,더하다,2,동사,숫자를 더하다,중급
3,덜,0,부사,덜 익다,중급
3,덜다,0,동사,밥을 덜다,중급
3,덮다,0,동사,이불을 덮다,중급
3,데,0,의존명사,장소가 달라지다,중급
3,데다,0,동사,불에 데다,중급
3,데리다,0,동사,데리고 가다,중급
3,데치다,0,동사,채소를 데치다,중급
3,도,5,명사,행정 구역,중급
3,도구,0,명사,청소 도구,중급
3,도둑,0,명사,도둑을 잡다,중급
3,도망가다,0,동사,도둑이 도망가다,중급
3,도서,2,명사,도서 대출,중급
3,도시락,0,명사,도시락을 싸다,중급
3,도심,0,명사,도심에 위치하다,중급
3,도자기,0,명사,도자기를 빚다,중급
3,도장,3,명사,도장을 찍다,중급
3,도중,0,명사,도중에 끼어들다,중급
3,독감,0,명사,독감에 걸리다,중급
3,독일어,0,명사,독일어를 가르치다,중급
3,돌,1,명사,돌잔치,중급
3,돌,2,의존명사,돌잔치,중급
3,돌려받다,0,동사,책을 돌려받다,중급
3,돌보다,0,동사,아이를 돌보다,중급
3,돌아다니다,0,동사,거리를 돌아다니다,중급
3,동,2,명사,동쪽,중급
3,동,3,명사,행정 구역,중급
3,동그라미,0,명사,동그라미를 그리다,중급
3,동그랗다,0,형용사,얼굴이 동그랗다,중급
3,동료,0,명사,직장 동료,중급
3,동부,0,명사,동부 유럽,중급
3,동아리,0,명사,동아리에 가입하다,중급
3,동양,0,명사,동양 사상,중급
3,동작,0,명사,동작이 느리다,중급
3,동창,0,명사,동창 모임,중급
3,동창회,0,명사,동창회를 열다,중급
3,동호회,0,명사,동호회에 가입하다,중급
3,되돌아오다,0,동사,편지가 되돌아오다,중급
3,되찾다,0,동사,안정을 되찾다,중급
3,두께,0,명사,두께가 얇다,중급
3,두통약,0,명사,두통약을 복용하다,중급
3,둥글다,1,형용사,지구가 둥글다,중급
3,드라이,0,명사,드라이가 잘 되다,중급
3,드라이브,0,명사,드라이브를 나가다,중급
3,드라이어,0,명사,드라이어로 말리다,중급
3,드레스,0,명사,드레스를 입다,중급
3,듣기,0,명사,듣기 평가,중급
3,들려주다,0,동사,노래를 들려주다,중급
3,들어서다,0,동사,집에 들어서다,중급
3,들어주다,0,동사,부탁을 들어주다,중급
3,등,0,명사,일 등,중급
3,등,2,의존명사,일 등,중급
3,등,3,의존명사,"딸기, 사과 등의 과일",중급
3,등록,0,명사,등록 기간,중급
3,등록금,0,명사,등록금을 내다,중급
3,등록증,0,명사,등록증을 발급받다,중급
3,등산복,0,명사,등산복을 입다,중급
3,디지털,0,명사,디지털 방송,중급
3,따다,0,동사,사과를 따다,중급
3,따라가다,0,동사,앞사람을 따라가다,중급
3,따라서,0,부사,,중급
3,따라오다,0,동사,뒤를 따라오다,중급
3,따로따로,0,부사,따로따로 움직이다,중급
3,따르다,1,동사,뒤를 따르다,중급
3,따르릉,0,부사,따르릉 울리다,중급
3,딱,3,부사,딱 알맞다,중급
3,딱딱하다,0,형용사,딱딱한 껍질,중급
3,땅속,0,명사,땅속에 묻다,중급
3,때때로,0,부사,때때로 변하다,중급
3,떠나가다,0,동사,고향을 떠나가다,중급
3,떠오르다,0,동사,하늘에 떠오르다,중급
3,떠올리다,0,동사,추억을 떠올리다,중급
3,떨다,1,동사,무서움에 떨다,중급
3,떨리다,1,동사,온몸이 떨리다,중급
3,떨어뜨리다,0,동사,바닥에 떨어뜨리다,중급
3,또한,0,부사,나 또한,중급
3,똑똑히,0,부사,똑똑히 기억하다,중급
3,뚫다,0,동사,구멍을 뚫다,중급
3,뛰다,1,동사,빨리 뛰다,중급
3,뛰어나다,0,형용사,솜씨가 뛰어나다,중급
3,뛰어내리다,0,동사,아래로 뛰어내리다,중급
3,뛰어넘다,0,동사,담을 뛰어넘다,중급
3,뜨다,1,동사,달이 뜨다,중급
3,띠,2,명사,돼지띠,중급
3,레몬,0,명사,레몬 차,중급
3,렌터카,0,명사,렌터카를 빌리다,중급
3,로그인,0,명사,자동 로그인,중급
3,로봇,0,명사,로봇 장난감,중급
3,리듬,0,명사,리듬에 맞추다,중급
3,리본,0,명사,리본으로 묶다,중급
3,마늘,0,명사,마늘을 까다,중급
3,마라톤,0,명사,마라톤을 완주하다,중급
3,마사지,0,명사,마사지를 받다,중급
3,마우스,0,명사,마우스 클릭,중급
3,마음대로,0,부사,마음대로 되다,중급
3,마음씨,0,명사,마음씨가 곱다,중급
3,마이크,0,명사,마이크를 잡다,중급
3,마침,0,부사,,중급
3,막,1,부사,막 잠들다,중급
3,막,2,부사,막 쓰다,중급
3,막내,0,명사,막내 동생,중급
3,막다,0,동사,귀를 막다,중급
3,막대기,0,명사,나무 막대기,중급
3,막차,0,명사,막차를 놓치다,중급
3,만,0,명사,만 3주,중급
3,만,5,관형사,만 3주,중급
3,만남,0,명사,만남과 헤어짐,중급
3,만족,0,명사,만족을 느끼다,중급
3,만족스럽다,0,형용사,만족스러운 결과,중급
3,많아지다,0,동사,인구가 많아지다,중급
3,말다,1,동사,김밥을 말다,중급
3,말리다,3,동사,빨래를 말리다,중급
3,말하기,0,명사,말하기 평가,중급
3,맞다,2,동사,손님을 맞다,중급
3,맞다,3,동사,매를 맞다,중급
3,맞은편,0,명사,맞은편에 앉다,중급
3,맞이하다,0,동사,새해를 맞이하다,중급
3,맡기다,0,동사,수리를 맡기다,중급
3,맡다,1,동사,임무를 맡다,중급
3,맡다,2,동사,냄새를 맡다,중급
3,매,1,명사,매를 맞다,중급
3,매달다,0,동사,문에 매달다,중급
3,매운맛,0,명사,매운맛이 나다,중급
3,매운탕,0,명사,매운탕을 끓이다,중급
3,매장,3,명사,의류 매장,중급
3,매점,0,명사,학교 매점,중급
3,매진,1,명사,영화표의 매진,중급
3,맨발,0,명사,맨발로 걷다,중급
3,먼지,0,명사,먼지를 닦다,중급
3,멀미,0,명사,멀미가 나다,중급
3,멋지다,0,형용사,경치가 멋지다,중급
3,멍,0,명사,멍이 들다,중급
3,메뉴판,0,명사,메뉴판을 찾다,중급
3,메모지,0,명사,메모지에 쓰다,중급
3,멜로디,0,명사,감미로운 멜로디,중급
3,면,2,명사,벽의 면,중급
3,면적,0,명사,면적이 넓다,중급
3,면접,0,명사,면접 장소,중급
3,면허증,0,명사,면허증을 따다,중급
3,멸치,0,명사,멸치를 볶다,중급
3,명단,0,명사,합격자 명단,중급
3,명함,0,명사,명함을 교환하다,중급
3,몇몇,1,수사,몇몇 사람,중급
3,몇몇,2,관형사,몇몇 사람,중급
3,모니터,0,명사,컴퓨터의 모니터,중급
3,모델,0,명사,최신 모델,중급
3,모래,0,명사,모래 장난,중급
3,모범,0,명사,모범이 되다,중급
3,모자,1,명사,모자가 닮다,중급
3,모집,0,명사,학생 모집,중급
3,목,2,명사,요일,중급
3,목록,0,명사,단어 목록,중급
3,목적지,0,명사,목적지에 도착하다,중급
3,목표,0,명사,목표를 세우다,중급
3,몰래,0,부사,몰래 도망가다,중급
3,몸무게,0,명사,몸무게를 재다,중급
3,몸살,0,명사,몸살이 나다,중급
3,몸짓,0,명사,우아한 몸짓,중급
3,묘사,0,명사,상황 묘사,중급
3,무늬,0,명사,나무의 무늬,중급
3,무대,0,명사,콘서트 무대,중급
3,무더위,0,명사,무더위가 꺾이다,중급
3,무덤,0,명사,무덤을 파다,중급
3,무서워하다,0,동사,물을 무서워하다,중급
3,무역,0,명사,무역 회사,중급
3,무용,3,명사,고전 무용,중급
3,무조건,1,명사,무조건 화를 내다,중급
3,무조건,2,부사,무조건 화를 내다,중급
3,묵다,2,동사,호텔에서 묵다,중급
3,묶다,0,동사,머리를 묶다,중급
3,문구점,0,명사,가게,중급
3,문방구,0,명사,학교 앞 문방구,중급
3,문법,0,명사,한국어 문법,중급
3,문병,0,명사,문병을 가다,중급
3,문의,0,명사,문의 전화,중급
3,문자,0,명사,문자 메시지,중급
3,문장,1,명사,영어 문장,중급
3,문학,0,명사,문학 작품,중급
3,문화재,0,명사,문화재를 보호하다,중급
3,묻다,1,동사,물이 묻다,중급
3,물가,1,명사,물가에서 놀다,중급
3,물가,2,명사,물가가 비싸다,중급
3,물다,1,동사,개가 물다,중급
3,물러나다,0,동사,뒤로 물러나다,중급
3,물러서다,0,동사,뒤로 물러서다,중급
3,물리다,2,동사,개에 물리다,중급
3,물소리,0,명사,물소리가 나다,중급
3,물약,0,명사,물약을 마시다,중급
3,물음,0,명사,물음에 답하다,중급
3,뮤지컬,0,명사,뮤지컬 공연,중급
3,미국인,0,명사,미국인을 만나다,중급
3,미끄럽다,0,형용사,길이 미끄럽다,중급
3,미루다,0,동사,숙제를 미루다,중급
3,미만,0,명사,19세 미만,중급
3,미성년자,0,명사,미성년자 관람불가,중급
3,미소,0,명사,미소를 짓다,중급
3,미술,0,명사,미술 작품,중급
3,미용사,0,명사,미용사 자격증,중급
3,미인,0,명사,미인 대회,중급
3,미장원,0,명사,미장원에서 파마하다,중급
3,미팅,0,명사,미팅 상대,중급
3,민속놀이,0,명사,전통 민속놀이,중급
3,밀리다,1,동사,차가 밀리다,중급
3,밉다,0,형용사,하는 짓이 밉다,중급
3,및,0,부사,설계 및 시공,중급
3,밑줄,0,명사,밑줄을 긋다,중급
3,바,1,의존명사,느낀 바,중급
3,바구니,0,명사,과일 바구니,중급
3,바늘,0,명사,실과 바늘,중급
3,바닷물,0,명사,바닷물이 출렁이다,중급
3,바둑,0,명사,바둑을 두다,중급
3,바보,0,명사,바보가 되다,중급
3,바위,0,명사,넓적한 바위,중급
3,바퀴,1,명사,자동차 바퀴,중급
3,바퀴,2,의존명사,자동차 바퀴,중급
3,바탕,0,명사,바탕을 이루다,중급
3,박,2,의존명사,1박 2일,중급
3,박사,0,명사,박사 학위,중급
3,반납,0,명사,책 반납,중급
3,반달,1,명사,반달이 뜨다,중급
3,반대말,0,명사,반대말을 찾다,중급
3,반대쪽,0,명사,반대쪽으로 가다,중급
3,반말,0,명사,반말과 높임말,중급
3,반면,1,명사,반면에,중급
3,반복,0,명사,반복 연습,중급
3,반죽,0,명사,밀가루 반죽,중급
3,반창고,0,명사,반창고를 붙이다,중급
3,반팔,0,명사,반팔을 입다,중급
3,반하다,1,동사,첫눈에 반하다,중급
3,발급,0,명사,카드 발급,중급
3,발달,0,명사,뇌의 발달,중급
3,발명,0,명사,발명 아이디어,중급
3,발목,0,명사,발목 부상,중급
3,발음,0,명사,발음 연습,중급
3,발전,1,명사,경제 발전,중급
3,발표,0,명사,결과 발표,중급
3,발행,0,명사,신문 발행,중급
3,밝히다,0,동사,전등을 밝히다,중급
3,밟다,0,동사,브레이크를 밟다,중급
3,밤,2,명사,밤을 따다,중급
3,밤늦다,0,형용사,밤늦은 시각,중급
3,밤새,0,명사,밤새 일하다,중급
3,밤색,0,명사,색,중급
3,밥그릇,0,명사,밥그릇에 담다,중급
3,밥솥,0,명사,압력 밥솥,중급
3,방송사,0,명사,방송사에 다니다,중급
3,방식,0,명사,생활 방식,중급
3,방울,1,명사,방울이 맺히다,중급
3,방해,0,명사,방해를 받다,중급
3,배고프다,0,형용사,배고프고 목마르다,중급
3,배구,0,명사,배구 선수,중급
3,배낭,0,명사,배낭을 메다,중급
3,배낭여행,0,명사,배낭여행을 떠나다,중급
3,배웅,0,명사,손님을 배웅하다,중급
3,배치,0,명사,자리 배치,중급
3,배터리,0,명사,배터리를 갈다,중급
3,배편,0,명사,배편으로 보내다,중급
3,백,0,명사,가방,중급
3,뱃속,0,명사,마음,중급
3,버섯,2,명사,버섯 요리,중급
3,버터,0,명사,버터를 바르다,중급
3,버튼,0,명사,버튼을 누르다,중급
3,번개,0,명사,천둥과 번개,중급
3,번역,0,명사,한국어 번역,중급
3,번지,0,명사,주소,중급
3,번호표,0,명사,대기 번호표,중급
3,벌,4,명사,벌을 받다,중급
3,벌금,0,명사,벌금을 부과하다,중급
3,범죄,0,명사,범죄를 저지르다,중급
3,법,1,명사,법을 지키다,중급
3,법칙,0,명사,법칙에 따르다,중급
3,벗기다,0,동사,옷을 벗기다,중급
3,베란다,0,명사,아파트 베란다,중급
3,벤치,0,명사,벤치에 앉다,중급
3,벨,0,명사,전화기 벨,중급
3,벨트,0,명사,벨트를 매다,중급
3,벽시계,0,명사,벽시계를 걸다,중급
3,벽지,2,명사,벽지로 도배하다,중급
3,변경,2,명사,계획 변경,중급
3,변비,0,명사,변비에 걸리다,중급
3,변화,0,명사,온도 변화,중급
3,별,2,관형사,별 볼 일,중급
3,별말씀,0,명사,별말씀이 없으시다,중급
3,별명,0,명사,별명을 짓다,중급
3,별일,0,명사,별일 없다,중급
3,병실,0,명사,병실을 옮기다,중급
3,보고,2,명사,업무 보고,중급
3,보고서,0,명사,보고서를 작성하다,중급
3,보관,0,명사,냉장 보관,중급
3,보기,1,명사,보기를 들다,중급
3,보너스,0,명사,보너스를 받다,중급
3,보람,0,명사,보람을 느끼다,중급
3,보름,0,명사,정월 보름,중급
3,보름달,0,명사,보름달이 뜨다,중급
3,보리,0,명사,보리를 재배하다,중급
3,보석,2,명사,보석이 반짝이다,중급
3,보행자,0,명사,보행자를 배려하다,중급
3,보험,0,명사,보험에 가입하다,중급
3,보호,0,명사,자연 보호,중급
3,복,0,명사,복을 받다,중급
3,복도,0,명사,건물 복도,중급
3,복사,0,명사,문서 복사,중급
3,복사기,0,명사,컬러복사기,중급
3,복숭아,0,명사,과일,중급
3,복용,0,명사,약물 복용,중급
3,복통,0,명사,복통이 심하다,중급
3,본인,1,명사,본인 명의,중급
3,본인,2,대명사,본인 명의,중급
3,볼거리,0,명사,볼거리가 많다,중급
3,볼링,0,명사,볼링을 치다,중급
3,볼일,0,명사,볼일이 생기다,중급
3,봉사,2,명사,봉사 활동,중급
3,봉지,0,명사,봉지에 넣다,중급
3,뵈다,2,동사,어른을 뵈다,중급
3,부,1,명사,우리 부,중급
3,부,2,의존명사,우리 부,중급
3,부담,0,명사,업무 부담,중급
3,부동산,0,명사,부동산 거래,중급
3,부러워하다,0,동사,성공을 부러워하다,중급
3,부러지다,0,동사,뼈가 부러지다,중급
3,부리다,2,동사,멋을 부리다,중급
3,부모,0,명사,부모를 공경하다,중급
3,부인,3,명사,중년 부인,중급
3,부자,1,명사,부자가 닮다,중급
3,부잣집,0,명사,으리으리한 부잣집,중급
3,부채,1,명사,부채 바람,중급
3,부츠,0,명사,부츠를 신다,중급
3,부친,0,명사,모친과 부친,중급
3,북,2,명사,북으로 향하다,중급
3,북부,0,명사,북부 지방,중급
3,분단,3,명사,국토 분단,중급
3,분리,0,명사,공간 분리,중급
3,분명히,0,부사,분명히 기억하다,중급
3,분실,0,명사,분실 사고,중급
3,분실물,0,명사,분실물 센터,중급
3,분필,0,명사,분필로 쓰다,중급
3,불-,2,접사,불가능,중급
3,불규칙,0,명사,불규칙한 생활,중급
3,불균형,0,명사,영양 불균형,중급
3,불만,0,명사,불만을 말하다,중급
3,불만족,0,명사,불만족한 표정,중급
3,불만족스럽다,0,형용사,서비스가 불만족스럽다,중급
3,불어,0,명사,불어로 말하다,중급
3,불완전,0,명사,불완전한 상태,중급
3,불평,1,명사,불평을 늘어놓다,중급
3,붐비다,0,동사,사람들로 붐비다,중급
3,붓다,1,동사,얼굴이 붓다,중급
3,붓다,2,동사,물을 붓다,중급
3,뷔페,0,명사,뷔페에서 식사하다,중급
3,비밀번호,0,명사,비밀번호를 누르다,중급
3,비비다,0,동사,눈을 비비다,중급
3,비상구,0,명사,비상구로 대피하다,중급
3,비용,0,명사,비용을 지불하다,중급
3,비자,0,명사,비자를 연장하다,중급
3,비키다,0,동사,옆으로 비키다,중급
3,비타민,0,명사,비타민을 섭취하다,중급
3,비하다,0,동사,비할 수 없다,중급
3,비행,3,명사,비행 스케줄,중급
3,비행장,0,명사,비행장에 도착하다,중급
3,빈자리,0,명사,빈자리에 앉다,중급
3,빌다,1,동사,소원을 빌다,중급
3,빗다,0,동사,머리를 빗다,중급
3,빛,0,명사,형광등 빛,중급
3,빠지다,1,동사,앞니가 빠지다,중급
3,빨강,0,명사,색,중급
3,빨개지다,0,동사,얼굴이 빨개지다,중급
3,빨다,1,동사,사탕을 빨다,중급
3,뺏다,0,동사,돈을 뺏다,중급
3,뼈,0,명사,동물의 뼈,중급
3,뽀뽀,0,명사,볼에 뽀뽀하다,중급
3,뿌리,0,명사,나무의 뿌리,중급
3,뿌리다,0,동사,물을 뿌리다,중급
3,삐다,0,동사,발목을 삐다,중급
3,사건,0,명사,사건이 발생하다,중급
3,사과,2,명사,잘못을 사과하다,중급
3,사교적01∙사교적,2,관형사∙명사,사교적 성격,중급
3,사나이,0,명사,씩씩한 사나이,중급
3,사라지다,0,동사,사람들이 사라지다,중급
3,사무,0,명사,사무 담당,중급
3,사무소,0,명사,개인 사무소,중급
3,사물,0,명사,사물을 그리다,중급
3,사생활,0,명사,사생활 간섭,중급
3,사업가,0,명사,사업가로서 성공하다,중급
3,사용법,0,명사,사용법을 설명하다,중급
3,사우나,0,명사,사우나로 땀을 내다,중급
3,사이트,0,명사,사이트에 접속하다,중급
3,사인,2,동사,계약서에 사인하다,중급
3,사자,2,명사,동물,중급
3,사적01∙사적,2,관형사∙명사,사적인 생활,중급
3,사전,0,명사,백과사전,중급
3,사전,1,명사,사전 준비,중급
3,사진관,0,명사,사진관을 운영하다,중급
3,사촌,0,명사,사촌 언니,중급
3,사항,0,명사,주의 사항,중급
3,사회,2,명사,상류 사회,중급
3,사회자,0,명사,사회자가 질문하다,중급
3,사회적01∙사회적,2,관형사∙명사,사회적 문제,중급
3,삭제,0,명사,파일 삭제,중급
3,산꼭대기,0,명사,산꼭대기에 오르다,중급
3,산업,0,명사,자동차 산업,중급
3,살아나다,0,동사,겨우 살아나다,중급
3,살인,0,명사,살인을 저지르다,중급
3,살짝,0,부사,살짝 움직이다,중급
3,살찌다,0,동사,살찐 몸,중급
3,살펴보다,0,동사,주위를 살펴보다,중급
3,살피다,0,동사,주위를 살피다,중급
3,삶,0,명사,삶을 누리다,중급
3,삶다,0,동사,국수를 삶다,중급
3,상,1,명사,상과 하,중급
3,상,2,명사,상을 차리다,중급
3,상관없다,0,형용사,상관없는 문제,중급
3,상담,0,명사,상담을 받다,중급
3,상대방,0,명사,상대방의 입장,중급
3,상식,0,명사,상식에 어긋나다,중급
3,상영,0,명사,영화 상영,중급
3,상점,0,명사,상점의 주인,중급
3,상태,0,명사,건강 상태,중급
3,상하다,0,동사,뼈가 상하다,중급
3,상황,0,명사,주변 상황,중급
3,새로이,0,부사,새로이 시작하다,중급
3,새엄마,0,명사,새엄마를 맞이하다,중급
3,새우,0,명사,새우를 먹다,중급
3,새집,1,명사,새집으로 이사하다,중급
3,샌들,0,명사,샌들을 신다,중급
3,생년월일,0,명사,생년월일을 적다,중급
3,생머리,0,명사,곱슬머리,중급
3,생활비,0,명사,생활비를 벌다,중급
3,생활용품,0,명사,생활용품을 구입하다,중급
3,샴푸,0,명사,샴푸로 머리를 감다,중급
3,서,2,명사,방향,중급
3,서넛,0,수사,숫자,중급
3,서명,0,명사,사인,중급
3,서부,0,명사,서부 지역,중급
3,서투르다,0,형용사,서투른 운전,중급
3,석유,0,명사,석유 연료,중급
3,선,4,명사,선을 긋다,중급
3,선글라스,0,명사,선글라스를 끼다,중급
3,선약,0,명사,선약이 있다,중급
3,설,1,명사,설날,중급
3,설명서,0,명사,제품 설명서,중급
3,설문,0,명사,설문에 답하다,중급
3,설문지,0,명사,설문지를 돌리다,중급
3,설사,1,명사,설사 증상,중급
3,성당,0,명사,성당에 다니다,중급
3,성명,1,명사,이름,중급
3,성별,0,명사,성별에 관계없이,중급
3,성실,0,명사,성실한 사람,중급
3,성인,1,명사,성인 여성,중급
3,세기,0,명사,21세기,중급
3,세다,2,동사,수를 세다,중급
3,세련되다,0,형용사,옷차림이 세련되다,중급
3,세로,1,명사,세로와 가로,중급
3,세로,2,부사,세로와 가로,중급
3,세월,0,명사,세월이 흐르다,중급
3,세일,0,명사,세일 가격,중급
3,세제,1,명사,세제로 닦아내다,중급
3,세차,0,명사,세차를 받다,중급
3,세탁물,0,명사,세탁물을 맡기다,중급
3,세트,0,명사,선물 세트,중급
3,센티,0,의존명사,1센티,중급
3,셔츠,0,명사,셔츠를 입다,중급
3,소-,2,접사,소규모,중급
3,소감,0,명사,소감을 말하다,중급
3,소개팅,0,명사,소개팅을 나가다,중급
3,소극장,0,명사,소극장에서 공연하다,중급
3,소금물,0,명사,소금물에 절이다,중급
3,소나기,0,명사,소나기가 내리다,중급
3,소독,0,명사,상처 소독,중급
3,소독약,0,명사,소독약을 바르다,중급
3,소매,1,명사,소매가 길다,중급
3,소문,0,명사,소문이 퍼지다,중급
3,소방관,0,명사,소방관이 출동하다,중급
3,소방서,0,명사,소방서에 신고하다,중급
3,소변,0,명사,소변이 마렵다,중급
3,소설가,0,명사,소설가의 작품,중급
3,소설책,0,명사,소설책을 읽다,중급
3,소시지,0,명사,소시지를 먹다,중급
3,소아과,0,명사,소아과에서 진찰 받다,중급
3,소요,1,명사,소요 시간,중급
3,소원,0,명사,소원을 빌다,중급
3,소화,0,명사,소화를 돕다,중급
3,속담,0,명사,속담을 인용하다,중급
3,속상하다,0,형용사,속상한 마음,중급
3,손가방,0,명사,손가방을 들다,중급
3,손등,0,명사,손등으로 문지르다,중급
3,손목,0,명사,손목이 기늘다,중급
3,손목시계,0,명사,손목시계를 차다,중급
3,손발,0,명사,손발이 저리다,중급
3,손뼉,0,명사,손뼉을 치다,중급
3,손자,0,명사,손자와 손녀,중급
3,솜씨,0,명사,솜씨가 좋다,중급
3,송별회,0,명사,송별회를 열다,중급
3,송이,0,명사,송이가 맺히다,중급
3,쇠고기,0,명사,쇠고기를 굽다,중급
3,쇼,0,명사,쇼를 보다,중급
3,쇼핑몰,0,명사,쇼핑몰을 운영하다,중급
3,쇼핑센터,0,명사,쇼핑센터에서 사다,중급
3,수,6,명사,요일,중급
3,수다,0,명사,수다를 떨다,중급
3,수단,1,명사,결제 수단,중급
3,수도,1,명사,수도가 새다,중급
3,수도,2,명사,나라의 수도,중급
3,수량,0,명사,수량이 모자라다,중급
3,수리,3,명사,수리를 맡기다,중급
3,수면,2,명사,수면을 취하다,중급
3,수면제,0,명사,수면제를 복용하다,중급
3,수선,2,명사,수선을 맡기다,중급
3,수수료,0,명사,수수료가 붙다,중급
3,수입,1,명사,수입이 많다,중급
3,수입,2,명사,수입을 허용하다,중급
3,수정,3,명사,계획의 수정,중급
3,수집,2,명사,우표 수집,중급
3,수출,0,명사,해외 수출,중급
3,수표,0,명사,수표를 발행하다,중급
3,수학,2,명사,수학 문제,중급
3,숙박,0,명사,숙박 시설,중급
3,숙박비,0,명사,호텔의 숙박비,중급
3,숙소,0,명사,숙소에 머물다,중급
3,순간,0,명사,위기의 순간,중급
3,술잔,0,명사,술잔을 돌리다,중급
3,숨다,0,동사,몰래 숨다,중급
3,숲,0,명사,숲이 우거지다,중급
3,쉬다,2,동사,목이 쉬다,중급
3,쉿,0,감탄사,,중급
3,슈퍼,0,명사,슈퍼에서 구입하다,중급
3,스무째,0,수사·관형사/명사,순서,중급
3,스커트,0,명사,스커트를 입다,중급
3,스타일,0,명사,독특한 스타일,중급
3,스타킹,0,명사,스타킹을 신다,중급
3,슬리퍼,0,명사,슬리퍼를 신다,중급
3,습기,0,명사,습기가 차다,중급
3,습도,0,명사,습도가 높다,중급
3,습하다,0,형용사,습한 공기,중급
3,승객,0,명사,승객을 태우다,중급
3,승무원,0,명사,비행기 승무원,중급
3,승진,0,명사,승진 시험,중급
3,승차,0,명사,승차 거부,중급
3,승차권,0,명사,승차권을 끊다,중급
3,시,4,명사,시를 읽다,중급
3,시각,1,명사,일출 시각,중급
3,시기,1,명사,등록 시기,중급
3,시내버스,0,명사,시내버스를 타다,중급
3,시대,0,명사,조선 시대,중급
3,시디,0,명사,시디를 굽다,중급
3,시설,0,명사,교육 시설,중급
3,시아버지,0,명사,시아버지를 모시다,중급
3,시외,0,명사,시외로 나가다,중급
3,시외버스,0,명사,시외버스를 타다,중급
3,시장,1,명사,시장을 뽑다,중급
3,시집,1,명사,시집 식구,중급
3,시집,2,명사,시집을 읽다,중급
3,시험지,0,명사,시험지를 채점하다,중급
3,식기,0,명사,식기를 닦다,중급
3,식당가,0,명사,식당가에서 먹다,중급
3,식료품,0,명사,식료품 가게,중급
3,식비,0,명사,식비가 들다,중급
3,식사량,0,명사,식사량을 조절하다,중급
3,식용유,0,명사,식용유에 튀기다,중급
3,식중독,0,명사,식중독에 걸리다,중급
3,식품점,0,명사,식품점에서 사다,중급
3,식후,0,명사,식후 30분,중급
3,식히다,0,동사,더위를 식히다,중급
3,신경,0,명사,신경이 예민하다,중급
3,신고,0,명사,도난 신고,중급
3,신기하다,1,형용사,신기한 일,중급
3,신나다,0,동사,신난 아이들,중급
3,신문사,0,명사,신문사 기자,중급
3,신문지,0,명사,신문지에 싸다,중급
3,신부,1,명사,신부와 수녀,중급
3,신분,0,명사,사회적 신분,중급
3,신사,0,명사,신사와 숙녀,중급
3,신용,0,명사,신용을 잃다,중급
3,신입,0,명사,신입 사원,중급
3,신입생,0,명사,신입생을 모집하다,중급
3,신청서,0,명사,신청서를 접수하다,중급
3,신체,0,명사,신체가 튼튼하다,중급
3,신혼,0,명사,신혼 생활,중급
3,신혼부부,0,명사,예비 신혼부부,중급
3,실,1,명사,실로 묶다,중급
3,실내,0,명사,실내 수영장,중급
3,실력,0,명사,실력이 뛰어나다,중급
3,실리다,1,동사,배에 실리다,중급
3,실망,0,명사,실망이 크다,중급
3,실제로,0,부사,실제로 일어나다,중급
3,실종,0,명사,실종 사건,중급
3,실컷,0,부사,실컷 놀다,중급
3,싫증,0,명사,싫증이 나다,중급
3,심각하다,0,형용사,문제가 심각하다,중급
3,심리,0,명사,기대 심리,중급
3,싱싱하다,0,형용사,싱싱한 꽃,중급
3,싸다,2,동사,오줌을 싸다,중급
3,쌍,0,명사,쌍으로 묶다,중급
3,쌍둥이,0,명사,이란성 쌍둥이,중급
3,쌓이다,0,동사,책들이 쌓이다,중급
3,썩다,0,동사,고기가 썩다,중급
3,쏟다,0,동사,기름을 쏟다,중급
3,쏟아지다,0,동사,물이 쏟아지다,중급
3,쓰기,0,명사,쓰기 평가,중급
3,쓰이다,1,동사,글씨가 쓰이다,중급
3,쓰이다,2,동사,재료가 쓰이다,중급
3,쓸다,0,동사,낙엽을 쓸다,중급
3,씨,1,명사,씨를 뿌리다,중급
3,아가,0,명사,아가가 울다,중급
3,아끼다,0,동사,돈을 아끼다,중급
3,아냐,0,감탄사,,중급
3,아래층,0,명사,아래층으로 내려가다,중급
3,아랫사람,0,명사,아랫사람의 도리,중급
3,아랫집,0,명사,아랫집에 내려가다,중급
3,아쉽다,0,명사,작별이 아쉽다,중급
3,아시아,0,명사,아시아 대륙,중급
3,아이,2,감탄사,,중급
3,아이고,0,감탄사,,중급
3,아이디어,0,명사,아이디어가 뛰어나다,중급
3,아침밥,0,명사,아침밥을 먹다,중급
3,아침저녁,0,명사,아침저녁으로 만나다,중급
3,아프리카,0,명사,아프리카 대륙,중급
3,아픔,0,명사,육신의 아픔,중급
3,아홉째,3,명사,순서,중급
3,아홉째02∙아홉째,1,수사.관형사,순서,중급
3,악수,0,명사,화해의 악수,중급
3,안과,0,명사,안과 진료,중급
3,안내서,0,명사,안내서를 읽다,중급
3,안내원,0,명사,안내원을 따라가다,중급
3,안내판,0,명사,안내판을 세우다,중급
3,안방,0,명사,아늑한 안방,중급
3,안부,0,명사,안부를 묻다,중급
3,안색,0,명사,안색이 나쁘다,중급
3,안심,2,명사,안심 귀가,중급
3,안약,0,명사,안약을 넣다,중급
3,안전띠,0,명사,안전띠를 매다,중급
3,안정,1,명사,안정을 유지하다,중급
3,않다,1,동사,세수를 않다,중급
3,알,1,명사,알을 까다,중급
3,알,2,의존명사,알을 까다,중급
3,알레르기,0,명사,알레르기 증상,중급
3,알려지다,0,동사,사실이 알려지다,중급
3,알아내다,0,동사,사실을 알아내다,중급
3,알아듣다,0,동사,말귀를 알아듣다,중급
3,암,2,명사,암에 걸리다,중급
3,앗,0,감탄사,,중급
3,앞날,0,명사,앞날을 기약하다,중급
3,앞뒤,0,명사,앞뒤를 돌아보다,중급
3,앞머리,0,명사,앞머리를 기르다,중급
3,앞집,0,명사,앞집 아줌마,중급
3,애기,0,명사,애기를 낳다,중급
3,애완동물,0,명사,애완동물을 기르다,중급
3,액세서리,0,명사,액세서리를 걸치다,중급
3,액자,0,명사,액자를 걸다,중급
3,야경,0,명사,야경을 감상하다,중급
3,야근,0,명사,야근이 잦다,중급
3,야외,0,명사,야외로 나가다,중급
3,약도,0,명사,약도를 그리다,중급
3,약품,0,명사,약품 개발,중급
3,양,2,명사,양을 몰다,중급
3,양,4,관형사,양 볼,중급
3,양,6,명사,알맞은 양,중급
3,양념,0,명사,양념을 뿌리다,중급
3,양력,0,명사,양력과 음력,중급
3,양배추,0,명사,양배추를 썰다,중급
3,양보,0,명사,자리 양보,중급
3,양산,1,명사,양산을 쓰다,중급
3,양식,4,명사,양식에 맞추다,중급
3,양옆,0,명사,양옆에 앉다,중급
3,양쪽,0,명사,양쪽 뺨,중급
3,양파,0,명사,양파 냄새,중급
3,얘,3,줄어든말,이 아이,중급
3,어기다,0,동사,약속을 어기다,중급
3,어느새,0,부사,어느새 다 자라다,중급
3,어떡하다,0,줄어든말,어떠하게 하다,중급
3,어려움,0,명사,어려움을 겪다,중급
3,어머,0,감탄사,,중급
3,어저께,1,명사,어저께 아침,중급
3,어저께,2,부사,어저께 아침,중급
3,어지럽다,0,형용사,머리가 어지럽다,중급
3,어휘,0,명사,풍부한 어휘,중급
3,어휴,0,감탄사,,중급
3,언덕,0,명사,언덕을 오르다,중급
3,얼룩,0,명사,옷의 얼룩,중급
3,얼른,0,부사,얼른 일어나다,중급
3,얼마간,0,명사,얼마간의 돈,중급
3,업다,0,동사,아이를 업다,중급
3,업무,0,명사,업무를 끝내다,중급
3,없애다,0,동사,근심을 없애다,중급
3,없어지다,0,동사,말이 없어지다,중급
3,없이,0,부사,사고 없이,중급
3,엊그제,1,명사,엊그제 아침,중급
3,엊그제,2,부사,엊그제 아침,중급
3,에스컬레이터,0,명사,에스컬리에터에 오르다,중급
3,여,2,명사,남과 여,중급
3,여가,0,명사,여가를 즐기다,중급
3,여관,0,명사,여관을 잡다,중급
3,여기다,0,동사,친구로 여기다,중급
3,여덟째,3,명사,순서,중급
3,여덟째02∙여덟째,1,수사·관형사,순서,중급
3,여드름,0,명사,여드름이 나다,중급
3,여름철,0,명사,여름철 날씨,중급
3,여름휴가,0,명사,여름휴가를 떠나다,중급
3,여보,0,감탄사,,중급
3,여섯째,3,명사,순서,중급
3,여섯째02·여섯째,1,수사·관형사,순서,중급
3,여유,0,명사,여유가 넘치다,중급
3,여유롭다,0,형용사,여유로운 삶,중급
3,여인,0,명사,중년 여인,중급
3,여쭈다,0,동사,선생님께 여쭈다,중급
3,역사가,0,명사,역사가가 연구하다,중급
3,역사적01∙역사적,2,관형사∙명사,역사적 기록,중급
3,역할,0,명사,역할을 맡다,중급
3,연,1,명사,연 강수량,중급
3,연고,1,명사,연고를 바르다,중급
3,연구,0,명사,연구 성과,중급
3,연기,1,명사,무기한 연기,중급
3,연기,3,명사,배우의 연기,중급
3,연두색,0,명사,색,중급
3,연인,0,명사,연인 관계,중급
3,연장,2,명사,연장 근무,중급
3,연주,0,명사,피아노 연주,중급
3,연주회,0,명사,피아노 연주회,중급
3,연하다,0,형용사,고기가 연하다,중급
3,열리다,1,동사,사과가 열리다,중급
3,열쇠고리,0,명사,열쇠고리를 사오다,중급
3,열째,3,명사,순서,중급
3,열째02∙열째,1,수사∙관형사,순서,중급
3,영,1,부사,,중급
3,영리하다,0,형용사,영리한 학생,중급
3,영상,1,명사,영상에 담다,중급
3,영상,2,명사,영상의 온도,중급
3,영양,0,명사,영양 상태,중급
3,영양제,0,명사,영양제를 챙기다,중급
3,영웅,0,명사,전쟁 영웅,중급
3,영원히,0,부사,영원히 사랑하다,중급
3,영향,0,명사,영향을 미치다,중급
3,예,5,명사,대표적인 예,중급
3,예,6,명사,예가 바르다,중급
3,예금,0,명사,예금을 인출하다,중급
3,예방,0,명사,산불 예방,중급
3,예보,0,명사,날씨 예보,중급
3,예상,0,명사,예상과 다르다,중급
3,예식장,0,명사,예식장을 예약하다,중급
3,예의,0,명사,예의가 바르다,중급
3,예절,0,명사,예절을 지키다,중급
3,예정,0,명사,예정 시간,중급
3,예측,0,명사,예측이 어긋나다,중급
3,예컨대,0,부사,,중급
3,옛날이야기,0,명사,옛날이야기를 듣다,중급
3,오,2,감탄사,,중급
3,오락실,0,명사,오락실 게임,중급
3,오래오래,0,부사,오래오래 사세요,중급
3,오랜,0,관형사,오랜 시간,중급
3,오른편,0,명사,오른편을 향하다,중급
3,오리,0,명사,오리를 잡다,중급
3,오징어,0,명사,오징어 요리,중급
3,오토바이,0,명사,오토바이를 몰다,중급
3,오페라,0,명사,오페라를 감상하다,중급
3,오피스텔,0,명사,오피스텔을 분양하다,중급
3,오해,0,명사,오해를 풀다,중급
3,온,0,관형사,온 집안,중급
3,온몸,0,명사,온몸이 나른하다,중급
3,온천,0,명사,온천 관광,중급
3,올,0,명사,올 삼월,중급
3,올라서다,0,동사,계단에 올라서다,중급
3,올려놓다,0,동사,책을 올려놓다,중급
3,올바르다,0,형용사,올바른 태도,중급
3,올여름,0,명사,올여름 날씨,중급
3,옮기다,0,동사,숙소를 옮기다,중급
3,옷차림,0,명사,옷차람이 가볍다,중급
3,와인,0,명사,와인을 마시다,중급
3,완성,0,명사,완성을 시키다,중급
3,왕복,0,명사,왕복 열차,중급
3,외,2,의존명사,그 외,중급
3,외과,0,명사,외과 의사,중급
3,외교,0,명사,외교 관계,중급
3,외교관,0,명사,외교관을 임명하다,중급
3,외모,0,명사,준수한 외모,중급
3,외박,0,명사,외박이 잦다,중급
3,외부,0,명사,외부 공사,중급
3,외삼촌,0,명사,외삼촌과 외숙모,중급
3,외숙모,0,명사,외숙모와 외삼촌,중급
3,외식,0,명사,외식 산업,중급
3,외투,1,명사,외투를 입다,중급
3,외할머니,0,명사,외할머니를 뵙다,중급
3,외할아버지,0,명사,외할아버지와 외할머니,중급
3,왼발,0,명사,왼발이 크다,중급
3,요,1,명사,요를 깔다,중급
3,요가,0,명사,요가를 배우다,중급
3,요구르트,0,명사,요구르트를 마시다,중급
3,요리법,0,명사,요리법을 개발하다,중급
3,욕실,0,명사,욕실을 청소하다,중급
3,용,2,명사,용이 승천하다,중급
3,용기,1,명사,용기를 내다,중급
3,용돈,0,명사,용돈을 벌다,중급
3,용품,0,명사,등산 용품,중급
3,우물,0,명사,우물을 파다,중급
3,우선,2,명사,노약자 우선,중급
3,우수,3,명사,우수 학생,중급
3,우연히,0,부사,우연히 발견하다,중급
3,우울,0,명사,우울에 빠지다,중급
3,우정,0,명사,우정을 나누다,중급
3,우주,0,명사,우주 만물,중급
3,우체통,0,명사,빨간 우체통,중급
3,우측,0,명사,우측 방향,중급
3,우편,2,명사,등기 우편,중급
3,우편물,0,명사,우편물을 받다,중급
3,우편함,0,명사,우편함에 넣다,중급
3,우회전,0,명사,우회전을 허용하다,중급
3,운,1,명사,운이 좋다,중급
3,운동량,0,명사,운동량을 늘리다,중급
3,운동선수,0,명사,운동선수가 되다,중급
3,운명,1,명사,운명을 믿다,중급
3,운전면허,0,명사,운전면허를 따다,중급
3,울리다,1,동사,전화기가 울리다,중급
3,울리다,2,동사,아이를 울리다,중급
3,웃어른,0,명사,웃어른을 공경하다,중급
3,원래,1,명사,원래 그렇다,중급
3,원래,2,부사,원래 그렇다,중급
3,원룸,0,명사,원룸에 살다,중급
3,원숭이,0,명사,수컷 원숭이,중급
3,원인,0,명사,원인을 밝히다,중급
3,월,3,명사,요일,중급
3,월드컵,0,명사,월드컵이 열리다,중급
3,월세,0,명사,월세를 내다,중급
3,웬일,0,명사,웬일로 일찍 오다,중급
3,위,3,의존명사,1위,중급
3,위층,0,명사,위층과 아래층,중급
3,위하다,0,동사,가족을 위하다,중급
3,윗글,0,명사,윗글을 읽다,중급
3,윗사람,0,명사,윗사람을 모시다,중급
3,유람선,0,명사,유람선을 타다,중급
3,유럽,0,명사,유럽 국가,중급
3,유료,0,명사,유료 주차장,중급
3,유머,0,명사,유머 감각,중급
3,유물,0,명사,유물을 전시하다,중급
3,유적,0,명사,유적이 발견되다,중급
3,유적지,0,명사,유적지를 조사하다,중급
3,으악,2,감탄사,,중급
3,은,1,명사,금과 은,중급
3,음력,0,명사,음력 생일,중급
3,음성,1,명사,음성을 듣다,중급
3,음식물,0,명사,음식물을 삼키다,중급
3,음악회,0,명사,음악회에 가다,중급
3,음주,0,명사,음주 운전,중급
3,응급실,0,명사,병원 응급실,중급
3,응원,0,명사,응원 소리,중급
3,의견,0,명사,의견을 나누다,중급
3,의논,0,명사,의논 주제,중급
3,이곳저곳,0,명사,이곳저곳을 살피다,중급
3,이국적01∙이국적,2,관형사∙명사,이국적 풍경,중급
3,이끌다,0,동사,단체를 이끌다,중급
3,이동,0,명사,장소 이동,중급
3,이따,0,부사,이따 만나요,중급
3,이래서,0,줄어든말,이리하여서,중급
3,이러다,0,동사,이러고 있다,중급
3,이런저런,0,관형사,이런저런 문제,중급
3,이력서,0,명사,이력서를 내다,중급
3,이루다,0,동사,꿈을 이루다,중급
3,이루어지다,0,동사,소원이 이루어지다,중급
3,이름표,0,명사,이름표를 달다,중급
3,이리,2,부사,이리 오다,중급
3,이만,2,부사,이만 줄이다,중급
3,이메일,0,명사,이메일을 보내다,중급
3,이미지,0,명사,청각적 이미지,중급
3,이비인후과,0,명사,이비인후과 진료,중급
3,이성,2,명사,이성 친구,중급
3,이웃집,0,명사,이웃집을 방문하다,중급
3,이자,2,명사,은행 이자,중급
3,이하,0,명사,수준 이하,중급
3,익히다,2,동사,기술을 익히다,중급
3,인구,0,명사,수도권 인구,중급
3,인도,2,명사,인도로 걷다,중급
3,인삼차,0,명사,인삼차를 마시다,중급
3,인상,3,명사,인상에 남다,중급
3,인상적01∙인상적,2,관형사∙명사,인상적 작품,중급
3,인생,0,명사,인생을 바치다,중급
3,인쇄,0,명사,인쇄가 선명하다,중급
3,인스턴트,0,명사,인스턴트 음식,중급
3,인심,0,명사,인심이 넉넉하다,중급
3,인원,0,명사,인원이 부족하다,중급
3,인터뷰,0,명사,인터뷰 기사,중급
3,일,4,명사,요일,중급
3,일곱째,3,명사,순서,중급
3,일곱째02∙일곱째,1,수사·관형사,순서,중급
3,일반,0,명사,일반 가정,중급
3,일본어,0,명사,일본어 회화,중급
3,일본인,0,명사,일본인을 만나다,중급
3,일부러,0,부사,일부러 오다,중급
3,일상생활,0,명사,일상생활에서 사용하다,중급
3,일어,0,명사,일어로 말하다,중급
3,일자리,0,명사,일자리를 구하다,중급
3,일정,1,명사,일정 기준,중급
3,일정,2,명사,여행 일정,중급
3,일정표,0,명사,경기 일정표,중급
3,일출,0,명사,일출을 보다,중급
3,일행,0,명사,일행과 헤어지다,중급
3,읽기,0,명사,읽기를 잘하다,중급
3,입국,0,명사,입국 수속,중급
3,입맛,0,명사,입맛이 좋다,중급
3,입장료,0,명사,입장료를 내다,중급
3,입학시험,0,명사,입학시험에 합격하다,중급
3,입학식,0,명사,입학식을 치르다,중급
3,잇다,0,동사,끈을 잇다,중급
3,자,1,명사,자로 재다,중급
3,자,3,감탄사,,중급
3,자,4,명사,하늘 천 자,중급
3,자가용,0,명사,자가용으로 출근하다,중급
3,자격,0,명사,보호자 자격,중급
3,자기,1,명사,자기만 알다,중급
3,자기,2,대명사,자기만 알다,중급
3,자녀,0,명사,자녀를 양육하다,중급
3,자동,0,명사,자동으로 움직이다,중급
3,자료,0,명사,자료를 찾다,중급
3,자리,2,명사,자리를 펴다,중급
3,자매,0,명사,쌍둥이 자매,중급
3,자세하다,0,형용사,자세한 설명,중급
3,자신,2,명사,자신이 있다,중급
3,자유롭다,0,형용사,자유로운 생각,중급
3,자주색,0,명사,색,중급
3,작성,0,명사,보고서 작성,중급
3,작은아버지,0,명사,친척,중급
3,작은어머니,0,명사,친척,중급
3,작은집,0,명사,작은집에 가다,중급
3,잔돈,2,명사,잔돈을 모으다,중급
3,잔디밭,0,명사,잔디밭에 앉다,중급
3,잠그다,1,동사,문을 잠그다,중급
3,잠기다,1,동사,문이 잠기다,중급
3,잠옷,0,명사,잠옷을 입다,중급
3,잡아먹다,0,동사,동물을 잡아먹다,중급
3,잡히다,2,동사,도둑이 잡히다,중급
3,장단점,0,명사,성격의 장단점,중급
3,장래,0,명사,장래 희망,중급
3,장례식,0,명사,장례식을 치르다,중급
3,장마철,0,명사,장마철이 다가오다,중급
3,장면,0,명사,경기 장면,중급
3,장미꽃,0,명사,장미꽃을 주다,중급
3,장수,2,명사,장수 마을,중급
3,장식,0,명사,화려한 장식,중급
3,장점,0,명사,장점과 단점,중급
3,장학금,0,명사,장학금을 받다,중급
3,재다,2,동사,무게를 재다,중급
3,재킷,0,명사,재킷을 입다,중급
3,재학,0,명사,재학 증명서,중급
3,재활용,0,명사,재활용 쓰레기,중급
3,잼,0,명사,잼을 바르다,중급
3,쟤,0,줄어든말,저 아이,중급
3,저기,2,감탄사,,중급
3,저녁때,0,명사,저녁때에 만나다,중급
3,저러다,0,동사,떠들고 저러다,중급
3,저렴하다,0,형용사,저렴한 물건,중급
3,저울,0,명사,저울에 달다,중급
3,저자,3,명사,책의 저자,중급
3,저축,0,명사,저축 예금,중급
3,적어도,0,부사,,중급
3,적응,0,명사,시차 적응,중급
3,적히다,0,동사,이름이 적히다,중급
3,전국,0,명사,전국 대회,중급
3,전국적01∙전국적,2,관형사∙명사,전국적 규모,중급
3,전날,0,명사,시험 전날,중급
3,전달,2,명사,물건 전달,중급
3,전망,0,명사,아파트 전망,중급
3,전문,2,명사,전문 분야,중급
3,전문가,0,명사,전문가를 초빙하다,중급
3,전문점,0,명사,커피 전문점,중급
3,전설,0,명사,아름다운 전설,중급
3,전세,1,명사,전세로 살다,중급
3,전시,1,명사,전시 상품,중급
3,전시회,0,명사,전시회를 관람하다,중급
3,전용,1,명사,외국인 전용,중급
3,전원,0,명사,전원을 끄다,중급
3,전원,2,명사,전원이 참가하다,중급
3,전자,2,명사,전자 제품,중급
3,전자레인지,0,명사,전자레인지에 데우다,중급
3,전자사전,0,명사,전자사전을 찾다,중급
3,전쟁,0,명사,한국 전쟁,중급
3,전통,0,명사,전통 의상,중급
3,전통적01∙전통적,2,관형사∙명사,전통적 방식,중급
3,절,1,명사,절에 가다,중급
3,절,2,명사,절을 받다,중급
3,절,3,명사,1장 1절,중급
3,절대,1,명사,절대 안정,중급
3,절대,2,부사,절대 안정,중급
3,절대로,0,부사,절대로 아니다,중급
3,절약,0,명사,시간 절약,중급
3,젊은이,0,명사,젊은이의 꿈,중급
3,점,2,명사,점을 찍다,중급
3,점,3,의존명사,점을 찍다,중급
3,점원,0,명사,백화점 점원,중급
3,점차,1,명사,점차 좋아지다,중급
3,점차,2,부사,점차 좋아지다,중급
3,점퍼,0,명사,점퍼를 입다,중급
3,접수,2,명사,원서 접수,중급
3,젓다,0,동사,커피를 젓다,중급
3,정,4,명사,정이 들다,중급
3,정답,0,명사,정답을 고르다,중급
3,정말로,0,부사,정말로 믿다,중급
3,정보,0,명사,여행 정보,중급
3,정수기,0,명사,정수기를 설치하다,중급
3,정신,0,명사,절약 정신,중급
3,정신없다,0,형용사,구경에 정신없다,중급
3,정신없이,0,부사,정신없이 찾다,중급
3,정오,0,명사,정오 뉴스,중급
3,정원,1,명사,정원 미달,중급
3,정육점,0,명사,정육점의 고기,중급
3,정장,0,명사,정장을 입다,중급
3,정치,0,명사,정치 활동,중급
3,정형외과,0,명사,정형외과 의사,중급
3,정확히,0,부사,정확히 계산하다,중급
3,제,4,줄어든말,저의,중급
3,제-,0,접사,제3과,중급
3,제공,0,명사,자료 제공,중급
3,제과점,0,명사,제과점 빵,중급
3,제대로,0,부사,제대로 갖추다,중급
3,제시간,0,명사,제시간에 도착하다,중급
3,제안,0,명사,제안을 받다,중급
3,제출,0,명사,보고서 제출,중급
3,제품,0,명사,가죽 제품,중급
3,조건,0,명사,성공 조건,중급
3,조깅,0,명사,조깅을 하다,중급
3,조끼,0,명사,조끼를 입다,중급
3,조리,4,명사,조리 시간,중급
3,조미료,0,명사,인공 조미료,중급
3,조사,3,명사,조사 결과,중급
3,조상,0,명사,조상을 모시다,중급
3,조언,0,명사,조언을 구하다,중급
3,존경,0,명사,존경을 받다,중급
3,졸리다,1,동사,졸린 눈,중급
3,졸업생,0,명사,졸업생을 배출하다,중급
3,졸업식,0,명사,졸업식을 하다,중급
3,종교,0,명사,종교를 믿다,중급
3,종이컵,0,명사,종이컵을 쓰다,중급
3,종일,1,명사,종일 일하다,중급
3,종일,2,부사,종일 일하다,중급
3,종합,0,명사,종합 검사,중급
3,좌석,0,명사,좌석에 앉다,중급
3,좌측,0,명사,좌측과 우측,중급
3,좌회전,0,명사,좌회전 신호,중급
3,주간,4,명사,주간 계획,중급
3,주간,5,의존명사,주간 계획,중급
3,주고받다,0,동사,인사를 주고받다,중급
3,주민,0,명사,동네 주민,중급
3,주방,0,명사,주방에서 요리하다,중급
3,주요,0,명사,주요 인물,중급
3,주유소,0,명사,주유소에서 일하다,중급
3,주의,2,명사,주의가 산만하다,중급
3,주인공,0,명사,영화 주인공,중급
3,주제,0,명사,대화 주제,중급
3,주차권,0,명사,주차권을 사다,중급
3,주차료,0,명사,주차료가 비싸다,중급
3,죽,3,명사,죽을 쑤다,중급
3,죽음,0,명사,죽음을 맞다,중급
3,죽이다,1,동사,곤충을 죽이다,중급
3,준비물,0,명사,준비물을 챙기다,중급
3,줄넘기,0,명사,줄넘기를 하다,중급
3,줄무늬,0,명사,줄무늬 옷,중급
3,중,1,명사,스님,중급
3,중고,0,명사,중고 자동차,중급
3,중고차,0,명사,중고차를 사다,중급
3,중국어,0,명사,중국어로 말하다,중급
3,중국인,0,명사,중국인을 만나다,중급
3,중급,0,명사,중급 수준,중급
3,중단,0,명사,운행 중단,중급
3,중부,0,명사,중부 지방,중급
3,중순,0,명사,내달 중순,중급
3,중식,0,명사,중식을 먹다,중급
3,중심지,0,명사,경제의 중심지,중급
3,중형차,0,명사,중형차를 운전하다,중급
3,쥐,1,명사,쥐를 잡다,중급
3,즉,0,부사,,중급
3,즉시,0,명사,즉시 통과,중급
3,즐거움,0,명사,즐거움을 느끼다,중급
3,증가,0,명사,인구 증가,중급
3,증명서,0,명사,증명서를 발급하다,중급
3,증상,0,명사,감기 증상,중급
3,증세,1,명사,독감 증세,중급
3,지각,1,명사,지각이 생기다,중급
3,지나치다,2,형용사,지나친 운동,중급
3,지난날,0,명사,지난날을 기억하다,중급
3,지다,1,동사,해가 지다,중급
3,지도,2,명사,지도를 받다,중급
3,지방,3,명사,식물성 지방,중급
3,지붕,0,명사,지붕에 올라가다,중급
3,지역,0,명사,서울 지역,중급
3,지원,2,명사,입사 지원,중급
3,지저분하다,0,형용사,길이 지저분하다,중급
3,지퍼,0,명사,지퍼를 잠그다,중급
3,직장인,0,명사,직장인들이 출근하다,중급
3,직진,0,명사,직진 신호,중급
3,진단서,0,명사,진단서를 떼다,중급
3,진심,0,명사,진심을 전하다,중급
3,진찰,0,명사,진찰을 받다,중급
3,진통제,0,명사,소염 진통제,중급
3,진학,0,명사,진학 상담,중급
3,진행,0,명사,진행이 순조롭다,중급
3,진행자,0,명사,뉴스 진행자,중급
3,질,1,명사,질이 좋다,중급
3,집다,0,동사,연필을 집다,중급
3,집세,0,명사,집세를 내다,중급
3,집안,0,명사,집안이 편안하다,중급
3,집중,0,명사,정신 집중,중급
3,짜다,1,동사,목도리를 짜다,중급
3,짜다,2,동사,치약을 짜다,중급
3,쪽,2,명사,쪽 번호,중급
3,쭉,0,부사,선을 쭉 긋다,중급
3,찌르다,0,동사,바늘로 찌르다,중급
3,찜질,0,명사,얼음찜질,중급
3,찢다,0,동사,종이를 찢다,중급
3,찢어지다,0,동사,종이가 찢어지다,중급
3,차량,0,명사,차량을 통제하다,중급
3,차로,0,명사,차로를 건너다,중급
3,차리다,0,동사,밥상을 차리다,중급
3,차림표,0,명사,차림표를 보다,중급
3,차이,0,명사,나이 차이,중급
3,차이점,0,명사,공통점과 차이점,중급
3,찬성,0,명사,찬성과 반대,중급
3,참가,0,명사,대회 참가,중급
3,참고,0,명사,참고 자료,중급
3,참기름,0,명사,참기름을 바르다,중급
3,참석,0,명사,회의 참석,중급
3,창,3,명사,창을 열다,중급
3,창가,1,명사,창가에 앉다,중급
3,창고,0,명사,창고에 보관하다,중급
3,창구,0,명사,예매 창구,중급
3,창밖,0,명사,창밖을 보다,중급
3,창피,0,명사,창피를 당하다,중급
3,채우다,2,동사,자리를 채우다,중급
3,책가방,0,명사,책가방을 메다,중급
3,챙기다,0,동사,가방을 챙기다,중급
3,처녀,0,명사,처녀 시절,중급
3,처방,0,명사,처방을 내리다,중급
3,처방전,0,명사,병원 처방전,중급
3,천둥,0,명사,천둥이 치다,중급
3,천사,0,명사,천사와 악마,중급
3,천장,0,명사,천장이 높다,중급
3,천재,1,명사,천재 시인,중급
3,철,1,명사,철이 바뀌다,중급
3,철도,0,명사,도시 철도,중급
3,첫눈,1,명사,첫눈에 반하다,중급
3,첫눈,2,명사,첫눈이 내리다,중급
3,첫인상,0,명사,첫인상이 좋다,중급
3,청소기,0,명사,청소기를 돌리다,중급
3,청혼,0,명사,청혼을 받다,중급
3,체력,0,명사,체력을 단련하다,중급
3,체크무늬,0,명사,체크무늬 남방,중급
3,체하다,2,동사,과식으로 체하다,중급
3,체험,0,명사,문화 체험,중급
3,초급,0,명사,초급 과정,중급
3,초록,2,명사,색,중급
3,촌스럽다,0,형용사,옷차림이 촌스럽다,중급
3,총,1,명사,총을 쏘다,중급
3,촬영,0,명사,사진 촬영,중급
3,최고급,0,명사,최고급 호텔,중급
3,최선,0,명사,최선을 다하다,중급
3,최저,0,명사,최저 임금,중급
3,추억,0,명사,추억으로 남다,중급
3,추천,0,명사,추천 도서,중급
3,추측,0,명사,추측이 맞다,중급
3,축구장,0,명사,축구장에 가다,중급
3,축제,0,명사,불꽃 축제,중급
3,출국,0,명사,출국 수속,중급
3,충분히,0,부사,충분히 쉬다,중급
3,취하다,2,동사,술에 취하다,중급
3,취향,0,명사,개인 취향,중급
3,치다,3,동사,밑줄을 치다,중급
3,치료법,0,명사,아토피 치료법,중급
3,치르다,0,동사,값을 치르다,중급
3,치수,1,명사,치수를 재다,중급
3,치우다,1,동사,물건들을 치우다,중급
3,치즈,0,명사,피자 치즈,중급
3,친-,0,접사,친부모,중급
3,친딸,0,명사,친딸처럼 대하다,중급
3,칸,0,명사,옆 칸,중급
3,커지다,0,동사,문제가 커지다,중급
3,커튼,0,명사,커튼을 달다,중급
3,코너,0,명사,코너를 돌다,중급
3,코미디,0,명사,코미디 영화,중급
3,코스,0,명사,드라이브 코스,중급
3,코트,1,명사,코트를 입다,중급
3,코트,2,명사,농구 코트,중급
3,코피,0,명사,코피를 흘리다,중급
3,콘도,0,명사,콘도에서 묵다,중급
3,콜록콜록,0,부사,콜록콜록 기침을 하다,중급
3,콧노래,0,명사,콧노래를 부르다,중급
3,큰길,0,명사,큰길로 다니다,중급
3,큰아버지,0,명사,큰아버지와 작은아버지,중급
3,큰어머니,0,명사,큰어머니와 작은어머니,중급
3,클래식,0,명사,클래식 음악,중급
3,키스,0,명사,첫 키스,중급
3,탁자,0,명사,탁자에 두다,중급
3,탑승,0,명사,비행기 탑승,중급
3,탑승객,0,명사,국제선 탑승객,중급
3,태우다,2,동사,차에 태우다,중급
3,터뜨리다,0,동사,풍선을 터뜨리다,중급
3,털,0,명사,털이 빠지다,중급
3,털다,0,동사,이불을 털다,중급
3,테이프,0,명사,테이프를 끊다,중급
3,토,2,명사,요일,중급
3,토론,0,명사,찬반 토론,중급
3,토하다,0,동사,음식을 토하다,중급
3,통,4,부사,통 말이 없다,중급
3,통,5,명사,통에 담다,중급
3,통신,0,명사,통신 상태,중급
3,통역,0,명사,영어 통역,중급
3,통일,0,명사,남북의 통일,중급
3,통통하다,0,형용사,몸매가 통통하다,중급
3,통하다,0,동사,바람이 통하다,중급
3,특기,1,명사,취미와 특기,중급
3,특성,0,명사,신체적 특성,중급
3,특징,0,명사,독특한 특징,중급
3,틀림없이,0,부사,틀림없이 맞다,중급
3,틈틈이,0,부사,틈틈이 하다,중급
3,파,1,명사,파를 썰다,중급
3,파다,0,동사,구멍을 파다,중급
3,파도,0,명사,파도가 치다,중급
3,파랑,1,명사,색,중급
3,파마,0,명사,파마머리,중급
3,파일,0,명사,파일로 묶다,중급
3,파출소,0,명사,파출소에 신고하다,중급
3,판매,0,명사,판매 가격,중급
3,패션,0,명사,패션 잡지,중급
3,팬티,0,명사,팬티를 입다,중급
3,퍼센트,0,의존명사,백 퍼센트,중급
3,페이지,0,명사,페이지를 넘기다,중급
3,편,2,의존명사,저쪽 편,중급
3,편식,0,명사,편식이 심하다,중급
3,평가,0,명사,평가 기준,중급
3,포기,2,명사,중도 포기,중급
3,포도주,0,명사,포도주를 담그다,중급
3,포크,0,명사,포크로 찍다,중급
3,포함,0,명사,세금 포함,중급
3,폭포,0,명사,폭포에 가다,중급
3,표,1,명사,표를 그리다,중급
3,표시,2,명사,가격 표시,중급
3,표정,0,명사,표정이 밝다,중급
3,표지판,0,명사,안내 표지판,중급
3,표현,0,명사,감정 표현,중급
3,풀,1,명사,풀로 붙이다,중급
3,풀리다,0,동사,나사가 풀리다,중급
3,품질,0,명사,품질이 뛰어나다,중급
3,풍선,0,명사,풍선을 띄우다,중급
3,풍습,0,명사,전통 풍습,중급
3,프린터,0,명사,프린터로 출력하다,중급
3,플라스틱,0,명사,플라스틱 용기,중급
3,피로,0,명사,피로가 쌓이다,중급
3,피부,0,명사,피부 미용,중급
3,피서,0,명사,여름 피서,중급
3,피하다,0,동사,책임을 피하다,중급
3,피해,0,명사,피해를 입다,중급
3,피해자,0,명사,사고 피해자,중급
3,하나하나,1,명사,하나하나 세다,중급
3,하나하나,2,부사,하나하나 세다,중급
3,하숙,0,명사,하숙을 하다,중급
3,하양,0,명사,색,중급
3,하차,0,명사,하차 벨,중급
3,하품,0,명사,하품이 나오다,중급
3,하하,1,부사,하하 웃다,중급
3,학과,0,명사,전공 학과,중급
3,학습,0,명사,외국어 학습,중급
3,학자,0,명사,학자를 초청하다,중급
3,한국말,0,명사,한국말을 배우다,중급
3,한국어,0,명사,한국어를 배우다,중급
3,한국인,0,명사,한국인 친구,중급
3,한동안,0,명사,한동안 계속되다,중급
3,한때,1,명사,한때의 감정,중급
3,한때,2,부사,한때의 감정,중급
3,한문,0,명사,한문을 읽다,중급
3,한숨,2,명사,한숨을 쉬다,중급
3,한자,0,명사,한자를 읽다,중급
3,한쪽,0,명사,한쪽으로 기울어지다,중급
3,한참,0,부사,한참 기다리다,중급
3,한참,0,명사,한참 기다리다,중급
3,할인점,0,명사,가구 할인점,중급
3,합격,0,명사,시험 합격,중급
3,합계,0,명사,합계를 구하다,중급
3,합치다,0,동사,하나로 합치다,중급
3,항공료,0,명사,항공료가 오르다,중급
3,해결,0,명사,문제 해결,중급
3,해돋이,0,명사,해돋이를 감상하다,중급
3,해물,0,명사,해물 파전,중급
3,해변,0,명사,해변을 거닐다,중급
3,해산물,0,명사,해산물 요리,중급
3,해수욕장,0,명사,해수욕장에 가다,중급
3,핸드백,0,명사,핸드백을 메다,중급
3,햇볕,0,명사,햇볕을 쬐다,중급
3,행사장,0,명사,행사장 안내,중급
3,행운,0,명사,행운이 오다,중급
3,향수,0,명사,향수를 뿌리다,중급
3,향하다,0,동사,눈길이 향하다,중급
3,허락,0,명사,결혼 허락,중급
3,허리띠,0,명사,허리띠를 매다,중급
3,허벅지,0,명사,허벅지가 두껍다,중급
3,현관,0,명사,집 현관,중급
3,현대,0,명사,현대 문명,중급
3,형태,0,명사,건물의 형태,중급
3,호두,0,명사,호두 파이,중급
3,호박,0,명사,호박 농사,중급
3,호실,0,명사,2호실,중급
3,혹은,0,부사,아들 혹은 딸,중급
3,혼나다,0,동사,아파서 혼나다,중급
3,홈페이지,0,명사,홈페이지에 접속하다,중급
3,화,2,명사,요일,중급
3,화면,0,명사,텔레비전 화면,중급
3,화분,0,명사,화분에 심다,중급
3,화장,1,명사,화장이 진하다,중급
3,화장대,0,명사,화장대에 앉다,중급
3,화재,0,명사,화재 신고,중급
3,화폐,0,명사,전자 화폐,중급
3,화해,0,명사,화해를 청하다,중급
3,확인,0,명사,사실 확인,중급
3,환불,0,명사,요금 환불,중급
3,환상적01∙환상적,2,관형사∙명사,환상적인 이야기,중급
3,환승역,0,명사,지하철 환승역,중급
3,환영회,0,명사,신입생 환영회,중급
3,환율,0,명사,환율이 오르다,중급
3,환하다,0,형용사,불빛이 환하다,중급
3,활동,0,명사,야외 활동,중급
3,활발하다,0,형용사,교류가 활발하다,중급
3,활짝,0,부사,활짝 열다,중급
3,회,2,명사,회를 먹다,중급
3,회비,0,명사,회비를 내다,중급
3,회식,0,명사,부서 회식,중급
3,회의실,0,명사,회의실에 모이다,중급
3,회장,1,명사,회장을 뽑다,중급
3,횟수,0,명사,횟수를 세다,중급
3,효과,0,명사,약 효과,중급
3,후반,0,명사,후반 경기,중급
3,후식,0,명사,후식을 먹다,중급
3,후추,0,명사,후추를 뿌리다,중급
3,후회,0,명사,늦은 후회,중급
3,휴가철,0,명사,휴가철이 시작되다,중급
3,휴대,0,명사,휴대가 간편하다,중급
3,휴식,0,명사,휴식 시간,중급
3,휴학,0,명사,휴학 신청,중급
3,흘러가다,0,동사,시냇물이 흘러가다,중급
3,희다,0,형용사,흰 종이,중급
3,희생,0,명사,희생을 감수하다,중급
4,-가,2,접사,전문가,중급
4,-가량,0,접사,한 시간가량,중급
4,-간,0,접사,이틀간,중급
4,-객,0,접사,등산객,중급
4,-관,2,접사,도서관,중급
4,-관,3,접사,가치관,중급
4,-권,3,접사,투표권,중급
4,-당,0,접사,시간당,중급
4,-력,1,접사,경제력,중급
4,-료,0,접사,통화료,중급
4,-문,0,접사,기행문,중급
4,-사,5,접사,신문사,중급
4,-사,6,접사,요리사,중급
4,-생,1,접사,1985년생,중급
4,-성,0,접사,인간성,중급
4,-원,1,접사,회사원,중급
4,-자,6,접사,과학자,중급
4,-제,2,접사,추모제,중급
4,-제,4,접사,영양제,중급
4,-질,0,접사,가위질,중급
4,-째,2,접사,첫째,중급
4,-품,0,접사,화장품,중급
4,-형,2,접사,기본형,중급
4,-화,1,접사,간편화,중급
4,가능성,0,명사,가능성이 높다,중급
4,가라앉다,0,동사,바닥에 가라앉다,중급
4,가로등,0,명사,가로등이 켜지다,중급
4,가로막다,0,동사,길을 가로막다,중급
4,가르다,0,동사,칼로 가르다,중급
4,가리다,3,동사,잘잘못을 가리다,중급
4,가만,1,부사,가만 놔두다,중급
4,가만있다,0,동사,잠자코 가만있다,중급
4,가만히,0,부사,가만히 두다,중급
4,가뭄,0,명사,가뭄이 들다,중급
4,가사,3,명사,노래 가사,중급
4,가장,2,명사,집안의 가장,중급
4,가정,2,명사,가정을 세우다,중급
4,가정주부,0,명사,가정주부로 살다,중급
4,가져다주다,0,동사,물건을 가져다주다,중급
4,가지,1,명사,가지를 꺾다,중급
4,가짜,0,명사,가짜 보석,중급
4,가치,0,명사,가치가 높다,중급
4,가치관,0,명사,가치관이 바뀌다,중급
4,가톨릭,0,명사,가톨릭을 믿다,중급
4,각국,0,명사,아시아 각국,중급
4,각오,0,명사,각오를 다지다,중급
4,각종,0,명사,각종 과일,중급
4,간,3,명사,간 이식,중급
4,간,4,의존명사,서울과 부산 간,중급
4,간격,0,명사,간격을 넓히다,중급
4,간섭,0,명사,간섭을 받다,중급
4,간신히,0,부사,간신히 견디다,중급
4,간절하다,0,형용사,간절한 기도,중급
4,간접적01∙간접적,2,관형사∙명사,간접적 영향,중급
4,간지럽다,0,형용사,눈이 간지럽다,중급
4,간편하다,0,형용사,사용이 간편하다,중급
4,간혹,1,명사,간혹 생기다,중급
4,간혹,2,부사,간혹 생기다,중급
4,갇히다,0,동사,감옥에 갇히다,중급
4,갈등,0,명사,갈등이 심하다,중급
4,갈라지다,0,동사,벽이 갈라지다,중급
4,갈수록,0,부사,갈수록 늘어나다,중급
4,감상문,0,명사,독서 감상문,중급
4,감소,0,명사,인구 감소,중급
4,감시,0,명사,감시를 당하다,중급
4,감싸다,0,동사,얼굴을 감싸다,중급
4,감옥,0,명사,감옥에 가두다,중급
4,감추다,0,동사,모습을 감추다,중급
4,감히,0,부사,감히 대들다,중급
4,갑작스럽다,0,형용사,갑작스러운 일,중급
4,값싸다,0,형용사,값싼 물건,중급
4,강도,3,명사,은행 강도,중급
4,강수량,0,명사,강수량이 많다,중급
4,강요,0,명사,강요를 받다,중급
4,강의,0,명사,강의를 듣다,중급
4,강의실,0,명사,대형 강의실,중급
4,강제,0,명사,강제로 시키다,중급
4,강조,0,명사,강조 사항,중급
4,갖가지,0,명사,갖가지 모양,중급
4,갖추다,0,동사,시설을 갖추다,중급
4,개구리,0,명사,개구리를 잡다,중급
4,개념,0,명사,개념을 이해하다,중급
4,개다,3,동사,옷을 개다,중급
4,개미,0,명사,벌레,중급
4,개발,0,명사,재능 개발,중급
4,개방,0,명사,개방 시간,중급
4,개별,0,명사,개별 행동,중급
4,개선,1,명사,제도 개선,중급
4,개성,0,명사,개성이 강하다,중급
4,개최,0,명사,공동 개최,중급
4,개혁,0,명사,경제 개혁,중급
4,객관적01∙객관적,2,관형사∙명사,객관적 증거,중급
4,거대,0,명사,거대 규모,중급
4,거두다,0,동사,빨래를 거두다,중급
4,거들다,0,동사,일을 거들다,중급
4,거래,0,명사,거래가 이루어지다,중급
4,거래처,0,명사,거래처 직원,중급
4,거미,0,명사,벌레,중급
4,거북이,0,명사,동물,중급
4,거지,0,명사,거지가 구걸하다,중급
4,거짓,0,명사,거짓으로 꾸미다,중급
4,거치다,0,동사,도시를 거치다,중급
4,거칠다,0,형용사,피부가 거칠다,중급
4,걱정스럽다,0,형용사,자식이 걱정스럽다,중급
4,건너,0,명사,길 건너,중급
4,건네다,0,동사,돈을 건네다,중급
4,건네주다,0,동사,돈을 건네주다,중급
4,건드리다,0,동사,물건을 건드리다,중급
4,건설,0,명사,아파트 건설,중급
4,건전지,0,명사,건전지를 갈다,중급
4,건지다,0,동사,그물을 건지다,중급
4,건축,0,명사,건축 공사,중급
4,걷다,3,동사,소매를 걷다,중급
4,걷다,4,동사,빨래를 걷다,중급
4,걸치다,0,동사,언덕에 걸치다,중급
4,검사,1,명사,검사가 되다,중급
4,겁나다,0,동사,말하기가 겁나다,중급
4,겉모습,0,명사,겉모습만 보다,중급
4,게,1,명사,게를 먹다,중급
4,게다가,1,부사,,중급
4,겨울철,0,명사,겨울철 준비,중급
4,격려,0,명사,격려를 받다,중급
4,겪다,0,동사,고통을 겪다,중급
4,견디다,0,동사,고통을 견디다,중급
4,견학,0,명사,박물관 견학,중급
4,견해,0,명사,견해 차이,중급
4,결근,0,명사,회사 결근,중급
4,결론,0,명사,결론을 내리다,중급
4,결승,0,명사,결승 경기,중급
4,결코,0,부사,결코 어렵지 않다,중급
4,결합,0,명사,결합 관계,중급
4,결혼식장,0,명사,야외 결혼식장,중급
4,겸손,0,명사,겸손한 태도,중급
4,겹치다,0,동사,불행이 겹치다,중급
4,경계,1,명사,경계 지역,중급
4,경고,0,명사,경고를 주다,중급
4,경기,1,명사,경기가 회복되다,중급
4,경력,0,명사,경력을 쌓다,중급
4,경영,0,명사,회사 경영,중급
4,경쟁,0,명사,경쟁 상대,중급
4,경쟁력,0,명사,경쟁력을 키우다,중급
4,경제력,0,명사,경제력 차이,중급
4,경향,0,명사,새로운 경향,중급
4,계기,1,명사,사건의 계기,중급
4,계산기,0,명사,계산기로 계산하다,중급
4,계산대,0,명사,계산대에서 계산하다,중급
4,계층,0,명사,상류 계층,중급
4,고국,0,명사,고국으로 돌아가다,중급
4,고급,0,명사,고급 시계,중급
4,고급스럽다,0,형용사,자동차가 고급스럽다,중급
4,고대,1,명사,고대와 현대,중급
4,고독,0,명사,고독을 느끼다,중급
4,고등,0,명사,고등 교육,중급
4,고등어,0,명사,고등어구이,중급
4,고래,1,명사,고래를 잡다,중급
4,고려,1,명사,고려 사항,중급
4,고마워하다,0,동사,부모님께 고마워하다,중급
4,고무,1,명사,고무로 만들다,중급
4,고소하다,1,형용사,맛이 고소하다,중급
4,고요,0,명사,고요한 밤,중급
4,고유,0,명사,고유 음식,중급
4,고장,1,명사,고장 특산물,중급
4,고전,1,명사,고전 소설,중급
4,고정,0,명사,고정 수입,중급
4,고집,0,명사,고집을 부리다,중급
4,고층,0,명사,고층 빌딩,중급
4,고통,0,명사,고통을 견디다,중급
4,고통스럽다,0,형용사,고통스러운 표정,중급
4,곡,1,명사,노래 한 곡,중급
4,곡식,0,명사,곡식을 거두다,중급
4,곧다,0,형용사,다리가 곧다,중급
4,곧바로,0,부사,곧바로 처리하다,중급
4,곧잘,0,부사,곧잘 하다,중급
4,골,4,명사,골을 넣다,중급
4,골다,0,동사,코를 골다,중급
4,공감,0,명사,공감을 얻다,중급
4,공개,0,명사,공개 수배,중급
4,공격,0,명사,공격을 받다,중급
4,공급,0,명사,공급을 받다,중급
4,공기,3,명사,공기에 담다,중급
4,공동체,0,명사,공동체에 속하다,중급
4,공손하다,0,형용사,공손한 태도,중급
4,공업,0,명사,공업이 발달하다,중급
4,공적01∙공적,2,관형사∙명사,공적 제도,중급
4,공지,1,명사,공지를 돌리다,중급
4,공해,1,명사,소음 공해,중급
4,과소비,0,명사,과소비를 줄이다,중급
4,과속,0,명사,과속 운전,중급
4,과연,0,부사,과연 대단하다,중급
4,과외,0,명사,과외 업무,중급
4,과제,0,명사,과제를 해결하다,중급
4,과학적01∙과학적,2,관형사∙명사,과학적 방법,중급
4,관계자,0,명사,관계자를 만나다,중급
4,관심사,0,명사,관심사가 다르다,중급
4,관점,0,명사,관점이 다르다,중급
4,괜히,0,부사,괜히 이야기하다,중급
4,괴로움,0,명사,괴로움을 견디다,중급
4,괴로워하다,0,동사,통증으로 괴로워하다,중급
4,괴롭다,0,형용사,마음이 괴롭다,중급
4,괴롭히다,0,동사,동생을 괴롭히다,중급
4,굉장하다,0,형용사,굉장한 발전,중급
4,교내,0,명사,교내 방송,중급
4,교대,1,명사,교대 근무,중급
4,교류,0,명사,문화 교류,중급
4,교복,0,명사,교복을 입다,중급
4,교양,0,명사,교양을 쌓다,중급
4,교육비,0,명사,교육비로 지출하다,중급
4,교육자,0,명사,교육자를 배출하다,중급
4,교장,0,명사,초등학교 교장,중급
4,교재,0,명사,학습 교재,중급
4,교체,0,명사,건전지 교체,중급
4,교훈,2,명사,교훈을 얻다,중급
4,구르다,1,동사,공이 구르다,중급
4,구매,0,명사,상품 구매,중급
4,구별,0,명사,남녀 구별,중급
4,구부리다,0,동사,허리를 구부리다,중급
4,구분,0,명사,구분이 뚜렷하다,중급
4,구석,0,명사,한쪽 구석,중급
4,구성,0,명사,구성 인원,중급
4,구세대,0,명사,구세대와 신세대,중급
4,구속,1,명사,구속이 심하다,중급
4,구조,1,명사,구조를 요청하다,중급
4,구하다,2,동사,목숨을 구하다,중급
4,국경일,0,명사,국경일로 정하다,중급
4,국산,0,명사,국산을 애용하다,중급
4,국외,0,명사,국외와 국내,중급
4,국제결혼,0,명사,국제결혼 부부,중급
4,국제선,0,명사,국제선으로 갈아타다,중급
4,국제화,0,명사,국제화 시대,중급
4,국화,2,명사,국화가 피다,중급
4,국회,0,명사,대한민국 국회,중급
4,군,4,명사,행정 구역,중급
4,군데,0,의존명사,여러 군데,중급
4,군사,1,명사,군사 조직,중급
4,굳다,1,동사,땅이 굳다,중급
4,굳어지다,0,동사,땅이 굳어지다,중급
4,굳이,0,부사,굳이 말하다,중급
4,굴,2,명사,굴을 파다,중급
4,굽히다,0,동사,허리를 굽히다,중급
4,권력,0,명사,권력을 강화하다,중급
4,권리,0,명사,권리를 누리다,중급
4,권위,0,명사,권위를 세우다,중급
4,권유,0,명사,간곡한 권유,중급
4,귀가,0,명사,귀가 시간,중급
4,귀국,0,명사,귀국과 출국,중급
4,귀신,0,명사,귀신이 되다,중급
4,귀중하다,0,형용사,귀중한 보석,중급
4,귀하다,0,형용사,귀한 신분,중급
4,규모,0,명사,규모가 크다,중급
4,규정,0,명사,규정을 지키다,중급
4,균형,0,명사,균형을 잡다,중급
4,그나마,0,부사,그나마 낫다,중급
4,그네,1,명사,그네를 타다,중급
4,그늘,0,명사,그늘이 지다,중급
4,그다지,0,부사,그다지 춥지 않다,중급
4,그대,0,대명사,,중급
4,그래프,0,명사,그래프로 나타내다,중급
4,그러게,2,감탄사,,중급
4,그럭저럭,0,부사,그럭저럭 견디다,중급
4,그런대로,0,부사,그런대로 괜찮다,중급
4,그렇지,1,감탄사,,중급
4,그리,1,부사,그리 가다,중급
4,그리움,0,명사,그리움을 느끼다,중급
4,그림자,0,명사,그림자가 지다,중급
4,그림책,0,명사,그림책을 보다,중급
4,그만큼,1,부사,그만큼 남다,중급
4,그만큼,2,명사,그만큼 남다,중급
4,그야말로,0,부사,그야말로 최고다,중급
4,그제야,0,부사,그제야 끝나다,중급
4,그토록,0,부사,그토록 아름답다,중급
4,극복,0,명사,위기 극복,중급
4,극히,0,부사,극히 드물다,중급
4,근거,0,명사,법적 근거,중급
4,근교,0,명사,서울 근교,중급
4,근대,0,명사,근대의 사상,중급
4,근래,0,명사,근래의 소식,중급
4,근로자,0,명사,근로자를 해고하다,중급
4,근본,0,명사,근본을 밝히다,중급
4,근본적01∙근본적,2,관형사∙명사,근본적 이유,중급
4,근심,0,명사,근심이 많다,중급
4,긁다,0,동사,머리를 긁다,중급
4,금년,0,명사,금년 여름,중급
4,금융,0,명사,금융 분야,중급
4,금하다,0,동사,출입을 금하다,중급
4,급격히,0,부사,급격히 감소하다,중급
4,급속히,0,부사,급속히 진행되다,중급
4,급증,0,명사,인구 급증,중급
4,급히,0,부사,급히 먹다,중급
4,기념일,0,명사,기념일을 축하하다,중급
4,기독교,0,명사,기독교를 믿다,중급
4,기둥,0,명사,기둥을 세우다,중급
4,기록,0,명사,기록을 남기다,중급
4,기반,0,명사,기반을 다지다,중급
4,기본,0,명사,기본을 익히다,중급
4,기본적01∙기본적,2,관형사∙명사,기본적 권리,중급
4,기부,0,명사,장학금 기부,중급
4,기술,1,명사,기술을 개발하다,중급
4,기업가,0,명사,기업가가 되다,중급
4,기여,0,명사,발전에 기여하다,중급
4,기운,1,명사,기운이 없다,중급
4,기울다,0,동사,액자가 기울다,중급
4,기울이다,0,동사,몸을 기울이다,중급
4,기원,2,명사,인류의 기원,중급
4,기적,0,명사,기적이 일어나다,중급
4,기존,0,명사,기존 시설,중급
4,기지개,0,명사,기지개를 켜다,중급
4,기혼,0,명사,기혼 여성,중급
4,기획,0,명사,기획 상품,중급
4,기후,0,명사,기후가 좋다,중급
4,길가,0,명사,길가에 서다,중급
4,길거리,0,명사,길거리를 걷다,중급
4,깊이,1,명사,강물의 깊이,중급
4,까다롭다,0,형용사,조건이 까다롭다,중급
4,까닭,0,명사,까닭을 묻다,중급
4,까먹다,0,동사,귤을 까먹다,중급
4,깔다,0,동사,이불을 깔다,중급
4,깔리다,0,동사,잔디가 깔리다,중급
4,깜깜하다,0,형용사,방이 깜깜하다,중급
4,깜박하다,0,동사,등불이 깜박하다,중급
4,깨,0,명사,깨를 볶다,중급
4,깨다,2,동사,그릇을 깨다,중급
4,깨닫다,0,동사,의미를 깨닫다,중급
4,깨뜨리다,0,동사,거울을 깨뜨리다,중급
4,깨물다,0,동사,사탕을 깨물다,중급
4,깨어나다,0,동사,의식이 깨어나다,중급
4,깨우다,0,동사,잠을 깨우다,중급
4,꺾다,0,동사,꽃을 꺾다,중급
4,껴안다,0,동사,아이를 껴안다,중급
4,꼭,1,부사,꼭 누르다,중급
4,꼭대기,0,명사,꼭대기에 오르다,중급
4,꼼꼼하다,0,형용사,꼼꼼한 성격,중급
4,꼼꼼히,0,부사,꼼꼼히 살피다,중급
4,꼽다,0,동사,날짜를 꼽다,중급
4,꼽히다,0,동사,다섯 손가락 안에 꼽히다,중급
4,꽂히다,0,동사,꽃이 꽂히다,중급
4,꽃꽂이,0,명사,꽃꽂이를 배우다,중급
4,꽃잎,0,명사,꽃잎이 지다,중급
4,꾸다,2,동사,돈을 꾸다,중급
4,꾸리다,0,동사,이삿짐을 꾸리다,중급
4,꾸미다,0,동사,외모를 꾸미다,중급
4,꾸준하다,0,형용사,꾸준한 인기,중급
4,꾸중,0,명사,꾸중을 듣다,중급
4,꿇다,0,동사,무릎을 꿇다,중급
4,꿈꾸다,0,동사,꿈꾸며 자다,중급
4,꿈속,0,명사,꿈속에서 만나다,중급
4,끄덕이다,0,동사,고개를 끄덕이다,중급
4,끊임없다,0,형용사,손님이 끊임없다,중급
4,끊임없이,0,부사,끊임없이 이어지다,중급
4,끌리다,0,동사,바지가 끌리다,중급
4,끌어당기다,0,동사,의자를 끌어당기다,중급
4,끌어안다,0,동사,아기를 끌어안다,중급
4,끝없다,0,형용사,욕심이 끝없다,중급
4,끝없이,0,부사,끝없이 이어지다,중급
4,끼다,1,동사,문에 끼다,중급
4,끼어들다,0,동사,틈으로 끼어들다,중급
4,끼우다,0,동사,단추를 끼우다,중급
4,끼이다,0,동사,틈에 끼이다,중급
4,끼치다,1,동사,소름이 끼치다,중급
4,끼치다,2,동사,걱정을 끼치다,중급
4,나뉘다,0,동사,두 갈래로 나뉘다,중급
4,나란히,0,부사,나란히 걷다,중급
4,나름,0,의존명사,하기 나름,중급
4,나무라다,0,동사,잘못을 나무라다,중급
4,나뭇가지,0,명사,나뭇가지를 꺾다,중급
4,나비,3,명사,곤충,중급
4,나서다,0,동사,거리에 나서다,중급
4,나아가다,0,동사,거리로 나아가다,중급
4,난리,0,명사,난리를 피하다,중급
4,난처하다,0,형용사,입장이 난처하다,중급
4,날개,0,명사,날개를 펴다,중급
4,날리다,1,동사,눈발이 날리다,중급
4,날리다,2,동사,깃발을 날리다,중급
4,날아다니다,0,동사,나비가 날아다니다,중급
4,날아오다,0,동사,새가 날아오다,중급
4,날카롭다,0,형용사,칼날이 날카롭다,중급
4,남매,0,명사,삼 남매,중급
4,남북,0,명사,남쪽과 북쪽,중급
4,낭비,0,명사,낭비를 막다,중급
4,낮추다,0,동사,온도를 낮추다,중급
4,내놓다,0,동사,밖으로 내놓다,중급
4,내다보다,0,동사,창밖을 내다보다,중급
4,내려다보다,0,동사,아래를 내려다보다,중급
4,내려앉다,0,동사,나비가 내려앉다,중급
4,내밀다,0,동사,손을 내밀다,중급
4,내버리다,0,동사,쓰레기를 내버리다,중급
4,내부,0,명사,내부로 들어가다,중급
4,내세우다,0,동사,무대에 내세우다,중급
4,내외,1,명사,건물 내외,중급
4,내쫓다,0,동사,밖으로 내쫓다,중급
4,냉수,0,명사,냉수를 마시다,중급
4,너그럽다,0,형용사,마음이 너그럽다,중급
4,너머,0,명사,산 너머,중급
4,너무나,0,부사,너무나 좋다,중급
4,넉넉하다,0,형용사,시간이 넉넉하다,중급
4,넓어지다,0,동사,폭이 넓어지다,중급
4,넓히다,0,동사,길을 넓히다,중급
4,넘겨주다,0,동사,물건을 넘겨주다,중급
4,넘기다,0,동사,해를 넘기다,중급
4,넘어뜨리다,0,동사,나무를 넘어뜨리다,중급
4,넘어오다,0,동사,나무가 넘어오다,중급
4,넘치다,0,동사,강물이 넘치다,중급
4,네모,0,명사,네모 모양,중급
4,네티즌,0,명사,네티즌으로 활동하다,중급
4,녀석,0,의존명사,나쁜 녀석,중급
4,년도,0,의존명사,이천 년도,중급
4,노동,0,명사,노동 시간,중급
4,노동자,0,명사,노동자로 일하다,중급
4,노려보다,0,동사,상대를 노려보다,중급
4,녹이다,0,동사,얼음을 녹이다,중급
4,녹화,2,명사,방송 녹화,중급
4,논리,0,명사,논리에 맞다,중급
4,논리적01∙논리적,2,관형사∙명사,논리적 근거,중급
4,논의,0,명사,논의를 거치다,중급
4,논쟁,0,명사,논쟁을 벌이다,중급
4,놀랍다,0,형용사,위력이 놀랍다,중급
4,놀리다,1,동사,친구를 놀리다,중급
4,놀리다,2,동사,신나게 놀리다,중급
4,농민,0,명사,농민이 농사짓다,중급
4,농사일,0,명사,농사일을 돕다,중급
4,농산물,0,명사,농산물을 판매하다,중급
4,농업,0,명사,농업에 종사하다,중급
4,농촌,0,명사,농촌에서 농사를 짓다,중급
4,놓아두다,0,동사,책상에 놓아두다,중급
4,놔두다,0,동사,탁자에 놔두다,중급
4,뇌,0,명사,뇌 세포,중급
4,누님,0,명사,첫째 누님,중급
4,눈감다,0,동사,할머니께서 눈감으시다,중급
4,눈길,1,명사,눈길이 가다,중급
4,눈동자,0,명사,눈동자가 크다,중급
4,눈뜨다,0,동사,아침에 눈뜨다,중급
4,눈빛,1,명사,눈빛이 따뜻하다,중급
4,눈썹,0,명사,눈썹이 짙다,중급
4,눈앞,0,명사,눈앞에 보이다,중급
4,눈치,0,명사,눈치가 없다,중급
4,눕히다,0,동사,침대에 눕히다,중급
4,느긋하다,0,형용사,마음이 느긋하다,중급
4,느끼하다,0,형용사,튀김이 느끼하다,중급
4,늘어놓다,0,동사,변명을 늘어놓다,중급
4,늘어서다,0,동사,차가 늘어서다,중급
4,늘이다,1,동사,고무줄을 늘이다,중급
4,늦가을,0,명사,늦가을 낙엽,중급
4,늦겨울,0,명사,늦겨울이 지나다,중급
4,늦봄,0,명사,늦봄이 지나다,중급
4,늦어지다,0,동사,일이 늦어지다,중급
4,늦여름,0,명사,늦여름이 지나다,중급
4,늦추다,0,동사,시기를 늦추다,중급
4,님,0,의존명사,홍길동 님,중급
4,다가가다,0,동사,문 쪽으로 다가가다,중급
4,다가서다,0,동사,가까이에 다가서다,중급
4,다가오다,0,동사,나에게 다가오다,중급
4,다녀가다,0,동사,집에 다녀가다,중급
4,다듬다,0,동사,콩나물을 다듬다,중급
4,다루다,0,동사,업무를 다루다,중급
4,다름없다,0,형용사,전과 다름없다,중급
4,다리다,0,동사,옷을 다리다,중급
4,다만,0,부사,,중급
4,다물다,0,동사,입을 다물다,중급
4,다소,1,명사,다소 빠르다,중급
4,다소,2,부사,다소 빠르다,중급
4,다수,0,명사,다수 의견,중급
4,다짐,0,명사,다짐을 받다,중급
4,다투다,0,동사,친구와 다투다,중급
4,다행스럽다,0,형용사,참 다행스럽다,중급
4,단,4,관형사,단 하루,중급
4,단계,0,명사,마무리 단계,중급
4,단골,0,명사,단골 고객,중급
4,단기,1,명사,단기 교육,중급
4,단독,0,명사,단독 결정,중급
4,단속,0,명사,단속을 피하다,중급
4,단순히,0,부사,단순히 생각하다,중급
4,단지,2,부사,,중급
4,달래다,0,동사,아이를 달래다,중급
4,달려가다,0,동사,운동장으로 달려가다,중급
4,달려들다,0,동사,버스로 달려들다,중급
4,달려오다,0,동사,먼 길을 달려오다,중급
4,달리,0,부사,달리 보이다,중급
4,달리다,1,동사,벽에 달린 액자,중급
4,달빛,0,명사,달빛이 비치다,중급
4,달성,0,명사,목표 달성,중급
4,달아나다,0,동사,범인이 달아나다,중급
4,달하다,0,동사,한계에 달하다,중급
4,닳다,0,동사,신발이 닳다,중급
4,담,1,명사,담을 쌓다,중급
4,담,2,명사,담날,중급
4,담당,0,명사,담당 부서,중급
4,담당자,0,명사,업무 담당자,중급
4,담백하다,0,형용사,맛이 담백하다,중급
4,담요,0,명사,담요를 덮다,중급
4,담임,0,명사,담임을 맡다,중급
4,답변,0,명사,답변을 듣다,중급
4,당기다,0,동사,의자를 당기다,중급
4,당당하다,0,형용사,태도가 당당하다,중급
4,당분간,1,명사,당분간 쉬다,중급
4,당분간,2,부사,당분간 쉬다,중급
4,당시,0,명사,그 당시,중급
4,당일,0,명사,당일 여행,중급
4,당첨,0,명사,복권 당첨,중급
4,당하다,0,동사,사기꾼에게 당하다,중급
4,대-,0,접사,대가족,중급
4,대가,2,명사,대금,중급
4,대강,1,명사,대강 정리하다,중급
4,대강,2,부사,대강 정리하다,중급
4,대개,1,명사,대개의 경우,중급
4,대개,2,부사,대개의 경우,중급
4,대규모,0,명사,대규모 행사,중급
4,대기,1,명사,대기가 오염되다,중급
4,대기,2,명사,대기 장소,중급
4,대기업,0,명사,대기업에 취직하다,중급
4,대낮,0,명사,대낮처럼 밝다,중급
4,대다수,0,명사,대다수가 찬성하다,중급
4,대단히,0,부사,대단히 좋다,중급
4,대략,1,명사,대략 설명하다,중급
4,대략,2,부사,대략 설명하다,중급
4,대량,0,명사,대량 주문,중급
4,대로,2,명사,큰길,중급
4,대리,0,명사,대리 운전,중급
4,대립,0,명사,대립을 벌이다,중급
4,대비,1,명사,대비를 이루다,중급
4,대비,2,명사,노후 대비,중급
4,대사,2,명사,미국 대사,중급
4,대사,3,명사,대사를 외우다,중급
4,대상자,0,명사,합격 대상자,중급
4,대응,0,명사,법적 대응,중급
4,대접,2,명사,손님 대접,중급
4,대조,0,명사,지문 대조,중급
4,대중문화,0,명사,대중문화가 발전하다,중급
4,대책,0,명사,대책을 마련하다,중급
4,대처,2,명사,대처 방안,중급
4,대체,2,명사,대체 방안,중급
4,대출,0,명사,도서 대출,중급
4,대충,0,부사,대충 읽다,중급
4,댐,0,명사,댐을 건설하다,중급
4,더구나,0,부사,,중급
4,더럽히다,0,동사,옷을 더럽히다,중급
4,더불다,0,동사,더불어 살다,중급
4,더욱더,0,부사,,중급
4,더욱이,0,부사,,중급
4,더위,0,명사,더위를 피하다,중급
4,덕,0,명사,덕이 높다,중급
4,덕택,0,명사,부모님 덕택,중급
4,덧붙이다,0,동사,벽지를 덧붙이다,중급
4,덩어리,0,명사,고기 덩어리,중급
4,덮이다,0,동사,뚜껑이 덮이다,중급
4,데우다,0,동사,찌개를 데우다,중급
4,도난,0,명사,도난을 당하다,중급
4,도대체,0,부사,대관절,중급
4,도로,1,부사,도로 돌아가다,중급
4,도리어,0,부사,,중급
4,도마,0,명사,도마에 놓고 썰다,중급
4,도망,0,명사,도망을 다니다,중급
4,도망치다,0,동사,감옥에서 도망치다,중급
4,도무지,0,부사,도무지 모르다,중급
4,도입,0,명사,기술 도입,중급
4,도저히,0,부사,도저히 안 되다,중급
4,도전,0,명사,도전을 계속하다,중급
4,독,2,명사,독이 퍼지다,중급
4,독립,0,명사,경제적 독립,중급
4,독자,3,명사,독자와 작가,중급
4,독특하다,0,형용사,취향이 독특하다,중급
4,독하다,0,형용사,냄새가 독하다,중급
4,돌려보내다,0,동사,물건을 돌려보내다,중급
4,돌멩이,0,명사,돌멩이를 던지다,중급
4,돌아보다,0,동사,주변을 돌아보다,중급
4,돌아서다,0,동사,마음이 돌아서다,중급
4,동기,2,명사,대학 동기,중급
4,동기,3,명사,동기를 유발하다,중급
4,동남아,0,명사,동남아 여행,중급
4,동서남북,0,명사,동서남북으로 찾다,중급
4,동양인,0,명사,서양인과 동양인,중급
4,동영상,0,명사,동영상을 보다,중급
4,동요,2,명사,동요를 부르다,중급
4,동의,1,명사,동의를 구하다,중급
4,동일,0,명사,동일 조건,중급
4,동포,0,명사,재미 동포,중급
4,동화,2,명사,동화를 읽다,중급
4,동화책,0,명사,동화책을 읽다,중급
4,되게,0,부사,되게 크다,중급
4,되도록,0,부사,되도록 빨리,중급
4,되돌리다,0,동사,시간을 되돌리다,중급
4,되돌아가다,0,동사,집으로 되돌아가다,중급
4,되살리다,0,동사,생명을 되살리다,중급
4,되살아나다,0,동사,입맛이 되살아나다,중급
4,되풀이,0,명사,되풀이가 계속되다,중급
4,두뇌,0,명사,두뇌 발달,중급
4,두드러지다,1,동사,이마가 두드러지다,중급
4,두드리다,0,동사,방문을 두드리다,중급
4,두려움,0,명사,두려움을 극복하다,중급
4,두려워하다,0,동사,변화를 두려워하다,중급
4,두렵다,0,형용사,두려운 마음,중급
4,두르다,0,동사,목도리를 두르다,중급
4,두리번거리다,0,동사,주위를 두리번거리다,중급
4,두어,0,관형사,두어 마리,중급
4,둘러보다,0,동사,주위를 둘러보다,중급
4,둘러싸다,0,동사,겹겹이 둘러싸다,중급
4,둘러싸이다,0,동사,겹겹이 둘러싸이다,중급
4,둘레,0,명사,머리 둘레,중급
4,둥지,0,명사,둥지를 틀다,중급
4,뒤늦다,0,형용사,뒤늦은 후회,중급
4,뒤따르다,0,동사,앞사람을 뒤따르다,중급
4,뒤떨어지다,0,동사,열 걸음 뒤떨어지다,중급
4,뒤지다,1,동사,십 미터쯤 뒤지다,중급
4,뒤지다,2,동사,가방을 뒤지다,중급
4,뒤집다,0,동사,옷을 뒤집다,중급
4,뒤편,0,명사,뒤편에 놓다,중급
4,뒷골목,0,명사,동네 뒷골목,중급
4,뒷모습,0,명사,처량한 뒷모습,중급
4,뒷문,0,명사,뒷문을 닫다,중급
4,뒷산,0,명사,뒷산에 오르다,중급
4,드나들다,0,동사,차량이 드나들다,중급
4,드라이클리닝,0,명사,드라이클리닝을 맡기다,중급
4,드러나다,0,동사,사실이 드러나다,중급
4,드러내다,0,동사,본색을 드러내다,중급
4,드물다,0,형용사,인적이 드물다,중급
4,든든하다,0,형용사,든든한 기분,중급
4,들려오다,0,동사,소식이 들려오다,중급
4,들리다,1,동사,감기에 들리다,중급
4,들리다,3,동사,손에 들린 책,중급
4,들여다보다,0,동사,안을 들여다보다,중급
4,들이다,0,동사,손님을 들이다,중급
4,들키다,0,동사,몰래 하다가 들키다,중급
4,등기,0,명사,등기 서류,중급
4,등장,0,명사,주인공의 등장,중급
4,디자이너,0,명사,패션 디자이너,중급
4,따님,0,명사,둘째 따님,중급
4,따라다니다,0,동사,졸졸 따라다니다,중급
4,따르다,2,동사,물을 따르다,중급
4,따지다,0,동사,원인을 따지다,중급
4,딴,2,관형사,딴 생각,중급
4,땅바닥,0,명사,땅바닥에 내려놓다,중급
4,땅콩,0,명사,고소한 땅콩,중급
4,때,2,명사,때가 타다,중급
4,때로,0,부사,때로는 한계를 느끼다,중급
4,때리다,0,동사,종아리를 때리다,중급
4,떠나오다,0,동사,집을 떠나오다,중급
4,떼,1,명사,떼를 지어 다니다,중급
4,떼다,0,동사,스티커를 떼다,중급
4,또다시,0,부사,또다시 반복하다,중급
4,똥,0,명사,똥을 싸다,중급
4,뚜껑,0,명사,뚜껑을 닫다,중급
4,뚜렷하다,0,형용사,의식이 뚜렷하다,중급
4,뚫리다,0,동사,구멍이 뚫리다,중급
4,뛰어나오다,0,동사,거리로 뛰어나오다,중급
4,뛰어놀다,0,동사,운동장에서 뛰어놀다,중급
4,뛰어다니다,0,동사,집안을 뛰어다니다,중급
4,뛰어들다,0,동사,바다에 뛰어들다,중급
4,뜨다,4,동사,물을 뜨다,중급
4,뜯다,0,동사,봉투를 뜯다,중급
4,뜰,1,명사,뜰을 거닐다,중급
4,뜻대로,0,부사,뜻대로 되다,중급
4,뜻밖,0,명사,뜻밖의 사실,중급
4,뜻밖에,0,부사,뜻밖에 마주치다,중급
4,띄다,1,동사,눈에 띄다,중급
4,띠,1,명사,띠를 매다,중급
4,띠다,0,동사,허리띠를 띠다,중급
4,량,1,명사,작업량,중급
4,렌즈,0,명사,렌즈를 끼다,중급
4,리모컨,0,명사,리모컨으로 켜다,중급
4,리터,0,의존명사,일 리터,중급
4,마구,0,부사,마구 때리다,중급
4,마냥,1,부사,마냥 기다리다,중급
4,마디,0,명사,마디가 굵다,중급
4,마땅하다,0,형용사,마땅한 장소,중급
4,마땅히,0,부사,마땅히 해야 할 일,중급
4,마련,1,명사,용돈 마련,중급
4,마련,2,의존명사,용돈 마련,중급
4,마루,2,명사,마루를 닦다,중급
4,마무리,0,명사,마무리를 짓다,중급
4,마약,0,명사,마약 중독,중급
4,마음가짐,0,명사,마음가짐을 가지다,중급
4,마음껏,0,부사,마음껏 쓰다,중급
4,마음먹다,0,동사,마음먹은 계기,중급
4,마음속,0,명사,마음속으로 다짐하다,중급
4,마주,0,부사,마주 서다,중급
4,마주치다,0,동사,손바닥을 마주치다,중급
4,마찬가지,0,명사,마찬가지의 결과,중급
4,마찰,0,명사,피부 마찰,중급
4,마치,0,부사,마치 천사 같다,중급
4,마침내,0,부사,,중급
4,막상,0,부사,,중급
4,막연하다,0,형용사,앞날이 막연하다,중급
4,만만하다,1,형용사,만만한 상대,중급
4,만원,0,명사,만원 버스,중급
4,만점,0,명사,만점을 받다,중급
4,말기,0,명사,말기 환자,중급
4,말끔히,0,부사,말끔히 닦다,중급
4,말다,2,동사,국에 밥을 말다,중급
4,말다툼,0,명사,말다툼이 벌어지다,중급
4,말리다,2,동사,싸움을 말리다,중급
4,말없이,0,부사,말없이 사라지다,중급
4,말투,0,명사,거친 말투,중급
4,맘,0,명사,맘이 따뜻하다,중급
4,맘껏,0,부사,맘껏 놀다,중급
4,맘대로,0,부사,맘대로 고르다,중급
4,망가지다,0,동사,컴퓨터가 망가지다,중급
4,망설이다,0,동사,잠시 망설이다,중급
4,망치다,0,동사,일을 망치다,중급
4,망하다,0,동사,쫄딱 망하다,중급
4,맞벌이,0,명사,맞벌이 부부,중급
4,맞서다,0,동사,원수와 맞서다,중급
4,맞춤법,0,명사,맞춤법이 틀리다,중급
4,맞히다,1,동사,정답을 맞히다,중급
4,매달리다,0,동사,주렁주렁 매달리다,중급
4,매력,0,명사,매력을 느끼다,중급
4,매번,1,명사,매번 늦다,중급
4,매번,2,부사,매번 늦다,중급
4,매체,0,명사,대중 매체,중급
4,맨,1,관형사,맨 꼭대기,중급
4,맺다,0,동사,이슬이 맺다,중급
4,머리칼,0,명사,까만 머리칼,중급
4,머릿속,0,명사,머릿속에 떠오르다,중급
4,머무르다,0,동사,여관에 머무르다,중급
4,머물다,0,동사,오래 머물다,중급
4,머뭇거리다,0,동사,말을 머뭇거리다,중급
4,먹고살다,0,동사,겨우 먹고 살다,중급
4,먹이,0,명사,먹이를 주다,중급
4,먹이다,0,동사,아기에게 밥을 먹이다,중급
4,먹히다,0,동사,양이 늑대에게 먹히다,중급
4,멀어지다,0,동사,친구와 멀어지다,중급
4,멀쩡하다,0,형용사,팔다리가 멀쩡하다,중급
4,멋대로,0,부사,멋대로 살다,중급
4,멍멍,0,부사,개가 멍멍 짖다,중급
4,멎다,0,동사,바람이 멎다,중급
4,메달,0,명사,메달을 따다,중급
4,메우다,0,동사,구멍을 메우다,중급
4,며느리,0,명사,며느리를 맞다,중급
4,면담,0,명사,면담을 요청하다,중급
4,면도,0,명사,면도를 하다,중급
4,면하다,1,동사,책임을 면하다,중급
4,면허,0,명사,면허 시험,중급
4,명,1,명사,작품명,중급
4,명령,0,명사,명령을 내리다,중급
4,명예,1,명사,명예 훼손,중급
4,명확하다,0,형용사,근거가 명확하다,중급
4,모,6,대명사,박 모 씨,중급
4,모,7,관형사,박 모 씨,중급
4,모금,2,명사,모금 운동,중급
4,모여들다,0,동사,구름처럼 모여들다,중급
4,모처럼,0,부사,모처럼 웃다,중급
4,모험,0,명사,모험을 즐기다,중급
4,목구멍,0,명사,몸,중급
4,목마르다,1,형용사,목마른 사람,중급
4,목사,0,명사,목사의 설교,중급
4,목숨,0,명사,목숨을 다하다,중급
4,몫,0,명사,몫을 챙기다,중급
4,몰다,0,동사,구석으로 몰다,중급
4,몰라보다,0,동사,친구를 몰라보다,중급
4,몰려들다,0,동사,사람들이 몰려들다,중급
4,몰려오다,0,동사,피서객들이 몰려오다,중급
4,몰리다,0,동사,구석으로 몰리다,중급
4,몸매,0,명사,몸매가 좋다,중급
4,몸속,0,명사,몸속 노폐물,중급
4,몸통,0,명사,사람의 몸통,중급
4,몹시,0,부사,몹시 춥다,중급
4,못,1,명사,못을 박다,중급
4,못나다,0,형용사,못난 얼굴,중급
4,못되다,0,형용사,성격이 못되다,중급
4,못지않다,0,형용사,전문가 못지 않다,중급
4,몽땅,1,부사,몽땅 쓰다,중급
4,무-,1,접사,무감각,중급
4,무관심,0,명사,무관심이 지나치다,중급
4,무관하다,0,형용사,사건과 무관하다,중급
4,무기,0,명사,무기를 들고 싸우다,중급
4,무너지다,0,동사,건물이 무너지다,중급
4,무덥다,0,형용사,날씨가 무덥다,중급
4,무려,0,부사,무려 오십 개가 넘다,중급
4,무렵,0,의존명사,저녁 무렵,중급
4,무리,2,명사,무리가 있다,중급
4,무사히,0,부사,무사히 돌아오다,중급
4,무시,0,명사,무시를 당하다,중급
4,무의미,0,명사,유의미,중급
4,무지개,0,명사,무지개가 뜨다,중급
4,무책임,0,명사,무책임한 사람,중급
4,묵묵히,0,부사,묵묵히 일하다,중급
4,묶이다,0,동사,끈이 묶이다,중급
4,문득,0,부사,문득 떠오르다,중급
4,문명,0,명사,고대 문명,중급
4,문서,0,명사,문서를 작성하다,중급
4,문제점,0,명사,문제점을 해결하다,중급
4,문화적01∙문화적,2,관형사∙명사,문화적 차이,중급
4,묻다,2,동사,땅속에 묻다,중급
4,묻히다,1,동사,손에 물을 묻히다,중급
4,묻히다,2,동사,땅속에 묻히다,중급
4,물감,0,명사,물감으로 그리다,중급
4,물결,0,명사,물결이 잔잔하다,중급
4,물기,0,명사,물기가 마르다,중급
4,물들다,0,동사,노을로 물들다,중급
4,물속,0,명사,물속에서 헤엄치다,중급
4,물질,0,명사,물질과 정신,중급
4,물질적01∙물질적,2,관형사∙명사,물질적 보상,중급
4,뭉치다,0,동사,반죽이 뭉치다,중급
4,뭘,0,감탄사,,중급
4,미니,0,명사,미니 자동차,중급
4,미디어,0,명사,영상 미디어,중급
4,미련,2,명사,미련이 남다,중급
4,미움,0,명사,미움을 사다,중급
4,미지근하다,0,형용사,국물이 미지근하다,중급
4,미처,0,부사,미처 모르다,중급
4,미치다,1,동사,미친 생각,중급
4,미치다,2,동사,기대에 미치다,중급
4,미혼,0,명사,미혼 남녀,중급
4,민족,0,명사,민족의 역사,중급
4,민주주의,0,명사,민주주의 사회,중급
4,믿음,0,명사,믿음이 생기다,중급
4,밀리다,2,동사,사람들에게 밀리다,중급
4,밀리미터,0,의존명사,10밀리미터,중급
4,밑바닥,0,명사,신발 밑바닥,중급
4,바가지,0,명사,바가지에 담다,중급
4,바람,3,명사,바람이 성취되다,중급
4,바람직하다,0,형용사,바람직한 행동,중급
4,바래다주다,0,동사,집에 바래다주다,중급
4,바로잡다,0,동사,자세를 바로잡다,중급
4,바르다,3,형용사,바른 자세,중급
4,바싹,0,부사,바싹 다가서다,중급
4,바치다,0,동사,꽃을 바치다,중급
4,박다,0,동사,못을 박다,중급
4,박스,0,명사,종이 박스,중급
4,박히다,0,동사,못이 박히다,중급
4,반값,0,명사,반값에 팔다,중급
4,반기다,0,동사,친구를 반기다,중급
4,반발,0,명사,반발 심리,중급
4,반성,0,명사,반성의 시간,중급
4,반영,0,명사,현실을 반영하다,중급
4,반응,0,명사,반응이 빠르다,중급
4,반장,0,명사,반장을 뽑다,중급
4,반짝거리다,0,동사,별이 반짝거리다,중급
4,반짝반짝,1,부사,반짝반짝 빛나다,중급
4,반짝이다,0,동사,눈빛이 반짝이다,중급
4,반품,0,명사,반품 신청,중급
4,받아들이다,0,동사,기술을 받아들이다,중급
4,받침,0,명사,냄비 받침,중급
4,발걸음,0,명사,발걸음이 느리다,중급
4,발견,0,명사,새로운 발견,중급
4,발길,0,명사,발길을 멈추다,중급
4,발꿈치,0,명사,발꿈치를 들다,중급
4,발끝,0,명사,발끝으로 서다,중급
4,발등,0,명사,발등을 다치다,중급
4,발생,0,명사,사건 발생,중급
4,발자국,0,명사,짐승의 발자국,중급
4,발톱,0,명사,발톱을 깎다,중급
4,발표회,0,명사,음악 발표회,중급
4,밝혀내다,0,동사,원인을 밝혀내다,중급
4,밝혀지다,0,동사,빛으로 밝혀지다,중급
4,밟히다,0,동사,잔디가 밟히다,중급
4,밤낮,1,명사,밤낮으로 일하다,중급
4,밤낮,2,부사,밤낮으로 일하다,중급
4,밤새다,0,동사,밤새도록 일하다,중급
4,밤새우다,0,동사,밤새워 일하다,중급
4,밤중,0,명사,어두운 밤중,중급
4,밥맛,0,명사,구수한 밥맛,중급
4,방면,1,명사,시내 방면,중급
4,방바닥,0,명사,방바닥에 눕다,중급
4,방안,0,명사,해결 방안,중급
4,방지,0,명사,사고 방지,중급
4,배경,0,명사,사진의 배경,중급
4,배꼽,0,명사,몸,중급
4,배다,1,동사,냄새가 배다,중급
4,배려,2,명사,세심한 배려,중급
4,배부르다,0,형용사,배부른 느낌,중급
4,배송,4,명사,우편 배송,중급
4,배우자,2,명사,배우자를 만나다,중급
4,뱉다,0,동사,침을 뱉다,중급
4,버티다,0,동사,끝까지 버티다,중급
4,번갈다,0,동사,번갈아 입다,중급
4,번거롭다,0,형용사,절차가 번거롭다,중급
4,번화하다,0,형용사,번화한 거리,중급
4,벌,3,명사,벌에 쏘이다,중급
4,벌떡,0,부사,벌떡 일어나다,중급
4,벌레,0,명사,벌레를 잡다,중급
4,벌리다,0,동사,간격을 벌리다,중급
4,벌어지다,1,동사,틈이 벌어지다,중급
4,벌어지다,2,동사,사건이 벌어지다,중급
4,벌이다,0,동사,사업을 벌이다,중급
4,범위,0,명사,범위가 넓다,중급
4,범인,2,명사,범인을 체포하다,중급
4,법률,0,명사,법률을 위반하다,중급
4,법원,1,명사,법원에서 일하다,중급
4,법적01∙법적,2,관형사∙명사,법적 조치,중급
4,벗어나다,0,동사,시내를 벗어나다,중급
4,베개,0,명사,베개를 베다,중급
4,베풀다,0,동사,잔치를 베풀다,중급
4,벼,0,명사,벼 이삭,중급
4,변덕스럽다,0,형용사,성격이 변덕스럽다,중급
4,변동,0,명사,가격 변동,중급
4,변명,0,명사,변명을 늘어놓다,중급
4,별다르다,0,형용사,별다른 방법,중급
4,별도,0,명사,별도로 마련하다,중급
4,병들다,0,동사,늙고 병들다,중급
4,보급,1,명사,기술 보급,중급
4,보도,2,명사,보도 기사,중급
4,보리차,0,명사,보리차를 마시다,중급
4,보물,0,명사,보물 상자,중급
4,보살피다,0,동사,아이들을 보살피다,중급
4,보상,1,명사,보상을 받다,중급
4,보수,2,명사,보수를 받다,중급
4,보안,0,명사,보안 점검,중급
4,보완,0,명사,문제점 보완,중급
4,보장,0,명사,원금 보장,중급
4,보전,0,명사,생태계 보전,중급
4,보조,2,명사,보조를 받다,중급
4,보존,0,명사,보존 상태,중급
4,보충,0,명사,보충 수업,중급
4,복수,1,명사,복수를 계획하다,중급
4,볶음,0,명사,볶음 멸치,중급
4,본능,0,명사,본능에 따르다,중급
4,본래,0,명사,본래의 성격,중급
4,본부,0,명사,지휘 본부,중급
4,본질,2,명사,삶의 본질,중급
4,볼,1,명사,얼굴,중급
4,부,3,명사,부를 누리다,중급
4,부-,1,접사,부정확,중급
4,부근,3,명사,학교 부근,중급
4,부끄러움,0,명사,부끄러움을 느끼다,중급
4,부끄러워하다,0,동사,부끄러워하는 표정,중급
4,부담스럽다,0,형용사,부담스러운 상황,중급
4,부대,3,명사,육군 부대,중급
4,부딪치다,0,동사,손바닥을 부딪치다,중급
4,부딪히다,0,동사,차에 부딪히다,중급
4,부문,0,명사,미술 부문,중급
4,부분적01∙부분적,2,관형사∙명사,부분적 차이,중급
4,부상,1,명사,발목 부상,중급
4,부서,0,명사,담당 부서,중급
4,부서지다,0,동사,의자가 부서지다,중급
4,부수다,0,동사,건물을 부수다,중급
4,부위,4,명사,상처 부위,중급
4,부작용,0,명사,부작용이 생기다,중급
4,부정,1,명사,부정 입학,중급
4,부정,6,명사,긍정과 부정,중급
4,부정적01∙부정적,2,관형사·명사,부정적 태도,중급
4,부정확,0,명사,부정확한 발음,중급
4,부족,2,명사,부족 공동체,중급
4,부주의,0,명사,운전 부주의,중급
4,부지런히,0,부사,부지런히 일하다,중급
4,부처,1,명사,부처의 가르침,중급
4,부치다,4,동사,전을 부치다,중급
4,부품,0,명사,자동차 부품,중급
4,북미,0,명사,북미 지역,중급
4,분노,0,명사,분노에 차다,중급
4,분량,0,명사,분량을 조절하다,중급
4,분류,0,명사,분류 기준,중급
4,분명,0,부사,분명 맞다,중급
4,분석,0,명사,원인 분석,중급
4,분수,1,명사,분수에 맞다,중급
4,분수,3,명사,분수의 물,중급
4,분야,0,명사,경제 분야,중급
4,분포,0,명사,인구 분포,중급
4,불가,0,명사,반칙 불가,중급
4,불가능,0,명사,불가능한 일,중급
4,불가피하다,0,형용사,불가피한 선택,중급
4,불교,0,명사,불교 신자,중급
4,불구하다,0,동사,그럼에도 불구하고,중급
4,불꽃,0,명사,불꽃이 타오르다,중급
4,불러일으키다,0,동사,관심을 불러일으키다,중급
4,불리,0,명사,불리한 입장,중급
4,불리다,2,동사,쌀을 불리다,중급
4,불법,1,명사,불법 주차,중급
4,불빛,0,명사,불빛이 비치다,중급
4,불어오다,0,동사,바람이 불어오다,중급
4,불이익,0,명사,불이익을 당하다,중급
4,불충분,0,명사,서류 불충분,중급
4,불친절,0,명사,불친절한 가게,중급
4,불쾌,0,명사,기분이 불쾌하다,중급
4,불평등,0,명사,남녀 불평등,중급
4,불필요,0,명사,불필요한 말,중급
4,불행,0,명사,불행한 사람,중급
4,불확실,0,명사,불확실한 미래,중급
4,붙들다,0,동사,팔을 붙들다,중급
4,붙잡다,0,동사,치맛자락을 붙잡다,중급
4,붙잡히다,0,동사,범인이 붙잡히다,중급
4,비-,1,접사,비공식,중급
4,비결,0,명사,건강 비결,중급
4,비교적,1,부사,비교적 가깝다,중급
4,비교적02∙비교적,3,관형사·명사,비교적 가깝다,중급
4,비극,0,명사,비극 배우,중급
4,비기다,1,동사,경기에서 비기다,중급
4,비난,0,명사,비난을 받다,중급
4,비닐,0,명사,비닐로 싸다,중급
4,비로소,0,부사,비로소 깨닫다,중급
4,비록,1,부사,비록 가난하지만,중급
4,비롯되다,0,동사,경험에서 비롯되다,중급
4,비롯하다,0,동사,비롯한 일,중급
4,비만,1,명사,하체 비만,중급
4,비명,2,명사,비명을 지르다,중급
4,비바람,0,명사,비바람이 몰아치다,중급
4,비법,0,명사,요리 비법,중급
4,비상,1,명사,비상 대책,중급
4,비상하다,0,형용사,비상한 각오,중급
4,비우다,0,동사,휴지통을 비우다,중급
4,비웃다,0,동사,비웃는 말투,중급
4,비유,0,명사,비유로 설명하다,중급
4,비율,0,명사,비율이 증가하다,중급
4,비중,0,명사,비중을 차지하다,중급
4,비추다,0,동사,조명이 비추다,중급
4,비치다,0,동사,달빛이 비치다,중급
4,비틀거리다,0,동사,비틀거리며 걷다,중급
4,비판,0,명사,잘못을 비판하다,중급
4,비판적01∙비판적,2,관형사∙명사,비판적 사고,중급
4,빗,0,명사,빗으로 빗다,중급
4,빗물,0,명사,빗물이 떨어지다,중급
4,빗방울,0,명사,빗방울이 떨어지다,중급
4,빚,0,명사,빚을 갚다,중급
4,빚다,0,동사,도자기를 빚다,중급
4,빛깔,0,명사,빛깔이 곱다,중급
4,빛나다,0,동사,별빛이 빛나다,중급
4,빠뜨리다,0,동사,바다에 빠뜨리다,중급
4,빠져나가다,0,동사,감옥에서 빠져나가다,중급
4,빠져나오다,0,동사,몰래 빠져나오다,중급
4,빠짐없이,0,부사,빠짐없이 적다,중급
4,빼놓다,0,동사,책을 빼놓다,중급
4,빼앗기다,0,동사,돈을 빼앗기다,중급
4,빼앗다,0,동사,돈을 빼앗다,중급
4,뺨,0,명사,뺨을 꼬집다,중급
4,뻗다,0,동사,가지가 뻗다,중급
4,뽑히다,0,동사,머리카락이 뽑히다,중급
4,뿌리치다,0,동사,손을 뿌리치다,중급
4,사고방식,0,명사,사고방식이 다르다,중급
4,사기,3,명사,사기를 치다,중급
4,사내,1,명사,사내 녀석,중급
4,사냥,0,명사,토끼 사냥,중급
4,사들이다,0,동사,물건을 사들이다,중급
4,사랑스럽다,0,형용사,사랑스러운 아기,중급
4,사례,1,명사,성공 사례,중급
4,사로잡다,0,동사,짐승을 사로잡다,중급
4,사립,0,명사,사립 학교,중급
4,사막,0,명사,사막 지역,중급
4,사망,0,명사,사망 소식,중급
4,사무직,0,명사,사무직에 종사하다,중급
4,사방,0,명사,사방을 살피다,중급
4,사상,1,명사,사상 최초,중급
4,사설,2,명사,신문 사설,중급
4,사소하다,0,형용사,사소한 문제,중급
4,사업자,0,명사,사업자 등록,중급
4,사연,4,명사,사연을 보내다,중급
4,사용자,0,명사,사용자 확대,중급
4,사위,0,명사,가족,중급
4,사이버,0,명사,사이버 공간,중급
4,사이좋다,0,형용사,사이좋은 형제,중급
4,사정,1,명사,집안 사정,중급
4,사진첩,0,명사,사진첩에 보관하다,중급
4,사춘기,0,명사,사춘기 소녀,중급
4,사태,2,명사,위기 사태,중급
4,사투리,0,명사,사투리를 쓰다,중급
4,사표,2,명사,사표를 내다,중급
4,사회생활,0,명사,사회생활에 적응하다,중급
4,산길,0,명사,산길을 걷다,중급
4,산불,0,명사,산불 예방,중급
4,산속,0,명사,산속에 들어가다,중급
4,살리다,0,동사,목숨을 살리다,중급
4,살림,0,명사,살림을 차리다,중급
4,살아가다,0,동사,하루하루 살아가다,중급
4,살아남다,0,동사,전쟁에서 살아남다,중급
4,살아오다,0,동사,간신히 살아오다,중급
4,삼다,0,동사,며느리로 삼다,중급
4,삼키다,0,동사,음식을 삼키다,중급
4,상가,1,명사,상가 건물,중급
4,상관,2,명사,나와 상관 없는 일,중급
4,상관없이,0,부사,나이에 상관없이,중급
4,상금,0,명사,상금을 받다,중급
4,상담실,0,명사,고객 상담실,중급
4,상담원,0,명사,전화 상담원,중급
4,상당하다,0,형용사,실력이 상당하다,중급
4,상당히,0,부사,상당히 잘하다,중급
4,상대,0,명사,대화 상대,중급
4,상대적01·상대적,2,관형사·명사,상대적 평가,중급
4,상대편,0,명사,상대편 선수,중급
4,상류,0,명사,상류와 하류,중급
4,상반기,0,명사,상반기 매출,중급
4,상사,0,명사,직장 상사,중급
4,상상,0,명사,상상의 세계,중급
4,상상력,0,명사,상상력이 풍부하다,중급
4,상승,0,명사,물가 상승,중급
4,상업,0,명사,상업에 종사하다,중급
4,상징,0,명사,평화의 상징,중급
4,상쾌하다,0,형용사,상쾌한 공기,중급
4,상하,0,명사,위아래,중급
4,새,1,명사,눈 깜짝할 새,중급
4,새기다,0,동사,이름을 새기다,중급
4,새끼,2,명사,새끼 고양이,중급
4,새다,1,동사,비가 새다,중급
4,새다,2,동사,날이 새다,중급
4,새삼,0,부사,새삼 느끼다,중급
4,새우다,0,동사,밤을 새우다,중급
4,색다르다,0,형용사,색다른 기분,중급
4,생겨나다,0,동사,문제가 생겨나다,중급
4,생기,0,명사,생기가 넘치다,중급
4,생김새,0,명사,생김새가 예쁘다,중급
4,생략,0,명사,생략 표현,중급
4,생명,0,명사,생명 존중,중급
4,생방송,0,명사,생방송 프로그램,중급
4,생산,0,명사,대량 생산,중급
4,생생하다,0,형용사,기억이 생생하다,중급
4,생존,0,명사,생존을 위협하다,중급
4,서늘하다,0,형용사,서늘한 날씨,중급
4,서럽다,0,형용사,서러운 마음,중급
4,서서히,0,부사,서서히 나타나다,중급
4,서양인,0,명사,동양인과 서양인,중급
4,서운하다,0,형용사,헤어지기 서운하다,중급
4,서적,0,명사,전공 서적,중급
4,서툴다,0,형용사,바느질에 서툴다,중급
4,섞이다,0,동사,재료가 섞이다,중급
4,선거,0,명사,대통령 선거,중급
4,선전,1,명사,라디오 선전,중급
4,선정,2,명사,수상자 선정,중급
4,선진,0,명사,선진 기술,중급
4,선진국,0,명사,선진국과 후진국,중급
4,선호,0,명사,소비자 선호,중급
4,설득,0,명사,설득을 당하다,중급
4,설레다,0,동사,가슴이 설레다,중급
4,설립,0,명사,회사 설립,중급
4,설마,0,부사,,중급
4,설정,0,명사,목표 설정,중급
4,설치,0,명사,인터넷 설치,중급
4,섭씨,0,명사,섭씨 영 도,중급
4,성공적01∙성공적,2,관형사∙명사,성공적 삶,중급
4,성과,0,명사,성과를 올리다,중급
4,성립,0,명사,계약이 성립하다,중급
4,성숙,0,명사,성숙한 행동,중급
4,성장,0,명사,성장 시기,중급
4,성적표,0,명사,시험 성적표,중급
4,성질,0,명사,성질이 사납다,중급
4,세계적01∙세계적,2,관형사∙명사,세계적 예술가,중급
4,세계화,0,명사,세계화 시대,중급
4,세금,0,명사,세금을 내다,중급
4,세대,1,명사,세대를 잇다,중급
4,세대,2,명사,세대가 줄다,중급
4,세력,0,명사,세력을 확장하다,중급
4,세모,0,명사,세모 모양,중급
4,세미나,0,명사,세미나를 열다,중급
4,소규모,0,명사,소규모 집단,중급
4,소극적01‧소극적,2,관형사‧명사,소극적 성격,중급
4,소나무,0,명사,소나무가 무성하다,중급
4,소녀,3,명사,어린 소녀,중급
4,소년,0,명사,소년과 소녀,중급
4,소득,0,명사,소득이 많다,중급
4,소리치다,0,동사,크게 소리치다,중급
4,소문나다,0,동사,사업가로 소문나다,중급
4,소방차,0,명사,소방차가 출동하다,중급
4,소비,0,명사,소비가 늘다,중급
4,소비자,0,명사,소비자 물가,중급
4,소수,2,명사,소수의 의견,중급
4,소스,1,명사,소스를 뿌리다,중급
4,소용,0,명사,소용이 없다,중급
4,소용없다,0,형용사,아무 소용없다,중급
4,소유,0,명사,개인 소유,중급
4,소음,0,명사,소음을 줄이다,중급
4,소재,2,명사,소재로 삼다,중급
4,소중히,0,부사,소중히 여기다,중급
4,소지품,0,명사,소지품을 보관하다,중급
4,소형,0,명사,소형 자동차,중급
4,소홀하다,0,형용사,일에 소홀하다,중급
4,속눈썹,0,명사,속눈썹이 길다,중급
4,속다,0,동사,거짓말에 속다,중급
4,속마음,0,명사,속마음을 털어 놓다,중급
4,속이다,0,동사,친구를 속이다,중급
4,속하다,0,동사,범위에 속하다,중급
4,손길,0,명사,손길을 내밀다,중급
4,손끝,0,명사,손끝에 닿다,중급
4,손쉽다,0,형용사,손쉬운 방법,중급
4,손잡다,0,동사,서로 손잡다,중급
4,손잡이,0,명사,손잡이를 잡다,중급
4,손질,0,명사,머리 손질,중급
4,손톱,0,명사,손톱을 깎다,중급
4,손해,0,명사,손해를 입히다,중급
4,솔직하다,0,형용사,성격이 솔직하다,중급
4,솔직히,0,부사,솔직히 말하다,중급
4,솟다,0,동사,불길이 솟다,중급
4,송아지,0,명사,송아지를 키우다,중급
4,쇠,0,명사,쇠를 달구다,중급
4,수년,0,명사,수년이 흐르다,중급
4,수도권,0,명사,수도권에 거주하다,중급
4,수도꼭지,0,명사,수도꼭지를 잠그다,중급
4,수돗물,0,명사,수돗물을 틀다,중급
4,수동적01∙수동적,2,관형사∙명사,수동적 자세,중급
4,수리비,0,명사,수리비를 내다,중급
4,수만02∙수만,1,수사·관형사,수만 명,중급
4,수많다,0,형용사,수많은 사람,중급
4,수명,0,명사,수명이 길다,중급
4,수백02∙수백,1,수사·관형사,수백 마리,중급
4,수사,1,명사,경찰 수사,중급
4,수상,3,명사,국가의 수상,중급
4,수속,0,명사,수속을 밟다,중급
4,수수께끼,0,명사,수수께끼를 풀다,중급
4,수시로,0,부사,수시로 열다,중급
4,수십02∙수십,1,수사·관형사,수십 명,중급
4,수없이,0,부사,수없이 많다,중급
4,수요,0,명사,수요가 늘다,중급
4,수용,3,명사,조건 수용,중급
4,수입품,0,명사,외제 수입품,중급
4,수준,0,명사,교육 수준,중급
4,수천02∙수천,1,수사·관형사,수천 명,중급
4,수행,2,명사,작업 수행,중급
4,숙녀,0,명사,신사와 숙녀,중급
4,숙이다,0,동사,고개를 숙이다,중급
4,순간적01∙순간적,2,관형사∙명사,순간적 방심,중급
4,순수하다,0,형용사,마음이 순수하다,중급
4,순식간,0,명사,순식간의 일,중급
4,순위,0,명사,순위를 매기다,중급
4,순진,0,명사,순진한 아이,중급
4,순하다,0,형용사,순한 양,중급
4,술병,2,명사,술병이 깨지다,중급
4,술자리,0,명사,술자리에 모이다,중급
4,숨,0,명사,숨을 내쉬다,중급
4,숨기다,0,동사,사실을 숨기다,중급
4,숨소리,0,명사,숨소리가 거칠다,중급
4,숨지다,0,동사,사고로 숨지다,중급
4,스님,0,명사,스님의 가르침,중급
4,스위치,0,명사,스위치를 켜다,중급
4,스치다,0,동사,옷깃이 스치다,중급
4,스케줄,0,명사,스케줄을 짜다,중급
4,스튜디오,0,명사,스튜디오에서 촬영하다,중급
4,슬쩍,0,부사,슬쩍 묻다,중급
4,승낙,0,명사,승낙을 받다,중급
4,승리,0,명사,승리를 기뻐하다,중급
4,승용차,0,명사,승용차를 운전하다,중급
4,승패,0,명사,승패를 겨루다,중급
4,시각,2,명사,긍정적인 시각,중급
4,시금치,0,명사,시금치를 무치다,중급
4,시달리다,0,동사,업무에 시달리다,중급
4,시댁,0,명사,시댁 식구,중급
4,시도,0,명사,시도가 성공하다,중급
4,시들다,0,동사,꽃이 시들다,중급
4,시력,0,명사,시력 교정,중급
4,시리즈,0,명사,시리즈로 방영되다,중급
4,시멘트,0,명사,시멘트가 굳다,중급
4,시부모,0,명사,시부모를 모시다,중급
4,시선,0,명사,시선이 마주치다,중급
4,시스템,0,명사,시스템을 갖추다,중급
4,시야,0,명사,시야를 가리다,중급
4,시인,2,명사,시인의 작품,중급
4,시일,0,명사,시일이 걸리다,중급
4,시절,0,명사,어린 시절,중급
4,시점,2,명사,과거의 시점,중급
4,시중,2,명사,시중 가격,중급
4,시집가다,0,동사,시집가는 날,중급
4,시청,2,명사,텔레비전 시청,중급
4,시청률,0,명사,시청률이 높다,중급
4,시청자,0,명사,시청자 의견,중급
4,시합,0,명사,시합에서 이기다,중급
4,시행,1,명사,시행 예정,중급
4,식량,0,명사,식량을 구하다,중급
4,식물,0,명사,식물 채집,중급
4,식욕,0,명사,식욕이 떨어지다,중급
4,신,1,명사,신을 신다,중급
4,신-,0,접사,신세계,중급
4,신념,0,명사,굳은 신념,중급
4,신맛,0,명사,매실의 신맛,중급
4,신비,0,명사,자연의 신비,중급
4,신상품,0,명사,신상품을 내놓다,중급
4,신세,2,명사,찬밥 신세,중급
4,신세대,0,명사,신세대 문화,중급
4,신앙,0,명사,신앙이 깊다,중급
4,신제품,0,명사,신제품 출시,중급
4,신중,0,명사,신중을 기하다,중급
4,신체적01∙신체적,2,관형사∙명사,신체적 기능,중급
4,신화,0,명사,단군 신화,중급
4,실감,0,명사,실감이 나다,중급
4,실례,2,명사,실례를 들다,중급
4,실습,0,명사,실습을 나가다,중급
4,실시,0,명사,훈련 실시,중급
4,실업,1,명사,실업 위기,중급
4,실용적01∙실용적,2,관형사∙명사,실용적 기술,중급
4,실은,0,부사,,중급
4,실장,0,명사,실장으로 승진하다,중급
4,실제,1,명사,실제 모습,중급
4,실제,2,부사,실제 모습,중급
4,실천,0,명사,실천에 옮기다,중급
4,실체,0,명사,실체가 드러나다,중급
4,실험,0,명사,성능 실험,중급
4,실현,0,명사,꿈의 실현,중급
4,심리적01∙심리적,2,관형사∙명사,심리적 변화,중급
4,심부름,0,명사,심부름을 보내다,중급
4,심사,2,명사,심사를 받다,중급
4,심장,0,명사,심장이 뛰다,중급
4,심정,0,명사,답답한 심정,중급
4,심지어,0,부사,,중급
4,심판,0,명사,법의 심판,중급
4,십상,1,명사,,중급
4,십상,2,부사,,중급
4,싸구려,0,명사,싸구려 화장품,중급
4,싸움,0,명사,싸움이 나다,중급
4,싸이다,0,동사,보자기에 싸이다,중급
4,싼값,0,명사,싼값에 팔다,중급
4,썩,0,부사,썩 잘하지 못하다,중급
4,썰렁하다,0,형용사,썰렁한 날씨,중급
4,쏘다,0,동사,총을 쏘다,중급
4,쐬다,1,동사,바람을 쐬다,중급
4,쑤시다,1,동사,몸이 쑤시다,중급
4,쑥스럽다,0,형용사,쑥스러운 표정,중급
4,쓰다듬다,0,동사,머리를 쓰다듬다,중급
4,쓰러지다,0,동사,나무가 쓰러지다,중급
4,쓴맛,0,명사,쓴맛이 나다,중급
4,쓸데없다,0,형용사,쓸데없는 물건,중급
4,쓸데없이,0,부사,쓸데없이 돈을 쓰다,중급
4,쓸쓸하다,0,형용사,쓸쓸한 풍경,중급
4,씌우다,0,동사,모자를 씌우다,중급
4,씨름,0,명사,씨름 경기,중급
4,씨앗,0,명사,씨앗을 심다,중급
4,씩씩하다,0,형용사,씩씩한 사람,중급
4,씻기다,1,동사,물에 씻기다,중급
4,씻기다,2,동사,아이를 씻기다,중급
4,아깝다,0,형용사,돈이 아깝다,중급
4,아동,0,명사,아동 교육,중급
4,아드님,0,명사,첫째 아드님,중급
4,아마도,0,부사,,중급
4,아무개,0,대명사,,중급
4,아무래도,1,부사,아무래도 이상하다,중급
4,아무런,1,관형사,,중급
4,아무렇다,0,형용사,아무렇건 상관없다,중급
4,아무튼,0,부사,,중급
4,아쉬움,0,명사,아쉬움이 남다,중급
4,아예,0,부사,,중급
4,아울러,0,부사,실력과 아울러 미모도,중급
4,아하,0,감탄사,,중급
4,악몽,0,명사,악몽을 꾸다,중급
4,악취,0,명사,악취가 나다,중급
4,악화,0,명사,갈등 악화,중급
4,안기다,1,동사,아기가 안기다,중급
4,안기다,2,동사,성과를 안기다,중급
4,안내소,0,명사,관광 안내소,중급
4,안되다,2,형용사,형편이 안되다,중급
4,안주,2,명사,안주를 먹다,중급
4,안타까워하다,0,동사,죽음을 안타까워하다,중급
4,안타깝다,0,형용사,안타까운 광경,중급
4,안팎,0,명사,나라 안팎,중급
4,앉히다,0,동사,자리에 앉히다,중급
4,알아맞히다,0,동사,답을 알아맞히다,중급
4,알아주다,0,동사,마음을 알아주다,중급
4,알차다,0,형용사,내용이 알차다,중급
4,앓다,0,동사,감기를 앓다,중급
4,암기,0,명사,암기 과목,중급
4,압력,0,명사,압력이 높다,중급
4,앞길,0,명사,앞길을 넓히다,중급
4,앞두다,0,동사,시험을 앞두다,중급
4,앞바다,0,명사,인천 앞바다,중급
4,앞서,0,부사,앞서 도착하다,중급
4,앞서다,0,동사,한발 앞서다,중급
4,앞세우다,0,동사,반장을 앞세우다,중급
4,앞장서다,0,동사,앞장서 가다,중급
4,애,1,명사,애가 타다,중급
4,애쓰다,0,동사,애쓴 보람,중급
4,애정,0,명사,애정이 식다,중급
4,액수,0,명사,액수가 많다,중급
4,야간,0,명사,야간 근무,중급
4,야단,0,명사,야단을 떨다,중급
4,야옹,0,부사,,중급
4,야하다,0,형용사,옷차림이 야하다,중급
4,약점,0,명사,약점을 잡다,중급
4,약혼,0,명사,약혼을 발표하다,중급
4,약혼녀,0,명사,약혼녀를 만나다,중급
4,약혼자,0,명사,약혼자가 되다,중급
4,얌전,0,명사,얌전을 떨다,중급
4,양국,0,명사,양국이 협력하다,중급
4,양심,0,명사,양심에 찔리다,중급
4,얕다,0,형용사,강이 얕다,중급
4,어긋나다,0,동사,뼈가 어긋나다,중급
4,어느덧,0,부사,어느덧 사라지다,중급
4,어둠,0,명사,어둠이 깔리다,중급
4,어려워하다,0,동사,선배를 어려워하다,중급
4,어르신,0,명사,어르신을 뵙다,중급
4,어리석다,0,형용사,어리석은 대답,중급
4,어린애,0,명사,어린애 응석,중급
4,어색하다,0,형용사,어색한 관계,중급
4,어쨌든,1,부사,,중급
4,어쩌다,2,부사,,중급
4,어쩌면,1,부사,,중급
4,어쩐지,0,부사,,중급
4,어찌나,0,부사,,중급
4,어찌하다,0,동사,어찌할 수 없다,중급
4,어차피,0,부사,어차피 안 되다,중급
4,억양,0,명사,강한 억양,중급
4,억울하다,0,형용사,억울한 누명,중급
4,억지로,0,부사,억지로 웃다,중급
4,언급,0,명사,자세한 언급,중급
4,언론,0,명사,언론 매체,중급
4,언젠가,0,부사,,중급
4,얹다,0,동사,지붕을 얹다,중급
4,얻어먹다,0,동사,밥을 얻어먹다,중급
4,얼리다,0,동사,얼음을 얼리다,중급
4,엄격,0,명사,엄격 규제,중급
4,엄숙하다,0,형용사,엄숙한 분위기,중급
4,엄청나다,0,형용사,엄청난 피해,중급
4,업계,0,명사,서비스 업계,중급
4,업적,0,명사,연구 업적,중급
4,업체,0,명사,업체와 거래하다,중급
4,엉뚱하다,0,형용사,엉뚱한 생각,중급
4,엉망,0,명사,엉망인 생활,중급
4,엉터리,0,명사,엉터리로 말하다,중급
4,엎드리다,0,동사,바닥에 엎드리다,중급
4,에너지,0,명사,에너지가 넘치다,중급
4,여간,0,부사,,중급
4,여건,0,명사,좋은 여건,중급
4,여고,0,명사,여고 시절,중급
4,여럿,0,명사,여럿 가운데,중급
4,여부,0,명사,사실 여부,중급
4,여전히,0,부사,여전히 똑같다,중급
4,여행가,0,명사,배낭 여행가,중급
4,역사상,0,명사,한국 역사상,중급
4,엮다,0,동사,실을 엮다,중급
4,연간,0,명사,연간 수입,중급
4,연관,0,명사,연관이 없다,중급
4,연구소,0,명사,연구소를 설립하다,중급
4,연구실,0,명사,연구실에서 공부하다,중급
4,연구원,1,명사,전문 연구원,중급
4,연구원,2,명사,연구원 생활,중급
4,연구자,0,명사,연구자의 이론,중급
4,연기,2,명사,담배 연기,중급
4,연기자,0,명사,드라마 연기자,중급
4,연도,1,명사,졸업 연도,중급
4,연령,0,명사,연령 제한,중급
4,연못,0,명사,연못을 파다,중급
4,연봉,0,명사,연봉이 오르다,중급
4,연설,0,명사,연설을 듣다,중급
4,연속,0,명사,고난의 연속,중급
4,연애,0,명사,연애 감정,중급
4,연체,0,명사,연체 도서,중급
4,연체료,0,명사,연체료를 내다,중급
4,연출,0,명사,영화 연출,중급
4,연탄,0,명사,연탄을 나르다,중급
4,연합,0,명사,유럽 연합,중급
4,열기,0,명사,뜨거운 열기,중급
4,열매,0,명사,열매가 열리다,중급
4,열정,0,명사,열정을 쏟다,중급
4,열중,0,명사,일에 열중하다,중급
4,염색,0,명사,염색 머리,중급
4,엿보다,0,동사,몰래 엿보다,중급
4,영업,0,명사,영업 정지,중급
4,영역,0,명사,활동 영역,중급
4,영원,0,명사,영원을 약속하다,중급
4,영향력,0,명사,영향력을 미치다,중급
4,영혼,0,명사,영혼이 되다,중급
4,영화감독,0,명사,영화감독이 되다,중급
4,예,1,명사,예로부터 내려오다,중급
4,예감,0,명사,불길한 예감,중급
4,예고,0,명사,예고 방송,중급
4,예비,0,명사,예비 식량,중급
4,예산,0,명사,예산 낭비,중급
4,예선,0,명사,예선 통과,중급
4,예술가,0,명사,예술가 기질,중급
4,예술적01∙예술적,2,관형사∙명사,예술적 작품,중급
4,예외,0,명사,예외 현상,중급
4,오가다,0,동사,술잔이 오가다,중급
4,오늘날,0,명사,오늘날의 현실,중급
4,오락,1,명사,오락 문화,중급
4,오래도록,0,부사,오래도록 간직하다,중급
4,오로지,0,부사,오로지 공부만 하다,중급
4,오르내리다,0,동사,계단을 오르내리다,중급
4,오른발,0,명사,오른발을 내딛다,중급
4,오염,0,명사,오염 물질,중급
4,오직,0,부사,오직 공부만 하다,중급
4,오히려,0,부사,오히려 화를 내다,중급
4,옥수수,0,명사,옥수수를 굽다,중급
4,온갖,0,관형사,온갖 방법,중급
4,온라인,0,명사,온라인 게임,중급
4,온종일,1,명사,하루 온종일,중급
4,온종일,2,부사,하루 온종일,중급
4,온통,0,부사,온통 그 생각뿐이다,중급
4,온통,0,명사,온통 그 생각뿐이다,중급
4,올라타다,0,동사,비행기에 올라타다,중급
4,올려다보다,0,동사,하늘을 올려다보다,중급
4,완벽,0,명사,완벽을 추구하다,중급
4,완전,0,명사,완전을 기하다,중급
4,왠지,0,부사,왠지 기분이 좋다,중급
4,외갓집,0,명사,외갓집에 가다,중급
4,외로움,0,명사,외로움을 느끼다,중급
4,외면,1,명사,외면이 화려하다,중급
4,외아들,0,명사,외아들을 두다,중급
4,외출복,0,명사,외출복을 입다,중급
4,외치다,0,동사,크게 외치다,중급
4,왼편,0,명사,왼편에 앉다,중급
4,요,3,관형사,요 녀석,중급
4,요구,0,명사,요구를 들어주다,중급
4,요새,1,명사,요 사이,중급
4,요소,0,명사,구성 요소,중급
4,요약,0,명사,내용 요약,중급
4,요인,0,명사,성공 요인,중급
4,요즈음,0,명사,요즈음 유행이다,중급
4,요청,0,명사,삭제 요청,중급
4,욕,0,명사,욕을 퍼붓다,중급
4,욕망,0,명사,욕망을 이루다,중급
4,욕심,0,명사,욕심을 내다,중급
4,용감하다,0,형용사,용감한 행동,중급
4,용건,0,명사,급한 용건,중급
4,용도,0,명사,용도가 다르다,중급
4,용서,0,명사,용서를 구하다,중급
4,용어,0,명사,법률 용어,중급
4,우기다,0,동사,주장을 우기다,중급
4,우려,0,명사,우려가 크다,중급
4,우습다,0,형용사,표정이 우습다,중급
4,우승,0,명사,우승 후보,중급
4,우아하다,0,형용사,분위기가 우아하다,중급
4,우연,0,명사,우연의 일치,중급
4,운반,0,명사,이삿짐 운반,중급
4,운영,0,명사,기업 운영,중급
4,운전기사,0,명사,버스 운전기사,중급
4,운행,0,명사,지하철 운행,중급
4,울음소리,0,명사,울음소리가 들리다,중급
4,움직임,0,명사,움직임을 따라가다,중급
4,웃기다,0,동사,사람을 웃기다,중급
4,웃음소리,0,명사,웃음소리가 들리다,중급
4,워낙,0,부사,워낙 비싸다,중급
4,원,3,명사,원 모양,중급
4,원리,0,명사,원리를 발견하다,중급
4,원만하다,0,형용사,원만한 성격,중급
4,원서,2,명사,입학 원서,중급
4,원칙,0,명사,원칙을 따르다,중급
4,월말,0,명사,월말 정산,중급
4,웬,0,관형사,웬 영문인지,중급
4,웬만하다,0,형용사,웬만한 일,중급
4,위기,0,명사,위기를 극복하다,중급
4,위대하다,0,형용사,위대한 업적,중급
4,위로,0,명사,위로를 받다,중급
4,위반,0,명사,신호 위반,중급
4,위아래,0,명사,위아래로 정렬하다,중급
4,위원회,0,명사,위원회가 열리다,중급
4,위험성,0,명사,위험성이 크다,중급
4,위협,0,명사,위협을 주다,중급
4,유교,0,명사,유교 문화,중급
4,유난히,0,부사,유난히 작다,중급
4,유능,0,명사,유능과 무능,중급
4,유도,2,명사,대화 유도,중급
4,유리,1,명사,유리한 조건,중급
4,유리창,0,명사,유리창을 닦다,중급
4,유산,2,명사,유산을 물려받다,중급
4,유일,0,명사,세계 유일,중급
4,유지,1,명사,질서 유지,중급
4,유창하다,0,형용사,영어가 유창하다,중급
4,유치하다,0,형용사,유치한 생각,중급
4,유쾌,0,명사,유쾌한 성격,중급
4,유통,0,명사,자본의 유통,중급
4,유형,2,명사,유형을 나누다,중급
4,유혹,0,명사,뇌물의 유혹,중급
4,육군,0,명사,육군 부대,중급
4,육지,0,명사,육지에서 살다,중급
4,육체,0,명사,건강한 육체,중급
4,육체적01∙육체적,2,관형사∙명사,육체적 피로,중급
4,은혜,0,명사,은혜를 갚다,중급
4,음반,0,명사,음반을 내다,중급
4,응답,0,명사,응답을 기다리다,중급
4,응시,2,명사,응시에 합격하다,중급
4,의도,0,명사,의도를 파악하다,중급
4,의류,0,명사,여성 의류,중급
4,의무,0,명사,의무를 다하다,중급
4,의무적01∙의무적,2,관형사∙명사,의무적 규정,중급
4,의문,0,명사,의문이 생기다,중급
4,의복,0,명사,의복을 갈아입다,중급
4,의사,1,명사,의사를 밝히다,중급
4,의상,0,명사,무대 의상,중급
4,의식,1,명사,의식을 잃다,중급
4,의식,2,명사,종교 의식,중급
4,의심,0,명사,의심을 받다,중급
4,의외,0,명사,의외의 결과,중급
4,의욕,0,명사,의욕이 넘치다,중급
4,의존,0,명사,알코올 의존,중급
4,의지,1,명사,난간에 의지하다,중급
4,의지,2,명사,의지가 강하다,중급
4,이기적01∙이기적,2,관형사∙명사,이기적 성격,중급
4,이내,2,부사,,중급
4,이내,3,명사,한 시간 이내,중급
4,이념,0,명사,교육 이념,중급
4,이달,0,명사,이달 말,중급
4,이대로,0,부사,이대로 두다,중급
4,이론,1,명사,철학 이론,중급
4,이롭다,0,형용사,몸에 이롭다,중급
4,이룩하다,0,동사,성장을 이룩하다,중급
4,이르다,1,동사,목적지에 이르다,중급
4,이르다,2,동사,자세히 이르다,중급
4,이른바,0,부사,,중급
4,이리저리,2,부사,이리저리 돌아다니다,중급
4,이만큼,1,부사,이만큼 달라지다,중급
4,이만큼,2,명사,이만큼 달라지다,중급
4,이민,0,명사,이민을 가다,중급
4,이발,0,명사,이발 도구,중급
4,이벤트,0,명사,이벤트가 열리다,중급
4,이별,0,명사,이별을 선언하다,중급
4,이상적01∙이상적,2,관형사∙명사,이상적 방법,중급
4,이성,1,명사,이성을 잃다,중급
4,이어,0,부사,,중급
4,이어지다,0,동사,아래로 이어지다,중급
4,이왕,1,명사,이왕의 일,중급
4,이왕,2,부사,이왕의 일,중급
4,이외,0,명사,관계자 이외,중급
4,이용자,0,명사,인터넷 이용자,중급
4,이윽고,0,부사,,중급
4,이익,0,명사,이익과 손해,중급
4,이전,0,명사,주소 이전,중급
4,이제야,0,부사,이제야 알다,중급
4,이튿날,0,명사,이튿날 아침,중급
4,이해관계,0,명사,이해관계를 따지다,중급
4,이혼,0,명사,이혼 서류,중급
4,익다,2,형용사,손에 익다,중급
4,익히다,1,동사,고기를 익히다,중급
4,인간,0,명사,인간 사회,중급
4,인간관계,0,명사,인간관계가 좋다,중급
4,인간성,0,명사,인간성이 좋다,중급
4,인간적01∙인간적,2,관형사∙명사,인간적 권리,중급
4,인격,0,명사,인격을 존중하다,중급
4,인공,0,명사,인공 호수,중급
4,인력,0,명사,인력을 양성하다,중급
4,인류,0,명사,인류 공동체,중급
4,인물,0,명사,인물 사진,중급
4,인상,1,명사,인상이 좋다,중급
4,인상,2,명사,요금 인상,중급
4,인식,0,명사,인식이 달라지다,중급
4,인연,0,명사,인연을 맺다,중급
4,인용,0,명사,인용 문구,중급
4,인재,1,명사,우수한 인재,중급
4,인정,1,명사,인정이 넘치다,중급
4,인정,2,명사,소유권 인정,중급
4,인정받다,0,동사,능력을 인정받다,중급
4,인체,0,명사,인체를 해부하다,중급
4,인하,0,명사,가격 인하,중급
4,인하다,1,동사,그로 인하여,중급
4,일교차,0,명사,일교차가 크다,중급
4,일단,1,부사,,중급
4,일대,3,명사,서울 일대,중급
4,일등,0,명사,일등 신랑,중급
4,일반인,0,명사,일반인 대상,중급
4,일반적01∙일반적,2,관형사∙명사,일반적 생각,중급
4,일부분,0,명사,일부분에 속하다,중급
4,일상,0,명사,일상에 만족하다,중급
4,일상적01∙일상적,2,관형사∙명사,일상적 사용,중급
4,일생,0,명사,일생을 살다,중급
4,일석이조,0,명사,,중급
4,일손,0,명사,일손을 구하다,중급
4,일시,3,명사,모임 일시,중급
4,일시불,0,명사,일시불로 내다,중급
4,일시적01∙일시적,2,관형사∙명사,일시적 감정,중급
4,일쑤,0,명사,굶기가 일쑤이다,중급
4,일쑤,0,부사,굶기가 일쑤이다,중급
4,일으키다,0,동사,상체를 일으키다,중급
4,일일이,0,부사,일일이 검사하다,중급
4,일종,0,명사,일종의 자유,중급
4,일찍이,0,부사,일찍이 떠나다,중급
4,일체,1,부사,여행비 일체,중급
4,일체,2,명사,여행비 일체,중급
4,일치,0,명사,의견 일치,중급
4,일회용,0,명사,일회용 젓가락,중급
4,일회용품,0,명사,일회용품을 사용하다,중급
4,읽히다,1,동사,책이 읽히다,중급
4,읽히다,2,동사,책을 읽히다,중급
4,임금,2,명사,임금을 올리다,중급
4,임무,0,명사,임무를 맡기다,중급
4,임시,0,명사,임시로 맡다,중급
4,임신,0,명사,임신 초기,중급
4,입금,0,명사,입금 통장,중급
4,입대,0,명사,군 입대,중급
4,입력,0,명사,자료 입력,중급
4,입사,0,명사,입사 시험,중급
4,입시,0,명사,대학 입시,중급
4,입장,1,명사,입장 시간,중급
4,입장,2,명사,입장을 밝히다,중급
4,입히다,0,동사,옷을 입히다,중급
4,잇따르다,0,동사,차가 잇따르다,중급
4,잊히다,0,동사,잊혀진 노래,중급
4,자격증,0,명사,자격증을 따다,중급
4,자극,0,명사,외부 자극,중급
4,자꾸만,0,부사,자꾸만 칭얼거리다,중급
4,자라나다,0,동사,몸이 자라나다,중급
4,자랑스럽다,0,형용사,아들이 자랑스럽다,중급
4,자막,0,명사,영어 자막,중급
4,자본,0,명사,자본이 부족하다,중급
4,자부심,0,명사,자부심을 느끼다,중급
4,자살,0,명사,자살을 시도하다,중급
4,자세,0,명사,바른 자세,중급
4,자신감,0,명사,자신감이 넘치다,중급
4,자연스럽다,0,형용사,자연스러운 모습,중급
4,자연적01∙자연적,2,관형사∙명사,자연적 환경,중급
4,자연환경,0,명사,자연환경을 보호하다,중급
4,자연히,0,부사,자연히 없어지다,중급
4,자원,0,명사,자원이 풍부하다,중급
4,자존심,0,명사,자존심을 지키다,중급
4,자취,0,명사,자취 생활,중급
4,작가,0,명사,시나리오 작가,중급
4,작곡,0,명사,동요 작곡,중급
4,작곡가,0,명사,가요 작곡가,중급
4,작동,0,명사,작동을 멈추다,중급
4,작문,0,명사,작문을 읽다,중급
4,작업,0,명사,준비 작업,중급
4,작용,0,명사,상호 작용,중급
4,작전,0,명사,작전을 세우다,중급
4,작품,0,명사,예술 작품,중급
4,잔뜩,0,부사,잔뜩 사다,중급
4,잔소리,0,명사,잔소리가 많다,중급
4,잘나다,0,형용사,잘난 외모,중급
4,잘리다,0,동사,나무가 잘리다,중급
4,잘살다,0,동사,잘사는 나라,중급
4,잠기다,2,동사,물에 잠기다,중급
4,잠들다,0,동사,아기가 잠들다,중급
4,잠자리,2,명사,잠자리가 날아다니다,중급
4,잡아당기다,0,동사,문을 잡아당기다,중급
4,장가,0,명사,장가를 가다,중급
4,장관,2,명사,장관에 임명되다,중급
4,장기간,0,명사,장기간 머물다,중급
4,장기적01∙장기적,2,관형사∙명사,장기적 목표,중급
4,장난,0,명사,장난이 심하다,중급
4,장남,0,명사,장남과 장녀,중급
4,장르,0,명사,영화의 장르,중급
4,장모,0,명사,장모와 장인,중급
4,장사,1,명사,장사가 잘되다,중급
4,장애,0,명사,장애 요인,중급
4,장애인,0,명사,장애인 복지,중급
4,장인,0,명사,장인과 장모,중급
4,장하다,0,형용사,아들이 장하다,중급
4,재-,1,접사,재등록,중급
4,재능,0,명사,예술적 재능,중급
4,재떨이,0,명사,재떨이를 비우다,중급
4,재빨리,0,부사,재빨리 도망치다,중급
4,재산,0,명사,재산을 모으다,중급
4,재생,0,명사,재생의 기회,중급
4,재수,2,명사,재수가 좋다,중급
4,재우다,2,동사,아기를 재우다,중급
4,재작년,0,명사,재작년 여름,중급
4,재주,0,명사,재주가 많다,중급
4,재판,2,명사,재판이 열리다,중급
4,재학생,0,명사,재학생이 늘다,중급
4,재활용품,0,명사,재활용품을 모으다,중급
4,저-,1,접사,저학년,중급
4,저급,0,명사,저급 문화,중급
4,저리,1,부사,저리 치우다,중급
4,저마다,1,부사,저마다 다르다,중급
4,저마다,2,명사,저마다 다르다,중급
4,저만큼,1,부사,저만큼 느끼다,중급
4,저만큼,2,명사,저만큼 느끼다,중급
4,저장,0,명사,파일 저장,중급
4,저절로,0,부사,저절로 가다,중급
4,저지르다,0,동사,실수를 저지르다,중급
4,적,2,명사,적을 공격하다,중급
4,적극,0,명사,적극 검토하다,중급
4,적극적01∙적극적,2,관형사∙명사,적극적 태도,중급
4,적당히,0,부사,적당히 마시다,중급
4,적성,0,명사,적성을 고려하다,중급
4,적어지다,0,동사,수입이 적어지다,중급
4,적용,0,명사,적용을 받다,중급
4,적자,1,명사,적자가 발생하다,중급
4,적절하다,0,형용사,적절한 시기,중급
4,전개,0,명사,새로운 전개,중급
4,전문적01∙전문적,2,관형사∙명사,전문적 지식,중급
4,전문직,0,명사,전문직에 종사하다,중급
4,전시장,0,명사,가구 전시장,중급
4,전제,0,명사,전제 조건,중급
4,전체적01∙전체적,2,관형사∙명사,전체적 분위기,중급
4,전후,0,명사,전후 사정,중급
4,절대적01∙절대적,2,관형사∙명사,절대적 신뢰,중급
4,절망,0,명사,절망을 느끼다,중급
4,절반,0,명사,절반 이상,중급
4,절차,0,명사,수속 절차,중급
4,젊음,0,명사,젊음을 유지하다,중급
4,점검,0,명사,점검을 받다,중급
4,점심때,0,명사,점심때가 되다,중급
4,점잖다,0,형용사,점잖은 말투,중급
4,접근,0,명사,접근을 막다,중급
4,접속,0,명사,문장 접속,중급
4,접어들다,0,동사,가을에 접어들다,중급
4,접촉,0,명사,접촉 사고,중급
4,접하다,0,동사,소식을 접하다.,중급
4,정기,1,명사,정기 휴일,중급
4,정기적01∙정기적,2,관형사∙명사,정기적 모임,중급
4,정당,0,명사,정당에 가입하다,중급
4,정면,0,명사,건물의 정면,중급
4,정반대,0,명사,정반대로 행동하다,중급
4,정보화,0,명사,정보화 사회,중급
4,정부,1,명사,한국 정부,중급
4,정상,1,명사,정상 수업,중급
4,정상적01∙정상적,2,관형사∙명사,정상적 생활,중급
4,정성,0,명사,정성을 다하다,중급
4,정식,1,명사,정식 회원,중급
4,정신적01∙정신적,2,관형사∙명사,정신적 여유,중급
4,정의,2,명사,사전 정의,중급
4,정작,0,부사,,중급
4,정지,1,명사,운행 정지,중급
4,정직,1,명사,정직을 추구하다,중급
4,정착,0,명사,정착 생활,중급
4,정책,0,명사,정책 수립,중급
4,정치인,0,명사,야당 정치인,중급
4,정치적01∙정치적,2,관형사∙명사,정치적 대립,중급
4,젖,0,명사,젖을 먹이다,중급
4,제거,0,명사,냄새 제거,중급
4,제도,1,명사,결혼 제도,중급
4,제때,0,명사,제때를 놓치다,중급
4,제발,0,부사,,중급
4,제법,0,부사,,중급
4,제사,0,명사,제사를 지내다,중급
4,제시,0,명사,의견 제시,중급
4,제약,1,명사,제약을 받다,중급
4,제외,0,명사,제외 대상,중급
4,제자,0,명사,스승과 제자,중급
4,제자리,0,명사,제자리를 지키다,중급
4,제작,0,명사,음반 제작,중급
4,제한,0,명사,나이 제한,중급
4,조03·조,2,수사·관형사,숫자,중급
4,조각,1,명사,빵 조각,중급
4,조그맣다,0,형용사,조그만 얼굴,중급
4,조기,5,명사,조기에 발견하다,중급
4,조르다,2,동사,사 달라고 조르다,중급
4,조림,1,명사,생선 조림,중급
4,조명,0,명사,조명이 밝다,중급
4,조심스럽다,0,형용사,행동이 조심스럽다,중급
4,조작,1,명사,음성 조작,중급
4,조절,0,명사,컨디션 조절,중급
4,조정,2,명사,날짜 조정,중급
4,조화,4,명사,조화를 이루다,중급
4,존재,0,명사,특별한 존재,중급
4,존중,0,명사,존중을 받다,중급
4,졸음,0,명사,졸음이 쏟아지다,중급
4,좀처럼,0,부사,,중급
4,좁히다,0,동사,길을 좁히다,중급
4,종교적01·종교적,2,관형사∙명사,종교적 신념,중급
4,종아리,0,명사,종아리가 굵다,중급
4,종종,0,부사,종종 나타나다,중급
4,좌우,0,명사,좌우 날개,중급
4,죄,0,명사,죄와 벌,중급
4,주관적01∙주관적,2,관형사∙명사,주관적 생각,중급
4,주름,0,명사,주름이 생기다,중급
4,주먹,0,명사,주먹을 쥐다,중급
4,주목,0,명사,주목을 끌다,중급
4,주식,2,명사,주식을 팔다,중급
4,주어지다,0,동사,기회가 주어지다,중급
4,주장,2,명사,주장을 내세우다,중급
4,주저앉다,0,동사,땅바닥에 주저앉다,중급
4,주전자,0,명사,물 주전자,중급
4,주택,0,명사,주택을 짓다,중급
4,줄거리,0,명사,드라마 줄거리,중급
4,줄곧,0,부사,줄곧 생각하다,중급
4,줄기,0,명사,식물 줄기,중급
4,줄어들다,0,동사,숫자가 줄어들다,중급
4,중독,0,명사,중독을 일으키다,중급
4,중반,0,명사,경기의 중반,중급
4,중소기업,0,명사,중소기업에 취직하다,중급
4,중얼거리다,0,동사,속으로 중얼거리다,중급
4,중요성,0,명사,환경의 중요성,중급
4,쥐다,0,동사,주먹을 쥐다,중급
4,즉석,0,명사,즉석 떡볶이,중급
4,증거,0,명사,증거를 찾아내다,중급
4,증명,0,명사,과학적 증명,중급
4,지겹다,0,형용사,지겨운 일상,중급
4,지구,2,명사,지구에 살다,중급
4,지극히,0,부사,지극히 간단하다,중급
4,지금껏,0,부사,지금껏 모르다,중급
4,지급,0,명사,지급 내역,중급
4,지능,0,명사,지능이 높다,중급
4,지니다,0,동사,돈을 지니다,중급
4,지다,5,동사,배낭을 지다,중급
4,지도자,0,명사,지도자를 뽑다,중급
4,지름길,0,명사,지름길로 가다,중급
4,지불,0,명사,비용 지불,중급
4,지시,0,명사,지시 사항,중급
4,지식,0,명사,전문 지식,중급
4,지식인,0,명사,지식인 사회,중급
4,지옥,0,명사,지옥에 떨어지다,중급
4,지원,1,명사,생활비 지원,중급
4,지위,0,명사,지위가 높다,중급
4,지적,3,명사,지적을 당하다,중급
4,지정,0,명사,지정 좌석,중급
4,지진,0,명사,지진이 발생하다,중급
4,지출,0,명사,지출이 늘다,중급
4,지치다,1,동사,몸이 지치다,중급
4,지켜보다,0,동사,몰래 지켜보다,중급
4,지폐,0,명사,지폐를 세다,중급
4,지하실,0,명사,지하실로 내려가다,중급
4,지혜,0,명사,지혜를 모으다,중급
4,지혜롭다,0,형용사,지혜로운 사람,중급
4,직선,1,명사,직선 도로,중급
4,직접적01∙직접적,2,관형사∙명사,직접적 이유,중급
4,직후,0,명사,식사 직후,중급
4,진단,0,명사,건강 진단,중급
4,진동,2,명사,휴대폰 진동,중급
4,진로,0,명사,진로를 결정하다,중급
4,진리,0,명사,진리를 깨닫다,중급
4,진술,0,명사,진술을 듣다,중급
4,진실,0,명사,진실과 거짓,중급
4,진정하다,1,형용사,진정한 친구,중급
4,진지하다,0,형용사,진지한 태도,중급
4,진출,0,명사,사회 진출,중급
4,질병,0,명사,질병을 치료하다,중급
4,질서,0,명사,질서를 유지하다,중급
4,질투,0,명사,질투가 나다,중급
4,짐승,0,명사,짐승을 잡다,중급
4,짐작,0,명사,짐작이 가다,중급
4,집단,0,명사,집단을 이루다,중급
4,집어넣다,0,동사,가방에 집어넣다,중급
4,집중적01∙집중적,2,관형사∙명사,집중적 관심,중급
4,짓,0,명사,나쁜 짓,중급
4,짖다,0,동사,강아지가 짖다,중급
4,짙다,0,형용사,화장이 짙다,중급
4,짚다,0,동사,지팡이를 짚다,중급
4,짜증스럽다,0,형용사,말투가 짜증스럽다,중급
4,짝수,0,명사,홀수와 짝수,중급
4,짠맛,0,명사,짠맛이 나다,중급
4,쪽,3,명사,사과 몇 쪽,중급
4,쪽,4,의존명사,사과 몇 쪽,중급
4,쫓겨나다,0,동사,집에서 쫓겨나다,중급
4,쫓기다,0,동사,경찰에게 쫓기다,중급
4,쫓다,0,동사,범인을 쫓다,중급
4,쫓아가다,0,동사,학교에 쫓아가다,중급
4,쫓아내다,0,동사,마을에서 쫓아내다,중급
4,쫓아다니다,0,동사,꽁무니를 쫓아다니다,중급
4,쫓아오다,0,동사,집으로 쫓아오다,중급
4,찌푸리다,0,동사,찌푸린 날씨,중급
4,찍다,1,동사,나무를 찍다,중급
4,찍히다,2,동사,낙인이 찍히다,중급
4,찡그리다,0,동사,얼굴을 찡그리다,중급
4,차도,1,명사,차도를 넓히다,중급
4,차라리,0,부사,차라리 그게 낫다,중급
4,차마,0,부사,,중급
4,차별,0,명사,인종 차별,중급
4,차비,0,명사,차비를 내다,중급
4,차선,2,명사,차선을 변경하다,중급
4,차원,0,명사,차원이 다르다,중급
4,차차,0,부사,차차 좋아지다,중급
4,차창,0,명사,차창을 열다,중급
4,차츰,0,부사,차츰 나아지다,중급
4,착각,0,명사,착각에 빠지다,중급
4,참석자,0,명사,참석자 명단,중급
4,참여,0,명사,주민 참여,중급
4,참으로,0,부사,참으로 잘되다,중급
4,참조,0,명사,사진 참조,중급
4,창작,0,명사,창작과 모방,중급
4,창조,0,명사,한글 창조,중급
4,찾아내다,0,동사,보물을 찾아내다,중급
4,찾아다니다,0,동사,명소를 찾아다니다,중급
4,찾아뵙다,0,동사,어른을 찾아뵙다,중급
4,채널,0,명사,티브이 채널,중급
4,채우다,1,동사,자물쇠를 채우다,중급
4,채택,0,명사,답변 채택,중급
4,책임,0,명사,책임을 지다,중급
4,책임감,0,명사,책임감이 강하다,중급
4,책임자,0,명사,책임자를 처벌하다,중급
4,책임지다,0,동사,뒷일을 책임지다,중급
4,챔피언,0,명사,챔피언에 등극하다,중급
4,처리,0,명사,업무 처리,중급
4,처벌,0,명사,처벌을 받다,중급
4,처하다,0,동사,위험에 처하다,중급
4,천국,0,명사,천국과 지옥,중급
4,천주교,0,명사,종교,중급
4,철,2,명사,철이 들다,중급
4,철저히,0,부사,철저히 예방하다,중급
4,첨부,0,명사,첨부 서류,중급
4,첫사랑,0,명사,첫사랑과 재회하다,중급
4,청하다,0,동사,도움을 청하다,중급
4,체계,0,명사,체계가 잡히다,중급
4,체면,0,명사,체면이 깎이다,중급
4,체온,0,명사,체온을 재다,중급
4,체조,0,명사,체조 경기,중급
4,체중,0,명사,체중 조절,중급
4,초-,1,접사,초봄,중급
4,초가을,0,명사,초가을 날씨,중급
4,초겨울,0,명사,초겨울 추위,중급
4,초기,0,명사,초기 단계,중급
4,초반,0,명사,경기 초반,중급
4,초보,0,명사,초보 운전,중급
4,초보자,0,명사,초보자 입문용,중급
4,초봄,0,명사,초봄 날씨,중급
4,초승달,0,명사,초승달이 뜨다,중급
4,초여름,0,명사,초여름 더위,중급
4,초저녁,0,명사,초저녁이 지나다,중급
4,초점,0,명사,논의의 초점,중급
4,초조,0,명사,불안과 초조,중급
4,초청,0,명사,초청 강연,중급
4,초청장,0,명사,취임식 초청장,중급
4,총,2,관형사,총 인원,중급
4,총리,0,명사,총리로 임명되다,중급
4,최대,0,명사,최대로 늘리다,중급
4,최대한,0,부사,최대한 노력하다,중급
4,최소,1,명사,최대와 최소,중급
4,최소한,0,부사,최소한 유지하다,중급
4,최신,0,명사,최신 기술,중급
4,최종,0,명사,최종 목표,중급
4,최초,0,명사,최초로 발견하다,중급
4,추가,0,명사,추가 모집,중급
4,추위,0,명사,추위를 타다,중급
4,추진,0,명사,사업 추진,중급
4,추천서,0,명사,추천서를 쓰다,중급
4,축소,0,명사,예산 축소,중급
4,출근길,0,명사,출근길 정체,중급
4,출산,0,명사,출산 예정일,중급
4,출신,0,명사,서울 출신,중급
4,출연,2,명사,드라마 출연,중급
4,출판,0,명사,도서 출판,중급
4,출현,0,명사,출현 시기,중급
4,충격,0,명사,충격을 받다,중급
4,충격적01∙충격적,2,관형사∙명사,충격적인 사실,중급
4,충고,0,명사,충고를 듣다,중급
4,충돌,0,명사,자동차 충돌,중급
4,취업,0,명사,취업 준비,중급
4,취재,0,명사,취재 기자,중급
4,측,0,의존명사,학교 측,중급
4,측면,0,명사,오른쪽 측면,중급
4,치다,1,동사,눈보라가 치다,중급
4,치다,4,동사,후추를 치다,중급
4,친아들,0,명사,친아들처럼 대하다,중급
4,친아버지,0,명사,친아버지를 찾다,중급
4,친어머니,0,명사,친어머니로 생각하다,중급
4,친언니,0,명사,친언니와 닮다,중급
4,친오빠,0,명사,친오빠와 살다,중급
4,친정,0,명사,친정 부모님,중급
4,침,0,명사,침을 뱉다,중급
4,침묵,0,명사,침묵을 깨다,중급
4,캄캄하다,0,형용사,밖이 캄캄하다,중급
4,캠페인,0,명사,캠페인을 벌이다,중급
4,커다랗다,0,형용사,덩치가 커다랗다,중급
4,커트,0,명사,커트 머리,중급
4,콩나물,0,명사,콩나물을 무치다,중급
4,쾌적하다,0,형용사,공기가 쾌적하다,중급
4,쿨쿨,0,부사,쿨쿨 자다,중급
4,쿵,0,부사,쿵 소리가 나다,중급
4,크림,0,명사,크림 파스타,중급
4,큰돈,0,명사,큰돈을 모으다,중급
4,큰딸,0,명사,큰딸과 작은딸,중급
4,큰아들,0,명사,큰아들과 작은아들,중급
4,큰일,1,명사,큰일을 치르다,중급
4,큰집,0,명사,큰집에 가다,중급
4,키,4,명사,차 키,중급
4,타고나다,0,동사,재능을 타고나다,중급
4,타다,4,동사,월급을 타다,중급
4,타다,6,동사,때가 타다,중급
4,타오르다,0,동사,불길이 타오르다,중급
4,타인,0,명사,타인의 입장,중급
4,탄생,0,명사,아이의 탄생,중급
4,탈출,0,명사,비상 탈출,중급
4,탑,0,명사,탑을 쌓다,중급
4,태양,0,명사,태양이 뜨다,중급
4,태우다,1,동사,불에 태우다,중급
4,택하다,0,동사,방법을 택하다,중급
4,탤런트,0,명사,인기 탤런트,중급
4,터널,0,명사,터널을 지나다,중급
4,터지다,0,동사,풍선이 터지다,중급
4,턱,1,명사,사각 턱,중급
4,텅,0,부사,텅 비다,중급
4,테스트,1,명사,테스트를 받다,중급
4,토의,0,명사,토의 주제,중급
4,통계,0,명사,통계 자료,중급
4,통과,0,명사,국경 통과,중급
4,통증,0,명사,통증을 느끼다,중급
4,통행,0,명사,통행을 금지하다,중급
4,퇴직,0,명사,퇴직 연금,중급
4,투자,0,명사,시간 투자,중급
4,투표,0,명사,찬반 투표,중급
4,특수,1,명사,특수 부대,중급
4,특정,0,명사,특정 집단,중급
4,틀림없다,0,형용사,범인이 틀림없다,중급
4,틈,1,명사,창문 틈,중급
4,틈,2,의존명사,창문 틈,중급
4,파괴,0,명사,시설 파괴,중급
4,파트너,0,명사,파트너를 구하다,중급
4,판단,0,명사,상황 판단,중급
4,판매자,0,명사,상품 판매자,중급
4,판사,0,명사,판사와 검사,중급
4,팔꿈치,0,명사,팔꿈치를 펴다,중급
4,패스트푸드,0,명사,패스트푸드 음식점,중급
4,팬,1,명사,팬 사인회,중급
4,퍼지다,0,동사,아래로 퍼지다,중급
4,퍽,2,부사,퍽 어렵다,중급
4,펴내다,0,동사,책을 펴내다,중급
4,편견,0,명사,편견을 깨다,중급
4,편의,0,명사,편의를 봐주다,중급
4,편히,0,부사,편히 살다,중급
4,펼쳐지다,0,동사,길이 펼쳐지다,중급
4,펼치다,0,동사,책을 펼치다,중급
4,평,2,명사,평이 좋다,중급
4,평균,0,명사,평균 점수,중급
4,평등,0,명사,남녀평등,중급
4,평범하다,0,형용사,외모가 평범하다,중급
4,평상시,0,명사,평상시 습관,중급
4,평생,0,명사,평생 교육,중급
4,평화,0,명사,세계 평화,중급
4,평화롭다,0,형용사,마음이 평화롭다,중급
4,폐지,0,명사,프로그램 폐지,중급
4,포근하다,0,형용사,잠자리가 포근하다,중급
4,포장지,0,명사,포장지로 싸다,중급
4,폭넓다,0,형용사,폭넓은 주제,중급
4,폭력,0,명사,폭력을 쓰다,중급
4,폭발,1,명사,감정 폭발,중급
4,폭설,0,명사,폭설 주의보,중급
4,폭우,0,명사,집중 폭우,중급
4,표면,0,명사,표면이 거칠다,중급
4,표준,0,명사,표준 시간,중급
4,표준어,0,명사,표준어를 사용하다,중급
4,표지,1,명사,책 표지,중급
4,푸다,0,동사,밥을 푸다,중급
4,풀,2,명사,풀이 자라다,중급
4,풀어지다,0,동사,끈이 풀어지다,중급
4,품,1,명사,옷 품,중급
4,품다,0,동사,알을 품다,중급
4,풍기다,0,동사,냄새를 풍기다,중급
4,풍부하다,0,형용사,자원이 풍부하다,중급
4,풍속,1,명사,세시 풍속,중급
4,프로,1,명사,프로 야구,중급
4,필기,0,명사,필기를 하다,중급
4,필수,2,명사,필수 조건,중급
4,필수적01∙필수적,2,관형사∙명사,필수적인 요인,중급
4,필수품,0,명사,여행 필수품,중급
4,필요성,0,명사,필요성을 느끼다,중급
4,핑계,0,명사,핑계로 삼다,중급
4,하,3,명사,아래,중급
4,하긴,0,부사,,중급
4,하느님,0,명사,하느님을 믿다,중급
4,하도,0,부사,하도 바빠서,중급
4,하여튼,0,부사,,중급
4,학력,2,명사,최종 학력,중급
4,학문,0,명사,학문에 정진하다,중급
4,학부모,0,명사,학부모 회의,중급
4,학비,0,명사,학비를 내다,중급
4,학용품,0,명사,학용품을 준비하다,중급
4,한,2,명사,한을 품다,중급
4,한,3,명사,끝,중급
4,한가운데,0,명사,한가운데에 놓다,중급
4,한겨울,0,명사,한겨울 추위,중급
4,한결,0,부사,한결 낫다,중급
4,한계,0,명사,한계를 넘다,중급
4,한국적01∙한국적,2,관형사∙명사,한국적 사고방식,중급
4,한꺼번에,0,부사,한꺼번에 갚다,중급
4,한낮,0,명사,한낮 더위,중급
4,한눈,0,명사,한눈에 알아보다,중급
4,한둘,0,수사,한둘이 아니다,중급
4,한마디,0,명사,말 한마디,중급
4,한밤중,0,명사,한밤중에 일어나다,중급
4,한순간,0,명사,한순간에 사라지다,중급
4,한여름,0,명사,한여름의 더위,중급
4,한창,1,명사,한창 붐비다,중급
4,한창,2,부사,한창 붐비다,중급
4,한층,0,부사,한층 깊어지다,중급
4,한편,0,명사,한편을 이루다,중급
4,할부,0,명사,할부 기간,중급
4,함부로,0,부사,함부로 말하다,중급
4,합격자,0,명사,합격자를 발표하다,중급
4,합리적01∙합리적,2,관형사∙명사,합리적인 방법,중급
4,합의,0,명사,합의를 보다,중급
4,합하다,0,동사,힘을 합하다,중급
4,항의,0,명사,항의 전화,중급
4,해,3,명사,해를 끼치다,중급
4,해결책,0,명사,해결책을 마련하다,중급
4,해내다,0,동사,거뜬히 해내다,중급
4,해당,0,명사,해당 부서,중급
4,해롭다,0,형용사,건강에 해롭다,중급
4,해방,0,명사,노예 해방,중급
4,해석,0,명사,영어 해석,중급
4,해설,0,명사,정답 해설,중급
4,해소,0,명사,스트레스 해소,중급
4,해안,0,명사,해안 지방,중급
4,해치다,0,동사,미관을 해치다,중급
4,핵심,0,명사,핵심 인물,중급
4,햇살,0,명사,햇살이 따뜻하다,중급
4,행사,2,명사,권력 행사,중급
4,행위,0,명사,불법 행위,중급
4,행정,0,명사,행정 업무,중급
4,행하다,0,동사,폭력을 행하다,중급
4,향,0,명사,향을 피우다,중급
4,향기,0,명사,향기를 맡다,중급
4,향상,0,명사,기술 향상,중급
4,허가,0,명사,입국 허가,중급
4,허용,0,명사,입학 허용,중급
4,허허,0,부사,허허 웃다,중급
4,헌,0,관형사,헌 책,중급
4,험하다,0,형용사,길이 험하다,중급
4,헤매다,0,동사,길에서 헤매다,중급
4,헤아리다,0,동사,숫자를 헤아리다,중급
4,헤엄치다,0,동사,물에서 헤엄치다,중급
4,현대인,0,명사,현대인의 스트레스,중급
4,현대적01∙현대적,2,관형사∙명사,현대적으로 바꾸다,중급
4,현상,2,명사,열대야 현상,중급
4,현실,0,명사,현실 도피,중급
4,현실적01∙현실적,2,관형사∙명사,현실적으로 생각하다,중급
4,현장,0,명사,서식 현장,중급
4,협력,0,명사,경제 협력,중급
4,협조,1,명사,자발적인 협조,중급
4,형님,0,명사,형님과 아우,중급
4,형성,0,명사,가치관 형성,중급
4,형식,1,명사,형식을 갖추다,중급
4,형편,0,명사,돌아가는 형편,중급
4,혜택,0,명사,혜택을 누리다,중급
4,호감,0,명사,호감을 얻다,중급
4,호기심,0,명사,호기심이 강하다,중급
4,호주머니,0,명사,호주머니에 넣다,중급
4,호흡,0,명사,호흡이 멎다,중급
4,혼내다,0,동사,아이를 혼내다,중급
4,홀수,0,명사,홀수와 짝수,중급
4,홍보,0,명사,신제품 홍보,중급
4,홍수,0,명사,홍수가 나다,중급
4,화장지,0,명사,화장지로 닦다,중급
4,화제,0,명사,화제를 바꾸다,중급
4,화창하다,0,형용사,날씨가 화창하다,중급
4,확,0,부사,소름이 확 끼치다,중급
4,확대,2,명사,확대와 축소,중급
4,확보,0,명사,인력 확보,중급
4,확산,0,명사,확산을 막다,중급
4,확신,0,명사,확신이 서다,중급
4,확실하다,0,형용사,증거가 확실하다,중급
4,확실히,0,부사,확실히 말하다,중급
4,확장,0,명사,확장 공사,중급
4,환경,0,명사,자연 환경,중급
4,환상,0,명사,환상이 깨지다,중급
4,활기,0,명사,활기를 띠다,중급
4,활동적01∙활동적,2,관형사∙명사,활동적인 성격,중급
4,활발히,0,부사,활발히 활동하다,중급
4,활용,0,명사,공간 활용,중급
4,회담,0,명사,회담을 열다,중급
4,회복,0,명사,피로 회복,중급
4,회화,1,명사,영어 회화,중급
4,효과적01∙효과적,2,관형사∙명사,효과적인 방법,중급
4,효도,0,명사,효도 관광,중급
4,효율적01∙효율적,2,관형사∙명사,효율적인 관리,중급
4,효자,0,명사,효자와 효녀,중급
4,후보,0,명사,대통령 후보,중급
4,후회스럽다,0,형용사,후회스러운 과거,중급
4,훈련,0,명사,민방위 훈련,중급
4,훔치다,2,동사,물건을 훔치다,중급
4,휴양지,0,명사,휴양지로 떠나다,중급
4,흉내,0,명사,흉내를 내다,중급
4,흐름,0,명사,강물의 흐름,중급
4,흑백,0,명사,흑백의 대비,중급
4,흔들리다,0,동사,비행기가 흔들리다,중급
4,흔적,0,명사,흔적을 남기다,중급
4,흔하다,0,형용사,흔한 이름,중급
4,흔히,0,부사,흔히 듣다,중급
4,흘러나오다,0,동사,폐수가 흘러나오다,중급
4,흘러내리다,0,동사,빗물이 흘러내리다,중급
4,흙,0,명사,흙을 파다,중급
4,흡수,0,명사,땀 흡수,중급
4,흥미,0,명사,흥미가 생기다,중급
4,흥미롭다,0,형용사,이야기가 흥미롭다,중급
4,흥분,0,명사,흥분을 가라앉히다,중급
4,흩어지다,0,동사,사방으로 흩어지다,중급
4,힘껏,0,부사,힘껏 밀다,중급
4,힘쓰다,0,동사,학업에 힘쓰다,중급
4,힘없이,0,부사,힘없이 걷다,중급
4,힘차다,0,형용사,힘찬 목소리,중급
5,-가,4,접사,주택가,고급
5,-가,6,접사,최고가,고급
5,-경,1,접사,9시경,고급
5,-계,4,접사,교육계,고급
5,-과,0,접사,인사과,고급
5,-관,1,접사,경찰관,고급
5,-국,1,접사,사무국,고급
5,-국,2,접사,가입국,고급
5,-기,5,접사,방황기,고급
5,-께,0,접사,이달 말께,고급
5,-꼴,0,접사,한 명꼴,고급
5,-꾼,0,접사,소리꾼,고급
5,-끼리,0,접사,우리끼리,고급
5,-난,0,접사,경제난,고급
5,-네,2,접사,여인네,고급
5,-녀,0,접사,약혼녀,고급
5,-단,2,접사,무용단,고급
5,-로,1,접사,활주로,고급
5,-론,0,접사,경제론,고급
5,-류,2,접사,금속류,고급
5,-발,2,접사,뉴욕발 비행기,고급
5,-법,0,접사,요리법,고급
5,-부,2,접사,중심부,고급
5,-분,1,접사,추가분,고급
5,-산,0,접사,국내산,고급
5,-상,1,접사,사실상,고급
5,-석,0,접사,관람석,고급
5,-식,0,접사,현대식,고급
5,-실,0,접사,회의실,고급
5,-액,0,접사,수출액,고급
5,-어치,0,접사,값어치,고급
5,-업,0,접사,건설업,고급
5,-작,0,접사,대표작,고급
5,-장,3,접사,이사장,고급
5,-장,4,접사,단어장,고급
5,-장,8,접사,삼일장,고급
5,-전,2,접사,사진전,고급
5,-제,1,접사,관료제,고급
5,-제,3,접사,한국제,고급
5,-증,1,접사,가려움증,고급
5,-지,4,접사,포장지,고급
5,-지,5,접사,주간지,고급
5,-책,0,접사,해결책,고급
5,-체,0,접사,기업체,고급
5,-층,0,접사,중산층,고급
5,-하,0,접사,지도하,고급
5,-형,1,접사,계란형,고급
5,-호,0,접사,타이타닉호,고급
5,-화,3,접사,운동화,고급
5,-회,0,접사,환송회,고급
5,가,1,명사,강가,고급
5,가곡,0,명사,가곡을 듣다,고급
5,가공,1,명사,식품 가공,고급
5,가구,1,명사,가구 소득,고급
5,가급적,1,명사,가급적 빨리,고급
5,가급적,2,부사,가급적 빨리,고급
5,가느다랗다,0,형용사,손가락이 가느다랗다,고급
5,가닥,0,명사,가닥을 잡다,고급
5,가로수,0,명사,가로수를 심다,고급
5,가리다,1,동사,구름에 가리다,고급
5,가면,0,명사,가면을 쓰다,고급
5,가문,0,명사,가문의 영광,고급
5,가부장적01∙가부장적,2,관형사∙명사,가부장적 사고,고급
5,가사,1,명사,가사를 돌보다,고급
5,가속화,0,명사,성장 과속화,고급
5,가시,1,명사,가시를 빼다,고급
5,가시다,0,동사,피로가 가시다,고급
5,가야금,0,명사,가야금을 연주하다,고급
5,가옥,0,명사,전통 가옥,고급
5,가요계,0,명사,가요계에 종사하다,고급
5,가장자리,0,명사,가장자리에 놓다,고급
5,가중,0,명사,책임 가중,고급
5,가지런히,0,부사,가지런히 꽂다,고급
5,가창력,0,명사,가창력이 뛰어나다,고급
5,가축,0,명사,가축을 기르다,고급
5,가해자,0,명사,가해자를 처벌하다,고급
5,각광,0,명사,각광을 받다,고급
5,각지,0,명사,각지를 여행하다,고급
5,간간이,0,부사,간간이 나타나다,고급
5,간결하다,0,형용사,디자인이 간결하다,고급
5,간소하다,0,형용사,옷차림이 간소하다,고급
5,간절히,0,부사,간절히 바라다,고급
5,간접,0,명사,간접 광고,고급
5,간직,0,명사,사진을 간직하다,고급
5,갈다,2,동사,칼을 갈다,고급
5,갈대,0,명사,갈대처럼 흔들리다,고급
5,감격,0,명사,감격의 눈물,고급
5,감기다,2,동사,줄에 감기다,고급
5,감미롭다,0,형용사,음악이 감미롭다,고급
5,감사,3,명사,국정 감사,고급
5,감상,1,명사,감상에 젖다,고급
5,감상적01∙감상적,2,관형사∙명사,감상적 노래,고급
5,감성,0,명사,감성이 풍부하다,고급
5,감성적01∙감성적,2,관형사∙명사,감성적 사고,고급
5,감염,0,명사,세균 감염,고급
5,감정적01∙감정적,2,관형사∙명사,감정적 문제,고급
5,감탄,0,명사,감탄이 나오다,고급
5,감탄사,0,명사,감탄사가 나오다,고급
5,갑,1,명사,갑을 관계,고급
5,갑갑하다,0,형용사,마음이 갑갑하다,고급
5,값지다,0,형용사,값진 보석,고급
5,강국,0,명사,스포츠 강국,고급
5,강당,0,명사,강당에 모이다,고급
5,강대국,0,명사,강대국으로 발전하다,고급
5,강도,2,명사,강도가 세다,고급
5,강력,0,명사,강력 대처,고급
5,강력히,0,부사,강력히 주장하다,고급
5,강렬하다,0,형용사,빛이 강렬하다,고급
5,강산,1,명사,강산을 지키다,고급
5,강연,0,명사,강연을 하다,고급
5,강우량,0,명사,강우량이 많다,고급
5,강자,0,명사,강자를 물리치다,고급
5,강좌,0,명사,강좌를 개설하다,고급
5,강풍,0,명사,강풍이 불다,고급
5,강화,0,명사,국력 강화,고급
5,갖은,0,관형사,갖은 방법,고급
5,개강,0,명사,개강 파티,고급
5,개개인,0,명사,개개인의 능력,고급
5,개국,1,의존명사,10여 개국,고급
5,개막식,0,명사,월드컵 개막식,고급
5,개방적01∙개방적,2,관형사∙명사,개방적 사고,고급
5,개봉,0,명사,편지 개봉,고급
5,개설,0,명사,강좌 개설,고급
5,개수,0,명사,개수를 세다,고급
5,개업,0,명사,식당 개업,고급
5,개요,0,명사,개요를 작성하다,고급
5,개인주의,0,명사,개인주의 성향,고급
5,개장,0,명사,해수욕장 개장,고급
5,개조,1,명사,차량 개조,고급
5,개척,0,명사,황무지 개척,고급
5,개통,0,명사,도로 개통,고급
5,객석,0,명사,극장 객석,고급
5,객실,0,명사,객실을 예약하다,고급
5,거느리다,0,동사,백성을 거느리다,고급
5,거닐다,0,동사,거리를 거닐다,고급
5,거리,2,의존명사,이야깃거리,고급
5,거만,0,명사,거만을 떨다,고급
5,거부,2,명사,참가 거부,고급
5,거세다,0,형용사,바람이 거세다,고급
5,거액,0,명사,거액을 들이다,고급
5,거인,0,명사,거인같이 크다,고급
5,거주,0,명사,거주 구역,고급
5,거주자,0,명사,국내 거주자,고급
5,걱정거리,0,명사,걱정거리가 늘다,고급
5,건,0,명사,서류 네 건,고급
5,건,1,의존명사,서류 네 건,고급
5,건국,0,명사,조선의 건국,고급
5,건기,0,명사,건기와 우기,고급
5,건망증,0,명사,건망증에 걸리다,고급
5,건설업,0,명사,건설업에 종사하다,고급
5,건수,0,명사,사고 건수,고급
5,건의,0,명사,건의 사항,고급
5,건축가,0,명사,건축가가 되다,고급
5,건축물,0,명사,건축물을 세우다,고급
5,걷어차다,0,동사,발로 걷어차다,고급
5,걸음걸이,0,명사,걸음걸이가 느리다,고급
5,검,0,명사,검으로 베다,고급
5,검진,0,명사,건강 검진,고급
5,겁내다,0,동사,죽음을 겁내다,고급
5,겉보기,0,명사,겉보기와 다르다,고급
5,겨드랑이,0,명사,겨드랑이에 끼다,고급
5,겨를,0,의존명사,겨를이 없다,고급
5,격,1,명사,격이 높다,고급
5,격,2,의존명사,격이 높다,고급
5,격렬하다,0,형용사,싸움이 격렬하다,고급
5,격식,0,명사,격식을 갖추다,고급
5,결말,0,명사,결말이 나다,고급
5,결별,0,명사,연인과 결별하다,고급
5,결승전,0,명사,결승전을 치르다,고급
5,결실,0,명사,결실을 맺다,고급
5,결재,0,명사,결재 서류,고급
5,결정적01∙결정적,2,관형사∙명사,결정적 증거,고급
5,겸,0,의존명사,아침 겸 점심,고급
5,겸하다,0,동사,두 직업을 겸하다,고급
5,겹,0,명사,두 겹,고급
5,경과,0,명사,기한 경과,고급
5,경비,2,명사,경비 아저씨,고급
5,경솔하다,0,형용사,경솔한 말,고급
5,경영자,0,명사,최고 경영자,고급
5,경영학,0,명사,경영학을 전공하다,고급
5,경위,2,명사,경위를 조사하다,고급
5,경쟁률,0,명사,경쟁률이 높다,고급
5,경쟁적01∙경쟁적,2,관형사∙명사,경쟁적 관계,고급
5,경제학,0,명사,경제학을 전공하다,고급
5,경조사,0,명사,경조사에 참여하다,고급
5,경주,2,명사,자동차 경주,고급
5,경찰청,0,명사,지방 경찰청,고급
5,경쾌하다,0,형용사,기분이 경쾌하다,고급
5,경품,0,명사,경품에 당첨되다,고급
5,경험담,0,명사,경험담을 이야기하다,고급
5,경호,0,명사,대통령 경호,고급
5,계,0,명사,계 모임,고급
5,계급,0,명사,계급이 높다,고급
5,계발,0,명사,자기 계발,고급
5,계열,0,명사,사회 계열,고급
5,계획적01∙계획적,2,관형사∙명사,계획적 범행,고급
5,고,0,명사,고 3 학생,고급
5,고,2,관형사,고(故) 김수환,고급
5,고-,2,접사,고품질,고급
5,고가품,0,명사,고가품을 수집하다,고급
5,고개,2,명사,고개를 넘다,고급
5,고교생,0,명사,고교생 시절,고급
5,고구려,0,명사,고구려 시대,고급
5,고기압,0,명사,고기압과 저기압,고급
5,고단하다,0,형용사,몸이 고단하다,고급
5,고도,0,명사,고도로 발달하다,고급
5,고려,2,명사,고려 시대,고급
5,고르다,3,형용사,치아가 고르다,고급
5,고리,1,명사,방문 고리,고급
5,고발,0,명사,비리 고발,고급
5,고상하다,0,형용사,말투가 고상하다,고급
5,고생스럽다,0,형용사,생활이 고생스럽다,고급
5,고소,1,명사,고소를 제기하다,고급
5,고아,0,명사,고아로 자라다,고급
5,고아원,0,명사,고아원에서 자라다,고급
5,고온,0,명사,고온 다습,고급
5,고원,0,명사,고원 지대,고급
5,고이다,0,동사,물이 고이다,고급
5,고작,1,명사,고작 이 정도,고급
5,고작,2,부사,고작 이 정도,고급
5,고졸,0,명사,고졸 학력,고급
5,고지서,0,명사,세금 고지서,고급
5,고체,0,명사,고체 상태,고급
5,고학력,0,명사,고학력 실업자,고급
5,고혈압,0,명사,고혈압 환자,고급
5,곡물,0,명사,곡물을 수확하다,고급
5,곡선,0,명사,곡선을 그리다,고급
5,곤충,0,명사,곤충을 채집하다,고급
5,골동품,0,명사,골동품을 사다,고급
5,골치,0,명사,골치가 아프다,고급
5,곱슬머리,0,명사,곱슬머리를 펴다,고급
5,공,0,명사,공을 세우다,고급
5,공감대,0,명사,공감대를 형성하다,고급
5,공경,0,명사,노인 공경,고급
5,공고,2,명사,공고를 내다,고급
5,공고문,0,명사,공고문을 붙이다,고급
5,공공시설,0,명사,공공시설을 이용하다,고급
5,공교육,0,명사,공교육과 사교육,고급
5,공군,0,명사,공군에 입대하다,고급
5,공룡,0,명사,공룡 화석,고급
5,공문,0,명사,공문을 올리다,고급
5,공사장,0,명사,공사장에서 일하다,고급
5,공상,0,명사,공상에 빠지다,고급
5,공식적01∙공식적,2,관형사∙명사,공식적으로 발표하다,고급
5,공예,0,명사,도자기 공예,고급
5,공유,2,명사,정보 공유,고급
5,공익,1,명사,공익을 따르다,고급
5,공중,1,명사,공중 예절,고급
5,공중,2,명사,공중을 날다,고급
5,공통적01∙공통적,2,관형사∙명사,공통적 의견,고급
5,공평하다,0,형용사,공평한 세상,고급
5,공포감,0,명사,공포감을 느끼다,고급
5,공학,1,명사,첨단 공학,고급
5,과,1,명사,과 대표,고급
5,과감하다,0,형용사,과감한 행동,고급
5,과대평가,0,명사,과대평가를 받다,고급
5,과도하다,0,형용사,과도한 경쟁,고급
5,과반수,0,명사,과반수가 넘다,고급
5,과보호,0,명사,과보호를 받다,고급
5,과소평가,0,명사,과소평가를 받다,고급
5,과언,0,명사,과언이 아니다,고급
5,과음,0,명사,과음을 삼가다,고급
5,과정,2,명사,과정을 밟다,고급
5,과하다,1,형용사,욕심이 과하다,고급
5,관공서,0,명사,관공서에서 근무하다,고급
5,관대하다,2,형용사,마음이 관대하다,고급
5,관련짓다,0,동사,관련지어 말하다,고급
5,관습,0,명사,관습을 따르다,고급
5,관용,3,명사,관용을 베풀다,고급
5,관용어,0,명사,관용어 표현,고급
5,관중,0,명사,야구 관중,고급
5,관청,0,명사,관청에 취직하다,고급
5,관하다,0,동사,사랑에 관한 글,고급
5,관형사,0,명사,품사,고급
5,광장,0,명사,광장에 모이다,고급
5,괴물,0,명사,괴물이 나타나다,고급
5,교과,0,명사,교과 수업,고급
5,교도소,0,명사,교도소에 갇히다,고급
5,교무실,0,명사,교무실에 들어가다,고급
5,교원,0,명사,초등학교 교원,고급
5,교육부,0,명사,교육부 장관,고급
5,교육열,0,명사,교육열이 높다,고급
5,교육적01∙교육적,2,관형사∙명사,교육적 측면,고급
5,교제,0,명사,이성 교제,고급
5,교직,0,명사,교직에 종사하다,고급
5,교훈적01∙교훈적,2,관형사∙명사,교훈적 이야기,고급
5,구간,1,명사,통행 구간,고급
5,구겨지다,0,동사,옷이 구겨지다,고급
5,구경꾼,0,명사,구경꾼이 모여들다,고급
5,구급차,0,명사,구급차를 부르다,고급
5,구내식당,0,명사,구내식당을 이용하다,고급
5,구독,0,명사,신문 구독,고급
5,구두,2,명사,구두로 약속하다,고급
5,구두쇠,0,명사,지독한 구두쇠,고급
5,구르다,2,동사,발을 구르다,고급
5,구매자,0,명사,구매자 취향,고급
5,구박,0,명사,구박을 받다,고급
5,구비,2,명사,구비 서류,고급
5,구사,0,명사,외국어 구사,고급
5,구상,2,명사,작품 구상,고급
5,구석구석,0,명사,구석구석 닦다,고급
5,구성원,0,명사,사회 구성원,고급
5,구애,2,명사,구애를 받다,고급
5,구인,1,명사,구인 광고,고급
5,구직,0,명사,구직 광고,고급
5,구직난,0,명사,구직난을 겪다,고급
5,구직자,0,명사,구직자를 돕다,고급
5,구청,0,명사,구청 직원,고급
5,국도,0,명사,7번 국도,고급
5,국방부,0,명사,기관,고급
5,국세청,0,명사,기관,고급
5,국악,0,명사,국악 공연,고급
5,국익,0,명사,국익을 도모하다,고급
5,국토,0,명사,국토를 개발하다,고급
5,군,1,의존명사,김 철수 군,고급
5,군,2,대명사,김 철수 군,고급
5,군,3,명사,군에 입대하다,고급
5,군데군데,1,명사,군데군데 둘러보다,고급
5,군데군데,2,부사,군데군데 둘러보다,고급
5,굳히다,0,동사,시멘트를 굳히다,고급
5,굴뚝,0,명사,공장 굴뚝,고급
5,굴러가다,0,동사,바퀴가 굴러가다,고급
5,궁,2,명사,궁에 살다,고급
5,궁궐,0,명사,궁궐을 짓다,고급
5,궁금증,0,명사,궁금증을 해결하다,고급
5,궁중,0,명사,궁중 음식,고급
5,권위적01∙권위적,2,관형사∙명사,권위적 태도,고급
5,귓속말,0,명사,귓속말을 나누다,고급
5,그때그때,0,명사,그때그때 메모하다,고급
5,그때그때,0,부사,그때그때 메모하다,고급
5,그래야,0,줄어든말,그리하여야,고급
5,그리,2,부사,그리 알다,고급
5,그리다,1,동사,고향을 그리다,고급
5,그리하여,0,부사,,고급
5,그물,0,명사,그물에 걸리다,고급
5,극-,0,접사,극소수,고급
5,극단적01∙극단적,2,관형사∙명사,극단적 대립,고급
5,극심하다,0,형용사,피해가 극심하다,고급
5,근검절약,0,명사,,고급
5,근로,0,명사,근로 시간,고급
5,근사하다,0,형용사,옷차림이 근사하다,고급
5,근원,0,명사,만병의 근원,고급
5,근황,0,명사,근황을 묻다,고급
5,글쓴이,0,명사,글쓴이 생각,고급
5,금,1,명사,금이 가다,고급
5,금기,0,명사,금기를 깨다,고급
5,금리,0,명사,금리가 오르다,고급
5,금메달,0,명사,금메달을 따다,고급
5,금세,0,부사,금세 잠들다,고급
5,금속,0,명사,금속으로 만들다,고급
5,금전,0,명사,금전 거래,고급
5,급,2,명사,과장급,고급
5,급격하다,0,형용사,변화가 급격하다,고급
5,급상승,0,명사,물가 급상승,고급
5,급속도,0,명사,급속도로 번지다,고급
5,급식,0,명사,무료 급식,고급
5,급여,0,명사,급여를 지급하다,고급
5,기,1,명사,기가 죽다,고급
5,기,3,명사,제8기,고급
5,기,4,명사,기를 꽂다,고급
5,기관,0,명사,호흡 기관,고급
5,기구,2,명사,정부 기구,고급
5,기내,0,명사,기내 방송,고급
5,기대감,0,명사,기대감을 드러내다,고급
5,기름기,0,명사,기름기가 많다,고급
5,기름지다,0,형용사,음식이 기름지다,고급
5,기린,0,명사,동물,고급
5,기막히다,0,형용사,경치가 기막히다,고급
5,기말,0,명사,기말 결산,고급
5,기발하다,0,형용사,생각이 기발하다,고급
5,기부금,0,명사,기부금을 내다,고급
5,기상,1,명사,기상이 악화되다,고급
5,기상청,0,명사,기관,고급
5,기성세대,0,명사,기성세대를 따르다,고급
5,기세,0,명사,기세를 떨치다,고급
5,기압,0,명사,기압이 높다,고급
5,기와집,0,명사,기와집에 살다,고급
5,기원,1,명사,간절한 기원,고급
5,기원전,0,명사,기원전 1세기,고급
5,기원후,0,명사,기원후 1세기,고급
5,기일,2,명사,기일을 지키다,고급
5,기점,0,명사,기점을 떠나다,고급
5,기증,0,명사,장기 기증,고급
5,기체,1,명사,기체 연료,고급
5,기하다,0,동사,신중을 기하다,고급
5,기한,0,명사,기한을 넘기다,고급
5,기행문,0,명사,기행문을 쓰다,고급
5,기호,1,명사,발음 기호,고급
5,기호,2,명사,소비자 기호,고급
5,긴장감,0,명사,긴장감이 돌다,고급
5,김장,0,명사,김장을 담그다,고급
5,깃털,0,명사,깃털이 날리다,고급
5,까딱,0,부사,까딱 움직이다,고급
5,까치,0,명사,까치가 울다,고급
5,깜짝하다,1,동사,눈을 깜짝하다,고급
5,깡충깡충,0,부사,깡충깡충 뛰다,고급
5,꺼지다,2,동사,땅이 꺼지다,고급
5,꺾이다,0,동사,나뭇가지가 꺾이다,고급
5,껍데기,0,명사,달걀 껍데기,고급
5,꼬다,0,동사,다리를 꼬다,고급
5,꼬르륵,0,부사,꼬르륵 소리가 나다,고급
5,꼬마,0,명사,꼬마 손님,고급
5,꼬박,1,부사,밤을 꼬박 새다,고급
5,꼬박꼬박,0,부사,돈을 꼬박꼬박 내다,고급
5,꼭꼭,1,부사,꼭꼭 씹어 먹다,고급
5,꼴,1,명사,꼴도 보기 싫다,고급
5,꼴찌,0,명사,꼴찌가 되다,고급
5,꼼짝없이,0,부사,꼼짝없이 당하다,고급
5,꽁꽁,0,부사,꽁꽁 얼다,고급
5,꽃샘추위,0,명사,꽃샘추위가 물러가다,고급
5,꾸벅꾸벅,1,부사,꾸벅꾸벅 졸다,고급
5,꾸짖다,0,동사,잘못을 꾸짖다,고급
5,꿰매다,0,동사,옷을 꿰매다,고급
5,끄집어내다,0,동사,구석에서 끄집어내다,고급
5,끈기,0,명사,끈기가 덜하다,고급
5,끊이다,0,동사,손님이 끈이지 않다,고급
5,끌어내다,0,동사,밖으로 끌어내다,고급
5,끌어들이다,0,동사,안으로 끌어들이다,고급
5,끌어올리다,0,동사,수준을 끌어올리다,고급
5,끔찍하다,0,형용사,끔찍한 사건,고급
5,끝맺다,0,동사,일을 끝맺다,고급
5,끝장,0,명사,끝장에 이르다,고급
5,끼니,0,명사,끼니를 거르다,고급
5,나날이,0,부사,나날이 늘다,고급
5,나돌다,0,동사,밖으로 나돌다,고급
5,나들이,0,명사,나들이를 다녀오다,고급
5,나열,0,명사,순서대로 나열,고급
5,나침반,0,명사,나침반이 가리키다,고급
5,낙,0,명사,낙이 없다,고급
5,낙관,2,명사,낙관을 갖다,고급
5,낙관적01∙낙관적,2,관형사∙명사,낙관적 태도,고급
5,낙방,0,명사,시험 낙방,고급
5,낙서,0,명사,낙서를 지우다,고급
5,낙심,0,명사,낙심이 크다,고급
5,낙원,0,명사,지상 낙원,고급
5,낙제,0,명사,시험 낙제,고급
5,낙천적01∙낙천적,2,관형사∙명사,낙천적 기질,고급
5,낚다,0,동사,물고기를 낚다,고급
5,낚시터,0,명사,낚시터에서 낚시하다,고급
5,난,1,명사,광고를 싣는 난,고급
5,난간,0,명사,난간에 기대다,고급
5,난치병,0,명사,난치병을 고치다,고급
5,날로,1,부사,날로 번창하다,고급
5,날아들다,0,동사,새가 날아들다,고급
5,날아오르다,0,동사,새가 날아오르다,고급
5,남극,0,명사,북극과 남극,고급
5,남녀노소,0,명사,,고급
5,남다르다,0,형용사,재능이 남다르다,고급
5,남몰래,0,부사,남몰래 돕다,고급
5,남색,0,명사,색,고급
5,남아,0,명사,남아 선호,고급
5,남짓,0,의존명사,열 명 남짓,고급
5,남한,1,명사,남한과 북한,고급
5,남향,0,명사,남향으로 짓다,고급
5,납부,0,명사,세금 납부,고급
5,납작하다,0,형용사,코가 납작하다,고급
5,납치,0,명사,납치를 당하다,고급
5,낭독,0,명사,시 낭독,고급
5,낭만,0,명사,낭만을 느끼다,고급
5,낭만적01∙낭만적,2,관형사∙명사,낭만적 분위기,고급
5,낯,0,명사,낯이 익다,고급
5,낯익다,0,형용사,얼굴이 낯익다,고급
5,낱말,0,명사,낱말 풀이,고급
5,내기,0,명사,내기에 이기다,고급
5,내딛다,0,동사,걸음을 내딛다,고급
5,내리치다,0,동사,뒤통수를 내리치다,고급
5,내면,0,명사,인간의 내면,고급
5,내뱉다,0,동사,한숨을 내뱉다,고급
5,내보이다,2,동사,신분증을 내보이다,고급
5,내복,0,명사,겨울 내복,고급
5,내비게이션,0,명사,내비게이션을 이용하다,고급
5,내비치다,0,동사,햇살이 내비치다,고급
5,내쉬다,0,동사,한숨을 내쉬다,고급
5,내역,0,명사,지출 내역,고급
5,내오다,0,동사,물건을 내오다,고급
5,내용물,0,명사,내용물을 확인하다,고급
5,내지르다,0,동사,소리를 내지르다,고급
5,냉기,0,명사,냉기를 느끼다,고급
5,냉대,2,명사,냉대 기후,고급
5,너무하다,1,동사,정말 너무하다,고급
5,너무하다,2,형용사,정말 너무하다,고급
5,너비,0,명사,너비를 재다,고급
5,넉,0,관형사,넉 달,고급
5,널뛰기,0,명사,널뛰기를 하다,고급
5,네모나다,0,형용사,얼굴이 네모나다,고급
5,네트워크,0,명사,네트워크를 연결하다,고급
5,년생,0,의존명사,팔십년생,고급
5,노년,0,명사,노년에 접어들다,고급
5,노동력,0,명사,노동력이 부족하다,고급
5,노숙자,0,명사,노숙자 생활,고급
5,노예,0,명사,노예 제도,고급
5,노을,0,명사,노을이 지다,고급
5,노처녀,0,명사,노처녀 히스테리,고급
5,노총각,0,명사,노총각 아저씨,고급
5,노출,0,명사,정보 노출,고급
5,노화,0,명사,노화를 방지하다,고급
5,노후,2,명사,노후를 대비하다,고급
5,논,0,명사,논을 갈다,고급
5,논문,0,명사,논문을 쓰다,고급
5,논밭,0,명사,논밭에 심다,고급
5,논술,0,명사,논술 시험,고급
5,놈,1,의존명사,미운 놈,고급
5,놈,2,명사,미운 놈,고급
5,농가,0,명사,축산 농가,고급
5,농경,0,명사,농경 생활,고급
5,농도,0,명사,농도가 짙다,고급
5,농수산물,0,명사,농수산물을 판매하다,고급
5,농악,0,명사,농약을 울리다,고급
5,농작물,0,명사,농작물을 수확하다,고급
5,농장,0,명사,사과 농장,고급
5,농축산물,0,명사,농축산물 시장,고급
5,놓아주다,0,동사,물고기를 놓아주다,고급
5,누다,0,동사,오줌을 누다,고급
5,누렇다,0,형용사,이가 누렇다,고급
5,누리다,1,동사,행복을 누리다,고급
5,누전,0,명사,누전 사고,고급
5,눈높이,0,명사,눈높이까지 닿다,고급
5,눈발,0,명사,눈발이 날리다,고급
5,눈사태,0,명사,눈사태가 나다,고급
5,눈살,1,명사,눈살을 찌푸리다,고급
5,눈짓,0,명사,눈짓을 보내다,고급
5,눈치채다,0,동사,실수를 눈치채다,고급
5,눌리다,1,동사,짐에 눌리다,고급
5,뉘우치다,0,동사,잘못을 뉘우치다,고급
5,늑대,0,명사,동물,고급
5,늘어지다,0,동사,피부가 늘어지다,고급
5,능동적01∙능동적,2,관형사∙명사,능동적 참여,고급
5,능률,0,명사,능률이 오르다,고급
5,능숙하다,0,형용사,솜씨가 능숙하다,고급
5,다-,1,접사,다방면,고급
5,다급하다,0,형용사,상황이 다급하다,고급
5,다다르다,0,동사,정상에 다다르다,고급
5,다다익선,0,명사,,고급
5,다름없이,0,부사,평소와 다름없이,고급
5,다발,1,명사,장미 꽃 한 다발,고급
5,다방면,0,명사,다방면에서 활약하다,고급
5,다스리다,0,동사,나라를 다스리다,고급
5,다시다,0,동사,입맛을 다시다,고급
5,다양성,0,명사,다양성을 띠다,고급
5,다양화,0,명사,다양화를 추구하다,고급
5,다이빙,0,명사,다이빙 선수,고급
5,다이아몬드,0,명사,보석,고급
5,다큐멘터리,0,명사,다큐멘터리를 제작하다,고급
5,닥치다,1,동사,불행이 닥치다,고급
5,단,5,부사,,고급
5,단군,0,명사,단군 신화,고급
5,단기간,0,명사,단기간과 장기간,고급
5,단락,0,명사,단락을 짓다,고급
5,단말기,0,명사,단말기를 구입하다,고급
5,단백질,0,명사,단백질이 부족하다,고급
5,단일,0,명사,단일 국가,고급
5,단절,0,명사,대화 단절,고급
5,단정,0,명사,단정을 짓다,고급
5,단조롭다,0,형용사,생활이 단조롭다,고급
5,단축,0,명사,단축 수업,고급
5,단합,0,명사,국민 단합,고급
5,달다,3,동사,무게를 달다,고급
5,달리하다,0,동사,생각을 달리하다,고급
5,당구,0,명사,당구를 치다,고급
5,당국,2,명사,정부 당국,고급
5,당뇨병,0,명사,당뇨병에 걸리다,고급
5,당면,2,명사,당면 과제,고급
5,당부,0,명사,당부 말씀,고급
5,당선,0,명사,정치인 당선,고급
5,대,4,명사,대와 소,고급
5,대,6,명사,대를 잇다,고급
5,대,7,의존명사,대를 잇다,고급
5,대가족,0,명사,대가족을 이루다,고급
5,대견하다,0,형용사,자식이 대견하다,고급
5,대결,0,명사,대결을 벌이다,고급
5,대꾸,0,명사,대꾸를 피하다,고급
5,대나무,0,명사,대나무 숲,고급
5,대담,2,명사,대담을 나누다,고급
5,대대로,0,부사,자손 대대로,고급
5,대등,0,명사,대등 관계,고급
5,대략적01∙대략적,2,관형사∙명사,대략적으로 설명하다,고급
5,대륙,1,명사,아프리카 대륙,고급
5,대리점,0,명사,휴대폰 대리점,고급
5,대머리,0,명사,대머리 아저씨,고급
5,대명사,0,명사,명사와 대명사,고급
5,대보름,0,명사,정월 대보름,고급
5,대본,0,명사,드라마 대본,고급
5,대상,0,명사,대상을 받다,고급
5,대안,0,명사,대안을 세우다,고급
5,대여,0,명사,도서 대여,고급
5,대우,0,명사,차별 대우,고급
5,대인,2,명사,대인 관계,고급
5,대입,1,명사,대입 시험,고급
5,대장,1,명사,대장 노릇,고급
5,대조적01∙대조적,2,관형사∙명사,대조적 관점,고급
5,대졸,0,줄어든말,대졸 학력,고급
5,대중적01∙대중적,2,관형사∙명사,대중적 지지,고급
5,대중화,0,명사,문화의 대중화,고급
5,대체,0,명사,대체 왜 그래?,고급
5,대체,1,부사,대체 왜 그래?,고급
5,대추,0,명사,대추를 먹다,고급
5,대피,0,명사,대피 시설,고급
5,대형차,0,명사,대형차 수리,고급
5,댓글,0,명사,댓글을 달다,고급
5,더듬거리다,0,동사,말을 더듬거리다,고급
5,더없이,0,부사,더없이 만족하다,고급
5,덜하다,0,형용사,고생이 덜하다,고급
5,덧나다,0,동사,상처가 덧나다,고급
5,데모,0,명사,데모가 일어나다,고급
5,도,4,명사,도를 깨우치다,고급
5,도깨비,0,명사,도깨비 이야기,고급
5,도끼,0,명사,도끼로 찍다,고급
5,도달,0,명사,목표 도달,고급
5,도둑맞다,0,동사,물건을 도둑맞다,고급
5,도매,2,명사,도매로 팔다,고급
5,도박,0,명사,도박에 빠지다,고급
5,도보,0,명사,도보 여행,고급
5,도시화,0,명사,도시화가 이루어지다,고급
5,도우미,0,명사,가사 도우미,고급
5,도표,0,명사,도표를 그리다,고급
5,도피,0,명사,도피 생활,고급
5,독립적01∙ 독립적,2,관형사∙명사,독립적 존재,고급
5,독방,0,명사,독방을 쓰다,고급
5,독신,0,명사,독신 여성,고급
5,독창적01∙ 독창적,2,관형사∙명사,독창적 사고,고급
5,돋보이다,0,동사,실력이 돋보이다,고급
5,돋우다,0,동사,화를 돋우다,고급
5,돌이키다,0,동사,발걸음을 돌이키다,고급
5,동,4,의존명사,두 동짜리 아파트,고급
5,동감,0,명사,전적인 동감,고급
5,동거,0,명사,동거 생활,고급
5,동굴,0,명사,동굴로 들어가다,고급
5,동동,2,부사,발을 동동 구르다,고급
5,동문,1,명사,중학교 동문,고급
5,동반,0,명사,부부 동반,고급
5,동사,2,명사,동사와 형용사,고급
5,동상,2,명사,동상을 세우다,고급
5,동서양,0,명사,동서양 교류,고급
5,동식물,0,명사,희귀 동식물,고급
5,동원,0,명사,자금 동원,고급
5,동지,2,명사,동지를 만나다,고급
5,동행,0,명사,동행을 청하다,고급
5,동향,2,명사,동향 건물,고급
5,동화,1,명사,동화 작용,고급
5,되돌아보다,0,동사,뒤를 되돌아보다,고급
5,되묻다,0,동사,몇 번이고 되묻다,고급
5,두근거리다,0,동사,가슴이 두근거리다,고급
5,두꺼비,0,명사,동물,고급
5,두들기다,0,동사,망치를 두들기다,고급
5,두텁다,0,형용사,친분이 두텁다,고급
5,둔하다,0,형용사,머리가 둔하다,고급
5,뒤덮다,0,동사,눈이 산을 뒤덮다,고급
5,뒤엎다,0,동사,카드를 뒤엎다,고급
5,뒤집어쓰다,0,동사,모자를 뒤집어쓰다,고급
5,뒤집히다,0,동사,옷이 뒤집히다,고급
5,뒤처지다,0,동사,실력이 뒤처지다,고급
5,뒤척이다,0,동사,몸을 뒤척이다,고급
5,뒤풀이,0,명사,뒤풀이 장소,고급
5,뒤흔들다,0,동사,바람이 뒤흔들다,고급
5,뒷걸음,0,명사,뒷걸음을 치다,고급
5,뒷받침,0,명사,부모의 뒷받침,고급
5,들,1,명사,들에 나가다,고급
5,들락거리다,0,동사,화장실을 들락거리다,고급
5,들어앉다,0,동사,방 안에 들어앉다,고급
5,들여오다,0,동사,물건을 들여오다,고급
5,들이대다,2,동사,총을 들이대다,고급
5,들이밀다,0,동사,얼굴을 들이밀다,고급
5,들통,0,명사,들통이 나다,고급
5,들판,0,명사,넓은 들판,고급
5,듬뿍,0,부사,듬뿍 담다,고급
5,등교,0,명사,등교 시간,고급
5,등반,0,명사,설악산 등반,고급
5,등장인물,0,명사,등장인물 소개,고급
5,디디다,0,동사,잘못 디디다,고급
5,따갑다,0,형용사,따가운 햇볕,고급
5,따돌림,0,명사,따돌림을 당하다,고급
5,따라잡다,0,동사,앞 사람을 따라잡다,고급
5,따위,0,의존명사,"사과, 배, 복숭아 따위의 과일",고급
5,딱,2,부사,딱 그치다,고급
5,딸리다,1,동사,마당이 딸린 집,고급
5,때다,0,동사,방에 불을 때다,고급
5,때우다,0,동사,구멍을 때우다,고급
5,떠내려가다,0,동사,물 위에 떠내려가다,고급
5,떠돌다,0,동사,여기저기 떠돌다,고급
5,떠들썩하다,1,동사,동네가 떠들썩하다,고급
5,떠들썩하다,2,형용사,동네가 떠들썩하다,고급
5,떠맡다,0,동사,일을 떠맡다,고급
5,떡,2,부사,떡 벌어진 어깨,고급
5,떫다,0,형용사,감이 떫다,고급
5,떳떳하다,0,형용사,행동이 떳떳하다,고급
5,또래,0,명사,또래 친구,고급
5,또렷하다,0,형용사,기억이 또렷하다,고급
5,똑,0,부사,똑 닮다,고급
5,똑똑,0,부사,똑똑 두드리다,고급
5,뚜렷이,0,부사,뚜렷이 구별되다,고급
5,뚝,2,부사,울음을 뚝 그치다,고급
5,뚝뚝,1,부사,뚝뚝 떨어지다,고급
5,뛰어오다,0,동사,학교로 뛰어오다,고급
5,뛰쳐나가다,0,동사,밖으로 뛰쳐나가다,고급
5,뛰쳐나오다,0,동사,복도로 뛰쳐나오다,고급
5,뜨다,3,동사,자리에서 뜨다,고급
5,뜯어보다,0,동사,포장을 뜯어보다,고급
5,뜸하다,0,형용사,소식이 뜸하다,고급
5,띄우다,2,동사,물에 띄우다,고급
5,라일락,0,명사,라일락 향기,고급
5,라켓,0,명사,테니스 라켓,고급
5,란,0,명사,독자란,고급
5,레슬링,0,명사,레슬링 경기,고급
5,레저,0,명사,레저 스포츠,고급
5,리더십,0,명사,리더십을 발휘하다,고급
5,리포터,0,명사,리포터로 활동하다,고급
5,마감,0,명사,마감 뉴스,고급
5,마비,0,명사,심장 마비,고급
5,마일리지,0,명사,마일리지 적립,고급
5,마저,0,부사,마저 먹다,고급
5,마케팅,0,명사,마케팅 전략,고급
5,막,3,명사,막을 열다,고급
5,막,4,의존명사,막을 열다,고급
5,막막하다,2,형용사,앞길이 막막하다,고급
5,만병,0,명사,만병의 원인,고급
5,만족도,0,명사,고객 만족도,고급
5,맏이,0,명사,맏이로 태어나다,고급
5,말끝,0,명사,말끝을 맺다,고급
5,말재주,0,명사,말재주가 있다,고급
5,맞대다,0,동사,얼굴을 맞대다,고급
5,맞들다,0,동사,짐을 맞들다,고급
5,맞히다,2,동사,비를 맞히다,고급
5,매,3,관형사,매 순간,고급
5,매끄럽다,0,형용사,피부가 매끄럽다,고급
5,매다,2,동사,김을 매다,고급
5,매력적01∙ 매력적,2,관형사∙명사,매력적 인상,고급
5,매매,0,명사,부동산 매매,고급
5,매사,1,명사,매사 성실하다,고급
5,매사,2,부사,매사 성실하다,고급
5,매섭다,0,형용사,눈초리가 매섭다,고급
5,매연,0,명사,매연을 배출하다,고급
5,매입,0,명사,부동산 매입,고급
5,매출,0,명사,매출이 늘다,고급
5,매콤하다,0,형용사,맛이 매콤하다,고급
5,맨손,0,명사,맨손으로 만지다,고급
5,맹세,0,명사,맹세를 지키다,고급
5,머리기사,0,명사,머리기사로 다루다,고급
5,머지않다,0,형용사,승리가 머지 않다,고급
5,먹음직스럽다,0,형용사,음식이 먹음직스럽다,고급
5,멍청하다,0,형용사,행동이 멍청하다,고급
5,멍하니,0,부사,멍하니 바라보다,고급
5,멍하다,0,형용사,정신이 멍하다,고급
5,메다,0,동사,목이 메다,고급
5,메마르다,0,형용사,메마른 땅,고급
5,멜로,0,명사,멜로 영화,고급
5,면,3,명사,면 티셔츠,고급
5,면,4,명사,면 음식,고급
5,면도기,0,명사,면도기로 수염을 깎다,고급
5,면세점,0,명사,공항 면세점,고급
5,면접시험,0,명사,면접시험을 보다,고급
5,면제,0,명사,병역 면제,고급
5,멸망,0,명사,지구 멸망,고급
5,멸종,0,명사,공룡의 멸종,고급
5,명랑,0,명사,명랑 소설,고급
5,명백히,0,부사,명백히 밝히다,고급
5,명사,2,명사,명사와 동사,고급
5,명상,0,명사,명상에 잠기다,고급
5,명성,0,명사,명성을 떨치다,고급
5,명소,0,명사,관광 명소,고급
5,명심,0,명사,명심을 하다,고급
5,명품,0,명사,명품 가방,고급
5,명확히,0,부사,명확히 밝히다,고급
5,모국어,0,명사,모국어 화자,고급
5,모금,1,의존명사,물 한 모금,고급
5,모발,0,명사,모발 이식,고급
5,모방,0,명사,모방 범죄,고급
5,모범생,0,명사,모범생으로 인정받다,고급
5,모음,0,명사,자음과 모음,고급
5,모조리,0,부사,모조리 사라지다,고급
5,모친,0,명사,부친과 모친,고급
5,모형,0,명사,건물 모형,고급
5,목격,0,명사,사고 목격,고급
5,목격자,0,명사,사고 목격자,고급
5,목돈,0,명사,목돈을 마련하다,고급
5,목장,0,명사,목장의 소,고급
5,목재,0,명사,목재 선반,고급
5,목적어,0,명사,주어와 목적어,고급
5,몰두하다,0,동사,연구에 몰두하다,고급
5,몰아붙이다,0,동사,구석으로 몰아붙이다,고급
5,몰이,0,명사,소떼 몰이,고급
5,묘,0,명사,묘를 벌초하다,고급
5,무,3,명사,유무/일 승 이무,고급
5,무,4,의존명사,유무/일 승 이무,고급
5,무난하다,0,형용사,무난한 승리,고급
5,무너뜨리다,0,동사,성벽을 무너뜨리다,고급
5,무뚝뚝하다,0,형용사,무뚝뚝한 표정,고급
5,무분별,0,명사,무분별한 처방,고급
5,무상,2,명사,무상 급식,고급
5,무선,0,명사,무선 인터넷,고급
5,무소식,0,명사,무소식이 희소식,고급
5,무술,0,명사,무술 훈련,고급
5,무시무시하다,0,형용사,무시무시한 괴물,고급
5,무식,0,명사,무식이 드러나다,고급
5,무심코,0,부사,무심코 지나치다,고급
5,무응답,0,명사,무응답 비율,고급
5,무인,0,명사,무인 판매,고급
5,무인도,0,명사,무인도에서 탈출하다,고급
5,무효,0,명사,무효 처리,고급
5,묵다,1,동사,묵은 때,고급
5,문구,1,명사,광고 문구,고급
5,문단,1,명사,문단을 나누다,고급
5,문어,2,명사,문어와 구어,고급
5,문항,0,명사,평가 문항,고급
5,문형,0,명사,기본 문형,고급
5,문화생활,0,명사,문화생활을 즐기다,고급
5,문화유산,0,명사,전통 문화유산,고급
5,물량,0,명사,물량을 확보하다,고급
5,물려받다,0,동사,유산을 물려받다,고급
5,물려주다,0,동사,재산을 물려주다,고급
5,물리,0,명사,물리를 전공하다,고급
5,물리치다,0,동사,적군을 물리치다,고급
5,물방울,0,명사,물방울이 맺히다,고급
5,물품,0,명사,중고 물품,고급
5,뭉클하다,0,형용사,가슴이 뭉클하다,고급
5,미,1,명사,여백의 미,고급
5,미녀,0,명사,절세 미녀,고급
5,미모,0,명사,미모가 뛰어나다,고급
5,미생물,0,명사,미생물이 번식하다,고급
5,미아,0,명사,미아를 찾다,고급
5,미역,2,명사,미역 반찬,고급
5,미용,0,명사,피부 미용,고급
5,미적01∙ 미적,2,관형사∙명사,미적 감각,고급
5,민감하다,0,형용사,피부가 민감하다,고급
5,민박,0,명사,민박 시설,고급
5,민속,0,명사,민속 음악,고급
5,민요,0,명사,민요를 부르다,고급
5,믿음직스럽다,0,형용사,믿음직스러운 사람,고급
5,밀려오다,0,동사,파도가 밀려오다,고급
5,바깥일,0,명사,바깥일로 바쁘다,고급
5,바라다보다,0,동사,서로를 바라다보다,고급
5,바이러스,0,명사,바이러스에 감염되다,고급
5,바자회,0,명사,바자회를 열다,고급
5,박람회,0,명사,박람회가 열리다,고급
5,반듯하다,0,형용사,모양이 반듯하다,고급
5,반박,0,명사,반박의 글,고급
5,반반,0,명사,반반으로 나누다,고급
5,반쪽,0,명사,반쪽으로 나누다,고급
5,반하다,2,동사,규칙에 반하다,고급
5,반항,0,명사,사회에 대한 반항,고급
5,반환점,0,명사,반환점을 돌다,고급
5,받치다,0,동사,쟁반에 받치다,고급
5,발라드,0,명사,발라드를 듣다,고급
5,발명가,0,명사,발명가가 되다,고급
5,발명품,0,명사,발명품을 연구하다,고급
5,발신자,0,명사,발신자 번호,고급
5,발언,0,명사,발언을 듣다,고급
5,발전,2,명사,수력 발전,고급
5,발전소,0,명사,수력 발전소,고급
5,발짝,0,의존명사,한 발짝,고급
5,발표자,0,명사,발표자를 정하다,고급
5,발효,1,명사,법령 발효,고급
5,발효,2,명사,발효 식품,고급
5,발휘,0,명사,실력 발휘,고급
5,밤낮없이,0,부사,밤낮없이 일하다,고급
5,방망이,0,명사,방망이를 휘두르다,고급
5,방송인,0,명사,직업,고급
5,방수,0,명사,방수 기능,고급
5,방영,0,명사,드라마 방영,고급
5,방울,2,명사,방울을 매달다,고급
5,방음,0,명사,방음 장치,고급
5,방청객,0,명사,토론 방청객,고급
5,방황,0,명사,사춘기 방황,고급
5,밭,0,명사,논과 밭,고급
5,배기가스,0,명사,자동차 배기가스,고급
5,배열,0,명사,치아 배열,고급
5,배출,0,명사,가스 배출,고급
5,백과사전,0,명사,백과사전을 참고하다,고급
5,백성,0,명사,백성을 다스리다,고급
5,백제,0,명사,나라,고급
5,버럭,0,부사,버럭 화를 내다,고급
5,버릇없다,0,형용사,버릇없는 행동,고급
5,벅차다,0,형용사,생활이 벅차다,고급
5,번번이,0,부사,번번이 실수하다,고급
5,번지다,0,동사,잉크가 번지다,고급
5,벌겋다,0,형용사,벌건 김치,고급
5,범죄자,0,명사,범죄자를 처벌하다,고급
5,법규,0,명사,법규를 지키다,고급
5,법대,0,명사,법대에 진학하다,고급
5,법무부,0,명사,기관,고급
5,벚꽃,0,명사,벚꽃을 구경하다,고급
5,베끼다,0,동사,글씨를 베끼다,고급
5,베다,1,동사,베개를 베다,고급
5,베다,2,동사,나무를 베다,고급
5,베스트셀러,0,명사,이달의 베스트셀러,고급
5,벼락,0,명사,벼락에 맞다,고급
5,벽돌,0,명사,벽돌을 쌓다,고급
5,변기,0,명사,화장실 변기,고급
5,변신,0,명사,연기 변신,고급
5,변함없다,0,형용사,변함없는 맛,고급
5,변함없이,0,부사,변함없이 같다,고급
5,별것,0,명사,별것이 아니다,고급
5,별나다,0,형용사,성격이 별나다,고급
5,병명,0,명사,병명이 밝혀지다,고급
5,병아리,0,명사,병아리를 키우다,고급
5,보건소,0,명사,보건소 진료,고급
5,보글보글,0,부사,보글보글 끓다,고급
5,보상,2,명사,피해 보상,고급
5,보상금,2,명사,보상금을 타다,고급
5,보수,1,명사,보수 정당,고급
5,보수,3,명사,보수 공사,고급
5,보수적01∙ 보수적,2,관형사∙명사,보수적 태도,고급
5,보약,0,명사,보약을 먹다,고급
5,보육,0,명사,보육 교사,고급
5,보일러,0,명사,보일러를 틀다,고급
5,보자기,0,명사,보자기에 싸다,고급
5,보증,0,명사,품질 보증,고급
5,보증금,0,명사,전세 보증금,고급
5,보편적01∙ 보편적,2,관형사∙명사,보편적 현상,고급
5,보편화,0,명사,인터넷의 보편화,고급
5,보험료,0,명사,보험료를 내다,고급
5,복구,0,명사,피해 복구,고급
5,복권,2,명사,복권에 당첨되다,고급
5,복원,0,명사,문화재 복원,고급
5,복지,0,명사,노후 복지,고급
5,복학,0,명사,휴학과 복학,고급
5,복합,0,명사,복합 기능,고급
5,본,2,관형사,본 사건,고급
5,본격적01∙ 본격적,2,관형사∙명사,본격적 협상,고급
5,본국,0,명사,본국으로 돌아가다,고급
5,본뜨다,0,동사,디자인을 본뜨다,고급
5,본론,0,명사,본론을 쓰다,고급
5,본명,0,명사,본명을 밝히다,고급
5,본문,0,명사,본문 내용,고급
5,본받다,0,동사,정신을 본받다,고급
5,본사,0,명사,본사로 발령이 나다,고급
5,본선,0,명사,본선에 진출하다,고급
5,본질적01∙ 본질적,2,관형사∙명사,본질적 차이,고급
5,봉사자,0,명사,의료 봉사자,고급
5,부-,0,접사,부반장,고급
5,부과,0,명사,세금 부과,고급
5,부담감,0,명사,부담감을 느끼다,고급
5,부도덕,0,명사,부도덕 행위,고급
5,부릅뜨다,0,동사,눈을 부릅뜨다,고급
5,부사,0,명사,부사와 동사,고급
5,부시다,2,형용사,눈이 부시다,고급
5,부여,2,명사,가치 부여,고급
5,부유층,0,명사,부유층 자녀,고급
5,부유하다,2,형용사,집안이 부유하다,고급
5,부인,2,명사,사실 부인,고급
5,부쩍,0,부사,부쩍 늘다,고급
5,부채,2,명사,부채를 갚다,고급
5,부치다,1,동사,힘에 부치다,고급
5,부풀다,0,동사,빵이 부풀다,고급
5,부하,2,명사,부하 직원,고급
5,북,1,명사,북을 치다,고급
5,북극,0,명사,북극 지역,고급
5,북한,0,명사,북한 동포,고급
5,북향,0,명사,북향 집,고급
5,분,4,명사,분을 삭이다,고급
5,분리수거,0,명사,쓰레기 분리수거,고급
5,분주하다,2,형용사,분주한 아침,고급
5,불가사의,0,명사,,고급
5,불경기,0,명사,불경기를 극복하다,고급
5,불과하다,0,형용사,절반에 불과하다,고급
5,불길,0,명사,불길에 휩싸이다,고급
5,불길하다,0,형용사,불길한 느낌,고급
5,불꽃놀이,0,명사,불꽃놀이를 구경하다,고급
5,불량,0,명사,불량 청소년,고급
5,불량품,0,명사,불량품을 교환하다,고급
5,불러내다,0,동사,친구를 불러내다,고급
5,불러들이다,0,동사,집으로 불러들이다,고급
5,불리다,1,동사,이름이 불리다,고급
5,불면증,0,명사,불면증을 겪다,고급
5,불상,0,명사,불상에 절하다,고급
5,불성실,0,명사,태도가 불성실하다,고급
5,불신,0,명사,불신이 생기다,고급
5,불안감,0,명사,불안감을 느끼다,고급
5,불어나다,0,동사,인구가 불어나다,고급
5,불우,0,명사,불우 이웃,고급
5,불의,0,명사,불의에 맞서다,고급
5,불치병,0,명사,불치병에 걸리다,고급
5,불쾌지수,0,명사,불쾌지수가 높다,고급
5,불투명,0,명사,불투명 유리,고급
5,불행히,0,부사,불행히 살다,고급
5,붉은색,0,명사,색,고급
5,붉히다,0,동사,얼굴을 붉히다,고급
5,붓,0,명사,붓으로 그리다,고급
5,붕괴,0,명사,붕괴 위험,고급
5,붕대,0,명사,붕대를 감다,고급
5,브랜드,0,명사,유명 브랜드,고급
5,브레이크,0,명사,브레이크를 밟다,고급
5,블로그,0,명사,블로그에 올리다,고급
5,비관,0,명사,비관에 빠지다,고급
5,비관적01∙ 비관적,2,관형사∙명사,비관적 생각,고급
5,비둘기,0,명사,새,고급
5,비뚤어지다,0,동사,글씨가 비뚤어지다,고급
5,비례,0,명사,비례 관계,고급
5,비료,0,명사,비료를 뿌리다,고급
5,비리,0,명사,비리를 저지르다,고급
5,비상금,0,명사,비상금을 모으다,고급
5,비상약,0,명사,비상약을 준비하다,고급
5,비서,0,명사,비서로 일하다,고급
5,비유적01∙ 비유적,2,관형사∙명사,비유적 표현,고급
5,비좁다,0,형용사,방이 비좁다,고급
5,비평,0,명사,영화 비평,고급
5,빈도,0,명사,빈도가 높다,고급
5,빈둥거리다,0,동사,집에서 빈둥거리다,고급
5,빈번하다,0,형용사,고장이 빈번하다,고급
5,빈소,0,명사,빈소에 조문하다,고급
5,빈칸,0,명사,빈칸을 채우다,고급
5,빌다,2,동사,밥을 빌다,고급
5,빗나가다,0,동사,화살이 빗나가다,고급
5,빙수,0,명사,빙수를 먹다,고급
5,빙하,0,명사,빙하가 녹다,고급
5,빛내다,0,동사,나라를 빛내다,고급
5,빠듯하다,0,형용사,일정이 빠듯하다,고급
5,빼내다,0,동사,벽에서 못을 빼내다,고급
5,뺏기다,0,동사,가방을 뺏기다,고급
5,뻔하다,2,형용사,뻔한 거짓말,고급
5,뻘뻘,2,부사,땀을 뻘뻘 흘리다,고급
5,뽐내다,0,동사,실력을 뽐내다,고급
5,뾰족하다,0,형용사,뾰족한 바늘,고급
5,뿌듯하다,0,형용사,마음이 뿌듯하다,고급
5,뿔,1,명사,사슴 뿔,고급
5,사고,2,명사,사고 능력,고급
5,사교,2,명사,사교 모임,고급
5,사교육,0,명사,사교육 시장,고급
5,사교육비,0,명사,사교육비 부담,고급
5,사극,0,명사,사극을 보다,고급
5,사납다,0,형용사,성질이 사납다,고급
5,사무적01∙ 사무적,2,관형사∙명사,사무적인 말투,고급
5,사물놀이,0,명사,사물놀이 공연,고급
5,사복,0,명사,사복을 입다,고급
5,사상,2,명사,사상의 자유,고급
5,사슴,0,명사,동물,고급
5,사실상,1,명사,사실상 끝나다,고급
5,사실상,2,부사,사실상 끝나다,고급
5,사업체,0,명사,사업체 규모,고급
5,사원,0,명사,신입 사원,고급
5,사원,0,명사,이슬람 사원,고급
5,사유,0,명사,사유를 밝히다,고급
5,사은품,0,명사,사은품 증정,고급
5,사자성어,0,명사,사자성어를 외우다,고급
5,사지,1,명사,사지를 뻗다,고급
5,사치,0,명사,사치를 부리다,고급
5,사형,0,명사,사형을 선고하다,고급
5,사회,1,명사,결혼식의 사회,고급
5,삭막하다,0,형용사,삭막한 세상,고급
5,산골,0,명사,산골 마을,고급
5,산더미,0,명사,산더미처럼 쌓이다,고급
5,산사태,0,명사,산사태가 나다,고급
5,산성비,0,명사,산성비가 내리다,고급
5,산소,1,명사,조상의 산소,고급
5,산소,2,명사,산소를 마시다,고급
5,산업화,0,명사,산업화 시대,고급
5,살금살금,0,부사,살금살금 다가가다,고급
5,살며시,0,부사,살며시 웃다,고급
5,삼가다,0,동사,말을 삼가다,고급
5,삼삼오오,0,명사,,고급
5,상갓집,0,명사,상갓집에 가다,고급
5,상견례,0,명사,상견례 날짜,고급
5,상냥하다,0,형용사,상냥한 사람,고급
5,상당수,0,명사,상당수가 참석하다,고급
5,상류층,0,명사,상류층 모임,고급
5,상반신,0,명사,상반신과 하반신,고급
5,상부상조,0,명사,,고급
5,상실,0,명사,의욕 상실,고급
5,상업적01∙ 상업적,2,관형사∙명사,상업적 목적,고급
5,상여금,0,명사,상여금을 받다,고급
5,상영관,0,명사,영화 상영관,고급
5,상의,2,명사,가족들과 상의하다,고급
5,상차림,0,명사,명절 상차림,고급
5,상표,0,명사,유명 상표,고급
5,상품권,0,명사,백화점 상품권,고급
5,상향,0,명사,상향 이동,고급
5,새까맣다,0,형용사,새까만 눈동자,고급
5,새댁,0,명사,옆집 새댁,고급
5,새싹,0,명사,새싹이 돋다,고급
5,새콤하다,0,형용사,맛이 새콤하다,고급
5,새파랗다,0,형용사,새파란 하늘,고급
5,새하얗다,0,형용사,피부가 새하얗다,고급
5,색상,0,명사,선명한 색상,고급
5,샘,2,명사,샘을 파다,고급
5,샘물,0,명사,샘물을 마시다,고급
5,생,0,명사,생과 사,고급
5,생-,0,접사,생고기,고급
5,생동감,0,명사,생동감이 넘치다,고급
5,생명력,0,명사,생명력이 넘치다,고급
5,생명체,0,명사,외계 생명체,고급
5,생물,0,명사,동식물,고급
5,생산량,0,명사,쌀 생산량,고급
5,생수,0,명사,생수를 마시다,고급
5,생애,0,명사,생애를 마감하다,고급
5,생전,1,명사,생전 처음,고급
5,생전,2,부사,생전 처음,고급
5,생태계,0,명사,생태계를 보호하다,고급
5,생활화,0,명사,에너지 절약의 생활화,고급
5,서글프다,0,형용사,서글픈 마음,고급
5,서론,0,명사,서론과 본론,고급
5,서리다,0,동사,김이 서리다,고급
5,서먹하다,0,형용사,관계가 서먹하다,고급
5,서면,0,명사,서면으로 제출하다,고급
5,서민,0,명사,서민 사회,고급
5,서비스업,0,명사,서비스업에 종사하다,고급
5,서성이다,0,동사,주변을 서성이다,고급
5,서술,0,명사,서술 방식,고급
5,서술어,0,명사,주어와 서술어,고급
5,서양식,0,명사,서양식 건물,고급
5,서예,0,명사,서예 작품,고급
5,서재,0,명사,방,고급
5,서향,0,명사,서향 건물,고급
5,석,1,관형사,석 달,고급
5,석사,0,명사,석사 학위,고급
5,석탄,0,명사,석탄 연료,고급
5,선,1,명사,선을 보다,고급
5,선두,0,명사,선두 주자,고급
5,선명하다,0,형용사,선명한 사진,고급
5,선박,0,명사,선박을 제조하다,고급
5,선반,0,명사,선반에 올리다,고급
5,선발,2,명사,대표 선발,고급
5,선보이다,0,동사,작품을 선보이다,고급
5,선불,0,명사,선불 요금,고급
5,선언,0,명사,금연 선언,고급
5,선의,0,명사,선의와 악의,고급
5,선입견,0,명사,선입견을 가지다,고급
5,선착순,0,명사,선착순으로 모집하다,고급
5,선천적01∙ 선천적,2,관형사∙명사,선천적 재능,고급
5,선하다,1,형용사,눈에 선하다,고급
5,선행,2,명사,선행을 베풀다,고급
5,선호도,0,명사,고객 선호도,고급
5,선후배,0,명사,학교 선후배,고급
5,설,3,명사,설을 증명하다,고급
5,설계,0,명사,건물의 설계,고급
5,설득력,0,명사,설득력 있는 주장,고급
5,설명문,0,명사,설명문을 읽다,고급
5,설사,2,부사,설사 그렇다 해도,고급
5,설치다,2,동사,잠을 설치다,고급
5,섬기다,0,동사,부모를 섬기다,고급
5,섬세하다,0,형용사,섬세한 무늬,고급
5,섭취,0,명사,수분 섭취,고급
5,성,3,명사,성별,고급
5,성경,0,명사,성경을 읽다,고급
5,성금,0,명사,성금을 내다,고급
5,성급하다,0,형용사,성급한 행동,고급
5,성냥,0,명사,성냥이 타다,고급
5,성년,0,명사,성년의 날,고급
5,성능,0,명사,성능이 뛰어나다,고급
5,성대하다,0,형용사,성대한 결혼식,고급
5,성묘,0,명사,추석 성묘,고급
5,성분,0,명사,성분을 분석하다,고급
5,성수기,0,명사,휴가철 성수기,고급
5,성실성,0,명사,성실성이 부족하다,고급
5,성실히,0,부사,성실히 일하다,고급
5,성의,0,명사,성의가 담긴 선물,고급
5,성인,2,명사,성인을 본받다,고급
5,성인병,0,명사,성인병을 치료하다,고급
5,성적01∙ 성적,2,관형사∙명사,성적 매력,고급
5,성직자,0,명사,성직자가 되다,고급
5,성취,0,명사,소원 성취,고급
5,성향,0,명사,정치적 성향,고급
5,성형,0,명사,성형 수술,고급
5,성형외과,0,명사,병원,고급
5,세계관,0,명사,세계관이 뚜렷하다,고급
5,세균,0,명사,세균 검출,고급
5,세다,1,동사,머리가 세다,고급
5,세면도구,0,명사,세면도구를 챙기다,고급
5,세부,0,명사,세부 항목,고급
5,세제,2,명사,세제를 개편하다,고급
5,세차다,0,형용사,세찬 불길,고급
5,소개서,0,명사,소개서를 쓰다,고급
5,소란,0,명사,소란을 피우다,고급
5,소름,0,명사,소름이 돋다,고급
5,소매,2,명사,소매로 팔다,고급
5,소모,0,명사,연료 소모,고급
5,소박하다,1,형용사,소박한 꿈,고급
5,소비량,0,명사,소비량이 늘다,고급
5,소속,0,명사,소속을 밝히다,고급
5,소송,0,명사,소송을 걸다,고급
5,소식,1,명사,소식으로 장수하다,고급
5,소심하다,0,형용사,소심한 성격,고급
5,소외감,0,명사,소외감을 느끼다,고급
5,소유자,0,명사,건물 소유자,고급
5,소인,1,명사,소인과 대인,고급
5,소장,3,명사,소장 작품,고급
5,소재,1,명사,서울 소재,고급
5,소질,0,명사,소질을 계발하다,고급
5,소통,0,명사,소통이 원활하다,고급
5,소품,0,명사,소품을 활용하다,고급
5,소형차,0,명사,소형차를 타다,고급
5,소홀히,0,부사,소홀히 대하다,고급
5,소화기,1,명사,소화기 질환,고급
5,속력,0,명사,속력을 내다,고급
5,속삭이다,0,동사,귀에 속삭이다,고급
5,속속,0,부사,속속 도착하다,고급
5,속어,0,명사,속어를 사용하다,고급
5,손꼽다,0,동사,날짜를 손꼽다,고급
5,손꼽히다,0,동사,세계에서 손꼽히다,고급
5,손상,0,명사,손상을 입다,고급
5,손실,0,명사,경제적 손실,고급
5,손짓,0,명사,손짓을 보내다,고급
5,솔로,0,명사,솔로 연주,고급
5,솜,0,명사,화장 솜,고급
5,솟구치다,0,동사,물이 솟구치다,고급
5,솟아오르다,0,동사,연기가 솟아오르다,고급
5,송금,0,명사,송금 내역,고급
5,송년,0,명사,송년 모임,고급
5,수-,2,접사,수백만,고급
5,수강,0,명사,수강 신청,고급
5,수당,0,명사,수당을 받다,고급
5,수동,1,명사,수동으로 움직이다,고급
5,수록,0,명사,잡지 수록,고급
5,수료,0,명사,훈련 수료,고급
5,수면,1,명사,수면에 비치다,고급
5,수사,2,명사,명사와 수사,고급
5,수산,0,명사,수산 식품,고급
5,수산물,0,명사,수산물 시장,고급
5,수상,2,명사,수상 소감,고급
5,수석,2,명사,수석 졸업,고급
5,수수하다,0,형용사,옷차림이 수수하다,고급
5,수신자,0,명사,수신자와 발신자,고급
5,수염,0,명사,수염이 길다,고급
5,수익,0,명사,수익을 올리다,고급
5,수익금,0,명사,수익금을 창출하다,고급
5,수줍음,0,명사,수줍음을 타다,고급
5,수증기,0,명사,수중기가 피어오르다,고급
5,수직,0,명사,수직으로 추락하다,고급
5,수질,0,명사,수질을 개선하다,고급
5,수집,1,명사,재활용품 수집,고급
5,수치,2,명사,통계 수치,고급
5,수칙,0,명사,수칙을 지키다,고급
5,수필,0,명사,수필을 쓰다,고급
5,수학,1,명사,수학 목적,고급
5,수학여행,0,명사,수학여행을 떠나다,고급
5,수해,0,명사,수해 복구,고급
5,수험,0,명사,수험 자격,고급
5,수험생,0,명사,수험생이 합격하다,고급
5,수확,0,명사,수확의 계절,고급
5,숙면,0,명사,숙면을 취하다,고급
5,숙식,0,명사,숙식 제공,고급
5,순대,0,명사,순대를 먹다,고급
5,순수,0,명사,순수 예술,고급
5,순환,0,명사,혈액 순환,고급
5,스승,0,명사,스승의 은혜,고급
5,스탠드,0,명사,스탠드 불빛,고급
5,스터디,0,명사,스터디 모임,고급
5,스토리,0,명사,감동적인 스토리,고급
5,슬기롭다,0,형용사,슬기로운 사람,고급
5,슬슬,0,부사,슬슬 피하다,고급
5,습관적01∙습관적,2,관형사∙명사,습관적 행동,고급
5,습득,0,명사,언어 습득,고급
5,습득,0,명사,분실물 습득,고급
5,승,3,명사,첫 승,고급
5,승,4,의존명사,첫 승,고급
5,승강기,0,명사,승강기가 고장 나다,고급
5,승강장,0,명사,버스 승강장,고급
5,승부,0,명사,한판 승부,고급
5,승합차,0,명사,승합차를 운전하다,고급
5,시각,3,명사,시각 자료,고급
5,시각적01∙시각적,2,관형사∙명사,시각적 장치,고급
5,시간적01∙시간적,2,관형사∙명사,시간적 순서,고급
5,시급하다,0,형용사,대책이 시급하다,고급
5,시기,2,명사,시기를 놓치다,고급
5,시끌벅적하다,0,형용사,장터가 시끌벅적하다,고급
5,시나리오,0,명사,시나리오를 쓰다,고급
5,시냇물,0,명사,시냇물이 흐르다,고급
5,시리다,0,형용사,이가 시리다,고급
5,시립,0,명사,시립 도서관,고급
5,시범,0,명사,시범을 보이다,고급
5,시사,2,명사,시사 문제,고급
5,시사회,0,명사,시사회를 개최하다,고급
5,시상식,0,명사,시상식 소감,고급
5,시속,0,명사,시속 60킬로,고급
5,시시하다,0,형용사,영화가 시시하다,고급
5,시위,2,명사,집단 시위,고급
5,시청각,0,명사,시청각 교실,고급
5,시체,0,명사,시체가 부패되다,고급
5,시치미,0,명사,시치미를 떼다,고급
5,시커멓다,0,형용사,속이 시커멓다,고급
5,식,1,명사,식을 치르다,고급
5,식,2,의존명사,식을 치르다,고급
5,식상하다,0,동사,내용이 식상하다,고급
5,식생활,0,명사,식생활 문화,고급
5,식성,0,명사,식성이 좋다,고급
5,식수,0,명사,식수를 공급하다,고급
5,식습관,0,명사,올바른 식습관,고급
5,신,3,명사,신을 믿다,고급
5,신경질,0,명사,신경질을 부리다,고급
5,신경통,0,명사,신경동 환자,고급
5,신곡,0,명사,신곡을 내다,고급
5,신규,0,명사,신규 회원,고급
5,신기록,0,명사,신기록을 세우다,고급
5,신도시,0,명사,신도시 개발,고급
5,신라,0,명사,신라를 건국하다,고급
5,신물,0,명사,신물이 나오다,고급
5,신바람,0,명사,신바람이 나다,고급
5,신속,0,명사,신속 배달,고급
5,신속히,0,부사,신속히 처리하다,고급
5,신약,0,명사,신약을 개발하다,고급
5,신임,2,명사,신임 감독,고급
5,신장,1,명사,국력 신장,고급
5,신장,3,명사,신장 수술,고급
5,신중히,0,부사,신중히 행동하다,고급
5,신형,0,명사,신형 모델,고급
5,실,4,의존명사,객실 일 실,고급
5,실망스럽다,0,형용사,결과가 실망스럽다,고급
5,실명,2,명사,실명을 밝히다,고급
5,실무,0,명사,실무 회담,고급
5,실물,0,명사,실물 사진,고급
5,실속,0,명사,실속을 차리다,고급
5,실시간,0,명사,실시간 방송,고급
5,실업계,0,명사,실업계 고등학교,고급
5,실업률,0,명사,실업률이 감소하다,고급
5,실업자,0,명사,실업자가 늘다,고급
5,실용,0,명사,실용 학문,고급
5,실용성,0,명사,실용성이 있다,고급
5,실재,0,명사,실재 인물,고급
5,실적,0,명사,실적을 올리다,고급
5,실직,0,명사,실직을 당하다,고급
5,실크,0,명사,실크 원단,고급
5,실태,0,명사,실태를 고발하다,고급
5,실행,0,명사,실행에 옮기다,고급
5,실화,0,명사,실화 소설,고급
5,심각성,0,명사,심각성을 깨닫다,고급
5,심사숙고,0,명사,,고급
5,심술궂다,0,형용사,인상이 심술궂다,고급
5,심신,0,명사,심신이 지치다,고급
5,심야,0,명사,심야 영업,고급
5,십자가,0,명사,십자가 모양,고급
5,십중팔구,0,명사,,고급
5,싸다,0,형용사,입이 싸다,고급
5,싹,1,명사,싹이 나다,고급
5,쌍꺼풀,0,명사,쌍꺼풀이 지다,고급
5,썰매,0,명사,썰매를 끌다,고급
5,썰물,0,명사,썰물이 빠지다,고급
5,쏘아보다,0,동사,상대를 쏘아보다,고급
5,쏙,0,부사,쏙 들어가다,고급
5,쏜살같이,0,부사,쏜살같이 달려가다,고급
5,쑤시다,2,동사,콧구멍을 쑤시다,고급
5,쓰러뜨리다,0,동사,상대방을 쓰러뜨리다,고급
5,쓰리다,0,형용사,상처가 쓰리다,고급
5,쓸모,0,명사,쓸모가 없다,고급
5,씀씀이,0,명사,씀씀이가 크다,고급
5,씩씩거리다,0,동사,숨을 씩씩거리다,고급
5,아기자기하다,0,형용사,아기자기한 방,고급
5,아열대,0,명사,아열대 기후,고급
5,아이디,0,명사,아이디와 비밀번호,고급
5,아장아장,0,부사,아장아장 걷다,고급
5,아흐레,0,명사,아흐레 동안,고급
5,악,3,명사,악의 무리,고급
5,악마,0,명사,악마와 천사,고급
5,악순환,0,명사,악순환이 계속되다,고급
5,악영향,0,명사,악영향을 미치다,고급
5,악용,0,명사,악용의 소지,고급
5,악의,0,명사,악의를 품다,고급
5,안,3,명사,안이 채택되다,고급
5,안도,0,명사,안도를 느끼다,고급
5,안성맞춤,0,명사,,고급
5,안전벨트,0,명사,안전벨트를 매다,고급
5,안정감,0,명사,안정감을 느끼다,고급
5,안정적01∙안정적,2,관형사∙명사,안정적 운영,고급
5,알뜰,0,명사,알뜰 주부,고급
5,알몸,0,명사,알몸 시위,고급
5,알아차리다,0,동사,사실을 알아차리다,고급
5,알칼리성,0,명사,알칼리성 비누,고급
5,암벽,0,명사,암벽을 타다,고급
5,앞지르다,0,동사,앞지르는 사람,고급
5,애교,0,명사,애교를 떨다,고급
5,애국,0,명사,애국 운동,고급
5,애니메이션,0,명사,애니메이션을 보다,고급
5,애매하다,2,형용사,애매한 태도,고급
5,애완,0,명사,애완으로 기르다,고급
5,애완견,0,명사,애완견을 기르다,고급
5,애용,0,명사,국산품 애용,고급
5,애칭,0,명사,애칭을 부르다,고급
5,애타다,0,동사,애타는 심정,고급
5,액체,0,명사,액체 상태,고급
5,야단치다,0,동사,아이를 야단치다,고급
5,야무지다,0,형용사,야무진 성격,고급
5,야생,0,명사,야생 동물,고급
5,야영,0,명사,야영 훈련,고급
5,야유회,0,명사,야유회를 즐기다,고급
5,약자,1,명사,약자를 보호하다,고급
5,약화,0,명사,세력 약화,고급
5,약효,0,명사,약효가 나타나다,고급
5,얄밉다,0,형용사,얄미운 사람,고급
5,양,7,의존명사,이영희 양,고급
5,양가,0,명사,양가 부모님,고급
5,양로원,0,명사,양로원을 방문하다,고급
5,양반,0,명사,양반 계층,고급
5,양손,0,명사,양손을 잡다,고급
5,양식,1,명사,양식을 갖추다,고급
5,양육,0,명사,자녀 양육,고급
5,양초,0,명사,양초를 켜다,고급
5,양치,0,명사,불소 양치,고급
5,양해,0,명사,양해를 구하다,고급
5,어간,0,명사,어간을 밝히다,고급
5,어둑어둑하다,0,형용사,어둑어둑한 밤,고급
5,어루만지다,0,동사,볼을 어루만지다,고급
5,어린이집,0,명사,어린이집에 가다,고급
5,어미,1,명사,어미 노릇,고급
5,어미,2,명사,어미가 불규칙하다,고급
5,어순,0,명사,어순 배열,고급
5,어업,0,명사,어업의 중심지,고급
5,어우러지다,0,동사,함께 어우러지다,고급
5,어원,0,명사,단어의 어원,고급
5,어이없다,0,형용사,어이없는 표정,고급
5,어지르다,0,동사,어지르는 습관,고급
5,어찌,0,부사,,고급
5,어학,0,명사,어학 분야,고급
5,억누르다,0,동사,감정을 억누르다,고급
5,억제,0,명사,감정 억제,고급
5,언론인,0,명사,언론인 출신,고급
5,언짢다,0,형용사,기분이 언짢다,고급
5,얹히다,0,동사,책이 얹히다,고급
5,얼어붙다,0,동사,얼어붙은 강,고급
5,얽히다,0,동사,실이 얽히다,고급
5,엄격히,0,부사,엄격히 규제하다,고급
5,엄살,0,명사,엄살을 부리다,고급
5,엄지손가락,0,명사,엄지손가락을 들다,고급
5,엄청,0,부사,엄청 크다,고급
5,엄하다,0,형용사,규칙이 엄하다,고급
5,엉엉,0,부사,엉엉 울다,고급
5,에어로빅,0,명사,에어로빅 동작,고급
5,여드레,0,명사,여드레가 되다,고급
5,여러모로,0,부사,여러모로 기쁘다,고급
5,여론,0,명사,여론 조사,고급
5,여사,0,명사,김 여사,고급
5,여우,1,명사,여우의 꼬리,고급
5,여전하다,0,형용사,여전한 성격,고급
5,여정,2,명사,여정을 마치다,고급
5,여태,0,부사,여태 자다,고급
5,역,1,명사,역을 맡다,고급
5,엮이다,0,동사,책이 엮이다,고급
5,연,3,명사,연을 날리다,고급
5,연금,1,명사,연금 혜택,고급
5,연날리기,0,명사,연날리기를 즐기다,고급
5,연대,2,명사,연대 책임,고급
5,연령층,0,명사,다양한 연령층,고급
5,연말연시,0,명사,연말연시 행사,고급
5,연상,2,명사,연상 작용,고급
5,연수,0,명사,사법 연수,고급
5,연예,0,명사,연예 소식,고급
5,연일,1,명사,연일 계속되다,고급
5,연일,2,부사,연일 계속되다,고급
5,연주자,0,명사,피아노 연주자,고급
5,연중,0,명사,연중 강우량,고급
5,연평균,0,명사,연평균 기온,고급
5,연하,0,명사,연하의 남자,고급
5,열,3,명사,열과 행,고급
5,열대,0,명사,열대 지방,고급
5,열대야,0,명사,열대야 현상,고급
5,열등감,0,명사,열등감을 느끼다,고급
5,열람실,0,명사,도서관 열람실,고급
5,열량,0,명사,열량 섭취,고급
5,열렬하다,0,형용사,열렬한 팬,고급
5,열성,0,명사,열성 팬,고급
5,열의,0,명사,열의를 보이다,고급
5,염소,1,명사,염소를 몰다,고급
5,엿새,0,명사,엿새가 지나다,고급
5,영양가,0,명사,영양가가 풍부하다,고급
5,영양소,0,명사,영양소를 보존하다,고급
5,영화제,0,명사,영화제가 개막되다,고급
5,옆구리,0,명사,옆구리가 아프다,고급
5,예년,0,명사,예년 수준,고급
5,예능,0,명사,예능 프로그램,고급
5,예문,0,명사,예문을 만들다,고급
5,예물,0,명사,예물 시계,고급
5,예민하다,0,형용사,성격이 예민하다,고급
5,예술품,0,명사,예술품을 감상하다,고급
5,예시,1,명사,예시를 들다,고급
5,예언,0,명사,예언이 적중하다,고급
5,예외적01∙예외적,2,관형사∙명사,예외적 현상,고급
5,예전,0,명사,예전 모습,고급
5,예정일,0,명사,예정일이 임박하다,고급
5,옛말,0,명사,옛말 그대로,고급
5,오누이,0,명사,오누이 사이,고급
5,오디오,0,명사,오디오를 끄다,고급
5,오래가다,0,동사,감기가 오래가다,고급
5,오류,0,명사,오류를 범하다,고급
5,오름세,0,명사,오름세가 지속되다,고급
5,오리다,0,동사,색종이를 오리다,고급
5,오만,0,명사,오만이 느껴지다,고급
5,오줌,0,명사,오줌을 싸다,고급
5,오케스트라,0,명사,오케스트라 공연,고급
5,온난화,0,명사,지구 온난화,고급
5,온대,0,명사,온대 기후,고급
5,온돌,0,명사,온돌 침대,고급
5,온수,0,명사,온수가 나오다,고급
5,온전히,0,부사,온전히 보관하다,고급
5,온화하다,0,형용사,온화한 겨울,고급
5,옷감,0,명사,고급 옷감,고급
5,완곡하다,0,형용사,완곡한 표현,고급
5,완공,0,명사,완공 예정,고급
5,완료,0,명사,준비 완료,고급
5,완성도,0,명사,완성도가 높다,고급
5,완치,0,명사,난치병 완치,고급
5,완쾌,0,명사,완쾌를 빌다,고급
5,왕따,0,명사,왕따를 당하다,고급
5,왕래,0,명사,왕래가 잦다,고급
5,왕자,1,명사,왕자가 태어나다,고급
5,외동딸,0,명사,외동딸을 기르다,고급
5,외동아들,0,명사,외동아들을 기르다,고급
5,외래,0,명사,외래 문물,고급
5,외래어,0,명사,외래어를 쓰다,고급
5,외무,0,명사,외무 장관,고급
5,외식비,0,명사,외식비가 많다,고급
5,외양,0,명사,외양이 아름답다,고급
5,외향적01∙외향적,2,관형사∙명사,외향적 성격,고급
5,외화,1,명사,외화 송금,고급
5,요령,0,명사,요령이 생기다,고급
5,요원,0,명사,비밀 요원,고급
5,욕구,0,명사,욕구 충족,고급
5,욕설,0,명사,욕설을 뱉다,고급
5,용기,2,명사,용기에 담다,고급
5,용량,0,명사,용량이 크다,고급
5,용지,0,명사,복사 용지,고급
5,우기,0,명사,사막의 우기,고급
5,우대,0,명사,우대 조건,고급
5,우두커니,0,부사,우두커니 서다,고급
5,우량,0,명사,우량 품종,고급
5,우르르,0,부사,우르르 몰려가다,고급
5,우선시,0,명사,능력을 우선시하다,고급
5,우수성,0,명사,우수성이 돋보이다,고급
5,우울증,0,명사,우울증을 앓다,고급
5,우유부단,0,명사,,고급
5,운명적01∙운명적,2,관형사∙명사,운명적인 만남,고급
5,운송,0,명사,운송이 빠르다,고급
5,운수업,0,명사,운수업이 발달하다,고급
5,운전자,0,명사,음주 운전자,고급
5,울타리,0,명사,울타리를 치다,고급
5,원망,0,명사,원망이 쌓이다,고급
5,원본,0,명사,원본 서류,고급
5,원산지,0,명사,원산지를 밝히다,고급
5,원수,3,명사,원수를 갚다,고급
5,원유,0,명사,원유를 수입하다,고급
5,원자력,0,명사,원자력 발전,고급
5,원작,0,명사,원작 소설,고급
5,원장,1,명사,병원 원장,고급
5,원형,2,명사,원형 탁자,고급
5,원화,0,명사,원화로 환전하다,고급
5,위,4,명사,위가 쓰리다,고급
5,위급하다,0,형용사,위급한 상황,고급
5,위법,0,명사,위법 행위,고급
5,위생,0,명사,위생 관리,고급
5,위염,0,명사,위염에 걸리다,고급
5,위주,0,명사,입시 위주,고급
5,유기농,0,명사,유기농 식물,고급
5,유래,0,명사,유래가 깊다,고급
5,유망,0,명사,유망 직종,고급
5,유사,2,명사,유사 제품,고급
5,유심히,0,부사,유심히 살피다,고급
5,유아,1,명사,유아 시절,고급
5,유연하다,1,형용사,몸이 유연하다,고급
5,유용,1,명사,유용 정보,고급
5,유의,0,명사,유의 사항,고급
5,유익,0,명사,유익한 이야기,고급
5,유전자,0,명사,유전자를 조작하다,고급
5,유출,0,명사,원유 유출,고급
5,유해,0,명사,유해 물질,고급
5,유효,0,명사,유효 기간,고급
5,육류,0,명사,육류를 섭취하다,고급
5,육상,0,명사,육상 경기,고급
5,육식,0,명사,육식을 금하다,고급
5,육아,0,명사,육아 문제,고급
5,윤,0,명사,윤이 나다,고급
5,윤리,0,명사,윤리 의식,고급
5,으레,0,부사,,고급
5,으르다,0,동사,으르는 말투,고급
5,은퇴,0,명사,은퇴 발표,고급
5,읊다,0,동사,시를 읊다,고급
5,음,0,명사,소리,고급
5,음질,0,명사,깨끗한 음질,고급
5,음치,0,명사,음치 클리닉,고급
5,응급,0,명사,응급 치료,고급
5,응급조치,0,명사,응급조치를 취하다,고급
5,응답자,0,명사,설문 응답자,고급
5,응모,0,명사,응모 기간,고급
5,응용,0,명사,응용 학문,고급
5,응하다,0,동사,협상에 응하다,고급
5,의과,0,명사,의과 대학,고급
5,의대,0,명사,의대에 진학하다,고급
5,의료,0,명사,의료 행위,고급
5,의사소통,0,명사,의사소통 능력,고급
5,의성어,0,명사,언어,고급
5,의식주,0,명사,의식주 문제,고급
5,의약품,0,명사,의약품을 판매하다,고급
5,의외로,0,부사,의외로 많다,고급
5,의의,0,명사,의의를 갖다,고급
5,의태어,0,명사,언어,고급
5,의하다,0,동사,소문에 의하면,고급
5,의학,0,명사,의학을 전공하다,고급
5,이,4,의존명사,말하는 이,고급
5,이것저것,1,명사,이것저것 묻다,고급
5,이기주의,0,명사,이기주의가 팽배하다,고급
5,이득,0,명사,막대한 이득,고급
5,이듬해,0,명사,이듬해 봄,고급
5,이래,2,의존명사,건국 이래,고급
5,이레,0,명사,이레가 지나다,고급
5,이론적01∙이론적,2,관형사∙명사,이론적 접근,고급
5,이루,1,부사,이루 말할 수 없다,고급
5,이륙,0,명사,비행기 이륙,고급
5,이름나다,0,동사,이름난 가수,고급
5,이면지,0,명사,이면지로 활용하다,고급
5,이상형,0,명사,이상형을 만나다,고급
5,이성적01∙이성적,2,관형사∙명사,이성적 판단,고급
5,이슬람교,0,명사,이슬람교를 믿다,고급
5,이어서,0,부사,이어서 시작되다,고급
5,이어폰,0,명사,이어폰으로 듣다,고급
5,이열치열,0,명사,,고급
5,이중,0,명사,이중으로 등록하다,고급
5,이직,0,명사,이직을 고려하다,고급
5,이치,0,명사,하늘의 이치,고급
5,이혼율,0,명사,이혼율이 증가하다,고급
5,인,2,명사,사 인 가족,고급
5,인공위성,0,명사,인공위성을 쏘다,고급
5,인근,0,명사,인근 지역,고급
5,인내심,0,명사,인내심이 강하다,고급
5,인명,0,명사,인명 피해,고급
5,인문계,0,명사,인문계 고등학교,고급
5,인사,1,명사,유명 인사,고급
5,인사,3,명사,인사 관리,고급
5,인상착의,0,명사,범인의 인상착의,고급
5,인색,0,명사,남에게 인색하다,고급
5,인성,0,명사,인성 교육,고급
5,인종,0,명사,소수 인종,고급
5,인지,3,명사,인지 능력,고급
5,인출기,0,명사,현금 인출기,고급
5,인턴,0,명사,인턴으로 일하다,고급
5,인파,0,명사,인파가 몰리다,고급
5,일간지,0,명사,일간지를 보다,고급
5,일거양득,0,명사,,고급
5,일과,0,명사,하루 일과,고급
5,일광욕,0,명사,일광욕을 즐기다,고급
5,일그러지다,0,동사,표정이 일그러지다,고급
5,일다,0,동사,물결이 일다,고급
5,일류,0,명사,일류 대학,고급
5,일리,0,명사,일리가 있다,고급
5,일반석,0,명사,일반석에 앉다,고급
5,일방적01∙일방적,2,관형사∙명사,일방적 주장,고급
5,일시,1,명사,일시 귀국하다,고급
5,일시,2,부사,일시 귀국하다,고급
5,일자,2,명사,시험 일자,고급
5,일주,0,명사,세계 일주,고급
5,일화,0,명사,유명한 일화,고급
5,임대,0,명사,임대 아파트,고급
5,임산부,0,명사,만삭의 임산부,고급
5,입가,0,명사,입가의 미소,고급
5,입실,0,명사,고사장 입실,고급
5,입지,0,명사,입지 조건,고급
5,잇몸,0,명사,잇몸이 아프다,고급
5,자국,1,명사,눈물 자국,고급
5,자국,2,명사,자국으로 돌아가다,고급
5,자극적01∙자극적,2,관형사∙명사,자극적 음식,고급
5,자금,0,명사,결혼 자금,고급
5,자네,0,대명사,,고급
5,자모,0,명사,한글 자모,고급
5,자상하다,0,형용사,자상한 성격,고급
5,자선,0,명사,자선 공연,고급
5,자손,0,명사,직계 자손,고급
5,자연계,1,명사,자연계 학과,고급
5,자연재해,0,명사,자연재해가 일어나다,고급
5,자영업,0,명사,자영업에 종사하다,고급
5,자영업자,0,명사,자영업자로 일하다,고급
5,자외선,0,명사,자외선이 강하다,고급
5,자원,0,명사,자원으로 입대하다,고급
5,자원봉사,0,명사,자원봉사 활동,고급
5,자원봉사자,0,명사,자원봉사자를 모집하다,고급
5,자율성,0,명사,자율성이 보장되다,고급
5,자음,0,명사,모음과 자음,고급
5,자자손손,0,명사,,고급
5,자정,1,명사,자정 무렵,고급
5,자제,2,명사,자제가 필요하다,고급
5,자주,0,명사,자주 독립,고급
5,자체,0,명사,자체 점검,고급
5,자치,0,명사,지방 자치,고급
5,작별,0,명사,작별 인사,고급
5,작성자,0,명사,보고서 작성자,고급
5,작심삼일,0,명사,,고급
5,잔고,0,명사,예금 잔고,고급
5,잔돈,1,명사,잔돈으로 바꾸다,고급
5,잔인하다,0,형용사,잔인한 행동,고급
5,잔잔하다,0,형용사,잔잔한 호수,고급
5,잠꼬대,0,명사,잠꼬대가 심하다,고급
5,잠자리,1,명사,잠자리를 펴다,고급
5,잠자코,0,부사,잠자코 있다,고급
5,잡담,0,명사,잡담을 나누다,고급
5,잡아가다,0,동사,범인을 잡아가다,고급
5,잡아끌다,0,동사,손목을 잡아끌다,고급
5,잡아내다,0,동사,약점을 잡아내다,고급
5,잡음,0,명사,잡음이 들리다,고급
5,잡초,0,명사,잡초를 뽑다,고급
5,잡화,0,명사,잡화 매장,고급
5,장,3,명사,제1장,고급
5,장,5,명사,대화의 장,고급
5,장,6,명사,장이 막히다,고급
5,장,7,명사,장을 담그다,고급
5,장군,1,명사,장군의 명령,고급
5,장기,1,명사,장기 자랑,고급
5,장기,2,명사,장기 계약,고급
5,장기,4,명사,장기를 기증하다,고급
5,장년,0,명사,장년 남성,고급
5,장단,1,명사,판소리 장단,고급
5,장래성,0,명사,장래성이 있다,고급
5,장례,0,명사,장례를 치르다,고급
5,장만,0,명사,음식 장만,고급
5,장바구니,0,명사,장바구니가 무겁다,고급
5,장비,0,명사,촬영 장비,고급
5,장시간,0,명사,장시간이 걸리다,고급
5,장애물,0,명사,장애물을 넘다,고급
5,장치,0,명사,도청 장치,고급
5,장학생,0,명사,국비 장학생,고급
5,잦다,2,형용사,기침이 잦다,고급
5,재개발,0,명사,재개발 지역,고급
5,재고,2,명사,재고 정리,고급
5,재난,0,명사,재난을 피하다,고급
5,재단,0,명사,재단을 설립하다,고급
5,재력,0,명사,재력을 얻다,고급
5,재물,0,명사,재물을 모으다,고급
5,재벌,0,명사,재벌 총수,고급
5,재빠르다,0,형용사,동작이 재빠르다,고급
5,재수,1,명사,재수 학원,고급
5,재정적01∙재정적,2,관형사∙명사,재정적 지원,고급
5,재질,0,명사,금속 재질,고급
5,재촉,0,명사,재촉을 받다,고급
5,재충전,0,명사,재충전을 시키다,고급
5,재택,0,명사,재택에서 일하다,고급
5,재해,0,명사,재해를 당하다,고급
5,재혼,0,명사,재혼 부부,고급
5,저가,0,명사,저가 항공,고급
5,저고리,0,명사,저고리를 입다,고급
5,저기압,0,명사,저기압과 고기압,고급
5,저런,3,감탄사,,고급
5,저리다,0,형용사,다리가 저리다,고급
5,저물다,0,동사,날이 저물다,고급
5,저출산,0,명사,저출산 문제,고급
5,저하,1,명사,시력 저하,고급
5,저학력,0,명사,저학력과 고학력,고급
5,저혈압,0,명사,저혈압과 고혈압,고급
5,적금,0,명사,적금 통장,고급
5,적령기,0,명사,결혼 적령기,고급
5,적립,0,명사,포인트 적립,고급
5,적색,0,명사,색,고급
5,적시다,0,동사,수건을 적시다,고급
5,적절히,0,부사,적절히 이용하다,고급
5,적합,0,명사,적합 판정,고급
5,전구,0,명사,전구를 갈다,고급
5,전기,2,명사,전기와 후기,고급
5,전년,0,명사,전년 대비,고급
5,전등,0,명사,전등을 켜다,고급
5,전략,0,명사,전략을 세우다,고급
5,전력,0,명사,전력 소비량,고급
5,전문성,0,명사,전문성이 높다,고급
5,전반,0,명사,사회 전반,고급
5,전송,1,명사,사진 전송,고급
5,전시관,0,명사,전시관을 구경하다,고급
5,전액,0,명사,전액 환불,고급
5,전염,0,명사,감기 전염,고급
5,전염병,0,명사,전염병에 걸리다,고급
5,전자,1,명사,전자와 후자,고급
5,전쟁터,0,명사,전쟁터에 나가다,고급
5,전적01∙전적,2,관형사∙명사,전적인 책임,고급
5,전통문화,0,명사,전통문화를 계승하다,고급
5,전학,0,명사,전학을 가다,고급
5,전형적01∙전형적,2,관형사∙명사,전형적인 인물,고급
5,전환,0,명사,기분 전환,고급
5,전환점,0,명사,인생의 전환점,고급
5,절다,2,동사,다리를 절다,고급
5,절벽,0,명사,절벽을 오르다,고급
5,절이다,0,동사,소금에 절이다,고급
5,절정,0,명사,인기 절정,고급
5,점치다,0,동사,미래를 점치다,고급
5,점프,0,명사,점프 동작,고급
5,정,2,부사,,고급
5,정겹다,0,형용사,정겨운 목소리,고급
5,정규직,0,명사,정규직 사원,고급
5,정년퇴직,0,명사,정년퇴직을 맞다,고급
5,정답다,0,형용사,정다운 얼굴,고급
5,정상,3,명사,산 정상,고급
5,정서,0,명사,정서 불안,고급
5,정성껏,0,부사,정성껏 준비하다,고급
5,정성스럽다,0,형용사,정성스러운 기도,고급
5,정신과,0,명사,정신과 치료,고급
5,정월,0,명사,정월 대보름,고급
5,정의,1,명사,정의의 사도,고급
5,정전,0,명사,정전 사고,고급
5,정중하다,0,형용사,정중한 자세,고급
5,정체,2,명사,정체가 심하다,고급
5,정치가,0,명사,정치가를 뽑다,고급
5,정확성,0,명사,논리적 정확성,고급
5,제값,0,명사,제값을 내다,고급
5,제과,0,명사,제과 제빵,고급
5,제기,2,명사,문제 제기,고급
5,제대,0,명사,군 제대,고급
5,제멋대로,0,부사,제멋대로 굴다,고급
5,제비,0,명사,제비가 날다,고급
5,제약,2,명사,제약 회사,고급
5,제작자,0,명사,영화 제작자,고급
5,제조,0,명사,자동차 제조,고급
5,제조업,0,명사,자동차 제조업,고급
5,조,4,의존명사,헌법 제1조,고급
5,조,5,명사/의존명사,조를 짜다,고급
5,조각,2,명사,조각 작품,고급
5,조개,0,명사,조개를 캐다,고급
5,조국,0,명사,조국을 떠나다,고급
5,조그마하다,0,형용사,조그마한 손,고급
5,조르다,1,동사,목을 조르다,고급
5,조리법,0,명사,찌개 조리법,고급
5,조리사,0,명사,한식 조리사,고급
5,조사,2,명사,조사와 어미,고급
5,조선,0,명사,나라,고급
5,조의금,0,명사,조의금을 전하다,고급
5,조이다,0,동사,나사를 조이다,고급
5,조종사,0,명사,비행기 조종사,고급
5,조직,0,명사,조직을 구성하다,고급
5,조퇴,0,명사,조퇴가 잦다,고급
5,조합,0,명사,색 조합,고급
5,조회,2,명사,비밀번호 조회,고급
5,존댓말,0,명사,반말과 존댓말,고급
5,졸리다,2,동사,목이 졸리다,고급
5,졸이다,0,동사,국을 졸이다,고급
5,종,2,명사,토마토의 종,고급
5,종,3,명사,종이 울리다,고급
5,종료,0,명사,경기 종료,고급
5,종목,0,명사,경기 종목,고급
5,종착역,0,명사,기차의 종착역,고급
5,좌우명,0,명사,좌우명으로 삼다,고급
5,좌절,0,명사,좌절을 겪다,고급
5,죄책감,0,명사,죄책감을 느끼다,고급
5,주,0,의존명사,우량주 50주,고급
5,주,1,명사,주를 이루다,고급
5,주,2,관형사,주를 이루다,고급
5,주,3,명사,우량주 50주,고급
5,주가,0,명사,주가가 오르다,고급
5,주거,0,명사,주거 공간,고급
5,주거비,0,명사,주거비를 아끼다,고급
5,주거지,0,명사,주거지를 옮기다,고급
5,주관,1,명사,정부 주관,고급
5,주관,2,명사,주관이 뚜렷하다,고급
5,주기,1,명사,일 년 주기,고급
5,주년,0,의존명사,오십 주년,고급
5,주도,0,명사,주도 세력,고급
5,주도적01∙주도적,2,관형사∙명사,주도적 역할,고급
5,주되다,0,동사,주된 이유,고급
5,주례,0,명사,결혼식 주례,고급
5,주류,1,명사,주류를 따르다,고급
5,주류,2,명사,주류를 구입하다,고급
5,주름살,0,명사,주름살이 생기다,고급
5,주무르다,0,동사,어깨를 주무르다,고급
5,주방장,0,명사,주방장이 요리하다,고급
5,주식,1,명사,주식으로 먹다,고급
5,주식회사,0,명사,주식회사를 운영하다,고급
5,주어,0,명사,주어와 목적어,고급
5,주연,1,명사,주연 배우,고급
5,주의,1,명사,이념,고급
5,주재료,0,명사,음식의 주재료,고급
5,주택가,0,명사,주택가 지역,고급
5,준수하다,1,형용사,준수한 용모,고급
5,줄다리기,0,명사,줄다리기 경기,고급
5,줄줄이,0,부사,줄줄이 이어지다,고급
5,줄짓다,0,동사,줄지어 달리다,고급
5,중개,0,명사,부동산 중개,고급
5,중개인,0,명사,부동산 중개인,고급
5,중계,0,명사,텔레비전 중계,고급
5,중년,0,명사,중년 신사,고급
5,중략,0,명사,이하 중략,고급
5,중립적01∙중립적,2,관형사∙명사,중립적 태도,고급
5,중매,0,명사,중매로 만나다,고급
5,중복,2,명사,중복 결제,고급
5,중상,3,명사,중상을 당하다,고급
5,중성,1,명사,중성 용액,고급
5,중세,0,명사,중세 시대,고급
5,중시,0,명사,환경 중시,고급
5,중요시,0,명사,개성 중요시,고급
5,중지,1,명사,사용 중지,고급
5,즈음,0,의존명사,새벽 즈음,고급
5,증권,0,명사,보험 증권,고급
5,증오,0,명사,증오를 느끼다,고급
5,지구촌,0,명사,지구촌 축제,고급
5,지다,3,동사,노을이 지다,고급
5,지르다,2,동사,불을 지르다,고급
5,지리,0,명사,지리에 밝다,고급
5,지면,2,명사,신문의 지면,고급
5,지명,1,명사,지명의 유래,고급
5,지사,1,명사,해외 지사,고급
5,지상,1,명사,지상 주차장,고급
5,지속,0,명사,지속 시간,고급
5,지속적01∙지속적,2,관형사∙명사,지속적 발전,고급
5,지수,0,명사,물가 지수,고급
5,지연,2,명사,출발 지연,고급
5,지원서,0,명사,지원서를 제출하다,고급
5,지원자,0,명사,입사 지원자,고급
5,지장,1,명사,지장을 초래하다,고급
5,지점,1,명사,은행 지점,고급
5,지점,2,명사,출발 지점,고급
5,지지,2,명사,지지를 얻다,고급
5,지표,2,명사,지표를 설정하다,고급
5,지형,0,명사,지형이 험하다,고급
5,직,2,명사,공무원 직,고급
5,직선적01∙직선적,2,관형사∙명사,직선적 성격,고급
5,직위,0,명사,직위가 높다,고급
5,직전,0,명사,퇴근 직전,고급
5,직종,0,명사,전문 직종,고급
5,진공청소기,0,명사,진공청소기로 청소하다,고급
5,진급,0,명사,진급이 빠르다,고급
5,진땀,0,명사,진땀이 흐르다,고급
5,진료,0,명사,진료를 받다,고급
5,진수성찬,0,명사,,고급
5,진영,0,명사,보수 진영,고급
5,진입,0,명사,순위권 진입,고급
5,진정,2,명사,진정으로 사랑하다,고급
5,진지,1,명사,진지를 드시다,고급
5,진화,1,명사,인간의 진화,고급
5,진흙,0,명사,진흙이 묻다,고급
5,질기다,0,형용사,고기가 질기다,고급
5,질리다,0,동사,음식에 질리다,고급
5,질적01∙질적,2,관형사∙명사,질적 성장,고급
5,질환,0,명사,호흡기 질환,고급
5,집값,0,명사,집값이 오르다,고급
5,집단적01∙집단적,2,관형사∙명사,집단적 행동,고급
5,집중력,0,명사,집중력이 떨어지다,고급
5,집집,0,명사,집집을 방문하다,고급
5,집착,0,명사,집착을 버리다,고급
5,짓누르다,0,동사,가슴을 짓누르다,고급
5,짓밟히다,0,동사,발길에 짓밟히다,고급
5,징그럽다,0,형용사,징그러운 장면,고급
5,짜릿하다,0,형용사,손끝이 짜릿하다,고급
5,짝사랑,0,명사,짝사랑이 이루어지다,고급
5,짭짤하다,0,형용사,국물이 짭짤하다,고급
5,쪼개다,0,동사,반으로 쪼개다,고급
5,쪼다,2,동사,부리로 쪼다,고급
5,쪽지,0,명사,쪽지 시험,고급
5,쯧쯧,1,부사,혀를 쯧쯧 차다,고급
5,쯧쯧,2,감탄사,혀를 쯧쯧 차다,고급
5,찌꺼기,0,명사,음식물 찌꺼기,고급
5,찜,0,명사,찜 요리,고급
5,찜질방,0,명사,찜질방에 가다,고급
5,찡하다,1,동사,코끝이 찡하다,고급
5,찡하다,2,형용사,코끝이 찡하다,고급
5,찢기다,0,동사,셔츠가 찢기다,고급
5,차,3,명사,실력 차,고급
5,차근차근,0,부사,차근차근 말하다,고급
5,차단,0,명사,자외선 차단,고급
5,차례,2,명사,차례를 지내다,고급
5,차림,0,명사,정장 차림,고급
5,차별화,0,명사,품질의 차별화,고급
5,차분하다,0,형용사,성격이 차분하다,고급
5,차분히,0,부사,차분히 설명하다,고급
5,차장,1,명사,차장으로 승진하다,고급
5,차지,0,명사,아이들 차지,고급
5,착용,0,명사,안전띠 착용,고급
5,찰칵,0,부사,찰칵 소리,고급
5,참-,0,접사,참사랑,고급
5,참가자,0,명사,참가자를 모집하다,고급
5,참맛,0,명사,여행의 참맛,고급
5,참새,0,명사,참새가 날다,고급
5,참신하다,0,형용사,참신한 생각,고급
5,참을성,0,명사,참을성이 강하다,고급
5,참치,0,명사,참치 회,고급
5,찹쌀,0,명사,찹쌀로 밥하다,고급
5,창업,0,명사,회사 창업,고급
5,창의력,0,명사,창의력을 키우다,고급
5,창의적01∙창의적,2,관형사∙명사,창의적인 생각,고급
5,창조적01∙창조적,2,관형사∙명사,창조적인 문화,고급
5,찾아들다,0,동사,평화가 찾아들다,고급
5,채,3,의존명사,집 한 채,고급
5,채식,0,명사,채식 다이어트,고급
5,채용,0,명사,채용 공고,고급
5,채팅,0,명사,화상 채팅,고급
5,책자,0,명사,안내 책자,고급
5,처,0,명사,각 처의 참모,고급
5,처치,0,명사,처치가 곤란하다,고급
5,척척,2,부사,척척 대답하다,고급
5,천,1,명사,천이 얇다,고급
5,천생연분,0,명사,,고급
5,천연,0,명사,천연 향료,고급
5,천차만별,0,명사,,고급
5,철,3,명사,철을 녹이다,고급
5,철저,0,명사,철저한 대비,고급
5,철학,0,명사,동양 철학,고급
5,철학자,0,명사,직업,고급
5,철학적01∙철학적,2,관형사∙명사,철학적인 문제,고급
5,첨가,0,명사,색소 첨가,고급
5,첫인사,0,명사,첫인사를 나누다,고급
5,첫차,0,명사,첫차를 타다,고급
5,청각,0,명사,청각 장애,고급
5,청구,0,명사,요금 청구,고급
5,청색,0,명사,색,고급
5,청자,0,명사,화자와 청자,고급
5,청춘,0,명사,청춘을 즐기다,고급
5,청취자,0,명사,청취자의 사연,고급
5,체감,0,명사,체감 온도,고급
5,체격,0,명사,체격이 크다,고급
5,체계적01∙체계적,2,관형사∙명사,체계적인 관리,고급
5,체념,0,명사,체념에 빠지다,고급
5,체류,0,명사,체류 기간,고급
5,체육,0,명사,체육 시설,고급
5,체증,0,명사,교통 체증,고급
5,체질,0,명사,체질 개선,고급
5,체크,0,명사,지각 체크,고급
5,체형,0,명사,통통한 체형,고급
5,초,1,명사,초를 켜다,고급
5,초고속,0,명사,초고속 인터넷,고급
5,초과,0,명사,정원 초과,고급
5,초대,1,명사,초대 대통령,고급
5,초등,0,명사,초등 교과,고급
5,초라하다,0,형용사,모습이 초라하다,고급
5,초면,0,명사,초면에 실례하다,고급
5,초상,1,명사,초상을 치르다,고급
5,초순,0,명사,10월 초순,고급
5,초원,0,명사,초원을 달리다,고급
5,초인종,0,명사,초인종을 누르다,고급
5,총-,0,접사,총감독,고급
5,총각,0,명사,처녀와 총각,고급
5,총장,0,명사,대학 총장,고급
5,최-,0,접사,최우수,고급
5,최강,0,명사,세계 최강,고급
5,최소화,2,명사,피해 최소화,고급
5,최신형,0,명사,최신형 자동차,고급
5,최우수,0,명사,최우수 작품,고급
5,추구,0,명사,행복 추구,고급
5,추락,0,명사,비행기 추락,고급
5,추세,0,명사,증가 추세,고급
5,추수,0,명사,가을 추수,고급
5,추신,0,명사,추신을 덧붙이다,고급
5,추첨,0,명사,경품 추첨,고급
5,축복,0,명사,축복을 빌다,고급
5,축산물,0,명사,축산물 시장,고급
5,축산업,0,명사,축산업에 종사하다,고급
5,출간,0,명사,소설 출간,고급
5,출금,0,명사,출금 계좌,고급
5,출력,0,명사,문서 출력,고급
5,출산율,0,명사,출산율이 낮다,고급
5,출생,0,명사,출생 신고,고급
5,출시,0,명사,신제품 출시,고급
5,출입구,0,명사,출입구로 나오다,고급
5,출전,0,명사,올림픽 출전,고급
5,출처,0,명사,출처를 밝히다,고급
5,출출하다,0,형용사,배가 출출하다,고급
5,출판사,0,명사,출판사와 계약하다,고급
5,충동,0,명사,충동을 억제하다,고급
5,충실,2,명사,가정에 충실하다,고급
5,충전,2,명사,배터리 충전,고급
5,충족,0,명사,욕구 충족,고급
5,충치,0,명사,충치 치료,고급
5,충혈,0,명사,눈 충혈,고급
5,취급,0,명사,취급 주의,고급
5,취득,0,명사,자격증 취득,고급
5,취사,2,명사,취사 금지,고급
5,취업률,0,명사,취업률이 높다,고급
5,취하다,1,동사,휴식을 취하다,고급
5,치다,5,동사,커튼을 치다,고급
5,치다,9,동사,최고로 치다,고급
5,치밀하다,0,형용사,치밀한 계획,고급
5,치아,0,명사,치아 교정,고급
5,치통,0,명사,치통이 심하다,고급
5,친근감,0,명사,친근감을 느끼다,고급
5,친근하다,0,형용사,친근한 사이,고급
5,친밀,0,명사,친밀한 관계,고급
5,친밀감,0,명사,친밀감을 느끼다,고급
5,친분,0,명사,친분이 두텁다,고급
5,친족,0,명사,친족 관계,고급
5,친지,0,명사,친지의 도움,고급
5,친환경,0,명사,친환경 에너지,고급
5,칠하다,0,동사,물감을 칠하다,고급
5,침략,0,명사,외세의 침략,고급
5,침수,0,명사,침수 피해,고급
5,침착,0,명사,침착한 대응,고급
5,침체,0,명사,경기 침체,고급
5,침해,0,명사,사생활 침해,고급
5,카페인,0,명사,카페인 중독,고급
5,칼럼,0,명사,시사 칼럼,고급
5,칼로리,1,명사,칼로리가 높다,고급
5,칼로리,2,의존명사,칼로리가 높다,고급
5,캠퍼스,0,명사,대학교 캠퍼스,고급
5,커플,0,명사,커플 반지,고급
5,콜레스테롤,0,명사,콜레스테롤 수치,고급
5,콤플렉스,0,명사,콤플렉스가 있다,고급
5,콧등,0,명사,콧등이 찡하다,고급
5,쾌활하다,0,형용사,성격이 쾌활하다,고급
5,퀴즈,0,명사,퀴즈 대회,고급
5,큰절,0,명사,큰절을 올리다,고급
5,큼직하다,0,형용사,손이 큼직하다,고급
5,탁하다,0,형용사,공기가 탁하다,고급
5,탄산음료,0,명사,탄산음료를 마시다,고급
5,탄수화물,0,명사,탄수화물을 섭취하다,고급
5,탈,1,명사,탈을 쓰다,고급
5,탈,2,명사,탈이 없다,고급
5,탈락,0,명사,예선 탈락,고급
5,탈모,0,명사,원형 탈모,고급
5,탈의실,0,명사,간이 탈의실,고급
5,탈춤,0,명사,탈춤을 추다,고급
5,탈퇴,0,명사,회원 탈퇴,고급
5,탐색,0,명사,우주 탐색,고급
5,탐험,0,명사,북극 탐험,고급
5,탓,0,명사,날씨 탓,고급
5,태몽,0,명사,태몽을 꾸다,고급
5,태아,0,명사,태아의 성별,고급
5,태양열,0,명사,태양열 에너지,고급
5,터,1,명사,터를 잡다,고급
5,터놓다,0,동사,길을 터놓다,고급
5,턱,3,명사,승진 턱,고급
5,털옷,0,명사,털옷을 입다,고급
5,털털하다,2,형용사,성격이 털털하다,고급
5,테러,0,명사,폭탄 테러,고급
5,토대,0,명사,토대를 마련하다,고급
5,토막,0,명사,생선 토막,고급
5,토양,0,명사,토양이 비옥하다,고급
5,토지,0,명사,토지가 비옥하다,고급
5,톤,1,의존명사,1톤 트럭,고급
5,통,2,명사,바지 통,고급
5,통,6,의존명사,전화 한 통,고급
5,통계청,0,명사,기관,고급
5,통로,0,명사,통로를 지나다,고급
5,통신비,0,명사,통신비를 내다,고급
5,통제,0,명사,출입 통제,고급
5,통조림,0,명사,과일 통조림,고급
5,통학,0,명사,통학 버스,고급
5,통합,0,명사,부서 통합,고급
5,통화,1,명사,통화 가치,고급
5,퇴장,0,명사,퇴장을 당하다,고급
5,퇴직금,0,명사,퇴직금을 받다,고급
5,투고,0,명사,논문 투고,고급
5,투덜거리다,0,동사,불평을 투덜거리다,고급
5,투명,0,명사,투명 유리,고급
5,투자자,0,명사,증권 투자자,고급
5,툭,0,부사,툭 떨어지다,고급
5,툭툭,0,부사,툭툭 터지다,고급
5,툭하면,0,부사,툭하면 싸우다,고급
5,퉁퉁,1,부사,퉁퉁 붓다,고급
5,튀기다,1,동사,손가락을 튀기다,고급
5,튀다,0,동사,공이 튀다,고급
5,튀어나오다,0,동사,눈이 튀어나오다,고급
5,트로트,0,명사,트로트를 듣다,고급
5,트이다,0,동사,시야가 트이다,고급
5,특강,0,명사,공개 특강,고급
5,특별,0,명사,특별 공연,고급
5,특산물,0,명사,지역 특산물,고급
5,특색,0,명사,문화적 특색,고급
5,특유,0,명사,특유의 말투,고급
5,특이,0,명사,특이 행동,고급
5,티,2,명사,티가 나다,고급
5,팀원,0,명사,팀원이 모이다,고급
5,팀장,0,명사,팀장으로 승진하다,고급
5,파,2,명사,파가 나뉘다,고급
5,파격,0,명사,파격 할인,고급
5,파고들다,0,동사,속으로 파고들다,고급
5,파묻다,0,동사,땅에 파묻다,고급
5,파묻히다,0,동사,눈에 파묻히다,고급
5,파악,0,명사,분위기 파악,고급
5,파하다,0,동사,학교가 파하다,고급
5,판,3,명사,피자 한 판,고급
5,판,4,명사,판에 새기다,고급
5,판매량,0,명사,판매량이 늘다,고급
5,판매원,0,명사,자동차 판매원,고급
5,판소리,0,명사,판소리 공연,고급
5,팔아먹다,0,동사,땅을 팔아먹다,고급
5,팔짱,0,명사,팔짱을 끼다,고급
5,팥,0,명사,팥을 심다,고급
5,패,1,명사,1승 1패,고급
5,패,2,의존명사,1승 1패,고급
5,패다,2,동사,사람을 패다,고급
5,패션쇼,0,명사,수영복 패션쇼,고급
5,패하다,0,동사,경기에서 패하다,고급
5,팩스,0,명사,팩스 번호,고급
5,퍼뜨리다,0,동사,소문을 퍼뜨리다,고급
5,펄럭이다,0,동사,깃발이 펄럭이다,고급
5,펑,0,부사,펑 터지다,고급
5,편,4,의존명사,기차 편,고급
5,편,5,의존명사,영화 한 편,고급
5,편두통,0,명사,편두통 증상,고급
5,편안히,0,부사,편안히 쉬다,고급
5,편집,0,명사,잡지 편집,고급
5,평,1,의존명사,한 평,고급
5,평생직장,0,명사,평생직장을 구하다,고급
5,평지,0,명사,넓은 평지,고급
5,폐,1,명사,폐 질환,고급
5,폐,2,명사,폐를 끼치다,고급
5,폐수,0,명사,공장 폐수,고급
5,포기,1,명사,배추 한 포기,고급
5,포옹,0,명사,포옹을 하다,고급
5,포장,2,명사,도로 포장,고급
5,포장마차,0,명사,포장마차에서 한잔하다,고급
5,폭,0,명사,폭이 넓다,고급
5,폭력적01∙폭력적,2,관형사∙명사,폭력적인 행동,고급
5,폭발,2,명사,화산 폭발,고급
5,폭발적01∙폭발적,2,관형사∙명사,폭발적인 인기,고급
5,폭식,0,명사,폭식 장애,고급
5,폭죽,0,명사,폭죽이 터지다,고급
5,폭탄,0,명사,폭탄을 터뜨리다,고급
5,표,3,명사,표를 남기다,고급
5,표기,0,명사,로마자 표기,고급
5,표기법,0,명사,한글 표기법,고급
5,표시,1,명사,관심의 표시,고급
5,표출,0,명사,감정 표출,고급
5,푸른색,0,명사,색깔,고급
5,푸짐하다,0,형용사,음식이 푸짐하다,고급
5,푹신하다,0,형용사,침대가 푹신하다,고급
5,푹푹,0,부사,푹푹 삶다,고급
5,풀려나다,0,동사,감옥에서 풀려나다,고급
5,품목,0,명사,수출 품목,고급
5,풍년,0,명사,풍년이 들다,고급
5,풍력,0,명사,풍력 발전,고급
5,풍성하다,0,형용사,열매가 풍성하다,고급
5,풍요,0,명사,물질적 풍요,고급
5,풍요롭다,0,형용사,생활이 풍요롭다,고급
5,퓨전,0,명사,퓨전 요리,고급
5,프로,2,명사,텔레비전 프로,고급
5,플러그,0,명사,플러그를 뽑다,고급
5,피로연,0,명사,결혼식 피로연,고급
5,피리,0,명사,피리를 불다,고급
5,피부과,0,명사,피부과 의사,고급
5,피어나다,0,동사,꽃이 피어나다,고급
5,피어오르다,0,동사,불길이 피어오르다,고급
5,핑,1,부사,핑 돌다,고급
5,하객,0,명사,결혼식 하객,고급
5,하교,0,명사,하교 시간,고급
5,하락,0,명사,물가 하락,고급
5,하루아침,0,명사,하루아침 사이,고급
5,하루하루,1,명사,하루하루를 보내다,고급
5,하루하루,2,부사,하루하루를 보내다,고급
5,하마터면,0,부사,,고급
5,하반기,0,명사,상반기와 하반기,고급
5,하순,0,명사,10월 하순,고급
5,하여간,0,부사,,고급
5,하자,0,명사,하자 보수,고급
5,하찮다,0,형용사,하찮은 일,고급
5,하체,0,명사,상체와 하체,고급
5,하필,0,부사,왜 하필,고급
5,하향,0,명사,하향 조정,고급
5,학번,0,명사,15 학번,고급
5,학벌,0,명사,학벌을 내세우다,고급
5,학업,0,명사,학업을 마치다,고급
5,학위,0,명사,박사 학위,고급
5,학점,0,명사,A 학점,고급
5,학창,0,명사,학창 시절,고급
5,한가롭다,0,형용사,한가로운 시간,고급
5,한눈,0,명사,한눈을 팔다,고급
5,한눈팔다,0,동사,주위에 한눈팔다,고급
5,한데,1,명사,한데 묶다,고급
5,한반도,0,명사,한반도 면적,고급
5,한발,0,부사,한발 앞서다,고급
5,한방,0,명사,한방 치료,고급
5,한복판,0,명사,운동장 한복판,고급
5,한산하다,0,형용사,거리가 한산하다,고급
5,한약,0,명사,한약을 짓다,고급
5,한우,0,명사,국산 한우,고급
5,한의원,0,명사,한의원에서 치료하다,고급
5,한자리,0,명사,한자리에 모이다,고급
5,한자어,0,명사,한자어를 쓰다,고급
5,한적하다,0,형용사,거리가 한적하다,고급
5,한정,0,명사,한정 판매,고급
5,한차례,0,명사,한차례 돌다,고급
5,핥다,0,동사,혀로 핥다,고급
5,함,0,명사,함을 받다,고급
5,함께하다,0,동사,평생을 함께하다,고급
5,함박눈,0,명사,함박눈이 내리다,고급
5,함정,0,명사,함정에 빠지다,고급
5,합리,0,명사,합리를 추구하다,고급
5,합창,0,명사,합창 연습,고급
5,항공기,0,명사,항공기 운항,고급
5,항공사,0,명사,국내 항공사,고급
5,항구,0,명사,항구 도시,고급
5,항로,0,명사,항로를 변경하다,고급
5,항목,0,명사,세부 항목,고급
5,해고,0,명사,해고를 당하다,고급
5,해군,0,명사,해군 부대,고급
5,해답,0,명사,해답을 찾다,고급
5,해명,0,명사,해명을 요구하다,고급
5,해상,0,명사,해상 교통,고급
5,해수욕,0,명사,해수욕을 즐기다,고급
5,해양,0,명사,해양 경찰,고급
5,해열제,0,명사,해열제를 먹다,고급
5,해저,0,명사,해저 탐사,고급
5,해킹,0,명사,컴퓨터 해킹,고급
5,핵,0,명사,핵 개발,고급
5,핵가족,0,명사,대가족과 핵가족,고급
5,햇곡식,0,명사,햇곡식을 수확하다,고급
5,행,0,명사,행을 바꾸다,고급
5,행인,0,명사,지나가는 행인,고급
5,향기롭다,0,형용사,냄새가 향기롭다,고급
5,향수,0,명사,향수를 불러일으키다,고급
5,향후,0,명사,향후 계획,고급
5,허공,0,명사,허공을 바라보다,고급
5,허비,0,명사,시간 허비,고급
5,허옇다,0,형용사,눈이 허옇다,고급
5,허위,0,명사,허위 신고,고급
5,허전하다,0,형용사,마음이 허전하다,고급
5,허점,0,명사,허점을 보이다,고급
5,헌혈,0,명사,헌혈 캠페인,고급
5,헐렁하다,0,형용사,바지가 헐렁하다,고급
5,험담,0,명사,욕설과 험담,고급
5,헛걸음,0,명사,헛걸음을 시키다,고급
5,헛되다,0,형용사,헛된 노력,고급
5,헛디디다,0,동사,발을 헛디디다,고급
5,헛소문,0,명사,헛소문을 퍼뜨리다,고급
5,헛수고,0,명사,헛수고로 끝나다,고급
5,헷갈리다,0,동사,이름을 헷갈리다,고급
5,혁명,0,명사,계급 혁명,고급
5,현명하다,0,형용사,현명한 판단,고급
5,현실성,0,명사,현실성이 없다,고급
5,현지,0,명사,현지 가이드,고급
5,현황,0,명사,현황을 파악하다,고급
5,혈관,0,명사,혈관 질환,고급
5,혈압,0,명사,혈압이 높다,고급
5,혈액,0,명사,혈액 검사,고급
5,혈액형,0,명사,혈액형 종류,고급
5,협동,0,명사,협동 정신,고급
5,협회,0,명사,협회에 가입하다,고급
5,형광등,0,명사,형광등을 갈다,고급
5,형부,0,명사,언니와 형부,고급
5,형식적01∙형식적,2,관형사∙명사,형식적인 절차,고급
5,형용사,0,명사,동사와 형용사,고급
5,형편없다,0,형용사,형편없는 실력,고급
5,호,0,명사,십오 호 가구,고급
5,호,1,의존명사,십오 호 가구,고급
5,호소,0,명사,고통 호소,고급
5,호우,0,명사,호우 피해,고급
5,호출,0,명사,무선 호출,고급
5,호칭,0,명사,호칭으로 부르다,고급
5,호칭어,0,명사,호칭어를 쓰다,고급
5,호프,0,명사,호프에서 한잔하다,고급
5,호화,0,명사,호화 유람선,고급
5,호흡기,0,명사,호흡기 질환,고급
5,혼,0,명사,혼이 깃들다,고급
5,혼란,0,명사,혼란에 빠지다,고급
5,혼란스럽다,0,형용사,사회가 혼란스럽다,고급
5,혼례,0,명사,전통 혼례,고급
5,혼인,0,명사,혼인 신고,고급
5,혼잡,0,명사,교통 혼잡,고급
5,혼잣말,0,명사,혼잣말로 중얼거리다,고급
5,홀로,0,부사,홀로 남다,고급
5,홍색,0,명사,색깔,고급
5,화법,0,명사,화법을 구사하다,고급
5,화사하다,0,형용사,옷이 화사하다,고급
5,화산,0,명사,화산 폭발,고급
5,화상,0,명사,화상을 입다,고급
5,화장,2,명사,시신 화장,고급
5,화초,0,명사,화초를 심다,고급
5,화학,0,명사,화학 실험,고급
5,화합,2,명사,화합을 이루다,고급
5,확률,0,명사,확률이 높다,고급
5,확정,0,명사,최종 확정,고급
5,환갑,0,명사,환갑을 맞이하다,고급
5,환기,0,명사,환기를 시키다,고급
5,환절기,0,명사,환절기 날씨,고급
5,환희,0,명사,환희에 차다,고급
5,환히,0,부사,환히 비추다,고급
5,활,0,명사,활을 쏘다,고급
5,활기차다,0,형용사,분위기가 활기차다,고급
5,활성화,0,명사,경제 활성화,고급
5,활약,0,명사,활약을 펼치다,고급
5,황금,0,명사,황금 팔찌,고급
5,황당하다,0,형용사,황당한 소문,고급
5,황사,0,명사,황사 마스크,고급
5,황색,0,명사,색,고급
5,회갑,0,명사,회갑 잔치,고급
5,회갑연,0,명사,회갑연을 열다,고급
5,회상,0,명사,과거 회상,고급
5,회원국,0,명사,유엔 회원국,고급
5,회의,2,명사,회의를 느끼다,고급
5,회전,0,명사,회전 초밥,고급
5,획일적01∙획일적,2,관형사∙명사,획일적인 사고,고급
5,횡단,0,명사,무단 횡단,고급
5,효,0,명사,효도,고급
5,효녀,0,명사,효녀와 효자,고급
5,효능,0,명사,토마토의 효능,고급
5,효율,0,명사,효율을 높이다,고급
5,후기,2,명사,조선 후기,고급
5,후손,0,명사,후손에게 물려주다,고급
5,후원,1,명사,후원 단체,고급
5,후일,0,명사,후일로 미루다,고급
5,후자,0,명사,후자를 택하다,고급
5,후하다,0,형용사,인심이 후하다,고급
5,훈훈하다,0,형용사,실내가 훈훈하다,고급
5,훌쩍,0,부사,훌쩍 넘기다,고급
5,훔치다,1,동사,눈물을 훔치다,고급
5,훗날,0,명사,먼 훗날,고급
5,훤히,0,부사,훤히 보이다,고급
5,훨훨,0,부사,훨훨 날아가다,고급
5,훼손,0,명사,명예 훼손,고급
5,휘감다,0,동사,밧줄로 휘감다,고급
5,휘날리다,0,동사,바람에 휘날리다,고급
5,휘발유,0,명사,휘발유를 넣다,고급
5,휙,0,부사,휙 돌리다,고급
5,휴게소,0,명사,고속 도로 휴게소,고급
5,흐리다,1,동사,분위기를 흐리다,고급
5,흐릿하다,0,형용사,시야가 흐리다,고급
5,흐뭇하다,0,형용사,흐뭇한 표정,고급
5,흐트러지다,0,동사,자세가 흐트러지다,고급
5,흑색,0,명사,색,고급
5,흠,1,명사,흠이 생기다,고급
5,흠뻑,0,부사,흠뻑 젖다,고급
5,흡연,0,명사,흡연 구역,고급
5,흥,1,명사,흥이 나다,고급
5,흥겹다,0,형용사,흥겨운 노래,고급
5,흥미진진하다,0,형용사,전개가 흥미진진하다,고급
5,흥얼거리다,0,동사,노래를 흥얼거리다,고급
5,흥행,0,명사,흥행 영화,고급
5,흩날리다,0,동사,낙엽이 흩날리다,고급
5,희로애락,0,명사,삶의 희로애락,고급
5,희소식,0,명사,희소식을 듣다,고급
5,힌트,0,명사,힌트를 주다,고급
5,힘없다,0,형용사,힘없는 목소리,고급
5,힘주다,0,동사,배에 힘주다,고급
6,-계,1,접사,중국계,고급
6,-권,1,접사,상품권,고급
6,-권,2,접사,수도권,고급
6,-대,0,접사,만 원대,고급
6,-설,0,접사,지동설,고급
6,-시,0,접사,등한시,고급
6,-원,3,접사,유치원,고급
6,-인,0,접사,한국인,고급
6,-일,0,접사,기념일,고급
6,-전,4,접사,결승전,고급
6,-족,0,접사,조선족,고급
6,-진,0,접사,취재진,고급
6,-집,3,접사,소설집,고급
6,-치,0,접사,최고치,고급
6,가계,2,명사,가계가 빠듯하다,고급
6,가까스로,0,부사,가까스로 살아남다,고급
6,가냘프다,0,형용사,몸이 가냘프다,고급
6,가누다,0,동사,몸을 가누다,고급
6,가늠,0,명사,가늠이 안 되다,고급
6,가다듬다,0,동사,마음을 가다듬다,고급
6,가담,0,명사,시위 가담,고급
6,가동,0,명사,기계 가동,고급
6,가뜩이나,0,부사,가뜩이나 힘든데,고급
6,가라앉히다,0,동사,찌꺼기를 가라앉히다,고급
6,가려내다,0,동사,불량품을 가려내다,고급
6,가령,0,부사,가령 비가 온다면,고급
6,가로지르다,0,동사,도로를 가로지르다,고급
6,가로채다,0,동사,돈을 가로채다,고급
6,가르침,0,명사,가르침을 받다,고급
6,가쁘다,0,형용사,숨이 가쁘다,고급
6,가상,0,명사,가상의 공간,고급
6,가설,3,명사,가설을 세우다,고급
6,가세,1,명사,시민들의 가세,고급
6,가속,0,명사,가속이 붙다,고급
6,가식적01∙가식적,2,관형사∙명사,가식적 웃음,고급
6,가열,0,명사,급속 가열,고급
6,가엾다,0,형용사,아이가 가엾다,고급
6,가책,0,명사,양심의 가책,고급
6,가출,0,명사,가출 청소년,고급
6,가파르다,0,형용사,언덕이 가파르다,고급
6,가하다,1,동사,박차를 가하다,고급
6,가혹,0,명사,가혹 행위,고급
6,가훈,0,명사,가훈을 정하다,고급
6,가히,0,부사,가히 놀랄 만하다,고급
6,각,2,명사,얼굴 각,고급
6,각계,0,명사,각계 대표,고급
6,각계각층,0,명사,사회 각계각층,고급
6,각기,1,명사,각기 다르다,고급
6,각기,2,부사,각기 다르다,고급
6,각도,0,명사,각도를 재다,고급
6,각박하다,0,형용사,세상이 각박하다,고급
6,각별하다,0,형용사,마음이 각별하다,고급
6,각별히,0,부사,각별히 생각하다,고급
6,각본,0,명사,각본을 쓰다,고급
6,각성,0,명사,각성을 촉구하다,고급
6,각양각색,0,명사,,고급
6,간과하다,0,동사,문제를 간과하다,고급
6,간담회,0,명사,간담회에 참여하다,고급
6,간략하다,0,형용사,설명이 간략하다,고급
6,간밤,0,명사,간밤에 꿈을 꾸다,고급
6,간부,0,명사,회사 간부,고급
6,간주,1,명사,범죄자로 간주하다,고급
6,간첩,0,명사,간첩을 잡다,고급
6,갈래,0,명사,하위 갈래,고급
6,갈망,0,명사,자유를 갈망하다,고급
6,갈피,0,명사,갈피를 잡다,고급
6,감,3,명사,감이 오다,고급
6,감격스럽다,0,형용사,감격스러운 순간,고급
6,감금,0,명사,감금을 당하다,고급
6,감당,0,명사,비용 감당,고급
6,감돌다,0,동사,긴장이 감돌다,고급
6,감량,0,명사,체중 감량,고급
6,감면,0,명사,학비 감면,고급
6,감명,0,명사,감명을 받다,고급
6,감소세,0,명사,감소세를 보이다,고급
6,감수,1,명사,고통 감수,고급
6,감수성,0,명사,감수성이 풍부하다,고급
6,감안,0,명사,현실을 감안하다,고급
6,감언이설,0,명사,,고급
6,감원,0,명사,근로자 감원,고급
6,감지,0,명사,감지 능력,고급
6,감쪽같이,0,부사,감쪽같이 사라지다,고급
6,감촉,0,명사,감촉이 부드럽다,고급
6,감축,0,명사,예산 감축,고급
6,감하다,0,동사,월급을 감하다,고급
6,감회,0,명사,감회가 새롭다,고급
6,값어치,0,명사,값어치가 떨어지다,고급
6,갓,2,부사,갓 졸업하다,고급
6,강간,0,명사,강간을 당하다,고급
6,강세,0,명사,강세를 보이다,고급
6,강압,0,명사,강압을 받다,고급
6,강인하다,0,형용사,강인한 체력,고급
6,강점,2,명사,강점을 살리다,고급
6,강제적01∙강제적,2,관형사∙명사,강제적 조치,고급
6,강직하다,0,형용사,성품이 강직하다,고급
6,강행,0,명사,소송을 강행하다,고급
6,개관,1,명사,박물관 개관,고급
6,개괄적01∙개괄적,2,관형사∙명사,개괄적 설명,고급
6,개그,0,명사,개그 프로그램,고급
6,개량,0,명사,품종 개량,고급
6,개막,0,명사,올림픽 개막,고급
6,개별적01∙개별적,2,관형사∙명사,개별적 관심,고급
6,개시,2,명사,행동 개시,고급
6,개신교,0,명사,개신교를 믿다,고급
6,개운하다,0,형용사,몸이 개운하다,고급
6,개입,0,명사,정치적 개입,고급
6,개작,0,명사,원작 개작,고급
6,개정,1,명사,헌법 개정,고급
6,개체,0,명사,개체가 모이다,고급
6,개편,0,명사,교과서 개편,고급
6,개표,2,명사,개표 결과,고급
6,객지,0,명사,객지 생활,고급
6,거금,1,명사,거금을 들이다,고급
6,거동,0,명사,거동이 불편하다,고급
6,거듭,0,부사,거듭 강조하다,고급
6,거듭나다,0,동사,새사람으로 거듭나다,고급
6,거뜬하다,0,형용사,거뜬한 일,고급
6,거론,0,명사,실명 거론,고급
6,거룩하다,0,형용사,말씀이 거룩하다,고급
6,거르다,1,동사,불순물을 거르다,고급
6,거르다,2,동사,끼니를 거르다,고급
6,거리낌,0,명사,거리낌이 없다,고급
6,거문고,0,명사,거문고를 뜯다,고급
6,거부감,0,명사,거부감이 들다,고급
6,거북하다,0,형용사,속이 거북하다,고급
6,거스르다,1,동사,명령을 거스르다,고급
6,거슬리다,0,동사,눈에 거슬리다,고급
6,거시적01∙거시적,2,관형사∙명사,거시적 관점,고급
6,거창하다,0,형용사,계획이 거창하다,고급
6,거처,0,명사,거처를 마련하다,고급
6,거침없이,0,부사,거침없이 말하다,고급
6,건립,0,명사,기념관 건립,고급
6,건방지다,0,형용사,행동이 건방지다,고급
6,건성,1,명사,건성으로 대답하다,고급
6,건장하다,0,형용사,체격이 건장하다,고급
6,건전,0,명사,건전 가요,고급
6,걷잡다,0,동사,걷잡을 수 없다,고급
6,걸려들다,0,동사,덫에 걸려들다,고급
6,걸림돌,0,명사,걸림돌을 제거하다,고급
6,걸맞다,0,형용사,나이에 걸맞다,고급
6,걸작,0,명사,최고 걸작,고급
6,걸터앉다,0,동사,의자에 걸터앉다,고급
6,걸핏하면,0,부사,걸핏하면 화내다,고급
6,검거,0,명사,범인 검거,고급
6,검문,0,명사,검문에 걸리다,고급
6,검소,0,명사,검소한 태도,고급
6,검증,0,명사,이론 검증,고급
6,검찰,0,명사,검찰 수사,고급
6,게을리하다,0,동사,일을 게을리하다,고급
6,게재,0,명사,기사 게재,고급
6,겨냥,0,명사,과녁 겨냥,고급
6,겨누다,0,동사,총을 겨누다,고급
6,겨루다,0,동사,승부를 겨루다,고급
6,격리,0,명사,격리 치료,고급
6,격세지감,0,명사,,고급
6,격언,0,명사,격언을 인용하다,고급
6,격주,0,명사,격주로 나오다,고급
6,격차,0,명사,소득 격차,고급
6,견고하다,0,형용사,제품이 견고하다,고급
6,견과,0,명사,견과를 먹다,고급
6,견문,0,명사,견문을 넓히다,고급
6,견본,0,명사,견본 주택,고급
6,견제,0,명사,견제를 받다,고급
6,견주다,0,동사,실력을 견주다,고급
6,결단,0,명사,결단을 내리다,고급
6,결단력,0,명사,결단력이 부족하다,고급
6,결부,0,명사,돈에 결부되다,고급
6,결산,0,명사,연말 결산,고급
6,결선,0,명사,결선에 진출하다,고급
6,결성,0,명사,팀 결성,고급
6,결속,0,명사,결속을 강화하다,고급
6,결승선,0,명사,결승선을 넘다,고급
6,결여,0,명사,객관성 결여,고급
6,결의,1,명사,결의를 다지다,고급
6,결의,2,명사,결의 사항,고급
6,결점,0,명사,결점을 보완하다,고급
6,결정짓다,0,동사,승패를 결정짓다,고급
6,결핍,0,명사,영양 결핍,고급
6,결함,0,명사,기계 결함,고급
6,겸허,0,명사,겸허한 태도,고급
6,경각심,0,명사,경각심을 일깨우다,고급
6,경건하다,0,형용사,마음이 경건하다,고급
6,경계,2,명사,경계를 풀다,고급
6,경고문,0,명사,경고문을 붙이다,고급
6,경공업,0,명사,경공업 발전,고급
6,경관,0,명사,주변 경관,고급
6,경련,0,명사,경련이 일어나다,고급
6,경로,2,명사,경로를 변경하다,고급
6,경매,0,명사,경매 가격,고급
6,경멸,0,명사,경멸의 시선,고급
6,경보,1,명사,경보가 발령되다,고급
6,경사,1,명사,경사가 가파르다,고급
6,경시,0,명사,생명 경시,고급
6,경악,0,명사,경악을 금치 못하다,고급
6,경연,0,명사,요리 경연,고급
6,경영진,0,명사,회사 경영진,고급
6,경유,1,명사,경유 노선,고급
6,경이롭다,0,형용사,경이로운 광경,고급
6,경전,0,명사,불교 경전,고급
6,경제권,1,명사,동북아 경제권,고급
6,경제성,0,명사,경제성이 떨어지다,고급
6,경지,0,명사,경지에 이르다,고급
6,경직,0,명사,근육 경직,고급
6,경청,0,명사,강의 경청,고급
6,곁눈질,0,명사,곁눈질로 보다,고급
6,곁들이다,0,동사,양념을 곁들이다,고급
6,계승,0,명사,왕위 계승,고급
6,계통,0,명사,호흡기 계통,고급
6,고가,2,명사,고가로 팔다,고급
6,고갈,1,명사,에너지 고갈,고급
6,고귀하다,0,형용사,신분이 고귀하다,고급
6,고기잡이,0,명사,고기잡이 어선,고급
6,고난,0,명사,고난을 극복하다,고급
6,고다,0,동사,사골을 고다,고급
6,고달프다,0,형용사,생활이 고달프다,고급
6,고되다,0,형용사,일이 고되다,고급
6,고령,0,명사,고령 사회,고급
6,고령화,0,명사,고령화 시대,고급
6,고루,0,부사,고루 나누다,고급
6,고립,0,명사,고립 상태,고급
6,고무신,0,명사,고무신을 신다,고급
6,고비,0,명사,고비를 넘기다,고급
6,고사하다,0,동사,1등은 고사하고,고급
6,고소득,0,명사,고소득을 올리다,고급
6,고수,1,명사,입장 고수,고급
6,고스란히,0,부사,고스란히 전하다,고급
6,고심,0,명사,고심이 크다,고급
6,고안,0,명사,방법 고안,고급
6,고약하다,0,형용사,냄새가 고약하다,고급
6,고요히,0,부사,고요히 잠들다,고급
6,고용,0,명사,직원 고용,고급
6,고용,0,명사,고용을 창출하다,고급
6,고위,0,명사,고위 관리,고급
6,고의,0,명사,고의로 저지르다,고급
6,고인,2,명사,고인을 추모하다,고급
6,고조,2,명사,분위기 고조,고급
6,고진감래,0,명사,,고급
6,고찰,0,명사,철학적 고찰,고급
6,고충,0,명사,고충을 털어놓다,고급
6,고함,0,명사,고함 소리,고급
6,곤경,0,명사,곤경에 처하다,고급
6,곤궁,0,명사,곤궁에 빠지다,고급
6,곤두세우다,0,동사,신경을 곤두세우다,고급
6,곤욕,0,명사,곤욕을 치르다,고급
6,골대,0,명사,골대에 들어가다,고급
6,골머리,0,명사,골머리를 앓다,고급
6,골짜기,0,명사,골짜기가 깊다,고급
6,골칫거리,0,명사,골칫거리가 생기다,고급
6,곪다,0,동사,상처가 곪다,고급
6,곰곰이,0,부사,곰곰이 생각하다,고급
6,곰팡이,0,명사,곰팡이가 피다,고급
6,공간적01∙공간적,2,관형사∙명사,공간적 제약,고급
6,공개적01∙공개적,2,관형사∙명사,공개적 사과,고급
6,공공연하다,0,형용사,공공연한 비밀,고급
6,공권력,0,명사,공권력을 강화하다,고급
6,공략,0,명사,집중 공략,고급
6,공로,0,명사,공로를 세우다,고급
6,공립,0,명사,공립 도서관,고급
6,공모,1,명사,공모에 입선하다,고급
6,공방,2,명사,공방이 치열하다,고급
6,공백,0,명사,공백을 채우다,고급
6,공산주의,0,명사,공산주의 사상,고급
6,공산품,0,명사,공산품을 제조하다,고급
6,공세,0,명사,공세에 맞서다,고급
6,공약,1,명사,공약을 내걸다,고급
6,공연히,0,부사,공연히 화를 내다,고급
6,공용어,0,명사,공용어로 삼다,고급
6,공적,3,명사,공적을 쌓다,고급
6,공정,2,명사,공정 선거,고급
6,공정성,0,명사,공정성을 잃다,고급
6,공존,0,명사,평화 공존,고급
6,공중위생,0,명사,공중위생 관리,고급
6,공직,0,명사,공직에 나서다,고급
6,공터,0,명사,공터에 모이다,고급
6,공포,1,명사,헌법 공포,고급
6,공허하다,0,형용사,마음이 공허하다,고급
6,공헌,0,명사,사회 공헌,고급
6,과감히,0,부사,과감히 맞서다,고급
6,과격하다,0,형용사,행동이 과격하다,고급
6,과녁,0,명사,과녁을 맞추다,고급
6,과다,0,명사,과다 출혈,고급
6,과민,0,명사,과민 반응,고급
6,과부,0,명사,과부가 되다,고급
6,과시,0,명사,능력 과시,고급
6,과열,0,명사,과열 경쟁,고급
6,과잉,0,명사,과잉 생산,고급
6,과찬,0,명사,과찬의 말씀,고급
6,관,3,명사,관을 짜다,고급
6,관념,0,명사,고정 관념,고급
6,관련자,0,명사,관련자를 조사하다,고급
6,관례,2,명사,관례를 따르다,고급
6,관료,0,명사,관료 사회,고급
6,관리,1,명사,고급 관리,고급
6,관세,0,명사,관세를 물다,고급
6,관여,0,명사,정부의 관여,고급
6,관용적01∙관용적,2,관형사∙명사,관용적 표현,고급
6,관절,0,명사,무릎 관절,고급
6,관직,0,명사,관직에 오르다,고급
6,관측,0,명사,천문 관측,고급
6,관행,0,명사,관행을 따르다,고급
6,관혼상제,0,명사,,고급
6,광범위하다,0,형용사,지역이 광범위하다,고급
6,광복,0,명사,광복을 맞이하다,고급
6,광부,0,명사,광부가 되다,고급
6,광업,0,명사,광업에 종사하다,고급
6,광활하다,0,형용사,평야가 광활하다,고급
6,교감,1,명사,교감을 나누다,고급
6,교란,0,명사,사회 교란,고급
6,교묘하다,0,형용사,교묘한 속임수,고급
6,교섭,0,명사,교섭이 이루어지다,고급
6,교정,4,명사,치아 교정,고급
6,교활하다,0,형용사,성격이 교활하다,고급
6,구,6,명사,구의 반지름,고급
6,구걸,0,명사,구걸을 다니다,고급
6,구기,0,명사,구기 종목,고급
6,구기다,0,동사,종이를 구기다,고급
6,구불구불하다,0,동사,길이 구불구불하다,고급
6,구불구불하다,0,형용사,길이 구불구불하다,고급
6,구사일생,0,명사,,고급
6,구슬,0,명사,구슬을 꿰다,고급
6,구실,1,명사,구실을 못하다,고급
6,구어,0,명사,구어와 문어,고급
6,구원,0,명사,구원 요청,고급
6,구인난,0,명사,구인난을 겪다,고급
6,구절,0,명사,시 구절,고급
6,구제,1,명사,구제 대책,고급
6,구조적01∙구조적,2,관형사∙명사,구조적 모순,고급
6,구체화,0,명사,구체화 단계,고급
6,구축,0,명사,통신망 구축,고급
6,구출,0,명사,구출 작전,고급
6,구태여,0,부사,구태여 말리지 않다,고급
6,구태의연하다,0,형용사,태도가 구태의연하다,고급
6,구토,0,명사,구토를 일으키다,고급
6,구형,3,명사,구형과 신형,고급
6,구호,1,명사,구호를 외치다,고급
6,구호,2,명사,난민 구호,고급
6,국가적01∙국가적,2,관형사∙명사,국가적 손실,고급
6,국경,0,명사,국경을 초월하다,고급
6,국고,0,명사,국고를 지원하다,고급
6,국군,0,명사,국군 장병,고급
6,국내외,0,명사,국내외 정세,고급
6,국력,0,명사,국력 신장,고급
6,국무총리,0,명사,국무총리로 임명되다,고급
6,국민적01∙국민적,2,관형사∙명사,국민적 관심,고급
6,국방,0,명사,국방의 의무,고급
6,국보,0,명사,국보로 지정하다,고급
6,국비,0,명사,국비 유학,고급
6,국왕,0,명사,국왕이 즉위하다,고급
6,국장,1,명사,국장으로 승진하다,고급
6,국정,2,명사,국정 운영,고급
6,국제적01∙국제적,2,관형사∙명사,국제적 갈등,고급
6,국한,0,명사,국한을 시키다,고급
6,군계일학,0,명사,,고급
6,군밤,0,명사,군밤을 먹다,고급
6,군중,0,명사,군중이 모이다,고급
6,굴곡,0,명사,굴곡이 심하다,고급
6,굴다,0,동사,귀찮게 굴다,고급
6,굴레,0,명사,굴레에서 벗어나다,고급
6,굴리다,0,동사,공을 굴리다,고급
6,굶주리다,0,동사,굶주린 배,고급
6,굶주림,0,명사,굶주림에 시달리다,고급
6,궁극적01∙궁극적,2,관형사∙명사,궁극적 목표,고급
6,궁리,0,명사,궁리가 떠오르다,고급
6,궂다,0,형용사,날씨가 궂다,고급
6,권고,0,명사,권고를 받다,고급
6,권익,0,명사,권익을 향상시키다,고급
6,권장,0,명사,권장 사항,고급
6,권총,0,명사,권총을 쏘다,고급
6,권태,0,명사,권태를 느끼다,고급
6,권투,0,명사,권투 선수,고급
6,권한,0,명사,권한을 부여하다,고급
6,궤도,0,명사,궤도에 오르다,고급
6,귀감,0,명사,귀감으로 삼다,고급
6,귀납적01∙귀납적,2,관형사∙명사,귀납적 사고,고급
6,귀족,0,명사,왕실 귀족,고급
6,귀천,1,명사,귀천이 없다,고급
6,귀향,0,명사,귀향 인파,고급
6,규범,0,명사,규범을 어기다,고급
6,규율,0,명사,규율을 지키다,고급
6,규제,0,명사,규제를 강화하다,고급
6,균,0,명사,균에 감염되다,고급
6,그간,0,명사,그간의 사정,고급
6,그나저나,0,부사,그나저나 다행이다,고급
6,그르다,1,형용사,그른 행동,고급
6,그르다,2,동사,그른 행동,고급
6,그릇되다,0,동사,그릇된 가치관,고급
6,그윽하다,0,형용사,향기가 그윽하다,고급
6,그지없다,0,형용사,기쁘기가 그지없다,고급
6,극,1,명사,극에 달하다,고급
6,극대화,0,명사,효과의 극대화,고급
6,극도,0,명사,극도로 긴장하다,고급
6,극성,0,명사,극성을 피우다,고급
6,극소수,0,명사,극소수의 인원,고급
6,극적01∙극적,2,관형사∙명사,극적 갈등,고급
6,근,2,관형사,근 열흘,고급
6,근간,3,명사,근간을 이루다,고급
6,근력,0,명사,근력이 약하다,고급
6,근면,0,명사,근면 성실,고급
6,근시안,0,명사,근시안과 원시안,고급
6,금상첨화,0,명사,,고급
6,금시초문,0,명사,,고급
6,금융업,0,명사,금융업에 종사하다,고급
6,금의환향,0,명사,,고급
6,금지옥엽,0,명사,,고급
6,급급하다,0,형용사,먹고살기에 급급하다,고급
6,급기야,0,부사,급기야 쓰러지다,고급
6,급등,0,명사,주가 급등,고급
6,급락,0,명사,주가 급락,고급
6,급류,0,명사,급류에 떠내려가다,고급
6,급변,0,명사,상황 급변,고급
6,급성,0,명사,급성 질환,고급
6,급속,0,명사,급속 충전,고급
6,긍정,0,명사,긍정의 대답,고급
6,긍지,0,명사,긍지를 느끼다,고급
6,기고,0,명사,잡지 기고,고급
6,기관지,0,명사,기관지 염증,고급
6,기교,0,명사,기교를 부리다,고급
6,기권,0,명사,선거 기권,고급
6,기금,0,명사,기금을 마련하다,고급
6,기기,1,명사,컴퓨터 기기,고급
6,기꺼이,0,부사,기꺼이 희생하다,고급
6,기껏,0,부사,기껏 도와 줬더니,고급
6,기념회,0,명사,출판 기념회,고급
6,기능적01∙기능적,2,관형사∙명사,기능적 측면,고급
6,기도,1,명사,자살 기도,고급
6,기량,0,명사,기량을 뽐내다,고급
6,기력,0,명사,기력이 없다,고급
6,기류,0,명사,기류를 타다,고급
6,기리다,0,동사,고인을 기리다,고급
6,기립,0,명사,기립 박수,고급
6,기만,0,명사,국민을 기만하다,고급
6,기묘하다,0,형용사,기묘한 이야기,고급
6,기미,2,명사,기미를 보이다,고급
6,기법,0,명사,첨단 기법,고급
6,기색,0,명사,기색을 드러내다,고급
6,기술,2,명사,객관적인 기술,고급
6,기술적01∙기술적,2,관형사∙명사,기술적 어려움,고급
6,기습,0,명사,기습 방문,고급
6,기아,0,명사,기아 체험,고급
6,기약,0,명사,기약이 없다,고급
6,기어가다,0,동사,바닥을 기어가다,고급
6,기어들다,0,동사,동굴로 기어들다,고급
6,기어오르다,0,동사,나무에 기어오르다,고급
6,기어이,0,부사,기어이 해 내다,고급
6,기어코,0,부사,기어코 해 내다,고급
6,기업체,0,명사,기업체를 운영하다,고급
6,기웃거리다,0,동사,방 안을 기웃거리다,고급
6,기이하다,0,형용사,생김새가 기이하다,고급
6,기인하다,0,동사,부주의에 기인하다,고급
6,기저귀,0,명사,기저귀를 차다,고급
6,기절,0,명사,기절 상태,고급
6,기질,0,명사,낙천적 기질,고급
6,기특하다,0,형용사,행동이 기특하다,고급
6,기틀,0,명사,기틀을 잡다,고급
6,기품,1,명사,기품이 높다,고급
6,기피,0,명사,책임 기피,고급
6,기필코,0,부사,기필코 성공하다,고급
6,기행,2,명사,제주도 기행,고급
6,기호품,0,명사,기호품을 사다,고급
6,긴밀하다,0,형용사,긴밀한 관계,고급
6,길들이다,0,동사,강아지를 길들이다,고급
6,길쭉하다,0,형용사,얼굴이 길쭉하다,고급
6,깃,2,명사,깃을 세우다,고급
6,깃들다,0,동사,영혼이 깃들다,고급
6,깃발,0,명사,깃발을 흔들다,고급
6,깊숙이,0,부사,깊숙이 들어가다,고급
6,까마득하다,0,형용사,앞길이 까마득하다,고급
6,까무러치다,0,동사,놀라서 까무러치다,고급
6,깡통,0,명사,깡통을 따다,고급
6,깨소금,0,명사,깨소금을 볶다,고급
6,깨우치다,0,동사,원리를 깨우치다,고급
6,꺼리다,0,동사,공개를 꺼리다,고급
6,꺼림칙하다,0,형용사,왠지 꺼림칙하다,고급
6,껴입다,0,동사,옷을 껴입다,고급
6,꼬이다,2,동사,일이 꼬이다,고급
6,꼬집다,0,동사,볼을 꼬집다,고급
6,꼬치꼬치,0,부사,꼬치꼬치 캐묻다,고급
6,꼴불견,0,명사,꼴불견인 행동,고급
6,꾀,0,명사,꾀를 부리다,고급
6,꾀하다,0,동사,변화를 꾀하다,고급
6,꾹,0,부사,꾹 누르다,고급
6,꿈틀거리다,0,동사,지렁이가 꿈틀거리다,고급
6,꿰다,0,동사,실을 꿰다,고급
6,꿰뚫다,0,동사,과녁을 꿰뚫다,고급
6,뀌다,0,동사,방귀를 끼다,고급
6,끈끈하다,0,형용사,끈끈한 가래침,고급
6,끈질기다,0,형용사,끈질긴 노력,고급
6,끌려가다,0,동사,경찰서에 끌려가다,고급
6,끓어오르다,0,동사,물이 끓어오르다,고급
6,끔찍이,0,부사,끔찍이 싫어하다,고급
6,끼얹다,0,동사,물을 끼얹다,고급
6,나그네,0,명사,떠돌아다니는 나그네,고급
6,나날,0,명사,나날을 보내다,고급
6,나른하다,0,형용사,온몸이 나른하다,고급
6,나부끼다,0,동사,깃발이 나부끼다,고급
6,나약하다,0,형용사,의지가 나약하다,고급
6,나지막하다,0,형용사,산이 나지막하다,고급
6,낙타,0,명사,동물,고급
6,낙태,0,명사,낙태 수술,고급
6,낙후,0,명사,낙후 지역,고급
6,난감하다,0,형용사,상황이 난감하다,고급
6,난관,2,명사,난관을 극복하다,고급
6,난데없이,0,부사,난데없이 나타나다,고급
6,난생,0,부사,난생 한 번도,고급
6,난청,0,명사,난청 치료,고급
6,난폭,0,명사,난폭 운전,고급
6,날뛰다,0,동사,말이 날뛰다,고급
6,남김없이,0,부사,남김없이 먹다,고급
6,남녀평등,0,명사,남녀평등 시대,고급
6,남용,0,명사,약물 남용,고급
6,납득,0,명사,납득이 가다,고급
6,낭송,0,명사,시 낭송,고급
6,낭패,0,명사,낭패를 보다,고급
6,낱낱이,0,부사,낱낱이 조사하다,고급
6,내걸다,0,동사,간판을 내걸다,고급
6,내던지다,0,동사,밖으로 내던지다,고급
6,내려서다,0,동사,바닥에 내려서다,고급
6,내륙,0,명사,내륙 지방,고급
6,내리막길,0,명사,내리막길을 내려가다,고급
6,내막,1,명사,내막이 드러나다,고급
6,내몰다,0,동사,밖으로 내몰다,고급
6,내몰리다,0,동사,밖으로 내몰리다,고급
6,내뿜다,0,동사,물을 내뿜다,고급
6,내실,2,명사,내실을 기하다,고급
6,내심,0,명사,속마음,고급
6,내장,0,명사,생선 내장,고급
6,내적01∙내적,2,관형사∙명사,내적 갈등,고급
6,내젓다,0,동사,팔을 내젓다,고급
6,내지,1,부사,열 명 내지 스무 명,고급
6,내치다,0,동사,밖으로 내치다,고급
6,내키다,0,동사,마음이 내키다,고급
6,냇가,0,명사,냇가에서 놀다,고급
6,냉담하다,0,형용사,말투가 냉담하다,고급
6,냉전,0,명사,냉전이 끝나다,고급
6,냉정,0,명사,냉정을 잃다,고급
6,냉혹하다,0,형용사,현실이 냉혹하다,고급
6,넋,0,명사,넋을 잃다,고급
6,널리다,0,동사,빨래가 널리다,고급
6,넓적하다,0,형용사,얼굴이 넓적하다,고급
6,넘나들다,0,동사,국경을 넘나들다,고급
6,넘보다,0,동사,안을 넘보다,고급
6,노골적01∙노골적,2,관형사∙명사,노골적으로 드러내다,고급
6,노령,0,명사,노령 연금,고급
6,노른자,0,명사,계란 노른자,고급
6,노릇,0,명사,선생 노릇,고급
6,노리다,1,동사,우승을 노리다,고급
6,노부부,0,명사,한 쌍의 노부부,고급
6,노사,0,명사,노사 교섭,고급
6,노여움,0,명사,노여움을 풀다,고급
6,노크,0,명사,노크 소리,고급
6,노폐물,0,명사,노폐물이 쌓이다,고급
6,노하다,0,동사,할아버지가 노하다,고급
6,녹슬다,0,동사,칼이 녹슬다,고급
6,녹아내리다,0,동사,얼음이 녹아내리다,고급
6,녹지,0,명사,녹지가 조성되다,고급
6,녹초,0,명사,녹초가 되다,고급
6,논란,0,명사,논란이 되다,고급
6,논설문,0,명사,논설문을 쓰다,고급
6,논증,0,명사,가설 논증,고급
6,논평,0,명사,시사 논평,고급
6,논하다,0,동사,인생을 논하다,고급
6,농어촌,0,명사,농어촌 생활,고급
6,높임법,0,명사,언어,고급
6,뇌물,0,명사,뇌물을 주다,고급
6,뇌사,0,명사,뇌사 상태,고급
6,뇌졸중,0,명사,뇌졸중에 걸리다,고급
6,누비다,0,동사,옷을 누비다,고급
6,누이,0,명사,사촌 누이,고급
6,누출,0,명사,가스 누출,고급
6,눈꺼풀,0,명사,눈꺼풀이 감기다,고급
6,눈물겹다,0,형용사,노력이 눈물겹다,고급
6,눈여겨보다,0,동사,행동을 눈여겨보다,고급
6,눈초리,0,명사,눈초리가 매섭다,고급
6,눈총,0,명사,눈총을 주다,고급
6,느닷없이,0,부사,느닷없이 나타나다,고급
6,느슨하다,0,형용사,매듭이 느슨하다,고급
6,늘어뜨리다,0,동사,머리를 늘어뜨리다,고급
6,늠름하다,0,형용사,자세가 늠름하다,고급
6,능사,0,명사,능사로 알다,고급
6,능통하다,0,형용사,외국어에 능통하다,고급
6,능하다,0,형용사,임기응변에 능하다,고급
6,다국적,0,명사,다국적 기업,고급
6,다그치다,0,동사,잘못을 다그치다,고급
6,다량,0,명사,다량으로 구입하다,고급
6,다분히,0,부사,다분히 고의적이다,고급
6,다시금,0,부사,다시금 시작하다,고급
6,다지다,1,동사,땅을 다지다,고급
6,다짜고짜,0,부사,다짜고짜 따지다,고급
6,다채롭다,0,형용사,행사가 다채롭다,고급
6,단가,0,명사,단가가 싸다,고급
6,단거리,0,명사,단거리와 장거리,고급
6,단결,0,명사,단결을 다지다,고급
6,단계적01∙단계적,2,관형사∙명사,단계적 절차,고급
6,단념,0,명사,단념이 빠르다,고급
6,단단히,0,부사,단단히 다지다,고급
6,단돈,0,명사,단돈 천 원,고급
6,단란하다,0,형용사,가정이 단란하다,고급
6,단련,0,명사,심신 단련,고급
6,단번에,0,부사,단번에 이해하다,고급
6,단서,2,명사,단서를 찾다,고급
6,단숨에,0,부사,단숨에 마시다,고급
6,단시간,0,명사,단시간에 끝내다,고급
6,단연,0,부사,단연 으뜸이다,고급
6,단적01∙단적,2,관형사∙명사,단적인 예,고급
6,단호하다,0,형용사,태도가 단호하다,고급
6,달구다,0,동사,프라이팬을 달구다,고급
6,달라붙다,0,동사,스티커가 달라붙다,고급
6,달아오르다,0,동사,냄비가 달아오르다,고급
6,담담하다,0,형용사,마음이 담담하다,고급
6,담보,0,명사,담보로 잡히다,고급
6,담장,0,명사,담장을 넘다,고급
6,답례,0,명사,답례를 받다,고급
6,답사,2,명사,현장 답사,고급
6,당,3,명사,당을 조직하다,고급
6,당당히,0,부사,당당히 맞서다,고급
6,당락,0,명사,당락이 좌우되다,고급
6,당사자,0,명사,사건 당사자,고급
6,당혹,0,명사,당혹을 금치 못하다,고급
6,대,0,명사,남자 대 남자,고급
6,대,8,의존명사,남자 대 남자,고급
6,대거,1,명사,대거 투입,고급
6,대거,2,부사,대거 투입,고급
6,대금,2,명사,공사 대금,고급
6,대기만성,0,명사,,고급
6,대담하다,2,형용사,대담한 행동,고급
6,대대손손,0,명사,,고급
6,대대적01∙대대적,2,관형사∙명사,대대적으로 보도하다,고급
6,대두,2,명사,문제의 대두,고급
6,대들다,0,동사,어른에게 대들다,고급
6,대뜸,0,부사,대뜸 말하다,고급
6,대목,0,명사,설날 대목,고급
6,대박,0,명사,대박이 나다,고급
6,대변,0,명사,의견 대변,고급
6,대북,0,명사,대북 정책,고급
6,대성통곡,0,명사,,고급
6,대수롭다,0,형용사,대수로운 일,고급
6,대안,0,명사,대안을 내놓다,고급
6,대양,0,명사,태평양,고급
6,대외,0,명사,대외 무역,고급
6,대원,0,명사,탐험대 대원,고급
6,대장,2,명사,대장 내시경,고급
6,대접,1,명사,대접에 담다,고급
6,대중성,0,명사,대중성이 있다,고급
6,대폭,1,명사,대폭 늘리다,고급
6,대폭,2,부사,대폭 늘리다,고급
6,대학가,0,명사,대학가가 번화하다,고급
6,대항,0,명사,대항 세력,고급
6,댕기다,0,동사,불을 댕기다,고급
6,더군다나,0,부사,,고급
6,더더욱,0,부사,,고급
6,더듬다,0,동사,손을 더듬다,고급
6,더디다,0,형용사,시간이 더디다,고급
6,더러,0,부사,더러 보이다,고급
6,더미,0,명사,서류 더미,고급
6,더부룩하다,2,형용사,속이 더부룩하다,고급
6,덕목,0,명사,덕목을 배우다,고급
6,덜렁대다,0,동사,성격이 덜렁대다,고급
6,덜컥,1,부사,겁이 덜컥 나다,고급
6,덤,0,명사,덤으로 주다,고급
6,덤벼들다,0,동사,적에게 덤벼들다,고급
6,덤비다,0,동사,상대방에게 덤비다,고급
6,덥히다,0,동사,물을 덥히다,고급
6,덩달다,0,동사,덩달아 웃다,고급
6,덩치,0,명사,덩치가 크다,고급
6,덮치다,0,동사,불행이 덮치다,고급
6,도,2,명사,도가 지나치다,고급
6,도덕,0,명사,도덕을 지키다,고급
6,도덕성,0,명사,도덕성을 갖추다,고급
6,도덕적01∙도덕적,2,관형사∙명사,도덕적 관념,고급
6,도래,1,명사,정보화 시대의 도래,고급
6,도리,0,명사,도리에 어긋나다,고급
6,도립,0,명사,도립 도서관,고급
6,도맡다,0,동사,역할을 도맡다,고급
6,도모,0,명사,친목 도모,고급
6,도약,0,명사,도약 자세,고급
6,도처,0,명사,도처에 널리다,고급
6,도태,0,명사,도태를 겪다,고급
6,독거노인,0,명사,독거노인을 돕다,고급
6,독사,0,명사,독사에 물리다,고급
6,독선적01∙ 독선적,2,관형사∙명사,독선적 성격,고급
6,독성,0,명사,독성 물질,고급
6,독자적01∙ 독자적,2,관형사∙명사,독자적 행동,고급
6,독재,0,명사,독재 정권,고급
6,독재자,0,명사,독재자가 되다,고급
6,독점,0,명사,독점 광고,고급
6,독창성,0,명사,예술적 독창성,고급
6,돈독하다,0,형용사,우애가 돈독하다,고급
6,돌아다보다,0,동사,뒤를 돌아다보다,고급
6,돌연변이,0,명사,돌연변이 유전자,고급
6,돌파,0,명사,정면 돌파,고급
6,동경,2,명사,동경의 대상,고급
6,동등,0,명사,기회 동등,고급
6,동력,0,명사,동력 장치,고급
6,동맥,0,명사,동맥 경화,고급
6,동메달,0,명사,동메달을 따다,고급
6,동문서답,0,명사,,고급
6,동병상련,0,명사,,고급
6,동상이몽,0,명사,,고급
6,동성,2,명사,동성 친구,고급
6,동시통역,0,명사,동시통역 기능,고급
6,동요,1,명사,건물의 동요,고급
6,동적01∙ 동적,2,관형사∙명사,동적 활동,고급
6,동정,2,명사,동정을 느끼다,고급
6,동질성,0,명사,문화적 동질성,고급
6,동참,0,명사,시민들의 동참,고급
6,동향,3,명사,연구 동향,고급
6,동호인,0,명사,여행 동호인,고급
6,되뇌다,0,동사,입버릇처럼 되뇌다,고급
6,되새기다,0,동사,말씀을 되새기다,고급
6,된소리,0,명사,된소리 발음,고급
6,두각,0,명사,두각을 나타내다,고급
6,두루,0,부사,두루 갖추다,고급
6,두툼하다,0,형용사,고기가 두툼하다,고급
6,둑,0,명사,둑을 쌓다,고급
6,둘러앉다,0,동사,밥상에 둘러앉다,고급
6,둥그렇다,0,형용사,보름달이 둥그렇다,고급
6,둥둥,2,부사,둥둥 떠내려가다,고급
6,뒤덮이다,0,동사,눈으로 뒤덮이다,고급
6,뒤돌아보다,0,동사,휙 뒤돌아보다,고급
6,뒤바뀌다,0,동사,순서가 뒤바뀌다,고급
6,뒤섞이다,0,동사,여러 가지가 뒤섞이다,고급
6,뒤엉키다,0,동사,차들이 뒤엉키다,고급
6,뒤적이다,0,동사,주머니를 뒤적이다,고급
6,뒤죽박죽,0,명사,뒤죽밖죽으로 섞이다,고급
6,뒤쫓다,0,동사,범인을 뒤쫓다,고급
6,뒤통수,0,명사,뒤통수를 긁다,고급
6,뒤틀리다,0,동사,몸이 뒤틀리다,고급
6,뒷바라지,0,명사,아들 뒷바라지,고급
6,뒷일,0,명사,뒷일을 부탁하다,고급
6,뒷전,0,명사,뒷전에 서다,고급
6,뒹굴다,0,동사,진흙탕을 뒹굴다,고급
6,드러눕다,0,동사,바닥에 드러눕다,고급
6,드리우다,0,동사,커튼이 드리우다,고급
6,드세다,0,형용사,고집이 드세다,고급
6,득점,0,명사,득점과 실점,고급
6,들끓다,0,동사,벌레로 들끓다,고급
6,들뜨다,0,동사,들뜬 기분,고급
6,들락날락하다,0,동사,이곳저곳 들락날락하다,고급
6,들먹이다,0,동사,약점을 들먹이다,고급
6,들썩이다,0,동사,어깨가 들썩이다,고급
6,들어맞다,0,동사,예상이 들어맞다,고급
6,들어차다,0,동사,물이 들어차다,고급
6,들여놓다,0,동사,안으로 들여놓다,고급
6,들여다보이다,0,동사,집 안이 들여다보이다,고급
6,들이닥치다,0,동사,경찰들이 들이닥치다,고급
6,들이마시다,2,동사,숨을 들이마시다,고급
6,들이켜다,0,동사,물을 들이켜다,고급
6,들추다,0,동사,이불을 들추다,고급
6,등,4,명사,등을 밝히다,고급
6,등골,1,명사,등골이 서늘하다,고급
6,등급,0,명사,등급을 나누다,고급
6,등급,0,의존명사,등급을 나누다,고급
6,등용문,0,명사,등용문을 거치다,고급
6,등재,0,명사,잡지 등재,고급
6,등지,0,의존명사,"서울, 부산 등지",고급
6,등지다,0,동사,친구와 등지다,고급
6,딛다,0,동사,땅에 발을 딛다,고급
6,따돌리다,0,동사,친구를 따돌리다,고급
6,따라나서다,0,동사,친구를 따라나서다,고급
6,딱하다,0,형용사,사정이 딱하다,고급
6,딱히,2,부사,딱히 갈 곳이 없다,고급
6,때마침,0,부사,때마침 만나다,고급
6,떠넘기다,0,동사,책임을 떠넘기다,고급
6,떠다니다,0,동사,둥둥 떠다니다,고급
6,떠돌아다니다,0,동사,정처 없이 떠돌아다니다,고급
6,떠밀리다,0,동사,밖으로 떠밀리다,고급
6,떨구다,0,동사,고개를 떨구다,고급
6,떨치다,1,동사,이름을 떨치다,고급
6,떨치다,2,동사,걱정을 떨치다,고급
6,뜨이다,0,동사,눈이 번쩍 뜨이다,고급
6,뜯어내다,0,동사,달력을 뜯어내다,고급
6,띄어쓰기,0,명사,띄어쓰기 규칙,고급
6,로맨틱,0,명사,로맨틱한 분위기,고급
6,리그,0,명사,축구 리그,고급
6,마누라,0,명사,마누라를 얻다,고급
6,마다하다,0,동사,권유를 마다하다,고급
6,마지못하다,0,형용사,마지못한 걸음을 하다,고급
6,마취,0,명사,전신 마취,고급
6,막강,0,명사,막강 체력,고급
6,막다르다,0,형용사,막다른 길,고급
6,막대,0,명사,나무 막대,고급
6,막대하다,0,형용사,막대한 손실,고급
6,막론하다,0,동사,남녀노소를 막론하다,고급
6,막무가내,0,명사,,고급
6,막바지,0,명사,막바지로 접어들다,고급
6,막상막하,0,명사,,고급
6,막연히,0,부사,막연히 생각하다,고급
6,막중하다,0,형용사,책임이 막중하다,고급
6,막힘없이,0,부사,막힘없이 말하다,고급
6,만끽,0,명사,자유 만끽,고급
6,만사,0,명사,만사가 귀찮다,고급
6,만세00・ 만세,3,감탄사・명사,만세 소리,고급
6,만연,0,명사,전염병 만연,고급
6,만장일치,0,명사,,고급
6,맏형,0,명사,맏형 노릇,고급
6,말단,0,명사,말단 직원,고급
6,말문,0,명사,말문이 막히다,고급
6,말미암다,0,동사,부주의로 말미암다,고급
6,말솜씨,0,명사,말솜씨가 좋다,고급
6,말썽,0,명사,말썽을 부리다,고급
6,망,3,명사,망을 씌우다,고급
6,망신,0,명사,망신을 당하다,고급
6,망원경,0,명사,망원경으로 보다,고급
6,망치,0,명사,망치로 두드리다,고급
6,맞먹다,0,동사,맞먹는 거리,고급
6,맞붙다,0,동사,서로 맞붙다,고급
6,맞아떨어지다,0,동사,계산이 맞아떨어지다,고급
6,맞장구,0,명사,맞장구를 치다,고급
6,맞춤,0,명사,맞춤 구두,고급
6,매,4,의존명사,원고지 백 매,고급
6,매기다,0,동사,점수를 매기다,고급
6,매니저,0,명사,연예인 매니저,고급
6,매듭,0,명사,매듭을 짓다,고급
6,매료,0,명사,청중을 매료하다,고급
6,매립,0,명사,매립 공사,고급
6,매장,1,명사,시신 매장,고급
6,매진,2,명사,학업에 매진을 하다,고급
6,맥,0,명사,맥이 빠지다,고급
6,맥락,0,명사,같은 맥락,고급
6,맥박,0,명사,맥박이 뛰다,고급
6,맴돌다,0,동사,주변을 맴돌다,고급
6,맵시,0,명사,맵시가 나다,고급
6,맹렬하다,0,형용사,맹렬한 기세,고급
6,맺히다,0,동사,열매가 맺히다,고급
6,머금다,0,동사,물을 머금다,고급
6,머리맡,0,명사,머리맡에 앉다,고급
6,먹구름,0,명사,먹구름이 끼다,고급
6,멀다,1,동사,눈이 멀다,고급
6,멋스럽다,0,형용사,옷차림이 멋스럽다,고급
6,멍들다,0,동사,무릎이 멍들다,고급
6,면모,0,명사,면모를 살피다,고급
6,면역,0,명사,면역 체계,고급
6,면회,0,명사,면회를 가다,고급
6,명당,0,명사,최고의 명당,고급
6,명료하다,0,형용사,명료한 표현,고급
6,명목,0,명사,명목을 유지하다,고급
6,명문,2,명사,명문 대학교,고급
6,명백하다,0,형용사,명백한 잘못,고급
6,명복,0,명사,명복을 빌다,고급
6,명분,0,명사,명분이 없다,고급
6,명승지,0,명사,명승지를 방문하다,고급
6,명실상부,0,명사,,고급
6,명중,0,명사,과녁 명중,고급
6,명칭,0,명사,공식 명칭,고급
6,모닥불,0,명사,모닥불을 피우다,고급
6,모색,0,명사,방안의 모색,고급
6,모서리,0,명사,탁자 모서리,고급
6,모순,0,명사,구조적인 모순,고급
6,모욕,0,명사,모욕을 느끼다,고급
6,모유,0,명사,모유를 주다,고급
6,모질다,0,형용사,성격이 모질다,고급
6,모퉁이,0,명사,모퉁이를 돌다,고급
6,모티브,0,명사,작품의 모티브,고급
6,모호하다,0,형용사,설명이 모호하다,고급
6,목덜미,0,명사,목덜미를 잡히다,고급
6,몰락,0,명사,로마의 몰락,고급
6,몰려가다,0,동사,우르르 몰려가다,고급
6,몰아가다,0,동사,기세를 몰아가다,고급
6,몰아내다,0,동사,밖으로 몰아내다,고급
6,몰아넣다,0,동사,궁지에 몰아넣다,고급
6,몰아쉬다,0,동사,숨을 몰아쉬다,고급
6,몰아치다,0,동사,눈보라가 몰아치다,고급
6,몰입,0,명사,감정 몰입,고급
6,몸집,0,명사,몸집이 크다,고급
6,못마땅하다,0,형용사,못마땅한 눈초리,고급
6,묘미,0,명사,여행의 묘미,고급
6,묘지,0,명사,묘지를 이장하다,고급
6,묘하다,0,형용사,기분이 묘하다,고급
6,무공해,0,명사,무공해 농산물,고급
6,무궁무진,0,명사,,고급
6,무기력,0,명사,무기력한 태도,고급
6,무더기,0,명사,쓰레기 무더기,고급
6,무던히,0,부사,무던히 노력하다,고급
6,무럭무럭,0,부사,무럭무럭 자라다,고급
6,무력,1,명사,무력 감축,고급
6,무례,0,명사,무례를 범하다,고급
6,무료하다,0,형용사,무료한 시간,고급
6,무르다,3,형용사,살이 무르다,고급
6,무르익다,0,동사,곡식이 무르익다,고급
6,무릅쓰다,0,동사,위험을 무릅쓰다,고급
6,무리,1,명사,무리를 이루다,고급
6,무모하다,0,형용사,무모한 시도,고급
6,무병장수,0,명사,,고급
6,무성하다,0,형용사,잡초가 무성하다,고급
6,무수하다,0,형용사,무수한 별,고급
6,무수히,0,부사,무수히 많다,고급
6,무심히,0,부사,무심히 바라보다,고급
6,무언,0,명사,무언의 압박,고급
6,무용지물,0,명사,,고급
6,무작정,1,명사,무작정 덤비다,고급
6,무작정,2,부사,무작정 덤비다,고급
6,무차별적,1,관형사∙명사,무차별적 수용,고급
6,무차별적,2,관형사∙명사,무차별적 수용,고급
6,무한,0,명사,무한 반복,고급
6,무형,0,명사,무형 문화재,고급
6,묵념,0,명사,묵념에 잠기다,고급
6,묵직하다,0,형용사,가방이 묵직하다,고급
6,묵히다,0,동사,김치를 묵히다,고급
6,문과,0,명사,문과 대학,고급
6,문단,2,명사,문단에 진출하다,고급
6,문상,0,명사,문상을 가다,고급
6,문안,2,명사,문안 인사,고급
6,문지르다,0,동사,수건에 문지르다,고급
6,문학적,1,관형사∙명사,문학적 감수성,고급
6,문학적,2,관형사∙명사,문학적 감수성,고급
6,문헌,0,명사,문헌 자료,고급
6,물끄러미,0,부사,물끄러미 바라보다,고급
6,물들이다,0,동사,옷감을 물들이다,고급
6,물러가다,0,동사,제자리로 물러가다,고급
6,물리다,3,동사,물건을 도로 물리다,고급
6,물리적,1,관형사∙명사,물리적 변화,고급
6,물리적,2,관형사∙명사,물리적 변화,고급
6,물자,0,명사,물자를 공급하다,고급
6,물체,0,명사,비행 물체,고급
6,미각,0,명사,미각을 자극하다,고급
6,미남,0,명사,미남 배우,고급
6,미달,0,명사,기준 미달,고급
6,미덕,0,명사,미덕을 베풀다,고급
6,미묘하다,0,형용사,미묘한 변화,고급
6,미사,0,명사,미사에 참석하다,고급
6,미숙하다,0,형용사,운전이 미숙하다,고급
6,미술가,0,명사,현대 미술가,고급
6,미약하다,0,형용사,미약한 진동,고급
6,미어지다,0,동사,셔츠가 미어지다,고급
6,미정,0,명사,날짜 미정,고급
6,미지,0,명사,미지의 세계,고급
6,미혼모,0,명사,미혼모를 돕다,고급
6,미흡하다,0,형용사,미흡한 설명,고급
6,민간,0,명사,민간 기업,고급
6,민간단체,0,명사,민간단체를 지원하다,고급
6,민망하다,0,형용사,민망한 장면,고급
6,민족주의,0,명사,민족주의 사상,고급
6,민주,0,명사,민주 정치,고급
6,민주적01∙ 민주적,2,관형사∙명사,민주적 절차,고급
6,민주화,0,명사,민주화 운동,고급
6,민첩하다,0,형용사,민첩한 움직임,고급
6,밀도,0,명사,밀도가 높다,고급
6,밀려나다,0,동사,뒤로 밀려나다,고급
6,밀려들다,0,동사,사람이 밀려들다,고급
6,밀림,0,명사,밀림이 울창하다,고급
6,밀어붙이다,0,동사,구석으로 밀어붙이다,고급
6,밀어주다,0,동사,후보를 밀어주다,고급
6,밀접,0,명사,밀접 지역,고급
6,밀착,0,명사,밀착 취재,고급
6,밑거름,0,명사,밑거름이 되다,고급
6,밑창,0,명사,밑창이 닳다,고급
6,바래다,1,동사,색이 바래다,고급
6,바삐,0,부사,바삐 일하다,고급
6,바짝,0,부사,바짝 마르다,고급
6,바퀴벌레,0,명사,바퀴벌레를 잡다,고급
6,박자,0,명사,박자를 맞추다,고급
6,박탈,0,명사,자격 박탈,고급
6,반감,0,명사,반감을 가지다,고급
6,반나절,0,명사,반나절이 걸리다,고급
6,반도,0,명사,반도 국가,고급
6,반도체,0,명사,반도체 산업,고급
6,반론,0,명사,반론을 제기하다,고급
6,반목,0,명사,동료 간의 반목,고급
6,반문,0,명사,반문을 제기하다,고급
6,반세기,0,명사,반세기 동안,고급
6,반신욕,0,명사,반신욕의 효과,고급
6,반주,1,명사,피아노 반주,고급
6,반칙,0,명사,반칙 판정,고급
6,받들다,0,동사,조상을 받들다,고급
6,발각,0,명사,사건이 발각되다,고급
6,발굴,0,명사,유적 발굴,고급
6,발단,0,명사,사건의 발단,고급
6,발돋움,0,명사,세계로 발돋움하다,고급
6,발령,0,명사,지방 발령,고급
6,발병,2,명사,발병을 예방하다,고급
6,발상,2,명사,발상의 전환,고급
6,밥벌이,0,명사,밥벌이로 삼다,고급
6,밧줄,0,명사,밧줄로 묶다,고급
6,방귀,0,명사,방귀를 뀌다,고급
6,방범,0,명사,방범 초소,고급
6,방사능,0,명사,방사능 오염,고급
6,방어,0,명사,방어 자세,고급
6,방언,0,명사,제주도 방언,고급
6,방치,0,명사,쓰레기 방치,고급
6,방침,0,명사,방침을 세우다,고급
6,방패,0,명사,방패로 막다,고급
6,배상,2,명사,손해 배상,고급
6,배설,0,명사,노폐물 배설,고급
6,배신,0,명사,배신을 당하다,고급
6,배역,0,명사,배역을 맡다,고급
6,배제,0,명사,감정을 배제하다,고급
6,배출,0,명사,인재 배출,고급
6,배타적01∙ 배타적,2,관형사∙명사,배타적 관계,고급
6,배포,0,명사,무료 배포,고급
6,배회,0,명사,거리를 배회하다,고급
6,배후,0,명사,배후 세력,고급
6,백년해로,0,명사,,고급
6,백미,2,명사,여행의 백미,고급
6,백수,1,명사,백수 생활,고급
6,백지,0,명사,백지에 쓰다,고급
6,백혈병,0,명사,백혈병에 걸리다,고급
6,번성,0,명사,자손의 번성,고급
6,번식,0,명사,세균 번식,고급
6,번영,0,명사,국가 번영,고급
6,번쩍,2,부사,번쩍 들다,고급
6,번창,0,명사,사업의 번창,고급
6,벌판,0,명사,드넓은 벌판,고급
6,범주,0,명사,같은 범주에 속하다,고급
6,범하다,0,동사,실례를 범하다,고급
6,범행,0,명사,범행 동기,고급
6,법률가,0,명사,국제 법률가,고급
6,법안,0,명사,법안을 검토하다,고급
6,법정,1,명사,법정에 출두하다,고급
6,벗,0,명사,벗을 사귀다,고급
6,벤처,0,명사,벤처 기업,고급
6,벼르다,0,동사,복수를 벼르다,고급
6,벽화,0,명사,벽화를 그리다,고급
6,변,2,명사,한강 변,고급
6,변덕,0,명사,변덕을 부리다,고급
6,변두리,0,명사,서울 변두리,고급
6,변모,0,명사,농촌의 변모,고급
6,변변찮다,0,형용사,옷이 변변찮다,고급
6,변수,0,명사,변수로 작용하다,고급
6,변천,0,명사,시대의 변천,고급
6,변형,0,명사,모양이 변형되다,고급
6,변호,0,명사,변호를 맡다,고급
6,변화무쌍,0,명사,,고급
6,별개,0,명사,별개의 문제,고급
6,별안간,0,명사,별안간 뛰어들다,고급
6,별의별,0,관형사,별의별 생각,고급
6,병동,0,명사,소아과 병동,고급
6,병상,0,명사,병상에 눕다,고급
6,병세,0,명사,병세가 악화되다,고급
6,병적01∙ 병적,2,관형사∙명사,병적 행동,고급
6,병행,0,명사,공부와 일의 병행,고급
6,보건,0,명사,보건 시설,고급
6,보답,0,명사,사랑에 보답하다,고급
6,보류,0,명사,계획 보류,고급
6,보배,0,명사,나라의 보배,고급
6,보복,0,명사,보복을 당하다,고급
6,보유,0,명사,주택을 보유하다,고급
6,보육원,0,명사,보육원에서 자라다,고급
6,보잘것없다,0,형용사,보잘것없는 신세,고급
6,보조금,0,명사,학비 보조금,고급
6,보태다,0,동사,생활비를 보태다,고급
6,보호자,0,명사,보호자 동의,고급
6,복귀,0,명사,원상 복귀,고급
6,복리,1,명사,사회의 복리,고급
6,복부,0,명사,복부 운동,고급
6,복수,2,명사,복수 지원,고급
6,복장,0,명사,간편한 복장,고급
6,복제,0,명사,불법 복제,고급
6,복종,0,명사,무조건적 복종,고급
6,복합적01∙ 복합적,2,관형사∙명사,복합적 감정,고급
6,본격화,0,명사,개발의 본격화,고급
6,본성,0,명사,본성을 드러내다,고급
6,본전,0,명사,본전도 못 찾다,고급
6,봉우리,0,명사,봉우리에 오르다,고급
6,봐주다,0,동사,잘못을 봐주다,고급
6,부가,0,명사,부가 기능,고급
6,부각,0,명사,이미지 부각,고급
6,부고,2,명사,신문에 부고를 내다,고급
6,부닥치다,0,동사,벽에 부닥치다,고급
6,부당,0,명사,부당 해고,고급
6,부도,1,명사,부도가 나다,고급
6,부도나다,0,동사,부도난 수표,고급
6,부득이,0,부사,부득이 취소하다,고급
6,부디,0,부사,부디 건강하세요,고급
6,부르짖다,0,동사,만세를 부르짖다,고급
6,부리다,1,동사,사람을 부려 먹다,고급
6,부설,0,명사,부설 기관,고급
6,부실,0,명사,부실 체력,고급
6,부양,0,명사,가족 부양,고급
6,부응,0,명사,기대에 부응하다,고급
6,부임,0,명사,대통령 부임,고급
6,부재,0,명사,대화의 부재,고급
6,부진,0,명사,성적 부진,고급
6,부착,0,명사,광고 부착,고급
6,부추기다,0,동사,경쟁심을 부추기다,고급
6,부축,0,명사,부축을 받다,고급
6,부패,0,명사,음식물 부패,고급
6,부풀리다,0,동사,머리를 부풀리다,고급
6,부피,0,명사,부피를 재다,고급
6,부활,0,명사,생명의 부활,고급
6,북돋다,0,동사,용기를 북돋다,고급
6,북돋우다,0,동사,용기를 북돋우다,고급
6,북받치다,0,동사,슬픔이 북받치다,고급
6,북적거리다,0,동사,거리가 북적거리다,고급
6,분간,0,명사,사물을 분간하다,고급
6,분기,0,명사,분기 실적,고급
6,분담,0,명사,역할 분담,고급
6,분배,0,명사,소득 분배,고급
6,분별,0,명사,사리 분별,고급
6,분분하다,0,형용사,의견이 분분하다,고급
6,분산,0,명사,인구 분산,고급
6,분열,0,명사,내부 분열,고급
6,분유,0,명사,분유를 먹이다,고급
6,분쟁,0,명사,분쟁을 해결하다,고급
6,분출,0,명사,가스 분출,고급
6,분하다,0,형용사,진 것이 분하다,고급
6,분해,0,명사,지방 분해,고급
6,불경,2,명사,불경을 읽다,고급
6,불과,0,부사,불과 나흘 전,고급
6,불러오다,0,동사,사람을 불러오다,고급
6,불명,0,명사,원인 불명,고급
6,불모지,0,명사,불모지를 개척하다,고급
6,불분명하다,0,형용사,이유가 불분명하다,고급
6,불쑥,0,부사,불쑥 내밀다,고급
6,불안정,0,명사,정서적인 불안정,고급
6,불어넣다,0,동사,활력을 불어넣다,고급
6,불참,0,명사,회의 불참,고급
6,불화,0,명사,가족 불화,고급
6,불황,0,명사,경기 불황,고급
6,불효자,0,명사/대명사,불효자가 되다,고급
6,붐,0,명사,베이비 붐,고급
6,붙들리다,0,동사,손목을 붙들리다,고급
6,비겁하다,0,형용사,비겁한 변명,고급
6,비굴하다,0,형용사,비굴한 행동,고급
6,비극적01∙ 비극적,2,관형사∙명사,비극적 운명,고급
6,비기다,2,동사,비길 데가 없다,고급
6,비단,0,부사,비단 -이 아니다,고급
6,비리다,0,형용사,비린 냄새,고급
6,비밀스럽다,0,형용사,비밀스러운 이야기,고급
6,비방,2,명사,비방과 욕설,고급
6,비상,0,명사,새의 비상,고급
6,비속어,0,명사,언어,고급
6,비스듬히,0,부사,비스듬히 눕다,고급
6,비약적01∙ 비약적,2,관형사∙명사,비약적 성장,고급
6,비염,0,명사,비염에 걸리다,고급
6,비웃음,0,명사,비웃음을 사다,고급
6,비위,0,명사,비위가 약하다,고급
6,비전,0,명사,기업의 비전,고급
6,비정상적,0,관형사∙명사,비정상적인 사람,고급
6,비참하다,0,형용사,비참한 기분,고급
6,비품,0,명사,사무실 비품,고급
6,비하,0,명사,직업 비하,고급
6,빈곤,0,명사,빈곤 아동,고급
6,빈민,0,명사,빈민 계층,고급
6,빈부,0,명사,빈부 격차,고급
6,빈약,0,명사,내용이 빈약하다,고급
6,빈털터리,0,명사,빈털터리 신세,고급
6,빈틈,0,명사,빈틈 사이,고급
6,빈틈없다,0,형용사,빈틈없는 일정,고급
6,빈틈없이,0,부사,빈틈없이 채우다,고급
6,빈혈,0,명사,빈혈을 치료하다,고급
6,빗기다,0,동사,머리를 빗기다,고급
6,빗줄기,0,명사,빗줄기가 떨어지다,고급
6,빙산,0,명사,빙산이 녹다,고급
6,빚어지다,0,동사,그릇이 빚어지다,고급
6,빡빡하다,0,형용사,숲이 나무로 빡빡하다,고급
6,빤히,0,부사,빤히 들여다보이다,고급
6,빼돌리다,0,동사,정보를 빼돌리다,고급
6,뺑소니,0,명사,뺑소니를 치다,고급
6,뺨치다,0,동사,어른 뺨치다,고급
6,뻔뻔하다,0,형용사,뻔뻔한 태도,고급
6,뻔히,0,부사,뻔히 보이다,고급
6,뻗치다,0,동사,가지를 뻗치다,고급
6,뿌리내리다,0,동사,땅에 뿌리내리다,고급
6,뿜다,0,동사,물을 뿜다,고급
6,뿜어내다,0,동사,연기를 뿜어내다,고급
6,사각지대,0,명사,사각지대에 숨다,고급
6,사각형,0,명사,사각형 모양,고급
6,사격,0,명사,권총 사격,고급
6,사고력,0,명사,사고력을 기르다,고급
6,사공,0,명사,사공의 배,고급
6,사기,1,명사,사기를 높이다,고급
6,사로잡히다,0,동사,적에게 사로잡히다,고급
6,사리,2,명사,사리 분별,고급
6,사면초가,0,명사,,고급
6,사뭇,0,부사,사뭇 다르다,고급
6,사법,0,명사,사법 기관,고급
6,사법부,0,명사,기관,고급
6,사사건건,1,명사,사사건건 간섭하다,고급
6,사사건건,2,부사,사사건건 간섭하다,고급
6,사상가,0,명사,계몽주의 사상가,고급
6,사상누각,0,명사,,고급
6,사색,2,명사,사색에 잠기다,고급
6,사슬,0,명사,사슬을 끊다,고급
6,사시사철,0,명사,사시사철 아름답다,고급
6,사실적01∙ 사실적,2,관형사∙명사,사실적 묘사,고급
6,사양,2,명사,선물을 사양하다,고급
6,사업주,0,명사,사업주 모집,고급
6,사치스럽다,0,형용사,사치스러운 생활,고급
6,사퇴,0,명사,자진 사퇴,고급
6,사필귀정,0,명사,,고급
6,사회주의,0,명사,사회주의 체제,고급
6,사후,2,명사,사후 대책,고급
6,산간,0,명사,산간 지역,고급
6,산뜻하다,0,형용사,기분이 산뜻하다,고급
6,산림,0,명사,산림 보호,고급
6,산만하다,0,형용사,태도가 산만하다,고급
6,산맥,0,명사,태백산맥,고급
6,산모,0,명사,산모를 돌보다,고급
6,산물,0,명사,바다의 산물,고급
6,산성,0,명사,산성 물질,고급
6,산하,2,명사,교육부 산하,고급
6,살균,0,명사,살균 처리,고급
6,살해,0,명사,살해 용의자,고급
6,삼각형,0,명사,삼각형 모양,고급
6,삼림욕,0,명사,삼림욕을 즐기다,고급
6,삼복더위,0,명사,삼복더위에 시달리다,고급
6,상,3,명사,상을 당하다,고급
6,상거래,0,명사,전자 상거래,고급
6,상당,0,명사,백만 원 상당,고급
6,상반,0,명사,주장이 상반되다,고급
6,상봉,0,명사,이산가족 상봉,고급
6,상세하다,0,형용사,설명이 상세하다,고급
6,상속,0,명사,재산 상속,고급
6,상승세,0,명사,상승세와 하락세,고급
6,상심,0,명사,상심에 빠지다,고급
6,상여,0,명사,상여 행렬,고급
6,상용,0,명사,상용한자,고급
6,상위,0,명사,상위와 하위,고급
6,상위권,0,명사,상위권에 들다,고급
6,상응,0,명사,상응 관계,고급
6,상이하다,0,형용사,상이한 방식,고급
6,상인,0,명사,노점 상인,고급
6,상장,2,명사,상장을 수여하다,고급
6,상주,1,명사,상주 직원,고급
6,상체,0,명사,상체와 하체,고급
6,상호,1,명사,상호 이해,고급
6,상호,2,부사,상호 이해,고급
6,샅샅이,0,부사,샅샅이 뒤지다,고급
6,새삼스럽다,0,형용사,새삼스러운 기분,고급
6,새옹지마,0,명사,,고급
6,색채,0,명사,화려한 색채,고급
6,생계,0,명사,생계를 잇다,고급
6,생사,0,명사,생사를 확인하다,고급
6,생산성,0,명사,생산성을 높이다,고급
6,생산자,0,명사,생산자와 소비자,고급
6,생산적01∙ 생산적,2,관형사∙명사,생산적 사고,고급
6,생산지,0,명사,인삼 생산지,고급
6,생성,0,명사,우주의 생성,고급
6,생소하다,0,형용사,생소한 이름,고급
6,생태,2,명사,식물의 생태,고급
6,생필품,0,명사,생필품을 구입하다,고급
6,생활고,0,명사,생활고를 겪다,고급
6,생활권,0,명사,생활권이 넓어지다,고급
6,서구,0,명사,서구 문명,고급
6,서두,0,명사,서두가 길다,고급
6,서민적01∙ 서민적,2,관형사∙명사,서민적 음식,고급
6,서성거리다,0,동사,주변을 서성거리다,고급
6,서슴없이,0,부사,서슴없이 말하다,고급
6,서신,0,명사,서신을 보내다,고급
6,서열,0,명사,서열을 따지다,고급
6,서평,0,명사,서평을 읽다,고급
6,선,3,명사,선과 악,고급
6,선고,0,명사,사망 선고,고급
6,선교,0,명사,선교 활동,고급
6,선교사,0,명사,해외 선교사,고급
6,선동적01∙ 선동적,2,관형사∙명사,선동적 행동,고급
6,선뜻,0,부사,선뜻 응하다,고급
6,선비,1,명사,선비 정신,고급
6,선정적01∙ 선정적,2,관형사∙명사,선정적인 장면,고급
6,선조,0,명사,선조를 모시다,고급
6,선출,0,명사,후보 선출,고급
6,선풍적01∙ 선풍적,2,관형사∙명사,선풍적 인기,고급
6,선하다,2,형용사,선한 사람,고급
6,선행,1,명사,선행 연구,고급
6,섣불리,0,부사,섣불리 나서다,고급
6,설교,0,명사,설교를 듣다,고급
6,설령,0,부사,설령 그렇다고 해도,고급
6,설비,0,명사,설비를 갖추다,고급
6,설상가상,0,명사,,고급
6,설움,0,명사,설움을 겪다,고급
6,섬유,0,명사,섬유 유연제,고급
6,섬유질,0,명사,섬유질이 풍부하다,고급
6,섭리,0,명사,자연의 섭리,고급
6,섭외,0,명사,출연자 섭외,고급
6,성대,0,명사,성대 결절,고급
6,성비,0,명사,성비 불균형,고급
6,성사,0,명사,결혼이 성사되다,고급
6,성장기,0,명사,성장기를 보내다,고급
6,성적순,0,명사,성적순으로 앉다,고급
6,성차별,0,명사,성차별을 당하다,고급
6,성취도,0,명사,성취도 평가,고급
6,성품,0,명사,사람의 성품,고급
6,성하다,1,형용사,성한 몸,고급
6,성화,1,명사,열화와 같은 성화,고급
6,세,3,명사,세를 징수하다,고급
6,세,4,명사,세력,고급
6,세관,0,명사,세관 검사,고급
6,세밀하다,0,형용사,묘사가 세밀하다,고급
6,세심하다,0,형용사,배려가 세심하다,고급
6,세태,0,명사,세태를 반영하다,고급
6,세포,0,명사,세포가 분열하다,고급
6,센서,0,명사,센서가 작동하다,고급
6,소동,0,명사,소동을 일으키다,고급
6,소란스럽다,0,형용사,교실이 소란스럽다,고급
6,소량,0,명사,소량으로 복용하다,고급
6,소멸,0,명사,생성과 소멸,고급
6,소신,2,명사,소신을 가지다,고급
6,소실,0,명사,문화재 소실,고급
6,소아,0,명사,소아 병동,고급
6,소양,0,명사,소양을 갖추다,고급
6,소외,0,명사,소외 지역,고급
6,소위,2,부사,,고급
6,소장,1,명사,소장과 대장,고급
6,소지,2,명사,신분증 소지,고급
6,소프트웨어,0,명사,소프트웨어를 개발하다,고급
6,소화기,2,명사,소화기를 구비하다,고급
6,속보,2,명사,뉴스 속보,고급
6,속설,0,명사,속설이 전해지다,고급
6,속성,2,명사,속성을 지니다,고급
6,속셈,0,명사,속셈을 눈치채다,고급
6,속속들이,0,부사,속속들이 조사하다,고급
6,속수무책,0,명사,,고급
6,속임수,0,명사,속임수를 쓰다,고급
6,손가락질,0,명사,손가락질을 당하다,고급
6,손대다,0,동사,물건에 손대다,고급
6,손맛,0,명사,손맛이 좋다,고급
6,손색,0,명사,손색이 없다,고급
6,손수,0,부사,손수 만들다,고급
6,손아귀,0,명사,손아귀에 쥐다,고급
6,솔,1,명사,솔로 닦다,고급
6,솔깃하다,0,형용사,귀가 솔깃하다,고급
6,솟아나다,1,동사,땀이 솟아나다,고급
6,솟아나다,2,형용사,땀이 솟아나다,고급
6,솥,0,명사,솥에 끓이다,고급
6,쇄도,0,명사,주문 쇄도,고급
6,쇠퇴,0,명사,발전과 쇠퇴,고급
6,수긍,0,명사,수긍이 가다,고급
6,수녀,0,명사,수녀가 기도하다,고급
6,수다스럽다,0,형용사,친구가 수다스럽다,고급
6,수도,3,명사,수도에 정진하다,고급
6,수두룩하다,0,형용사,문제가 수두룩하다,고급
6,수려하다,0,형용사,외모가 수려하다,고급
6,수립,0,명사,정책 수립,고급
6,수목,0,명사,수목이 울창하다,고급
6,수발,1,명사,수발을 들다,고급
6,수법,0,명사,수법이 교묘하다,고급
6,수분,1,명사,수분을 섭취하다,고급
6,수비,0,명사,철통 수비,고급
6,수사관,0,명사,수사관이 조사하다,고급
6,수산업,0,명사,수산업에 종사하다,고급
6,수상하다,2,형용사,수상한 행동,고급
6,수색,0,명사,수색 작업,고급
6,수소문,0,명사,수소문 끝에,고급
6,수송,0,명사,수송 차량,고급
6,수완,0,명사,수완이 좋다,고급
6,수용,2,명사,수용 인원,고급
6,수용자,0,명사,미디어 수용자,고급
6,수월하다,0,형용사,찾기가 수월하다,고급
6,수재민,0,명사,태풍 수재민,고급
6,수줍다,0,형용사,미소가 수줍다,고급
6,수중,2,명사,수중 탐사,고급
6,수지,0,명사,수지 타산,고급
6,수차례,0,명사,수차례에 걸치다,고급
6,수치,1,명사,수치를 느끼다,고급
6,수컷,0,명사,수컷과 암컷,고급
6,수평,0,명사,수평을 유지하다,고급
6,수평선,0,명사,수평선을 바라보다,고급
6,수혈,0,명사,수혈을 받다,고급
6,수혜자,0,명사,장학금 수혜자,고급
6,수화기,0,명사,수화기를 대다,고급
6,숙맥,0,명사,숙맥처럼 굴다,고급
6,순발력,0,명사,순발력이 뛰어나다,고급
6,순수성,0,명사,혈통의 순수성,고급
6,순응,0,명사,자연 순응,고급
6,순전히,0,부사,순전히 착각이다,고급
6,순조롭다,0,형용사,순조로운 출발,고급
6,순환기,0,명사,순환기가 약하다,고급
6,숨죽이다,0,동사,숨죽이고 엿듣다,고급
6,숭고하다,0,형용사,숭고한 가치,고급
6,숭늉,0,명사,숭늉을 뜨다,고급
6,숭배,0,명사,우상 숭배,고급
6,쉽사리,0,부사,쉽사리 무너지다,고급
6,스러지다,0,동사,구름이 스러지다,고급
6,스며들다,0,동사,향기가 스며들다,고급
6,스미다,0,동사,땀이 스미다,고급
6,슬그머니,0,부사,슬그머니 달아나다,고급
6,슬며시,0,부사,슬며시 눕다,고급
6,습성,0,명사,습성을 지니다,고급
6,승려,0,명사,승려와 신도,고급
6,승마,0,명사,승마 자세,고급
6,승승장구,0,명사,,고급
6,승인,0,명사,승인을 받다,고급
6,승자,0,명사,승자의 여유,고급
6,시간대,0,명사,출퇴근 시간대,고급
6,시급히,0,부사,시급히 떠나다,고급
6,시기상조,0,명사,,고급
6,시늉,0,명사,자는 시늉,고급
6,시대적01∙시대적,2,관형사∙명사,시대적 분위기,고급
6,시련,0,명사,시련을 겪다,고급
6,시름,0,명사,시름에 잠기다,고급
6,시무룩하다,0,형용사,표정이 시무룩하다,고급
6,시비,1,명사,시비를 가리다,고급
6,시사하다,0,동사,교훈을 시사하다,고급
6,시상,1,명사,시상을 받다,고급
6,시시각각,0,명사,,고급
6,시신,0,명사,시신을 안치하다,고급
6,시원섭섭하다,0,형용사,시원섭섭한 기분,고급
6,시원시원하다,0,형용사,성격이 시원시원하다,고급
6,시인,1,명사,범행 시인,고급
6,시적01∙시적,2,관형사∙명사,시적 표현,고급
6,시정,3,명사,오류의 시정,고급
6,시종일관,0,명사,,고급
6,시중,1,명사,시중을 들다,고급
6,시즌,0,명사,졸업 시즌,고급
6,시행착오,0,명사,,고급
6,식단,0,명사,식단을 짜다,고급
6,식량난,0,명사,식량난을 겪다,고급
6,식민지,0,명사,식민지로 삼다,고급
6,식용,0,명사,식용으로 기르다,고급
6,식은땀,0,명사,식은땀을 흘리다,고급
6,신명,0,명사,신명이 나다,고급
6,신비롭다,0,형용사,신비로운 분위기,고급
6,신상,0,명사,신상 정보,고급
6,신설,0,명사,신설 학교,고급
6,신세,1,명사,신세를 지다,고급
6,신음,0,명사,신음 소리,고급
6,신의,0,명사,신의가 두텁다,고급
6,신인,0,명사,신인 배우,고급
6,신임,1,명사,신임을 얻다,고급
6,신자,0,명사,기독교 신자,고급
6,신종,0,명사,신종 사기,고급
6,신진대사,0,명사,신진대사가 활발하다,고급
6,신축성,0,명사,신축성이 강하다,고급
6,신하,0,명사,신하를 거느리다,고급
6,실마리,0,명사,실마리를 풀다,고급
6,실상,1,명사,실상을 밝히다,고급
6,실상,2,부사,실상을 밝히다,고급
6,실상,3,명사,북한의 실상,고급
6,실외,0,명사,실외 공기,고급
6,실용화,0,명사,실용화 가능성,고급
6,실정,2,명사,실정에 밝다,고급
6,실질,0,명사,실질 권한,고급
6,실질적01∙실질적,2,관형사∙명사,실질적 이익,고급
6,실천적01∙실천적,2,관형사∙명사,실천적 학문,고급
6,심경,0,명사,심경이 복잡하다,고급
6,심성,0,명사,심성이 곱다,고급
6,심의,0,명사,심의를 거치다,고급
6,심혈,0,명사,심혈 질환,고급
6,심화,0,명사,심화 학습,고급
6,심히,0,부사,심히 걱정스럽다,고급
6,십시일반,0,명사,,고급
6,싱그럽다,0,형용사,싱그러운 계절,고급
6,싸늘하다,0,형용사,싸늘한 기운,고급
6,싹,2,부사,싹 자르다,고급
6,싹트다,0,동사,사랑이 싹트다,고급
6,쌍방,0,명사,쌍방 과실,고급
6,쌍벽,0,명사,쌍벽을 이루다,고급
6,쏠리다,0,동사,한쪽으로 쏠리다,고급
6,씁쓸하다,0,형용사,씁쓸한 맛,고급
6,아낌없다,0,형용사,아낌없는 사랑,고급
6,아낌없이,0,부사,아낌없이 주다,고급
6,아늑하다,0,형용사,아늑한 침실,고급
6,아득하다,0,형용사,기억이 아득하다,고급
6,아랑곳없이,0,부사,아랑곳없이 떠들다,고급
6,아무쪼록,0,부사,,고급
6,아부,0,명사,아부를 떨다,고급
6,아비,0,명사,아비와 어미,고급
6,아슬아슬,0,부사,아슬아슬 넘기다,고급
6,아우르다,0,동사,전체를 아우르다,고급
6,아찔하다,0,형용사,아찔한 순간,고급
6,악,1,명사,악이 오르다,고급
6,악성,0,명사,악성 바이러스,고급
6,악역,0,명사,악역을 맡다,고급
6,악하다,0,형용사,악한 마음,고급
6,안간힘,0,명사,안간힘을 쏟다,고급
6,안건,0,명사,안건을 토의하다,고급
6,안달,0,명사,안달이 나다,고급
6,안락,0,명사,안락을 추구하다,고급
6,안락사,0,명사,안락사를 요구하다,고급
6,안목,0,명사,안목이 높다,고급
6,안쓰럽다,0,형용사,안쓰러운 마음,고급
6,안이하다,0,형용사,안이한 생각,고급
6,안일,0,명사,안일에 빠지다,고급
6,안절부절,0,부사,안절부절 서성거리다,고급
6,안주,1,명사,현실 안주,고급
6,알선,0,명사,취업 알선,고급
6,알아채다,0,동사,속셈을 알아채다,고급
6,암기력,0,명사,암기력이 뛰어나다,고급
6,암시,0,명사,암시를 받다,고급
6,암컷,0,명사,암컷과 수컷,고급
6,암호,0,명사,암호를 풀다,고급
6,암흑기,0,명사,암흑기를 거치다,고급
6,압도,0,명사,압도를 시키다,고급
6,압도적01∙압도적,2,관형사∙명사,압도적 승리,고급
6,압박감,0,명사,압박감을 느끼다,고급
6,압축,0,명사,압축 효과,고급
6,앞다투다,0,동사,앞다퉈 뛰어들다,고급
6,앞당기다,0,동사,계획을 앞당기다,고급
6,앞장,0,명사,앞장을 서다,고급
6,애지중지,0,부사,애지중지 키우다,고급
6,애착,0,명사,애착을 가지다,고급
6,애창곡,0,명사,애창곡을 부르다,고급
6,애초,1,명사,애초의 계획,고급
6,애틋하다,0,형용사,애틋한 마음,고급
6,야광,0,명사,야광 스티커,고급
6,야기,0,명사,문제 야기,고급
6,야단맞다,0,동사,선생님께 야단맞다,고급
6,야당,0,명사,야당 의원,고급
6,약물,0,명사,약물을 먹다,고급
6,약세,0,명사,약세를 보이다,고급
6,약소하다,0,형용사,약소한 선물,고급
6,약탈,0,명사,약탈을 벌이다,고급
6,얌체,0,명사,얌체 운전자,고급
6,양상,0,명사,복잡한 양상,고급
6,양성,3,명사,인재 양성,고급
6,양성평등,0,명사,양성평등을 주장하다,고급
6,양식,6,명사,양식이 바닥나다,고급
6,양질,0,명사,양질의 서비스,고급
6,양측,0,명사,양측 의견,고급
6,얕보다,0,동사,얕보는 말투,고급
6,어감,0,명사,어감이 좋다,고급
6,어금니,0,명사,어금니를 깨물다,고급
6,어김없이,0,부사,어김없이 지키다,고급
6,어둑어둑,0,부사,어둑어둑 해가 지다,고급
6,어렴풋이,0,부사,어렴풋이 생각나다,고급
6,어리다,1,동사,눈물이 어리다,고급
6,어리둥절하다,0,형용사,어리둥절한 모양,고급
6,어마어마하다,0,형용사,규모가 어마어마하다,고급
6,어민,0,명사,어민 마을,고급
6,어부지리,0,명사,,고급
6,어설프다,0,형용사,어설픈 연기,고급
6,어수선하다,0,형용사,방이 어수선하다,고급
6,어조,0,명사,어조가 부드럽다,고급
6,어지럽히다,0,동사,눈앞을 어지럽히다,고급
6,어처구니,0,명사,어처구니가 없다,고급
6,어처구니없다,0,형용사,어처구니없는 행동,고급
6,어투,0,명사,다정한 어투,고급
6,억세다,0,형용사,줄기가 억세다,고급
6,억수,0,명사,억수로 퍼붓다,고급
6,억압,0,명사,종교 억압,고급
6,억지,0,명사,억지를 부리다,고급
6,언뜻,0,부사,언뜻 보이다,고급
6,언론사,0,명사,언론사 기자,고급
6,언행,0,명사,언행이 바르다,고급
6,얻어맞다,0,동사,따귀를 얻어맞다,고급
6,얼,0,명사,민족의 얼,고급
6,얼버무리다,0,동사,대답을 얼버무리다,고급
6,얼핏,0,부사,얼핏 보다,고급
6,얽매이다,0,동사,관습에 얽매이다,고급
6,엄두,0,명사,엄두가 나다,고급
6,엄중하다,0,형용사,경비가 엄중하다,고급
6,엄지,0,명사,엄지를 들다,고급
6,업소,0,명사,판매 업소,고급
6,업자,0,명사,부동산 업자,고급
6,업종,0,명사,인기 업종,고급
6,엇갈리다,0,동사,길이 엇갈리다,고급
6,엉금엉금,0,부사,엉금엉금 기어가다,고급
6,엉기다,0,동사,반죽이 엉기다,고급
6,엉성하다,0,형용사,차림새가 엉성하다,고급
6,엉키다,0,동사,선이 엉키다,고급
6,엎다,0,동사,상을 엎다,고급
6,에워싸다,0,동사,경호원이 에워싸다,고급
6,여당,0,명사,여당의 정책,고급
6,여류,0,명사,여류 시인,고급
6,여리다,0,형용사,피부가 여리다,고급
6,여성상,0,명사,이상적인 여성상,고급
6,여성적01∙여성적,2,관형사∙명사,여성적 취향,고급
6,여아,0,명사,여아를 낳다,고급
6,여야,0,명사,여야 회담,고급
6,여의다,0,동사,부모를 여의다,고급
6,여지,0,명사,선택의 여지,고급
6,여지,0,의존명사,선택의 여지,고급
6,여파,0,명사,여파가 밀려오다,고급
6,역겹다,0,형용사,냄새가 역겹다,고급
6,역경,0,명사,역경과 고난,고급
6,역대,0,명사,역대 대통령,고급
6,역도,0,명사,역도 선수,고급
6,역동적01∙역동적,2,관형사∙명사,역동적 변화,고급
6,역량,0,명사,역량을 강화하다,고급
6,역지사지,0,명사,,고급
6,역효과,0,명사,역효과가 나다,고급
6,연계,0,명사,연계 상품,고급
6,연대,1,명사,연대 미상,고급
6,연료,0,명사,연료를 공급하다,고급
6,연비,0,명사,연비가 줄다,고급
6,연상,1,명사,연상의 연인,고급
6,연약하다,0,형용사,연약한 여자,고급
6,연연하다,1,동사,과거에 연연하다,고급
6,연연하다,2,형용사,과거에 연연하다,고급
6,연잇다,0,동사,폭우가 연잇다,고급
6,연장자,0,명사,연장자를 우대하다,고급
6,연재,0,명사,신문 연재,고급
6,연초,0,명사,연초 계획,고급
6,열거,0,명사,항목 열거,고급
6,열광,0,명사,열광의 도가니,고급
6,열띠다,0,형용사,열띤 토론,고급
6,열망,0,명사,열망이 크다,고급
6,열성,0,명사,열성 유전자,고급
6,열성적01∙열성적,2,관형사∙명사,열정적 태도,고급
6,열악하다,0,형용사,열악한 환경,고급
6,열풍,1,명사,열풍이 불다,고급
6,염두,0,명사,염두에 두다,고급
6,염려,0,명사,주위의 염려,고급
6,염원,0,명사,민족의 염원,고급
6,염증,0,명사,염증이 생기다,고급
6,염치,0,명사,염치가 없다,고급
6,영광,0,명사,영광을 돌리다,고급
6,영락없이,0,부사,영락없이 똑같다,고급
6,영리,0,명사,영리 목적,고급
6,영문,1,명사,영문을 모르다,고급
6,영문,2,명사,영문을 해석하다,고급
6,영세민,0,명사,영세민을 착취하다,고급
6,영양사,0,명사,학교 영양사,고급
6,영입,0,명사,선수 영입,고급
6,영장,0,명사,영장을 발부하다,고급
6,영재,0,명사,영재를 발굴하다,고급
6,영토,0,명사,영토를 늘리다,고급
6,예견,0,명사,예견이 적중하다,고급
6,예리하다,0,형용사,예리한 송곳,고급
6,예배,0,명사,예배를 드리다,고급
6,예사롭다,0,형용사,예사로운 일,고급
6,예수,0,명사,예수를 믿다,고급
6,예술성,0,명사,예술성이 짙다,고급
6,예의범절,0,명사,예의범절을 지키다,고급
6,예체능,0,명사,예체능 과목,고급
6,오기,1,명사,오기가 생기다,고급
6,오르막길,0,명사,오르막길을 오르다,고급
6,오른팔,0,명사,오른팔을 쓰다,고급
6,오붓하다,0,형용사,오붓한 분위기,고급
6,오죽,0,부사,오죽 힘들면,고급
6,옥상,0,명사,옥상에 올라가다,고급
6,온실가스,0,명사,온실가스를 배출하다,고급
6,온전하다,0,형용사,온전한 상태,고급
6,올바로,0,부사,올바로 인식하다,고급
6,옷깃,0,명사,옷깃을 세우다,고급
6,옷자락,0,명사,옷자락을 붙잡다,고급
6,옹기종기,0,부사,옹기종기 모이다,고급
6,완만하다,2,형용사,완만한 경사,고급
6,완주,0,명사,마라톤 완주,고급
6,완화,0,명사,규제 완화,고급
6,왈가왈부,0,명사,,고급
6,왕궁,0,명사,화려한 왕궁,고급
6,왕권,0,명사,왕권을 유지하다,고급
6,왕위,0,명사,왕위 계승,고급
6,왕조,0,명사,조선 왕조,고급
6,왜곡,0,명사,역사 왜곡,고급
6,왜소하다,0,형용사,왜소한 체격,고급
6,외무부,0,명사,외무부 직원,고급
6,외신,0,명사,외신 기자,고급
6,외유내강,0,명사,,고급
6,외적01∙외적,2,관형사∙명사,외적 조건,고급
6,외제,0,명사,외제 상품,고급
6,외형,0,명사,외형이 아름답다,고급
6,외형적01∙외형적,2,관형사∙명사,외형적 모습,고급
6,외환,0,명사,외환 위기,고급
6,요건,0,명사,요건을 갖추다,고급
6,요란,0,명사,요란을 떨다,고급
6,요양,0,명사,요양 시설,고급
6,요양원,0,명사,요양원을 방문하다,고급
6,요점,0,명사,요점을 간추리다,고급
6,요컨대,0,부사,,고급
6,요트,0,명사,요트를 타다,고급
6,용례,0,명사,용례를 분석하다,고급
6,용모,0,명사,용모가 단정하다,고급
6,용법,0,명사,다양한 용법,고급
6,용의자,0,명사,용의자를 잡다,고급
6,용이하다,0,형용사,사용이 용이하다,고급
6,용하다,0,형용사,용한 점쟁이,고급
6,우거지다,0,동사,숲이 우거지다,고급
6,우뇌,0,명사,우뇌가 발달하다,고급
6,우뚝,0,부사,우뚝 솟다,고급
6,우러나다,0,동사,맛이 우러나다,고급
6,우렁차다,0,형용사,우렁찬 외침,고급
6,우발적01∙우발적,2,관형사∙명사,우발적 사고,고급
6,우선순위,0,명사,우선순위를 정하다,고급
6,우성,0,명사,우성 유전자,고급
6,우세,0,명사,압도적 우세,고급
6,우스꽝스럽다,0,형용사,우스꽝스러운 말투,고급
6,우여곡절,0,명사,,고급
6,우열,0,명사,우열을 가리다,고급
6,우월,0,명사,우월 의식,고급
6,우위,0,명사,우위를 차지하다,고급
6,우직하다,0,형용사,우직한 성격,고급
6,우파,0,명사,우파 세력,고급
6,우호적01∙우호적,2,관형사∙명사,우호적 태도,고급
6,우후죽순,0,명사,,고급
6,운용,0,명사,운용 자금,고급
6,운항,0,명사,항공 운항,고급
6,울렁거리다,0,동사,울렁거리는 가슴,고급
6,울먹이다,0,동사,울먹이는 목소리,고급
6,울부짖다,0,동사,울부짖는 목소리,고급
6,울창하다,0,형용사,나무가 울창하다,고급
6,울퉁불퉁,0,부사,울퉁불퉁 파이다,고급
6,울퉁불퉁하다,0,형용사,길이 울퉁불퉁하다,고급
6,움츠리다,0,동사,몸을 움츠리다,고급
6,움켜잡다,0,동사,손을 움켜잡다,고급
6,움켜쥐다,0,동사,주먹을 움켜쥐다,고급
6,웃돌다,0,동사,평균을 웃돌다,고급
6,웅성웅성,0,부사,웅성웅성 떠들다,고급
6,웅장하다,0,형용사,폭포가 웅장하다,고급
6,웅크리다,0,동사,어깨를 웅크리다,고급
6,원-,0,접사,원자재,고급
6,원가,0,명사,제품 원가,고급
6,원격,0,명사,원격 조종,고급
6,원고,1,명사,원고 변호사,고급
6,원금,0,명사,원금 이자,고급
6,원동력,0,명사,삶의 원동력,고급
6,원료,0,명사,천연 원료,고급
6,원색적01∙원색적,2,관형사∙명사,원색적 색깔,고급
6,원시,1,명사,원시 시대,고급
6,원심력,0,명사,원심력을 이용하다,고급
6,원어민,0,명사,원어민 교사,고급
6,원조,2,명사,원조 물자,고급
6,원주민,0,명사,원주민을 내쫓다,고급
6,원형,1,명사,원형을 복원하다,고급
6,원활,0,명사,소통이 원활하다,고급
6,월간,1,명사,월간 잡지,고급
6,월차,0,명사,월차를 내다,고급
6,웰빙,0,명사,웰빙 식품,고급
6,위계질서,0,명사,위계질서를 따르다,고급
6,위독하다,0,형용사,생명이 위독하다,고급
6,위력,0,명사,위력을 발휘하다,고급
6,위상,0,명사,위상을 높이다,고급
6,위생적01∙위생적,2,관형사∙명사,위생적 관리,고급
6,위성,0,명사,위성을 쏘다,고급
6,위안,0,명사,위안을 받다,고급
6,위암,0,명사,위암 환자,고급
6,위원,0,명사,선거 위원,고급
6,위인,1,명사,세계의 위인,고급
6,위인,2,명사,형편없는 위인,고급
6,위조,0,명사,위조 여권,고급
6,위축,0,명사,세포의 위축,고급
6,위태롭다,0,형용사,목숨이 위태롭다,고급
6,위화감,0,명사,위화감을 조성하다,고급
6,유,2,명사,유와 무,고급
6,유가,1,명사,유가를 인상하다,고급
6,유감,0,명사,유감을 표명하다,고급
6,유골,0,명사,유골이 안치되다,고급
6,유권자,0,명사,유권자의 선택,고급
6,유난스럽다,0,형용사,유난스러운 행동,고급
6,유대감,0,명사,유대감을 형성하다,고급
6,유도,1,명사,유도 선수,고급
6,유독,2,부사,유독 심하다,고급
6,유동,0,명사,유동 인구,고급
6,유동적01∙유동적,2,관형사∙명사,유동적 상황,고급
6,유례,0,명사,유례가 없다,고급
6,유발,0,명사,동기 유발,고급
6,유비무환,0,명사,,고급
6,유서,2,명사,유서를 남기다,고급
6,유세,0,명사,선거 유세,고급
6,유식하다,0,형용사,유식한 사람,고급
6,유언,0,명사,유언을 남기다,고급
6,유언비어,0,명사,,고급
6,유연성,0,명사,유연성을 기르다,고급
6,유유상종,0,명사,,고급
6,유일무이,0,명사,,고급
6,유입,0,명사,지하수 유입,고급
6,유전,2,명사,가풍 유전,고급
6,유전병,0,명사,유전병에 걸리다,고급
6,유창성,0,명사,유창성을 기르다,고급
6,유치,2,명사,올림픽 유치,고급
6,유포,0,명사,유언비어 유포,고급
6,유학,3,명사,유학을 공부하다,고급
6,유행가,0,명사,유행가를 부르다,고급
6,유흥비,0,명사,유흥비로 사용하다,고급
6,유희,0,명사,유희 시설,고급
6,육로,0,명사,육로로 이동하다,고급
6,윤리적,0,관형사∙명사,윤리적 가치관,고급
6,율동,0,명사,율동을 배우다,고급
6,융통성,0,명사,융통성이 없다,고급
6,융합,0,명사,융합 실험,고급
6,으스대다,0,동사,으스대는 모습,고급
6,은근히,0,부사,은근히 미워하다,고급
6,은메달,0,명사,은메달을 따다,고급
6,은사,1,명사,대학 은사,고급
6,은은하다,0,형용사,은은한 조명,고급
6,음,2,명사,음과 양,고급
6,음모,0,명사,음모를 꾸미다,고급
6,음향,0,명사,음향 효과,고급
6,의,2,명사,의를 저버리다,고급
6,의도적01∙의도적,2,관형사∙명사,의도적 접근,고급
6,의례적01∙의례적,2,관형사∙명사,의례적 행사,고급
6,의뢰,0,명사,협조 의뢰,고급
6,의리,0,명사,의리를 지키다,고급
6,의생활,0,명사,의생활과 식생활,고급
6,의술,0,명사,뛰어난 의술,고급
6,의식적01∙의식적,2,관형사∙명사,의식적 행동,고급
6,의아하다,0,형용사,의아한 시선,고급
6,의욕적01∙의욕적,2,관형사∙명사,의욕적 자세,고급
6,의원,2,명사,국회 의원,고급
6,의젓하다,0,형용사,의젓한 태도,고급
6,의존도,0,명사,의존도가 높다,고급
6,의존적01∙의존적,2,관형사∙명사,의존적 자세,고급
6,의학적01∙의학적,2,관형사∙명사,의학적 지식,고급
6,의향,0,명사,의향을 묻다,고급
6,의혹,0,명사,의혹이 생기다,고급
6,의회,0,명사,의회가 열리다,고급
6,이견,0,명사,이견을 좁히다,고급
6,이글거리다,0,동사,이글거리는 태양,고급
6,이기심,0,명사,이기심을 버리다,고급
6,이끌리다,0,동사,손에 이끌리다,고급
6,이다,0,동사,머리에 이다,고급
6,이따금,0,부사,이따금 생각나다,고급
6,이력,0,명사,이력이 화려하다,고급
6,이례적01∙이례적,2,관형사∙명사,이례적 조치,고급
6,이를테면,0,부사,,고급
6,이면,1,명사,이면에 쓰다,고급
6,이바지,0,명사,사회에 이바지하다,고급
6,이산가족,0,명사,이산가족 상봉,고급
6,이상,2,명사,이상을 실현하다,고급
6,이색적01∙이색적,2,관형사∙명사,이색적 풍경,고급
6,이슬,0,명사,이슬이 맺히다,고급
6,이식,0,명사,심장 이식,고급
6,이심전심,0,명사,,고급
6,이어받다,0,동사,전통을 이어받다,고급
6,이왕이면,0,부사,,고급
6,이윤,0,명사,이윤이 남다,고급
6,이의,2,명사,이의를 제기하다,고급
6,이점,0,명사,지리적 이점,고급
6,이제껏,0,부사,이제껏 돌아다니다,고급
6,이주,0,명사,해외 이주,고급
6,이주민,0,명사,이주민이 늘어나다,고급
6,이직률,0,명사,이직률이 늘다,고급
6,이탈,0,명사,항로 이탈,고급
6,이해,1,명사,이해를 따지다,고급
6,이행,2,명사,약속 이행,고급
6,익명,0,명사,익명의 제보자,고급
6,익살스럽다,0,형용사,익살스러운 표정,고급
6,인간미,0,명사,인간미가 넘치다,고급
6,인건비,0,명사,인건비가 비싸다,고급
6,인격적,0,관형사∙명사,인격적 존중,고급
6,인공적,0,관형사∙명사,인공적인 맛,고급
6,인권,0,명사,인권을 존중하다,고급
6,인내,0,명사,인내로 극복하다,고급
6,인도적01∙인도적,2,관형사∙명사,인도적 차원,고급
6,인문학,0,명사,인문학을 공부하다,고급
6,인산인해,0,명사,,고급
6,인생관,0,명사,긍정적 인생관,고급
6,인위적01∙인위적,2,관형사∙명사,인위적 모습,고급
6,인적01∙인적,2,관형사∙명사,인적 사항,고급
6,인지도,0,명사,인지도가 떨어지다,고급
6,인출,0,명사,예금 인출,고급
6,일감,0,명사,일감이 쌓이다,고급
6,일관성,0,명사,일관성을 유지하다,고급
6,일깨우다,0,동사,잘못을 일깨우다,고급
6,일념,0,명사,복수의 일념,고급
6,일대일,0,명사,일대일 면접,고급
6,일련,0,명사,일련의 과정,고급
6,일례,0,명사,일례를 들다,고급
6,일몰,0,명사,일몰 시간,고급
6,일삼다,0,동사,운동을 일삼다,고급
6,일상화,0,명사,운동의 일상화,고급
6,일원,0,명사,사회의 일원,고급
6,일정량,0,명사,일정량을 넘다,고급
6,일제히,0,부사,일제히 일어서다,고급
6,일찌감치,0,부사,일찌감치 끝내다,고급
6,일컫다,0,동사,최고라 일컫다,고급
6,일탈,0,명사,일탈 행위,고급
6,일터,0,명사,일터에서 일하다,고급
6,일환,0,명사,사업의 일환,고급
6,임기,0,명사,임기가 끝나다,고급
6,임대료,0,명사,임대료를 내다,고급
6,임명,0,명사,임명을 받다,고급
6,임신부,0,명사,만삭의 임신부,고급
6,임업,0,명사,임업이 발달하다,고급
6,임용,0,명사,교사 임용,고급
6,임원,0,명사,임원을 선출하다,고급
6,임종,0,명사,임종을 지키다,고급
6,임하다,2,동사,경기에 임하다,고급
6,입상,0,명사,대회 입상,고급
6,입양,0,명사,해외 입양,고급
6,입증,0,명사,무죄 입증,고급
6,잇달다,0,동사,문의가 잇달다,고급
6,자가,0,명사,자가 진단,고급
6,자각,0,명사,자각 증세,고급
6,자갈,0,명사,자갈을 줍다,고급
6,자그마하다,0,형용사,자그마한 몸집,고급
6,자급자족,0,명사,,고급
6,자기중심적,0,관형사∙명사,자기중심적 사고,고급
6,자립,0,명사,경제적 자립,고급
6,자만,0,명사,자만에 빠지다,고급
6,자문,2,명사,자문을 구하다,고급
6,자발적01∙자발적,2,관형사∙명사,자발적 참여,고급
6,자백,0,명사,자백을 받다,고급
6,자본주의,0,명사,자본주의 사회,고급
6,자산,0,명사,자산을 모으다,고급
6,자수,1,명사,범인의 자수,고급
6,자수성가,0,명사,,고급
6,자신만만하다,0,형용사,자신만만한 태도,고급
6,자아,0,명사,자아가 강하다,고급
6,자아실현,0,명사,자아실현을 꿈꾸다,고급
6,자유분방,0,명사,,고급
6,자유자재,0,명사,,고급
6,자율,0,명사,자율 학습,고급
6,자율적01∙자율적,2,관형사∙명사,자율적 분위기,고급
6,자장가,0,명사,자장가를 부르다,고급
6,자재,0,명사,건축 자재,고급
6,자질,0,명사,자질을 갖추다,고급
6,자초지종,0,명사,,고급
6,자취,0,명사,자취를 감추다,고급
6,자칫,0,부사,자칫 잘못되다,고급
6,자칫하다,0,동사,자칫하면 늦다,고급
6,자태,0,명사,자태가 아름답다,고급
6,작정,0,명사,떠나기로 작정하다,고급
6,잘다,0,형용사,알이 잘다,고급
6,잠잠하다,0,형용사,바람이 잠잠하다,고급
6,잠재력,0,명사,잠재력을 지니다,고급
6,잡다하다,0,형용사,잡다한 생각,고급
6,장거리,0,명사,장거리 운전,고급
6,장담,0,명사,장담을 못하다,고급
6,장려,0,명사,저축 장려,고급
6,장본인,0,명사,사건의 장본인,고급
6,장신구,0,명사,머리 장신구,고급
6,장악,0,명사,언론 장악,고급
6,장유유서,0,명사,,고급
6,장인,0,명사,장인 정신,고급
6,장차,0,부사,장차 발전하다,고급
6,재기,2,명사,재기를 꿈꾸다,고급
6,재롱,0,명사,재롱을 피우다,고급
6,재무,0,명사,재무를 관리하다,고급
6,재배,2,명사,작물 재배,고급
6,재앙,0,명사,재앙이 닥치다,고급
6,재원,2,명사,막대한 재원,고급
6,재정,0,명사,국가 재정,고급
6,재직,0,명사,재직 기간,고급
6,재치,0,명사,재치가 넘치다,고급
6,재테크,0,명사,재테크 비법,고급
6,재현,0,동사,상황 재현,고급
6,재활,0,명사,재활 운동,고급
6,잽싸다,0,형용사,걸음이 잽싸다,고급
6,쟁점,0,명사,쟁점을 다루다,고급
6,저버리다,0,동사,기대를 저버리다,고급
6,저서,0,명사,저서를 쓰다,고급
6,저소득,0,명사,저소득과 고소득,고급
6,저승,0,명사,저승과 이승,고급
6,저작권,0,명사,저작권을 가지다,고급
6,저조,0,명사,참여율 저조,고급
6,저항,0,명사,저항을 받다,고급
6,저해,0,명사,저해 요인,고급
6,적대,0,명사,적대 관계,고급
6,적도,0,명사,지구의 적도,고급
6,적발,0,명사,비리 적발,고급
6,적응력,0,명사,적응력이 뛰어나다,고급
6,적잖다,0,형용사,적잖은 비용,고급
6,적정,0,명사,적정 온도,고급
6,전기,0,명사,전기를 맞이하다,고급
6,전기,3,명사,전기를 읽다,고급
6,전념,0,명사,전념을 다하다,고급
6,전담,2,명사,전담 부서,고급
6,전동,0,명사,전동 기관차,고급
6,전래,0,명사,전래 동화,고급
6,전략적01∙전략적,2,관형사∙명사,전략적 선택,고급
6,전력,1,명사,전력을 다하다,고급
6,전망대,0,명사,전망대에 오르다,고급
6,전면,1,명사,전면 광고,고급
6,전면적01∙전면적,2,관형사∙명사,전면적 개혁,고급
6,전무후무,0,명사,,고급
6,전문,1,명사,전문을 읽다,고급
6,전반,0,명사,전반과 후반,고급
6,전반부,0,명사,전반부와 후반부,고급
6,전반적01∙전반적,2,관형사∙명사,전반적 수준,고급
6,전성기,0,명사,전성기를 누리다,고급
6,전셋값,0,명사,전셋값이 비싸다,고급
6,전신,1,명사,전신 거울,고급
6,전업,1,명사,전업 작가,고급
6,전역,1,명사,수도권 전역,고급
6,전유물,0,명사,특권층의 전유물,고급
6,전율,0,명사,전율을 느끼다,고급
6,전직,1,명사,전직 장관,고급
6,전투,0,명사,전투를 치르다,고급
6,전파,1,명사,문화의 전파,고급
6,전형,1,명사,전형을 따르다,고급
6,전화위복,0,명사,,고급
6,전환기,0,명사,전환기를 맞다,고급
6,절감,0,명사,에너지 절감,고급
6,절도,2,명사,절도 사건,고급
6,절로,1,부사,절로 웃음이 나다,고급
6,절실하다,0,형용사,절실한 눈빛,고급
6,절전,0,명사,에너지 절전,고급
6,절제,2,명사,감정의 절제,고급
6,절친하다,0,형용사,절친한 사이,고급
6,점,1,명사,점을 보다,고급
6,점령,0,명사,점령을 당하다,고급
6,점유율,0,명사,점유율이 높다,고급
6,점진적01∙점진적,2,관형사∙명사,점진적 발전,고급
6,점포,0,명사,점포 임대,고급
6,접대,0,명사,접대를 받다,고급
6,접전,0,명사,접전을 벌이다,고급
6,접종,0,명사,예방 접종,고급
6,정감,0,명사,정감을 느끼다,고급
6,정계,0,명사,정계 인사,고급
6,정교하다,0,형용사,정교한 기법,고급
6,정권,0,명사,정권이 바뀌다,고급
6,정규,0,명사,정규 직원,고급
6,정년,0,명사,정년을 앞두다,고급
6,정당하다,0,형용사,정당한 대가,고급
6,정밀,0,명사,정밀 검사,고급
6,정복,0,명사,정복을 당하다,고급
6,정비,0,명사,제도 정비,고급
6,정사각형,0,명사,정사각형 모양,고급
6,정상화,0,명사,정상화 대책,고급
6,정서적01∙정서적,2,관형사∙명사,정서적 교감,고급
6,정세,2,동사,주변 정세,고급
6,정신력,0,명사,정신력이 강하다,고급
6,정연하다,0,형용사,논리가 정연하다,고급
6,정열,0,명사,정열을 바치다,고급
6,정열적01∙정열적,2,관형사∙명사,정열적 사랑,고급
6,정적,4,명사,정적이 흐르다,고급
6,정적02∙정적,3,관형사∙명사,정적인 분위기,고급
6,정점,0,명사,정점에 다다르다,고급
6,정정당당하다,0,형용사,정정당당한 승부,고급
6,정책적01∙정책적,2,관형사∙명사,정책적 지원,고급
6,정체,1,명사,정체가 드러나다,고급
6,정체기,0,명사,정체기를 겪다,고급
6,정체성,0,명사,정체성을 찾다,고급
6,정통,0,명사,정통 요리,고급
6,정화,1,명사,환경 정화,고급
6,젖히다,1,동사,고개를 뒤로 젖히다,고급
6,제각기,1,명사,제각기 다르다,고급
6,제각기,2,부사,제각기 다르다,고급
6,제도적01∙제도적,2,관형사∙명사,제도적 장치,고급
6,제의,0,명사,제의가 들어오다,고급
6,제재,1,명사,복장 제재,고급
6,제정,0,명사,법 제정,고급
6,제치다,0,동사,라이벌을 제치다,고급
6,제패,0,명사,세계 재패,고급
6,조급하다,0,형용사,조급한 성격,고급
6,조립,0,명사,장난감 조립,고급
6,조마조마,0,부사,조마조마 걱정하다,고급
6,조만간,0,부사,조만간 만나다,고급
6,조문,2,명사,조문을 가다,고급
6,조문객,0,명사,조문객을 맞이하다,고급
6,조부모,0,명사,부모를 모시다,고급
6,조선업,0,명사,조선업에 종사하다,고급
6,조성,0,명사,분위기 조성,고급
6,조세,0,명사,조세를 거두다,고급
6,조심조심,0,부사,조심조심 걸어가다,고급
6,조연,0,명사,조연 배우,고급
6,조의,0,명사,조의를 표하다,고급
6,조작,2,명사,기계 조작,고급
6,조장,1,명사,과소비 조장,고급
6,조정,0,명사,조정 경기,고급
6,조정,1,명사,의견 조정,고급
6,조종,0,명사,비행기 조종,고급
6,조직적01∙조직적,2,관형사∙명사,조직적 활동,고급
6,조짐,0,명사,조짐을 보이다,고급
6,조치,0,명사,조치를 취하다,고급
6,조형미,0,명사,조형미가 돋보이다,고급
6,조화롭다,0,형용사,조화로운 삶,고급
6,족하다,0,형용사,그걸로 족하다,고급
6,존엄성,0,명사,인간의 존엄성,고급
6,졸지,0,명사,졸지에 공개되다,고급
6,종결,0,명사,수사의 종결,고급
6,종사,0,명사,전문직 종사,고급
6,종사자,0,명사,산업 종사자,고급
6,종전,1,명사,종전의 방식,고급
6,종합적01∙종합적,2,관형사∙명사,종합적 연구,고급
6,좌뇌,0,명사,좌뇌와 우뇌,고급
6,좌담회,0,명사,좌담회를 열다,고급
6,좌파,0,명사,좌파와 우파,고급
6,죄송스럽다,0,형용사,죄송스러운 마음,고급
6,죄인,0,명사,죄인을 처벌하다,고급
6,주권,0,명사,나라의 주권,고급
6,주력,0,명사,주력 상품,고급
6,주범,0,명사,사건의 주범,고급
6,주생활,0,명사,주생활을 개선하다,고급
6,주선,0,명사,주선으로 만나다,고급
6,주역,0,명사,승리의 주역,고급
6,주전,0,명사,주전 선수,고급
6,주체,2,명사,행동의 주체,고급
6,주최,0,명사,주최로 열리다,고급
6,준수,0,명사,신호 준수,고급
6,중공업,0,명사,중공업이 발전하다,고급
6,중대,2,명사,중대 발표,고급
6,중도,1,명사,중도에 탈락하다,고급
6,중력,0,명사,지구의 중력,고급
6,중립,0,명사,중립을 지키다,고급
6,중병,0,명사,중병에 걸리다,고급
6,중산층,0,명사,중산층 가정,고급
6,중소,0,명사,중소 도시,고급
6,중점,0,명사,중점을 두다,고급
6,중점적01∙중점적,2,관형사∙명사,중점적인 투자,고급
6,중증,0,명사,중증 환자,고급
6,즐비하다,0,형용사,건물이 즐비하다,고급
6,즙,0,명사,즙을 마시다,고급
6,증가세,0,명사,증가세를 보이다,고급
6,증대,0,명사,소득 증대,고급
6,증발,0,명사,수분의 증발,고급
6,증원,0,명사,신입생 증원,고급
6,증정,0,명사,선물 증정,고급
6,증진,0,명사,식욕 증진,고급
6,증후군,0,명사,명절 증후군,고급
6,지구력,0,명사,지구력을 기르다,고급
6,지그시,0,부사,지그시 누르다,고급
6,지극하다,0,형용사,지극한 정성,고급
6,지껄이다,0,동사,지껄이는 소리,고급
6,지대,0,명사,산간 지대,고급
6,지독하다,0,형용사,냄새가 지독하다,고급
6,지름,0,명사,원의 지름,고급
6,지리적01∙지리적,2,관형사∙명사,지리적 조건,고급
6,지망,0,명사,지망 학과,고급
6,지문,1,명사,교과서의 지문,고급
6,지문,2,명사,지문을 채취하다,고급
6,지배,0,명사,식민지 지배,고급
6,지배적01∙지배적,2,관형사∙명사,지배적 견해,고급
6,지성,2,명사,지성이 뛰어나다,고급
6,지원금,0,명사,지원금을 받다,고급
6,지인,0,명사,지인을 만나다,고급
6,지적01∙지적,2,관형사∙명사,지적 호기심,고급
6,지지율,0,명사,지지율이 높다,고급
6,지침,0,명사,행동 지침,고급
6,지향,1,명사,미래 지향,고급
6,지휘,0,명사,작전 지휘,고급
6,직거래,0,명사,농산물 직거래,고급
6,직관,0,명사,직관으로 판단하다,고급
6,직면,0,명사,현실에 직면하다,고급
6,직무,0,명사,직무를 수행하다,고급
6,직사각형,0,명사,직사각형 모양,고급
6,직속,0,명사,직속 후배,고급
6,진보,0,명사,진보와 퇴보,고급
6,진보적01∙진보적,2,관형사∙명사,진보적 인사,고급
6,진상,1,명사,사건의 진상,고급
6,진열,0,명사,진열 상품,고급
6,진작,1,부사,진작 말하다,고급
6,진전,0,명사,진전이 없다,고급
6,진정,1,부사,진정 기쁘다,고급
6,진정,3,명사,사태 진정,고급
6,진취적01∙진취적,2,관형사∙명사,진취적 사고,고급
6,진풍경,0,명사,진풍경이 펼쳐지다,고급
6,진흥,0,명사,무역 진흥,고급
6,질량,0,명사,질량을 재다,고급
6,질의,0,명사,질의에 대답하다,고급
6,짊어지다,0,동사,가방을 짊어지다,고급
6,집사람,0,명사,집사람과 의논하다,고급
6,집필,0,명사,원고 집필,고급
6,집회,0,명사,집회에 참석하다,고급
6,짓궂다,0,형용사,짓궂은 농담,고급
6,짓밟다,0,동사,잔디를 짓밟다,고급
6,징역,0,명사,징역을 살다,고급
6,징크스,0,명사,징크스를 깨다,고급
6,짜임새,0,명사,짜임새를 갖추다,고급
6,짤막하다,0,형용사,글이 짤막하다,고급
6,째려보다,0,동사,카메라를 째려보다,고급
6,쩔쩔매다,0,동사,혼자 쩔쩔매다,고급
6,쪼그리다,0,동사,무릎을 쪼그리다,고급
6,쭈그리다,0,동사,쭈그려 앉다,고급
6,찌들다,0,동사,땀에 찌들다,고급
6,찌뿌드드하다,0,형용사,온몸이 찌뿌드드하다,고급
6,찔리다,0,동사,바늘에 찔리다,고급
6,찧다,0,동사,방아를 찧다,고급
6,차곡차곡,0,부사,차곡차곡 모으다,고급
6,차관,1,명사,교육부 차관,고급
6,차일피일,0,부사,차일피일 미루다,고급
6,차질,0,명사,차질을 빚다,고급
6,착륙,0,명사,비행기 착륙,고급
6,착실하다,0,형용사,착실한 사람,고급
6,착오,0,명사,착오가 생기다,고급
6,찬란하다,0,형용사,햇살이 찬란하다,고급
6,찬반,0,명사,찬반 토론,고급
6,찬사,0,명사,찬사를 보내다,고급
6,찬송가,0,명사,찬송가를 부르다,고급
6,참견,0,명사,괜한 참견,고급
6,참배,0,명사,신사 참배,고급
6,창백하다,0,형용사,얼굴색이 창백하다,고급
6,창의성,0,명사,창의성을 발휘하다,고급
6,창작품,0,명사,예술적 창작품,고급
6,창출,0,명사,일자리 창출,고급
6,채,5,부사,,고급
6,채다,3,동사,눈치를 채다,고급
6,처가,0,명사,처가에 가다,고급
6,처량하다,0,형용사,신세가 처량하다,고급
6,처마,0,명사,처마 끝,고급
6,처지,0,명사,처지가 딱하다,고급
6,처지다,0,동사,눈꺼풀이 처지다,고급
6,처참하다,0,형용사,모습이 처참하다,고급
6,척추,0,명사,척추가 휘다,고급
6,천막,0,명사,천막을 치다,고급
6,천만다행,0,명사,천만다행으로 여기다,고급
6,천부적01∙천부적,2,관형사∙명사,천부적인 재능,고급
6,천지,0,명사,천지 차이,고급
6,천하다,0,형용사,신분이 천하다,고급
6,철강,0,명사,철강 산업,고급
6,철거,0,명사,아파트 철거,고급
6,철새,0,명사,겨울 철새,고급
6,철수,0,명사,군대 철수,고급
6,첨단,0,명사,첨단 과학,고급
6,첨예하다,0,형용사,대립이 첨예하다,고급
6,청중,0,명사,청중을 사로잡다,고급
6,체내,0,명사,체내 수분,고급
6,체벌,0,명사,체벌을 받다,고급
6,체제,0,명사,민주주의 체제,고급
6,체포,0,명사,범인 체포,고급
6,초가집,0,명사,초가집 지붕,고급
6,초능력,0,명사,초능력을 지니다,고급
6,초래,0,명사,갈등 초래,고급
6,초월,0,명사,상상 초월,고급
6,초월적,0,관형사∙명사,초월적인 존재,고급
6,초창기,0,명사,초창기 모습,고급
6,촉각,2,명사,손끝의 촉각,고급
6,촉진,0,명사,개발 촉진,고급
6,촉촉하다,0,형용사,피부가 촉촉하다,고급
6,총액,0,명사,소득 총액,고급
6,총체적01∙총체적,2,관형사∙명사,총체적인 노력,고급
6,최고령,0,명사,최고령 합격자,고급
6,최고조,0,명사,최고조에 달하다,고급
6,최악,0,명사,최악의 결과,고급
6,최연소,0,명사,최연소 선수,고급
6,최적,0,명사,최적의 환경,고급
6,최첨단,0,명사,최첨단 시설,고급
6,최후,0,명사,최후의 선택,고급
6,추격,0,명사,경찰의 추격,고급
6,추리다,0,동사,지원자를 추리다,고급
6,추모,0,명사,희생자 추모,고급
6,추상적01∙추상적,2,관형사∙명사,추상적인 그림,고급
6,추이,0,명사,변화 추이,고급
6,추적,0,명사,범인 추적,고급
6,추정,0,명사,추정 보도,고급
6,축축하다,0,형용사,수건이 축축하다,고급
6,출동,0,명사,긴급 출동,고급
6,출마,0,명사,대통령 출마,고급
6,출범,0,명사,정부 출범,고급
6,출세,0,명사,출세 가도,고급
6,출제,0,명사,문제 출제,고급
6,출품,0,명사,출품 작품,고급
6,출혈,0,명사,과다 출혈,고급
6,충실,1,명사,충실한 강의,고급
6,충실히,2,부사,충실히 수행하다,고급
6,취약,0,명사,취약 계층,고급
6,취임,0,명사,취임 연설,고급
6,취지,0,명사,취지에 맞다,고급
6,취학,0,명사,취학 아동,고급
6,측정,0,명사,무게 측정,고급
6,치닫다,0,동사,위로 치닫다,고급
6,치매,0,명사,치매에 걸리다,고급
6,치명적01∙치명적,2,관형사∙명사,치명적인 실수,고급
6,치밀다,0,동사,위로 치밀다,고급
6,치솟다,0,동사,불길이 치솟다,고급
6,치안,0,명사,치안 유지,고급
6,치열하다,0,형용사,경쟁이 치열하다,고급
6,치욕,0,명사,치욕을 당하다,고급
6,치우치다,0,동사,한쪽으로 치우치다,고급
6,치유,0,명사,자연 치유,고급
6,치중,0,명사,형식에 치중하다,고급
6,치켜들다,0,동사,고개를 치켜들다,고급
6,친교,0,명사,친교 관계,고급
6,친숙하다,0,형용사,친숙한 사이,고급
6,친화,0,명사,자연 친화,고급
6,친화력,0,명사,친화력이 좋다,고급
6,칠전팔기,0,명사,,고급
6,침범,0,명사,침범 행위,고급
6,침입,0,명사,적의 침입,고급
6,침체기,0,명사,경기 침체기,고급
6,칭하다,0,동사,황제로 칭하다,고급
6,캐다,0,동사,나물을 캐다,고급
6,캐묻다,0,동사,이유를 캐묻다,고급
6,캠프,0,명사,야외 캠프,고급
6,컨디션,0,명사,컨디션이 좋다,고급
6,코치,0,명사,코치를 받다,고급
6,콧날,0,명사,콧날이 오뚝하다,고급
6,쾌감,0,명사,쾌감을 느끼다,고급
6,쾌락,0,명사,정신적 쾌락,고급
6,큰소리치다,0,동사,아내에게 큰소리치다,고급
6,타격,0,명사,정신적 타격,고급
6,타당성,0,명사,타당성 검토,고급
6,타당하다,0,형용사,근거가 타당하다,고급
6,타산지석,0,명사,,고급
6,타이르다,0,동사,아이를 타이르다,고급
6,타협,0,명사,노사 타협,고급
6,탁,0,부사,탁 트이다,고급
6,탁월하다,0,형용사,능력이 탁월하다,고급
6,탄력,0,명사,근육의 탄력,고급
6,탄성,2,명사,탄성이 터지다,고급
6,탄식,0,명사,탄식 소리,고급
6,탄압,0,명사,인권 탄압,고급
6,탄탄하다,1,형용사,근육이 탄탄하다,고급
6,탄탄히,0,부사,탄탄히 다지다,고급
6,탈-,0,접사,탈냉전,고급
6,탐구,0,명사,학문 탐구,고급
6,태교,0,명사,태교 음악,고급
6,터득,0,명사,요령을 터득하다,고급
6,터무니없다,0,형용사,이야기가 터무니없다,고급
6,터전,0,명사,삶의 터전,고급
6,터트리다,0,동사,폭탄을 터트리다,고급
6,턱없이,0,부사,턱없이 부족하다,고급
6,털썩,0,부사,털썩 앉다,고급
6,털어놓다,0,동사,사실을 털어놓다,고급
6,테두리,0,명사,테두리를 그리다,고급
6,톡톡,0,부사,톡톡 터지다,고급
6,톡톡히,0,부사,톡톡히 혼나다,고급
6,통념,0,명사,통념을 깨다,고급
6,통보,0,명사,합격 통보,고급
6,통상,1,명사,통상 마찰,고급
6,통속,0,명사,통속에 따르다,고급
6,통용,0,명사,화폐 통용,고급
6,통째,0,명사,통째로 삼키다,고급
6,통치,0,명사,군사 통치,고급
6,통쾌하다,0,형용사,통쾌한 복수,고급
6,통틀다,0,동사,모든 것을 통틀어,고급
6,통풍,0,명사,통풍 장치,고급
6,퇴임,0,명사,정년 퇴임,고급
6,퇴진,0,명사,경영진 퇴진,고급
6,투기,1,명사,부동산 투기,고급
6,투박하다,0,형용사,손이 투박하다,고급
6,투병,0,명사,투병 생활,고급
6,투입,0,명사,지폐 투입,고급
6,투쟁,0,명사,정치적 투쟁,고급
6,투정,0,명사,투정을 부리다,고급
6,투철하다,0,형용사,애국심이 투철하다,고급
6,트다,1,동사,싹이 트다,고급
6,트다,2,동사,길을 트다,고급
6,트림,0,명사,트림이 나오다,고급
6,트집,0,명사,트집을 잡다,고급
6,특권,0,명사,특권을 누리다,고급
6,특수성,0,명사,지역적 특수성,고급
6,특질,0,명사,유전적 특질,고급
6,특집,0,명사,특집 방송,고급
6,특징적01∙특징적,2,관형사∙명사,특징적인 행동,고급
6,특허,0,명사,발명 특허,고급
6,특혜,0,명사,특혜를 받다,고급
6,튼튼히,0,부사,튼튼히 짓다,고급
6,틀,0,명사,틀에 넣다,고급
6,틀어막다,0,동사,귀를 틀어막다,고급
6,틀어박히다,0,동사,방에 틀어박히다,고급
6,틈새,0,명사,틈새를 막다,고급
6,티격태격하다,0,동사,동생과 티격태격하다,고급
6,티끌,0,명사,티끌만큼 작다,고급
6,파격적01∙파격적,2,관형사∙명사,파격적인 조건,고급
6,파견,0,명사,파견 근무,고급
6,파급,0,명사,파급 효과,고급
6,파내다,0,동사,땅을 파내다,고급
6,파란만장,0,명사,,고급
6,파멸,0,명사,인류 파멸,고급
6,파문,0,명사,파문이 일다,고급
6,파업,0,명사,노조 파업,고급
6,파이프,0,명사,수도 파이프,고급
6,파장,1,명사,사회적 파장,고급
6,파헤치다,0,동사,땅을 파헤치다,고급
6,판결,0,명사,판결을 내리다,고급
6,판명,0,명사,판명이 나다,고급
6,판이하다,0,형용사,판이한 결과,고급
6,판정,0,명사,판정을 내리다,고급
6,판촉,0,명사,판촉 광고,고급
6,팔방미인,0,명사,,고급
6,팔자,0,명사,팔자가 기구하다,고급
6,패,4,명사,패를 나누다,고급
6,패기,0,명사,젊은이의 패기,고급
6,패배,0,명사,패배를 당하다,고급
6,패자,0,명사,승자와 패자,고급
6,패턴,0,명사,생활 패턴,고급
6,팽개치다,0,동사,가방을 팽개치다,고급
6,팽창,0,명사,부피 팽창,고급
6,팽팽하다,0,형용사,줄이 팽팽하다,고급
6,퍼붓다,0,동사,눈이 퍼붓다,고급
6,펄쩍,0,부사,펄쩍 뛰다,고급
6,펄펄,0,부사,펄펄 끓다,고급
6,펭귄,0,명사,펭귄처럼 걷다,고급
6,편들다,0,동사,한쪽을 편들다,고급
6,편입,0,명사,대학 편입,고급
6,편파적01∙편파적,2,관형사∙명사,편파적인 보도,고급
6,평론,0,명사,소설 평론,고급
6,평면,0,명사,평면 텔레비전,고급
6,평야,0,명사,평야 지대,고급
6,평온,0,명사,마음의 평온,고급
6,평이하다,0,형용사,수준이 평이하다,고급
6,평평하다,0,형용사,땅이 평평하다,고급
6,평화적01∙평화적,2,관형사∙명사,평화적인 해결,고급
6,폐기물,0,명사,폐기물 처리,고급
6,폐렴,0,명사,폐렴에 걸리다,고급
6,폐막식,0,명사,올림픽 폐막식,고급
6,폐쇄,0,명사,출입구 폐쇄,고급
6,폐쇄적01∙폐쇄적,2,관형사∙명사,폐쇄적인 구조,고급
6,폐장,0,명사,폐장 시간,고급
6,폐해,0,명사,흡연의 폐해,고급
6,폐허,0,명사,폐허가 되다,고급
6,폐활량,0,명사,폐활량이 늘다,고급
6,포부,0,명사,원대한 포부,고급
6,포용,0,명사,상대를 포용하다,고급
6,폭격,0,명사,무차별 폭격,고급
6,폭등,0,명사,물가 폭등,고급
6,폭락,0,명사,주가 폭락,고급
6,폭로,0,명사,비리 폭로,고급
6,폭염,0,명사,폭염 특보,고급
6,폭파,0,명사,폭파 사고,고급
6,폭풍,0,명사,폭풍이 불다,고급
6,폭행,0,명사,집단 폭행,고급
6,표류,0,명사,표류 선박,고급
6,표면적01∙표면적,2,관형사∙명사,표면적인 관계,고급
6,표명,0,명사,사의 표명,고급
6,표방,0,명사,민주주의의 표방,고급
6,표본,0,명사,표본으로 삼다,고급
6,표어,0,명사,불조심 표어,고급
6,표적,0,명사,표적으로 삼다,고급
6,푸근하다,0,형용사,이불이 푸근하다,고급
6,푸념,0,명사,푸념을 늘어놓다,고급
6,푸대접,0,명사,멸시와 푸대접,고급
6,풀,3,명사,풀이 죽다,고급
6,풀어내다,0,동사,문제를 풀어내다,고급
6,풀어놓다,0,동사,개를 풀어놓다,고급
6,품격,0,명사,품격을 높이다,고급
6,품위,0,명사,품위를 지키다,고급
6,품종,0,명사,품종 개량,고급
6,품행,0,명사,품행이 단정하다,고급
6,풋풋하다,0,형용사,풋풋한 신입생,고급
6,풍자,0,명사,사회 풍자,고급
6,풍조,0,명사,과소비 풍조,고급
6,풍족하다,0,형용사,살림이 풍족하다,고급
6,풍토,0,명사,척박한 풍토,고급
6,피고,0,명사,피고와 원고,고급
6,피고인,0,명사,피고인을 변호하다,고급
6,피력,0,명사,의견 피력,고급
6,피살,0,명사,피살 사건,고급
6,피차,0,명사,피차 마찬가지다,고급
6,필연적01∙필연적,2,관형사∙명사,필연적인 결과,고급
6,필자,0,명사,필자의 의도,고급
6,핏줄,0,명사,핏줄을 찾다,고급
6,하나같이,0,부사,하나같이 똑같다,고급
6,하락세,0,명사,하락세를 보이다,고급
6,하루빨리,0,부사,하루빨리 고치다,고급
6,하류,0,명사,하류로 내려가다,고급
6,하물며,0,부사,,고급
6,하반신,0,명사,하반신 마비,고급
6,하소연,0,명사,하소연을 듣다,고급
6,하염없이,0,부사,하염없이 기다리다,고급
6,하위,0,명사,하위 성적,고급
6,하인,0,명사,하인을 두다,고급
6,하천,0,명사,하천이 흐르다,고급
6,학계,0,명사,학계 전문가,고급
6,학대,0,명사,동물 학대,고급
6,학문적01∙학문적,2,관형사∙명사,학문적 토대,고급
6,학살,0,명사,대량 학살,고급
6,학술,0,명사,학술 교류,고급
6,학식,0,명사,학식이 높다,고급
6,한갓,0,부사,,고급
6,한결같다,0,형용사,한결같은 마음,고급
6,한결같이,0,부사,한결같이 사랑하다,고급
6,한과,0,명사,한과를 선물하다,고급
6,한껏,0,부사,한껏 즐기다,고급
6,한낱,0,부사,한낱 꿈에 불과하다,고급
6,한도,0,명사,카드 한도,고급
6,한몫,0,명사,한몫을 챙기다,고급
6,한바탕,1,명사,한바탕 웃다,고급
6,한바탕,2,부사,한바탕 웃다,고급
6,한사코,0,부사,한사코 말리다,고급
6,한심하다,0,형용사,한심한 짓,고급
6,한정하다,0,동사,범위를 한정하다,고급
6,한탄,0,명사,신세 한탄,고급
6,한탕,0,명사,한탕을 노리다,고급
6,한파,0,명사,겨울 한파,고급
6,한하다,0,동사,고객에 한하여,고급
6,할퀴다,0,동사,손톱으로 할퀴다,고급
6,함성,0,명사,함성을 지르다,고급
6,함축,0,명사,역사의 함축,고급
6,함흥차사,0,명사,,고급
6,합당하다,1,형용사,합당한 이유,고급
6,합동,0,명사,합동 훈련,고급
6,합류,0,명사,팀에 합류하다,고급
6,합법적01∙합법적,2,관형사∙명사,합법적인 절차,고급
6,합성,0,명사,합성 사진,고급
6,항문,0,명사,항문 질환,고급
6,항생제,0,명사,항생제를 처방하다,고급
6,항아리,0,명사,고추장 항아리,고급
6,항암,0,명사,항암 치료,고급
6,해독,2,명사,해독 작용,고급
6,해독,3,명사,한문 해독,고급
6,해박하다,0,형용사,해박한 지식,고급
6,해발,0,명사,"해발 1,000m",고급
6,해석,0,명사,통계 해석,고급
6,해약,0,명사,해약 요청,고급
6,해일,0,명사,지진과 해일,고급
6,해제,0,명사,경보 해제,고급
6,해직,0,명사,해직 통보,고급
6,해체,2,명사,팀 해체,고급
6,해학적01∙해학적,2,관형사∙명사,해학적으로 묘사하다,고급
6,핵가족화,0,명사,핵가족화 시대,고급
6,핵심적01∙핵심적,2,관형사∙명사,핵심적인 내용,고급
6,햅쌀,0,명사,햅쌀로 밥하다,고급
6,행렬,0,명사,축제 행렬,고급
6,행방,0,명사,행방을 모르다,고급
6,행세,0,명사,주인 행세,고급
6,행적,0,명사,행적을 감추다,고급
6,행정부,0,명사,기관,고급
6,행진,0,명사,가두 행진,고급
6,허겁지겁,0,부사,허겁지겁 먹다,고급
6,허구,0,명사,허구와 현실,고급
6,허기,0,명사,허기를 느끼다,고급
6,허둥지둥,0,부사,허둥지둥 나가다,고급
6,허름하다,0,형용사,집이 허름하다,고급
6,허망,0,명사,허망을 느끼다,고급
6,허무,0,명사,허무에 빠지다,고급
6,허물다,2,동사,건물을 허물다,고급
6,허술하다,0,형용사,관리가 허술하다,고급
6,허탈,0,명사,허탈과 좌절,고급
6,허파,0,명사,허파로 호흡하다,고급
6,헌법,0,명사,헌법을 개정하다,고급
6,헌신,0,명사,헌신과 희생,고급
6,헌신적01∙헌신적,2,관형사∙명사,헌신적인 사랑,고급
6,헐값,0,명사,헐값에 팔다,고급
6,헐다,2,동사,건물을 헐다,고급
6,헐뜯다,0,동사,남을 헐뜯다,고급
6,헐레벌떡,0,부사,헐레벌떡 뛰다,고급
6,험난하다,0,형용사,길이 험난하다,고급
6,험악하다,0,형용사,산세가 험악하다,고급
6,헛되이,0,부사,헛되이 보내다,고급
6,헤어나다,0,동사,가난에서 헤어나다,고급
6,헤집다,0,동사,방 안을 헤집다,고급
6,헤치다,0,동사,물살을 헤치다,고급
6,헤프다,0,형용사,씀씀이가 헤프다,고급
6,헹구다,0,동사,그릇을 헹구다,고급
6,혁신,0,명사,기술 혁신,고급
6,혁신적01∙혁신적,2,관형사∙명사,혁신적인 기술,고급
6,현,0,관형사,현 대통령,고급
6,현기증,0,명사,현기증을 일으키다,고급
6,현모양처,0,명사,,고급
6,현안,0,명사,국정 현안,고급
6,현저하다,0,형용사,차이가 현저하다,고급
6,현저히,0,부사,현저히 증가하다,고급
6,현직,0,명사,현직 장관,고급
6,혈연,0,명사,혈연을 중요시하다,고급
6,혐오,0,명사,혐오 시설,고급
6,혐의,0,명사,범죄 혐의,고급
6,협동심,0,명사,협동심을 기르다,고급
6,협박,0,명사,협박 편지,고급
6,협상,0,명사,임금 협상,고급
6,협약,0,명사,업무 협약,고급
6,협의,0,명사,조건을 협의하다,고급
6,협정,0,명사,협정을 맺다,고급
6,협조,2,명사,노사 협조,고급
6,형사,0,명사,형사에게 붙잡히다,고급
6,형상,0,명사,동물의 형상,고급
6,형용하다,0,동사,말로 형용하다,고급
6,호되다,0,형용사,호된 비판,고급
6,호들갑,0,명사,호들갑을 떨다,고급
6,호소,0,명사,관심 호소,고급
6,호응,0,명사,관객의 호응,고급
6,호의,0,명사,호의를 베풀다,고급
6,호의적01∙호의적,2,관형사∙명사,호의적인 태도,고급
6,호전,0,명사,증상 호전,고급
6,호젓하다,0,형용사,산길이 호젓하다,고급
6,호조,0,명사,호조를 보이다,고급
6,호평,0,명사,호평을 받다,고급
6,호황,0,명사,호황을 누리다,고급
6,혹시나,0,부사,혹시나 하고,고급
6,혹평,0,명사,전문가의 혹평,고급
6,혼동,0,명사,혼동을 일으키다,고급
6,혼합,0,명사,혼합 물질,고급
6,홀가분하다,0,형용사,마음이 홀가분하다,고급
6,홈런,0,명사,홈런을 치다,고급
6,화,0,명사,화를 면하다,고급
6,화두,0,명사,화두를 꺼내다,고급
6,화목,0,명사,가정의 화목,고급
6,화물,0,명사,화물을 싣다,고급
6,화살,0,명사,화살을 쏘다,고급
6,화자,0,명사,화자와 청자,고급
6,확고하다,0,형용사,의지가 확고하다,고급
6,확립,0,명사,질서 확립,고급
6,확연히,0,부사,확연히 다르다,고급
6,확충,0,명사,설비 확충,고급
6,환원,0,명사,사회 환원,고급
6,환호,0,동사,환호를 보내다,고급
6,활력,0,명사,활력이 넘치다,고급
6,활력소,0,명사,생활의 활력소,고급
6,활자,0,명사,금속 활자,고급
6,황금기,0,명사,인생의 황금기,고급
6,황급히,0,부사,황급히 나가다,고급
6,황량하다,0,형용사,거리가 황량하다,고급
6,황제,0,명사,황제 폐하,고급
6,황혼,0,명사,황혼 무렵,고급
6,회견,0,명사,기자 회견,고급
6,회계,0,명사,예산 회계,고급
6,회복세,0,명사,경기 회복세,고급
6,회수,0,명사,자금 회수,고급
6,회의적01∙회의적,2,관형사∙명사,회의적인 견해,고급
6,회피,0,명사,책임 회피,고급
6,획기적00∙획기적,0,관형사∙명사,획기적으로 바꾸다,고급
6,획득,0,명사,메달 획득,고급
6,횡설수설,0,명사,,고급
6,효력,0,명사,법적 효력,고급
6,효용,0,명사,효용 가치,고급
6,후각,0,명사,후각이 예민하다,고급
6,후대,2,명사,후대에 물려주다,고급
6,후련하다,0,형용사,속이 후련하다,고급
6,후반부,0,명사,경기 후반부,고급
6,후보자,0,명사,대통령 후보자,고급
6,후속,0,명사,후속 조치,고급
6,후원자,0,명사,재정 후원자,고급
6,후유증,0,명사,사고 후유증,고급
6,후임,0,명사,후임 감독,고급
6,후진,0,명사,후진 주차,고급
6,후퇴,0,명사,작전상 후퇴,고급
6,훑다,0,동사,대충 훑다,고급
6,훑어보다,0,동사,책을 훑어보다,고급
6,훔쳐보다,0,동사,일기를 훔쳐보다,고급
6,훤하다,0,형용사,불이 훤하다,고급
6,휘다,0,동사,허리가 휘다,고급
6,휘두르다,0,동사,칼을 휘두르다,고급
6,휘말리다,0,동사,싸움에 휘말리다,고급
6,휘젓다,0,동사,국을 휘젓다,고급
6,휩싸이다,0,동사,불길에 휩싸이다,고급
6,휩쓸다,0,동사,태풍이 휩쓸다,고급
6,휩쓸리다,0,동사,강풍에 휩쓸리다,고급
6,휴대용,0,명사,휴대용 녹음기,고급
6,휴무,0,명사,임시 휴무,고급
6,휴전,0,명사,휴전 상태,고급
6,휴직,0,명사,육아 휴직,고급
6,흉하다,0,형용사,점괘가 흉하다,고급
6,흐느끼다,0,동사,흐느끼는 소리,고급
6,흑자,0,명사,흑자를 내다,고급
6,흘기다,0,동사,눈을 흘기다,고급
6,흘러들다,0,동사,바다로 흘러들다,고급
6,흡사,0,부사,흡사 짐승 같다,고급
6,흥청망청,0,부사,흥청망청 쓰다,고급
6,희귀하다,0,형용사,희귀한 보석,고급
6,희미하다,0,형용사,기억이 희미하다,고급
6,희박하다,0,형용사,가능성이 희박하다,고급
6,희한하다,0,형용사,희한한 일,고급
6,힐끔거리다,0,동사,옆을 힐끔거리다,고급
6,힐끗,0,부사,힐끗 돌아보다,고급
6,힘겹다,0,형용사,삶이 힘겹다,고급
6,힘입다,0,동사,성원에 힘입다,고급
