grade,headword,homograph,pos,origin
1,가,1,명사,고유어
1,가게,0,명사,고유어
1,가격,3,명사,한자어
1,가구,4,명사,한자어
1,가까워지다,0,동사,고유어
1,가까이,0,부사/명사,고유어
1,가깝다,0,형용사,고유어
1,가꾸다,0,동사,고유어
1,가끔,0,부사,고유어
1,가난,1,명사,고유어
1,가난하다,0,형용사,고유어
1,가늘다,0,형용사,고유어
1,가능,0,명사,한자어
1,가능하다,0,형용사,혼종어
1,가다,1,동사/보조동사,고유어
1,가두다,0,동사,고유어
1,가득,1,부사,고유어
1,가득하다,1,형용사,고유어
1,가라앉다,0,동사,고유어
1,가래,6,명사,고유어
1,가렵다,0,형용사,고유어
1,가로,1,명사/부사,고유어
1,가로등,0,명사,한자어
1,가로막다,0,동사,고유어
1,가루,1,명사,고유어
1,가르다,0,동사,고유어
1,가르치다,1,동사,고유어
1,가르침,0,명사,고유어
1,가리다,2,동사,고유어
1,가리다,3,동사,고유어
1,가리키다,1,동사,고유어
1,가만,0,부사/감탄사,고유어
1,가만있다,0,동사,고유어
1,가만히,0,부사,고유어
1,가면,2,명사,한자어
1,가발,2,명사,한자어
1,가방,1,명사,고유어
1,가볍다,0,형용사,고유어
1,가수,11,명사,한자어
1,가스,0,명사,외래어
1,가스레인지,0,명사,외래어
1,가슴,0,명사,고유어
1,가시,1,명사,고유어
1,가시다,0,동사,고유어
1,가엾다,0,형용사,고유어
1,가운데,0,명사,고유어
1,가위,1,명사,고유어
1,가위바위보,0,명사,혼종어
1,가을,1,명사,고유어
1,가장,1,부사,고유어
1,가정,6,명사,한자어
1,가져가다,0,동사,고유어
1,가져다주다,0,동사,고유어
1,가져오다,0,동사,고유어
1,가족,0,명사,한자어
1,가죽,0,명사,고유어
1,가지,1,명사,고유어
1,가지,4,의존명사,고유어
1,가지다,0,동사/보조동사,고유어
1,가짜,0,명사,혼종어
1,각,1,관형사,한자어
1,각,2,명사,한자어
1,각각,1,명사/부사,한자어
1,각자,2,명사/부사,한자어
1,간,1,명사,고유어
1,간,8,명사,한자어
1,간격,2,명사,한자어
1,간단하다,2,형용사,혼종어
1,간단히,0,부사,혼종어
1,간섭,0,명사,한자어
1,간섭하다,0,동사,혼종어
1,간식,2,명사,한자어
1,간장,1,명사,혼종어
1,간지럽다,0,형용사,고유어
1,간판,2,명사,한자어
1,간편하다,0,형용사,혼종어
1,간호,0,명사,한자어
1,간호사,0,명사,한자어
1,간호하다,0,동사,혼종어
1,갇히다,0,동사,고유어
1,갈다,1,동사,고유어
1,갈다,2,동사,고유어
1,갈라지다,0,동사,고유어
1,갈매기,0,명사,고유어
1,갈비,1,명사,고유어
1,갈색,0,명사,한자어
1,갈수록,0,부사,고유어
1,갈아입다,0,동사,고유어
1,갈아입히다,0,동사,고유어
1,감,1,명사,고유어
1,감기,3,명사,한자어
1,감기다,1,동사,고유어
1,감기다,4,동사,고유어
1,감다,1,동사,고유어
1,감다,2,동사,고유어
1,감다,3,동사,고유어
1,감독,0,명사,한자어
1,감동,2,명사,한자어
1,감동적,0,명사/관형사,한자어
1,감동하다,1,동사,혼종어
1,감사,8,명사,한자어
1,감사하다,5,동사/형용사,혼종어
1,감싸다,0,동사,고유어
1,감옥,2,명사,한자어
1,감자,1,명사,고유어
1,감자튀김,0,명사,고유어
1,감추다,0,동사,고유어
1,갑갑하다,0,형용사,고유어
1,갑자기,0,부사,고유어
1,값,0,명사,고유어
1,강,1,명사,한자어
1,강가,1,명사,혼종어
1,강물,0,명사,혼종어
1,강산,1,명사,한자어
1,강아지,0,명사,고유어
1,강하다,1,형용사,혼종어
1,강하다,2,형용사,혼종어
1,갖가지,0,명사,고유어
1,갖다,1,동사/보조동사,고유어
1,같다,0,형용사,고유어
1,같아지다,0,동사,고유어
1,같이,0,부사/조사,고유어
1,갚다,0,동사,고유어
1,개,3,명사,고유어
1,개,7,의존명사,한자어
1,개구리,0,명사,고유어
1,개굴개굴,0,부사,고유어
1,개나리,1,명사,고유어
1,개나리꽃,0,명사,고유어
1,개다,3,동사,고유어
1,개미,3,명사,고유어
1,개수,3,명사,한자어
1,개운하다,1,형용사,고유어
1,개울,0,명사,고유어
1,개인,2,명사,한자어
1,개학,0,명사,한자어
1,갸우뚱하다,0,동사/형용사,고유어
1,걔,0,품사없음,고유어
1,거,1,대명사/의존명사,고유어
1,거기,1,대명사,고유어
1,거꾸로,0,부사,고유어
1,거대하다,0,형용사,혼종어
1,거리,1,명사,고유어
1,거리,7,명사,한자어
1,거미,2,명사,고유어
1,거미줄,0,명사,고유어
1,거북,2,명사,고유어
1,거북이,0,명사,고유어
1,거세다,0,형용사,고유어
1,거실,2,명사,한자어
1,거울,1,명사,고유어
1,거의,1,명사/부사,고유어
1,거인,1,명사,한자어
1,거절,1,명사,한자어
1,거절하다,1,동사,혼종어
1,거지,1,명사,고유어
1,거짓,0,명사,고유어
1,거짓말,0,명사,고유어
1,거짓말쟁이,0,명사,고유어
1,거짓말하다,0,동사,고유어
1,거칠다,0,형용사,고유어
1,거품,0,명사,고유어
1,걱정,0,명사,고유어
1,걱정되다,0,동사,고유어
1,걱정스럽다,0,형용사,고유어
1,걱정하다,0,동사,고유어
1,건강,3,명사,한자어
1,건강하다,2,형용사,혼종어
1,건너,1,명사,고유어
1,건너가다,0,동사,고유어
1,건너다,0,동사,고유어
1,건너오다,0,동사,고유어
1,건너편,0,명사,혼종어
1,건드리다,0,동사,고유어
1,건물,3,명사,한자어
1,건전지,0,명사,한자어
1,건조하다,2,동사/형용사,혼종어
1,건지다,0,동사,고유어
1,걷기,0,명사,고유어
1,걷다,2,동사,고유어
1,걸다,2,동사,고유어
1,걸레,0,명사,고유어
1,걸리다,1,동사,고유어
1,걸어가다,0,동사,고유어
1,걸어오다,1,동사,고유어
1,걸음,0,명사,고유어
1,걸음마,0,명사/감탄사,고유어
1,걸치다,0,동사,고유어
1,검다,2,형용사,고유어
1,검사,3,명사,한자어
1,검사하다,0,동사,혼종어
1,검은색,0,명사,혼종어
1,검정,1,명사,고유어
1,겁,2,명사,한자어
1,겁나다,0,동사,혼종어
1,겁내다,0,동사,혼종어
1,것,0,의존명사,고유어
1,겉,1,명사,고유어
1,겉모습,0,명사,고유어
1,게,1,명사,고유어
1,게으르다,0,형용사,고유어
1,게으름,0,명사,고유어
1,게임,0,명사,외래어
1,겨드랑이,0,명사,고유어
1,겨루다,0,동사,고유어
1,겨우,0,부사,고유어
1,겨울,0,명사,고유어
1,겨울철,0,명사,고유어
1,겪다,0,동사,고유어
1,견디다,0,동사,고유어
1,결과,2,명사,한자어
1,결국,0,명사/부사,한자어
1,결석,1,명사,한자어
1,결석하다,0,동사,혼종어
1,결심,1,명사,한자어
1,결심하다,1,동사,혼종어
1,결정,1,명사,한자어
1,결정하다,1,동사,혼종어
1,결코,0,부사,혼종어
1,결혼,0,명사,한자어
1,결혼식,0,명사,한자어
1,결혼하다,0,동사,혼종어
1,겹치다,0,동사,고유어
1,경고,4,명사,한자어
1,경기,11,명사,한자어
1,경기장,0,명사,한자어
1,경례,0,명사/감탄사,한자어
1,경우,2,명사,한자어
1,경쟁,0,명사,한자어
1,경주,8,명사,한자어
1,경찰,4,명사,한자어
1,경찰관,0,명사,한자어
1,경찰서,0,명사,한자어
1,경찰차,0,명사,한자어
1,경치,2,명사,한자어
1,곁,0,명사,고유어
1,계곡,1,명사,한자어
1,계단,4,명사,한자어
1,계란,0,명사,한자어
1,계란프라이,0,명사,혼종어
1,계산,1,명사,한자어
1,계산하다,0,동사,혼종어
1,계속,4,명사/부사,한자어
1,계속되다,2,동사,혼종어
1,계속하다,3,동사,혼종어
1,계시다,0,동사/보조동사,고유어
1,계절,1,명사,한자어
1,계획,1,명사,한자어
1,계획하다,1,동사,혼종어
1,고,3,관형사,고유어
1,고개,1,명사,고유어
1,고개,2,명사,고유어
1,고구마,0,명사,고유어
1,고기,1,명사,고유어
1,고등어,0,명사,고유어
1,고래,1,명사,고유어
1,고루,1,부사,고유어
1,고르다,1,동사,고유어
1,고르다,3,형용사,고유어
1,고리,1,명사,고유어
1,고마움,0,명사,고유어
1,고마워하다,0,동사,고유어
1,고맙다,0,형용사,고유어
1,고모,1,명사,한자어
1,고모부,0,명사,한자어
1,고무,1,명사,고유어
1,고무줄,0,명사,고유어
1,고민,0,명사,한자어
1,고민하다,0,동사,혼종어
1,고백,0,명사,한자어
1,고백하다,0,동사,혼종어
1,고생,0,명사,한자어
1,고생하다,0,동사,혼종어
1,고소하다,1,형용사,고유어
1,고속버스,0,명사,혼종어
1,고슴도치,0,명사,고유어
1,고약하다,0,형용사,고유어
1,고양이,0,명사,고유어
1,고장,9,명사,한자어
1,고정,5,명사,한자어
1,고정되다,0,동사,혼종어
1,고정하다,5,동사,혼종어
1,고집,2,명사,한자어
1,고집하다,0,동사,혼종어
1,고추,1,명사,고유어
1,고추장,0,명사,혼종어
1,고춧가루,0,명사,고유어
1,고치다,0,동사,고유어
1,고통스럽다,0,형용사,혼종어
1,고프다,1,형용사,고유어
1,고함,1,명사,한자어
1,고향,2,명사,한자어
1,곡,2,명사,한자어
1,곤충,0,명사,한자어
1,곧,1,부사,고유어
1,곧바로,0,부사,고유어
1,곧잘,0,부사,고유어
1,곧장,0,부사,고유어
1,골,8,명사,외래어
1,골고루,0,부사,고유어
1,골다,0,동사,고유어
1,골목,1,명사,고유어
1,골목길,0,명사,고유어
1,골짜기,0,명사,고유어
1,곰,3,명사,고유어
1,곰곰이,0,부사,고유어
1,곰팡이,0,명사,고유어
1,곱다,2,형용사,고유어
1,곳,0,명사,고유어
1,공,1,명사,고유어
1,공,9,명사,한자어
1,공,12,명사/수사,한자어
1,공간,5,명사,한자어
1,공격,2,명사,한자어
1,공격하다,0,동사,혼종어
1,공기,5,명사,한자어
1,공놀이,0,명사,고유어
1,공동,2,명사,한자어
1,공룡,0,명사,한자어
1,공부,1,명사,한자어
1,공부하다,0,동사,혼종어
1,공사,2,명사,한자어
1,공사장,0,명사,한자어
1,공원,3,명사,한자어
1,공작새,0,명사,혼종어
1,공장,2,명사,한자어
1,공주,1,명사,한자어
1,공중,3,명사,한자어
1,공짜,0,명사,혼종어
1,공책,1,명사,한자어
1,공통점,0,명사,한자어
1,공포,8,명사,한자어
1,공항,2,명사,한자어
1,공휴일,0,명사,한자어
1,곶감,0,명사,고유어
1,과거,2,명사,한자어
1,과일,1,명사,고유어
1,과자,2,명사,한자어
1,과정,3,명사,한자어
1,과학,0,명사,한자어
1,과학자,0,명사,한자어
1,관계,5,명사,한자어
1,관심,1,명사,한자어
1,관찰,1,명사,한자어
1,관찰하다,0,동사,혼종어
1,관하다,2,동사,혼종어
1,광고,2,명사,한자어
1,괜찮다,0,형용사,고유어
1,괜히,0,부사,고유어
1,괴로움,0,명사,고유어
1,괴로워하다,0,동사,고유어
1,괴롭다,0,형용사,고유어
1,괴롭히다,0,동사,고유어
1,괴물,0,명사,한자어
1,괴상하다,2,형용사,혼종어
1,굉장하다,0,형용사,혼종어
1,굉장히,0,부사,혼종어
1,교사,9,명사,한자어
1,교실,0,명사,한자어
1,교체하다,0,동사,혼종어
1,교통사고,0,명사,한자어
1,교회,2,명사,한자어
1,구,1,수사/관형사,한자어
1,구경,1,명사,고유어
1,구경하다,0,동사,고유어
1,구급차,0,명사,한자어
1,구덩이,0,명사,고유어
1,구두,1,명사,고유어
1,구렁이,0,명사,고유어
1,구르다,1,동사,고유어
1,구르다,2,동사,고유어
1,구름,0,명사,고유어
1,구멍,0,명사,고유어
1,구박,3,명사,한자어
1,구별,2,명사,한자어
1,구별하다,0,동사,혼종어
1,구부리다,0,동사,고유어
1,구분,6,명사,한자어
1,구분하다,3,동사,혼종어
1,구석,1,명사,고유어
1,구석구석,0,명사,고유어
1,구슬,1,명사,고유어
1,구십,0,수사/관형사,한자어
1,구역,4,명사,한자어
1,구역질,0,명사,혼종어
1,구월,0,명사,한자어
1,구이,1,명사,고유어
1,구하다,1,동사,혼종어
1,구하다,3,동사,혼종어
1,국,1,명사,고유어
1,국군,2,명사,한자어
1,국기,7,명사,한자어
1,국물,0,명사,고유어
1,국민,0,명사,한자어
1,국밥,0,명사,고유어
1,국수,1,명사,고유어
1,국어,1,명사,한자어
1,국화,1,명사,한자어
1,국화,5,명사,한자어
1,군,4,대명사/의존명사,한자어
1,군,5,명사,한자어
1,군대,2,명사,한자어
1,군데,0,의존명사,고유어
1,군인,0,명사,한자어
1,굳다,0,동사/형용사,고유어
1,굳어지다,0,동사,고유어
1,굳히다,0,동사,고유어
1,굴,3,명사,한자어
1,굴다,1,동사,고유어
1,굴뚝,0,명사,고유어
1,굴러가다,0,동사,고유어
1,굴러다니다,0,동사,고유어
1,굴리다,0,동사,고유어
1,굵다,0,형용사,고유어
1,굶다,0,동사,고유어
1,굽다,1,동사,고유어
1,굽다,2,동사,고유어
1,굽히다,0,동사,고유어
1,궁,4,명사,한자어
1,궁궐,0,명사,한자어
1,궁금증,0,명사,혼종어
1,궁금하다,0,형용사,고유어
1,궁전,5,명사,한자어
1,권,1,의존명사,한자어
1,권력,2,명사,한자어
1,권총,1,명사,한자어
1,권투,1,명사,한자어
1,귀,1,명사,고유어
1,귀걸이,0,명사,고유어
1,귀신,1,명사,한자어
1,귀염둥이,0,명사,고유어
1,귀엽다,0,형용사,고유어
1,귀중하다,1,형용사,혼종어
1,귀찮다,0,형용사,고유어
1,귀하다,0,형용사,혼종어
1,귓속말,0,명사,고유어
1,규칙,2,명사,한자어
1,규칙적,0,명사/관형사,한자어
1,귤,0,명사,한자어
1,그,1,대명사/관형사,고유어
1,그거,0,대명사,고유어
1,그것,0,대명사,고유어
1,그곳,0,대명사,고유어
1,그날,0,명사,고유어
1,그냥,0,부사,고유어
1,그네,2,명사,고유어
1,그녀,0,대명사,혼종어
1,그놈,0,대명사,고유어
1,그늘,0,명사,고유어
1,그다음,0,명사,고유어
1,그대로,0,부사/명사,고유어
1,그동안,0,명사,고유어
1,그때,0,명사,고유어
1,그때그때,0,명사/부사,고유어
1,그래,1,감탄사,고유어
1,그래도,0,부사/품사없음,고유어
1,그래서,0,부사/품사없음,고유어
1,그러나,0,부사/품사없음,고유어
1,그러니까,0,부사/품사없음,고유어
1,그러다,0,동사,고유어
1,그러면,0,부사/품사없음,고유어
1,그러므로,0,부사,고유어
1,그러하다,0,형용사,고유어
1,그런,1,관형사/품사없음,고유어
1,그런데,0,부사/품사없음,고유어
1,그럼,1,부사/품사없음,고유어
1,그럼,2,감탄사,고유어
1,그렇게,0,품사없음,고유어
1,그렇다,0,형용사,고유어
1,그렇지만,0,부사,고유어
1,그루,1,명사/의존명사,고유어
1,그릇,1,명사,고유어
1,그리,1,부사,고유어
1,그리,2,부사,고유어
1,그리고,0,부사,고유어
1,그리다,2,동사,고유어
1,그리움,0,명사,고유어
1,그리워하다,0,동사,고유어
1,그리하여,0,부사,고유어
1,그림,1,명사,고유어
1,그림자,0,명사,고유어
1,그림책,0,명사,혼종어
1,그립다,0,형용사,고유어
1,그만,2,부사,고유어
1,그만두다,0,동사,고유어
1,그만큼,0,부사/명사,고유어
1,그만하다,1,동사,고유어
1,그물,1,명사,고유어
1,그분,0,대명사,고유어
1,그사이,0,명사,고유어
1,그저,0,부사,고유어
1,그저께,0,명사/부사,고유어
1,그전,0,명사,혼종어
1,그제,0,명사/부사,고유어
1,그제야,0,부사,고유어
1,그중,0,명사,혼종어
1,그쪽,0,대명사,고유어
1,그치다,0,동사,고유어
1,극장,0,명사,한자어
1,근데,0,부사,고유어
1,근처,0,명사,한자어
1,글,0,명사,고유어
1,글쎄,0,감탄사,고유어
1,글쎄요,0,감탄사,고유어
1,글씨,0,명사,고유어
1,글자,0,명사,혼종어
1,긁다,0,동사,고유어
1,긁히다,0,동사,고유어
1,금,2,명사,고유어
1,금,3,명사,한자어
1,금,4,명사,한자어
1,금메달,0,명사,혼종어
1,금방,1,부사,한자어
1,금붕어,0,명사,혼종어
1,금세,1,부사,고유어
1,금연,1,명사,한자어
1,금요일,0,명사,한자어
1,금지,4,명사,한자어
1,급,4,명사/의존명사,한자어
1,급식,0,명사,한자어
1,급하다,0,형용사,혼종어
1,급히,0,부사,혼종어
1,긋다,1,동사,고유어
1,기계,6,명사,한자어
1,기관,11,명사,한자어
1,기념,2,명사,한자어
1,기념품,0,명사,한자어
1,기다,1,동사,고유어
1,기다랗다,0,형용사,고유어
1,기다리다,0,동사,고유어
1,기대,2,명사,한자어
1,기대감,0,명사,한자어
1,기대다,1,동사,고유어
1,기대되다,0,동사,혼종어
1,기대하다,0,동사,혼종어
1,기도,3,명사,한자어
1,기도하다,2,동사,혼종어
1,기둥,0,명사,고유어
1,기르다,0,동사,고유어
1,기름,1,명사,고유어
1,기린,2,명사,한자어
1,기본,0,명사,한자어
1,기분,1,명사,한자어
1,기뻐하다,0,동사,고유어
1,기쁘다,0,형용사,고유어
1,기쁨,0,명사,고유어
1,기사,2,명사,한자어
1,기술,1,명사,한자어
1,기술자,0,명사,한자어
1,기억,2,명사,한자어
1,기억나다,0,동사,혼종어
1,기억되다,0,동사,혼종어
1,기억하다,2,동사,혼종어
1,기온,0,명사,한자어
1,기운,1,명사,고유어
1,기울다,0,동사,고유어
1,기울어지다,0,동사,고유어
1,기울이다,0,동사,고유어
1,기저귀,0,명사,고유어
1,기적,3,명사,한자어
1,기절하다,2,동사,혼종어
1,기지,8,명사,한자어
1,기지개,0,명사,고유어
1,기차,1,명사,한자어
1,기차놀이,0,명사,혼종어
1,기차역,0,명사,한자어
1,기침,1,명사,고유어
1,기타,2,명사,외래어
1,기특하다,0,형용사,혼종어
1,기한,3,명사,한자어
1,기회,3,명사,한자어
1,긴장,0,명사,한자어
1,긴장되다,0,동사,혼종어
1,긴장하다,0,동사,혼종어
1,길,1,명사,고유어
1,길가,0,명사,고유어
1,길거리,0,명사,고유어
1,길다,1,동사,고유어
1,길다,2,형용사,고유어
1,길들이다,0,동사,고유어
1,길목,1,명사,고유어
1,길바닥,0,명사,고유어
1,길어지다,0,동사,고유어
1,길이,1,명사,고유어
1,길쭉길쭉,0,부사,고유어
1,길쭉하다,0,형용사,고유어
1,김,1,명사,고유어
1,김,3,명사,고유어
1,김,4,의존명사,고유어
1,김밥,0,명사,고유어
1,김장,0,명사,고유어
1,김치,1,명사,고유어
1,김치찌개,0,명사,고유어
1,김칫국,0,명사,고유어
1,깃발,2,명사,혼종어
1,깃털,0,명사,고유어
1,깊다,0,형용사,고유어
1,깊숙이,0,부사,고유어
1,깊어지다,0,동사,고유어
1,깊이,1,명사,고유어
1,깊이,2,부사,고유어
1,까까,0,명사,고유어
1,까꿍,0,감탄사,고유어
1,까다,1,동사,고유어
1,까다롭다,0,형용사,고유어
1,까닭,0,명사,고유어
1,까마귀,0,명사,고유어
1,까만색,0,명사,혼종어
1,까맣다,0,형용사,고유어
1,까매지다,0,동사,고유어
1,까먹다,0,동사,고유어
1,까불다,1,동사,고유어
1,까지다,1,동사,고유어
1,까치,1,명사,고유어
1,깎다,0,동사,고유어
1,깎이다,1,동사,고유어
1,깔끔하다,0,형용사,고유어
1,깔다,0,동사,고유어
1,깔리다,1,동사,고유어
1,깜깜하다,0,형용사,고유어
1,깜박,0,부사,고유어
1,깜빡,0,부사,고유어
1,깜빡하다,0,동사,고유어
1,깜짝,2,부사,고유어
1,깡충깡충,0,부사,고유어
1,깡통,0,명사,혼종어
1,깨,0,명사,고유어
1,깨끗이,0,부사,고유어
1,깨끗하다,0,형용사,고유어
1,깨다,1,동사,고유어
1,깨다,2,동사,고유어
1,깨닫다,0,동사,고유어
1,깨뜨리다,0,동사,고유어
1,깨물다,0,동사,고유어
1,깨어나다,0,동사,고유어
1,깨어지다,0,동사,고유어
1,깨우다,0,동사,고유어
1,깨지다,0,동사,고유어
1,깨트리다,0,동사,고유어
1,깻잎,0,명사,고유어
1,꺼내다,0,동사,고유어
1,꺼지다,1,동사,고유어
1,꺼지다,2,동사,고유어
1,꺾다,0,동사,고유어
1,꺾이다,0,동사,고유어
1,껌,0,명사,외래어
1,껍데기,0,명사,고유어
1,껍질,0,명사,고유어
1,껴안다,0,동사,고유어
1,꼬꼬닭,0,명사,고유어
1,꼬꼬댁,0,부사,고유어
1,꼬끼오,0,부사,고유어
1,꼬다,0,동사,고유어
1,꼬리,0,명사,고유어
1,꼬마,0,명사,고유어
1,꼬박꼬박,2,부사,고유어
1,꼬이다,2,동사,고유어
1,꼬이다,3,동사,고유어
1,꼬집다,0,동사,고유어
1,꼭,2,부사,고유어
1,꼭,3,부사,고유어
1,꼭꼭,1,부사,고유어
1,꼭대기,0,명사,고유어
1,꼴,1,명사,고유어
1,꼴찌,0,명사,고유어
1,꼼꼼하다,0,형용사,고유어
1,꼼꼼히,0,부사,고유어
1,꼼짝,0,부사,고유어
1,꼼짝없이,0,부사,고유어
1,꼽히다,0,동사,고유어
1,꽁꽁,1,부사,고유어
1,꽂다,0,동사,고유어
1,꽂히다,0,동사,고유어
1,꽃,1,명사,고유어
1,꽃게,0,명사,고유어
1,꽃다발,0,명사,고유어
1,꽃밭,0,명사,고유어
1,꽃잎,0,명사,고유어
1,꽃집,0,명사,고유어
1,꽉,0,부사,고유어
1,꽝,2,부사,고유어
1,꽤,0,부사,고유어
1,꽥꽥,0,부사,고유어
1,꾀,1,명사,고유어
1,꾸다,1,동사,고유어
1,꾸미다,0,동사,고유어
1,꾸역꾸역,0,부사,고유어
1,꾸준하다,0,형용사,고유어
1,꾸준히,0,부사,고유어
1,꾸짖다,0,동사,고유어
1,꾹,0,부사,고유어
1,꾹꾹,1,부사,고유어
1,꿀,0,명사,고유어
1,꿀꺽,0,부사,고유어
1,꿀꿀,2,부사,고유어
1,꿇다,0,동사,고유어
1,꿈,0,명사,고유어
1,꿈꾸다,0,동사,고유어
1,꿈나라,0,명사,고유어
1,꿈속,0,명사,고유어
1,꿈틀거리다,0,동사,고유어
1,꿰다,0,동사,고유어
1,꿰매다,0,동사,고유어
1,뀌다,3,동사,고유어
1,끄다,1,동사,고유어
1,끄덕이다,0,동사,고유어
1,끄집어내다,0,동사,고유어
1,끈,0,명사,고유어
1,끈끈하다,0,형용사,고유어
1,끊기다,0,동사,고유어
1,끊다,0,동사,고유어
1,끊어지다,0,동사,고유어
1,끌다,0,동사,고유어
1,끌리다,0,동사,고유어
1,끓다,0,동사,고유어
1,끓이다,0,동사,고유어
1,끔찍하다,0,형용사,고유어
1,끙끙,0,부사,고유어
1,끝,1,명사/의존명사,고유어
1,끝나다,0,동사,고유어
1,끝내,0,부사,고유어
1,끝내다,0,동사,고유어
1,끝마치다,0,동사,고유어
1,끝없이,0,부사,고유어
1,끼,1,명사,고유어
1,끼다,1,동사,고유어
1,끼다,2,동사,고유어
1,끼다,3,동사,고유어
1,끼어들다,0,동사,고유어
1,끼얹다,0,동사,고유어
1,끼우다,0,동사,고유어
1,끼이다,1,동사,고유어
1,끼치다,1,동사,고유어
1,나,3,대명사/명사,고유어
1,나가다,0,동사/보조동사,고유어
1,나날이,0,부사,고유어
1,나누다,0,동사,고유어
1,나뉘다,0,동사,고유어
1,나다,1,동사/보조동사,고유어
1,나들이,1,명사,고유어
1,나라,1,명사,고유어
1,나란히,0,부사,고유어
1,나르다,1,동사,고유어
1,나머지,0,명사,고유어
1,나무,1,명사,고유어
1,나물,0,명사,고유어
1,나뭇가지,0,명사,고유어
1,나뭇잎,0,명사,고유어
1,나비,3,명사,고유어
1,나빠지다,0,동사,고유어
1,나쁘다,1,형용사,고유어
1,나서다,0,동사,고유어
1,나아가다,0,동사,고유어
1,나아지다,0,동사,고유어
1,나오다,0,동사,고유어
1,나이,1,명사,고유어
1,나중,1,명사,고유어
1,나타나다,0,동사,고유어
1,나타내다,0,동사,고유어
1,나흘,0,명사,고유어
1,낙서,3,명사,한자어
1,낙지,1,명사,고유어
1,낙타,2,명사,한자어
1,낚다,0,동사,고유어
1,낚시,0,명사,고유어
1,난로,1,명사,한자어
1,난방,2,명사,한자어
1,난쟁이,0,명사,고유어
1,날,1,명사/의존명사,고유어
1,날,2,명사,고유어
1,날개,1,명사,고유어
1,날다,1,동사,고유어
1,날뛰다,0,동사,고유어
1,날리다,1,동사,고유어
1,날리다,2,동사,고유어
1,날씨,1,명사,고유어
1,날씬하다,0,형용사,고유어
1,날아가다,0,동사,고유어
1,날아다니다,0,동사,고유어
1,날아오다,0,동사,고유어
1,날짜,1,명사,고유어
1,날카롭다,0,형용사,고유어
1,낡다,0,동사,고유어
1,남,1,명사,고유어
1,남,2,명사,한자어
1,남,4,명사,한자어
1,남기다,0,동사,고유어
1,남녀,0,명사,한자어
1,남다,0,동사,고유어
1,남동생,0,명사,혼종어
1,남매,0,명사,한자어
1,남자,0,명사,한자어
1,남자아이,0,명사,혼종어
1,남쪽,0,명사,혼종어
1,남편,1,명사,한자어
1,남학생,0,명사,한자어
1,납작하다,2,형용사,고유어
1,낫다,1,동사,고유어
1,낫다,2,형용사,고유어
1,낮,0,명사,고유어
1,낮다,0,형용사,고유어
1,낮아지다,0,동사,고유어
1,낮잠,0,명사,고유어
1,낮추다,0,동사,고유어
1,낯설다,0,형용사,고유어
1,낱말,2,명사,고유어
1,낳다,1,동사,고유어
1,내,4,대명사,고유어
1,내,7,의존명사,한자어
1,내기,1,명사,고유어
1,내년,0,명사,한자어
1,내놓다,0,동사,고유어
1,내다,2,동사/보조동사,고유어
1,내다보다,0,동사,고유어
1,내던지다,0,동사,고유어
1,내려가다,0,동사,고유어
1,내려놓다,0,동사,고유어
1,내려다보다,0,동사,고유어
1,내려앉다,0,동사,고유어
1,내려오다,0,동사,고유어
1,내리다,1,동사,고유어
1,내리막길,0,명사,고유어
1,내밀다,0,동사,고유어
1,내버려두다,0,동사,고유어
1,내버리다,0,동사,고유어
1,내보내다,0,동사,고유어
1,내뿜다,0,동사,고유어
1,내쉬다,0,동사,고유어
1,내용,2,명사,한자어
1,내일,0,명사/부사,한자어
1,내주다,0,동사,고유어
1,내쫓다,0,동사,고유어
1,냄비,0,명사,고유어
1,냄새,0,명사,고유어
1,냉면,0,명사,한자어
1,냉장고,0,명사,한자어
1,냠냠,0,명사/부사,고유어
1,너,1,대명사,고유어
1,너그럽다,0,형용사,고유어
1,너무,0,부사,고유어
1,너무나,0,부사,고유어
1,너무너무,0,부사,고유어
1,너무하다,0,동사/형용사,고유어
1,너희,0,대명사,고유어
1,넉넉하다,0,형용사,고유어
1,넉넉히,0,부사,고유어
1,널다,1,동사,고유어
1,넓다,0,형용사,고유어
1,넓어지다,0,동사,고유어
1,넓히다,0,동사,고유어
1,넘겨주다,0,동사,고유어
1,넘기다,0,동사,고유어
1,넘다,0,동사,고유어
1,넘어가다,0,동사,고유어
1,넘어뜨리다,0,동사,고유어
1,넘어오다,0,동사,고유어
1,넘어지다,0,동사,고유어
1,넘치다,0,동사,고유어
1,넣다,0,동사,고유어
1,네,1,대명사,고유어
1,네,2,관형사,고유어
1,네,3,감탄사,고유어
1,네모,0,명사,고유어
1,넥타이,0,명사,외래어
1,넷,0,수사,고유어
1,넷째,0,수사/관형사/명사,고유어
1,녀석,0,의존명사,고유어
1,년,2,의존명사,한자어
1,노란색,0,명사,혼종어
1,노랑,1,명사,고유어
1,노랗다,0,형용사,고유어
1,노래,1,명사,고유어
1,노래방,0,명사,혼종어
1,노래하다,0,동사,고유어
1,노려보다,0,동사,고유어
1,노력,1,명사,한자어
1,노력하다,1,동사,혼종어
1,노인,1,명사,한자어
1,녹다,1,동사,고유어
1,녹색,0,명사,한자어
1,녹음,3,명사,한자어
1,녹음하다,0,동사,혼종어
1,녹이다,0,동사,고유어
1,놀다,1,동사,고유어
1,놀라다,0,동사,고유어
1,놀랍다,0,형용사,고유어
1,놀래다,0,동사,고유어
1,놀리다,1,동사,고유어
1,놀리다,3,동사,고유어
1,놀이,1,명사,고유어
1,놀이터,0,명사,고유어
1,놈,1,명사/의존명사,고유어
1,농구,5,명사,한자어
1,농구공,0,명사,혼종어
1,농구장,0,명사,한자어
1,농담,1,명사,한자어
1,농부,1,명사,한자어
1,농사,1,명사,한자어
1,농사짓다,0,동사,혼종어
1,농장,5,명사,한자어
1,농촌,0,명사,한자어
1,높다,0,형용사,고유어
1,높아지다,0,동사,고유어
1,높이,1,명사,고유어
1,높이,2,부사,고유어
1,높이다,0,동사,고유어
1,놓다,0,동사/보조동사,고유어
1,놓아두다,0,동사,고유어
1,놓아주다,0,동사,고유어
1,놓이다,0,동사,고유어
1,놓치다,0,동사,고유어
1,놔두다,0,동사,고유어
1,누구,0,대명사,고유어
1,누구누구,0,대명사,고유어
1,누나,1,명사,고유어
1,누님,0,명사,고유어
1,누다,0,동사,고유어
1,누렇다,0,형용사,고유어
1,누르다,1,동사,고유어
1,눈,1,명사,고유어
1,눈,4,명사,고유어
1,눈곱,0,명사,고유어
1,눈동자,0,명사,혼종어
1,눈물,1,명사,고유어
1,눈병,0,명사,혼종어
1,눈보라,0,명사,고유어
1,눈부시다,0,형용사,고유어
1,눈빛,1,명사,고유어
1,눈사람,0,명사,고유어
1,눈싸움,1,명사,고유어
1,눈싸움,2,명사,고유어
1,눈썰매,0,명사,고유어
1,눈썹,0,명사,고유어
1,눈알,0,명사,고유어
1,눈앞,0,명사,고유어
1,눈치,0,명사,고유어
1,눌리다,1,동사,고유어
1,눕다,1,동사,고유어
1,눕히다,0,동사,고유어
1,뉴스,0,명사,외래어
1,느끼다,2,동사,고유어
1,느낌,0,명사,고유어
1,느려지다,0,동사,고유어
1,느리다,0,형용사,고유어
1,늑대,0,명사,고유어
1,늘,0,부사,고유어
1,늘다,0,동사,고유어
1,늘리다,0,동사,고유어
1,늘어나다,0,동사,고유어
1,늘어놓다,0,동사,고유어
1,늘어서다,0,동사,고유어
1,늘어지다,0,동사,고유어
1,늘이다,1,동사,고유어
1,늙다,0,동사,고유어
1,늙은이,0,명사,고유어
1,늦다,0,동사/형용사,고유어
1,늦잠,0,명사,고유어
1,님,1,의존명사,고유어
1,다,3,부사/명사,고유어
1,다가가다,0,동사,고유어
1,다가서다,0,동사,고유어
1,다가오다,0,동사,고유어
1,다녀가다,0,동사,고유어
1,다녀오다,0,동사,고유어
1,다니다,0,동사,고유어
1,다다르다,0,동사,고유어
1,다듬다,0,동사,고유어
1,다람쥐,0,명사,고유어
1,다르다,1,형용사,고유어
1,다른,0,관형사,고유어
1,다리,1,명사,고유어
1,다리,2,명사,고유어
1,다리미,0,명사,고유어
1,다만,1,부사,고유어
1,다물다,0,동사,고유어
1,다섯,0,수사/관형사,고유어
1,다스리다,0,동사,고유어
1,다시,1,부사,고유어
1,다시마,0,명사,고유어
1,다양하다,0,형용사,혼종어
1,다음,1,명사,고유어
1,다음날,0,명사,고유어
1,다음번,0,명사,혼종어
1,다이아몬드,0,명사,외래어
1,다이어트,0,명사,외래어
1,다정하다,0,형용사,혼종어
1,다지다,2,동사,고유어
1,다짐,0,명사,고유어
1,다짐하다,0,동사,고유어
1,다치다,1,동사,고유어
1,다투다,0,동사,고유어
1,다툼,0,명사,고유어
1,다행,0,명사,한자어
1,다행히,0,부사,혼종어
1,닦다,0,동사,고유어
1,닦이다,1,동사,고유어
1,단,7,명사/의존명사,한자어
1,단계,2,명사,한자어
1,단단하다,0,형용사,고유어
1,단단히,0,부사,고유어
1,단둘,0,명사,고유어
1,단맛,0,명사,고유어
1,단정하다,1,형용사,혼종어
1,단지,7,명사,한자어
1,단체,2,명사,한자어
1,단추,1,명사,고유어
1,단풍,1,명사,한자어
1,단풍잎,0,명사,혼종어
1,닫다,2,동사,고유어
1,닫히다,0,동사,고유어
1,달,5,명사/의존명사,고유어
1,달걀,0,명사,고유어
1,달님,0,명사,고유어
1,달다,3,동사,고유어
1,달다,5,동사/보조동사,고유어
1,달다,7,형용사,고유어
1,달라붙다,0,동사,고유어
1,달라지다,0,동사,고유어
1,달래다,1,동사,고유어
1,달려가다,0,동사,고유어
1,달려들다,0,동사,고유어
1,달려오다,0,동사,고유어
1,달력,0,명사,혼종어
1,달리기,0,명사,고유어
1,달리기하다,0,동사,고유어
1,달리다,1,동사,고유어
1,달리다,4,동사,고유어
1,달빛,0,명사,고유어
1,달아나다,0,동사,고유어
1,달콤하다,0,형용사,고유어
1,달팽이,0,명사,고유어
1,닭,0,명사,고유어
1,닭고기,0,명사,고유어
1,닮다,0,동사,고유어
1,닳다,0,동사,고유어
1,담,1,명사,고유어
1,담그다,0,동사,고유어
1,담다,0,동사,고유어
1,담배,0,명사,고유어
1,담요,0,명사,혼종어
1,담임,0,명사,한자어
1,담장,1,명사,혼종어
1,답,2,명사,한자어
1,답답하다,0,형용사,고유어
1,답장,0,명사,한자어
1,답하다,0,동사,혼종어
1,당근,0,명사,고유어
1,당기다,1,동사,고유어
1,당시,2,명사,한자어
1,당신,2,대명사,한자어
1,당연하다,1,형용사,혼종어
1,당연히,1,부사,혼종어
1,당장,2,명사,한자어
1,당하다,1,동사/형용사,혼종어
1,당황스럽다,0,형용사,혼종어
1,당황하다,0,동사,혼종어
1,닿다,1,동사,고유어
1,대,16,의존명사,한자어
1,대강,2,명사/부사,한자어
1,대개,3,명사/부사,한자어
1,대결,2,명사,한자어
1,대결하다,2,동사,혼종어
1,대나무,0,명사,고유어
1,대낮,0,명사,고유어
1,대다,1,동사/보조동사,고유어
1,대단하다,0,형용사,고유어
1,대단히,0,부사,고유어
1,대답,0,명사,한자어
1,대답하다,0,동사,혼종어
1,대들다,0,동사,고유어
1,대로,1,의존명사,고유어
1,대머리,1,명사,고유어
1,대문,3,명사,한자어
1,대변,1,명사,한자어
1,대부분,0,명사/부사,한자어
1,대신,3,명사,한자어
1,대신하다,0,동사,혼종어
1,대왕,0,명사,한자어
1,대장,4,명사,한자어
1,대청소,0,명사,한자어
1,대청소하다,0,동사,혼종어
1,대체,1,명사/부사,한자어
1,대추,1,명사,고유어
1,대충,1,부사,고유어
1,대통령,0,명사,한자어
1,대포,2,명사,한자어
1,대표,0,명사,한자어
1,대하다,2,동사,혼종어
1,대한민국,0,명사,한자어
1,대화,6,명사,한자어
1,대화하다,2,동사,혼종어
1,대회,0,명사,한자어
1,댁,1,명사/대명사,한자어
1,더,1,부사,고유어
1,더듬다,0,동사,고유어
1,더러워지다,0,동사,고유어
1,더럽다,0,형용사,고유어
1,더럽히다,0,동사,고유어
1,더욱,0,부사,고유어
1,더욱더,0,부사,고유어
1,더워지다,0,동사,고유어
1,더위,0,명사,고유어
1,더하기,0,명사,고유어
1,더하다,0,형용사/동사,고유어
1,덕,4,명사,한자어
1,덕분,0,명사,한자어
1,던지다,0,동사,고유어
1,덜,0,부사,고유어
1,덜다,0,동사,고유어
1,덜덜,1,부사,고유어
1,덜컥,1,부사,고유어
1,덜하다,0,형용사,고유어
1,덤벼들다,0,동사,고유어
1,덤비다,0,동사,고유어
1,덥다,0,형용사,고유어
1,덥석,0,부사,고유어
1,덧붙이다,0,동사,고유어
1,덩어리,0,명사,고유어
1,덩치,0,명사,고유어
1,덮개,0,명사,고유어
1,덮다,0,동사,고유어
1,덮이다,0,동사,고유어
1,덮치다,0,동사,고유어
1,데,1,의존명사,고유어
1,데려가다,0,동사,고유어
1,데려다주다,0,동사,고유어
1,데려오다,0,동사,고유어
1,데리다,0,동사,고유어
1,데우다,0,동사,고유어
1,도,4,의존명사,한자어
1,도구,8,명사,한자어
1,도깨비,0,명사,고유어
1,도끼,1,명사,고유어
1,도대체,0,부사,한자어
1,도둑,0,명사,고유어
1,도둑맞다,0,동사,고유어
1,도둑질,0,명사,고유어
1,도둑질하다,0,동사,고유어
1,도로,1,부사,고유어
1,도로,7,명사,한자어
1,도리도리,0,명사/감탄사,고유어
1,도마,1,명사,고유어
1,도마뱀,0,명사,고유어
1,도망,2,명사,한자어
1,도망가다,0,동사,혼종어
1,도망치다,0,동사,혼종어
1,도서관,0,명사,한자어
1,도시,3,명사,한자어
1,도시락,0,명사,고유어
1,도와드리다,0,동사,고유어
1,도와주다,0,동사,고유어
1,도움,0,명사,고유어
1,도자기,0,명사,한자어
1,도장,16,명사,한자어
1,도저히,0,부사,혼종어
1,도전,2,명사,한자어
1,도전하다,1,동사,혼종어
1,도착,1,명사,한자어
1,도착하다,1,동사,혼종어
1,도토리,0,명사,고유어
1,독,3,명사,한자어
1,독감,1,명사,한자어
1,독서,3,명사,한자어
1,독서하다,2,동사,혼종어
1,독수리,0,명사,혼종어
1,독하다,0,형용사,혼종어
1,돈,1,명사/의존명사,고유어
1,돈가스,0,명사,외래어
1,돋다,1,동사,고유어
1,돋보기,0,명사,고유어
1,돋아나다,0,동사,고유어
1,돌,1,명사/의존명사,고유어
1,돌,2,명사,고유어
1,돌고래,3,명사,고유어
1,돌다,0,동사,고유어
1,돌돌,1,부사,고유어
1,돌려보내다,0,동사,고유어
1,돌려주다,0,동사,고유어
1,돌리다,4,동사,고유어
1,돌멩이,0,명사,고유어
1,돌보다,0,동사,고유어
1,돌아가다,0,동사,고유어
1,돌아다니다,0,동사,고유어
1,돌아보다,0,동사,고유어
1,돌아서다,0,동사,고유어
1,돌아오다,0,동사,고유어
1,돌이키다,0,동사,고유어
1,돕다,0,동사,고유어
1,돗자리,0,명사,고유어
1,동,9,명사,한자어
1,동,14,명사/의존명사,한자어
1,동갑,1,명사,한자어
1,동굴,0,명사,한자어
1,동그라미,0,명사,고유어
1,동그랗다,0,형용사,고유어
1,동글동글,0,부사,고유어
1,동글동글하다,0,형용사,고유어
1,동네,0,명사,혼종어
1,동동,2,부사,고유어
1,동물,0,명사,한자어
1,동물원,0,명사,한자어
1,동산,1,명사,고유어
1,동상,7,명사,한자어
1,동생,1,명사,고유어
1,동시,2,명사,한자어
1,동안,1,명사,고유어
1,동요,2,명사,한자어
1,동작,3,명사,한자어
1,동전,5,명사,한자어
1,동쪽,0,명사,혼종어
1,동치미,0,명사,고유어
1,동화,6,명사,한자어
1,동화책,0,명사,한자어
1,돼지,0,명사,고유어
1,돼지고기,0,명사,고유어
1,되게,0,부사,고유어
1,되다,1,동사,고유어
1,되돌다,0,동사,고유어
1,되돌리다,0,동사,고유어
1,되돌아가다,0,동사,고유어
1,되돌아오다,0,동사,고유어
1,되묻다,3,동사,고유어
1,되찾다,0,동사,고유어
1,되풀이하다,1,동사,고유어
1,된장,0,명사,혼종어
1,된장국,0,명사,혼종어
1,된장찌개,0,명사,혼종어
1,두,1,관형사,고유어
1,두근거리다,0,동사,고유어
1,두껍다,0,형용사,고유어
1,두다,0,동사/보조동사,고유어
1,두더지,0,명사,고유어
1,두드리다,0,동사,고유어
1,두들기다,0,동사,고유어
1,두려움,0,명사,고유어
1,두려워하다,0,동사,고유어
1,두렵다,0,형용사,고유어
1,두르다,0,동사,고유어
1,두부,1,명사,한자어
1,두세,0,관형사,고유어
1,두유,1,명사,한자어
1,두툼하다,0,형용사,고유어
1,둔하다,0,형용사,혼종어
1,둘,1,수사,고유어
1,둘러보다,0,동사,고유어
1,둘러싸다,0,동사,고유어
1,둘러싸이다,0,동사,고유어
1,둘레,0,명사,고유어
1,둘째,0,수사/관형사/명사,고유어
1,둥글다,0,형용사/동사,고유어
1,둥실둥실,1,부사,고유어
1,둥지,0,명사,고유어
1,뒤,1,명사,고유어
1,뒤덮다,0,동사,고유어
1,뒤덮이다,0,동사,고유어
1,뒤뚱뒤뚱,0,부사,고유어
1,뒤바뀌다,0,동사,고유어
1,뒤적거리다,0,동사,고유어
1,뒤지다,2,동사,고유어
1,뒤집다,0,동사,고유어
1,뒤집어쓰다,0,동사,고유어
1,뒤집히다,0,동사,고유어
1,뒤쪽,1,명사,고유어
1,뒤처지다,0,동사,고유어
1,뒤통수,0,명사,고유어
1,뒤편,0,명사,혼종어
1,뒷면,0,명사,혼종어
1,뒷모습,0,명사,고유어
1,뒷문,0,명사,혼종어
1,뒷부분,0,명사,혼종어
1,뒷사람,0,명사,고유어
1,뒷산,0,명사,혼종어
1,뒷자리,0,명사,고유어
1,뒷줄,0,명사,고유어
1,뒷집,0,명사,고유어
1,뒹굴다,0,동사,고유어
1,드디어,0,부사,고유어
1,드라마,0,명사,외래어
1,드러내다,0,동사,고유어
1,드러눕다,0,동사,고유어
1,드레스,0,명사,외래어
1,드리다,1,동사/보조동사,고유어
1,든든하다,0,형용사,고유어
1,듣다,1,동사,고유어
1,들,1,명사,고유어
1,들다,1,동사/보조동사,고유어
1,들다,4,동사,고유어
1,들려오다,0,동사,고유어
1,들려주다,0,동사,고유어
1,들르다,0,동사,고유어
1,들리다,3,동사,고유어
1,들리다,5,동사,고유어
1,들어가다,1,동사,고유어
1,들어서다,0,동사,고유어
1,들어오다,0,동사,고유어
1,들어주다,0,동사,고유어
1,들여놓다,0,동사,고유어
1,들여다보다,0,동사,고유어
1,들여보내다,0,동사,고유어
1,들이다,0,동사,고유어
1,들이대다,2,동사,고유어
1,들키다,0,동사,고유어
1,들판,1,명사,고유어
1,듬뿍,0,부사,고유어
1,듯,1,의존명사,고유어
1,듯이,1,의존명사,고유어
1,듯하다,0,보조형용사,고유어
1,등,1,명사,고유어
1,등,3,명사/의존명사,한자어
1,등,4,의존명사,한자어
1,등,7,명사,한자어
1,등산,0,명사,한자어
1,등산하다,0,동사,혼종어
1,등장,1,명사,한자어
1,등장하다,1,동사,혼종어
1,따갑다,0,형용사,고유어
1,따끔하다,0,형용사,고유어
1,따다,1,동사,고유어
1,따듯하다,0,형용사,고유어
1,따뜻하다,0,형용사,고유어
1,따라가다,0,동사,고유어
1,따라다니다,0,동사,고유어
1,따라오다,0,동사,고유어
1,따라잡다,0,동사,고유어
1,따로,0,부사,고유어
1,따로따로,1,부사,고유어
1,따르다,1,동사,고유어
1,따르다,2,동사,고유어
1,따르릉,0,부사,고유어
1,따르릉따르릉,0,부사,고유어
1,따스하다,0,형용사,고유어
1,따지다,0,동사,고유어
1,딱,1,부사,고유어
1,딱,2,부사,고유어
1,딱,3,부사,고유어
1,딱딱,1,부사,고유어
1,딱딱하다,0,형용사,고유어
1,딱지,2,명사,혼종어
1,딴,3,관형사,고유어
1,딴딴하다,0,형용사,고유어
1,딸,1,명사,고유어
1,딸기,0,명사,고유어
1,땀,1,명사,고유어
1,땅,1,명사,고유어
1,땅바닥,0,명사,고유어
1,땅속,0,명사,고유어
1,땅콩,0,명사,고유어
1,때,1,명사,고유어
1,때,2,명사,고유어
1,때때로,0,부사,고유어
1,때리다,1,동사,고유어
1,때문,0,의존명사,고유어
1,땡,2,부사,고유어
1,떠나가다,0,동사,고유어
1,떠나다,0,동사,고유어
1,떠내려가다,0,동사,고유어
1,떠다니다,0,동사,고유어
1,떠돌다,0,동사,고유어
1,떠돌아다니다,0,동사,고유어
1,떠들다,1,동사,고유어
1,떠들썩하다,2,동사/형용사,고유어
1,떠오르다,0,동사,고유어
1,떠올리다,0,동사,고유어
1,떡,1,명사,고유어
1,떡볶이,0,명사,고유어
1,떨구다,0,동사,고유어
1,떨다,1,동사,고유어
1,떨리다,1,동사,고유어
1,떨어뜨리다,0,동사,고유어
1,떨어지다,0,동사,고유어
1,떼,1,명사,고유어
1,떼,2,명사,고유어
1,떼다,1,동사,고유어
1,또,0,부사,고유어
1,또는,0,부사,고유어
1,또다시,0,부사,고유어
1,또렷하다,0,형용사,고유어
1,또박또박,1,부사,고유어
1,또한,0,부사,고유어
1,똑,3,부사,고유어
1,똑같다,0,형용사,고유어
1,똑같이,0,부사,고유어
1,똑딱똑딱,0,부사,고유어
1,똑똑,1,부사,고유어
1,똑똑하다,0,형용사,고유어
1,똑바로,0,부사,고유어
1,똥,0,명사,고유어
1,똥구멍,0,명사,고유어
1,뚜껑,0,명사,고유어
1,뚜벅뚜벅,0,부사,고유어
1,뚝뚝,1,부사,고유어
1,뚫다,0,동사,고유어
1,뚫리다,0,동사,고유어
1,뚫어지다,0,동사,고유어
1,뚱뚱하다,0,형용사,고유어
1,뛰놀다,2,동사,고유어
1,뛰다,1,동사,고유어
1,뛰다,2,동사,고유어
1,뛰어가다,0,동사,고유어
1,뛰어나다,0,형용사,고유어
1,뛰어나오다,0,동사,고유어
1,뛰어내리다,0,동사,고유어
1,뛰어넘다,0,동사,고유어
1,뛰어놀다,2,동사,고유어
1,뛰어다니다,0,동사,고유어
1,뛰어들다,0,동사,고유어
1,뛰어오다,0,동사,고유어
1,뜨거워지다,0,동사,고유어
1,뜨겁다,0,형용사,고유어
1,뜨다,1,동사,고유어
1,뜨다,4,동사,고유어
1,뜨다,5,동사,고유어
1,뜯기다,1,동사,고유어
1,뜯다,0,동사,고유어
1,뜯어보다,0,동사,고유어
1,뜰,1,명사,고유어
1,뜻,0,명사,고유어
1,띄우다,1,동사,고유어
1,띄우다,2,동사,고유어
1,띠,1,명사,고유어
1,띠다,1,동사,고유어
1,라디오,0,명사,외래어
1,라면,1,명사,외래어
1,라이터,0,명사,외래어
1,로봇,0,명사,외래어
1,로켓,2,명사,외래어
1,리,6,의존명사,한자어
1,리모컨,0,명사,외래어
1,리본,0,명사,외래어
1,마구,1,부사,고유어
1,마녀,0,명사,한자어
1,마늘,0,명사,고유어
1,마당,0,명사/의존명사,고유어
1,마렵다,0,형용사,고유어
1,마루,3,명사,고유어
1,마르다,1,동사,고유어
1,마리,1,의존명사,고유어
1,마무리,0,명사,고유어
1,마무리하다,0,동사,고유어
1,마법,0,명사,한자어
1,마술,2,명사,한자어
1,마술사,0,명사,한자어
1,마스크,0,명사,외래어
1,마시다,0,동사,고유어
1,마요네즈,0,명사,외래어
1,마을,1,명사,고유어
1,마음,0,명사,고유어
1,마음껏,0,부사,고유어
1,마음대로,0,부사,고유어
1,마음먹다,0,동사,고유어
1,마음속,0,명사,고유어
1,마음씨,0,명사,고유어
1,마이크,0,명사,외래어
1,마주,1,부사,고유어
1,마주치다,0,동사,고유어
1,마중,0,명사,고유어
1,마지막,0,명사,고유어
1,마차,0,명사,한자어
1,마찬가지,0,명사,고유어
1,마치,3,부사,고유어
1,마치다,2,동사,고유어
1,마침,2,부사,고유어
1,마침내,0,부사,고유어
1,마흔,0,수사/관형사,고유어
1,막,1,부사,고유어
1,막,2,부사,고유어
1,막내,0,명사,고유어
1,막다,0,동사,고유어
1,막대기,0,명사,고유어
1,막히다,0,동사,고유어
1,만,5,수사/관형사,한자어
1,만나다,0,동사,고유어
1,만두,1,명사,한자어
1,만들다,0,동사,고유어
1,만만하다,1,형용사,고유어
1,만세,4,명사/감탄사,한자어
1,만약,0,명사/부사,한자어
1,만일,1,명사/부사,한자어
1,만족,1,명사,한자어
1,만족하다,0,동사/형용사,혼종어
1,만지다,0,동사,고유어
1,만큼,0,의존명사/조사,고유어
1,만하다,0,보조형용사,고유어
1,만화,10,명사,한자어
1,만화책,0,명사,한자어
1,많다,0,형용사,고유어
1,많아지다,0,동사,고유어
1,많이,0,부사,고유어
1,말,1,명사,고유어
1,말,4,명사,고유어
1,말다,1,동사,고유어
1,말다,2,동사,고유어
1,말다,3,동사/보조동사,고유어
1,말랑말랑하다,0,형용사,고유어
1,말리다,2,동사,고유어
1,말리다,3,동사,고유어
1,말소리,0,명사,고유어
1,말썽,0,명사,고유어
1,말씀,0,명사,고유어
1,말씀하다,0,동사,고유어
1,말없이,0,부사,고유어
1,말투,0,명사,혼종어
1,말하다,0,동사,고유어
1,맑다,0,형용사,고유어
1,맘,0,명사,고유어
1,맘대로,0,부사,고유어
1,맛,1,명사,고유어
1,맛나다,0,형용사,고유어
1,맛보다,0,동사,고유어
1,맛없다,0,형용사,고유어
1,맛있다,0,형용사,고유어
1,망가뜨리다,0,동사,고유어
1,망가지다,0,동사,고유어
1,망설이다,0,동사,고유어
1,망원경,0,명사,한자어
1,망치,1,명사,고유어
1,망치다,0,동사,고유어
1,망하다,0,동사/형용사,혼종어
1,맞다,1,동사,고유어
1,맞다,2,동사,고유어
1,맞다,3,동사,고유어
1,맞대다,0,동사,고유어
1,맞은편,0,명사,혼종어
1,맞이하다,0,동사,고유어
1,맞추다,0,동사,고유어
1,맞히다,1,동사,고유어
1,맞히다,3,동사,고유어
1,맡기다,0,동사,고유어
1,맡다,1,동사,고유어
1,맡다,2,동사,고유어
1,매,1,명사,고유어
1,매끄럽다,0,형용사,고유어
1,매니큐어,0,명사,외래어
1,매다,1,동사,고유어
1,매달다,0,동사,고유어
1,매달리다,0,동사,고유어
1,매미,2,명사,고유어
1,매우,1,부사,고유어
1,매일,0,명사/부사,한자어
1,매일매일,0,명사/부사,한자어
1,매주,1,명사/부사,한자어
1,매트,1,명사,외래어
1,맨,1,관형사,고유어
1,맨날,0,부사,고유어
1,맨몸,0,명사,고유어
1,맨발,0,명사,고유어
1,맨손,0,명사,고유어
1,맴맴,2,부사,고유어
1,맵다,0,형용사,고유어
1,맹세하다,0,동사,혼종어
1,맺다,0,동사,고유어
1,머리,1,명사,고유어
1,머리띠,0,명사,고유어
1,머리카락,0,명사,고유어
1,머릿속,0,명사,고유어
1,머물다,0,동사,고유어
1,머뭇거리다,0,동사,고유어
1,먹구름,0,명사,고유어
1,먹다,1,동사,고유어
1,먹다,2,동사/보조동사,고유어
1,먹이,0,명사,고유어
1,먹이다,0,동사,고유어
1,먹히다,0,동사,고유어
1,먼저,0,명사/부사,고유어
1,먼지,0,명사,고유어
1,멀다,2,형용사,고유어
1,멀리,0,부사/명사,고유어
1,멀리하다,0,동사,고유어
1,멀미,0,명사,고유어
1,멀어지다,0,동사,고유어
1,멀쩡하다,0,형용사,고유어
1,멈추다,0,동사,고유어
1,멋,1,명사,고유어
1,멋대로,0,부사,고유어
1,멋있다,0,형용사,고유어
1,멋지다,0,형용사,고유어
1,멍,1,명사,고유어
1,멍들다,0,동사,고유어
1,멍멍,1,부사,고유어
1,멍멍이,0,명사,고유어
1,멍청이,0,명사,고유어
1,멍청하다,0,형용사,고유어
1,멍하니,0,부사,고유어
1,멍하다,0,형용사,고유어
1,메뉴,0,명사,외래어
1,메다,2,동사,고유어
1,메달,0,명사,외래어
1,메뚜기,2,명사,고유어
1,메롱,0,감탄사,고유어
1,메모,0,명사,외래어
1,메모하다,0,동사,혼종어
1,메시지,0,명사,외래어
1,메아리,0,명사,고유어
1,메우다,2,동사,고유어
1,며칠,0,명사,고유어
1,면,5,명사,한자어
1,멸치,0,명사,고유어
1,명,3,의존명사,한자어
1,명령,1,명사,한자어
1,명령하다,0,동사,혼종어
1,몇,0,수사/관형사,고유어
1,몇몇,0,수사/관형사,고유어
1,모금,1,의존명사,고유어
1,모기,1,명사,고유어
1,모두,1,명사/부사,고유어
1,모든,0,관형사,고유어
1,모래,0,명사,고유어
1,모래성,0,명사,혼종어
1,모레,0,명사/부사,고유어
1,모르다,0,동사,고유어
1,모습,1,명사,고유어
1,모시다,0,동사,고유어
1,모양,2,명사/의존명사,한자어
1,모여들다,0,동사,고유어
1,모으다,0,동사,고유어
1,모이다,1,동사,고유어
1,모임,0,명사,고유어
1,모자,7,명사,한자어
1,모자라다,0,동사,고유어
1,모조리,1,부사,고유어
1,모퉁이,0,명사,고유어
1,모험,0,명사,한자어
1,목,1,명사,고유어
1,목,6,명사,한자어
1,목걸이,1,명사,고유어
1,목구멍,0,명사,고유어
1,목도리,0,명사,고유어
1,목마르다,0,형용사/동사,고유어
1,목소리,0,명사,고유어
1,목숨,0,명사,고유어
1,목요일,0,명사,한자어
1,목욕,0,명사,한자어
1,목욕탕,0,명사,한자어
1,목욕하다,0,동사,혼종어
1,목적지,0,명사,한자어
1,몰다,0,동사,고유어
1,몰래,0,부사,고유어
1,몰려들다,0,동사,고유어
1,몰려오다,0,동사,고유어
1,몸,1,명사,고유어
1,몸무게,0,명사,고유어
1,몸부림,0,명사,고유어
1,몸살,0,명사,고유어
1,몸집,0,명사,고유어
1,몸통,0,명사,고유어
1,몹시,0,부사,고유어
1,못,1,명사,고유어
1,못,4,부사,고유어
1,못되다,0,형용사,고유어
1,못살다,0,동사,고유어
1,못생기다,0,동사,고유어
1,못하다,0,동사/형용사/보조동사/보조형용사,고유어
1,몽둥이,0,명사,고유어
1,몽땅,1,부사,고유어
1,무,2,명사,고유어
1,무거워지다,0,동사,고유어
1,무겁다,0,형용사,고유어
1,무게,0,명사,고유어
1,무관심하다,0,형용사,혼종어
1,무궁화,0,명사,한자어
1,무기,3,명사,한자어
1,무너뜨리다,0,동사,고유어
1,무너지다,0,동사,고유어
1,무늬,0,명사,고유어
1,무당벌레,0,명사,고유어
1,무대,5,명사,한자어
1,무더위,0,명사,고유어
1,무덤,0,명사,고유어
1,무덥다,0,형용사,고유어
1,무럭무럭,0,부사,고유어
1,무렵,0,의존명사,고유어
1,무료,1,명사,한자어
1,무릎,0,명사,고유어
1,무리,1,명사,고유어
1,무사하다,3,형용사,혼종어
1,무사히,2,부사,혼종어
1,무서워하다,0,동사,고유어
1,무섭다,0,형용사,고유어
1,무술,4,명사,한자어
1,무슨,0,관형사,고유어
1,무시,3,명사,한자어
1,무시무시하다,0,형용사,고유어
1,무시하다,0,동사,혼종어
1,무엇,0,대명사,고유어
1,무용,3,명사,한자어
1,무작정,0,명사/부사,한자어
1,무조건,0,명사/부사,한자어
1,무지,3,부사,고유어
1,무지개,0,명사,고유어
1,무척,1,부사,고유어
1,무치다,0,동사,고유어
1,묵,1,명사,고유어
1,묶다,0,동사,고유어
1,묶음,0,명사,고유어
1,묶이다,0,동사,고유어
1,문,4,명사,한자어
1,문득,1,부사,고유어
1,문밖,0,명사,혼종어
1,문어,1,명사,한자어
1,문제,6,명사,한자어
1,문지르다,0,동사,고유어
1,문짝,0,명사,혼종어
1,묻다,1,동사,고유어
1,묻다,2,동사,고유어
1,묻다,3,동사,고유어
1,묻어나다,0,동사,고유어
1,묻히다,1,동사,고유어
1,묻히다,2,동사,고유어
1,물,1,명사,고유어
1,물가,1,명사,고유어
1,물감,2,명사,고유어
1,물개,0,명사,고유어
1,물거품,0,명사,고유어
1,물건,0,명사,한자어
1,물결,0,명사,고유어
1,물고기,0,명사,고유어
1,물기,0,명사,혼종어
1,물놀이,2,명사,고유어
1,물놀이하다,0,동사,고유어
1,물다,2,동사,고유어
1,물들다,0,동사,고유어
1,물들이다,0,동사,고유어
1,물러가다,0,동사,고유어
1,물러나다,0,동사,고유어
1,물러서다,0,동사,고유어
1,물려받다,0,동사,고유어
1,물려주다,0,동사,고유어
1,물론,1,명사/부사,한자어
1,물리다,2,동사,고유어
1,물리치다,0,동사,고유어
1,물방울,0,명사,고유어
1,물속,0,명사,고유어
1,물안경,0,명사,혼종어
1,물어뜯다,0,동사,고유어
1,물어보다,0,동사,고유어
1,물음,1,명사,고유어
1,물음표,0,명사,혼종어
1,물총,0,명사,혼종어
1,물컵,0,명사,혼종어
1,물통,0,명사,혼종어
1,물티슈,0,명사,혼종어
1,뭉치다,0,동사,고유어
1,뭐,0,대명사/감탄사,고유어
1,뭣,0,대명사,고유어
1,미꾸라지,0,명사,고유어
1,미끄러지다,0,동사,고유어
1,미끄럼,0,명사,고유어
1,미끄럼틀,0,명사,고유어
1,미끄럽다,0,형용사,고유어
1,미끼,0,명사,고유어
1,미래,2,명사,한자어
1,미로,1,명사,한자어
1,미루다,0,동사,고유어
1,미리,1,부사,고유어
1,미리미리,0,부사,고유어
1,미소,5,명사,한자어
1,미술,0,명사,한자어
1,미술관,0,명사,한자어
1,미아,1,명사,한자어
1,미안,1,명사,한자어
1,미안하다,0,형용사,혼종어
1,미역,2,명사,고유어
1,미역국,0,명사,고유어
1,미용사,0,명사,한자어
1,미용실,0,명사,한자어
1,미움,0,명사,고유어
1,미워하다,0,동사,고유어
1,미지근하다,0,형용사,고유어
1,미치다,1,동사,고유어
1,민들레,0,명사,고유어
1,민족,0,명사,한자어
1,믿다,0,동사,고유어
1,밀가루,0,명사,고유어
1,밀다,1,동사,고유어
1,밀려나다,0,동사,고유어
1,밀려들다,0,동사,고유어
1,밀려오다,0,동사,고유어
1,밀리다,1,동사,고유어
1,밀리다,2,동사,고유어
1,밀어내다,0,동사,고유어
1,밀어붙이다,0,동사,고유어
1,밀어주다,0,동사,고유어
1,밀치다,0,동사,고유어
1,밉다,0,형용사,고유어
1,밑,0,명사,고유어
1,밑바닥,0,명사,고유어
1,바가지,1,명사,고유어
1,바구니,0,명사,고유어
1,바깥,0,명사,고유어
1,바깥쪽,0,명사,고유어
1,바꾸다,0,동사,고유어
1,바뀌다,0,동사,고유어
1,바나나,0,명사,외래어
1,바느질,0,명사,고유어
1,바느질하다,0,동사,고유어
1,바늘,0,명사,고유어
1,바다,0,명사,고유어
1,바닥,0,명사,고유어
1,바닥나다,0,동사,고유어
1,바닷가,0,명사,고유어
1,바닷물,0,명사,고유어
1,바둑,0,명사,고유어
1,바라다,0,동사,고유어
1,바라보다,0,동사,고유어
1,바람,1,명사/의존명사,고유어
1,바람,2,명사,고유어
1,바람개비,1,명사,고유어
1,바로,2,명사/부사/감탄사,고유어
1,바르다,1,동사,고유어
1,바르다,3,형용사,고유어
1,바보,0,명사,고유어
1,바쁘다,0,형용사,고유어
1,바스락,0,부사,고유어
1,바싹,1,부사,고유어
1,바위,1,명사,고유어
1,바이러스,0,명사,외래어
1,바이올린,0,명사,외래어
1,바지,1,명사,고유어
1,바짝,0,부사,고유어
1,바치다,1,동사,고유어
1,바퀴,1,명사/의존명사,고유어
1,바퀴벌레,0,명사,고유어
1,박다,1,동사,고유어
1,박물관,0,명사,한자어
1,박사,1,명사,한자어
1,박살,1,명사,고유어
1,박수,2,명사,한자어
1,박스,0,명사,외래어
1,박쥐,0,명사,고유어
1,박히다,0,동사,고유어
1,밖,0,명사,고유어
1,반,5,명사,한자어
1,반,8,명사,한자어
1,반가워하다,0,동사,고유어
1,반갑다,0,형용사,고유어
1,반기다,0,동사,고유어
1,반년,0,명사,한자어
1,반달,1,명사,혼종어
1,반대,2,명사,한자어
1,반대쪽,0,명사,혼종어
1,반대편,0,명사,한자어
1,반대하다,1,동사,혼종어
1,반드시,0,부사,고유어
1,반듯하다,0,형용사,고유어
1,반바지,0,명사,혼종어
1,반반,4,명사,한자어
1,반복,1,명사,한자어
1,반복하다,1,동사,혼종어
1,반성,1,명사,한자어
1,반성하다,1,동사,혼종어
1,반장,8,명사,한자어
1,반주,4,명사,한자어
1,반죽,0,명사,고유어
1,반지,2,명사,한자어
1,반짝,1,부사,고유어
1,반짝거리다,0,동사,고유어
1,반짝반짝,1,부사,고유어
1,반짝이다,0,동사,고유어
1,반쪽,0,명사,혼종어
1,반찬,0,명사,한자어
1,반칙,0,명사,한자어
1,반팔,0,명사,혼종어
1,반하다,1,동사,고유어
1,받다,1,동사,고유어
1,받치다,2,동사,고유어
1,받침,0,명사,고유어
1,발,1,명사,고유어
1,발가락,0,명사,고유어
1,발걸음,0,명사,고유어
1,발견,1,명사,한자어
1,발견하다,1,동사,혼종어
1,발끝,0,명사,고유어
1,발뒤꿈치,0,명사,고유어
1,발등,0,명사,고유어
1,발레,0,명사,외래어
1,발명,1,명사,한자어
1,발명가,0,명사,한자어
1,발명하다,1,동사,혼종어
1,발목,1,명사,고유어
1,발바닥,0,명사,고유어
1,발버둥,0,명사,고유어
1,발사,1,명사,한자어
1,발사하다,0,동사,혼종어
1,발음,1,명사,한자어
1,발자국,0,명사,고유어
1,발짝,1,의존명사,고유어
1,발톱,0,명사,고유어
1,발판,1,명사,혼종어
1,발표,1,명사,한자어
1,발표하다,0,동사,혼종어
1,발표회,0,명사,한자어
1,밝다,0,동사/형용사,고유어
1,밝혀내다,0,동사,고유어
1,밝히다,0,동사,고유어
1,밟다,0,동사,고유어
1,밟히다,0,동사,고유어
1,밤,1,명사,고유어
1,밤,2,명사,고유어
1,밤길,0,명사,고유어
1,밤나무,0,명사,고유어
1,밤낮,0,명사/부사,고유어
1,밤늦다,0,형용사,고유어
1,밤새,2,명사,고유어
1,밤새다,0,동사,고유어
1,밤잠,0,명사,고유어
1,밤중,0,명사,혼종어
1,밤하늘,0,명사,고유어
1,밥,1,명사,고유어
1,밥그릇,0,명사,고유어
1,밥맛,0,명사,고유어
1,밥상,0,명사,혼종어
1,밧줄,0,명사,고유어
1,방,7,명사,한자어
1,방귀,1,명사,고유어
1,방금,1,명사/부사,한자어
1,방망이,1,명사,고유어
1,방문,2,명사,한자어
1,방문,3,명사,한자어
1,방바닥,0,명사,혼종어
1,방법,0,명사,한자어
1,방석,2,명사,한자어
1,방송,1,명사,한자어
1,방송국,0,명사,한자어
1,방송하다,1,동사,혼종어
1,방어,2,명사,한자어
1,방울,1,명사,고유어
1,방울,2,명사,고유어
1,방패,2,명사,한자어
1,방학,0,명사,한자어
1,방학하다,0,동사,혼종어
1,방해,1,명사,한자어
1,방해하다,0,동사,혼종어
1,방향,1,명사,한자어
1,밭,1,명사,고유어
1,배,1,명사,고유어
1,배,2,명사,고유어
1,배,3,명사,고유어
1,배,8,명사,한자어
1,배고프다,0,형용사,고유어
1,배고픔,0,명사,고유어
1,배구,5,명사,한자어
1,배꼽,0,명사,고유어
1,배낭,1,명사,한자어
1,배달,2,명사,한자어
1,배달되다,0,동사,혼종어
1,배달원,0,명사,한자어
1,배달하다,0,동사,혼종어
1,배부르다,0,형용사,고유어
1,배불리,0,부사,고유어
1,배우,1,명사,한자어
1,배우다,0,동사,고유어
1,배추,1,명사,고유어
1,배탈,1,명사,혼종어
1,배터리,1,명사,외래어
1,백,4,수사/관형사,한자어
1,백성,0,명사,한자어
1,백인,1,명사,한자어
1,백화점,0,명사,한자어
1,밴드,2,명사,외래어
1,뱀,0,명사,고유어
1,뱃속,0,명사,고유어
1,뱅뱅,0,부사,고유어
1,뱉다,0,동사,고유어
1,버럭,0,부사,고유어
1,버릇,0,명사,고유어
1,버리다,0,동사/보조동사,고유어
1,버섯,2,명사,고유어
1,버스,2,명사,외래어
1,버튼,0,명사,외래어
1,버티다,0,동사,고유어
1,번,4,명사/의존명사,한자어
1,번갈다,0,동사,혼종어
1,번개,0,명사,고유어
1,번지다,1,동사,고유어
1,번째,0,의존명사,혼종어
1,번쩍,1,부사,고유어
1,번쩍번쩍,1,부사,고유어
1,번호,2,명사/감탄사,한자어
1,벌,2,명사/의존명사,고유어
1,벌,3,명사,고유어
1,벌,6,명사,한자어
1,벌금,0,명사,한자어
1,벌다,2,동사,고유어
1,벌떡,0,부사,고유어
1,벌레,0,명사,고유어
1,벌리다,1,동사,고유어
1,벌벌,1,부사,고유어
1,벌써,0,부사,고유어
1,벌어지다,1,동사,고유어
1,벌어지다,2,동사,고유어
1,벌이다,0,동사,고유어
1,벌칙,0,명사,한자어
1,범인,2,명사,한자어
1,법,1,명사/의존명사,한자어
1,벗겨지다,0,동사,고유어
1,벗기다,2,동사,고유어
1,벗다,0,동사,고유어
1,벗어나다,0,동사,고유어
1,베개,0,명사,고유어
1,베다,2,동사,고유어
1,베란다,0,명사,외래어
1,베이다,0,동사,고유어
1,벨,1,명사,외래어
1,벨트,0,명사,외래어
1,벼,0,명사,고유어
1,벼락,0,명사,고유어
1,벽,5,명사,한자어
1,벽돌,0,명사,혼종어
1,벽지,2,명사,한자어
1,변기,0,명사,한자어
1,변덕,0,명사,한자어
1,변명,1,명사,한자어
1,변명하다,1,동사,혼종어
1,변신,1,명사,한자어
1,변신하다,1,동사,혼종어
1,변하다,0,동사,혼종어
1,별,1,명사,고유어
1,별것,0,명사,혼종어
1,별로,1,부사,혼종어
1,별명,1,명사,한자어
1,병,4,명사,한자어
1,병,5,명사,한자어
1,병들다,0,동사,혼종어
1,병실,0,명사,한자어
1,병아리,0,명사,고유어
1,병원,2,명사,한자어
1,보건소,0,명사,한자어
1,보관,1,명사,한자어
1,보관하다,0,동사,혼종어
1,보기,1,명사,고유어
1,보내다,0,동사,고유어
1,보내오다,0,동사,고유어
1,보너스,0,명사,외래어
1,보다,1,동사/보조형용사/보조동사,고유어
1,보다,2,부사,고유어
1,보라,1,명사,고유어
1,보라색,0,명사,혼종어
1,보람,0,명사,고유어
1,보름달,0,명사,고유어
1,보리,1,명사,고유어
1,보물,2,명사,한자어
1,보살피다,0,동사,고유어
1,보석,3,명사,한자어
1,보이다,1,동사,고유어
1,보이다,2,동사,고유어
1,보일러,0,명사,외래어
1,보자기,2,명사,혼종어
1,보태다,0,동사,고유어
1,보통,0,명사/부사,한자어
1,보트,0,명사,외래어
1,복,12,명사,한자어
1,복도,4,명사,한자어
1,복수,3,명사,한자어
1,복숭아,0,명사,고유어
1,복잡하다,0,형용사,혼종어
1,복장,4,명사,한자어
1,볶다,0,동사,고유어
1,볼,1,명사,고유어
1,볼,4,명사,외래어
1,볼일,0,명사,고유어
1,볼펜,0,명사,외래어
1,봄,0,명사,고유어
1,봄날,0,명사,고유어
1,봄바람,0,명사,고유어
1,봉지,6,명사,한자어
1,봉투,0,명사,한자어
1,봐주다,0,동사,고유어
1,뵙다,0,동사,고유어
1,부끄러워지다,0,동사,고유어
1,부끄러워하다,0,동사,고유어
1,부끄럼,0,명사,고유어
1,부끄럽다,0,형용사,고유어
1,부담스럽다,0,형용사,혼종어
1,부드럽다,0,형용사,고유어
1,부들부들,1,부사,고유어
1,부딪치다,0,동사,고유어
1,부딪히다,0,동사,고유어
1,부러워하다,0,동사,고유어
1,부러지다,0,동사,고유어
1,부럽다,0,형용사,고유어
1,부르다,1,동사,고유어
1,부리,1,명사,고유어
1,부리다,1,동사,고유어
1,부리다,2,동사,고유어
1,부모,1,명사,한자어
1,부모님,0,명사,혼종어
1,부부,2,명사,한자어
1,부분,1,명사,한자어
1,부상,5,명사,한자어
1,부서지다,0,동사,고유어
1,부수다,0,동사,고유어
1,부시다,2,형용사,고유어
1,부엉이,0,명사,고유어
1,부엌,0,명사,고유어
1,부인,1,명사,한자어
1,부인,4,명사,한자어
1,부자,6,명사,한자어
1,부잣집,0,명사,혼종어
1,부족,1,명사,한자어
1,부족하다,0,형용사,혼종어
1,부지런하다,0,형용사,고유어
1,부지런히,0,부사,고유어
1,부채,1,명사,고유어
1,부치다,2,동사,고유어
1,부침개,0,명사,고유어
1,부탁,0,명사,한자어
1,부탁하다,0,동사,혼종어
1,부풀다,0,동사,고유어
1,부풀리다,0,동사,고유어
1,부품,0,명사,한자어
1,부하,3,명사,한자어
1,북,3,명사,고유어
1,북,6,명사,한자어
1,북극,1,명사,한자어
1,북쪽,0,명사,혼종어
1,분,1,의존명사,고유어
1,분,6,의존명사/수사/관형사,한자어
1,분명,1,부사,한자어
1,분명하다,1,형용사,혼종어
1,분명히,0,부사,혼종어
1,분수,10,명사,한자어
1,분위기,0,명사,한자어
1,분필,3,명사,한자어
1,분하다,3,형용사,혼종어
1,분홍,1,명사,한자어
1,분홍색,0,명사,한자어
1,불,1,명사,고유어
1,불가능,0,명사,한자어
1,불가능하다,0,형용사,혼종어
1,불고기,0,명사,고유어
1,불꽃,0,명사,고유어
1,불꽃놀이,0,명사,고유어
1,불나다,0,동사,고유어
1,불다,0,동사,고유어
1,불량,1,명사,한자어
1,불러내다,0,동사,고유어
1,불러오다,0,동사,고유어
1,불리다,4,동사,고유어
1,불리다,7,동사,고유어
1,불만,0,명사,한자어
1,불빛,0,명사,고유어
1,불쌍하다,0,형용사,고유어
1,불쑥,0,부사,고유어
1,불안하다,0,형용사,혼종어
1,불어나다,0,동사,고유어
1,불어넣다,0,동사,고유어
1,불어오다,0,동사,고유어
1,불쾌하다,0,형용사,혼종어
1,불타다,0,동사,고유어
1,불태우다,0,동사,고유어
1,불편,1,명사,한자어
1,불편하다,1,형용사,혼종어
1,불평,1,명사,한자어
1,불행,0,명사,한자어
1,불행하다,0,형용사,혼종어
1,붉다,0,형용사/동사,고유어
1,붉은색,0,명사,혼종어
1,붐비다,0,동사,고유어
1,붓,1,명사,고유어
1,붓다,2,동사,고유어
1,붕대,0,명사,한자어
1,붕붕,0,부사,고유어
1,붕어,1,명사,고유어
1,붙다,0,동사,고유어
1,붙들다,0,동사,고유어
1,붙이다,0,동사,고유어
1,붙잡다,0,동사,고유어
1,붙잡히다,0,동사,고유어
1,브레이크,1,명사,외래어
1,블록,2,명사,외래어
1,비,1,명사,고유어
1,비교,1,명사,한자어
1,비교하다,0,동사,혼종어
1,비누,0,명사,고유어
1,비눗방울,0,명사,고유어
1,비닐,0,명사,외래어
1,비다,1,동사,고유어
1,비둘기,0,명사,고유어
1,비밀,0,명사,한자어
1,비바람,0,명사,고유어
1,비비다,0,동사,고유어
1,비빔밥,0,명사,고유어
1,비상,1,명사,한자어
1,비슷비슷하다,0,형용사,고유어
1,비슷하다,2,형용사,고유어
1,비싸다,0,형용사,고유어
1,비옷,0,명사,고유어
1,비우다,0,동사,고유어
1,비웃다,0,동사,고유어
1,비좁다,0,형용사,고유어
1,비추다,0,동사,고유어
1,비치다,0,동사,고유어
1,비키다,0,동사,고유어
1,비타민,0,명사,외래어
1,비틀거리다,0,동사,고유어
1,비하다,0,동사,혼종어
1,비행,3,명사,한자어
1,비행기,0,명사,한자어
1,빈자리,0,명사,고유어
1,빈틈없이,0,부사,고유어
1,빌다,1,동사,고유어
1,빌딩,0,명사,외래어
1,빌려주다,0,동사,고유어
1,빌리다,0,동사,고유어
1,빗,1,명사,고유어
1,빗다,2,동사,고유어
1,빗물,0,명사,고유어
1,빗방울,0,명사,고유어
1,빗소리,0,명사,고유어
1,빗자루,0,명사,고유어
1,빗줄기,0,명사,고유어
1,빙글빙글,2,부사,고유어
1,빙빙,0,부사,고유어
1,빙수,0,명사,한자어
1,빚다,0,동사,고유어
1,빛,0,명사,고유어
1,빛나다,0,동사,고유어
1,빛내다,0,동사,고유어
1,빠뜨리다,0,동사,고유어
1,빠르다,0,형용사,고유어
1,빠이빠이,0,감탄사,외래어
1,빠져나가다,0,동사,고유어
1,빠져나오다,0,동사,고유어
1,빠지다,1,동사,고유어
1,빠지다,2,동사/보조동사,고유어
1,빠짐없이,0,부사,고유어
1,빤히,0,부사,고유어
1,빨간불,0,명사,고유어
1,빨간색,0,명사,혼종어
1,빨강,0,명사,고유어
1,빨갛다,0,형용사,고유어
1,빨개지다,0,동사,고유어
1,빨다,1,동사,고유어
1,빨다,2,동사,고유어
1,빨대,0,명사,고유어
1,빨래,0,명사,고유어
1,빨래하다,0,동사,고유어
1,빨리,0,부사,고유어
1,빨리다,1,동사,고유어
1,빨리빨리,0,부사,고유어
1,빨아들이다,0,동사,고유어
1,빵,1,명사,고유어
1,빵빵,1,부사,고유어
1,빵집,0,명사,고유어
1,빼내다,0,동사,고유어
1,빼놓다,0,동사,고유어
1,빼다,1,동사,고유어
1,빼앗기다,0,동사,고유어
1,빼앗다,0,동사,고유어
1,뺏기다,0,동사,고유어
1,뺏다,0,동사,고유어
1,뺨,0,명사,고유어
1,뻔하다,1,보조형용사,고유어
1,뻔하다,2,형용사,고유어
1,뻗다,0,동사,고유어
1,뻥,2,부사,고유어
1,뼈,0,명사,고유어
1,뽀뽀,0,명사,고유어
1,뽐내다,0,동사,고유어
1,뽑다,0,동사,고유어
1,뽑아내다,0,동사,고유어
1,뽑히다,0,동사,고유어
1,뾰족뾰족,0,부사,고유어
1,뾰족하다,0,형용사,고유어
1,뿌듯하다,0,형용사,고유어
1,뿌리,0,명사,고유어
1,뿌리다,0,동사,고유어
1,뿌옇다,0,형용사,고유어
1,뿔,1,명사,고유어
1,뿜다,0,동사,고유어
1,삐뚤어지다,0,동사,고유어
1,삐악삐악,0,부사,고유어
1,사,10,수사/관형사,한자어
1,사각형,0,명사,한자어
1,사건,1,명사,한자어
1,사고,12,명사,한자어
1,사과,5,명사,한자어
1,사과,8,명사,한자어
1,사과나무,0,명사,혼종어
1,사과하다,2,동사,혼종어
1,사귀다,0,동사,고유어
1,사나이,0,명사,고유어
1,사납다,0,형용사,고유어
1,사냥,0,명사,고유어
1,사냥꾼,0,명사,고유어
1,사냥하다,0,동사,고유어
1,사다,0,동사,고유어
1,사다리,0,명사,고유어
1,사라지다,0,동사,고유어
1,사람,0,명사,고유어
1,사랑,1,명사,고유어
1,사랑스럽다,0,형용사,고유어
1,사랑하다,0,동사,고유어
1,사료,4,명사,한자어
1,사르르,0,부사,고유어
1,사막,3,명사,한자어
1,사무실,0,명사,한자어
1,사물,10,명사,한자어
1,사슴,1,명사,고유어
1,사실,4,명사/부사,한자어
1,사십,0,수사/관형사,한자어
1,사용,4,명사,한자어
1,사용법,0,명사,한자어
1,사용하다,3,동사,혼종어
1,사월,2,명사,한자어
1,사이,1,명사,고유어
1,사이다,2,명사,외래어
1,사이좋다,0,형용사,고유어
1,사이즈,1,명사,외래어
1,사인,14,명사,외래어
1,사자,11,명사,한자어
1,사장,15,명사,한자어
1,사전,22,명사,한자어
1,사진,6,명사,한자어
1,사진기,2,명사,한자어
1,사촌,0,명사,한자어
1,사탕,2,명사,한자어
1,사회,7,명사,한자어
1,사흘,0,명사,고유어
1,산,1,명사,한자어
1,산골,2,명사,혼종어
1,산골짜기,0,명사,혼종어
1,산길,2,명사,혼종어
1,산더미,0,명사,혼종어
1,산불,0,명사,혼종어
1,산사태,0,명사,한자어
1,산산조각,0,명사,혼종어
1,산소,1,명사,한자어
1,산소,3,명사,한자어
1,산속,0,명사,혼종어
1,산책,0,명사,한자어
1,산책하다,0,동사,혼종어
1,살,1,명사,고유어
1,살,4,의존명사,고유어
1,살금살금,0,부사,고유어
1,살다,1,동사,고유어
1,살리다,0,동사,고유어
1,살살,2,부사,고유어
1,살아가다,0,동사,고유어
1,살아나다,0,동사,고유어
1,살아남다,0,동사,고유어
1,살아오다,0,동사,고유어
1,살짝,0,부사,고유어
1,살찌다,0,동사,고유어
1,살펴보다,0,동사,고유어
1,살피다,1,동사,고유어
1,삶,0,명사,고유어
1,삶다,0,동사,고유어
1,삼,6,수사/관형사,한자어
1,삼각,1,명사,한자어
1,삼각형,0,명사,한자어
1,삼겹살,0,명사,혼종어
1,삼다,2,동사,고유어
1,삼십,0,수사/관형사,한자어
1,삼월,0,명사,한자어
1,삼촌,0,명사,한자어
1,삼키다,0,동사,고유어
1,삽,1,명사,고유어
1,상,3,명사,한자어
1,상,23,명사,한자어
1,상가,7,명사,한자어
1,상관없다,0,형용사,혼종어
1,상관없이,0,부사,혼종어
1,상냥하다,0,형용사,고유어
1,상대,4,명사,한자어
1,상대편,0,명사,한자어
1,상상,7,명사,한자어
1,상상력,1,명사,한자어
1,상상하다,3,동사,혼종어
1,상어,1,명사,고유어
1,상자,8,명사,한자어
1,상처,2,명사,한자어
1,상추,1,명사,고유어
1,상쾌하다,0,형용사,혼종어
1,상태,1,명사,한자어
1,상품,3,명사,한자어
1,상하다,2,동사,혼종어
1,상황,2,명사,한자어
1,새,3,명사,고유어
1,새,6,관형사,고유어
1,새것,0,명사,고유어
1,새기다,1,동사,고유어
1,새끼,2,명사,고유어
1,새끼손가락,0,명사,고유어
1,새다,1,동사,고유어
1,새로,0,부사,고유어
1,새롭다,0,형용사,고유어
1,새벽,1,명사,고유어
1,새싹,0,명사,고유어
1,새우,2,명사,고유어
1,새해,0,명사,고유어
1,색,3,명사,한자어
1,색깔,0,명사,혼종어
1,색다르다,0,형용사,혼종어
1,색연필,0,명사,한자어
1,색종이,0,명사,혼종어
1,색칠,0,명사,한자어
1,색칠하다,0,동사,혼종어
1,샌드위치,0,명사,외래어
1,샘,2,명사,고유어
1,생각,1,명사,고유어
1,생각나다,0,동사,고유어
1,생각되다,0,동사,고유어
1,생각하다,0,동사,고유어
1,생겨나다,0,동사,고유어
1,생기다,0,동사/보조동사,고유어
1,생김새,0,명사,고유어
1,생명,0,명사,한자어
1,생선,0,명사,한자어
1,생신,2,명사,한자어
1,생일,2,명사,한자어
1,생일날,0,명사,혼종어
1,생쥐,0,명사,고유어
1,생활,0,명사,한자어
1,생활하다,0,동사,혼종어
1,샤워,0,명사,외래어
1,샤워하다,0,동사,혼종어
1,샴푸,0,명사,외래어
1,서늘하다,0,형용사,고유어
1,서다,1,동사,고유어
1,서두르다,0,동사,고유어
1,서랍,0,명사,고유어
1,서러움,0,명사,고유어
1,서럽다,0,형용사,고유어
1,서로,1,명사/부사,고유어
1,서로서로,0,명사/부사,고유어
1,서른,0,수사/관형사,고유어
1,서비스,0,명사,외래어
1,서서히,0,부사,혼종어
1,서운하다,0,형용사,고유어
1,서점,3,명사,한자어
1,서쪽,0,명사,혼종어
1,서투르다,0,형용사,고유어
1,서툴다,0,형용사,고유어
1,석유,1,명사,한자어
1,섞다,0,동사,고유어
1,섞이다,0,동사,고유어
1,선글라스,0,명사,외래어
1,선녀,1,명사,한자어
1,선물,3,명사,한자어
1,선물하다,0,동사,혼종어
1,선반,1,명사,고유어
1,선생,1,명사,한자어
1,선생님,0,명사,혼종어
1,선수,5,명사,한자어
1,선인장,2,명사,한자어
1,선장,6,명사,한자어
1,선택,0,명사,한자어
1,선택하다,0,동사,혼종어
1,선풍기,0,명사,한자어
1,설,1,명사,고유어
1,설거지,0,명사,고유어
1,설거지하다,0,동사,고유어
1,설날,0,명사,고유어
1,설레다,0,동사,고유어
1,설마,1,부사,고유어
1,설명,0,명사,한자어
1,설명서,0,명사,한자어
1,설명하다,0,동사,혼종어
1,설사,1,명사,한자어
1,설사하다,0,동사,혼종어
1,설탕,0,명사,한자어
1,섬,3,명사,고유어
1,섭섭하다,0,형용사,고유어
1,성,5,명사,한자어
1,성격,2,명사,한자어
1,성공,1,명사,한자어
1,성공하다,0,동사,혼종어
1,성냥,1,명사,고유어
1,성숙하다,0,동사/형용사,혼종어
1,세,1,관형사,고유어
1,세계,2,명사,한자어
1,세계적,0,명사/관형사,한자어
1,세균,0,명사,한자어
1,세다,2,동사,고유어
1,세다,3,형용사,고유어
1,세로,1,명사/부사,고유어
1,세면대,0,명사,한자어
1,세모,1,명사,고유어
1,세배,0,명사,한자어
1,세뱃돈,0,명사,혼종어
1,세상,1,명사,한자어
1,세수,4,명사,한자어
1,세수하다,2,동사,혼종어
1,세우다,0,동사,고유어
1,세제,4,명사,한자어
1,세지다,0,동사,고유어
1,세차다,0,형용사,고유어
1,세탁,0,명사,한자어
1,세탁기,0,명사,한자어
1,세탁소,0,명사,한자어
1,센터,2,명사,외래어
1,셋,0,수사,고유어
1,셋째,0,수사/관형사/명사,고유어
1,소,3,명사,고유어
1,소개,1,명사,한자어
1,소개되다,0,동사,혼종어
1,소개하다,1,동사,혼종어
1,소고기,0,명사,고유어
1,소곤소곤,0,부사,고유어
1,소금,1,명사,고유어
1,소나기,0,명사,고유어
1,소나무,0,명사,고유어
1,소녀,2,명사,한자어
1,소년,1,명사,한자어
1,소독,4,명사,한자어
1,소독약,0,명사,한자어
1,소독하다,2,동사,혼종어
1,소란스럽다,0,형용사,혼종어
1,소름,0,명사,고유어
1,소리,1,명사,고유어
1,소리치다,0,동사,고유어
1,소망,2,명사,한자어
1,소매,1,명사,고유어
1,소문,2,명사,한자어
1,소문나다,0,동사,혼종어
1,소방관,0,명사,한자어
1,소방서,0,명사,한자어
1,소방차,0,명사,한자어
1,소변,1,명사,한자어
1,소스,1,명사,외래어
1,소시지,0,명사,외래어
1,소식,4,명사,한자어
1,소용,5,명사,한자어
1,소용돌이,0,명사,고유어
1,소원,4,명사,한자어
1,소음,6,명사,한자어
1,소중하다,0,형용사,혼종어
1,소중히,0,부사,혼종어
1,소파,6,명사,외래어
1,소풍,0,명사,한자어
1,소화,6,명사,한자어
1,소화되다,1,동사,혼종어
1,소화하다,1,동사,혼종어
1,속,1,명사,고유어
1,속다,0,동사,고유어
1,속도,1,명사,한자어
1,속마음,0,명사,고유어
1,속삭이다,0,동사,고유어
1,속상하다,2,형용사,혼종어
1,속옷,0,명사,고유어
1,속이다,0,동사,고유어
1,속하다,2,동사,혼종어
1,손,1,명사,고유어
1,손가락,0,명사,고유어
1,손길,0,명사,고유어
1,손녀,0,명사,한자어
1,손님,0,명사,고유어
1,손대다,0,동사,고유어
1,손들다,0,동사,고유어
1,손등,1,명사,고유어
1,손목,0,명사,고유어
1,손바닥,0,명사,고유어
1,손발,0,명사,고유어
1,손수건,0,명사,혼종어
1,손자,1,명사,한자어
1,손잡다,0,동사,고유어
1,손잡이,0,명사,고유어
1,손짓,0,명사,고유어
1,손톱,1,명사,고유어
1,솔솔,0,부사,고유어
1,솔직하다,0,형용사,혼종어
1,솔직히,0,부사,혼종어
1,솜,0,명사,고유어
1,솜사탕,0,명사,혼종어
1,솜씨,0,명사,고유어
1,솟구치다,0,동사,고유어
1,솟다,0,동사,고유어
1,솟아나다,0,동사/형용사,고유어
1,솟아오르다,0,동사,고유어
1,송아지,0,명사,고유어
1,송이,1,명사,고유어
1,송편,0,명사,혼종어
1,솥,0,명사,고유어
1,쇠,1,명사,고유어
1,쇠고기,0,명사,고유어
1,쇼,1,명사,외래어
1,쇼핑,0,명사,외래어
1,수,2,명사/의존명사,고유어
1,수,23,명사/관형사,한자어
1,수건,0,명사,한자어
1,수고,1,명사,고유어
1,수고하다,1,동사,고유어
1,수다,1,명사,고유어
1,수도,5,명사,한자어
1,수도꼭지,0,명사,혼종어
1,수돗물,0,명사,혼종어
1,수레,0,명사,고유어
1,수리,11,명사,한자어
1,수리하다,2,동사,혼종어
1,수많다,0,형용사,혼종어
1,수박,1,명사,고유어
1,수백,4,수사/관형사,한자어
1,수백만,0,수사/관형사,한자어
1,수비,4,명사,한자어
1,수상하다,5,형용사,혼종어
1,수수께끼,0,명사,고유어
1,수십,0,수사/관형사,한자어
1,수업,3,명사,한자어
1,수업하다,3,동사,혼종어
1,수없이,0,부사,혼종어
1,수염,3,명사,한자어
1,수영,2,명사,한자어
1,수영복,0,명사,한자어
1,수영장,0,명사,한자어
1,수영하다,1,동사,혼종어
1,수요일,0,명사,한자어
1,수저,1,명사,고유어
1,수첩,1,명사,한자어
1,수컷,0,명사,고유어
1,수확,2,명사,한자어
1,숙모,1,명사,한자어
1,숙이다,0,동사,고유어
1,숙제,3,명사,한자어
1,숙제하다,0,동사,혼종어
1,순간,3,명사,한자어
1,순간적,0,명사/관형사,한자어
1,순서,0,명사,한자어
1,순식간,0,명사,한자어
1,순진하다,1,형용사,혼종어
1,순하다,2,형용사,혼종어
1,숟가락,0,명사,고유어
1,숟갈,0,명사,고유어
1,술,1,명사,고유어
1,술잔,0,명사,혼종어
1,숨,1,명사,고유어
1,숨기다,0,동사,고유어
1,숨다,0,동사,고유어
1,숨바꼭질,0,명사,고유어
1,숨바꼭질하다,0,동사,고유어
1,숨쉬기,0,명사,고유어
1,숨차다,0,형용사,고유어
1,숫자,0,명사,한자어
1,숭숭,1,부사,고유어
1,숯불,0,명사,고유어
1,숲,0,명사,고유어
1,숲속,0,명사,고유어
1,쉬다,3,동사,고유어
1,쉬다,4,동사,고유어
1,쉰,0,수사/관형사,고유어
1,쉽다,0,형용사,고유어
1,쉿,0,감탄사,고유어
1,슈퍼,0,명사,외래어
1,슈퍼마켓,0,명사,외래어
1,슛,0,명사,외래어
1,스님,0,명사,고유어
1,스마트폰,0,명사,외래어
1,스무,0,관형사,고유어
1,스물,0,수사,고유어
1,스스로,0,명사/부사,고유어
1,스웨터,0,명사,외래어
1,스위치,0,명사,외래어
1,스치다,0,동사,고유어
1,스케이트,0,명사,외래어
1,스케치북,1,명사,외래어
1,스키,0,명사,외래어
1,스테이크,0,명사,외래어
1,스티커,0,명사,외래어
1,스포츠,0,명사,외래어
1,스피커,0,명사,외래어
1,슬그머니,0,부사,고유어
1,슬금슬금,0,부사,고유어
1,슬리퍼,0,명사,외래어
1,슬쩍,0,부사,고유어
1,슬퍼지다,0,동사,고유어
1,슬퍼하다,0,동사,고유어
1,슬프다,0,형용사,고유어
1,슬픔,0,명사,고유어
1,습관,0,명사,한자어
1,승객,0,명사,한자어
1,승리,0,명사,한자어
1,승리하다,0,동사,혼종어
1,승용차,0,명사,한자어
1,시,2,명사,한자어
1,시,6,명사/의존명사,한자어
1,시간,4,명사/의존명사,한자어
1,시간표,0,명사,한자어
1,시계,2,명사,한자어
1,시골,0,명사,고유어
1,시금치,0,명사,고유어
1,시끄럽다,0,형용사,고유어
1,시내,1,명사,고유어
1,시내,3,명사,한자어
1,시냇물,0,명사,고유어
1,시다,0,형용사,고유어
1,시들다,0,동사,고유어
1,시범,0,명사,한자어
1,시시하다,0,형용사,고유어
1,시원하다,0,형용사,고유어
1,시월,1,명사,한자어
1,시작,1,명사,한자어
1,시작되다,1,동사,혼종어
1,시작하다,1,동사,혼종어
1,시장,4,명사,한자어
1,시집가다,0,동사,혼종어
1,시체,2,명사,한자어
1,시커멓다,0,형용사,고유어
1,시키다,1,동사,고유어
1,시퍼렇다,0,형용사,고유어
1,시합,1,명사,한자어
1,시합하다,0,동사,혼종어
1,시험,3,명사,한자어
1,식,2,명사/의존명사,한자어
1,식구,1,명사,한자어
1,식다,0,동사,고유어
1,식당,0,명사,한자어
1,식물,2,명사,한자어
1,식빵,0,명사,혼종어
1,식사,3,명사,한자어
1,식사하다,2,동사,혼종어
1,식초,0,명사,한자어
1,식탁,0,명사,한자어
1,식판,1,명사,한자어
1,식품,1,명사,한자어
1,식혜,0,명사,한자어
1,식히다,0,동사,고유어
1,신,1,명사,고유어
1,신,2,명사,고유어
1,신,9,명사,한자어
1,신고,1,명사,한자어
1,신고하다,1,동사,혼종어
1,신기하다,1,형용사,혼종어
1,신나다,0,동사,고유어
1,신다,0,동사,고유어
1,신랑,2,명사,한자어
1,신문,10,명사,한자어
1,신문지,0,명사,한자어
1,신발,0,명사,고유어
1,신발장,0,명사,혼종어
1,신부,4,명사,한자어
1,신부,10,명사,한자어
1,신비,2,명사,한자어
1,신비롭다,0,형용사,혼종어
1,신비하다,0,형용사,혼종어
1,신선하다,3,형용사,혼종어
1,신하,1,명사,한자어
1,신호,1,명사,한자어
1,신호등,0,명사,한자어
1,싣다,0,동사,고유어
1,실,1,명사,고유어
1,실내,0,명사,한자어
1,실내화,2,명사,한자어
1,실력,1,명사,한자어
1,실망,2,명사,한자어
1,실망하다,2,동사,혼종어
1,실수,1,명사,한자어
1,실수하다,0,동사,혼종어
1,실제,2,명사/부사,한자어
1,실제로,0,부사,혼종어
1,실컷,0,부사,고유어
1,실패,2,명사,한자어
1,실패하다,1,동사,혼종어
1,실험,0,명사,한자어
1,싫다,0,형용사,고유어
1,싫어지다,0,동사,고유어
1,싫어하다,0,동사,고유어
1,심각하다,2,형용사,혼종어
1,심다,1,동사,고유어
1,심부름,0,명사,고유어
1,심부름하다,0,동사,고유어
1,심심하다,1,형용사,고유어
1,심장,2,명사,한자어
1,심판,1,명사,한자어
1,심하다,0,형용사,혼종어
1,십,0,수사/관형사,한자어
1,십이월,0,명사,한자어
1,십일월,0,명사,한자어
1,십자가,1,명사,한자어
1,싱겁다,0,형용사,고유어
1,싱싱하다,0,형용사,고유어
1,싶다,0,보조형용사,고유어
1,싸다,1,동사,고유어
1,싸다,2,동사,고유어
1,싸다,5,형용사,고유어
1,싸우다,0,동사,고유어
1,싸움,0,명사,고유어
1,싸이다,1,동사,고유어
1,싹,1,명사,고유어
1,싹,2,부사,고유어
1,싹싹,1,부사,고유어
1,싹트다,0,동사,고유어
1,쌀,0,명사,고유어
1,쌀밥,0,명사,고유어
1,쌀쌀하다,0,형용사,고유어
1,쌍둥이,0,명사,혼종어
1,쌓다,0,동사/보조동사,고유어
1,쌓이다,0,동사,고유어
1,쌩쌩,1,부사,고유어
1,써내다,1,동사,고유어
1,썩,1,부사,고유어
1,썩다,0,동사,고유어
1,썰다,1,동사,고유어
1,썰매,0,명사,고유어
1,쏘다,0,동사,고유어
1,쏘이다,2,동사,고유어
1,쏙,2,부사,고유어
1,쏟다,0,동사,고유어
1,쏟아지다,0,동사,고유어
1,쑤시다,1,동사,고유어
1,쑤시다,2,동사,고유어
1,쑥,3,부사,고유어
1,쑥스럽다,0,형용사,고유어
1,쑥쑥,0,부사,고유어
1,쓰기,0,명사,고유어
1,쓰다,1,동사,고유어
1,쓰다,2,동사,고유어
1,쓰다,3,동사,고유어
1,쓰다,6,형용사,고유어
1,쓰다듬다,0,동사,고유어
1,쓰라리다,0,형용사,고유어
1,쓰러뜨리다,0,동사,고유어
1,쓰러지다,0,동사,고유어
1,쓰레기,0,명사,고유어
1,쓰레기통,0,명사,혼종어
1,쓰리다,0,형용사,고유어
1,쓰이다,1,동사,고유어
1,쓴맛,0,명사,고유어
1,쓸다,2,동사,고유어
1,쓸데없다,0,형용사,고유어
1,쓸데없이,0,부사,고유어
1,쓸모,0,명사,고유어
1,쓸쓸하다,0,형용사,고유어
1,씌다,2,동사,고유어
1,씌우다,1,동사,고유어
1,씨,1,명사,고유어
1,씨름,0,명사,고유어
1,씨앗,0,명사,고유어
1,씩씩하다,2,형용사,고유어
1,씹다,0,동사,고유어
1,씻기다,2,동사,고유어
1,씻다,0,동사,고유어
1,씽씽,1,부사,고유어
1,아,2,감탄사,고유어
1,아가,1,명사/감탄사,고유어
1,아기,1,명사,고유어
1,아까,0,명사/부사,고유어
1,아깝다,0,형용사,고유어
1,아끼다,0,동사,고유어
1,아낌없이,0,부사,고유어
1,아내,1,명사,고유어
1,아냐,0,감탄사,고유어
1,아뇨,0,감탄사,고유어
1,아니,1,부사,고유어
1,아니,2,감탄사,고유어
1,아니다,0,형용사,고유어
1,아니야,0,감탄사,고유어
1,아니요,0,감탄사,고유어
1,아니하다,0,보조동사/보조형용사,고유어
1,아들,0,명사,고유어
1,아래,0,명사,고유어
1,아래쪽,0,명사,고유어
1,아래층,0,명사,혼종어
1,아름답다,0,형용사,고유어
1,아마,1,부사,고유어
1,아마도,0,부사,고유어
1,아무,1,대명사/관형사,고유어
1,아무거,0,대명사,고유어
1,아무것,0,대명사,고유어
1,아무래도,0,부사/품사없음,고유어
1,아무런,0,관형사,고유어
1,아무렇다,0,형용사,고유어
1,아무리,0,부사/감탄사,고유어
1,아무튼,0,부사,고유어
1,아물다,0,동사,고유어
1,아버님,0,명사,고유어
1,아버지,0,명사,고유어
1,아빠,0,명사,고유어
1,아쉬움,0,명사,고유어
1,아쉬워하다,0,동사,고유어
1,아쉽다,0,형용사,고유어
1,아슬아슬하다,0,형용사,고유어
1,아아,1,감탄사,고유어
1,아야,1,감탄사,고유어
1,아우,1,명사,고유어
1,아유,1,감탄사,고유어
1,아이,1,명사,고유어
1,아이,2,감탄사,고유어
1,아이고,0,감탄사,고유어
1,아이스크림,0,명사,외래어
1,아저씨,0,명사,고유어
1,아주,1,부사,고유어
1,아주머니,0,명사,고유어
1,아줌마,0,명사,고유어
1,아직,0,부사,고유어
1,아침,0,명사,고유어
1,아침밥,0,명사,고유어
1,아파트,0,명사,외래어
1,아파하다,0,동사,고유어
1,아프다,0,형용사,고유어
1,아픔,0,명사,고유어
1,아하,0,감탄사,고유어
1,아홉,0,수사/관형사,고유어
1,아흔,0,수사/관형사,고유어
1,악,2,감탄사,고유어
1,악기,5,명사,한자어
1,악당,0,명사,한자어
1,악마,2,명사,한자어
1,악몽,0,명사,한자어
1,악수,6,명사,한자어
1,악수하다,0,동사,혼종어
1,악어,2,명사,한자어
1,안,1,명사,고유어
1,안,2,부사,고유어
1,안개,0,명사,고유어
1,안경,3,명사,한자어
1,안과,2,명사,한자어
1,안기다,1,동사,고유어
1,안기다,2,동사,고유어
1,안내,1,명사,한자어
1,안내하다,0,동사,혼종어
1,안녕,0,명사/감탄사,한자어
1,안녕하다,0,형용사,혼종어
1,안녕히,0,부사,혼종어
1,안다,0,동사,고유어
1,안되다,2,형용사,고유어
1,안방,0,명사,혼종어
1,안심,4,명사,한자어
1,안심하다,0,동사,혼종어
1,안쓰럽다,0,형용사,고유어
1,안전,3,명사,한자어
1,안전벨트,0,명사,혼종어
1,안전하다,1,형용사,혼종어
1,안쪽,0,명사,고유어
1,안타깝다,0,형용사,고유어
1,앉다,0,동사/보조동사,고유어
1,앉히다,0,동사,고유어
1,않다,0,동사/보조동사/보조형용사,고유어
1,알,1,명사/의존명사,고유어
1,알다,0,동사,고유어
1,알레르기,0,명사,외래어
1,알록달록하다,0,형용사,고유어
1,알리다,0,동사,고유어
1,알림장,2,명사,혼종어
1,알맞다,0,형용사,고유어
1,알맹이,0,명사,고유어
1,알아내다,0,동사,고유어
1,알아듣다,0,동사,고유어
1,알아보다,0,동사,고유어
1,알아주다,0,동사,고유어
1,알아채다,0,동사,고유어
1,알약,0,명사,혼종어
1,암컷,0,명사,고유어
1,앗,0,감탄사,고유어
1,앞,0,명사,고유어
1,앞길,1,명사,고유어
1,앞니,0,명사,고유어
1,앞두다,0,동사,고유어
1,앞뒤,0,명사,고유어
1,앞면,0,명사,혼종어
1,앞바다,0,명사,고유어
1,앞부분,0,명사,혼종어
1,앞서다,0,동사,고유어
1,앞자리,0,명사,고유어
1,앞장,1,명사,고유어
1,앞장서다,0,동사,고유어
1,앞줄,0,명사,고유어
1,앞집,0,명사,고유어
1,앞쪽,0,명사,고유어
1,애,2,명사,고유어
1,애교,2,명사,한자어
1,애국가,0,명사,한자어
1,애기,1,명사,고유어
1,애벌레,0,명사,고유어
1,애쓰다,0,동사,고유어
1,액자,1,명사,한자어
1,앨범,0,명사,외래어
1,앵무새,0,명사,혼종어
1,야,4,감탄사,고유어
1,야구,2,명사,한자어
1,야구공,0,명사,혼종어
1,야구장,0,명사,한자어
1,야단,1,명사,한자어
1,야옹,1,부사,고유어
1,야옹야옹,0,부사,고유어
1,야옹이,0,명사,고유어
1,야외,0,명사,한자어
1,야채,0,명사,한자어
1,약,7,명사,한자어
1,약간,0,명사/부사,한자어
1,약국,2,명사,한자어
1,약사,4,명사,한자어
1,약속,0,명사,한자어
1,약속하다,0,동사,혼종어
1,약하다,1,형용사,혼종어
1,얇다,0,형용사,고유어
1,얌전하다,0,형용사,고유어
1,얌전히,0,부사,고유어
1,양,3,명사,한자어
1,양,5,관형사,한자어
1,양,18,명사,한자어
1,양념,0,명사,고유어
1,양말,1,명사,한자어
1,양면,0,명사,한자어
1,양보,3,명사,한자어
1,양보하다,0,동사,혼종어
1,양복,0,명사,한자어
1,양손,1,명사,혼종어
1,양쪽,0,명사,혼종어
1,양치,0,명사,고유어
1,양치기,2,명사,혼종어
1,양치질,0,명사,고유어
1,양치질하다,0,동사,고유어
1,양치하다,0,동사,고유어
1,양파,0,명사,혼종어
1,얕다,0,형용사,고유어
1,얘,2,감탄사,고유어
1,얘,3,품사없음,고유어
1,얘기,0,명사,고유어
1,얘기하다,0,동사,고유어
1,어,2,감탄사,고유어
1,어긋나다,0,동사,고유어
1,어기다,1,동사,고유어
1,어깨,1,명사,고유어
1,어느,0,관형사,고유어
1,어느새,0,부사,고유어
1,어둠,0,명사,고유어
1,어둡다,0,형용사,고유어
1,어디,1,대명사/감탄사,고유어
1,어떠하다,0,형용사,고유어
1,어떡하다,0,품사없음,고유어
1,어떤,0,관형사,고유어
1,어떻다,0,형용사,고유어
1,어려움,0,명사,고유어
1,어렵다,0,형용사,고유어
1,어른,1,명사,고유어
1,어리다,3,형용사,고유어
1,어리둥절하다,0,형용사,고유어
1,어리석다,0,형용사,고유어
1,어린아이,0,명사,고유어
1,어린애,0,명사,고유어
1,어린이,1,명사,고유어
1,어린이날,0,명사,고유어
1,어린이집,0,명사,고유어
1,어마어마하다,0,형용사,고유어
1,어머,0,감탄사,고유어
1,어머나,0,감탄사,고유어
1,어머니,1,명사,고유어
1,어머님,0,명사,고유어
1,어미,1,명사,고유어
1,어버이날,0,명사,고유어
1,어부,3,명사,한자어
1,어색하다,2,형용사,혼종어
1,어서,1,부사,고유어
1,어우러지다,0,동사,고유어
1,어울리다,0,동사,고유어
1,어이,5,감탄사,고유어
1,어이구,0,감탄사,고유어
1,어저께,0,명사/부사,고유어
1,어제,1,명사/부사,고유어
1,어젯밤,0,명사,고유어
1,어지럽다,0,형용사,고유어
1,어지럽히다,0,동사,고유어
1,어쨌든,0,부사/품사없음,고유어
1,어쩌다,1,동사,고유어
1,어쩌다,2,부사/품사없음,고유어
1,어쩌다가,0,부사/품사없음,고유어
1,어쩌면,0,부사/감탄사/품사없음,고유어
1,어쩐지,0,부사,고유어
1,어찌,0,부사,고유어
1,어찌나,0,부사,고유어
1,어찌하다,0,동사,고유어
1,어항,1,명사,한자어
1,어허,0,감탄사,고유어
1,어흥,0,부사/감탄사,고유어
1,억,1,감탄사,고유어
1,억울하다,0,형용사,혼종어
1,억지,1,명사,고유어
1,억지로,0,부사,고유어
1,언니,0,명사,고유어
1,언덕,0,명사,고유어
1,언어,1,명사,한자어
1,언제,1,대명사/부사,고유어
1,언제나,0,부사,고유어
1,언젠가,0,부사,고유어
1,얹다,0,동사,고유어
1,얻다,1,동사,고유어
1,얻어맞다,0,동사,고유어
1,얻어먹다,0,동사,고유어
1,얼굴,0,명사,고유어
1,얼다,0,동사,고유어
1,얼룩,0,명사,고유어
1,얼른,2,부사,고유어
1,얼리다,3,동사,고유어
1,얼마,0,명사,고유어
1,얼마나,0,부사,고유어
1,얼어붙다,0,동사,고유어
1,얼음,1,명사,고유어
1,엄마,0,명사,고유어
1,엄지,1,명사,고유어
1,엄지손가락,0,명사,고유어
1,엄청,0,부사,고유어
1,엄청나다,0,형용사,고유어
1,업다,0,동사,고유어
1,업히다,1,동사,고유어
1,없다,0,형용사,고유어
1,없애다,0,동사,고유어
1,없어지다,0,동사,고유어
1,없이,0,부사,고유어
1,엇갈리다,0,동사,고유어
1,엉금엉금,0,부사,고유어
1,엉덩이,0,명사,고유어
1,엉뚱하다,0,형용사,고유어
1,엉망,0,명사,고유어
1,엉망진창,0,명사,고유어
1,엉엉,0,부사,고유어
1,엉터리,0,명사,고유어
1,엊그제,0,명사/부사,고유어
1,엎다,0,동사,고유어
1,엎드리다,0,동사,고유어
1,엎어지다,0,동사,고유어
1,엎지르다,0,동사,고유어
1,에너지,0,명사,외래어
1,에어컨,0,명사,외래어
1,에이,1,감탄사,고유어
1,에잇,0,감탄사,고유어
1,엘리베이터,0,명사,외래어
1,여,5,명사,한자어
1,여기,1,대명사,고유어
1,여기다,0,동사,고유어
1,여기저기,0,명사,고유어
1,여덟,0,수사/관형사,고유어
1,여동생,0,명사,혼종어
1,여든,0,수사/관형사,고유어
1,여러,0,관형사,고유어
1,여러분,0,대명사,고유어
1,여럿,0,명사,고유어
1,여름,0,명사,고유어
1,여름철,0,명사,고유어
1,여보,1,감탄사,고유어
1,여보세요,0,감탄사,고유어
1,여섯,0,수사/관형사,고유어
1,여왕,0,명사,한자어
1,여우,1,명사,고유어
1,여유롭다,0,형용사,혼종어
1,여자,2,명사,한자어
1,여자아이,0,명사,혼종어
1,여쭙다,0,동사,고유어
1,여학생,0,명사,한자어
1,여행,2,명사,한자어
1,여행하다,1,동사,혼종어
1,역,11,명사,한자어
1,역사,3,명사,한자어
1,역시,1,부사,한자어
1,역할,0,명사,한자어
1,엮다,0,동사,고유어
1,연,10,명사,한자어
1,연결,1,명사,한자어
1,연결하다,1,동사,혼종어
1,연극,0,명사,한자어
1,연기,8,명사,한자어
1,연두색,0,명사,한자어
1,연락,2,명사,한자어
1,연락하다,2,동사,혼종어
1,연못,0,명사,혼종어
1,연습,3,명사,한자어
1,연습하다,3,동사,혼종어
1,연약하다,1,형용사,혼종어
1,연주,6,명사,한자어
1,연주하다,3,동사,혼종어
1,연주회,0,명사,한자어
1,연필,0,명사,한자어
1,연하다,1,형용사,혼종어
1,열,3,수사/관형사,고유어
1,열,5,명사,한자어
1,열다,2,동사,고유어
1,열리다,1,동사,고유어
1,열리다,2,동사,고유어
1,열매,1,명사,고유어
1,열쇠,0,명사,고유어
1,열심,0,명사,한자어
1,열심히,0,부사,혼종어
1,열차,2,명사,한자어
1,염색하다,0,동사,혼종어
1,염소,1,명사,고유어
1,엿,1,명사,고유어
1,엿듣다,0,동사,고유어
1,엿보다,0,동사,고유어
1,영,3,부사,고유어
1,영,13,명사,한자어
1,영감,1,명사,한자어
1,영감님,0,명사,혼종어
1,영상,1,명사,한자어
1,영양가,0,명사,한자어
1,영어,2,명사,한자어
1,영웅,0,명사,한자어
1,영원하다,0,형용사,혼종어
1,영원히,0,부사,혼종어
1,영화,1,명사,한자어
1,영화관,1,명사,한자어
1,옆,0,명사,고유어
1,옆구리,0,명사,고유어
1,옆방,0,명사,혼종어
1,옆자리,0,명사,고유어
1,옆집,0,명사,고유어
1,예,6,감탄사,고유어
1,예방,1,명사,한자어
1,예뻐지다,0,동사,고유어
1,예쁘다,0,형용사,고유어
1,예순,0,수사/관형사,고유어
1,예약,0,명사,한자어
1,예약하다,0,동사,혼종어
1,예의,7,명사,한자어
1,예전,1,명사,고유어
1,예절,0,명사,한자어
1,옛,1,관형사,고유어
1,옛날,0,명사,고유어
1,오,2,감탄사,고유어
1,오,4,수사/관형사,한자어
1,오가다,0,동사,고유어
1,오늘,0,명사/부사,고유어
1,오늘날,0,명사,고유어
1,오다,0,동사/보조동사,고유어
1,오뎅,0,명사,외래어
1,오들오들,0,부사,고유어
1,오락실,0,명사,한자어
1,오래,2,부사,고유어
1,오래가다,0,동사,고유어
1,오래간만,0,명사,고유어
1,오래도록,0,부사,고유어
1,오래되다,0,형용사,고유어
1,오래오래,1,부사,고유어
1,오래전,0,명사,혼종어
1,오랜,0,관형사,고유어
1,오랜만,0,명사,고유어
1,오랫동안,0,명사,고유어
1,오렌지,0,명사,외래어
1,오르내리다,0,동사,고유어
1,오르다,0,동사,고유어
1,오르막길,0,명사,고유어
1,오른발,0,명사,고유어
1,오른손,0,명사,고유어
1,오른쪽,0,명사,고유어
1,오른팔,0,명사,고유어
1,오리,3,명사,고유어
1,오리다,1,동사,고유어
1,오빠,0,명사,고유어
1,오십,0,수사/관형사,한자어
1,오염,0,명사,한자어
1,오염되다,0,동사,혼종어
1,오월,1,명사,한자어
1,오이,1,명사,고유어
1,오전,2,명사,한자어
1,오줌,0,명사,고유어
1,오징어,0,명사,고유어
1,오토바이,0,명사,외래어
1,오해,2,명사,한자어
1,오해하다,0,동사,혼종어
1,오후,2,명사,한자어
1,오히려,0,부사,고유어
1,옥상,3,명사,한자어
1,옥수수,0,명사,고유어
1,온,1,관형사,고유어
1,온갖,0,관형사,고유어
1,온도,0,명사,한자어
1,온몸,0,명사,고유어
1,온통,0,명사/부사,고유어
1,올라가다,0,동사,고유어
1,올라서다,0,동사,고유어
1,올라오다,0,동사,고유어
1,올라타다,0,동사,고유어
1,올려놓다,0,동사,고유어
1,올려다보다,0,동사,고유어
1,올리다,0,동사,고유어
1,올림픽,0,명사,외래어
1,올바르다,0,형용사,고유어
1,올챙이,0,명사,고유어
1,옮기다,0,동사,고유어
1,옳다,1,형용사,고유어
1,옷,0,명사,고유어
1,옷차림,0,명사,고유어
1,와,2,부사/감탄사,고유어
1,와르르,0,부사,고유어
1,와이셔츠,0,명사,외래어
1,완벽하다,0,형용사,혼종어
1,완성,1,명사,한자어
1,완성되다,0,동사,혼종어
1,완성하다,1,동사,혼종어
1,완전,1,명사,한자어
1,완전히,0,부사,혼종어
1,왕,4,명사,한자어
1,왕거미,0,명사,혼종어
1,왕비,0,명사,한자어
1,왕자,1,명사,한자어
1,왜,2,부사/감탄사,고유어
1,왜냐하면,0,부사,고유어
1,왠지,0,부사,고유어
1,외갓집,0,명사,혼종어
1,외계인,0,명사,한자어
1,외국,2,명사,한자어
1,외국인,0,명사,한자어
1,외로움,0,명사,고유어
1,외롭다,0,형용사,고유어
1,외부,2,명사,한자어
1,외삼촌,0,명사,한자어
1,외숙모,0,명사,한자어
1,외식,2,명사,한자어
1,외우다,0,동사,고유어
1,외출,0,명사,한자어
1,외출하다,0,동사,혼종어
1,외치다,1,동사,고유어
1,외할머니,0,명사,혼종어
1,외할아버지,0,명사,혼종어
1,왼발,0,명사,고유어
1,왼손,0,명사,고유어
1,왼쪽,0,명사,고유어
1,왼팔,0,명사,고유어
1,요,3,관형사,고유어
1,요거,1,대명사,고유어
1,요것,0,대명사,고유어
1,요구르트,0,명사,외래어
1,요기,1,대명사,고유어
1,요란하다,1,형용사,혼종어
1,요런,1,관형사/품사없음,고유어
1,요리,1,부사,고유어
1,요리,5,명사,한자어
1,요리사,0,명사,한자어
1,요리조리,2,부사,고유어
1,요리하다,2,동사,혼종어
1,요번,0,명사,혼종어
1,요사이,0,명사,고유어
1,요새,1,명사,고유어
1,요술,0,명사,한자어
1,요일,0,명사,한자어
1,요정,2,명사,한자어
1,요즈음,0,명사,고유어
1,요즘,0,명사,고유어
1,욕,2,명사,한자어
1,욕실,0,명사,한자어
1,욕심,0,명사,한자어
1,욕심꾸러기,0,명사,혼종어
1,욕조,0,명사,한자어
1,욕하다,0,동사,혼종어
1,용,8,명사,한자어
1,용감하다,0,형용사,혼종어
1,용궁,0,명사,한자어
1,용기,2,명사,한자어
1,용돈,0,명사,혼종어
1,용서,1,명사,한자어
1,용서하다,0,동사,혼종어
1,우기다,0,동사,고유어
1,우뚝,0,부사,고유어
1,우렁차다,0,형용사,고유어
1,우르르,0,부사,고유어
1,우리,1,명사,고유어
1,우리,3,대명사,고유어
1,우리나라,0,명사,고유어
1,우리말,0,명사,고유어
1,우물,1,명사,고유어
1,우산,1,명사,한자어
1,우선,2,부사,한자어
1,우선,7,명사,한자어
1,우수하다,2,형용사,혼종어
1,우습다,0,형용사,고유어
1,우승,5,명사,한자어
1,우승하다,0,동사/형용사,혼종어
1,우연,2,명사,한자어
1,우연히,0,부사,혼종어
1,우울하다,0,형용사,혼종어
1,우유,1,명사,한자어
1,우정,1,명사,한자어
1,우주,2,명사,한자어
1,우주선,1,명사,한자어
1,우주인,0,명사,한자어
1,우체국,0,명사,한자어
1,우체통,0,명사,한자어
1,우표,0,명사,한자어
1,운,6,명사,한자어
1,운동,2,명사,한자어
1,운동장,0,명사,한자어
1,운동하다,0,동사,혼종어
1,운동화,0,명사,한자어
1,운동회,0,명사,한자어
1,운전,2,명사,한자어
1,운전기사,0,명사,한자어
1,운전사,0,명사,한자어
1,운전하다,0,동사,혼종어
1,울다,1,동사,고유어
1,울리다,2,동사,고유어
1,울부짖다,0,동사,고유어
1,울상,0,명사,혼종어
1,울음,0,명사,고유어
1,울음보,0,명사,고유어
1,울음소리,0,명사,고유어
1,울타리,0,명사,고유어
1,울퉁불퉁하다,0,형용사,고유어
1,움직이다,0,동사,고유어
1,움직임,0,명사,고유어
1,웃기다,0,동사,고유어
1,웃다,0,동사,고유어
1,웃음,0,명사,고유어
1,웃음소리,0,명사,고유어
1,웅크리다,0,동사,고유어
1,원,1,의존명사,고유어
1,원,2,감탄사,고유어
1,원래,1,명사/부사,한자어
1,원숭이,0,명사,고유어
1,원인,2,명사,한자어
1,원장,7,명사,한자어
1,원피스,0,명사,외래어
1,원하다,2,동사,혼종어
1,월,2,명사/의존명사,한자어
1,월,3,명사,한자어
1,월요일,0,명사,한자어
1,웬,0,관형사,고유어
1,웬일,0,명사,고유어
1,위,1,명사,고유어
1,위,5,의존명사,한자어
1,위대하다,1,형용사,혼종어
1,위로,2,명사,한자어
1,위로하다,0,동사,혼종어
1,위쪽,0,명사,고유어
1,위층,0,명사,혼종어
1,위치,1,명사,한자어
1,위하다,0,동사,혼종어
1,위험,0,명사,한자어
1,위험하다,0,형용사,혼종어
1,윙크,0,명사,외래어
1,유령,2,명사,한자어
1,유리,7,명사,한자어
1,유리창,1,명사,한자어
1,유명,1,명사,한자어
1,유명하다,1,형용사,혼종어
1,유연하다,4,형용사,혼종어
1,유월,1,명사,한자어
1,유치원,0,명사,한자어
1,유치원생,0,명사,한자어
1,유행,2,명사,한자어
1,유행하다,1,동사,혼종어
1,육,2,수사/관형사,한자어
1,육십,0,수사/관형사,한자어
1,육지,2,명사,한자어
1,율동,0,명사,한자어
1,윷놀이,0,명사,고유어
1,으뜸,0,명사,고유어
1,으르렁,0,부사,고유어
1,으르렁거리다,0,동사,고유어
1,은,3,명사,한자어
1,은행,2,명사,한자어
1,은행나무,0,명사,혼종어
1,은혜,0,명사,한자어
1,음,1,감탄사,고유어
1,음,3,명사,한자어
1,음료,0,명사,한자어
1,음료수,0,명사,한자어
1,음매,1,부사,고유어
1,음식,0,명사,한자어
1,음식물,0,명사,한자어
1,음식점,0,명사,한자어
1,음악,1,명사,한자어
1,음악회,0,명사,한자어
1,응,1,감탄사,고유어
1,응급실,0,명사,한자어
1,응원,0,명사,한자어
1,응원단,0,명사,한자어
1,응원하다,0,동사,혼종어
1,의견,1,명사,한자어
1,의논,0,명사,한자어
1,의논하다,0,동사,혼종어
1,의미,2,명사,한자어
1,의사,12,명사,한자어
1,의상,1,명사,한자어
1,의심,3,명사,한자어
1,의자,3,명사,한자어
1,의젓하다,0,형용사,고유어
1,이,3,명사,고유어
1,이,5,대명사/관형사,고유어
1,이,7,수사/관형사,한자어
1,이거,1,대명사,고유어
1,이것,0,대명사,고유어
1,이것저것,0,명사,고유어
1,이곳,0,대명사,고유어
1,이곳저곳,0,명사,고유어
1,이기다,1,동사,고유어
1,이끌다,0,동사,고유어
1,이날,0,명사,고유어
1,이놈,0,대명사,고유어
1,이다,3,조사,고유어
1,이다음,0,명사,고유어
1,이달,1,명사,고유어
1,이대로,0,부사,고유어
1,이동,3,명사,한자어
1,이동하다,0,동사,혼종어
1,이따,0,부사,고유어
1,이따가,0,부사,고유어
1,이때,0,명사,고유어
1,이러다,0,동사,고유어
1,이러이러하다,0,형용사,고유어
1,이러하다,0,형용사,고유어
1,이런,1,관형사/품사없음,고유어
1,이런,2,감탄사,고유어
1,이렇게,0,품사없음,고유어
1,이렇다,0,형용사,고유어
1,이롭다,0,형용사,혼종어
1,이루다,0,동사,고유어
1,이루어지다,0,동사,고유어
1,이뤄지다,0,동사,고유어
1,이르다,1,동사,고유어
1,이르다,2,동사,고유어
1,이르다,3,형용사,고유어
1,이름,0,명사,고유어
1,이리,3,부사,고유어
1,이리로,0,부사,고유어
1,이리저리,2,부사,고유어
1,이리하다,1,동사,고유어
1,이마,1,명사,고유어
1,이만,2,부사,고유어
1,이만큼,0,부사/명사,고유어
1,이모,2,명사,한자어
1,이모부,0,명사,한자어
1,이미,1,부사,고유어
1,이번,1,명사,혼종어
1,이별,0,명사,한자어
1,이분,1,대명사,고유어
1,이불,1,명사,고유어
1,이비인후과,0,명사,한자어
1,이빨,0,명사,고유어
1,이쁘다,0,형용사,고유어
1,이사,13,명사,한자어
1,이사하다,1,동사,혼종어
1,이삿짐,0,명사,혼종어
1,이상,4,명사,한자어
1,이상,9,명사,한자어
1,이상하다,0,형용사,혼종어
1,이슬,0,명사,고유어
1,이십,0,수사/관형사,한자어
1,이야기,0,명사,고유어
1,이야기하다,0,동사,고유어
1,이어,1,부사,고유어
1,이어서,0,부사,고유어
1,이어지다,0,동사,고유어
1,이용하다,1,동사,혼종어
1,이웃,0,명사,고유어
1,이웃집,0,명사,고유어
1,이월,1,명사,한자어
1,이유,4,명사,한자어
1,이전,3,명사,한자어
1,이제,1,명사/부사,고유어
1,이제야,0,부사,고유어
1,이쪽,2,대명사,고유어
1,이층집,0,명사,혼종어
1,이튿날,0,명사,고유어
1,이틀,1,명사,고유어
1,이해,5,명사,한자어
1,이해하다,2,동사,혼종어
1,이후,2,명사,한자어
1,익다,1,동사,고유어
1,익다,2,형용사,고유어
1,익히다,2,동사,고유어
1,인간,1,명사,한자어
1,인기,1,명사,한자어
1,인사,2,명사,한자어
1,인사말,0,명사,혼종어
1,인사하다,0,동사,혼종어
1,인삼,0,명사,한자어
1,인생,1,명사,한자어
1,인쇄,0,명사,한자어
1,인어,1,명사,한자어
1,인정,3,명사,한자어
1,인정,7,명사,한자어
1,인제,1,명사/부사,고유어
1,인터넷,0,명사,외래어
1,인형,1,명사,한자어
1,일,1,명사,고유어
1,일,3,수사/관형사,한자어
1,일,4,명사,한자어
1,일,5,명사/의존명사,한자어
1,일거리,0,명사,고유어
1,일곱,0,수사/관형사,고유어
1,일기,12,명사,한자어
1,일기장,0,명사,한자어
1,일꾼,0,명사,고유어
1,일단,1,부사,한자어
1,일등,0,명사,한자어
1,일부,2,명사,한자어
1,일부러,0,부사,고유어
1,일부분,0,명사,한자어
1,일어나다,0,동사,고유어
1,일어서다,0,동사,고유어
1,일요일,0,명사,한자어
1,일월,1,명사,한자어
1,일으키다,0,동사,고유어
1,일일,1,명사,한자어
1,일일이,2,부사,혼종어
1,일주일,0,명사,한자어
1,일찍,0,부사,고유어
1,일터,0,명사,고유어
1,일하다,0,동사,고유어
1,일흔,0,수사/관형사,고유어
1,읽기,0,명사,고유어
1,읽다,0,동사,고유어
1,읽히다,1,동사,고유어
1,잃다,0,동사,고유어
1,잃어버리다,0,동사,고유어
1,임금,1,명사,고유어
1,임금님,0,명사,고유어
1,임신,2,명사,한자어
1,임신하다,0,동사,혼종어
1,입,0,명사,고유어
1,입가,0,명사,고유어
1,입구,2,명사,한자어
1,입김,0,명사,고유어
1,입다,0,동사,고유어
1,입맛,0,명사,고유어
1,입술,0,명사,고유어
1,입원,1,명사,한자어
1,입원하다,1,동사,혼종어
1,입장,2,명사,한자어
1,입장권,0,명사,한자어
1,입장하다,2,동사,혼종어
1,입학,0,명사,한자어
1,입학식,0,명사,한자어
1,입학하다,0,동사,혼종어
1,입히다,0,동사,고유어
1,잇다,1,동사,고유어
1,있다,1,동사/형용사/보조동사,고유어
1,잉크,0,명사,외래어
1,잊다,0,동사,고유어
1,잊어버리다,0,동사,고유어
1,잎,1,명사,고유어
1,잎사귀,0,명사,고유어
1,자,1,명사,고유어
1,자,4,감탄사,고유어
1,자,11,명사,한자어
1,자,14,의존명사,한자어
1,자갈,1,명사,고유어
1,자국,1,명사,고유어
1,자그마하다,0,형용사,고유어
1,자기,2,명사/대명사,한자어
1,자꾸,1,부사,고유어
1,자꾸만,0,부사,고유어
1,자꾸자꾸,0,부사,고유어
1,자다,1,동사,고유어
1,자동,1,명사,한자어
1,자동문,0,명사,한자어
1,자동차,0,명사,한자어
1,자두,0,명사,고유어
1,자라나다,0,동사,고유어
1,자라다,1,동사,고유어
1,자랑,1,명사,고유어
1,자랑스럽다,0,형용사,고유어
1,자랑하다,1,동사,고유어
1,자료,3,명사,한자어
1,자루,1,명사,고유어
1,자르다,1,동사,고유어
1,자리,1,명사,고유어
1,자물쇠,0,명사,고유어
1,자빠지다,0,동사/보조동사,고유어
1,자상하다,1,형용사,혼종어
1,자석,3,명사,한자어
1,자세,2,명사,한자어
1,자세하다,1,형용사,혼종어
1,자세히,0,부사,혼종어
1,자신,1,명사,한자어
1,자신,2,명사,한자어
1,자신감,0,명사,한자어
1,자신만만하다,0,형용사,혼종어
1,자연,1,명사/부사,한자어
1,자연스럽다,0,형용사,혼종어
1,자유롭다,0,형용사,혼종어
1,자장가,0,명사,혼종어
1,자장면,0,명사,외래어
1,자전거,0,명사,한자어
1,자주,1,부사,고유어
1,작가,1,명사,한자어
1,작년,0,명사,한자어
1,작다,1,형용사,고유어
1,작동,1,명사,한자어
1,작아지다,0,동사,고유어
1,작은딸,0,명사,고유어
1,작은아들,0,명사,고유어
1,작은아빠,0,명사,고유어
1,작은엄마,0,명사,고유어
1,작전,1,명사,한자어
1,잔,2,명사,한자어
1,잔디,0,명사,고유어
1,잔디밭,0,명사,고유어
1,잔뜩,0,부사,고유어
1,잔소리,0,명사,고유어
1,잔인하다,0,형용사,혼종어
1,잔잔하다,1,형용사,고유어
1,잔치,1,명사,고유어
1,잘,2,부사,고유어
1,잘나다,0,동사,고유어
1,잘다,0,형용사,고유어
1,잘되다,0,동사,고유어
1,잘리다,1,동사,고유어
1,잘못,0,명사/부사,고유어
1,잘못되다,0,동사,고유어
1,잘못하다,0,동사,고유어
1,잘살다,0,동사,고유어
1,잘생기다,0,동사,고유어
1,잘하다,0,동사,고유어
1,잠,1,명사,고유어
1,잠그다,1,동사,고유어
1,잠기다,1,동사,고유어
1,잠기다,2,동사,고유어
1,잠깐,0,명사/부사,고유어
1,잠꼬대,0,명사,고유어
1,잠꾸러기,0,명사,고유어
1,잠들다,0,동사,고유어
1,잠바,0,명사,외래어
1,잠시,0,명사/부사,한자어
1,잠옷,0,명사,고유어
1,잠자다,0,동사,고유어
1,잠자리,1,명사,고유어
1,잠자리,2,명사,고유어
1,잡다,1,동사,고유어
1,잡수다,0,동사,고유어
1,잡아가다,0,동사,고유어
1,잡아당기다,0,동사,고유어
1,잡아먹다,0,동사,고유어
1,잡채,0,명사,한자어
1,잡혀가다,0,동사,고유어
1,잡히다,2,동사,고유어
1,장,17,의존명사,한자어
1,장갑,1,명사,한자어
1,장구,1,명사,고유어
1,장군,4,명사,한자어
1,장난,0,명사,고유어
1,장난감,0,명사,고유어
1,장난꾸러기,0,명사,고유어
1,장난치다,0,동사,고유어
1,장난하다,0,동사,고유어
1,장님,0,명사,고유어
1,장마,1,명사,고유어
1,장면,4,명사,한자어
1,장미,5,명사,한자어
1,장미꽃,0,명사,혼종어
1,장바구니,0,명사,혼종어
1,장사하다,1,동사,고유어
1,장소,5,명사,한자어
1,장수,1,명사,고유어
1,장식,5,명사,한자어
1,장식품,0,명사,한자어
1,장식하다,3,동사,혼종어
1,장애물,0,명사,한자어
1,장애인,0,명사,한자어
1,장점,2,명사,한자어
1,장화,2,명사,한자어
1,재,1,명사,고유어
1,재난,0,명사,한자어
1,재다,2,동사,고유어
1,재료,1,명사,한자어
1,재미,1,명사,고유어
1,재미나다,0,동사,고유어
1,재미없다,0,형용사,고유어
1,재미있다,0,형용사,고유어
1,재빠르다,0,형용사,고유어
1,재빨리,0,부사,고유어
1,재우다,3,동사,고유어
1,재주,1,명사,고유어
1,재채기,0,명사,고유어
1,재채기하다,0,동사,고유어
1,저,3,대명사,고유어
1,저,4,대명사/관형사,고유어
1,저거,0,대명사,고유어
1,저것,0,대명사,고유어
1,저곳,0,대명사,고유어
1,저금,0,명사,한자어
1,저금통,0,명사,한자어
1,저금하다,0,동사,혼종어
1,저기,1,대명사,고유어
1,저기,2,감탄사,고유어
1,저녁,0,명사,고유어
1,저녁때,0,명사,고유어
1,저녁밥,0,명사,고유어
1,저놈,0,대명사,고유어
1,저러다,0,동사,고유어
1,저런,1,관형사/품사없음,고유어
1,저렇게,0,품사없음,고유어
1,저렇다,0,형용사,고유어
1,저리,1,부사,고유어
1,저리,2,부사,고유어
1,저리다,0,형용사/동사,고유어
1,저물다,0,동사,고유어
1,저번,0,명사,혼종어
1,저분,0,대명사,고유어
1,저수지,0,명사,한자어
1,저장,3,명사,한자어
1,저절로,0,부사,고유어
1,저쪽,0,대명사,고유어
1,저축,3,명사,한자어
1,저희,1,대명사,고유어
1,적,3,의존명사,고유어
1,적,11,명사,한자어
1,적다,1,동사,고유어
1,적다,2,형용사,고유어
1,적당하다,2,형용사,혼종어
1,적당히,0,부사,혼종어
1,적시다,0,동사,고유어
1,적어도,0,부사,고유어
1,적어지다,0,동사,고유어
1,적응하다,2,동사,혼종어
1,적히다,0,동사,고유어
1,전,6,관형사,한자어
1,전,7,명사/관형사,한자어
1,전기,14,명사,한자어
1,전날,0,명사,혼종어
1,전달,3,명사,한자어
1,전달하다,2,동사,혼종어
1,전등,7,명사,한자어
1,전망대,0,명사,한자어
1,전봇대,0,명사,혼종어
1,전부,5,명사/부사,한자어
1,전시,4,명사,한자어
1,전시되다,0,동사,혼종어
1,전시장,0,명사,한자어
1,전시회,0,명사,한자어
1,전염병,0,명사,한자어
1,전자레인지,0,명사,혼종어
1,전쟁,0,명사,한자어
1,전쟁터,0,명사,혼종어
1,전쟁하다,0,동사,혼종어
1,전철,4,명사,한자어
1,전체,1,명사,한자어
1,전통,5,명사,한자어
1,전투기,3,명사,한자어
1,전하다,0,동사,혼종어
1,전혀,1,부사,혼종어
1,전화,7,명사,한자어
1,전화기,0,명사,한자어
1,전화번호,0,명사,한자어
1,전화하다,2,동사,혼종어
1,절,1,명사,고유어
1,절,2,명사,고유어
1,절대,4,명사/부사,한자어
1,절대로,0,부사,혼종어
1,절반,0,명사,한자어
1,절벽,0,명사,한자어
1,절약,0,명사,한자어
1,절약하다,0,동사,혼종어
1,절하다,1,동사,고유어
1,젊다,0,형용사,고유어
1,젊은이,0,명사,고유어
1,젊음,0,명사,고유어
1,점,10,명사/의존명사,한자어
1,점검,0,명사,한자어
1,점수,6,명사,한자어
1,점심,0,명사,한자어
1,점심때,0,명사,혼종어
1,점심밥,0,명사,혼종어
1,점심시간,0,명사,한자어
1,점점,1,부사,한자어
1,접다,0,동사,고유어
1,접시,0,명사,고유어
1,젓가락,0,명사,고유어
1,젓가락질,0,명사,고유어
1,젓다,0,동사,고유어
1,정,17,명사,한자어
1,정거장,0,명사,한자어
1,정글,0,명사,외래어
1,정답,0,명사,한자어
1,정도,11,명사,한자어
1,정돈,2,명사,한자어
1,정들다,0,동사,혼종어
1,정류장,0,명사,한자어
1,정리,9,명사,한자어
1,정리되다,0,동사,혼종어
1,정리하다,0,동사,혼종어
1,정말,1,명사/부사/감탄사,혼종어
1,정말로,0,부사,혼종어
1,정면,1,명사,한자어
1,정문,3,명사,한자어
1,정반대,0,명사,한자어
1,정상,2,명사,한자어
1,정성,11,명사,한자어
1,정성스럽다,0,형용사,혼종어
1,정신,12,명사,한자어
1,정신없이,0,부사,혼종어
1,정원,6,명사,한자어
1,정육점,0,명사,한자어
1,정지,5,명사,한자어
1,정지되다,1,동사,혼종어
1,정지하다,1,동사,혼종어
1,정직하다,1,형용사,혼종어
1,정하다,3,동사,혼종어
1,정확하다,1,형용사,혼종어
1,정확히,1,부사,혼종어
1,젖,0,명사,고유어
1,젖다,1,동사,고유어
1,젖소,0,명사,고유어
1,젖히다,1,동사/보조동사,고유어
1,제,1,대명사,고유어
1,제,24,품사없음,고유어
1,제거,3,명사,한자어
1,제거하다,0,동사,혼종어
1,제대로,0,부사,고유어
1,제때,0,명사,고유어
1,제멋대로,0,부사,고유어
1,제목,2,명사,한자어
1,제발,1,부사,고유어
1,제일,4,명사/부사,한자어
1,제자리,0,명사,고유어
1,제정신,0,명사,혼종어
1,제품,2,명사,한자어
1,젤리,0,명사,외래어
1,조,2,관형사,고유어
1,조,14,명사/의존명사,한자어
1,조각,1,명사,고유어
1,조각,5,명사,한자어
1,조개,1,명사,고유어
1,조그마하다,0,형용사,고유어
1,조그맣다,0,형용사,고유어
1,조금,1,명사/부사,고유어
1,조금씩,0,부사,고유어
1,조끼,1,명사,외래어
1,조르다,2,동사,고유어
1,조립,2,명사,한자어
1,조립하다,0,동사,혼종어
1,조명,6,명사,한자어
1,조사,29,명사,한자어
1,조사하다,12,동사,혼종어
1,조상,7,명사,한자어
1,조심,2,명사,한자어
1,조심스레,0,부사,혼종어
1,조심조심,0,부사,한자어
1,조심하다,2,동사,혼종어
1,조심히,0,부사,혼종어
1,조용하다,1,형용사,고유어
1,조용히,0,부사,고유어
1,조이다,0,동사,고유어
1,조절,2,명사,한자어
1,조절하다,2,동사,혼종어
1,조종,6,명사,한자어
1,조종사,0,명사,한자어
1,조종하다,0,동사,혼종어
1,조직,0,명사,한자어
1,조카,0,명사,고유어
1,존경,0,명사,한자어
1,존경하다,0,동사,혼종어
1,존댓말,0,명사,혼종어
1,존중,0,명사,한자어
1,존중하다,0,동사/형용사,혼종어
1,졸다,1,동사,고유어
1,졸리다,1,동사/형용사,고유어
1,졸업,0,명사,한자어
1,졸업생,0,명사,한자어
1,졸업식,0,명사,한자어
1,졸업하다,0,동사,혼종어
1,졸음,1,명사,고유어
1,졸졸,0,부사,고유어
1,좀,2,부사,고유어
1,좀처럼,0,부사,고유어
1,좁다,0,형용사,고유어
1,좁히다,1,동사,고유어
1,종,13,명사,한자어
1,종교,0,명사,한자어
1,종류별,0,명사,한자어
1,종소리,0,명사,혼종어
1,종아리,0,명사,고유어
1,종이,1,명사,고유어
1,종이배,0,명사,고유어
1,종이비행기,0,명사,혼종어
1,종이접기,0,명사,고유어
1,종합,0,명사,한자어
1,좋다,0,형용사,고유어
1,좋아지다,0,동사,고유어
1,좋아하다,0,동사,고유어
1,좌석,0,명사,한자어
1,좌우,1,명사,한자어
1,죄,2,명사,한자어
1,죄송하다,0,형용사,혼종어
1,죄인,0,명사,한자어
1,주,24,명사/의존명사,한자어
1,주고받다,0,동사,고유어
1,주다,1,동사/보조동사,고유어
1,주렁주렁,0,부사,고유어
1,주로,1,부사,혼종어
1,주름,1,명사,고유어
1,주말,2,명사,한자어
1,주머니,0,명사,고유어
1,주먹,0,명사,고유어
1,주먹밥,0,명사,고유어
1,주무르다,0,동사,고유어
1,주무시다,0,동사,고유어
1,주문,4,명사,한자어
1,주문하다,1,동사,혼종어
1,주방,5,명사,한자어
1,주변,2,명사,한자어
1,주부,3,명사,한자어
1,주사,13,명사,한자어
1,주사기,0,명사,한자어
1,주사위,0,명사,고유어
1,주소,1,명사,한자어
1,주스,0,명사,외래어
1,주어지다,0,동사,고유어
1,주위,2,명사,한자어
1,주유소,0,명사,한자어
1,주의,7,명사,한자어
1,주의하다,1,동사,혼종어
1,주인,1,명사,한자어
1,주인공,0,명사,한자어
1,주일,3,명사/의존명사,한자어
1,주저앉다,0,동사,고유어
1,주전자,0,명사,한자어
1,주차,4,명사,한자어
1,주차장,0,명사,한자어
1,주택,0,명사,한자어
1,주황,1,명사,한자어
1,주황색,0,명사,한자어
1,죽,6,명사,한자어
1,죽다,1,동사/보조형용사,고유어
1,죽음,1,명사,고유어
1,죽이다,1,동사,고유어
1,준비,0,명사,한자어
1,준비되다,0,동사,혼종어
1,준비물,0,명사,한자어
1,준비하다,0,동사,혼종어
1,줄,1,명사/의존명사,고유어
1,줄,4,의존명사,고유어
1,줄기,1,명사,고유어
1,줄넘기,0,명사,고유어
1,줄다,0,동사,고유어
1,줄어들다,0,동사,고유어
1,줄이다,0,동사,고유어
1,줄줄,0,부사,고유어
1,줄줄이,0,부사,고유어
1,줍다,0,동사,고유어
1,중간,1,명사,한자어
1,중국집,0,명사,혼종어
1,중단되다,0,동사,혼종어
1,중심,1,명사,한자어
1,중얼거리다,0,동사,고유어
1,중요,2,명사,한자어
1,중요성,0,명사,한자어
1,중요하다,2,형용사,혼종어
1,쥐,2,명사,고유어
1,쥐다,1,동사,고유어
1,즈음,0,의존명사,고유어
1,즐거움,0,명사,고유어
1,즐거워하다,0,동사,고유어
1,즐겁다,0,형용사,고유어
1,즐기다,1,동사,고유어
1,증거,0,명사,한자어
1,지,2,의존명사,고유어
1,지각,5,명사,한자어
1,지갑,3,명사,한자어
1,지겹다,0,형용사,고유어
1,지구,3,명사,한자어
1,지구,4,명사,한자어
1,지금,2,명사/부사,한자어
1,지금껏,0,부사,혼종어
1,지나가다,0,동사,고유어
1,지나다,0,동사,고유어
1,지나오다,0,동사,고유어
1,지나치다,0,동사/형용사,고유어
1,지난날,0,명사,고유어
1,지난달,0,명사,고유어
1,지난번,0,명사,혼종어
1,지난주,0,명사,혼종어
1,지난해,0,명사,고유어
1,지내다,0,동사,고유어
1,지니다,0,동사,고유어
1,지다,2,동사,고유어
1,지다,3,동사,고유어
1,지다,4,동사/보조동사,고유어
1,지다,5,동사,고유어
1,지도,3,명사,한자어
1,지렁이,0,명사,고유어
1,지루하다,0,형용사,고유어
1,지르다,2,동사,고유어
1,지르다,3,동사,고유어
1,지름길,0,명사,고유어
1,지방,4,명사,한자어
1,지방,7,명사,한자어
1,지붕,0,명사,고유어
1,지식,2,명사,한자어
1,지어내다,0,동사,고유어
1,지옥,0,명사,한자어
1,지우개,0,명사,고유어
1,지우다,1,동사,고유어
1,지은이,0,명사,고유어
1,지저분하다,0,형용사,고유어
1,지진,2,명사,한자어
1,지치다,1,동사,고유어
1,지켜보다,0,동사,고유어
1,지키다,0,동사,고유어
1,지팡이,0,명사,고유어
1,지퍼,0,명사,외래어
1,지폐,0,명사,한자어
1,지푸라기,0,명사,고유어
1,지하,0,명사,한자어
1,지하도,0,명사,한자어
1,지하실,0,명사,한자어
1,지하철,0,명사,한자어
1,지하철역,0,명사,한자어
1,지혜,2,명사,한자어
1,지혜롭다,0,형용사,혼종어
1,직업,0,명사,한자어
1,직접,0,명사/부사,한자어
1,진달래,0,명사,고유어
1,진료,0,명사,한자어
1,진실,2,명사,한자어
1,진실하다,0,형용사,혼종어
1,진심,1,명사,한자어
1,진주,4,명사,한자어
1,진짜,0,명사/부사,혼종어
1,진짜로,0,부사,혼종어
1,진찰,2,명사,한자어
1,진하다,1,형용사,혼종어
1,진흙,0,명사,고유어
1,질기다,0,형용사,고유어
1,질리다,1,동사,고유어
1,질문,0,명사,한자어
1,질문하다,0,동사,혼종어
1,질서,3,명사,한자어
1,질질,1,부사,고유어
1,질투,0,명사,한자어
1,짊어지다,0,동사,고유어
1,짐,1,명사,고유어
1,짐승,0,명사,고유어
1,짐작,0,명사,한자어
1,집,1,명사,고유어
1,집게,1,명사,고유어
1,집다,0,동사,고유어
1,집안,1,명사,고유어
1,집안일,0,명사,고유어
1,집어넣다,0,동사,고유어
1,집주인,0,명사,혼종어
1,집중,2,명사,한자어
1,집중하다,2,동사,혼종어
1,집집,0,명사,고유어
1,짓,1,명사,고유어
1,짓다,1,동사,고유어
1,짓밟다,0,동사,고유어
1,징,2,명사,고유어
1,징그럽다,0,형용사,고유어
1,짖다,0,동사,고유어
1,짙다,2,형용사,고유어
1,짚,0,명사,고유어
1,짜다,1,동사,고유어
1,짜다,2,동사,고유어
1,짜다,3,형용사,고유어
1,짜장면,0,명사,외래어
1,짜증,0,명사,고유어
1,짝,1,명사,고유어
1,짝꿍,0,명사,고유어
1,짧다,0,형용사,고유어
1,짧아지다,0,동사,고유어
1,짭짤하다,0,형용사,고유어
1,쨍그랑,0,부사,고유어
1,쨍쨍,2,부사,고유어
1,쪼가리,0,명사,고유어
1,쪼개다,0,동사,고유어
1,쪼개지다,0,동사,고유어
1,쪼금,0,명사/부사,고유어
1,쪼다,2,동사,고유어
1,쪽,2,명사,고유어
1,쪽,3,명사/의존명사,고유어
1,쪽,5,의존명사,고유어
1,쪽,6,부사,고유어
1,쪽지,0,명사,혼종어
1,쫓겨나다,0,동사,고유어
1,쫓기다,0,동사,고유어
1,쫓다,0,동사,고유어
1,쫓아가다,0,동사,고유어
1,쫓아내다,0,동사,고유어
1,쫓아다니다,0,동사,고유어
1,쫓아오다,0,동사,고유어
1,쫙,0,부사,고유어
1,쭉,0,부사,고유어
1,쭉쭉,0,부사,고유어
1,찌개,1,명사,고유어
1,찌그러지다,0,동사,고유어
1,찌꺼기,0,명사,고유어
1,찌다,1,동사,고유어
1,찌르다,0,동사,고유어
1,찌푸리다,0,동사,고유어
1,찍다,1,동사,고유어
1,찍다,2,동사,고유어
1,찍히다,2,동사,고유어
1,찔끔,1,부사,고유어
1,찔리다,0,동사,고유어
1,찡그리다,0,동사,고유어
1,찢기다,1,동사,고유어
1,찢다,0,동사,고유어
1,찢어지다,0,동사,고유어
1,찧다,0,동사,고유어
1,차,6,명사,한자어
1,차가워지다,0,동사,고유어
1,차갑다,0,형용사,고유어
1,차곡차곡,0,부사,고유어
1,차근차근,2,부사,고유어
1,차다,1,동사,고유어
1,차다,2,동사,고유어
1,차다,3,동사,고유어
1,차다,4,형용사,고유어
1,차도,1,명사,한자어
1,차라리,0,부사,고유어
1,차례,2,명사,한자어
1,차례차례,0,부사,한자어
1,차리다,0,동사,고유어
1,차별,0,명사,한자어
1,차별하다,0,동사,혼종어
1,차분하다,1,형용사,고유어
1,차분히,0,부사,고유어
1,차비,2,명사,한자어
1,차이,0,명사,한자어
1,차이다,0,동사,고유어
1,차이점,0,명사,한자어
1,차지,1,명사,고유어
1,차지하다,1,동사,고유어
1,착각,3,명사,한자어
1,착각하다,0,동사,혼종어
1,착륙,0,명사,한자어
1,착착,3,부사,한자어
1,착하다,0,형용사,고유어
1,찬물,1,명사,고유어
1,찬바람,0,명사,고유어
1,찬성,1,명사,한자어
1,찬성하다,0,동사,혼종어
1,참,1,명사/부사/감탄사,고유어
1,참,3,명사/의존명사,고유어
1,참견,0,명사,한자어
1,참고,1,명사,한자어
1,참고하다,0,동사,혼종어
1,참기름,0,명사,고유어
1,참깨,0,명사,고유어
1,참다,0,동사,고유어
1,참새,1,명사,고유어
1,참외,1,명사,고유어
1,참을성,0,명사,혼종어
1,참치,1,명사,고유어
1,찻길,0,명사,혼종어
1,창,7,명사,한자어
1,창가,1,명사,혼종어
1,창고,1,명사,한자어
1,창문,0,명사,한자어
1,창밖,0,명사,혼종어
1,창피,0,명사,한자어
1,창피하다,0,형용사,혼종어
1,찾다,0,동사,고유어
1,찾아가다,0,동사,고유어
1,찾아내다,0,동사,고유어
1,찾아다니다,0,동사,고유어
1,찾아보다,0,동사,고유어
1,찾아오다,0,동사,고유어
1,채,8,의존명사,고유어
1,채소,0,명사,한자어
1,채우다,3,동사,고유어
1,책,1,명사,한자어
1,책가방,0,명사,혼종어
1,책방,1,명사,한자어
1,책상,1,명사,한자어
1,책임감,0,명사,한자어
1,책임지다,0,동사,혼종어
1,책장,2,명사,한자어
1,챙기다,0,동사,고유어
1,처리,0,명사,한자어
1,처리하다,0,동사,혼종어
1,처음,0,명사,고유어
1,처지다,0,동사,고유어
1,척,1,의존명사,고유어
1,척척,2,부사,고유어
1,척하다,0,보조동사,고유어
1,천,3,수사/관형사,한자어
1,천국,1,명사,한자어
1,천둥,0,명사,고유어
1,천사,4,명사,한자어
1,천장,2,명사,한자어
1,천재,2,명사,한자어
1,천천히,0,부사,고유어
1,철도,0,명사,한자어
1,철봉,0,명사,한자어
1,첫,0,관형사,고유어
1,첫날,0,명사,고유어
1,첫눈,1,명사,고유어
1,첫째,0,수사/관형사/명사,고유어
1,청개구리,0,명사,혼종어
1,청바지,0,명사,혼종어
1,청소,5,명사,한자어
1,청소기,2,명사,한자어
1,청소하다,3,동사,혼종어
1,체온,0,명사,한자어
1,체육,0,명사,한자어
1,체육관,0,명사,한자어
1,체조,2,명사,한자어
1,체조하다,2,동사,혼종어
1,체하다,1,보조동사,고유어
1,체험,0,명사,한자어
1,체험하다,0,동사,혼종어
1,쳐다보다,0,동사,고유어
1,쳐들다,0,동사,고유어
1,쳐들어가다,0,동사,고유어
1,쳐들어오다,0,동사,고유어
1,초,1,명사,고유어
1,초,7,의존명사,한자어
1,초대,5,명사,한자어
1,초대하다,2,동사,혼종어
1,초등학교,0,명사,한자어
1,초등학생,0,명사,한자어
1,초록,2,명사,한자어
1,초록색,0,명사,한자어
1,초원,4,명사,한자어
1,초콜릿,0,명사,외래어
1,촉촉하다,1,형용사,고유어
1,촛불,0,명사,고유어
1,총,3,명사,한자어
1,총,6,관형사,한자어
1,총알,0,명사,혼종어
1,촬영,0,명사,한자어
1,촬영하다,0,동사,혼종어
1,최고,2,명사,한자어
1,최근,0,명사,한자어
1,최대한,0,명사/부사,한자어
1,추가,2,명사,한자어
1,추가하다,0,동사,혼종어
1,추다,2,동사,고유어
1,추락,2,명사,한자어
1,추락하다,2,동사,혼종어
1,추석,1,명사,한자어
1,추수,2,명사,한자어
1,추억,0,명사,한자어
1,추워지다,0,동사,고유어
1,추위,1,명사,고유어
1,축,3,부사,고유어
1,축구,4,명사,한자어
1,축구공,0,명사,혼종어
1,축구장,0,명사,한자어
1,축복,0,명사,한자어
1,축제,1,명사,한자어
1,축축하다,0,형용사,고유어
1,축하,0,명사,한자어
1,축하하다,0,동사,혼종어
1,출근,0,명사,한자어
1,출근하다,0,동사,혼종어
1,출동,0,명사,한자어
1,출동하다,0,동사,혼종어
1,출발,0,명사,한자어
1,출발점,0,명사,한자어
1,출발하다,0,동사,혼종어
1,출석,0,명사,한자어
1,출입문,0,명사,한자어
1,춤,1,명사,고유어
1,춤추다,0,동사,고유어
1,춥다,0,형용사,고유어
1,충격,2,명사,한자어
1,충분하다,1,형용사,혼종어
1,충분히,0,부사,혼종어
1,취미,4,명사,한자어
1,취소,1,명사,한자어
1,취소되다,0,동사,혼종어
1,취소하다,1,동사,혼종어
1,취하다,3,동사,혼종어
1,측,0,의존명사,한자어
1,층,1,접사,한자어
1,치과,0,명사,한자어
1,치다,1,동사,고유어
1,치다,2,동사,고유어
1,치다,5,동사,고유어
1,치료,0,명사,한자어
1,치료비,0,명사,한자어
1,치료하다,0,동사,혼종어
1,치마,1,명사,고유어
1,치아,2,명사,한자어
1,치약,0,명사,한자어
1,치우다,1,동사/보조동사,고유어
1,치즈,0,명사,외래어
1,치킨,0,명사,외래어
1,칙칙폭폭,0,부사,고유어
1,친구,2,명사,한자어
1,친절,0,명사,한자어
1,친절하다,0,형용사,혼종어
1,친척,0,명사,한자어
1,친하다,0,형용사,혼종어
1,칠,1,수사/관형사,한자어
1,칠,2,명사,한자어
1,칠십,0,수사/관형사,한자어
1,칠월,0,명사,한자어
1,칠판,0,명사,한자어
1,칠하다,0,동사,혼종어
1,침,1,명사,고유어
1,침대,2,명사,한자어
1,침실,0,명사,한자어
1,칫솔,0,명사,혼종어
1,칭찬,0,명사,한자어
1,칭찬하다,0,동사,혼종어
1,카드,0,명사,외래어
1,카레,0,명사,외래어
1,카메라,0,명사,외래어
1,카페,0,명사,외래어
1,칸,1,명사,고유어
1,칼,1,명사,고유어
1,칼날,0,명사,고유어
1,캄캄하다,0,형용사,고유어
1,캐다,0,동사,고유어
1,캔,0,명사,외래어
1,캠핑,0,명사,외래어
1,캥거루,0,명사,외래어
1,커다랗다,0,형용사,고유어
1,커지다,0,동사,고유어
1,커튼,0,명사,외래어
1,커피,0,명사,외래어
1,컴컴하다,0,형용사,고유어
1,컴퓨터,0,명사,외래어
1,컵,0,명사,외래어
1,케이크,0,명사,외래어
1,켜다,1,동사,고유어
1,켜지다,0,동사,고유어
1,켤레,2,의존명사,고유어
1,코,1,명사,고유어
1,코끼리,0,명사,고유어
1,코앞,0,명사,고유어
1,코트,1,명사,외래어
1,코피,1,명사,고유어
1,콕콕,0,부사,고유어
1,콜라,0,명사,외래어
1,콜록콜록,0,부사,고유어
1,콧물,0,명사,고유어
1,콩,1,명사,고유어
1,콩나물,0,명사,고유어
1,쾅,0,부사,고유어
1,쿨쿨,2,부사,고유어
1,쿵,2,부사,고유어
1,퀴즈,0,명사,외래어
1,크기,0,명사,고유어
1,크나크다,0,형용사,고유어
1,크다,0,형용사/동사,고유어
1,크레파스,0,명사,외래어
1,크리스마스,0,명사,외래어
1,크림,0,명사,외래어
1,큰길,0,명사,고유어
1,큰돈,0,명사,고유어
1,큰딸,0,명사,고유어
1,큰방,0,명사,혼종어
1,큰소리,1,명사,고유어
1,큰아들,0,명사,고유어
1,큰아버지,0,명사,고유어
1,큰아빠,0,명사,고유어
1,큰어머니,0,명사,고유어
1,큰엄마,0,명사,고유어
1,큰일,1,명사,고유어
1,큰절,1,명사,고유어
1,큼직하다,0,형용사,고유어
1,키,1,명사,고유어
1,키우다,0,동사,고유어
1,타다,1,동사,고유어
1,타다,2,동사,고유어
1,타다,3,동사,고유어
1,타다,4,동사,고유어
1,타오르다,0,동사,고유어
1,타이어,2,명사,외래어
1,타조,2,명사,한자어
1,탁,1,부사,고유어
1,탁자,1,명사,한자어
1,탁탁,1,부사,고유어
1,탈,1,명사,고유어
1,탈락,2,명사,한자어
1,탈출,2,명사,한자어
1,탈출하다,2,동사,혼종어
1,탐정,1,명사,한자어
1,탑,1,명사,한자어
1,탓,0,명사,고유어
1,탕,2,부사,고유어
1,탕탕,2,부사,고유어
1,태권도,0,명사,한자어
1,태극기,0,명사,한자어
1,태도,3,명사,한자어
1,태양,1,명사,한자어
1,태어나다,0,동사,고유어
1,태우다,1,동사,고유어
1,태우다,2,동사,고유어
1,태풍,0,명사,한자어
1,택배,0,명사,한자어
1,택시,0,명사,외래어
1,탱크,0,명사,외래어
1,터뜨리다,0,동사,고유어
1,터지다,0,동사/보조동사,고유어
1,터트리다,0,동사,고유어
1,턱,1,명사,고유어
1,턱,5,부사,고유어
1,털,0,명사,고유어
1,털다,0,동사,고유어
1,털어놓다,0,동사,고유어
1,텃밭,0,명사,고유어
1,텅,1,부사,고유어
1,텅텅,1,부사,고유어
1,테두리,0,명사,고유어
1,테이블,0,명사,외래어
1,테이프,0,명사,외래어
1,텐트,0,명사,외래어
1,텔레비전,0,명사,외래어
1,토,4,명사,한자어
1,토끼,0,명사,고유어
1,토마토,0,명사,외래어
1,토막,1,명사,고유어
1,토요일,0,명사,한자어
1,토하다,0,동사,혼종어
1,톡,2,부사,고유어
1,통,9,명사,한자어
1,통,11,의존명사,한자어
1,통과,0,명사,한자어
1,통과하다,0,동사,혼종어
1,통로,0,명사,한자어
1,통장,1,명사,한자어
1,통조림,0,명사,혼종어
1,통째,0,명사,고유어
1,통통하다,1,형용사,고유어
1,통하다,0,동사,혼종어
1,통화,4,명사,한자어
1,통화하다,2,동사,혼종어
1,퇴근,0,명사,한자어
1,퇴근하다,0,동사,혼종어
1,투명,2,명사,한자어
1,투명하다,2,형용사,혼종어
1,툭,1,부사,고유어
1,툭툭,1,부사,고유어
1,튀기다,1,동사,고유어
1,튀기다,2,동사,고유어
1,튀김,1,명사,고유어
1,튀다,0,동사,고유어
1,튀어나오다,0,동사,고유어
1,튕기다,0,동사,고유어
1,튜브,0,명사,외래어
1,트럭,0,명사,외래어
1,트집,0,명사,고유어
1,특별,0,명사,한자어
1,특별하다,0,형용사,혼종어
1,특별히,0,부사,혼종어
1,특이하다,0,형용사,혼종어
1,튼튼하다,0,형용사,고유어
1,튼튼히,0,부사,고유어
1,틀,0,명사,고유어
1,틀다,0,동사,고유어
1,틀리다,1,동사/형용사,고유어
1,틀림없다,0,형용사,고유어
1,틀림없이,0,부사,고유어
1,틈,0,명사/의존명사,고유어
1,틔우다,2,동사,고유어
1,티,2,명사,고유어
1,티라노사우루스,0,명사,외래어
1,티브이,0,명사,외래어
1,티셔츠,0,명사,외래어
1,티켓,0,명사,외래어
1,팀,0,명사,외래어
1,파,1,명사,고유어
1,파괴,0,명사,한자어
1,파괴되다,0,동사,혼종어
1,파괴하다,0,동사,혼종어
1,파내다,0,동사,고유어
1,파다,1,동사,고유어
1,파도,0,명사,한자어
1,파란불,0,명사,고유어
1,파란색,0,명사,혼종어
1,파랑,1,명사,고유어
1,파랗다,0,형용사,고유어
1,파리,1,명사,고유어
1,파묻히다,0,동사,고유어
1,파스,3,명사,외래어
1,파이다,0,동사,고유어
1,파이팅,0,감탄사,외래어
1,파인애플,0,명사,외래어
1,파티,0,명사,외래어
1,파프리카,0,명사,외래어
1,파헤치다,0,동사,고유어
1,팍,0,부사,고유어
1,판,1,명사/의존명사,고유어
1,판,6,명사,한자어
1,판다,0,명사,외래어
1,판매,0,명사,한자어
1,판매하다,0,동사,혼종어
1,팔,1,명사,고유어
1,팔,2,수사/관형사,한자어
1,팔다,0,동사,고유어
1,팔다리,0,명사,고유어
1,팔딱팔딱,0,부사,고유어
1,팔랑팔랑,1,부사,고유어
1,팔리다,0,동사,고유어
1,팔십,0,수사/관형사,한자어
1,팔월,0,명사,한자어
1,팔짝,0,부사,고유어
1,팔짝팔짝,0,부사,고유어
1,팔짱,0,명사,고유어
1,팔찌,0,명사,고유어
1,팥빙수,0,명사,혼종어
1,패다,3,동사,고유어
1,팬,1,명사,외래어
1,팬티,0,명사,외래어
1,팽이,1,명사,고유어
1,퍼내다,0,동사,고유어
1,퍼뜨리다,0,동사,고유어
1,퍼지다,0,동사,고유어
1,퍽,1,부사,고유어
1,퍽,2,부사,고유어
1,펄쩍,0,부사,고유어
1,펄펄,1,부사,고유어
1,펑,1,부사,고유어
1,펑펑,3,부사,고유어
1,페인트,2,명사,외래어
1,펜,1,명사,외래어
1,펭귄,0,명사,외래어
1,펴다,0,동사,고유어
1,펴지다,0,동사,고유어
1,편,4,명사/의존명사,한자어
1,편,9,의존명사,한자어
1,편리하다,0,형용사,혼종어
1,편식,0,명사,한자어
1,편안하다,1,형용사,혼종어
1,편안히,0,부사,혼종어
1,편의점,0,명사,한자어
1,편지,2,명사,한자어
1,편하다,0,형용사,혼종어
1,편히,0,부사,혼종어
1,펼쳐지다,0,동사,고유어
1,펼치다,0,동사,고유어
1,평범하다,0,형용사,혼종어
1,평상시,0,명사,한자어
1,평생,0,명사,한자어
1,평소,0,명사,한자어
1,평일,0,명사,한자어
1,평화,1,명사,한자어
1,평화롭다,0,형용사,혼종어
1,폐,2,명사,한자어
1,포근하다,0,형용사,고유어
1,포기,1,명사,고유어
1,포기,2,명사,한자어
1,포기하다,1,동사,혼종어
1,포도,6,명사,한자어
1,포장,1,명사,한자어
1,포장지,0,명사,한자어
1,포장하다,1,동사,혼종어
1,포크,1,명사,외래어
1,포함하다,2,동사,혼종어
1,폭발,2,명사,한자어
1,폭발하다,2,동사,혼종어
1,폭신폭신하다,0,형용사,고유어
1,폭죽,0,명사,한자어
1,폭탄,0,명사,한자어
1,폭풍,1,명사,한자어
1,폰,2,명사,외래어
1,퐁당퐁당,0,부사,고유어
1,표,2,명사,한자어
1,표,4,명사,한자어
1,표,5,명사,한자어
1,표범,0,명사,혼종어
1,표시,1,명사,한자어
1,표시,2,명사,한자어
1,표시하다,1,동사,혼종어
1,표시하다,2,동사,혼종어
1,표정,2,명사,한자어
1,표지,1,명사,한자어
1,표지판,0,명사,한자어
1,표현,0,명사,한자어
1,표현하다,0,동사,혼종어
1,푸다,0,동사,고유어
1,푸르다,0,형용사,고유어
1,푸른색,0,명사,혼종어
1,푸짐하다,0,형용사,고유어
1,푹,1,부사,고유어
1,푹신하다,0,형용사,고유어
1,푹푹,1,부사,고유어
1,풀,1,명사,고유어
1,풀,2,명사,고유어
1,풀다,0,동사,고유어
1,풀려나다,0,동사,고유어
1,풀리다,0,동사,고유어
1,풀밭,0,명사,고유어
1,풀어지다,0,동사,고유어
1,풀이,0,명사,고유어
1,품다,1,동사,고유어
1,풍경,1,명사,한자어
1,풍선,2,명사,한자어
1,풍성하다,0,형용사,혼종어
1,프로그램,0,명사,외래어
1,프린트,0,명사,외래어
1,플라스틱,0,명사,외래어
1,피,2,명사,고유어
1,피곤,0,명사,한자어
1,피곤하다,0,형용사,혼종어
1,피나다,0,동사,고유어
1,피다,1,동사,고유어
1,피리,1,명사,고유어
1,피부,2,명사,한자어
1,피부병,0,명사,한자어
1,피아노,1,명사,외래어
1,피어나다,0,동사,고유어
1,피우다,0,동사,고유어
1,피자,0,명사,외래어
1,피하다,0,동사,혼종어
1,피해,1,명사,한자어
1,핀,0,명사,외래어
1,필수,2,명사,한자어
1,필요,0,명사,한자어
1,필요하다,0,형용사,혼종어
1,필통,0,명사,한자어
1,핏줄,0,명사,고유어
1,핑,1,부사,고유어
1,핑계,0,명사,고유어
1,핑크,0,명사,외래어
1,핑크색,0,명사,혼종어
1,하,3,감탄사,고유어
1,하나,0,수사/명사,고유어
1,하나님,0,명사,고유어
1,하나하나,0,명사/부사,고유어
1,하느님,0,명사,고유어
1,하늘,1,명사,고유어
1,하늘나라,0,명사,고유어
1,하늘색,0,명사,혼종어
1,하다,1,동사/보조동사/보조형용사,고유어
1,하도,1,부사,고유어
1,하루,1,명사,고유어
1,하루빨리,0,부사,고유어
1,하루하루,0,명사/부사,고유어
1,하룻밤,0,명사,고유어
1,하마,3,명사,한자어
1,하수구,0,명사,한자어
1,하얀색,0,명사,혼종어
1,하얗다,0,형용사,고유어
1,하여튼,0,부사,혼종어
1,하인,1,명사,한자어
1,하지만,0,부사,고유어
1,하트,4,명사,외래어
1,하품,1,명사,고유어
1,하하,1,부사,고유어
1,학교,0,명사,한자어
1,학년,0,명사,한자어
1,학생,0,명사,한자어
1,학습,0,명사,한자어
1,학습지,0,명사,한자어
1,학습하다,0,동사,혼종어
1,학원,2,명사,한자어
1,한,1,관형사,고유어
1,한,5,명사,한자어
1,한가운데,0,명사,고유어
1,한가하다,2,형용사,혼종어
1,한걸음,0,명사,고유어
1,한겨울,0,명사,고유어
1,한곳,0,명사,고유어
1,한구석,0,명사,고유어
1,한국,5,명사,한자어
1,한국말,0,명사,혼종어
1,한국어,0,명사,한자어
1,한국인,0,명사,한자어
1,한글,1,명사,고유어
1,한꺼번에,0,부사,고유어
1,한눈,1,명사,고유어
1,한동안,0,명사,고유어
1,한두,0,관형사,고유어
1,한때,0,명사/부사,고유어
1,한마디,0,명사,고유어
1,한바탕,0,명사/부사,고유어
1,한밤중,0,명사,혼종어
1,한번,0,명사/부사,혼종어
1,한복,0,명사,한자어
1,한복판,0,명사,고유어
1,한순간,0,명사,혼종어
1,한숨,1,명사,고유어
1,한숨,2,명사,고유어
1,한약,0,명사,한자어
1,한여름,0,명사,고유어
1,한우,3,명사,한자어
1,한입,0,명사,고유어
1,한자,2,명사,한자어
1,한자리,0,명사,고유어
1,한쪽,0,명사,고유어
1,한참,0,명사/부사,고유어
1,한판,0,명사,고유어
1,한편,0,명사/부사,혼종어
1,할머니,0,명사,고유어
1,할아버지,0,명사,고유어
1,할인,1,명사,한자어
1,할퀴다,0,동사,고유어
1,핥다,0,동사,고유어
1,함께,0,부사,고유어
1,함부로,0,부사,고유어
1,합격,0,명사,한자어
1,합격하다,0,동사,혼종어
1,합창,1,명사,한자어
1,합창단,0,명사,한자어
1,합치다,0,동사,혼종어
1,합하다,0,동사,혼종어
1,항복하다,0,동사,혼종어
1,항상,0,부사,한자어
1,항아리,0,명사,혼종어
1,해,1,명사/의존명사,고유어
1,해,5,부사,고유어
1,해결,0,명사,한자어
1,해결되다,0,동사,혼종어
1,해결책,0,명사,한자어
1,해결하다,0,동사,혼종어
1,해골,0,명사,한자어
1,해내다,0,동사,고유어
1,해님,0,명사,고유어
1,해마다,0,부사,고유어
1,해바라기,2,명사,고유어
1,해변,0,명사,한자어
1,해설,3,명사,한자어
1,해수욕장,0,명사,한자어
1,해외여행,0,명사,한자어
1,해적,2,명사,한자어
1,해치다,0,동사,혼종어
1,해치우다,0,동사,고유어
1,핸드백,0,명사,외래어
1,핸드폰,0,명사,외래어
1,핸들,0,명사,외래어
1,햄,2,명사,외래어
1,햄버거,0,명사,외래어
1,햇볕,0,명사,고유어
1,햇빛,0,명사,고유어
1,햇살,0,명사,고유어
1,행동,0,명사,한자어
1,행동하다,0,동사,혼종어
1,행복,2,명사,한자어
1,행복하다,0,형용사,혼종어
1,행사,1,명사,한자어
1,행운,2,명사,한자어
1,행주,1,명사,고유어
1,향,3,명사,한자어
1,향기,1,명사,한자어
1,향하다,0,동사,혼종어
1,허,2,감탄사,고유어
1,허겁지겁,0,부사,고유어
1,허락,0,명사,한자어
1,허락하다,0,동사,혼종어
1,허리,1,명사,고유어
1,허리띠,0,명사,고유어
1,허물다,2,동사,고유어
1,허물어지다,0,동사,고유어
1,허벅지,0,명사,고유어
1,허수아비,0,명사,고유어
1,허옇다,0,형용사,고유어
1,허전하다,1,형용사,고유어
1,허허,1,부사,고유어
1,헌,0,관형사,고유어
1,헐다,1,동사,고유어
1,험하다,0,형용사,혼종어
1,헝겊,0,명사,고유어
1,헤매다,0,동사,고유어
1,헤어지다,0,동사,고유어
1,헤엄치다,0,동사,고유어
1,헤치다,0,동사,고유어
1,헬리콥터,0,명사,외래어
1,헷갈리다,0,동사,고유어
1,헹구다,0,동사,고유어
1,혀,1,명사,고유어
1,현관,1,명사,한자어
1,현관문,0,명사,한자어
1,현재,2,명사/부사,한자어
1,혓바닥,0,명사,고유어
1,형,1,명사/의존명사,한자어
1,형님,0,명사,혼종어
1,형식,1,명사,한자어
1,형제,1,명사,한자어
1,호,1,부사,고유어
1,호기심,0,명사,한자어
1,호랑이,0,명사,혼종어
1,호박,1,명사,고유어
1,호수,7,명사,한자어
1,호스,0,명사,외래어
1,호텔,0,명사,외래어
1,호호,2,부사,고유어
1,혹,1,명사,고유어
1,혹시,1,부사,한자어
1,혹시나,0,부사,혼종어
1,혹은,0,부사,혼종어
1,혼,2,명사,한자어
1,혼나다,0,동사,혼종어
1,혼내다,0,동사,혼종어
1,혼자,1,명사/부사,고유어
1,혼잣말,0,명사,고유어
1,홀로,0,부사,고유어
1,홍수,1,명사,한자어
1,화,5,명사,한자어
1,화,6,명사,한자어
1,화가,3,명사,한자어
1,화나다,0,동사,혼종어
1,화내다,0,동사,혼종어
1,화려하다,0,형용사,혼종어
1,화면,5,명사,한자어
1,화목하다,0,형용사,혼종어
1,화분,1,명사,한자어
1,화산,1,명사,한자어
1,화살,0,명사,고유어
1,화살표,0,명사,혼종어
1,화상,3,명사,한자어
1,화석,1,명사,한자어
1,화요일,0,명사,한자어
1,화장,2,명사,한자어
1,화장실,0,명사,한자어
1,화장지,1,명사,한자어
1,화장품,0,명사,한자어
1,화재,1,명사,한자어
1,화해,2,명사,한자어
1,화해하다,1,동사,혼종어
1,확,2,부사,고유어
1,확실하다,0,형용사,혼종어
1,확실히,0,부사,혼종어
1,확인,2,명사,한자어
1,확인되다,0,동사,혼종어
1,확인하다,0,동사,혼종어
1,환기,2,명사,한자어
1,환영,2,명사,한자어
1,환영하다,0,동사,혼종어
1,환자,3,명사,한자어
1,환하다,1,형용사,고유어
1,활,1,명사,고유어
1,활기,0,명사,한자어
1,활기차다,0,형용사,혼종어
1,활동,2,명사,한자어
1,활동하다,1,동사,혼종어
1,활발하다,0,형용사,혼종어
1,활발히,0,부사,혼종어
1,활짝,0,부사,고유어
1,활활,0,부사,고유어
1,황당하다,0,형용사,혼종어
1,황소,1,명사,고유어
1,회,4,의존명사,한자어
1,회,9,명사,한자어
1,회복,0,명사,한자어
1,회복되다,0,동사,혼종어
1,회복하다,0,동사,혼종어
1,회사,4,명사,한자어
1,회사원,0,명사,한자어
1,회색,1,명사,한자어
1,회전,4,명사,한자어
1,횟수,0,명사,한자어
1,횡단보도,0,명사,한자어
1,효도,0,명사,한자어
1,효도하다,0,동사,혼종어
1,효자,1,명사/대명사,한자어
1,후,1,부사,고유어
1,후,2,감탄사,고유어
1,후,8,명사,한자어
1,후다닥,0,부사,고유어
1,후딱,0,부사,고유어
1,후련하다,0,형용사,고유어
1,후추,0,명사,고유어
1,후회,1,명사,한자어
1,후회하다,0,동사,혼종어
1,후후,1,부사,고유어
1,훈련,0,명사,한자어
1,훈련하다,0,동사,혼종어
1,훌륭하다,0,형용사,고유어
1,훌쩍,0,부사,고유어
1,훌쩍훌쩍,0,부사,고유어
1,훔치다,2,동사,고유어
1,훤하다,0,형용사,고유어
1,훨씬,0,부사,고유어
1,휘날리다,0,동사,고유어
1,휘다,0,동사,고유어
1,휘두르다,1,동사,고유어
1,휘말리다,0,동사,고유어
1,휘젓다,0,동사,고유어
1,휙,0,부사,고유어
1,휙휙,0,부사,고유어
1,휠체어,0,명사,외래어
1,휩싸이다,0,동사,고유어
1,휴가,1,명사,한자어
1,휴게소,0,명사,한자어
1,휴대폰,0,명사,혼종어
1,휴식,2,명사,한자어
1,휴식하다,2,동사,혼종어
1,휴일,0,명사,한자어
1,휴지,2,명사,한자어
1,휴지통,0,명사,한자어
1,흉,1,명사,고유어
1,흉내,0,명사,고유어
1,흉터,0,명사,고유어
1,흐르다,1,동사,고유어
1,흐리다,2,형용사,고유어
1,흐트러지다,0,동사,고유어
1,흑인,0,명사,한자어
1,흔들거리다,0,동사,고유어
1,흔들다,0,동사,고유어
1,흔들리다,0,동사,고유어
1,흔적,0,명사,한자어
1,흔하다,0,형용사,고유어
1,흔히,0,부사,고유어
1,흘러가다,0,동사,고유어
1,흘러나오다,0,동사,고유어
1,흘러내리다,0,동사,고유어
1,흘리다,0,동사,고유어
1,흙,1,명사,고유어
1,흙탕물,0,명사,혼종어
1,흥,3,감탄사,고유어
1,흥,4,명사,한자어
1,흥겹다,0,형용사,혼종어
1,흥미롭다,0,형용사,혼종어
1,흥분,0,명사,한자어
1,흥분하다,0,동사,혼종어
1,흩어지다,0,동사,고유어
1,희다,0,형용사,고유어
1,희망,0,명사,한자어
1,흰머리,0,명사,고유어
1,흰색,0,명사,혼종어
1,히히,0,부사,고유어
1,히힝,0,부사,고유어
1,힌트,0,명사,외래어
1,힘,0,명사,고유어
1,힘겹다,0,형용사,고유어
1,힘껏,0,부사,고유어
1,힘내다,0,동사,고유어
1,힘들다,0,형용사,고유어
1,힘세다,0,형용사,고유어
1,힘쓰다,0,동사,고유어
1,힘없다,0,형용사,고유어
1,힘없이,0,부사,고유어
1,힘주다,0,동사,고유어
1,힘차다,0,형용사,고유어
1,힝,1,부사,고유어
2,가능성,0,명사,한자어
2,가닥,0,명사,고유어
2,가득가득,1,부사,고유어
2,가라앉히다,0,동사,고유어
2,가루약,0,명사,혼종어
2,가마,5,명사,고유어
2,가문,1,명사,한자어
2,가사,9,명사,한자어
2,가슴속,0,명사,고유어
2,가습기,0,명사,한자어
2,가을바람,0,명사,고유어
2,가입,0,명사,한자어
2,가입하다,0,동사,혼종어
2,가장,6,명사,한자어
2,가재,1,명사,고유어
2,가정집,1,명사,혼종어
2,가족사진,0,명사,한자어
2,가족회의,0,명사,한자어
2,가지가지,1,명사,고유어
2,가치,4,명사,한자어
2,가파르다,0,형용사,고유어
2,각오,1,명사,한자어
2,각오하다,1,동사,혼종어
2,각종,0,명사,한자어
2,간신히,0,부사,혼종어
2,간절하다,0,형용사,혼종어
2,간절히,0,부사,혼종어
2,간직하다,0,동사,고유어
2,간질간질,0,부사,고유어
2,갈다,3,동사,고유어
2,갈리다,2,동사,고유어
2,갈리다,4,동사,고유어
2,갈비뼈,0,명사,고유어
2,갈비찜,0,명사,고유어
2,갈아타다,0,동사,고유어
2,갈증,0,명사,한자어
2,감,12,명사,한자어
2,감각,2,명사,한자어
2,감귤,0,명사,한자어
2,감나무,0,명사,고유어
2,감방,3,명사,한자어
2,감사히,0,부사,혼종어
2,감상,2,명사,한자어
2,감상하다,4,동사,혼종어
2,감시,2,명사,한자어
2,감시하다,1,동사,혼종어
2,감정,6,명사,한자어
2,감쪽같이,0,부사,고유어
2,감탄,0,명사,한자어
2,감탄하다,0,동사,혼종어
2,값싸다,0,형용사,고유어
2,강강술래,0,명사,고유어
2,강당,0,명사,한자어
2,강도,6,명사,한자어
2,강력,2,명사,한자어
2,강력하다,0,형용사,혼종어
2,강렬하다,2,형용사,혼종어
2,강제,1,명사,한자어
2,강조,2,명사,한자어
2,갖추다,0,동사,고유어
2,개다,1,동사,고유어
2,개발,0,명사,한자어
2,개발되다,0,동사,혼종어
2,개발하다,0,동사,혼종어
2,개성,3,명사,한자어
2,갯벌,0,명사,고유어
2,거두다,2,동사,고유어
2,거둬들이다,0,동사,고유어
2,거들다,1,동사,고유어
2,거름,0,명사,고유어
2,거리,2,의존명사,고유어
2,거만하다,0,형용사,혼종어
2,거부,2,명사,한자어
2,거부하다,0,동사,혼종어
2,거북선,0,명사,혼종어
2,거슬리다,0,동사,고유어
2,거위,1,명사,고유어
2,건너뛰다,0,동사,고유어
2,건네다,0,동사,고유어
2,건네주다,0,동사,고유어
2,건방지다,0,형용사,고유어
2,걷다,3,동사,고유어
2,걷다,4,동사,고유어
2,걸려들다,0,동사,고유어
2,검,3,명사,한자어
2,검토,0,명사,한자어
2,검토하다,0,동사,혼종어
2,겁주다,0,동사,혼종어
2,겉보기,0,명사,고유어
2,게다가,0,부사/품사없음,고유어
2,게시판,0,명사,한자어
2,겨울날,0,명사,고유어
2,겨울바람,0,명사,고유어
2,겨울잠,0,명사,고유어
2,겨자,1,명사,고유어
2,격려,0,명사,한자어
2,격려하다,0,동사,혼종어
2,결론,2,명사,한자어
2,결정되다,1,동사,혼종어
2,결혼식장,0,명사,한자어
2,경계,4,명사,한자어
2,경비원,0,명사,한자어
2,경험,0,명사,한자어
2,경험하다,0,동사,혼종어
2,곁들이다,0,동사,고유어
2,계급,2,명사,한자어
2,계란찜,0,명사,혼종어
2,계좌,2,명사,한자어
2,계획서,0,명사,한자어
2,계획표,0,명사,한자어
2,고객,4,명사,한자어
2,고급,2,명사,한자어
2,고독,1,명사,한자어
2,고독하다,0,형용사,혼종어
2,고등학교,0,명사,한자어
2,고등학생,0,명사,한자어
2,고릴라,0,명사,외래어
2,고만,2,부사,고유어
2,고무신,0,명사,고유어
2,고무장갑,0,명사,혼종어
2,고물,6,명사,한자어
2,고발,2,명사,한자어
2,고발하다,2,동사,혼종어
2,고속,2,명사,한자어
2,고요하다,0,형용사,고유어
2,고이,1,부사,고유어
2,고이다,1,동사,고유어
2,고장,1,명사,고유어
2,고전,2,명사,한자어
2,고집불통,0,명사,한자어
2,고층,0,명사,한자어
2,고통,0,명사,한자어
2,곡식,0,명사,한자어
2,곤란,0,명사,한자어
2,곤란하다,0,형용사,혼종어
2,골대,0,명사,혼종어
2,골인,2,명사,외래어
2,골치,0,명사,고유어
2,골탕,1,명사,고유어
2,골프,0,명사,외래어
2,곱셈,0,명사,고유어
2,곱하기,0,명사,고유어
2,곱하다,0,동사,고유어
2,곳곳,0,명사,고유어
2,공감,0,명사,한자어
2,공감하다,0,동사,혼종어
2,공개,0,명사,한자어
2,공개적,0,명사/관형사,한자어
2,공개하다,0,동사,혼종어
2,공군,2,명사,한자어
2,공기,1,명사,고유어
2,공기놀이,0,명사,고유어
2,공놀이하다,0,동사,고유어
2,공동체,0,명사,한자어
2,공부방,0,명사,한자어
2,공손하다,0,형용사,혼종어
2,공식,1,명사,한자어
2,공연,2,명사,한자어
2,공연장,0,명사,한자어
2,공연하다,2,동사,혼종어
2,공작,4,명사,한자어
2,공평하다,1,형용사,혼종어
2,과목,2,명사,한자어
2,과연,1,부사,한자어
2,과장,7,명사,한자어
2,과제,4,명사,한자어
2,과학관,0,명사,한자어
2,관,6,명사,한자어
2,관객,0,명사,한자어
2,관광,2,명사,한자어
2,관광객,0,명사,한자어
2,관광하다,2,동사,혼종어
2,관람,0,명사,한자어
2,관람하다,0,동사,혼종어
2,관련,0,명사,한자어
2,관련되다,0,동사,혼종어
2,관련하다,0,동사,혼종어
2,관리,4,명사,한자어
2,관리하다,0,동사,혼종어
2,관심사,0,명사,한자어
2,관장,11,명사,한자어
2,관중,8,명사,한자어
2,괄호,0,명사,한자어
2,광고하다,2,동사,혼종어
2,광복,1,명사,한자어
2,광장,2,명사,한자어
2,교감,3,명사,한자어
2,교과,1,명사,한자어
2,교과서,0,명사,한자어
2,교내,1,명사,한자어
2,교무실,0,명사,한자어
2,교문,1,명사,한자어
2,교복,1,명사,한자어
2,교수,6,명사,한자어
2,교시,3,의존명사,한자어
2,교육,0,명사,한자어
2,교육청,0,명사,한자어
2,교장,3,명사,한자어
2,교재,1,명사,한자어
2,교체,1,명사,한자어
2,교탁,1,명사,한자어
2,교통,1,명사,한자어
2,교통경찰,0,명사,한자어
2,교통수단,0,명사,한자어
2,교환,1,명사,한자어
2,교환되다,0,동사,혼종어
2,교환하다,1,동사,혼종어
2,교훈,2,명사,한자어
2,구구단,0,명사,한자어
2,구기다,1,동사,고유어
2,구린내,0,명사,고유어
2,구명조끼,0,명사,혼종어
2,구불구불하다,0,형용사/동사,고유어
2,구입하다,3,동사,혼종어
2,구청,2,명사,한자어
2,구출하다,1,동사,혼종어
2,국가,1,명사,한자어
2,국경,1,명사,한자어
2,국그릇,0,명사,고유어
2,국내,2,명사,한자어
2,국산,0,명사,한자어
2,국악,0,명사,한자어
2,국어사전,1,명사,한자어
2,국적,2,명사,한자어
2,국제,2,명사,한자어
2,군것질,0,명사,고유어
2,군고구마,0,명사,고유어
2,군사,1,명사,한자어
2,군함,2,명사,한자어
2,굳이,0,부사,고유어
2,굴,1,명사,고유어
2,굵기,0,명사,고유어
2,궁둥이,0,명사,고유어
2,귀마개,0,명사,고유어
2,귀이개,0,명사,고유어
2,귀족,1,명사,한자어
2,규모,0,명사,한자어
2,균,3,명사,한자어
2,균형,0,명사,한자어
2,그나마,0,부사,고유어
2,그날그날,0,명사/부사,고유어
2,그다지,0,부사,고유어
2,그룹,1,명사,외래어
2,그리다,1,동사,고유어
2,그리워지다,0,동사,고유어
2,그림일기,0,명사,혼종어
2,그해,0,명사,고유어
2,극복,1,명사,한자어
2,극복하다,1,동사,혼종어
2,글쓰기,0,명사,고유어
2,금고,2,명사,한자어
2,금빛,0,명사,혼종어
2,금속,1,명사,한자어
2,금액,2,명사,한자어
2,금지하다,0,동사,혼종어
2,급식실,0,명사,한자어
2,기,21,명사,한자어
2,기간,7,명사,한자어
2,기구,14,명사,한자어
2,기권,2,명사,한자어
2,기꺼이,0,부사,고유어
2,기껏,0,부사,고유어
2,기념관,0,명사,한자어
2,기러기,0,명사,고유어
2,기록,2,명사,한자어
2,기록되다,0,동사,혼종어
2,기록하다,0,동사,혼종어
2,기막히다,0,형용사,혼종어
2,기발하다,1,형용사,혼종어
2,기본적,0,명사/관형사,한자어
2,기부하다,4,동사,혼종어
2,기사,10,명사,한자어
2,기억력,0,명사,한자어
2,기역,1,명사,고유어
2,기자,4,명사,한자어
2,기준,3,명사/감탄사,한자어
2,기초,6,명사,한자어
2,기합,1,명사,한자어
2,기호,1,명사,한자어
2,기후,5,명사,한자어
2,긴급,0,명사,한자어
2,긴바늘,0,명사,고유어
2,긴장감,0,명사,한자어
2,까치발,1,명사,고유어
2,깔깔,1,부사,고유어
2,깜짝,1,부사,고유어
2,깜짝깜짝,2,부사,고유어
2,깜짝하다,1,동사,고유어
2,깡패,0,명사,혼종어
2,깨달음,0,명사,고유어
2,껄껄,1,부사,고유어
2,껑충,1,부사,고유어
2,껑충껑충,0,부사,고유어
2,꼬맹이,0,명사,고유어
2,꼬불꼬불,0,부사,고유어
2,꼬치,1,명사,고유어
2,꼭두각시,0,명사,고유어
2,꼴깍,0,부사,고유어
2,꼽다,0,동사,고유어
2,꽃향기,0,명사,혼종어
2,꽈배기,0,명사,고유어
2,꾀꼬리,0,명사,고유어
2,꾀꼴꾀꼴,0,부사,고유어
2,꾀병,0,명사,혼종어
2,꾸러미,0,명사,고유어
2,꾸리다,0,동사,고유어
2,꾸벅꾸벅,1,부사,고유어
2,꿀떡,1,명사,고유어
2,꿀맛,0,명사,고유어
2,꿀밤,0,명사,고유어
2,꿀벌,0,명사,고유어
2,꿈나무,0,명사,고유어
2,꿋꿋하다,0,형용사,고유어
2,꿩,1,명사,고유어
2,끊이다,0,동사,고유어
2,끊임없이,0,부사,고유어
2,끌려가다,0,동사,고유어
2,끌려오다,0,동사,고유어
2,끌어내다,0,동사,고유어
2,끌어내리다,0,동사,고유어
2,끌어당기다,0,동사,고유어
2,끌어들이다,0,동사,고유어
2,끌어안다,0,동사,고유어
2,끌어올리다,0,동사,고유어
2,끔찍이,0,부사,고유어
2,끙,0,부사,고유어
2,끝맺다,0,동사,고유어
2,끝부분,0,명사,혼종어
2,끝장,0,명사,고유어
2,끼치다,2,동사,고유어
2,나무라다,0,동사,고유어
2,나무젓가락,0,명사,고유어
2,나팔꽃,0,명사,혼종어
2,낙엽,0,명사,한자어
2,낚시터,0,명사,고유어
2,낚아채다,0,동사,고유어
2,난리,2,명사,한자어
2,날로,1,부사,고유어
2,날벼락,0,명사,고유어
2,날아오르다,0,동사,고유어
2,남색,2,명사,한자어
2,남성,1,명사,한자어
2,남한,2,명사,한자어
2,납치하다,0,동사,혼종어
2,낫,1,명사,고유어
2,낭비,0,명사,한자어
2,낭비되다,0,동사,혼종어
2,낭비하다,0,동사,혼종어
2,내걸다,0,동사,고유어
2,내기하다,1,동사,고유어
2,내내,0,부사,고유어
2,내딛다,0,동사,고유어
2,내려지다,0,동사,고유어
2,내면,0,명사,한자어
2,내뱉다,0,동사,고유어
2,내부,4,명사,한자어
2,내성적,0,명사/관형사,한자어
2,내세우다,0,동사,고유어
2,내키다,1,동사,고유어
2,너구리,0,명사,고유어
2,너도나도,0,부사,고유어
2,너머,0,명사,고유어
2,넓이,0,명사,고유어
2,넘보다,0,동사,고유어
2,넘어서다,0,동사,고유어
2,년대,0,의존명사,한자어
2,년도,0,의존명사,한자어
2,노,12,명사,한자어
2,노란불,0,명사,고유어
2,노루,1,명사,고유어
2,노른자,0,명사,고유어
2,노리다,1,동사,고유어
2,노크,0,명사,외래어
2,노트,2,명사,외래어
2,녹,2,명사,한자어
2,논,1,명사,고유어
2,논두렁,1,명사,고유어
2,논밭,0,명사,고유어
2,놀림,1,명사,고유어
2,놀부,0,명사,고유어
2,놀이공원,0,명사,혼종어
2,놀이방,0,명사,혼종어
2,놀이하다,1,동사,고유어
2,농민,0,명사,한자어
2,농사꾼,0,명사,혼종어
2,뇌,2,명사,한자어
2,누리다,1,동사,고유어
2,누명,1,명사,한자어
2,눈길,1,명사,고유어
2,눈밭,0,명사,고유어
2,눈코,0,명사,고유어
2,느긋하다,2,형용사,고유어
2,느끼하다,0,형용사,고유어
2,느낌표,0,명사,혼종어
2,느릿느릿,0,부사,고유어
2,능력,2,명사,한자어
2,늦어지다,0,동사,고유어
2,늦추다,0,동사,고유어
2,니은,0,명사,고유어
2,다급하다,2,형용사,혼종어
2,다닥다닥,0,부사,고유어
2,다루다,0,동사,고유어
2,다리다,1,동사,고유어
2,다발,1,명사,고유어
2,다섯째,0,수사/관형사/명사,고유어
2,다수,0,명사,한자어
2,다운,0,명사,외래어
2,다하다,0,동사,고유어
2,다행스럽다,0,형용사,혼종어
2,단,6,부사,한자어
2,단,10,관형사,한자어
2,단백질,0,명사,한자어
2,단서,4,명사,한자어
2,단순하다,0,형용사,혼종어
2,단순히,0,부사,혼종어
2,단어,0,명사,한자어
2,단원,1,명사,한자어
2,단위,2,명사,한자어
2,단장,1,명사,한자어
2,단점,1,명사,한자어
2,단지,3,부사,한자어
2,단짝,0,명사,혼종어
2,달다,1,동사,고유어
2,달리,1,부사,고유어
2,달리하다,1,동사,고유어
2,담,3,명사,고유어
2,담기다,1,동사,고유어
2,담당,0,명사,한자어
2,담당자,0,명사,한자어
2,담당하다,0,동사,혼종어
2,담벼락,0,명사,고유어
2,답변,0,명사,한자어
2,답변하다,0,동사,혼종어
2,답안지,0,명사,한자어
2,당나귀,0,명사,혼종어
2,당당하다,0,형용사,혼종어
2,당당히,0,부사,혼종어
2,당번,1,명사,한자어
2,당분간,0,명사/부사,한자어
2,당선,4,명사,한자어
2,당선되다,0,동사,혼종어
2,당일,0,명사,한자어
2,대규모,0,명사,한자어
2,대기실,0,명사,한자어
2,대다수,0,명사,한자어
2,대량,1,명사,한자어
2,대롱대롱,0,부사,고유어
2,대본,3,명사,한자어
2,대비,9,명사,한자어
2,대비하다,4,동사,혼종어
2,대상,11,명사,한자어
2,대상자,3,명사,한자어
2,대야,1,명사,고유어
2,대여,2,명사,한자어
2,대접,4,명사,한자어
2,대접하다,0,동사,혼종어
2,대책,3,명사,한자어
2,대체로,0,부사,혼종어
2,대표적,0,명사/관형사,한자어
2,대표하다,0,동사,혼종어
2,대피,2,명사,한자어
2,대피하다,0,동사,혼종어
2,대학,1,명사,한자어
2,대학교,0,명사,한자어
2,대학생,0,명사,한자어
2,대형,4,명사,한자어
2,댄스,0,명사,외래어
2,더구나,1,부사,고유어
2,더군다나,0,부사,고유어
2,더더욱,0,부사,고유어
2,더블,0,명사,외래어
2,덤,0,명사,고유어
2,덤프트럭,0,명사,외래어
2,덧셈,0,명사,고유어
2,덩이,0,명사,고유어
2,데다,1,동사,고유어
2,데이트,0,명사,외래어
2,도,10,명사,한자어
2,도넛,0,명사,외래어
2,도둑놈,0,명사,고유어
2,도리,7,명사,한자어
2,도미노,0,명사,외래어
2,도서,6,명사,한자어
2,도우미,0,명사,고유어
2,도중,4,명사,한자어
2,도형,3,명사,한자어
2,독특하다,0,형용사,혼종어
2,돋보이다,0,동사,고유어
2,돌길,1,명사,고유어
2,돌려받다,0,동사,고유어
2,돌잔치,0,명사,고유어
2,동료,0,명사,한자어
2,동물병원,0,명사,한자어
2,동사무소,0,명사,한자어
2,동상,6,명사,한자어
2,동영상,0,명사,한자어
2,동의,2,명사,한자어
2,동의하다,1,동사,혼종어
2,동포,2,명사,한자어
2,되도록,0,부사,고유어
2,되돌아보다,0,동사,고유어
2,두꺼비,0,명사,고유어
2,두뇌,0,명사,한자어
2,두어,0,관형사,고유어
2,두통,0,명사,한자어
2,둥둥,2,부사,고유어
2,뒤늦다,0,형용사,고유어
2,뒤떨어지다,0,동사,고유어
2,뒤지다,1,동사,고유어
2,뒤집어지다,0,동사,고유어
2,뒤처리,0,명사,혼종어
2,뒤척이다,0,동사,고유어
2,뒤틀리다,0,동사,고유어
2,뒷말,1,명사,고유어
2,드라이브,0,명사,외래어
2,드러나다,0,동사,고유어
2,드럼,0,명사,외래어
2,듣기,0,명사,고유어
2,들뜨다,0,동사,고유어
2,들락거리다,0,동사,고유어
2,들통,1,명사,고유어
2,듬성듬성,0,부사,고유어
2,듬직하다,0,형용사,고유어
2,등교,0,명사,한자어
2,등교하다,0,동사,혼종어
2,등급,0,명사/의존명사,한자어
2,등등,1,의존명사,한자어
2,등불,0,명사,혼종어
2,등수,1,명사,한자어
2,등원,2,명사,한자어
2,등원하다,2,동사,혼종어
2,등장인물,0,명사,한자어
2,디귿,0,명사,고유어
2,디디다,0,동사,고유어
2,디자인,0,명사,외래어
2,디자인하다,0,동사,혼종어
2,딛다,0,동사,고유어
2,따끈따끈하다,0,형용사,고유어
2,따끈하다,0,형용사,고유어
2,따돌림,0,명사,고유어
2,따라서,0,부사,고유어
2,따름,1,의존명사,고유어
2,따위,0,의존명사,고유어
2,딱지,1,명사,고유어
2,딱지치기,0,명사,혼종어
2,딱풀,0,명사,고유어
2,딴생각,0,명사,고유어
2,딸리다,1,동사,고유어
2,때다,1,동사,고유어
2,때로,0,부사,고유어
2,때마침,0,부사,고유어
2,때우다,0,동사,고유어
2,떠밀다,0,동사,고유어
2,떠밀리다,0,동사,고유어
2,떡,3,부사,고유어
2,떡국,0,명사,고유어
2,떡집,0,명사,고유어
2,떨치다,2,동사,고유어
2,떳떳하다,0,형용사,고유어
2,또래,0,명사,고유어
2,똑,1,부사,고유어
2,똥개,0,명사,고유어
2,똥파리,0,명사,고유어
2,뚜렷하다,0,형용사,고유어
2,뚝딱,2,부사,고유어
2,뚱보,0,명사,고유어
2,뜯어내다,0,동사,고유어
2,뜻깊다,0,형용사,고유어
2,뜻대로,0,부사,고유어
2,뜻밖,0,명사,고유어
2,뜻하다,0,동사,고유어
2,띄다,1,동사,고유어
2,라인,1,명사,외래어
2,라일락,0,명사,외래어
2,램프,1,명사,외래어
2,레벨,1,명사,외래어
2,레슬링,0,명사,외래어
2,레이저,0,명사,외래어
2,레일,0,명사,외래어
2,롤러코스터,0,명사,외래어
2,리더,0,명사,외래어
2,리듬,0,명사,외래어
2,리을,0,명사,고유어
2,리코더,0,명사,외래어
2,링,1,명사,외래어
2,마구마구,0,부사,고유어
2,마구잡이,0,명사,고유어
2,마귀,0,명사,한자어
2,마귀할멈,0,명사,혼종어
2,마누라,0,명사,고유어
2,마디,1,명사,고유어
2,마땅히,0,부사,고유어
2,마라톤,0,명사,외래어
2,마법사,0,명사,한자어
2,마비,2,명사,한자어
2,마비되다,0,동사,혼종어
2,마사지,0,명사,외래어
2,마우스,2,명사,외래어
2,마음가짐,0,명사,고유어
2,마저,0,부사/조사,고유어
2,마취,0,명사,한자어
2,마침표,1,명사,혼종어
2,마트,2,명사,외래어
2,막걸리,0,명사,고유어
2,막내딸,0,명사,고유어
2,막내아들,0,명사,고유어
2,막상,1,부사,고유어
2,만,1,의존 명사,고유어
2,만남,0,명사,고유어
2,만둣국,0,명사,혼종어
2,만점,0,명사,한자어
2,만족스럽다,0,형용사,혼종어
2,만지작거리다,0,동사,고유어
2,만치,0,의존명사/조사,고유어
2,말기,3,명사,한자어
2,말끝,0,명사,고유어
2,말리다,1,동사,고유어
2,말문,1,명사,혼종어
2,말씀드리다,0,동사,고유어
2,망,7,명사,한자어
2,망고,3,명사,외래어
2,망신,2,명사,한자어
2,망토,0,명사,외래어
2,맞벌이,0,명사,고유어
2,맞서다,0,동사,고유어
2,맞장구,0,명사,고유어
2,매기다,0,동사,고유어
2,매년,0,명사/부사,한자어
2,매달,0,명사/부사,혼종어
2,매력,0,명사,한자어
2,매력적,0,명사/관형사,한자어
2,매번,0,명사/부사,한자어
2,매섭다,0,형용사,고유어
2,매연,2,명사,한자어
2,매운맛,0,명사,고유어
2,매장,6,명사,한자어
2,매점,2,명사,한자어
2,매표소,0,명사,한자어
2,맥주,0,명사,한자어
2,맴돌다,0,동사,고유어
2,맺히다,0,동사,고유어
2,머리끝,0,명사,고유어
2,머릿결,0,명사,고유어
2,머무르다,0,동사,고유어
2,먹을거리,0,명사,고유어
2,멀리멀리,0,부사,고유어
2,멎다,0,동사,고유어
2,메다,1,동사,고유어
2,메모지,0,명사,혼종어
2,멤버,0,명사,외래어
2,멧돼지,0,명사,고유어
2,며느리,0,명사,고유어
2,멱살,0,명사,고유어
2,면,8,명사,한자어
2,멸치볶음,0,명사,고유어
2,명단,1,명사,한자어
2,명랑하다,0,형용사,혼종어
2,명예,1,명사,한자어
2,명절,1,명사,한자어
2,명찰,1,명사,한자어
2,명품,0,명사,한자어
2,명확하다,0,형용사,혼종어
2,모,1,명사,고유어
2,모녀,0,명사,한자어
2,모니터,0,명사,외래어
2,모델,0,명사,외래어
2,모둠,0,명사,고유어
2,모범,2,명사,한자어
2,모범생,0,명사,한자어
2,모서리,0,명사,고유어
2,모욕,0,명사,한자어
2,모음,2,명사,한자어
2,모집,0,명사,한자어
2,모집하다,0,동사,혼종어
2,모처럼,0,부사,고유어
2,모형,4,명사,한자어
2,목사,5,명사,한자어
2,목장,3,명사,한자어
2,목적,3,명사,한자어
2,목표,0,명사,한자어
2,몰라보다,0,동사,고유어
2,몰리다,0,동사,고유어
2,몰아넣다,0,동사,고유어
2,몰아치다,0,동사,고유어
2,몸속,0,명사,고유어
2,몸짓,0,명사,고유어
2,못나다,0,동사,고유어
2,못지않다,0,형용사,고유어
2,묘,6,명사,한자어
2,묘기,2,명사,한자어
2,무,8,명사/의존명사,한자어
2,무뚝뚝하다,0,형용사,고유어
2,무려,2,부사,한자어
2,무르다,2,동사,고유어
2,무릅쓰다,0,동사,고유어
2,무리,5,명사,한자어
2,무리하다,0,동사/형용사,혼종어
2,무서움,0,명사,고유어
2,무선,2,명사,한자어
2,무식하다,0,형용사,혼종어
2,무심하다,0,형용사,혼종어
2,무인도,0,명사,한자어
2,무적,1,명사,한자어
2,무죄,0,명사,한자어
2,무찌르다,0,동사,고유어
2,무한,2,명사,한자어
2,묵다,2,동사,고유어
2,묵찌빠,0,명사,고유어
2,문고리,1,명사,혼종어
2,문구점,0,명사,한자어
2,문명,3,명사,한자어
2,문서,0,명사,한자어
2,문자,2,명사,한자어
2,문장,2,명사,한자어
2,문제점,0,명사,한자어
2,문지기,0,명사,혼종어
2,문턱,2,명사,혼종어
2,문학,1,명사,한자어
2,문화,1,명사,한자어
2,물렁물렁하다,0,형용사,고유어
2,물소리,0,명사,고유어
2,물씬,1,부사,고유어
2,물약,3,명사,혼종어
2,물장난,0,명사,고유어
2,물질,2,명사,한자어
2,물체,0,명사,한자어
2,물품,0,명사,한자어
2,뭉게뭉게,0,부사,고유어
2,뭉클하다,0,형용사,고유어
2,미,7,명사,한자어
2,미국,3,명사,한자어
2,미국인,0,명사,한자어
2,미끌미끌,0,부사,고유어
2,미끌미끌하다,0,형용사,고유어
2,미남,0,명사,한자어
2,미녀,0,명사,한자어
2,미니,1,명사,외래어
2,미디어,0,명사,외래어
2,미만,1,명사,한자어
2,미사일,0,명사,외래어
2,미숫가루,0,명사,고유어
2,미음,1,명사,고유어
2,미인,1,명사,한자어
2,미처,0,부사,고유어
2,미터,2,의존명사,외래어
2,민망하다,0,형용사,혼종어
2,민속,1,명사,한자어
2,민주,1,명사,한자어
2,믿기다,0,동사,고유어
2,믿음,0,명사,고유어
2,믿음직스럽다,0,형용사,고유어
2,밀림,0,명사,한자어
2,밑그림,0,명사,고유어
2,바닷속,0,명사,고유어
2,바른말,0,명사,고유어
2,바삐,0,부사,고유어
2,바스락거리다,0,동사,고유어
2,바탕,1,명사,고유어
2,박자,0,명사,한자어
2,박치기,1,명사,고유어
2,박하,0,명사,한자어
2,반납,2,명사,한자어
2,반납하다,2,동사,혼종어
2,반듯이,0,부사,고유어
2,반말,0,명사,혼종어
2,반말하다,0,동사,혼종어
2,반면,2,명사,한자어
2,반복되다,0,동사,혼종어
2,반영,1,명사,한자어
2,반응,0,명사,한자어
2,반응하다,0,동사,혼종어
2,반짝반짝하다,0,형용사/동사,고유어
2,반하다,3,동사,혼종어
2,받아쓰기,0,명사,고유어
2,발,9,의존명사,한자어
2,발견되다,0,동사,혼종어
2,발길,0,명사,고유어
2,발달,0,명사,한자어
2,발달되다,0,동사,혼종어
2,발달하다,0,동사,혼종어
2,발밑,0,명사,고유어
2,발생,0,명사,한자어
2,발생되다,0,동사,혼종어
2,발생하다,0,동사,혼종어
2,발자취,0,명사,고유어
2,발작,0,명사,한자어
2,발전,1,명사,한자어
2,발전되다,0,동사,혼종어
2,발전하다,1,동사,혼종어
2,발차기,0,명사,고유어
2,발표되다,0,동사,혼종어
2,밝아지다,0,동사,고유어
2,밤새우다,0,동사,고유어
2,밥솥,0,명사,고유어
2,밥통,0,명사,혼종어
2,방,10,의존명사,한자어
2,방문하다,0,동사,혼종어
2,방식,1,명사,한자어
2,방안,1,명사,한자어
2,방울토마토,0,명사,혼종어
2,방해되다,0,동사,혼종어
2,배경,1,명사,한자어
2,배다,1,동사,고유어
2,배다,2,동사,고유어
2,배려,2,명사,한자어
2,배려하다,2,동사,혼종어
2,배신,1,명사,한자어
2,배신하다,0,동사,혼종어
2,배치,2,명사,한자어
2,배치하다,2,동사,혼종어
2,백,7,명사,외래어
2,백신,2,명사,외래어
2,백조,1,명사,한자어
2,백지,5,명사,한자어
2,밴드,1,명사,외래어
2,뱅글뱅글,2,부사,고유어
2,버터,0,명사,외래어
2,벅차다,0,형용사,고유어
2,번쩍,2,부사,고유어
2,벌거벗다,0,동사,고유어
2,벌집,0,명사,고유어
2,벌컥벌컥,2,부사,고유어
2,범벅,0,명사,고유어
2,범위,0,명사,한자어
2,범죄,0,명사,한자어
2,법원,1,명사,한자어
2,법칙,0,명사,한자어
2,벚꽃,0,명사,고유어
2,베끼다,1,동사,고유어
2,베풀다,0,동사,고유어
2,벤치,0,명사,외래어
2,벼르다,1,동사,고유어
2,벽면,0,명사,한자어
2,변경,4,명사,한자어
2,변경되다,0,동사,혼종어
2,변경하다,0,동사,혼종어
2,변화,0,명사,한자어
2,변화하다,0,동사,혼종어
2,별,2,관형사,한자어
2,별개,0,명사,한자어
2,별도,1,명사,한자어
2,별장,3,명사,한자어
2,병균,0,명사,한자어
2,병문안,0,명사,한자어
2,병사,2,명사,한자어
2,보,16,명사,한자어
2,보건,1,명사,한자어
2,보건실,0,명사,한자어
2,보고,3,명사,한자어
2,보고하다,2,동사,혼종어
2,보답,2,명사,한자어
2,보답하다,0,동사,혼종어
2,보따리,0,명사,혼종어
2,보람차다,0,형용사,고유어
2,보름,1,명사,고유어
2,보배,0,명사,고유어
2,보상,2,명사,한자어
2,보상하다,2,동사,혼종어
2,보안,1,명사,한자어
2,보약,0,명사,한자어
2,보조,2,명사,한자어
2,보조개,0,명사,고유어
2,보충,0,명사,한자어
2,보충하다,0,동사,혼종어
2,보호,1,명사,한자어
2,보호자,0,명사,한자어
2,보호하다,0,동사,혼종어
2,복권,2,명사,한자어
2,복사,9,명사,한자어
2,복사하다,3,동사,혼종어
2,복습,0,명사,한자어
2,복습하다,0,동사,혼종어
2,볶음밥,0,명사,고유어
2,본격적,0,명사/관형사,한자어
2,본관,4,명사,한자어
2,본능,0,명사,한자어
2,본명,1,명사,한자어
2,본문,1,명사,한자어
2,본받다,0,동사,혼종어
2,본인,0,명사/대명사,한자어
2,봄꽃,0,명사,고유어
2,봉사,2,명사,한자어
2,봉사자,0,명사,한자어
2,봉사하다,1,동사,혼종어
2,뵈다,2,동사,고유어
2,부근,3,명사,한자어
2,부끄러움,0,명사,고유어
2,부담,1,명사,한자어
2,부담하다,0,동사,혼종어
2,부대,7,명사,한자어
2,부디,0,부사,고유어
2,부랴부랴,0,부사,고유어
2,부르다,2,형용사,고유어
2,부산,2,명사,한자어
2,부상자,0,명사,한자어
2,부위,4,명사,한자어
2,부자,2,명사,한자어
2,부작용,0,명사,한자어
2,부장,6,명사,한자어
2,부적,3,명사,한자어
2,부정,10,명사,한자어
2,부정하다,6,동사,혼종어
2,부처,1,명사,고유어
2,부치다,4,동사,고유어
2,부활,1,명사,한자어
2,부회장,0,명사,한자어
2,북극곰,0,명사,혼종어
2,북한,3,명사,한자어
2,분노,0,명사,한자어
2,분단,2,명사,한자어
2,분단,3,명사,한자어
2,분리,4,명사,한자어
2,분리되다,0,동사,혼종어
2,분리수거,0,명사,한자어
2,분리하다,3,동사,혼종어
2,분석,2,명사,한자어
2,분석하다,2,동사,혼종어
2,분실물,0,명사,한자어
2,분쟁,3,명사,한자어
2,붇다,0,동사,고유어
2,불가사리,2,명사,고유어
2,불길,1,명사,고유어
2,불길하다,0,형용사,혼종어
2,불도저,0,명사,외래어
2,불법,1,명사,한자어
2,불안,1,명사,한자어
2,불안감,0,명사,한자어
2,불장난,0,명사,고유어
2,불효,1,명사,한자어
2,붉어지다,0,동사,고유어
2,붓다,1,동사,고유어
2,붕어빵,0,명사,고유어
2,비겁하다,0,형용사,혼종어
2,비난,0,명사,한자어
2,비난하다,0,동사,혼종어
2,비누칠,0,명사,혼종어
2,비눗물,0,명사,고유어
2,비단,3,명사,한자어
2,비뚤비뚤,0,부사,고유어
2,비록,1,부사,고유어
2,비료,0,명사,한자어
2,비만,1,명사,한자어
2,비명,2,명사,한자어
2,비법,2,명사,한자어
2,비서,5,명사,한자어
2,비엔나소시지,0,명사,외래어
2,비용,2,명사,한자어
2,비읍,1,명사,고유어
2,비중,1,명사,한자어
2,비참하다,0,형용사,혼종어
2,비틀비틀,0,부사,고유어
2,비판,1,명사,한자어
2,빈곤,0,명사,한자어
2,빌라,2,명사,외래어
2,빗나가다,0,동사,고유어
2,빗대다,0,동사,고유어
2,빙고,3,명사,외래어
2,빚,0,명사,고유어
2,빠져들다,0,동사,고유어
2,빤질빤질,0,부사,고유어
2,빤짝빤짝,1,부사,고유어
2,빨간빛,0,명사,고유어
2,빨아먹다,0,동사,고유어
2,빼기,1,명사,고유어
2,뺄셈,0,명사,고유어
2,뻐꾸기,0,명사,고유어
2,뻣뻣하다,0,형용사,고유어
2,뻥튀기,0,명사,고유어
2,뼈다귀,0,명사,고유어
2,뽀뽀하다,0,동사,고유어
2,삐걱거리다,0,동사,고유어
2,삐걱삐걱,0,부사,고유어
2,삐다,2,동사,고유어
2,삐딱하다,0,형용사,고유어
2,사각사각,0,부사,고유어
2,사거리,1,명사,혼종어
2,사격,3,명사,한자어
2,사계절,0,명사,한자어
2,사마귀,1,명사,고유어
2,사망,4,명사,한자어
2,사망하다,1,동사,혼종어
2,사무소,0,명사,한자어
2,사물함,0,명사,한자어
2,사방,2,명사,한자어
2,사업,4,명사,한자어
2,사연,4,명사,한자어
2,사용되다,0,동사,혼종어
2,사용자,0,명사,한자어
2,사위,1,명사,고유어
2,사이렌,1,명사,외래어
2,사이사이,0,명사,고유어
2,사인펜,0,명사,외래어
2,사정,7,명사,한자어
2,사치,2,명사,한자어
2,사투리,0,명사,고유어
2,사파리,0,명사,외래어
2,산타클로스,0,명사,외래어
2,산토끼,0,명사,혼종어
2,살랑살랑,1,부사,고유어
2,살며시,0,부사,고유어
2,살인,0,명사,한자어
2,살인자,0,명사,한자어
2,살인하다,0,동사,혼종어
2,삼거리,1,명사,혼종어
2,삼국,0,명사,한자어
2,상관,3,명사,한자어
2,상관하다,2,동사,혼종어
2,상금,4,명사,한자어
2,상담,1,명사,한자어
2,상담하다,1,동사,혼종어
2,상당히,0,부사,혼종어
2,상대방,2,명사,한자어
2,상대하다,0,동사,혼종어
2,상식,6,명사,한자어
2,상의,8,명사,한자어
2,상장,9,명사,한자어
2,상점,0,명사,한자어
2,새까맣다,0,형용사,고유어
2,새끼발가락,0,명사,고유어
2,새색시,0,명사,고유어
2,새소리,0,명사,고유어
2,새엄마,0,명사,고유어
2,새우다,1,동사,고유어
2,새치기,0,명사,고유어
2,새치기하다,0,동사,고유어
2,새카맣다,0,형용사,고유어
2,새콤달콤하다,0,형용사,고유어
2,새콤하다,0,형용사,고유어
2,새하얗다,0,형용사,고유어
2,샘,1,명사,고유어
2,생략,0,명사,한자어
2,생략하다,0,동사,혼종어
2,생물,0,명사,한자어
2,생산,0,명사,한자어
2,생산하다,0,동사,혼종어
2,생생하다,0,형용사,고유어
2,생수,2,명사,한자어
2,생일잔치,0,명사,혼종어
2,생태,2,명사,한자어
2,샤워기,0,명사,혼종어
2,서류,2,명사,한자어
2,서울,1,명사,고유어
2,서재,2,명사,한자어
2,서적,2,명사,한자어
2,선,13,명사,한자어
2,선거,4,명사,한자어
2,선두,1,명사,한자어
2,선배,0,명사,한자어
2,선비,1,명사,고유어
2,선선하다,0,형용사,고유어
2,선언,1,명사,한자어
2,선언하다,0,동사,혼종어
2,선원,6,명사,한자어
2,설득,0,명사,한자어
2,설득하다,0,동사,혼종어
2,설문,1,명사,한자어
2,설치,2,명사,한자어
2,설치다,2,동사,고유어
2,설치되다,1,동사,혼종어
2,설치하다,1,동사,혼종어
2,섬기다,0,동사,고유어
2,섬세하다,0,형용사,혼종어
2,성경,3,명사,한자어
2,성공적,0,명사/관형사,한자어
2,성능,0,명사,한자어
2,성당,3,명사,한자어
2,성묘,2,명사,한자어
2,성별,1,명사,한자어
2,성분,1,명사,한자어
2,성실하다,2,형용사,혼종어
2,성실히,0,부사,혼종어
2,성의,5,명사,한자어
2,성인,1,명사,한자어
2,성장,1,명사,한자어
2,성장하다,1,동사,혼종어
2,성적표,0,명사,한자어
2,성질,0,명사,한자어
2,성취,2,명사,한자어
2,성취감,0,명사,한자어
2,성함,0,명사,한자어
2,세,9,의존명사,한자어
2,세계사,0,명사,한자어
2,세금,1,명사,한자어
2,세기,3,명사,한자어
2,세련되다,0,형용사,혼종어
2,세발자전거,0,명사,혼종어
2,세월,2,명사,한자어
2,세일,0,명사,외래어
2,세종,2,명사,한자어
2,세트,0,명사,외래어
2,세포,2,명사,한자어
2,셔츠,0,명사,외래어
2,소감,2,명사,한자어
2,소꿉놀이,0,명사,고유어
2,소라,2,명사,고유어
2,소방,4,명사,한자어
2,소방대원,0,명사,한자어
2,소비,4,명사,한자어
2,소비하다,0,동사,혼종어
2,소설,3,명사,한자어
2,소설가,0,명사,한자어
2,소수,8,명사,한자어
2,소아,3,명사,한자어
2,소유,2,명사,한자어
2,소유자,0,명사,한자어
2,소유하다,1,동사,혼종어
2,소재,5,명사,한자어
2,소주,4,명사,한자어
2,소지품,0,명사,한자어
2,소질,2,명사,한자어
2,소품,2,명사,한자어
2,소화기,3,명사,한자어
2,속담,0,명사,한자어
2,속력,0,명사,한자어
2,속셈,0,명사,고유어
2,속임수,0,명사,혼종어
2,손깍지,0,명사,고유어
2,손꼽다,0,동사,고유어
2,손뼉,0,명사,고유어
2,손수,1,부사,고유어
2,손쉽다,0,형용사,고유어
2,손재주,0,명사,고유어
2,손질,0,명사,고유어
2,손질하다,0,동사,고유어
2,손톱깎이,0,명사,고유어
2,손해,0,명사,한자어
2,솔로,1,명사,외래어
2,솜이불,0,명사,고유어
2,송충이,0,명사,혼종어
2,솥뚜껑,0,명사,고유어
2,쇠다,2,동사,고유어
2,수단,1,명사,한자어
2,수달,1,명사,한자어
2,수도,9,명사,한자어
2,수면,7,명사,한자어
2,수명,5,명사,한자어
2,수분,1,명사,한자어
2,수사,18,명사,한자어
2,수상하다,3,동사,혼종어
2,수세미,1,명사,고유어
2,수술,3,명사,한자어
2,수술비,0,명사,한자어
2,수술하다,0,동사,혼종어
2,수시로,0,부사,혼종어
2,수저통,0,명사,혼종어
2,수정,8,명사,한자어
2,수정하다,3,동사,혼종어
2,수제비,0,명사,고유어
2,수준,0,명사,한자어
2,수집,2,명사,한자어
2,수집하다,2,동사,혼종어
2,수탉,0,명사,고유어
2,수학,5,명사,한자어
2,수행,2,명사,한자어
2,수호신,0,명사,한자어
2,수확하다,0,동사,혼종어
2,숙소,2,명사,한자어
2,순두부,0,명사,혼종어
2,순수하다,2,형용사,혼종어
2,순위,0,명사,한자어
2,술,6,의존명사,고유어
2,술래잡기,0,명사,고유어
2,술술,0,부사,고유어
2,술집,0,명사,고유어
2,숨지다,0,동사,고유어
2,숲길,0,명사,고유어
2,쉬워지다,0,동사,고유어
2,쉼표,0,명사,혼종어
2,스승,0,명사,고유어
2,스케이트장,0,명사,혼종어
2,스크린,0,명사,외래어
2,스키장,0,명사,혼종어
2,스타,0,명사,외래어
2,스타일,0,명사,외래어
2,스타킹,0,명사,외래어
2,스토리,0,명사,외래어
2,스트레스,0,명사,외래어
2,스티로폼,0,명사,외래어
2,스프링,1,명사,외래어
2,슬라이드,0,명사,외래어
2,슬슬,1,부사,고유어
2,습기,2,명사,한자어
2,승낙,0,명사,한자어
2,승리자,0,명사,한자어
2,승부,3,명사,한자어
2,승자,3,명사,한자어
2,시각,3,명사,한자어
2,시골집,0,명사,고유어
2,시꺼멓다,0,형용사,고유어
2,시내버스,0,명사,혼종어
2,시늉,0,명사,고유어
2,시대,2,명사,한자어
2,시도,7,명사,한자어
2,시도하다,3,동사,혼종어
2,시동,3,명사,한자어
2,시력,1,명사,한자어
2,시리즈,0,명사,외래어
2,시멘트,0,명사,외래어
2,시무룩하다,0,형용사,고유어
2,시민,0,명사,한자어
2,시선,3,명사,한자어
2,시설,2,명사,한자어
2,시소,3,명사,외래어
2,시아버지,0,명사,혼종어
2,시어머니,0,명사,혼종어
2,시옷,0,명사,고유어
2,시인,10,명사,한자어
2,시장,3,명사,한자어
2,시집,1,명사,혼종어
2,시집,3,명사,한자어
2,시청,1,명사,한자어
2,시청,3,명사,한자어
2,시청자,0,명사,한자어
2,시청하다,2,동사,혼종어
2,시험장,0,명사,한자어
2,시험지,0,명사,한자어
2,식량,3,명사,한자어
2,식성,0,명사,한자어
2,신경,4,명사,한자어
2,신규,0,명사,한자어
2,신기다,0,동사,고유어
2,신기록,0,명사,한자어
2,신문사,0,명사,한자어
2,신발주머니,0,명사,고유어
2,신분,2,명사,한자어
2,신속하다,2,형용사,혼종어
2,신인,7,명사,한자어
2,신입생,0,명사,한자어
2,신청,1,명사,한자어
2,신청서,0,명사,한자어
2,신청하다,1,동사,혼종어
2,신체,1,명사,한자어
2,신화,4,명사,한자어
2,실기,4,명사,한자어
2,실리다,1,동사,고유어
2,실물,2,명사,한자어
2,실습,0,명사,한자어
2,실시,3,명사,한자어
2,실시되다,0,동사,혼종어
2,실시하다,3,동사,혼종어
2,실천,1,명사,한자어
2,실천하다,1,동사,혼종어
2,실행,2,명사,한자어
2,실행되다,0,동사,혼종어
2,실행하다,2,동사,혼종어
2,실험실,0,명사,한자어
2,실험하다,0,동사,혼종어
2,싫증,0,명사,혼종어
2,심,2,명사,한자어
2,심리,1,명사,한자어
2,심사,8,명사,한자어
2,심사하다,4,동사,혼종어
2,심심풀이,0,명사,고유어
2,싸구려,0,명사/감탄사,고유어
2,싸움하다,0,동사,고유어
2,쌀쌀맞다,0,형용사,고유어
2,쌍꺼풀,0,명사,혼종어
2,썰렁하다,0,형용사,고유어
2,쏙쏙,0,부사,고유어
2,쏠리다,0,동사,고유어
2,쐬다,1,동사,고유어
2,쑥,2,명사,고유어
2,쓰이다,3,동사,고유어
2,쓰임새,0,명사,고유어
2,쓱,0,부사,고유어
2,쓱쓱,0,부사,고유어
2,쓸모없다,0,형용사,고유어
2,씨,5,명사/의존 명사/대명사,한자어
2,씩,1,부사,고유어
2,씻기다,1,동사,고유어
2,아가씨,0,명사,고유어
2,아기별,0,명사,고유어
2,아나운서,0,명사,외래어
2,아동,2,명사,한자어
2,아래위,0,명사,고유어
2,아랫니,0,명사,고유어
2,아랫부분,0,명사,혼종어
2,아랫집,0,명사,고유어
2,아르바이트,0,명사,외래어
2,아리랑,2,명사,고유어
2,아웃,1,명사,외래어
2,아이디어,0,명사,외래어
2,아장아장,0,부사,고유어
2,아찔하다,0,형용사,고유어
2,아홉째,0,수사/관형사/명사,고유어
2,악,4,명사,한자어
2,악물다,0,동사,고유어
2,안간힘,0,명사,고유어
2,안내서,0,명사,한자어
2,안내원,0,명사,한자어
2,안부,1,명사,한자어
2,안절부절못하다,0,동사,고유어
2,안정,1,명사,한자어
2,안정되다,0,동사,혼종어
2,안타까워하다,0,동사,고유어
2,알갱이,2,명사,고유어
2,알뜰하다,0,형용사,고유어
2,알람,0,명사,외래어
2,알려지다,0,동사,고유어
2,알록달록,0,부사,고유어
2,알림,0,명사,고유어
2,알아차리다,0,동사,고유어
2,알코올,0,명사,외래어
2,앓다,0,동사,고유어
2,암,7,명사,한자어
2,암탉,0,명사,고유어
2,암흑,0,명사,한자어
2,압도적,0,명사/관형사,한자어
2,압력,0,명사,한자어
2,앞당기다,0,동사,고유어
2,앞문,0,명사,혼종어
2,앞서,0,부사,고유어
2,애국자,0,명사,한자어
2,애매하다,2,형용사,혼종어
2,애완동물,0,명사,한자어
2,애인,2,명사,한자어
2,애정,2,명사,한자어
2,애초,1,명사,혼종어
2,애타다,0,동사,고유어
2,액수,3,명사,한자어
2,액체,0,명사,한자어
2,야간,0,명사,한자어
2,야경,2,명사,한자어
2,야금야금,0,부사,고유어
2,야단치다,0,동사,혼종어
2,야생,1,명사,한자어
2,야하다,1,형용사,혼종어
2,약,1,명사,고유어
2,약,3,관형사,한자어
2,약값,0,명사,혼종어
2,약점,1,명사,한자어
2,약초,0,명사,한자어
2,얄밉다,0,형용사,고유어
2,양,2,의존명사,고유어
2,양면테이프,0,명사,혼종어
2,양반,3,명사,한자어
2,양상추,0,명사,혼종어
2,양심,1,명사,한자어
2,양심적,0,명사/관형사,한자어
2,양팔,0,명사,혼종어
2,어금니,0,명사,고유어
2,어김없이,0,부사,고유어
2,어느덧,0,부사,고유어
2,어두컴컴하다,0,형용사,고유어
2,어둑어둑하다,0,형용사,고유어
2,어르신,0,명사,고유어
2,어림,1,명사,고유어
2,어서어서,0,부사,고유어
2,어여쁘다,0,형용사,고유어
2,어이없다,0,형용사,고유어
2,어이쿠,0,감탄사,고유어
2,어쩜,0,부사/감탄사,고유어
2,어차피,0,부사,한자어
2,억,3,수사/관형사,한자어
2,언론,0,명사,한자어
2,얼떨결,0,명사,고유어
2,얼룩지다,0,동사,고유어
2,얼음판,0,명사,고유어
2,얼핏,0,부사,고유어
2,얽히다,0,동사,고유어
2,엄두,0,명사,고유어
2,엄지발가락,0,명사,고유어
2,엄지발톱,0,명사,고유어
2,엄지손톱,0,명사,고유어
2,업적,0,명사,한자어
2,업히다,2,동사,고유어
2,엉성하다,0,형용사,고유어
2,엉키다,0,동사,고유어
2,엎질러지다,0,동사,고유어
2,에스컬레이터,0,명사,외래어
2,엑스레이,0,명사,외래어
2,엔진,0,명사,외래어
2,여가,3,명사,한자어
2,여덟째,0,수사/관형사/명사,고유어
2,여름날,0,명사,고유어
2,여름밤,0,명사,고유어
2,여름옷,0,명사,고유어
2,여백,0,명사,한자어
2,여섯째,0,수사/관형사/명사,고유어
2,여성,1,명사,한자어
2,여신,2,명사,한자어
2,여유,0,명사,한자어
2,여인,1,명사,한자어
2,여전하다,0,형용사,혼종어
2,여전히,0,부사,혼종어
2,여쭈다,0,동사,고유어
2,여태,1,부사,고유어
2,여태껏,0,부사,고유어
2,역사상,2,명사,한자어
2,역전,7,명사,한자어
2,연,1,명사,한자어
2,연결되다,0,동사,혼종어
2,연관,6,명사,한자어
2,연구,3,명사,한자어
2,연구소,0,명사,한자어
2,연구실,0,명사,한자어
2,연구하다,2,동사,혼종어
2,연기,4,명사,한자어
2,연기,9,명사,한자어
2,연도,1,명사,한자어
2,연락처,0,명사,한자어
2,연말,1,명사,한자어
2,연설,2,명사,한자어
2,연세,2,명사,한자어
2,연습장,2,명사,한자어
2,연애,5,명사,한자어
2,연예인,0,명사,한자어
2,연인,5,명사,한자어
2,연장,4,명사,한자어
2,연탄,3,명사,한자어
2,연필깎이,0,명사,혼종어
2,연필꽂이,0,명사,혼종어
2,연필심,0,명사,한자어
2,열기,4,명사,한자어
2,열나다,0,동사,혼종어
2,열대,3,명사,한자어
2,열대어,0,명사,한자어
2,열무김치,0,명사,고유어
2,열정,2,명사,한자어
2,열중,0,명사,한자어
2,열중하다,0,동사,혼종어
2,열째,0,수사/관형사/명사,고유어
2,열흘,0,명사,고유어
2,염색,1,명사,한자어
2,염증,1,명사,한자어
2,영광,1,명사,한자어
2,영수증,0,명사,한자어
2,영양,5,명사,한자어
2,영양소,0,명사,한자어
2,영양제,0,명사,한자어
2,영업,0,명사,한자어
2,영역,3,명사,한자어
2,영재,3,명사,한자어
2,영토,3,명사,한자어
2,영하,0,명사,한자어
2,영향,4,명사,한자어
2,영혼,2,명사,한자어
2,예,7,명사,한자어
2,예고,1,명사,한자어
2,예고되다,0,동사,혼종어
2,예민하다,1,형용사,혼종어
2,예방하다,1,동사,혼종어
2,예보,0,명사,한자어
2,예비,2,명사,한자어
2,예상,2,명사,한자어
2,예상되다,0,동사,혼종어
2,예상하다,0,동사,혼종어
2,예선,2,명사,한자어
2,예수,6,명사,외래어
2,예술,0,명사,한자어
2,예습,0,명사,한자어
2,예정,2,명사,한자어
2,예정되다,0,동사,혼종어
2,옛이야기,0,명사,고유어
2,오동통하다,0,형용사,고유어
2,오두막,0,명사,혼종어
2,오두막집,0,명사,혼종어
2,오락,1,명사,한자어
2,오류,3,명사,한자어
2,오르막,0,명사,고유어
2,오른편,0,명사,혼종어
2,오버,0,명사/감탄사,외래어
2,오손도손,0,부사,고유어
2,오순도순,0,부사,고유어
2,오아시스,0,명사,외래어
2,오죽하다,0,형용사,고유어
2,오줌싸개,0,명사,고유어
2,오직,1,부사,고유어
2,옥,2,명사,한자어
2,온기,1,명사,한자어
2,온순하다,2,형용사,혼종어
2,올,2,명사,고유어
2,올빼미,0,명사,고유어
2,올해,0,명사,고유어
2,옮다,0,동사,고유어
2,완전하다,1,형용사,혼종어
2,왕관,1,명사,한자어
2,왕국,0,명사,한자어
2,왜적,2,명사,한자어
2,외계,1,명사,한자어
2,외국어,0,명사,한자어
2,외모,2,명사,한자어
2,외식하다,1,동사,혼종어
2,외톨이,0,명사,고유어
2,왼손잡이,0,명사,고유어
2,요가,0,명사,외래어
2,요괴,0,명사,한자어
2,요구,1,명사,한자어
2,요구하다,0,동사,혼종어
2,요금,1,명사,한자어
2,요렇다,0,형용사,고유어
2,요술쟁이,0,명사,혼종어
2,요약하다,2,동사,혼종어
2,요요,12,명사,외래어
2,욕심쟁이,0,명사,혼종어
2,용도,2,명사,한자어
2,우,7,명사,한자어
2,우동,2,명사,외래어
2,우러러보다,0,동사,고유어
2,우물가,0,명사,고유어
2,우박,1,명사,한자어
2,우비,3,명사,한자어
2,우수,11,명사,한자어
2,우아하다,0,형용사,혼종어
2,우연하다,0,형용사,혼종어
2,우왕좌왕하다,0,동사,혼종어
2,우주복,0,명사,한자어
2,우주여행,0,명사,한자어
2,우편,4,명사,한자어
2,우편함,0,명사,한자어
2,욱신욱신,0,부사,고유어
2,운동가,1,명사,한자어
2,운명,1,명사,한자어
2,운수,4,명사,한자어
2,운영하다,0,동사,혼종어
2,운전수,0,명사,한자어
2,울퉁불퉁,0,부사,고유어
2,웃음꽃,0,명사,고유어
2,웃음바다,0,명사,고유어
2,웅장하다,0,형용사,혼종어
2,워낙,0,부사,고유어
2,원,13,명사,한자어
2,원료,2,명사,한자어
2,원리,2,명사,한자어
2,원망,1,명사,한자어
2,원망스럽다,0,형용사,혼종어
2,원망하다,1,동사,혼종어
2,원수,4,명사,한자어
2,원칙,0,명사,한자어
2,월급,0,명사,한자어
2,월드컵,0,명사,외래어
2,웬만큼,0,부사,고유어
2,웬만하다,0,형용사,고유어
2,위기,1,명사,한자어
2,위독하다,0,형용사,혼종어
2,위반,3,명사,한자어
2,위생,0,명사,한자어
2,위주,0,명사,한자어
2,위치하다,0,동사,혼종어
2,위협,0,명사,한자어
2,위협하다,0,동사,혼종어
2,윗도리,0,명사,고유어
2,윗부분,0,명사,혼종어
2,윗집,0,명사,고유어
2,유감,4,명사,한자어
2,유도,5,명사,한자어
2,유람선,0,명사,한자어
2,유리병,0,명사,한자어
2,유머,0,명사,외래어
2,유산,7,명사,한자어
2,유아,1,명사,한자어
2,유언,7,명사,한자어
2,유익하다,1,형용사,혼종어
2,유일하다,3,형용사,혼종어
2,유전자,0,명사,한자어
2,유지,8,명사,한자어
2,유지되다,0,동사,혼종어
2,유지하다,2,동사,혼종어
2,유치하다,1,형용사,혼종어
2,유쾌하다,0,형용사,혼종어
2,유학,4,명사,한자어
2,유행어,0,명사,한자어
2,유혹,2,명사,한자어
2,유혹하다,0,동사,혼종어
2,육군,2,명사,한자어
2,육상,2,명사,한자어
2,육체,3,명사,한자어
2,윷,0,명사,고유어
2,으깨다,0,동사,고유어
2,으쓱하다,1,동사,고유어
2,은은하다,2,형용사,혼종어
2,은행,3,명사,한자어
2,은행잎,0,명사,혼종어
2,을,1,명사,한자어
2,음력,2,명사,한자어
2,음모,4,명사,한자어
2,음성,2,명사,한자어
2,음주,0,명사,한자어
2,의도,2,명사,한자어
2,의료,2,명사,한자어
2,의무,1,명사,한자어
2,의문,2,명사,한자어
2,의미하다,2,동사,혼종어
2,의사,2,명사,한자어
2,의사소통,0,명사,한자어
2,의식,4,명사,한자어
2,의식하다,2,동사,혼종어
2,의심스럽다,0,형용사,혼종어
2,의심하다,0,동사,혼종어
2,의아하다,0,형용사,혼종어
2,의외로,0,부사,혼종어
2,의욕,0,명사,한자어
2,의존하다,0,동사,혼종어
2,의지,6,명사,한자어
2,의하다,1,동사,혼종어
2,의학,2,명사,한자어
2,이,4,의존명사,고유어
2,이기적,0,명사/관형사,한자어
2,이끌리다,0,동사,고유어
2,이내,3,부사,고유어
2,이득,0,명사,한자어
2,이런저런,0,관형사,고유어
2,이론,1,명사,한자어
2,이름표,0,명사,혼종어
2,이미지,0,명사,외래어
2,이민,3,명사,한자어
2,이발,2,명사,한자어
2,이발소,0,명사,한자어
2,이벤트,0,명사,외래어
2,이북,0,명사,한자어
2,이사,10,명사,한자어
2,이삼,1,관형사,한자어
2,이쑤시개,0,명사,고유어
2,이야기책,0,명사,혼종어
2,이왕,2,명사/부사,한자어
2,이외,1,명사,한자어
2,이용,1,명사,한자어
2,이응,0,명사,고유어
2,이익,2,명사,한자어
2,이제껏,0,부사,고유어
2,이하,2,명사,한자어
2,이해되다,0,동사,혼종어
2,이혼,2,명사,한자어
2,이혼하다,0,동사,혼종어
2,익숙하다,0,형용사,고유어
2,인공,1,명사,한자어
2,인구,1,명사,한자어
2,인권,1,명사,한자어
2,인내심,0,명사,한자어
2,인도,2,명사,한자어
2,인류,1,명사,한자어
2,인물,0,명사,한자어
2,인상,1,명사,한자어
2,인상,6,명사,한자어
2,인성,1,명사,한자어
2,인쇄하다,0,동사,혼종어
2,인심,1,명사,한자어
2,인연,3,명사,한자어
2,인원,0,명사,한자어
2,인자하다,1,형용사,혼종어
2,인정받다,0,동사,혼종어
2,인정하다,0,동사,혼종어
2,인종,1,명사,한자어
2,인체,0,명사,한자어
2,인터뷰,0,명사,외래어
2,일곱째,0,수사/관형사/명사,고유어
2,일기,11,명사,한자어
2,일반인,0,명사,한자어
2,일방적,0,명사/관형사,한자어
2,일본,2,명사,한자어
2,일본식,0,명사,한자어
2,일본인,0,명사,한자어
2,일상,4,명사,한자어
2,일상생활,0,명사,한자어
2,일생,1,명사,한자어
2,일자리,0,명사,고유어
2,일정,1,명사,한자어
2,일정,3,명사,한자어
2,일정표,0,명사,한자어
2,일정하다,0,형용사,혼종어
2,일종,3,명사,한자어
2,일찍이,0,부사,고유어
2,일치하다,0,동사,혼종어
2,읽히다,2,동사,고유어
2,임금,3,명사,한자어
2,임명,1,명사,한자어
2,임명하다,1,동사,혼종어
2,임무,1,명사,한자어
2,임시,2,명사,한자어
2,입력하다,0,동사,혼종어
2,입원비,0,명사,한자어
2,입장,4,명사,한자어
2,입장료,0,명사,한자어
2,입체,2,명사,한자어
2,잉어,1,명사,고유어
2,자가용,0,명사,한자어
2,자격,4,명사,한자어
2,자국,3,명사,한자어
2,자극적,0,명사/관형사,한자어
2,자극하다,0,동사,혼종어
2,자기소개,0,명사,한자어
2,자네,1,대명사,고유어
2,자녀,1,명사,한자어
2,자라,1,명사,고유어
2,자매,3,명사,한자어
2,자발적,0,명사/관형사,한자어
2,자살,1,명사,한자어
2,자살하다,1,동사,혼종어
2,자손,1,명사,한자어
2,자식,1,명사/의존명사,한자어
2,자욱하다,0,형용사,고유어
2,자원,4,명사,한자어
2,자유,3,명사,한자어
2,자율,0,명사,한자어
2,자존심,0,명사,한자어
2,자주색,0,명사,한자어
2,작곡,1,명사,한자어
2,작별,0,명사,한자어
2,작성,1,명사,한자어
2,작성하다,0,동사,혼종어
2,작용,1,명사,한자어
2,작은방,0,명사,혼종어
2,작은아버지,0,명사,고유어
2,작은어머니,0,명사,고유어
2,작정,1,명사,한자어
2,작품,1,명사,한자어
2,잠수하다,0,동사,혼종어
2,잠잠하다,0,형용사,혼종어
2,잡곡밥,0,명사,혼종어
2,잡지,0,명사,한자어
2,잡초,2,명사,한자어
2,장가,1,명사,고유어
2,장관,2,명사,한자어
2,장난스럽다,0,형용사,고유어
2,장단,1,명사,고유어
2,장담하다,1,동사,혼종어
2,장래,0,명사,한자어
2,장례식,0,명사,한자어
2,장마철,0,명사,고유어
2,장비,4,명사,한자어
2,장사,1,명사,고유어
2,장사,2,명사,한자어
2,장수,9,명사,한자어
2,장애,2,명사,한자어
2,장애자,0,명사,한자어
2,장인,2,명사,한자어
2,장조림,0,명사,혼종어
2,장치,5,명사,한자어
2,장터,0,명사,혼종어
2,잦다,3,형용사,고유어
2,재능,0,명사,한자어
2,재밌다,0,형용사,고유어
2,재발,0,명사,한자어
2,재배하다,3,동사,혼종어
2,재벌,0,명사,한자어
2,재산,0,명사,한자어
2,재작년,0,명사,한자어
2,재촉하다,0,동사,고유어
2,재판,5,명사,한자어
2,재활용,0,명사,한자어
2,재활용품,0,명사,한자어
2,재활용하다,0,동사,혼종어
2,잽싸다,0,형용사,고유어
2,쟤,0,품사없음,고유어
2,저,5,감탄사,고유어
2,저렴하다,0,형용사,혼종어
2,저승,0,명사,고유어
2,저장하다,2,동사,혼종어
2,저주,2,명사,한자어
2,저지르다,0,동사,고유어
2,저질,1,명사,한자어
2,저축하다,0,동사,혼종어
2,적군,3,명사,한자어
2,적극,0,명사/부사,한자어
2,적극적,0,명사/관형사,한자어
2,적용,0,명사,한자어
2,적용되다,0,동사,혼종어
2,적용하다,0,동사,혼종어
2,적절하다,0,형용사,혼종어
2,적합하다,0,형용사,혼종어
2,전교생,0,명사,한자어
2,전구,9,명사,한자어
2,전국,3,명사,한자어
2,전국적,0,명사/관형사,한자어
2,전달되다,0,동사,혼종어
2,전도사,0,명사,한자어
2,전략,3,명사,한자어
2,전망,3,명사,한자어
2,전문,8,명사,한자어
2,전문가,0,명사,한자어
2,전문적,0,명사/관형사,한자어
2,전복,2,명사,한자어
2,전사,20,명사,한자어
2,전설,4,명사,한자어
2,전시하다,1,동사,혼종어
2,전염,0,명사,한자어
2,전염성,0,명사,한자어
2,전원,3,명사,한자어
2,전원,7,명사,한자어
2,전자,6,명사,한자어
2,전지,15,명사,한자어
2,전진,4,명사,한자어
2,전진하다,2,동사,혼종어
2,전체적,0,명사/관형사,한자어
2,전통적,0,명사/관형사,한자어
2,전투,0,명사,한자어
2,전파,4,명사,한자어
2,전학,0,명사,한자어
2,전환,3,명사,한자어
2,전후,1,명사,한자어
2,절다,2,동사,고유어
2,절망,2,명사,한자어
2,절실하다,0,형용사,혼종어
2,절차,2,명사,한자어
2,점검하다,0,동사,혼종어
2,점령하다,0,동사,혼종어
2,점선,0,명사,한자어
2,점원,1,명사,한자어
2,점잖다,0,형용사,고유어
2,점차,2,명사/부사,한자어
2,점토,0,명사,한자어
2,점프하다,0,동사,혼종어
2,접근,0,명사,한자어
2,접대하다,1,동사,혼종어
2,접수,3,명사,한자어
2,접수하다,2,동사,혼종어
2,접종,1,명사,한자어
2,접촉,0,명사,한자어
2,접하다,1,동사,혼종어
2,젓가락질하다,0,동사,고유어
2,정각,2,명사,한자어
2,정교하다,2,형용사,혼종어
2,정년,3,명사,한자어
2,정당하다,1,형용사,혼종어
2,정보,6,명사,한자어
2,정상적,0,명사/관형사,한자어
2,정서,6,명사,한자어
2,정성껏,0,부사,혼종어
2,정시,7,명사,한자어
2,정신과,0,명사,한자어
2,정의,3,명사,한자어
2,정전,12,명사,한자어
2,정정당당하다,0,형용사,혼종어
2,정체,1,명사,한자어
2,정치,3,명사,한자어
2,정치인,0,명사,한자어
2,정치적,0,명사/관형사,한자어
2,정형외과,0,명사,한자어
2,제공,4,명사,한자어
2,제공하다,2,동사,혼종어
2,제국,2,명사,한자어
2,제법,1,부사,고유어
2,제비,2,명사,고유어
2,제사,7,명사,한자어
2,제시하다,1,동사,혼종어
2,제안,2,명사,한자어
2,제왕,1,명사,한자어
2,제외하다,0,동사,혼종어
2,제자,1,명사,한자어
2,제작,2,명사,한자어
2,제작하다,2,동사,혼종어
2,제조,7,명사,한자어
2,제주도,1,명사,한자어
2,제출,2,명사,한자어
2,제출하다,2,동사,혼종어
2,제치다,1,동사,고유어
2,제한,1,명사,한자어
2,조,4,수사/관형사,한자어
2,조개껍질,0,명사,고유어
2,조건,2,명사,한자어
2,조르다,1,동사,고유어
2,조마조마,0,부사,고유어
2,조마조마하다,0,형용사,고유어
2,조만간,0,부사,한자어
2,조수,1,명사,한자어
2,조심스럽다,0,형용사,혼종어
2,조작,5,명사,한자어
2,조작하다,2,동사,혼종어
2,조정하다,6,동사,혼종어
2,조퇴,1,명사,한자어
2,조퇴하다,1,동사,혼종어
2,조회,1,명사,한자어
2,존재하다,0,동사,혼종어
2,졸라매다,0,동사,고유어
2,졸병,0,명사,한자어
2,좁아지다,0,동사,고유어
2,종,3,명사,고유어
2,종료,0,명사,한자어
2,종류,0,명사,한자어
2,종목,1,명사,한자어
2,종알거리다,0,동사,고유어
2,종알대다,0,동사,고유어
2,종업원,0,명사,한자어
2,종이컵,0,명사,혼종어
2,종종,4,명사/부사,한자어
2,좌절,0,명사,한자어
2,좌절하다,0,동사,혼종어
2,죄짓다,0,동사,혼종어
2,주르륵,0,부사,고유어
2,주목,3,명사/감탄사,한자어
2,주문,3,명사,한자어
2,주민,0,명사,한자어
2,주식,3,명사,한자어
2,주요,1,명사,한자어
2,주장,3,명사,한자어
2,주장하다,1,동사,혼종어
2,주제,1,명사,고유어
2,주제,4,명사,한자어
2,죽,3,부사,고유어
2,줄거리,0,명사,고유어
2,줄넘기하다,0,동사,고유어
2,줄다리기,0,명사,고유어
2,줄짓다,0,동사,고유어
2,줌,1,명사,고유어
2,중계,4,명사,한자어
2,중국,1,명사,한자어
2,중국인,0,명사,한자어
2,중단,4,명사,한자어
2,중단하다,0,동사,혼종어
2,중독,0,명사,한자어
2,중독되다,0,동사,혼종어
2,중반,3,명사,한자어
2,중심지,0,명사,한자어
2,중앙,1,명사,한자어
2,중지하다,0,동사,혼종어
2,중학교,0,명사,한자어
2,중학생,0,명사,한자어
2,쥐구멍,0,명사,고유어
2,즉시,0,명사/부사,한자어
2,즙,0,명사,한자어
2,증명서,0,명사,한자어
2,증명하다,0,동사,혼종어
2,증상,1,명사,한자어
2,증세,1,명사,한자어
2,증오,1,명사,한자어
2,증인,1,명사,한자어
2,지게,1,명사,고유어
2,지극히,0,부사,혼종어
2,지긋지긋하다,0,형용사,고유어
2,지난가을,0,명사,고유어
2,지난겨울,0,명사,고유어
2,지난밤,0,명사,고유어
2,지능,0,명사,한자어
2,지도,9,명사,한자어
2,지도자,0,명사,한자어
2,지도하다,0,동사,혼종어
2,지독하다,0,형용사,혼종어
2,지문,5,명사,한자어
2,지배,1,명사,한자어
2,지배하다,1,동사,혼종어
2,지상,1,명사,한자어
2,지속되다,0,동사,혼종어
2,지속적,0,명사/관형사,한자어
2,지속하다,0,동사,혼종어
2,지시하다,0,동사,혼종어
2,지식인,0,명사,한자어
2,지역,2,명사,한자어
2,지원하다,1,동사,혼종어
2,지위,3,명사,한자어
2,지읒,0,명사,고유어
2,지장,2,명사,한자어
2,지적,5,명사,한자어
2,지적하다,0,동사,혼종어
2,지지다,0,동사,고유어
2,지지하다,3,동사,혼종어
2,지휘,0,명사,한자어
2,지휘하다,0,동사,혼종어
2,직원,3,명사,한자어
2,직장,5,명사,한자어
2,직전,2,명사,한자어
2,직접적,0,명사/관형사,한자어
2,진공청소기,0,명사,한자어
2,진단,2,명사,한자어
2,진도,6,명사,한자어
2,진돗개,0,명사,혼종어
2,진동,3,명사,한자어
2,진로,1,명사,한자어
2,진입,0,명사,한자어
2,진작,1,부사,고유어
2,진작에,0,부사,고유어
2,진정,2,부사,한자어
2,진정,15,명사,한자어
2,진정하다,1,형용사,혼종어
2,진정하다,5,동사,혼종어
2,진지,1,명사,고유어
2,진지하다,0,형용사,혼종어
2,진통제,0,명사,한자어
2,진행,2,명사,한자어
2,진행되다,0,동사,혼종어
2,진화,5,명사,한자어
2,진화하다,1,동사,혼종어
2,질병,2,명사,한자어
2,짐작하다,0,동사,혼종어
2,집단,0,명사,한자어
2,집사람,0,명사,고유어
2,집중되다,0,동사,혼종어
2,집중적,0,명사/관형사,한자어
2,집착,2,명사,한자어
2,집착하다,2,동사,혼종어
2,짚다,0,동사,고유어
2,짜내다,0,동사,고유어
2,짜장,2,명사,외래어
2,짝,8,부사,고유어
2,짝수,0,명사,혼종어
2,짝짝,4,부사,고유어
2,짠맛,0,명사,고유어
2,짧은바늘,0,명사,고유어
2,짬뽕,0,명사,외래어
2,째깍째깍,2,부사,고유어
2,쪼그라들다,0,동사,고유어
2,쪼그리다,0,동사,고유어
2,쪼글쪼글,0,부사,고유어
2,쪼글쪼글하다,0,형용사,고유어
2,쪼들리다,0,동사,고유어
2,쫄깃쫄깃하다,0,형용사,고유어
2,쫑알쫑알,0,부사,고유어
2,찌다,5,동사,고유어
2,찍히다,1,동사,고유어
2,찐빵,0,명사,고유어
2,찔끔찔끔,0,부사,고유어
2,찜질,0,명사,고유어
2,찜질방,0,명사,혼종어
2,차,8,명사,한자어
2,차량,1,명사,한자어
2,차례,1,명사,혼종어
2,차림,0,명사,고유어
2,차원,2,명사,한자어
2,차츰,0,부사,고유어
2,착실히,0,부사,혼종어
2,착용하다,0,동사,혼종어
2,찰칵,0,부사,고유어
2,찰흙,0,명사,고유어
2,참가,1,명사,한자어
2,참가하다,1,동사,혼종어
2,참고서,0,명사,한자어
2,참석,0,명사,한자어
2,참석하다,0,동사,혼종어
2,참여,0,명사,한자어
2,참여하다,0,동사,혼종어
2,창,9,명사,한자어
2,창의,4,명사,한자어
2,창의력,0,명사,한자어
2,창의성,0,명사,한자어
2,창의적,0,명사/관형사,한자어
2,창작,0,명사,한자어
2,찾아뵙다,0,동사,고유어
2,채,9,의존명사,고유어
2,채널,0,명사,외래어
2,채다,4,동사,고유어
2,채우다,1,동사,고유어
2,채점하다,0,동사,혼종어
2,채팅,0,명사,외래어
2,책갈피,0,명사,혼종어
2,책꽂이,0,명사,혼종어
2,책임,0,명사,한자어
2,처리되다,0,동사,혼종어
2,처벌,0,명사,한자어
2,처지,0,명사,한자어
2,처하다,0,동사,혼종어
2,척,8,의존명사,한자어
2,천,1,명사,고유어
2,천지,1,명사,한자어
2,천하,1,명사,한자어
2,철새,0,명사,고유어
2,철수,2,명사,한자어
2,철썩,0,부사,고유어
2,철없다,0,형용사,고유어
2,철저하다,0,형용사,혼종어
2,철저히,0,부사,혼종어
2,첫인상,0,명사,혼종어
2,청소년,0,명사,한자어
2,청진기,0,명사,한자어
2,청포도,0,명사,한자어
2,체,2,의존명사,고유어
2,체격,0,명사,한자어
2,체력,0,명사,한자어
2,체육복,0,명사,한자어
2,체중,1,명사,한자어
2,체크,0,명사,외래어
2,체크하다,0,동사,혼종어
2,체포,0,명사,한자어
2,체포하다,0,동사,혼종어
2,초가을,0,명사,혼종어
2,초가집,0,명사,혼종어
2,초겨울,0,명사,혼종어
2,초기,2,명사,한자어
2,초대,3,명사,한자어
2,초대장,0,명사,한자어
2,초등,1,명사,한자어
2,초라하다,0,형용사,고유어
2,초롱초롱,0,부사,고유어
2,초보,1,명사,한자어
2,초봄,0,명사,혼종어
2,초상화,0,명사,한자어
2,초여름,0,명사,혼종어
2,초점,2,명사,한자어
2,초조하다,0,형용사,혼종어
2,초청,1,명사,한자어
2,촌스럽다,0,형용사,혼종어
2,최대,0,명사,한자어
2,최상,2,명사,한자어
2,최선,2,명사,한자어
2,최신,0,명사,한자어
2,최악,0,명사,한자어
2,최우수,0,명사,한자어
2,최저,1,명사,한자어
2,최종,0,명사,한자어
2,최첨단,0,명사,한자어
2,최초,0,명사,한자어
2,최하,0,명사,한자어
2,최후,0,명사,한자어
2,추적,3,명사,한자어
2,추천,3,명사,한자어
2,추천하다,2,동사,혼종어
2,추측,0,명사,한자어
2,추측하다,0,동사,혼종어
2,출구,1,명사,한자어
2,출렁거리다,0,동사,고유어
2,출산,2,명사,한자어
2,출산하다,2,동사,혼종어
2,출신,0,명사,한자어
2,출연,2,명사,한자어
2,출연하다,2,동사,혼종어
2,출입,0,명사,한자어
2,출입하다,0,동사,혼종어
2,출장,1,명사,한자어
2,출퇴근,0,명사,한자어
2,출퇴근하다,0,동사,혼종어
2,출현,0,명사,한자어
2,충격적,0,명사/관형사,한자어
2,충고,0,명사,한자어
2,충돌,0,명사,한자어
2,충돌하다,0,동사,혼종어
2,충성심,0,명사,한자어
2,충실하다,2,형용사,혼종어
2,취업,0,명사,한자어
2,취직,0,명사,한자어
2,취직하다,0,동사,혼종어
2,취향,1,명사,한자어
2,치다,3,동사,고유어
2,치료제,0,명사,한자어
2,치사하다,1,형용사,혼종어
2,치솟다,0,동사,고유어
2,치열하다,2,형용사,혼종어
2,치읓,0,명사,고유어
2,치이다,3,동사,고유어
2,치타,1,명사,외래어
2,친근하다,0,형용사,혼종어
2,친숙하다,0,형용사,혼종어
2,친정,4,명사,한자어
2,침,3,명사,한자어
2,침묵,0,명사,한자어
2,침착하다,2,형용사,혼종어
2,카멜레온,0,명사,외래어
2,칼국수,0,명사,고유어
2,칼로리,0,명사/의존명사,외래어
2,칼질,0,명사,고유어
2,캠프,0,명사,외래어
2,커피숍,0,명사,외래어
2,컬러,1,명사,외래어
2,컵라면,0,명사,외래어
2,케이블,0,명사,외래어
2,케이블카,0,명사,외래어
2,케이스,2,명사,외래어
2,켜다,4,동사,고유어
2,코너,0,명사,외래어
2,코드,3,명사,외래어
2,코미디,0,명사,외래어
2,코뿔소,0,명사,고유어
2,코스,0,명사,외래어
2,코스모스,1,명사,외래어
2,코알라,0,명사,외래어
2,코웃음,0,명사,고유어
2,코치,0,명사,외래어
2,코코아,0,명사,외래어
2,콕,1,부사,고유어
2,콘서트,0,명사,외래어
2,콘크리트,0,명사,외래어
2,콧대,0,명사,고유어
2,콩닥콩닥,0,부사,고유어
2,콩밥,0,명사,고유어
2,콩알,0,명사,고유어
2,쾅쾅,0,부사,고유어
2,쿠폰,0,명사,외래어
2,쿡,1,부사,고유어
2,쿵쾅쿵쾅,0,부사,고유어
2,크레용,0,명사,외래어
2,크리스마스트리,0,명사,외래어
2,클럽,0,명사,외래어
2,키보드,0,명사,외래어
2,키스,0,명사,외래어
2,키위,2,명사,외래어
2,키읔,0,명사,고유어
2,킬로,0,의존명사,외래어
2,킬로미터,0,의존명사,외래어
2,타고나다,0,동사,고유어
2,타워,0,명사,외래어
2,타인,1,명사,한자어
2,타일,2,명사,외래어
2,타임,0,명사,외래어
2,탁구,0,명사,한자어
2,탄생,0,명사,한자어
2,탄생하다,0,동사,혼종어
2,탐구,2,명사,한자어
2,탐구하다,2,동사,혼종어
2,탐내다,0,동사,혼종어
2,탑승하다,0,동사,혼종어
2,탓하다,0,동사,고유어
2,탕수육,0,명사,한자어
2,태극,0,명사,한자어
2,태양계,0,명사,한자어
2,탤런트,0,명사,외래어
2,탬버린,0,명사,외래어
2,터널,0,명사,외래어
2,터미널,0,명사,외래어
2,턱,4,의존명사,고유어
2,털모자,0,명사,혼종어
2,털옷,0,명사,고유어
2,털장갑,0,명사,혼종어
2,테,1,명사,고유어
2,테니스,0,명사,외래어
2,테스트,0,명사,외래어
2,토론,1,명사,한자어
2,토의,2,명사,한자어
2,토지,1,명사,한자어
2,톤,1,의존명사,외래어
2,톱밥,0,명사,고유어
2,통계,4,명사,한자어
2,통닭,0,명사,고유어
2,통신,1,명사,한자어
2,통일,2,명사,한자어
2,통일되다,0,동사,혼종어
2,통일하다,0,동사,혼종어
2,통증,0,명사,한자어
2,통쾌하다,0,형용사,혼종어
2,통통,2,부사,고유어
2,퇴원,1,명사,한자어
2,퇴원하다,0,동사,혼종어
2,퇴장,2,명사,한자어
2,투표,1,명사,한자어
2,투표하다,0,동사,혼종어
2,투호,0,명사,한자어
2,퉁퉁,1,부사,고유어
2,트다,1,동사,고유어
2,트라이앵글,0,명사,외래어
2,트랙,1,명사,외래어
2,특기,1,명사,한자어
2,특산물,0,명사,한자어
2,특성,1,명사,한자어
2,특수,2,명사,한자어
2,특이,0,명사,한자어
2,특집,0,명사,한자어
2,특징,0,명사,한자어
2,특히,0,부사,혼종어
2,틈새,0,명사,고유어
2,틈틈이,0,부사,고유어
2,티,1,명사,고유어
2,티읕,0,명사,고유어
2,팀장,0,명사,혼종어
2,파고들다,0,동사,고유어
2,파김치,0,명사,고유어
2,파르르,0,부사,고유어
2,파릇파릇하다,0,형용사,고유어
2,파스타,1,명사,외래어
2,파일,3,명사,외래어
2,파출소,0,명사,한자어
2,판단,0,명사,한자어
2,판단력,0,명사,한자어
2,판단하다,0,동사,혼종어
2,팔베개,0,명사,고유어
2,팔팔,1,부사,고유어
2,팝콘,0,명사,외래어
2,팥죽,0,명사,혼종어
2,패배,0,명사,한자어
2,패션,1,명사,외래어
2,패스,0,명사,외래어
2,패스하다,0,동사,혼종어
2,팻말,0,명사,혼종어
2,퍼레이드,0,명사,외래어
2,퍼붓다,0,동사,고유어
2,퍼센트,0,의존명사,외래어
2,퍼즐,0,명사,외래어
2,펄럭거리다,0,동사,고유어
2,펄럭펄럭,0,부사,고유어
2,펄쩍펄쩍,0,부사,고유어
2,펌프,0,명사,외래어
2,페달,0,명사,외래어
2,페트병,2,명사,혼종어
2,펴내다,0,동사,고유어
2,편식하다,0,동사,혼종어
2,편지지,0,명사,한자어
2,평가,3,명사,한자어
2,평가하다,0,동사,혼종어
2,평등,0,명사,한자어
2,평등하다,0,형용사,혼종어
2,평지,2,명사,한자어
2,평행선,0,명사,한자어
2,폐렴,0,명사,한자어
2,폐수,0,명사,한자어
2,폐품,0,명사,한자어
2,포도밭,0,명사,혼종어
2,포도송이,0,명사,혼종어
2,포동포동하다,0,형용사,고유어
2,포스터,1,명사,외래어
2,포장마차,0,명사,한자어
2,포함,2,명사,한자어
2,포함되다,1,동사,혼종어
2,폭,4,명사,한자어
2,폭력,0,명사,한자어
2,폭발,1,명사,한자어
2,폭발하다,1,동사,혼종어
2,폭삭,0,부사,고유어
2,폭우,0,명사,한자어
2,폭포,1,명사,한자어
2,폭행,0,명사,한자어
2,폴짝폴짝,0,부사,고유어
2,표면,0,명사,한자어
2,푹신푹신,0,부사,고유어
2,푹신푹신하다,0,형용사,고유어
2,풀칠,0,명사,혼종어
2,풀칠하다,0,동사,혼종어
2,품,1,명사,고유어
2,풍기다,0,동사,고유어
2,풍부하다,0,형용사,혼종어
2,풍족하다,0,형용사,혼종어
2,프로,3,명사,외래어
2,프로,4,명사,외래어
2,플러스,0,명사,외래어
2,플레이,0,명사,외래어
2,피구,2,명사,한자어
2,피땀,0,명사,고유어
2,피로,2,명사,한자어
2,피부과,0,명사,한자어
2,피아니스트,0,명사,외래어
2,피읖,0,명사,고유어
2,피해자,0,명사,한자어
2,필기,0,명사,한자어
2,필승,0,명사,한자어
2,필요성,0,명사,한자어
2,하,4,명사,한자어
2,하교,2,명사,한자어
2,하나같이,0,부사,고유어
2,하락하다,0,동사,혼종어
2,하루살이,0,명사,고유어
2,하마터면,0,부사,고유어
2,하양,1,명사,고유어
2,하여간,0,부사,한자어
2,하필,2,부사,한자어
2,학,4,명사,한자어
2,학교생활,0,명사,한자어
2,학급,0,명사,한자어
2,학기,2,명사,한자어
2,학대,1,명사,한자어
2,학문,2,명사,한자어
2,학부모,0,명사,한자어
2,학업,0,명사,한자어
2,학자,1,명사,한자어
2,한가득,0,부사,고유어
2,한강,1,명사,한자어
2,한결,0,부사,고유어
2,한결같이,0,부사,고유어
2,한껏,0,부사,혼종어
2,한마음,0,명사,고유어
2,한문,3,명사,한자어
2,한심하다,0,형용사,혼종어
2,한없이,0,부사,혼종어
2,한옥,0,명사,한자어
2,한지,8,명사,한자어
2,한창,1,명사/부사,고유어
2,할,1,의존명사,한자어
2,할미,1,명사,고유어
2,할인하다,1,동사,혼종어
2,함께하다,0,동사,고유어
2,함대,0,명사,한자어
2,함정,1,명사,한자어
2,합,1,명사/의존명사,한자어
2,합격되다,0,동사,혼종어
2,합격자,0,명사,한자어
2,합계,1,명사,한자어
2,합의,1,명사,한자어
2,합의하다,1,동사,혼종어
2,핫도그,0,명사,외래어
2,항의,1,명사,한자어
2,항의하다,0,동사,혼종어
2,해,9,명사,한자어
2,해답,0,명사,한자어
2,해당,5,명사,한자어
2,해당되다,0,동사,혼종어
2,해당하다,4,동사,혼종어
2,해롭다,0,형용사,혼종어
2,해맑다,0,형용사,고유어
2,해석,4,명사,한자어
2,해석하다,2,동사,혼종어
2,해안,2,명사,한자어
2,해양,0,명사,한자어
2,해외,0,명사,한자어
2,해파리,0,명사,고유어
2,핵무기,0,명사,한자어
2,핵심,0,명사,한자어
2,햄스터,0,명사,외래어
2,행위,0,명사,한자어
2,행진,2,명사,한자어
2,향긋하다,0,형용사,고유어
2,향기롭다,0,형용사,혼종어
2,향수,3,명사,한자어
2,허가,1,명사,한자어
2,헉,0,부사,고유어
2,헐레벌떡,0,부사,고유어
2,험난하다,0,형용사,혼종어
2,헛소리,0,명사,고유어
2,헤아리다,0,동사,고유어
2,헤헤,0,부사,고유어
2,현금,4,명사,한자어
2,현대,1,명사,한자어
2,현대인,0,명사,한자어
2,현상,4,명사,한자어
2,현실,2,명사,한자어
2,현장,3,명사,한자어
2,혈관,0,명사,한자어
2,협동,0,명사,한자어
2,협동하다,0,동사,혼종어
2,협력,0,명사,한자어
2,협력하다,0,동사,혼종어
2,협박,2,명사,한자어
2,협박하다,2,동사,혼종어
2,협조,1,명사,한자어
2,협조하다,1,동사,혼종어
2,형,5,명사,한자어
2,형광펜,0,명사,혼종어
2,혜성,1,명사,한자어
2,혜택,0,명사,한자어
2,호들갑,0,명사,고유어
2,호미,1,명사,고유어
2,호흡,0,명사,한자어
2,혹,3,부사,한자어
2,혼란,2,명사,한자어
2,혼란스럽다,1,형용사,혼종어
2,홀딱,1,부사,고유어
2,홀수,0,명사,혼종어
2,홀쭉하다,0,형용사,고유어
2,홈런,0,명사,외래어
2,홈페이지,0,명사,외래어
2,홍보,1,명사,한자어
2,홍보하다,0,동사,혼종어
2,화,13,명사,한자어
2,화강암,0,명사,한자어
2,화성,5,명사,한자어
2,화약,1,명사,한자어
2,화폐,0,명사,한자어
2,화학,1,명사,한자어
2,확대되다,2,동사,혼종어
2,확대하다,2,동사,혼종어
2,확신,0,명사,한자어
2,확신하다,0,동사,혼종어
2,확정되다,0,동사,혼종어
2,환경,1,명사,한자어
2,환상,2,명사,한자어
2,환상적,0,명사/관형사,한자어
2,활용,0,명사,한자어
2,활용하다,0,동사,혼종어
2,황금,2,명사,한자어
2,황급히,2,부사,혼종어
2,황사,3,명사,한자어
2,황제,2,명사,한자어
2,황토,3,명사,한자어
2,황토색,0,명사,한자어
2,회식,0,명사,한자어
2,회의,3,명사,한자어
2,회의실,0,명사,한자어
2,회장,6,명사,한자어
2,회전목마,0,명사,한자어
2,획득,0,명사,한자어
2,효,2,명사,한자어
2,효과,1,명사,한자어
2,효과적,0,명사/관형사,한자어
2,후기,3,명사,한자어
2,후반,1,명사,한자어
2,후배,5,명사,한자어
2,후보,4,명사,한자어
2,후손,2,명사,한자어
2,후유증,0,명사,한자어
2,후퇴,0,명사,한자어
2,후퇴하다,0,동사,혼종어
2,후회스럽다,0,형용사,혼종어
2,훅,1,부사,고유어
2,훌라후프,0,명사,외래어
2,훌쩍거리다,0,동사,고유어
2,휘발유,0,명사,한자어
2,휘파람,0,명사,고유어
2,휴게실,0,명사,한자어
2,휴대,0,명사,한자어
2,휴대용,0,명사,한자어
2,휴양지,0,명사,한자어
2,휴전,3,명사,한자어
2,흐려지다,0,동사,고유어
2,흐름,0,명사,고유어
2,흐리다,1,동사,고유어
2,흐릿하다,0,형용사,고유어
2,흐물흐물하다,0,형용사,고유어
2,흐뭇하다,0,형용사,고유어
2,흑백,0,명사,한자어
2,흘려보내다,0,동사,고유어
2,흙냄새,0,명사,고유어
2,흙장난,0,명사,고유어
2,흠,3,명사,한자어
2,흥미,0,명사,한자어
2,흥미진진하다,0,형용사,혼종어
2,흥부,0,명사,한자어
2,흥분되다,0,동사,혼종어
2,희망적,0,명사/관형사,한자어
2,희망하다,0,동사,혼종어
2,희미하다,1,형용사,혼종어
2,희생,0,명사,한자어
2,희생되다,0,동사,혼종어
2,희생자,0,명사,한자어
2,희생하다,0,동사,혼종어
2,희한하다,0,형용사,혼종어
2,흰자,0,명사,고유어
2,히읗,0,명사,고유어
2,힘들어지다,0,동사,고유어
3,가격표,0,명사,한자어
3,가계부,0,명사,한자어
3,가공,1,명사,한자어
3,가구,3,명사,한자어
3,가까스로,0,부사,고유어
3,가까이하다,0,동사,고유어
3,가난뱅이,0,명사,고유어
3,가누다,0,동사,고유어
3,가느다랗다,0,형용사,고유어
3,가다듬다,0,동사,고유어
3,가뜩이나,0,부사,고유어
3,가락,2,명사,고유어
3,가랑비,0,명사,고유어
3,가랑이,1,명사,고유어
3,가래떡,0,명사,고유어
3,가려내다,0,동사,고유어
3,가려지다,1,동사,고유어
3,가로막히다,0,동사,고유어
3,가로세로,0,명사,고유어
3,가로수,0,명사,한자어
3,가로줄,0,명사,고유어
3,가로지르다,0,동사,고유어
3,가로채다,0,동사,고유어
3,가르마,0,명사,고유어
3,가리다,1,동사,고유어
3,가마니,0,명사,고유어
3,가마솥,0,명사,고유어
3,가만가만,0,부사,고유어
3,가만두다,0,동사,고유어
3,가망,4,명사,한자어
3,가무잡잡하다,0,형용사,고유어
3,가물가물하다,0,동사/형용사,고유어
3,가물다,0,동사,고유어
3,가뭄,0,명사,고유어
3,가벼워지다,0,동사,고유어
3,가분수,0,명사,한자어
3,가뿐하다,0,형용사,고유어
3,가쁘다,0,형용사,고유어
3,가사,5,명사,한자어
3,가시나무,0,명사,고유어
3,가야금,0,명사,한자어
3,가엽다,0,형용사,고유어
3,가오리,0,명사,고유어
3,가옥,1,명사,한자어
3,가요,2,명사,한자어
3,가운,2,명사,외래어
3,가위,3,명사,고유어
3,가을날,0,명사,고유어
3,가을밤,0,명사,고유어
3,가을철,0,명사,고유어
3,가이드,0,명사,외래어
3,가입되다,0,동사,혼종어
3,가장,10,명사,한자어
3,가장자리,0,명사,고유어
3,가정부,1,명사,한자어
3,가정용,0,명사,한자어
3,가정하다,2,동사,혼종어
3,가지,3,명사,고유어
3,가지각색,0,명사,혼종어
3,가지런하다,0,형용사,고유어
3,가지런히,0,부사,고유어
3,가축,2,명사,한자어
3,가출,2,명사,한자어
3,가톨릭,0,명사,외래어
3,가해자,0,명사,한자어
3,가훈,0,명사,한자어
3,각도,1,명사,한자어
3,각본,2,명사,한자어
3,각시,0,명사,고유어
3,간단하다,1,동사,혼종어
3,간략하다,0,형용사,혼종어
3,간부,5,명사,한자어
3,간사하다,1,형용사,혼종어
3,간수하다,1,동사,고유어
3,간신,1,명사,한자어
3,간장게장,0,명사,혼종어
3,간접,0,명사,한자어
3,간접적,0,명사/관형사,한자어
3,간지럼,0,명사,고유어
3,간지럽히다,0,동사,고유어
3,간직되다,0,동사,고유어
3,간질이다,0,동사,고유어
3,간추리다,0,동사,고유어
3,간편히,0,부사,혼종어
3,간하다,1,동사,고유어
3,간호원,0,명사,한자어
3,간혹,0,명사/부사,한자어
3,갈겨쓰다,0,동사,고유어
3,갈고닦다,0,동사,고유어
3,갈기갈기,0,부사,고유어
3,갈대,0,명사,고유어
3,갈대밭,0,명사,고유어
3,갈등,0,명사,한자어
3,갈라놓다,0,동사,고유어
3,갈래,0,명사,고유어
3,갈림길,0,명사,고유어
3,갈망,2,명사,한자어
3,갈비구이,0,명사,고유어
3,갈비탕,0,명사,혼종어
3,갈아엎다,0,동사,고유어
3,갈치,0,명사,고유어
3,갈치조림,0,명사,고유어
3,갈팡질팡하다,0,동사,고유어
3,갉다,0,동사,고유어
3,갉아먹다,0,동사,고유어
3,감격,0,명사,한자어
3,감격스럽다,0,형용사,혼종어
3,감격하다,0,동사,혼종어
3,감기다,2,동사,고유어
3,감기약,0,명사,한자어
3,감당,3,명사,한자어
3,감당하다,2,동사,혼종어
3,감독하다,0,동사,혼종어
3,감돌다,0,동사,고유어
3,감명,0,명사,한자어
3,감상,5,명사,한자어
3,감상문,0,명사,한자어
3,감성,2,명사,한자어
3,감소,1,명사,한자어
3,감소하다,0,동사,혼종어
3,감염,2,명사,한자어
3,감염되다,0,동사,혼종어
3,감염병,0,명사,한자어
3,감옥살이,0,명사,혼종어
3,감전,5,명사,한자어
3,감지,4,명사,한자어
3,감지하다,2,동사,혼종어
3,감쪽같다,0,형용사,고유어
3,감히,0,부사,혼종어
3,갑,3,명사,한자어
3,갑부,2,명사,한자어
3,갑옷,0,명사,혼종어
3,갑작스럽다,0,형용사,고유어
3,값비싸다,0,형용사,고유어
3,값어치,0,명사,고유어
3,값지다,0,형용사,고유어
3,갓,1,명사,고유어
3,갓,5,부사,고유어
3,갓김치,0,명사,고유어
3,갓난아기,0,명사,고유어
3,갓난아이,0,명사,고유어
3,갓난애,0,명사,고유어
3,강국,1,명사,한자어
3,강남,0,명사,한자어
3,강냉이,0,명사,고유어
3,강대국,0,명사,한자어
3,강력히,0,부사,혼종어
3,강변,1,명사,한자어
3,강사,4,명사,한자어
3,강습,2,명사,한자어
3,강아지풀,0,명사,고유어
3,강약,0,명사,한자어
3,강연,3,명사,한자어
3,강요하다,0,동사,혼종어
3,강원도,2,명사,한자어
3,강의,2,명사,한자어
3,강의하다,2,동사,혼종어
3,강인하다,3,형용사,혼종어
3,강점,2,명사,한자어
3,강정,1,명사,고유어
3,강제적,0,명사/관형사,한자어
3,강조되다,0,동사,혼종어
3,강조하다,0,동사,혼종어
3,강철,0,명사,한자어
3,강화,4,명사,한자어
3,강화되다,0,동사,혼종어
3,강화하다,2,동사,혼종어
3,같이하다,0,동사,고유어
3,개,4,명사,고유어
3,개개인,0,명사,한자어
3,개고기,0,명사,고유어
3,개골개골,0,부사,고유어
3,개교,3,명사,한자어
3,개교기념일,0,명사,한자어
3,개구쟁이,0,명사,고유어
3,개그,0,명사,외래어
3,개꿈,0,명사,고유어
3,개념,0,명사,한자어
3,개똥,0,명사,고유어
3,개똥벌레,0,명사,고유어
3,개막,1,명사,한자어
3,개막식,0,명사,한자어
3,개미집,0,명사,고유어
3,개시,6,명사,한자어
3,개업,0,명사,한자어
3,개업하다,0,동사,혼종어
3,개울가,0,명사,고유어
3,개월,0,의존명사,한자어
3,개조하다,1,동사,혼종어
3,개집,1,명사,고유어
3,개척,0,명사,한자어
3,개척하다,0,동사,혼종어
3,개천절,0,명사,한자어
3,개최되다,0,동사,혼종어
3,개최하다,0,동사,혼종어
3,개통되다,0,동사,혼종어
3,개판,1,명사,고유어
3,개학식,0,명사,한자어
3,개학하다,0,동사,혼종어
3,객,1,명사,한자어
3,객석,0,명사,한자어
3,객실,0,명사,한자어
3,갸우뚱,0,부사,고유어
3,갸우뚱갸우뚱,0,부사,고유어
3,갸우뚱거리다,0,동사,고유어
3,갸웃거리다,0,동사,고유어
3,거금,1,명사,한자어
3,거느리다,0,동사,고유어
3,거대,0,명사,한자어
3,거두어들이다,0,동사,고유어
3,거들떠보다,0,동사,고유어
3,거뜬하다,0,형용사,고유어
3,거뜬히,0,부사,고유어
3,거르다,1,동사,고유어
3,거르다,2,동사,고유어
3,거리감,0,명사,한자어
3,거봐,0,감탄사,고유어
3,거부감,0,명사,한자어
3,거북하다,0,형용사,고유어
3,거스르다,1,동사,고유어
3,거스르다,2,동사,고유어
3,거스름돈,0,명사,고유어
3,거역하다,0,동사,혼종어
3,거저,1,부사,고유어
3,거주,2,명사,한자어
3,거주자,0,명사,한자어
3,거주지,0,명사,한자어
3,거주하다,0,동사,혼종어
3,거지꼴,0,명사,고유어
3,거치다,0,동사,고유어
3,거칠거칠,0,부사,고유어
3,거칠거칠하다,0,형용사,고유어
3,거칠어지다,0,동사,고유어
3,거침없다,0,형용사,고유어
3,걱정거리,0,명사,고유어
3,건강히,0,부사,혼종어
3,건국,2,명사,한자어
3,건국하다,0,동사,혼종어
3,건네받다,0,동사,고유어
3,건더기,0,명사,고유어
3,건들다,0,동사,고유어
3,건반,2,명사,한자어
3,건빵,0,명사,혼종어
3,건설,0,명사,한자어
3,건설되다,0,동사,혼종어
3,건설하다,0,동사,혼종어
3,건성,1,명사,고유어
3,건의,1,명사,한자어
3,건축,1,명사,한자어
3,건축가,0,명사,한자어
3,건축물,0,명사,한자어
3,건축하다,1,동사,혼종어
3,걷어차다,0,동사,고유어
3,걷히다,1,동사,고유어
3,걸,1,명사,고유어
3,걸레질,0,명사,고유어
3,걸림돌,0,명사,고유어
3,걸어오다,2,동사,고유어
3,걸음걸이,0,명사,고유어
3,걸이,1,명사,고유어
3,걸터앉다,0,동사,고유어
3,걸핏하면,0,부사,고유어
3,검색,0,명사,한자어
3,검은빛,0,명사,고유어
3,검은콩,0,명사,고유어
3,검지,2,명사,혼종어
3,검진,2,명사,한자어
3,검찰,2,명사,한자어
3,겁먹다,0,동사,혼종어
3,겁쟁이,0,명사,혼종어
3,겉멋,0,명사,고유어
3,겉모양,0,명사,혼종어
3,겉옷,0,명사,고유어
3,겉치레,0,명사,고유어
3,겉표지,0,명사,혼종어
3,게스트,0,명사,외래어
3,게으름뱅이,0,명사,고유어
3,게을리하다,0,동사,고유어
3,게임기,0,명사,혼종어
3,겨,0,명사,고유어
3,겨냥하다,0,동사,고유어
3,겨누다,0,동사,고유어
3,겨레,0,명사,고유어
3,겨우겨우,0,부사,고유어
3,겨우내,0,부사,고유어
3,겨울옷,0,명사,고유어
3,격리하다,0,동사,혼종어
3,격식,0,명사,한자어
3,격차,2,명사,한자어
3,격파,2,명사,한자어
3,격파하다,0,동사,혼종어
3,견인,3,명사,한자어
3,견학,0,명사,한자어
3,견학하다,0,동사,혼종어
3,결과물,0,명사,한자어
3,결과적,0,명사/관형사,한자어
3,결단,1,명사,한자어
3,결론적,0,명사/관형사,한자어
3,결말,0,명사,한자어
3,결별,0,명사,한자어
3,결승,1,명사,한자어
3,결승선,0,명사,한자어
3,결승전,0,명사,한자어
3,결승점,0,명사,한자어
3,결실,2,명사,한자어
3,결정짓다,0,동사,혼종어
3,결합,0,명사,한자어
3,결합하다,0,동사,혼종어
3,결혼기념일,0,명사,한자어
3,겸사겸사,0,부사,한자어
3,겸손,0,명사,한자어
3,겸손하다,0,형용사,혼종어
3,겹,1,명사,고유어
3,겹쳐지다,0,동사,고유어
3,경계,7,명사,한자어
3,경계선,1,명사,한자어
3,경계심,0,명사,한자어
3,경계하다,2,동사,혼종어
3,경고하다,2,동사,혼종어
3,경기도,0,명사,한자어
3,경남,0,명사,한자어
3,경로,3,명사,한자어
3,경로당,0,명사,한자어
3,경보,8,명사,한자어
3,경복궁,0,명사,한자어
3,경북,0,명사,한자어
3,경비,2,명사,한자어
3,경비,4,명사,한자어
3,경비실,0,명사,한자어
3,경사,6,명사,한자어
3,경사,12,명사,한자어
3,경사지다,0,동사,혼종어
3,경상남도,0,명사,한자어
3,경상도,0,명사,한자어
3,경상북도,0,명사,한자어
3,경솔하다,0,형용사,혼종어
3,경악하다,0,동사,혼종어
3,경연,7,명사,한자어
3,경영하다,1,동사,혼종어
3,경쟁률,0,명사,한자어
3,경쟁자,0,명사,한자어
3,경쟁하다,0,동사,혼종어
3,경제,4,명사,한자어
3,경주하다,3,동사,혼종어
3,경청하다,1,동사,혼종어
3,경험담,0,명사,한자어
3,곁눈질,0,명사,고유어
3,계,4,명사,한자어
3,계기,4,명사,한자어
3,계란말이,0,명사,혼종어
3,계략,0,명사,한자어
3,계모,3,명사,한자어
3,계산기,0,명사,한자어
3,계산되다,0,동사,혼종어
3,계속적,0,명사/관형사,한자어
3,계승,2,명사,한자어
3,계승하다,1,동사,혼종어
3,계약,0,명사,한자어
3,계약서,0,명사,한자어
3,계정,1,명사,한자어
3,계집아이,0,명사,고유어
3,계획되다,0,동사,혼종어
3,계획성,0,명사,한자어
3,계획안,0,명사,한자어
3,계획적,0,명사/관형사,한자어
3,고,10,관형사,한자어
3,고가,9,명사,한자어
3,고교생,0,명사,한자어
3,고구려,0,명사,한자어
3,고국,2,명사,한자어
3,고궁,1,명사,한자어
3,고귀하다,2,형용사,혼종어
3,고급스럽다,0,형용사,혼종어
3,고기잡이,0,명사,고유어
3,고깃덩어리,0,명사,고유어
3,고깔,0,명사,고유어
3,고깔모자,0,명사,혼종어
3,고난,0,명사,한자어
3,고뇌하다,0,동사,혼종어
3,고단하다,1,형용사,고유어
3,고달프다,0,형용사,고유어
3,고대,3,명사,한자어
3,고드름,0,명사,고유어
3,고등,2,명사,한자어
3,고라니,0,명사,고유어
3,고래고래,0,부사,고유어
3,고려,4,명사,한자어
3,고루고루,0,부사,고유어
3,고름,1,명사,고유어
3,고립되다,0,동사,혼종어
3,고무풍선,0,명사,혼종어
3,고문,4,명사,한자어
3,고문하다,2,동사,혼종어
3,고민거리,0,명사,혼종어
3,고민스럽다,0,형용사,혼종어
3,고분,2,명사,한자어
3,고분고분하다,0,형용사,고유어
3,고비,1,명사,고유어
3,고삐,0,명사,고유어
3,고사리,0,명사,고유어
3,고생스럽다,0,형용사,혼종어
3,고소,3,명사,한자어
3,고소하다,2,동사,혼종어
3,고수,9,명사,한자어
3,고스톱,0,명사,외래어
3,고아,2,명사,한자어
3,고아원,0,명사,한자어
3,고요,1,명사,고유어
3,고유,3,명사,한자어
3,고유하다,3,형용사,혼종어
3,고을,0,명사,고유어
3,고이고이,0,부사,고유어
3,고인,3,명사,한자어
3,고자,9,명사,한자어
3,고작,2,명사/부사,고유어
3,고조,15,명사,한자어
3,고종사촌,0,명사,한자어
3,고추잠자리,0,명사,고유어
3,고치,1,명사,고유어
3,고학년,0,명사,한자어
3,고혈압,0,명사,한자어
3,곡물,0,명사,한자어
3,곡선,2,명사,한자어
3,곤두박질치다,0,동사,고유어
3,곤히,0,부사,혼종어
3,곧다,0,형용사,고유어
3,곧이곧대로,0,부사,고유어
3,골격,0,명사,한자어
3,골똘히,0,부사,고유어
3,골라내다,0,동사,고유어
3,골리다,0,동사,고유어
3,골머리,0,명사,고유어
3,골반,0,명사,한자어
3,골방,0,명사,혼종어
3,골칫거리,0,명사,고유어
3,골키퍼,0,명사,외래어
3,골프장,0,명사,혼종어
3,골프채,0,명사,혼종어
3,곰곰,0,부사,고유어
3,곱,2,명사,고유어
3,곱빼기,0,명사,고유어
3,곱슬곱슬하다,0,형용사,고유어
3,곱슬머리,0,명사,고유어
3,곳간,0,명사,한자어
3,공격수,0,명사,한자어
3,공격적,0,명사/관형사,한자어
3,공경하다,0,동사,혼종어
3,공공,2,명사,한자어
3,공교롭다,0,형용사,혼종어
3,공구,1,명사,한자어
3,공급,2,명사,한자어
3,공급되다,0,동사,혼종어
3,공기,6,명사,한자어
3,공깃돌,0,명사,고유어
3,공들이다,0,동사,혼종어
3,공로,4,명사,한자어
3,공무원,0,명사,한자어
3,공사하다,1,동사,혼종어
3,공산당,0,명사,한자어
3,공산주의,0,명사,한자어
3,공산품,0,명사,한자어
3,공상,9,명사,한자어
3,공손히,0,부사,혼종어
3,공습,1,명사,한자어
3,공약,1,명사,한자어
3,공업,1,명사,한자어
3,공예,1,명사,한자어
3,공용,5,명사,한자어
3,공유,2,명사,한자어
3,공유하다,1,동사,혼종어
3,공익,1,명사,한자어
3,공작,1,명사,한자어
3,공장장,0,명사,한자어
3,공정하다,1,형용사,혼종어
3,공중,2,명사,한자어
3,공중전화,0,명사,한자어
3,공차기,0,명사,고유어
3,공터,0,명사,혼종어
3,공통,0,명사,한자어
3,공통되다,0,동사,혼종어
3,공통적,0,명사/관형사,한자어
3,공평,1,명사,한자어
3,공포감,0,명사,한자어
3,공해,1,명사,한자어
3,과,4,명사,한자어
3,과감하다,1,형용사,혼종어
3,과격하다,0,형용사,혼종어
3,과녁,0,명사,고유어
3,과다,1,명사,한자어
3,과로,1,명사,한자어
3,과소비,0,명사,한자어
3,과수원,0,명사,한자어
3,과시,7,명사,한자어
3,과시하다,2,동사,혼종어
3,과외,0,명사,한자어
3,과자점,0,명사,한자어
3,과장,6,명사,한자어
3,과장되다,0,동사,혼종어
3,과장하다,2,동사,혼종어
3,과정,4,명사,한자어
3,과제물,0,명사,한자어
3,과태료,0,명사,한자어
3,과하다,2,형용사,혼종어
3,과학실,0,명사,한자어
3,관,2,명사,한자어
3,관계되다,0,동사,혼종어
3,관계없다,0,형용사,혼종어
3,관계없이,0,부사,혼종어
3,관계있다,0,형용사,혼종어
3,관계자,0,명사,한자어
3,관광버스,0,명사,혼종어
3,관광지,0,명사,한자어
3,관두다,0,동사,고유어
3,관람객,0,명사,한자어
3,관련짓다,0,동사,혼종어
3,관리비,0,명사,한자어
3,관리실,0,명사,혼종어
3,관리인,0,명사,한자어
3,관상,4,명사,한자어
3,관절,3,명사,한자어
3,관직,1,명사,한자어
3,관청,1,명사,한자어
3,관측,0,명사,한자어
3,관현악,0,명사,한자어
3,광,3,명사,한자어
3,광경,0,명사,한자어
3,광고문,0,명사,한자어
3,광대,2,명사,고유어
3,광물,0,명사,한자어
3,광범위하다,0,형용사,혼종어
3,광복절,0,명사,한자어
3,광부,4,명사,한자어
3,광주,1,명사,한자어
3,괘씸하다,0,형용사,고유어
3,괭이,1,명사,고유어
3,교가,3,명사,한자어
3,교대,1,명사,한자어
3,교도소,0,명사,한자어
3,교류,1,명사,한자어
3,교류하다,0,동사,혼종어
3,교묘하다,0,형용사,혼종어
3,교외,1,명사,한자어
3,교원,3,명사,한자어
3,교육비,0,명사,한자어
3,교육자,0,명사,한자어
3,교육적,0,명사/관형사,한자어
3,교육하다,0,동사,혼종어
3,교장실,0,명사,한자어
3,교정,11,명사,한자어
3,교정하다,6,동사,혼종어
3,교제,1,명사,한자어
3,교직,4,명사,한자어
3,교차,1,명사,한자어
3,교체되다,0,동사,혼종어
3,교통비,0,명사,한자어
3,교황,2,명사,한자어
3,구,15,명사,한자어
3,구,17,명사,한자어
3,구간,4,명사,한자어
3,구걸하다,0,동사,혼종어
3,구겨지다,0,동사,고유어
3,구경거리,0,명사,고유어
3,구경꾼,0,명사,고유어
3,구급,3,명사,한자어
3,구단,3,명사,한자어
3,구더기,0,명사,고유어
3,구독,2,명사,한자어
3,구두쇠,0,명사,고유어
3,구름사다리,0,명사,고유어
3,구리,2,명사,고유어
3,구리다,0,형용사,고유어
3,구매,2,명사,한자어
3,구매하다,2,동사,혼종어
3,구박하다,3,동사,혼종어
3,구별되다,0,동사,혼종어
3,구부러지다,0,동사,고유어
3,구분되다,0,동사,혼종어
3,구불구불,0,부사,고유어
3,구석지다,0,형용사,고유어
3,구성,6,명사,한자어
3,구성되다,0,동사,혼종어
3,구성원,0,명사,한자어
3,구성하다,0,동사,혼종어
3,구수하다,1,형용사,고유어
3,구슬치기,0,명사,고유어
3,구원하다,2,동사,혼종어
3,구입,3,명사,한자어
3,구절,3,명사,한자어
3,구정물,0,명사,고유어
3,구조,5,명사,한자어
3,구조,8,명사,한자어
3,구조대,2,명사,한자어
3,구조하다,2,동사,혼종어
3,구질구질하다,0,형용사,고유어
3,구출,1,명사,한자어
3,구출되다,1,동사,혼종어
3,구토,1,명사,한자어
3,구호,2,명사,한자어
3,국가대표,0,명사,한자어
3,국경선,0,명사,한자어
3,국경일,0,명사,한자어
3,국력,2,명사,한자어
3,국립,0,명사,한자어
3,국민학교,0,명사,한자어
3,국방,0,명사,한자어
3,국보,3,명사,한자어
3,국사,3,명사,한자어
3,국왕,0,명사,한자어
3,국외,2,명사,한자어
3,국자,1,명사,고유어
3,국토,0,명사,한자어
3,국화꽃,0,명사,혼종어
3,군데군데,0,명사/부사,고유어
3,군밤,0,명사,고유어
3,군사,4,명사,한자어
3,군사력,0,명사,한자어
3,군수,4,명사,한자어
3,군자,2,명사,한자어
3,군중,3,명사,한자어
3,군청,1,명사,한자어
3,군침,0,명사,고유어
3,굳건하다,0,형용사,고유어
3,굳건히,0,부사,고유어
3,굳세다,0,형용사,고유어
3,굴렁쇠,0,명사,고유어
3,굴복하다,2,동사,혼종어
3,굴비,0,명사,고유어
3,굴욕,0,명사,한자어
3,굵직하다,0,형용사,고유어
3,굶주리다,0,동사,고유어
3,굶주림,0,명사,고유어
3,굼벵이,0,명사,고유어
3,굿,1,명사,고유어
3,궁녀,0,명사,한자어
3,궁리,2,명사,한자어
3,궁리하다,0,동사,혼종어
3,궁중,0,명사,한자어
3,권고하다,2,동사,혼종어
3,권력자,0,명사,한자어
3,권리,0,명사,한자어
3,권유,2,명사,한자어
3,권유하다,2,동사,혼종어
3,권장,2,명사,한자어
3,권장하다,0,동사,혼종어
3,권하다,0,동사,혼종어
3,권한,0,명사,한자어
3,귀가,3,명사,한자어
3,귀고리,0,명사,고유어
3,귀국,2,명사,한자어
3,귀국하다,0,동사,혼종어
3,귀담다,0,동사,고유어
3,귀뚜라미,0,명사,고유어
3,귀뚤귀뚤,0,부사,고유어
3,귀머거리,0,명사,고유어
3,귀여워하다,0,동사,고유어
3,귓가,0,명사,고유어
3,귓구멍,0,명사,고유어
3,귓밥,0,명사,고유어
3,귓속,0,명사,고유어
3,규범,1,명사,한자어
3,규정,4,명사,한자어
3,규정하다,3,동사,혼종어
3,그까짓,0,관형사,고유어
3,그깟,0,관형사,고유어
3,그나저나,0,부사,고유어
3,그네뛰기,0,명사,고유어
3,그늘지다,0,동사,고유어
3,그대,0,대명사,고유어
3,그래프,0,명사,외래어
3,그램,0,의존명사,외래어
3,그럭저럭,0,부사,고유어
3,그런대로,0,부사,고유어
3,그럴듯하다,0,형용사,고유어
3,그럴싸하다,0,형용사,고유어
3,그렁그렁하다,1,형용사,고유어
3,그르치다,0,동사,고유어
3,그리로,0,부사,고유어
3,그리하다,0,동사,고유어
3,그림물감,0,명사,고유어
3,그야말로,0,부사,고유어
3,그을리다,1,동사,고유어
3,그쯤,0,명사/부사,고유어
3,그토록,0,부사,고유어
3,극단적,0,명사/관형사,한자어
3,극본,0,명사,한자어
3,극소수,0,명사,한자어
3,극적,1,명사/관형사,한자어
3,극히,0,부사,혼종어
3,근,2,의존명사,한자어
3,근거,0,명사,한자어
3,근로,2,명사,한자어
3,근로자,0,명사,한자어
3,근무,0,명사,한자어
3,근무하다,0,동사,혼종어
3,근방,1,명사,한자어
3,근본적,0,명사/관형사,한자어
3,근사하다,1,형용사,혼종어
3,근심,1,명사,고유어
3,근육,0,명사,한자어
3,근질근질하다,0,동사/형용사,고유어
3,글귀,2,명사,혼종어
3,글라스,0,명사,외래어
3,글러브,0,명사,외래어
3,글쓴이,0,명사,고유어
3,글씨체,0,명사,혼종어
3,글짓기,0,명사,고유어
3,금강산,0,명사,한자어
3,금광,2,명사,한자어
3,금덩이,0,명사,혼종어
3,금반지,0,명사,한자어
3,금상,4,명사,한자어
3,금색,1,명사,한자어
3,금은보화,0,명사,한자어
3,금전,5,명사,한자어
3,금지되다,0,동사,혼종어
3,급격하다,1,형용사,혼종어
3,급격히,0,부사,혼종어
3,급박하다,0,형용사,혼종어
3,급성,0,명사,한자어
3,급속도,0,명사,한자어
3,급속히,0,부사,혼종어
3,급작스럽다,0,형용사,고유어
3,급증하다,0,동사,혼종어
3,급행,0,명사,한자어
3,긍정적,0,명사/관형사,한자어
3,긍정하다,0,동사,혼종어
3,긍지,2,명사,한자어
3,기관사,2,명사,한자어
3,기관차,0,명사,한자어
3,기관총,0,명사,한자어
3,기구,15,명사,한자어
3,기기,12,명사,한자어
3,기껏해야,0,부사,고유어
3,기나길다,0,형용사,고유어
3,기념사진,0,명사,한자어
3,기념식,0,명사,한자어
3,기념일,0,명사,한자어
3,기념하다,0,동사,혼종어
3,기능,3,명사,한자어
3,기도문,0,명사,한자어
3,기독교,0,명사,한자어
3,기력,2,명사,한자어
3,기록문,0,명사,한자어
3,기록장,0,명사,한자어
3,기름기,0,명사,혼종어
3,기름지다,0,형용사,고유어
3,기름칠,0,명사,혼종어
3,기말,2,명사,한자어
3,기말고사,0,명사,한자어
3,기부,8,명사,한자어
3,기부금,0,명사,한자어
3,기사,20,명사,한자어
3,기상,6,명사,한자어
3,기상,8,명사,한자어
3,기상청,0,명사,한자어
3,기생충,0,명사,한자어
3,기숙사,0,명사,한자어
3,기어가다,0,동사,고유어
3,기어들다,0,동사,고유어
3,기어오르다,0,동사,고유어
3,기어이,0,부사,혼종어
3,기어코,0,부사,혼종어
3,기업,1,명사,한자어
3,기여하다,0,동사,혼종어
3,기와,1,명사,고유어
3,기와지붕,0,명사,고유어
3,기와집,0,명사,고유어
3,기왕이면,0,부사,혼종어
3,기우뚱거리다,0,동사,고유어
3,기운차다,0,형용사,고유어
3,기웃거리다,0,동사,고유어
3,기이하다,2,형용사,혼종어
3,기절,3,명사,한자어
3,기죽다,0,동사,혼종어
3,기증,3,명사,한자어
3,기증하다,2,동사,혼종어
3,기진맥진하다,0,동사,혼종어
3,기차표,0,명사,한자어
3,기찻길,0,명사,혼종어
3,기체,3,명사,한자어
3,기초적,0,명사/관형사,한자어
3,기침감기,0,명사,혼종어
3,기필코,0,부사,혼종어
3,기획,1,명사,한자어
3,기획하다,0,동사,혼종어
3,긴박하다,1,형용사,혼종어
3,긴소매,0,명사,고유어
3,긴팔,0,명사,고유어
3,긷다,0,동사,고유어
3,길이,2,부사,고유어
3,길잡이,0,명사,고유어
3,깁다,0,동사,고유어
3,깁스,0,명사,외래어
3,깃들다,0,동사,고유어
3,깊숙하다,0,형용사,고유어
3,까딱,1,부사,고유어
3,까딱하다,0,동사,고유어
3,까르르,0,부사,고유어
3,까마득하다,0,형용사,고유어
3,까치집,0,명사,고유어
3,까칠하다,0,형용사,고유어
3,깍두기,0,명사,고유어
3,깍듯이,0,부사,고유어
3,깍지,2,명사,고유어
3,깔깔거리다,0,동사,고유어
3,깔보다,0,동사,고유어
3,깜박하다,0,동사,고유어
3,깜빡깜빡,0,부사,고유어
3,깜찍하다,0,형용사,고유어
3,깡그리,0,부사,고유어
3,깨다,3,동사,고유어
3,깨우치다,0,동사,고유어
3,꺅,2,부사,고유어
3,꺼리다,0,동사,고유어
3,꺼림칙하다,0,형용사,고유어
3,꺼멓다,0,형용사,고유어
3,꼬르륵,0,부사,고유어
3,꼬박,2,부사,고유어
3,꼬부라지다,1,동사,고유어
3,꼬불꼬불하다,0,동사/형용사,고유어
3,꼬시다,0,동사,고유어
3,꼬챙이,0,명사,고유어
3,꼬투리,0,명사,고유어
3,꼭지,0,명사/의존명사,고유어
3,꽁무니,0,명사,고유어
3,꽁지,0,명사,고유어
3,꽁초,0,명사,고유어
3,꽁치,1,명사,고유어
3,꽃가루,0,명사,고유어
3,꽃꽂이,0,명사,고유어
3,꽃나무,0,명사,고유어
3,꽃동산,0,명사,고유어
3,꽃무늬,0,명사,고유어
3,꽃받침,0,명사,고유어
3,꽃병,0,명사,혼종어
3,꽃봉오리,1,명사,고유어
3,꽃송이,0,명사,고유어
3,꽃씨,0,명사,고유어
3,꽃피다,0,동사,고유어
3,꽃피우다,0,동사,고유어
3,꽝,1,명사,고유어
3,꽥,0,부사,고유어
3,꽹과리,0,명사,고유어
3,꾸다,2,동사,고유어
3,꾸밈없이,0,부사,고유어
3,꾸중,0,명사,고유어
3,꾸중하다,0,동사,고유어
3,꾸지람,0,명사,고유어
3,꿀물,0,명사,고유어
3,꿈쩍,0,부사,고유어
3,꿋꿋이,0,부사,고유어
3,꿩고기,0,명사,고유어
3,꿰뚫다,0,동사,고유어
3,끄덕끄덕하다,0,동사,고유어
3,끄떡,0,부사,고유어
3,끄르다,0,동사,고유어
3,끄집다,0,동사,고유어
3,끈기,0,명사,혼종어
3,끈적거리다,0,동사,고유어
3,끈적끈적하다,0,형용사,고유어
3,끈질기다,0,형용사,고유어
3,끊임없다,0,형용사,고유어
3,끌어오다,0,동사,고유어
3,끓어오르다,0,동사,고유어
3,끙끙거리다,0,동사,고유어
3,끝내주다,0,동사,고유어
3,끝말,0,명사,고유어
3,끝말잇기,0,명사,고유어
3,끝없다,0,형용사,고유어
3,끝자리,0,명사,고유어
3,끼,2,명사,고유어
3,끼니,0,명사,고유어
3,끼리끼리,0,부사,고유어
3,낄낄거리다,0,동사,고유어
3,나가떨어지다,0,동사,고유어
3,나귀,0,명사,고유어
3,나그네,0,명사,고유어
3,나누기,0,명사,고유어
3,나눗셈,0,명사,고유어
3,나돌다,0,동사,고유어
3,나뒹굴다,0,동사,고유어
3,나들이하다,0,동사,고유어
3,나랏일,0,명사,고유어
3,나룻배,0,명사,고유어
3,나른하다,0,형용사,고유어
3,나름,0,의존명사,고유어
3,나리,1,명사,고유어
3,나무꾼,0,명사,고유어
3,나무토막,0,명사,고유어
3,나방,0,명사,고유어
3,나비넥타이,0,명사,혼종어
3,나사,1,명사,한자어
3,나사못,0,명사,혼종어
3,나열하다,2,동사,혼종어
3,나이프,0,명사,외래어
3,나자빠지다,0,동사,고유어
3,나침반,0,명사,한자어
3,나팔,2,명사,한자어
3,낙서하다,0,동사,혼종어
3,낙원,0,명사,한자어
3,낙하산,0,명사,한자어
3,낚시꾼,0,명사,고유어
3,낚시하다,0,동사,고유어
3,난,2,명사,한자어
3,난간,3,명사,한자어
3,난감하다,0,형용사,혼종어
3,난데없이,0,부사,고유어
3,난동,1,명사,한자어
3,난생처음,0,명사,혼종어
3,난처하다,0,형용사,혼종어
3,난초,3,명사,한자어
3,난폭하다,0,형용사,혼종어
3,날갯짓,0,명사,고유어
3,날렵하다,0,형용사,고유어
3,날로,2,부사,고유어
3,날쌔다,0,형용사,고유어
3,날아들다,0,동사,고유어
3,남겨지다,0,동사,고유어
3,남극,1,명사,한자어
3,남김없이,0,부사,고유어
3,남남,1,명사,고유어
3,남녀노소,0,명사,한자어
3,남녀평등,0,명사,한자어
3,남다르다,0,형용사,고유어
3,남모르다,0,동사,고유어
3,남부,1,명사,한자어
3,남부럽다,0,형용사,고유어
3,남북,0,명사,한자어
3,남북한,0,명사,한자어
3,남성적,0,명사/관형사,한자어
3,남아돌다,0,동사,고유어
3,남짓하다,0,형용사,고유어
3,남해안,0,명사,한자어
3,납,1,명사,고유어
3,납득,0,명사,한자어
3,납부,0,명사,한자어
3,납작,1,부사,고유어
3,낭독하다,0,동사,혼종어
3,낭떠러지,0,명사,고유어
3,낭송,0,명사,한자어
3,낭송하다,0,동사,혼종어
3,낭패,0,명사,한자어
3,낯,0,명사,고유어
3,낱개,0,명사,혼종어
3,낱낱이,0,부사,고유어
3,낱알,0,명사,고유어
3,내,1,명사,고유어
3,내가다,0,동사,고유어
3,내과,1,명사,한자어
3,내달리다,0,동사,고유어
3,내디디다,0,동사,고유어
3,내려서다,0,동사,고유어
3,내리막,0,명사,고유어
3,내리쬐다,0,동사,고유어
3,내보이다,2,동사,고유어
3,내복,1,명사,한자어
3,내비치다,0,동사,고유어
3,내시,3,명사,한자어
3,내오다,0,동사,고유어
3,내용물,0,명사,한자어
3,내음,0,명사,고유어
3,내의,1,명사,한자어
3,내일모레,0,명사/부사,혼종어
3,내장,6,명사,한자어
3,내팽개치다,0,동사,고유어
3,낼,0,명사/부사,고유어
3,냄새나다,0,동사,고유어
3,냇가,0,명사,고유어
3,냇물,0,명사,고유어
3,냉동,0,명사,한자어
3,냉동실,0,명사,한자어
3,냉동하다,0,동사,혼종어
3,냉방,0,명사,한자어
3,냉수,0,명사,한자어
3,냉이,0,명사,고유어
3,냉장,3,명사,한자어
3,냉장실,0,명사,한자어
3,냉정,3,명사,한자어
3,냉정하다,1,형용사,혼종어
3,냉큼,0,부사,고유어
3,냥,0,의존명사,한자어
3,너덜거리다,0,동사,고유어
3,너저분하다,0,형용사,고유어
3,넋,0,명사,고유어
3,널뛰기,0,명사,고유어
3,널뛰다,0,동사,고유어
3,널리,0,부사,고유어
3,널리다,1,동사,고유어
3,널브러지다,0,동사,고유어
3,널빤지,0,명사,고유어
3,널찍하다,0,형용사,고유어
3,넓적하다,0,형용사,고유어
3,넘실거리다,0,동사,고유어
3,넘실넘실,0,부사,고유어
3,넝쿨,0,명사,고유어
3,네거리,0,명사,고유어
3,네모나다,0,형용사,고유어
3,네모지다,0,형용사,고유어
3,네트,0,명사,외래어
3,네트워크,0,명사,외래어
3,노끈,0,명사,고유어
3,노동,2,명사,한자어
3,노동력,0,명사,한자어
3,노동자,0,명사,한자어
3,노랑나비,0,명사,고유어
3,노랫말,0,명사,고유어
3,노랫소리,0,명사,고유어
3,노릇,1,명사,고유어
3,노릇노릇,0,부사,고유어
3,노벨상,0,명사,혼종어
3,노부모,0,명사,한자어
3,노부부,0,명사,한자어
3,노비,1,명사,한자어
3,노소,0,명사,한자어
3,노약자,0,명사,한자어
3,노예,0,명사,한자어
3,노을,0,명사,고유어
3,노인정,0,명사,한자어
3,노처녀,0,명사,한자어
3,노총각,0,명사,한자어
3,노출,0,명사,한자어
3,노출되다,0,동사,혼종어
3,노크하다,0,동사,혼종어
3,노트북,0,명사,외래어
3,노하다,1,동사,혼종어
3,노하우,0,명사,외래어
3,노화,1,명사,한자어
3,녹두,0,명사,한자어
3,녹음기,0,명사,한자어
3,녹음되다,0,동사,혼종어
3,녹차,1,명사,혼종어
3,녹화,3,명사,한자어
3,녹화하다,2,동사,혼종어
3,논란,0,명사,한자어
3,논의되다,0,동사,혼종어
3,논쟁,0,명사,한자어
3,놀라움,0,명사,고유어
3,놀림거리,0,명사,고유어
3,놀음,0,명사,고유어
3,놀이기구,0,명사,혼종어
3,놀이동산,0,명사,고유어
3,농기구,0,명사,한자어
3,농담하다,0,동사,혼종어
3,농도,2,명사,한자어
3,농사일,0,명사,혼종어
3,농사철,0,명사,혼종어
3,농산물,0,명사,한자어
3,농악,0,명사,한자어
3,농약,0,명사,한자어
3,농어촌,0,명사,한자어
3,농업,0,명사,한자어
3,농작물,0,명사,한자어
3,농지,0,명사,한자어
3,높낮이,0,명사,고유어
3,높이뛰기,0,명사,고유어
3,높임말,0,명사,고유어
3,뇌물,0,명사,한자어
3,누그러뜨리다,0,동사,고유어
3,누더기,0,명사,고유어
3,누렁이,0,명사,고유어
3,누룽지,0,명사,고유어
3,누리,1,명사,고유어
3,누비다,0,동사,고유어
3,누에,0,명사,고유어
3,누이,0,명사,고유어
3,누이동생,0,명사,고유어
3,누추하다,0,형용사,혼종어
3,눈가,0,명사,고유어
3,눈금,0,명사,고유어
3,눈길,2,명사,고유어
3,눈깔사탕,0,명사,혼종어
3,눈꺼풀,0,명사,고유어
3,눈꽃,0,명사,고유어
3,눈높이,0,명사,고유어
3,눈뜨다,0,동사,고유어
3,눈망울,0,명사,고유어
3,눈매,0,명사,고유어
3,눈멀다,0,동사,고유어
3,눈물바다,0,명사,고유어
3,눈발,2,명사,고유어
3,눈살,1,명사,고유어
3,눈송이,0,명사,고유어
3,눈시울,0,명사,고유어
3,눈썰매장,0,명사,혼종어
3,눈썰미,0,명사,고유어
3,눈여겨보다,0,동사,고유어
3,눈초리,0,명사,고유어
3,눈총,0,명사,고유어
3,눈치채다,0,동사,고유어
3,뉘우치다,0,동사,고유어
3,느릿느릿하다,0,형용사,고유어
3,느릿하다,0,형용사,고유어
3,느슨하다,0,형용사,고유어
3,느지막하다,0,형용사,고유어
3,느타리버섯,0,명사,고유어
3,느티나무,0,명사,고유어
3,늘씬하다,1,형용사,고유어
3,늘어뜨리다,0,동사,고유어
3,늠름하다,1,형용사,혼종어
3,늦가을,0,명사,고유어
3,늦겨울,0,명사,고유어
3,늦봄,0,명사,고유어
3,늦여름,0,명사,고유어
3,늦잠꾸러기,0,명사,고유어
3,늪,0,명사,고유어
3,니트,1,명사,외래어
3,다그치다,0,동사,고유어
3,다름없다,0,형용사,고유어
3,다름없이,0,부사,고유어
3,다리미질,0,명사,고유어
3,다림질,0,명사,고유어
3,다방,2,명사,한자어
3,다수결,0,명사,한자어
3,다시금,0,부사,고유어
3,다시다,1,동사,고유어
3,다양성,0,명사,한자어
3,다이너마이트,0,명사,외래어
3,다이빙,0,명사,외래어
3,다정,1,명사,한자어
3,다정다감하다,0,형용사,혼종어
3,다짜고짜,0,부사,고유어
3,다채롭다,0,형용사,혼종어
3,닥쳐오다,0,동사,고유어
3,닥치다,1,동사,고유어
3,닥치다,2,동사,고유어
3,단,1,명사,한자어
3,단,15,명사,고유어
3,단감,0,명사,고유어
3,단거리,3,명사,한자어
3,단것,0,명사,고유어
3,단결,1,명사,한자어
3,단결하다,1,동사,혼종어
3,단계적,0,명사/관형사,한자어
3,단골,1,명사,고유어
3,단기,8,명사,한자어
3,단념,3,명사,한자어
3,단념하다,0,동사,혼종어
3,단독,2,명사,한자어
3,단돈,0,명사,고유어
3,단련,2,명사,한자어
3,단련하다,0,동사,혼종어
3,단면,2,명사,한자어
3,단무지,0,명사,고유어
3,단발,3,명사,한자어
3,단번에,0,부사,혼종어
3,단비,1,명사,고유어
3,단서,3,명사,한자어
3,단속,1,명사,한자어
3,단속하다,1,동사,혼종어
3,단순,2,명사,한자어
3,단숨에,0,부사,혼종어
3,단시간,0,명사,한자어
3,단오,0,명사,한자어
3,단원,3,명사,한자어
3,단잠,1,명사,고유어
3,단장하다,1,동사,혼종어
3,단정하다,3,동사,혼종어
3,단조롭다,0,형용사,혼종어
3,단축,2,명사,한자어
3,단축되다,0,동사,혼종어
3,단축하다,0,동사,혼종어
3,단춧구멍,0,명사,고유어
3,단팥죽,0,명사,혼종어
3,단풍나무,0,명사,혼종어
3,단풍놀이,0,명사,혼종어
3,달구다,0,동사,고유어
3,달나라,0,명사,고유어
3,달다,4,동사,고유어
3,달랑달랑,1,부사,고유어
3,달맞이,0,명사,고유어
3,달맞이꽃,0,명사,고유어
3,달밤,0,명사,고유어
3,달성,0,명사,한자어
3,달성하다,0,동사,혼종어
3,달아오르다,0,동사,고유어
3,달음박질하다,0,동사,고유어
3,달인,0,명사,한자어
3,닭똥,0,명사,고유어
3,닭살,0,명사,고유어
3,닭싸움,0,명사,고유어
3,닭장,0,명사,혼종어
3,닮은꼴,0,명사,고유어
3,담배꽁초,0,명사,고유어
3,담백하다,0,형용사,혼종어
3,답안,0,명사,한자어
3,닷,0,관형사,고유어
3,당구,4,명사,한자어
3,당뇨병,0,명사,한자어
3,당돌하다,1,형용사,혼종어
3,당부,2,명사,한자어
3,당부하다,0,동사,혼종어
3,당사자,0,명사,한자어
3,당선자,0,명사,한자어
3,당첨,0,명사,한자어
3,당혹스럽다,0,형용사,혼종어
3,대,1,명사/의존명사,고유어
3,대,4,명사,한자어
3,대가리,1,명사,고유어
3,대가족,0,명사,한자어
3,대각선,0,명사,한자어
3,대감,1,명사,한자어
3,대견스럽다,0,형용사,고유어
3,대견하다,1,형용사,고유어
3,대공원,0,명사,한자어
3,대구,2,명사,한자어
3,대군,2,명사,한자어
3,대궐,2,명사,한자어
3,대금,5,명사,한자어
3,대기,4,명사,한자어
3,대기,13,명사,한자어
3,대기하다,4,동사,혼종어
3,대꾸,0,명사,고유어
3,대꾸하다,0,동사,고유어
3,대대로,2,부사,혼종어
3,대도시,0,명사,한자어
3,대략,0,명사/부사,한자어
3,대략적,0,명사/관형사,한자어
3,대로,5,명사,한자어
3,대륙,1,명사,한자어
3,대리석,0,명사,한자어
3,대립,3,명사,한자어
3,대립하다,2,동사,혼종어
3,대범하다,0,형용사,혼종어
3,대보다,0,동사,고유어
3,대보름,0,명사,혼종어
3,대비,8,명사,한자어
3,대사,17,명사,한자어
3,대상,6,명사,한자어
3,대성공,0,명사,한자어
3,대여섯,0,수사/관형사,고유어
3,대여하다,0,동사,혼종어
3,대열,4,명사,한자어
3,대우,8,명사,한자어
3,대우하다,3,동사,혼종어
3,대원,8,명사,한자어
3,대응,2,명사,한자어
3,대응하다,0,동사,혼종어
3,대인,1,명사,한자어
3,대장,10,명사,한자어
3,대전,1,명사,한자어
3,대전,7,명사,한자어
3,대접,1,명사,고유어
3,대중교통,0,명사,한자어
3,대지,1,명사,한자어
3,대처,3,명사,한자어
3,대처하다,2,동사,혼종어
3,대체,2,명사,한자어
3,대추나무,0,명사,고유어
3,대출,2,명사,한자어
3,대출하다,2,동사,혼종어
3,대충대충,0,부사,고유어
3,대표자,0,명사,한자어
3,대항,0,명사,한자어
3,대항하다,0,동사,혼종어
3,댐,0,명사,외래어
3,댕,0,부사,고유어
3,더더구나,0,부사,고유어
3,더듬더듬,0,부사,고유어
3,더듬이,3,명사,고유어
3,더미,1,명사,고유어
3,더부룩하다,2,형용사,고유어
3,더없이,0,부사,고유어
3,더욱이,0,부사,고유어
3,더운물,0,명사,고유어
3,덜그럭덜그럭,0,부사,고유어
3,덜덜거리다,1,동사,고유어
3,덜렁거리다,0,동사,고유어
3,덜컹거리다,1,동사,고유어
3,덜컹거리다,2,동사,고유어
3,덧니,0,명사,고유어
3,덩굴,0,명사,고유어
3,덩그렇다,0,형용사,고유어
3,덩실덩실,0,부사,고유어
3,덫,0,명사,고유어
3,덮어놓다,0,동사,고유어
3,덮어씌우다,0,동사,고유어
3,데구루루,0,부사,고유어
3,데굴데굴,0,부사,고유어
3,데뷔,0,명사,외래어
3,데이터,0,명사,외래어
3,도,1,명사,외래어
3,도,13,명사,고유어
3,도감,4,명사,한자어
3,도달하다,1,동사,혼종어
3,도덕,0,명사,한자어
3,도둑고양이,0,명사,고유어
3,도라지,1,명사,고유어
3,도란도란,0,부사,고유어
3,도랑,1,명사,고유어
3,도련님,0,명사,고유어
3,도령,1,명사,고유어
3,도망하다,1,동사,혼종어
3,도매,2,명사,한자어
3,도매상,0,명사,한자어
3,도무지,2,부사,고유어
3,도배,8,명사,한자어
3,도배하다,5,동사,혼종어
3,도보,1,명사,한자어
3,도복,3,명사,한자어
3,도사,10,명사,한자어
3,도서실,0,명사,한자어
3,도심,4,명사,한자어
3,도입,0,명사,한자어
3,도장,13,명사,한자어
3,도적,1,명사,한자어
3,도착되다,1,동사,혼종어
3,도청,7,명사,한자어
3,도토리묵,0,명사,고유어
3,도화지,0,명사,한자어
3,독,1,명사,고유어
3,독거미,0,명사,혼종어
3,독도,1,명사,한자어
3,독립,0,명사,한자어
3,독립군,0,명사,한자어
3,독립되다,0,동사,혼종어
3,독립운동,0,명사,한자어
3,독립하다,0,동사,혼종어
3,독버섯,0,명사,혼종어
3,독사,3,명사,한자어
3,독서실,0,명사,한자어
3,독성,1,명사,한자어
3,독약,0,명사,한자어
3,독일,0,명사,한자어
3,독자,4,명사,한자어
3,독재,0,명사,한자어
3,독재자,0,명사,한자어
3,독주,3,명사,한자어
3,독차지,0,명사,혼종어
3,독차지하다,0,동사,혼종어
3,독촉,0,명사,한자어
3,독후감,0,명사,한자어
3,돈주머니,0,명사,고유어
3,돌다리,1,명사,고유어
3,돌담,1,명사,고유어
3,돌덩이,0,명사,고유어
3,돌려놓다,0,동사,고유어
3,돌림,1,명사,고유어
3,돌부리,0,명사,고유어
3,돌산,0,명사,혼종어
3,돌아다보다,0,동사,고유어
3,돌입하다,0,동사,혼종어
3,돌진하다,0,동사,혼종어
3,돌파구,0,명사,한자어
3,돌파하다,0,동사,혼종어
3,동감,1,명사,한자어
3,동거,1,명사,한자어
3,동그랑땡,0,명사,고유어
3,동그래지다,0,동사,고유어
3,동그스름하다,0,형용사,고유어
3,동남,1,명사,한자어
3,동남쪽,0,명사,혼종어
3,동네방네,0,명사,혼종어
3,동동,3,부사,고유어
3,동떨어지다,0,형용사,고유어
3,동력,2,명사,한자어
3,동맹,1,명사,한자어
3,동메달,0,명사,혼종어
3,동무,1,명사,고유어
3,동부,5,명사,한자어
3,동사,9,명사,한자어
3,동상,8,명사,한자어
3,동서,3,명사,한자어
3,동서남북,0,명사,한자어
3,동서양,0,명사,한자어
3,동선,3,명사,한자어
3,동시,8,명사,한자어
3,동식물,0,명사,한자어
3,동심,4,명사,한자어
3,동아리,2,명사,고유어
3,동아줄,0,명사,고유어
3,동안,4,명사,한자어
3,동양,2,명사,한자어
3,동양인,0,명사,한자어
3,동일,2,명사,한자어
3,동일하다,0,형용사,혼종어
3,동점,1,명사,한자어
3,동정,5,명사,한자어
3,동정하다,2,동사,혼종어
3,동족,1,명사,한자어
3,동지,4,명사,한자어
3,동참하다,0,동사,혼종어
3,동해,1,명사,한자어
3,동해안,0,명사,한자어
3,동행,1,명사,한자어
3,동행하다,1,동사,혼종어
3,돛,0,명사,고유어
3,되살리다,0,동사,고유어
3,되살아나다,0,동사,고유어
3,되풀이되다,0,동사,고유어
3,된통,0,부사,고유어
3,두개골,0,명사,한자어
3,두고두고,0,부사,고유어
3,두근두근,0,부사,고유어
3,두께,0,명사,고유어
3,두둥실,0,부사,고유어
3,두루,0,부사,고유어
3,두루미,2,명사,고유어
3,두리번거리다,0,동사,고유어
3,두리번두리번,0,부사,고유어
3,두발자전거,0,명사,혼종어
3,두텁다,0,형용사,고유어
3,둑,1,명사,고유어
3,둘둘,0,부사,고유어
3,둘러메다,0,동사,고유어
3,둘러앉다,0,동사,고유어
3,둥그렇다,0,형용사,고유어
3,둥글넓적하다,0,형용사,고유어
3,둥둥,1,부사,고유어
3,둥실,1,부사,고유어
3,뒤꿈치,0,명사,고유어
3,뒤돌다,0,동사,고유어
3,뒤돌아보다,0,동사,고유어
3,뒤돌아서다,0,동사,고유어
3,뒤따라가다,0,동사,고유어
3,뒤따라오다,0,동사,고유어
3,뒤따르다,0,동사,고유어
3,뒤뚱거리다,0,동사,고유어
3,뒤뜰,0,명사,고유어
3,뒤로하다,0,동사,고유어
3,뒤바꾸다,0,동사,고유어
3,뒤섞이다,0,동사,고유어
3,뒤엉키다,0,동사,고유어
3,뒤잇다,0,동사,고유어
3,뒤적이다,0,동사,고유어
3,뒤죽박죽,0,명사,고유어
3,뒤집어씌우다,0,동사,고유어
3,뒤쫓다,0,동사,고유어
3,뒤흔들다,0,동사,고유어
3,뒷걸음,0,명사,고유어
3,뒷골목,0,명사,고유어
3,뒷날,0,명사,고유어
3,뒷다리,0,명사,고유어
3,뒷동산,0,명사,고유어
3,뒷머리,0,명사,고유어
3,뒷바라지,1,명사,고유어
3,뒷바퀴,0,명사,고유어
3,뒷받침,0,명사,고유어
3,뒷받침되다,0,동사,고유어
3,뒷받침하다,0,동사,고유어
3,뒷발,0,명사,고유어
3,뒷이야기,0,명사,고유어
3,뒷짐,0,명사,고유어
3,드나들다,0,동사,고유어
3,드라이,0,명사,외래어
3,드라이버,0,명사,외래어
3,드물다,0,형용사,고유어
3,득점,0,명사,한자어
3,들,3,의존명사,고유어
3,들국화,0,명사,혼종어
3,들깨,0,명사,고유어
3,들꽃,0,명사,고유어
3,들끓다,0,동사,고유어
3,들다,3,동사,고유어
3,들락날락,0,부사,고유어
3,들락날락하다,0,동사,고유어
3,들러리,0,명사,고유어
3,들리다,6,동사,고유어
3,들먹이다,0,동사,고유어
3,들썩거리다,0,동사,고유어
3,들썩들썩,0,부사,고유어
3,들썩이다,0,동사,고유어
3,들쑥날쑥,0,부사,고유어
3,들어내다,0,동사,고유어
3,들어맞다,0,동사,고유어
3,들여오다,0,동사,고유어
3,들이닥치다,0,동사,고유어
3,들이마시다,1,동사,고유어
3,들이마시다,2,동사,고유어
3,들이밀다,2,동사,고유어
3,들이받다,0,동사,고유어
3,들이켜다,0,동사,고유어
3,들쥐,0,명사,고유어
3,들추다,0,동사,고유어
3,들통나다,0,동사,고유어
3,들풀,0,명사,고유어
3,등굣길,0,명사,혼종어
3,등대,6,명사,한자어
3,등록,1,명사,한자어
3,등록금,0,명사,한자어
3,등록되다,0,동사,혼종어
3,등록하다,1,동사,혼종어
3,등분,2,명사,한자어
3,등산객,0,명사,한자어
3,등지다,0,동사,고유어
3,디딤돌,0,명사,고유어
3,디자이너,0,명사,외래어
3,디저트,0,명사,외래어
3,디지털,0,명사,외래어
3,따귀,0,명사,고유어
3,따님,0,명사,고유어
3,따돌리다,0,동사,고유어
3,따뜻이,0,부사,고유어
3,따라나서다,0,동사,고유어
3,따먹다,0,동사,고유어
3,따분하다,0,형용사,고유어
3,따오다,0,동사,고유어
3,따옴표,0,명사,혼종어
3,딱따구리,1,명사,고유어
3,딱하다,0,형용사,고유어
3,딱히,2,부사,고유어
3,딴판,0,명사,고유어
3,딸깍,0,부사,고유어
3,딸꾹질,0,명사,고유어
3,딸랑딸랑,0,부사,고유어
3,딸리다,2,동사,고유어
3,딸아이,0,명사,고유어
3,땀방울,0,명사,고유어
3,땅굴,0,명사,혼종어
3,땋다,0,동사,고유어
3,때려잡다,0,동사,고유어
3,땔감,0,명사,고유어
3,떠나오다,0,동사,고유어
3,떠내다,0,동사,고유어
3,떠넘기다,0,동사,고유어
3,떠돌이,0,명사,고유어
3,떠맡기다,0,동사,고유어
3,떠맡다,0,동사,고유어
3,떠먹다,0,동사,고유어
3,떠받들다,0,동사,고유어
3,떠받치다,0,동사,고유어
3,떡방아,0,명사,고유어
3,떡잎,0,명사,고유어
3,떨어트리다,0,동사,고유어
3,떨치다,1,동사,고유어
3,떫다,0,형용사,고유어
3,떼굴떼굴,0,부사,고유어
3,떼쓰다,0,동사,고유어
3,뗏목,0,명사,혼종어
3,또각또각,0,부사,고유어
3,또렷이,0,부사,고유어
3,또르르,2,부사,고유어
3,똑똑히,0,부사,고유어
3,똘똘,1,부사,고유어
3,똥오줌,0,명사,고유어
3,뙤약볕,0,명사,고유어
3,뚜드리다,0,동사,고유어
3,뚜렷이,0,부사,고유어
3,뚝,1,부사,고유어
3,뚝배기,0,명사,고유어
3,뚱딴지,1,명사,고유어
3,뚱뚱보,0,명사,고유어
3,뚱뚱이,0,명사,고유어
3,뛰어나가다,0,동사,고유어
3,뛰어오르다,0,동사,고유어
3,뛰쳐나가다,0,동사,고유어
3,뛰쳐나오다,0,동사,고유어
3,뜀틀,0,명사,고유어
3,뜨개질,1,명사,고유어
3,뜨개질하다,1,동사,고유어
3,뜨끔하다,0,형용사,고유어
3,뜨다,6,동사,고유어
3,뜨듯하다,0,형용사,고유어
3,뜨이다,2,동사,고유어
3,뜯어고치다,0,동사,고유어
3,뜯어먹다,0,동사,고유어
3,뜸하다,0,형용사,고유어
3,뜻밖에,0,부사,고유어
3,띄다,2,동사,고유어
3,띄어쓰기,0,명사,고유어
3,라이브,0,명사,외래어
3,라이트,1,명사,외래어
3,랩,2,명사,외래어
3,러닝셔츠,0,명사,외래어
3,레,2,명사,외래어
3,레몬,0,명사,외래어
3,레스토랑,0,명사,외래어
3,레슨,0,명사,외래어
3,레이스,2,명사,외래어
3,레저,0,명사,외래어
3,렌즈,0,명사,외래어
3,로고,1,명사,외래어
3,로비,0,명사,외래어
3,로션,0,명사,외래어
3,롤러,0,명사,외래어
3,리그,1,명사,외래어
3,리더십,0,명사,외래어
3,리드,1,명사,외래어
3,리스트,1,명사,외래어
3,리어카,0,명사,외래어
3,리조트,0,명사,외래어
3,리터,1,의존명사,외래어
3,리프트,0,명사,외래어
3,리허설,0,명사,외래어
3,릴레이,0,명사,외래어
3,립스틱,0,명사,외래어
3,링거,0,명사,외래어
3,마,2,명사,고유어
3,마감,1,명사,고유어
3,마감하다,1,동사,고유어
3,마개,1,명사,고유어
3,마구간,0,명사,한자어
3,마냥,2,부사,고유어
3,마님,0,명사,고유어
3,마땅하다,0,형용사,고유어
3,마련,0,명사/의존 명사,고유어
3,마련되다,0,동사,고유어
3,마련하다,0,동사,고유어
3,마룻바닥,0,명사,고유어
3,마름모,0,명사,고유어
3,마무리되다,0,동사,고유어
3,마사지하다,0,동사,혼종어
3,마약,0,명사,한자어
3,마을버스,0,명사,혼종어
3,마이너스,0,명사,외래어
3,마주하다,0,동사,고유어
3,마중하다,0,동사,고유어
3,마찰,0,명사,한자어
3,막,6,명사,한자어
3,막대,1,명사,고유어
3,막둥이,0,명사,고유어
3,막막하다,2,형용사,혼종어
3,막무가내,0,명사,한자어
3,막아서다,0,동사,고유어
3,막차,1,명사,혼종어
3,막판,0,명사,고유어
3,만,6,명사/관형사,한자어
3,만능,0,명사,한자어
3,만두피,0,명사,한자어
3,만사,2,명사,한자어
3,만원,1,명사,한자어
3,만장일치,0,명사,한자어
3,만족감,0,명사,한자어
3,만화가,0,명사,한자어
3,맏아들,0,명사,고유어
3,맏이,0,명사,고유어
3,말,9,의존명사,한자어
3,말끔하다,0,형용사,고유어
3,말끔히,0,부사,고유어
3,말놀이,2,명사,고유어
3,말다툼,0,명사,고유어
3,말다툼하다,0,동사,고유어
3,말동무,0,명사,고유어
3,말뜻,0,명사,고유어
3,말랑말랑,0,부사,고유어
3,말랑하다,0,형용사,고유어
3,말려들다,0,동사,고유어
3,말미잘,0,명사,고유어
3,말싸움,0,명사,고유어
3,말싸움하다,0,동사,고유어
3,말썽꾸러기,0,명사,고유어
3,말썽쟁이,0,명사,고유어
3,말일,0,명사,한자어
3,말장난,0,명사,고유어
3,말타기,0,명사,고유어
3,말하기,0,명사,고유어
3,맑아지다,0,동사,고유어
3,맘마,0,명사,고유어
3,맘먹다,0,동사,고유어
3,맘씨,0,명사,고유어
3,맛깔스럽다,0,형용사,고유어
3,망,4,명사,한자어
3,망아지,0,명사,고유어
3,맞닿다,0,동사,고유어
3,맞붙다,0,동사,고유어
3,맞아떨어지다,0,동사,고유어
3,맞잡다,0,동사,고유어
3,맞장구치다,0,동사,고유어
3,맞춤,1,명사,고유어
3,맞춤법,0,명사,혼종어
3,맡아보다,0,동사,고유어
3,매,6,명사,고유어
3,매,10,관형사,한자어
3,매,12,의존명사,한자어
3,매끈매끈,0,부사,고유어
3,매끈매끈하다,0,형용사,고유어
3,매끈하다,0,형용사,고유어
3,매끌매끌,0,부사,고유어
3,매너,0,명사,외래어
3,매듭,0,명사,고유어
3,매미채,0,명사,고유어
3,매월,0,명사/부사,한자어
3,매이다,1,동사,고유어
3,매직,2,명사,외래어
3,매진,3,명사,한자어
3,매체,0,명사,한자어
3,매콤하다,0,형용사,고유어
3,매화,2,명사,한자어
3,맥,1,명사,한자어
3,맥박,0,명사,한자어
3,맨,2,부사,고유어
3,맷돌,0,명사,고유어
3,맹세,2,명사,한자어
3,맹세문,0,명사,한자어
3,맹수,0,명사,한자어
3,맹인,0,명사,한자어
3,맹장,1,명사,한자어
3,맹장염,0,명사,한자어
3,머금다,0,동사,고유어
3,머리말,0,명사,고유어
3,머리맡,0,명사,고유어
3,머리뼈,0,명사,고유어
3,머리털,0,명사,고유어
3,머리통,0,명사,고유어
3,머리핀,0,명사,혼종어
3,머쓱하다,0,형용사,고유어
3,머지않다,0,형용사,고유어
3,먹,1,명사,고유어
3,먹거리,0,명사,고유어
3,먹고살다,0,동사,고유어
3,먹먹하다,0,형용사,고유어
3,먹물,0,명사,고유어
3,먹보,1,명사,고유어
3,먹음직스럽다,0,형용사,고유어
3,멀다,1,동사,고유어
3,멀뚱멀뚱,1,부사,고유어
3,멀리뛰기,0,명사,고유어
3,멀미하다,0,동사,고유어
3,멀찌감치,0,부사,고유어
3,멀찍이,0,부사,고유어
3,멈칫하다,0,동사,고유어
3,멋모르다,0,동사,고유어
3,멋쟁이,1,명사,고유어
3,멍멍하다,0,형용사,고유어
3,메기,0,명사,고유어
3,메꾸다,0,동사,고유어
3,메마르다,0,형용사,고유어
3,메모리,0,명사,외래어
3,메밀,0,명사,고유어
3,메스껍다,0,형용사,고유어
3,메일,0,명사,외래어
3,메주,0,명사,고유어
3,메추리알,0,명사,고유어
3,멜로디,0,명사,외래어
3,멜론,0,명사,외래어
3,면담,0,명사,한자어
3,면담하다,0,동사,혼종어
3,면도,0,명사,한자어
3,면사무소,0,명사,한자어
3,면역,2,명사,한자어
3,면역력,0,명사,한자어
3,면적,0,명사,한자어
3,면접,0,명사,한자어
3,면하다,1,동사,혼종어
3,면허,1,명사,한자어
3,면허증,0,명사,한자어
3,면회,2,명사,한자어
3,멸망,0,명사,한자어
3,멸망하다,0,동사,혼종어
3,명,5,명사,한자어
3,명백하다,0,형용사,혼종어
3,명상,4,명사,한자어
3,명소,1,명사,한자어
3,명수,1,명사,한자어
3,명심하다,0,동사,혼종어
3,명언,1,명사,한자어
3,명예롭다,0,형용사,혼종어
3,명작,0,명사,한자어
3,명칭,2,명사,한자어
3,명탐정,0,명사,한자어
3,명태,0,명사,한자어
3,명함,0,명사,한자어
3,명확히,0,부사,혼종어
3,모,2,명사,한자어
3,모,3,명사,고유어
3,모,9,명사,고유어
3,모,12,대명사/관형사,한자어
3,모가지,0,명사,고유어
3,모과,2,명사,한자어
3,모국어,0,명사,한자어
3,모기장,0,명사,혼종어
3,모내기,0,명사,고유어
3,모눈종이,0,명사,고유어
3,모닥불,0,명사,고유어
3,모래밭,0,명사,고유어
3,모래사장,0,명사,혼종어
3,모래시계,0,명사,혼종어
3,모래알,0,명사,고유어
3,모범적,0,명사/관형사,한자어
3,모성애,0,명사,한자어
3,모시,1,명사,고유어
3,모양새,0,명사,혼종어
3,모이,1,명사,고유어
3,모자,1,명사,한자어
3,모자이크,0,명사,외래어
3,모질다,0,형용사,고유어
3,모함,2,명사,한자어
3,모험심,0,명사,한자어
3,목격,0,명사,한자어
3,목격하다,0,동사,혼종어
3,목공,1,명사,한자어
3,목덜미,0,명사,고유어
3,목돈,0,명사,고유어
3,목동,0,명사,한자어
3,목련,1,명사,한자어
3,목록,0,명사,한자어
3,목성,3,명사,한자어
3,목수,1,명사,한자어
3,목욕물,0,명사,혼종어
3,목재,0,명사,한자어
3,목청,1,명사,고유어
3,목표하다,0,동사,혼종어
3,목화,2,명사,한자어
3,몫,0,명사,고유어
3,몰두하다,0,동사,혼종어
3,몰라주다,0,동사,고유어
3,몰락,0,명사,한자어
3,몰려가다,0,동사,고유어
3,몰려다니다,0,동사,고유어
3,몰아내다,0,동사,고유어
3,몰아붙이다,0,동사,고유어
3,몰입하다,0,동사,혼종어
3,몸가짐,0,명사,고유어
3,몸담다,0,동사,고유어
3,몸뚱이,0,명사,고유어
3,몸조심하다,0,동사,혼종어
3,몸체,0,명사,혼종어
3,몹쓸,0,관형사,고유어
3,못,3,명사,고유어
3,못난이,0,명사,고유어
3,못마땅하다,0,형용사,고유어
3,못쓰다,0,동사,고유어
3,묘비,1,명사,한자어
3,묘사,2,명사,한자어
3,묘사하다,0,동사,혼종어
3,묘지,2,명사,한자어
3,묘하다,0,형용사,혼종어
3,무공해,0,명사,한자어
3,무관,1,명사,한자어
3,무관심,0,명사,한자어
3,무능력하다,0,형용사,혼종어
3,무당,0,명사,고유어
3,무도회,0,명사,한자어
3,무례하다,0,형용사,혼종어
3,무모하다,2,형용사,혼종어
3,무사,2,명사,한자어
3,무성하다,0,형용사,혼종어
3,무쇠,0,명사,고유어
3,무수히,0,부사,혼종어
3,무시되다,0,동사,혼종어
3,무식,0,명사,한자어
3,무심코,0,부사,혼종어
3,무역,2,명사,한자어
3,무예,1,명사,한자어
3,무용지물,0,명사,한자어
3,무의미하다,0,형용사,혼종어
3,무전기,0,명사,한자어
3,무제한,0,명사,한자어
3,무지개떡,0,명사,고유어
3,무지갯빛,0,명사,고유어
3,무지무지,0,부사,고유어
3,무질서,0,명사,한자어
3,무차별,0,명사,한자어
3,무참히,1,부사,혼종어
3,무침,0,명사,고유어
3,무표정,0,명사,한자어
3,무표정하다,0,형용사,혼종어
3,무한하다,0,형용사,혼종어
3,무효,0,명사,한자어
3,묵념,0,명사,한자어
3,묵다,1,동사,고유어
3,묵묵히,0,부사,혼종어
3,묵직하다,0,형용사,고유어
3,묵히다,0,동사,고유어
3,문고,1,명사,한자어
3,문구,2,명사,한자어
3,문단,1,명사,한자어
3,문단속,0,명사,한자어
3,문답,2,명사,한자어
3,문방구,0,명사,한자어
3,문방구점,0,명사,한자어
3,문법,1,명사,한자어
3,문병,2,명사,한자어
3,문신,2,명사,한자어
3,문예,1,명사,한자어
3,문의,3,명사,한자어
3,문제아,0,명사,한자어
3,문제지,0,명사,한자어
3,문제집,0,명사,한자어
3,문집,0,명사,한자어
3,문틈,0,명사,혼종어
3,문학가,0,명사,한자어
3,문화유산,0,명사,한자어
3,문화재,0,명사,한자어
3,물,2,명사,고유어
3,물구나무서기,0,명사,고유어
3,물구나무서다,0,동사,고유어
3,물길,1,명사,고유어
3,물김치,0,명사,고유어
3,물끄러미,0,부사,고유어
3,물난리,0,명사,혼종어
3,물냉면,0,명사,혼종어
3,물다,3,동사,고유어
3,물렁하다,0,형용사,고유어
3,물레,0,명사,고유어
3,물레방아,1,명사,고유어
3,물리다,5,동사,고유어
3,물리다,6,동사,고유어
3,물바다,0,명사,고유어
3,물받이,0,명사,고유어
3,물방개,0,명사,고유어
3,물범,0,명사,고유어
3,물병,0,명사,혼종어
3,물뿌리개,0,명사,고유어
3,물살,0,명사,고유어
3,물새,1,명사,고유어
3,물소,1,명사,고유어
3,물어내다,1,동사,고유어
3,물웅덩이,0,명사,고유어
3,물자,2,명사,한자어
3,물장구,0,명사,고유어
3,물장구치다,0,동사,고유어
3,물줄기,0,명사,고유어
3,물질적,0,명사/관형사,한자어
3,물풀,0,명사,고유어
3,뭉개다,2,동사,고유어
3,뭉개지다,0,동사,고유어
3,뭉게구름,0,명사,고유어
3,뭉치,0,명사,고유어
3,뭐하다,0,형용사,고유어
3,뭣하다,0,형용사,고유어
3,뮤지컬,0,명사,외래어
3,미,10,명사,외래어
3,미각,0,명사,한자어
3,미나리,1,명사,고유어
3,미덕,0,명사,한자어
3,미련하다,1,형용사,고유어
3,미묘하다,2,형용사,혼종어
3,미세하다,0,형용사,혼종어
3,미술가,0,명사,한자어
3,미술품,0,명사,한자어
3,미스터,0,명사,외래어
3,미신,4,명사,한자어
3,미완성,0,명사,한자어
3,미용,0,명사,한자어
3,미팅,0,명사,외래어
3,미화,1,명사,한자어
3,미화원,0,명사,한자어
3,믹서,0,명사,외래어
3,민속놀이,0,명사,혼종어
3,민속촌,0,명사,한자어
3,민속춤,0,명사,혼종어
3,민요,2,명사,한자어
3,민주적,0,명사/관형사,한자어
3,민주주의,0,명사,한자어
3,믿음직하다,0,형용사,고유어
3,밀,2,명사,고유어
3,밀려가다,0,동사,고유어
3,밀물,1,명사,고유어
3,밀접하다,0,형용사,혼종어
3,밀짚모자,0,명사,혼종어
3,밀착하다,0,동사,혼종어
3,및,0,부사,고유어
3,밑거름,0,명사,고유어
3,밑줄,0,명사,고유어
3,밑창,0,명사,고유어
3,밑천,0,명사,고유어
3,바,3,의존명사,고유어
3,바글거리다,0,동사,고유어
3,바늘구멍,0,명사,고유어
3,바다거북,0,명사,고유어
3,바다사자,0,명사,혼종어
3,바다표범,0,명사,혼종어
3,바닷바람,0,명사,고유어
3,바둑돌,0,명사,고유어
3,바둑알,0,명사,고유어
3,바둑판,0,명사,혼종어
3,바들바들,0,부사,고유어
3,바라다보다,0,동사,고유어
3,바람결,0,명사,고유어
3,바람직하다,0,형용사,고유어
3,바로잡다,0,동사,고유어
3,바른대로,0,부사,고유어
3,바보짓,0,명사,고유어
3,바비큐,0,명사,외래어
3,바삭거리다,0,동사,고유어
3,바삭바삭,0,부사,고유어
3,바위산,0,명사,혼종어
3,바위섬,0,명사,고유어
3,바윗돌,0,명사,고유어
3,바자회,0,명사,혼종어
3,바캉스,0,명사,외래어
3,박,5,명사,고유어
3,박람회,0,명사,한자어
3,박박,1,부사,고유어
3,박탈,2,명사,한자어
3,박탈하다,2,동사,혼종어
3,반가움,0,명사,고유어
3,반나절,0,명사,혼종어
3,반달가슴곰,0,명사,혼종어
3,반달곰,0,명사,혼종어
3,반대되다,0,동사,혼종어
3,반대말,0,명사,혼종어
3,반대표,0,명사,한자어
3,반도,2,명사,한자어
3,반딧불이,0,명사,고유어
3,반란,1,명사,한자어
3,반박,1,명사,한자어
3,반발,1,명사,한자어
3,반사,1,명사,한자어
3,반사되다,1,동사,혼종어
3,반사하다,1,동사,혼종어
3,반상회,0,명사,한자어
3,반성문,0,명사,한자어
3,반영하다,0,동사,혼종어
3,반전,3,명사,한자어
3,반점,4,명사,한자어
3,반주하다,2,동사,혼종어
3,반죽하다,0,동사,고유어
3,반짝하다,0,동사,고유어
3,반찬거리,0,명사,혼종어
3,반창고,0,명사,한자어
3,반항,1,명사,한자어
3,반항하다,1,동사,혼종어
3,반환점,0,명사,한자어
3,받들다,0,동사,고유어
3,받아들이다,0,동사,고유어
3,받아먹다,0,동사,고유어
3,받아쓰다,0,동사,고유어
3,받침대,0,명사,혼종어
3,발갛다,0,형용사,고유어
3,발굴,0,명사,한자어
3,발굴하다,0,동사,혼종어
3,발그레,0,부사,고유어
3,발급,0,명사,한자어
3,발길질,0,명사,고유어
3,발꿈치,0,명사,고유어
3,발끈하다,0,동사,고유어
3,발랄하다,0,형용사,혼종어
3,발레리나,0,명사,외래어
3,발맞추다,0,동사,고유어
3,발명품,0,명사,한자어
3,발사되다,0,동사,혼종어
3,발소리,0,명사,고유어
3,발언,2,명사,한자어
3,발언하다,2,동사,혼종어
3,발음하다,1,동사,혼종어
3,발전소,0,명사,한자어
3,발칵,1,부사,고유어
3,발행,1,명사,한자어
3,발휘,0,명사,한자어
3,발휘하다,0,동사,혼종어
3,밤거리,0,명사,고유어
3,밤바다,0,명사,고유어
3,밤바람,0,명사,고유어
3,밤색,0,명사,혼종어
3,밥공기,0,명사,혼종어
3,밥알,0,명사,고유어
3,밥풀,0,명사,고유어
3,방광,4,명사,한자어
3,방구석,0,명사,혼종어
3,방글방글,0,부사,고유어
3,방긋,1,부사,고유어
3,방긋방긋,0,부사,고유어
3,방문객,0,명사,한자어
3,방방곡곡,0,명사,한자어
3,방사선,0,명사,한자어
3,방송되다,1,동사,혼종어
3,방송사,0,명사,한자어
3,방송실,0,명사,한자어
3,방실거리다,0,동사,고유어
3,방실방실,0,부사,고유어
3,방심하다,0,동사,혼종어
3,방아,1,명사,고유어
3,방아쇠,0,명사,고유어
3,방앗간,0,명사,혼종어
3,방어하다,1,동사,혼종어
3,방위,4,명사,한자어
3,방지하다,1,동사,혼종어
3,방충망,0,명사,한자어
3,방치되다,0,동사,혼종어
3,방황,1,명사,한자어
3,방황하다,0,동사,혼종어
3,밭농사,0,명사,혼종어
3,배급,0,명사,한자어
3,배나무,0,명사,고유어
3,배드민턴,0,명사,외래어
3,배반,3,명사,한자어
3,배반하다,1,동사,혼종어
3,배분,0,명사,한자어
3,배불뚝이,0,명사,고유어
3,배설물,0,명사,한자어
3,배송,4,명사,한자어
3,배수,6,명사,한자어
3,배역,2,명사,한자어
3,배열,2,명사,한자어
3,배우자,2,명사,한자어
3,배웅,0,명사,고유어
3,배웅하다,0,동사,고유어
3,배정,2,명사,한자어
3,배추김치,0,명사,고유어
3,배출,2,명사,한자어
3,배출되다,2,동사,혼종어
3,배출되다,3,동사,혼종어
3,배출하다,2,동사,혼종어
3,배출하다,3,동사,혼종어
3,배트,1,명사,외래어
3,백과사전,0,명사,한자어
3,백군,1,명사,한자어
3,백두산,1,명사,한자어
3,백로,2,명사,한자어
3,백사장,0,명사,한자어
3,백색,1,명사,한자어
3,백숙,1,명사,한자어
3,백합,3,명사,한자어
3,백호,2,명사,한자어
3,밸브,0,명사,외래어
3,뱃길,0,명사,고유어
3,뱃사공,0,명사,혼종어
3,뱃사람,0,명사,고유어
3,버그,0,명사,외래어
3,버둥거리다,0,동사,고유어
3,버드나무,0,명사,고유어
3,버려두다,0,동사,고유어
3,버려지다,0,동사,고유어
3,버르장머리,0,명사,고유어
3,버릇하다,0,보조동사,고유어
3,버팀목,0,명사,혼종어
3,벅벅,1,부사,고유어
3,번갯불,0,명사,고유어
3,번데기,0,명사,고유어
3,번번이,0,부사,혼종어
3,번식,0,명사,혼종어
3,번식하다,0,동사,혼종어
3,번역,0,명사,한자어
3,번역되다,0,동사,혼종어
3,번역하다,0,동사,혼종어
3,번쩍하다,0,동사,고유어
3,번창하다,0,동사,혼종어
3,번화가,0,명사,한자어
3,벌거숭이,0,명사,고유어
3,벌겋다,0,형용사,고유어
3,벌렁,1,부사,고유어
3,벌어들이다,0,동사,고유어
3,벌컥,1,부사,고유어
3,벌판,0,명사,고유어
3,범,1,명사,고유어
3,범죄자,0,명사,한자어
3,법률,0,명사,한자어
3,법하다,0,보조형용사,혼종어
3,벗,2,명사,고유어
3,벙어리,0,명사,고유어
3,벚나무,0,명사,고유어
3,베,1,명사,고유어
3,베다,1,동사,고유어
3,베스트셀러,0,명사,외래어
3,베짱이,0,명사,고유어
3,베틀,0,명사,고유어
3,벼농사,0,명사,혼종어
3,벼랑,0,명사,고유어
3,벼루,1,명사,고유어
3,벼슬,0,명사,고유어
3,벼슬아치,0,명사,고유어
3,벼슬하다,0,동사,고유어
3,벽걸이,0,명사,혼종어
3,벽난로,0,명사,한자어
3,벽보,3,명사,한자어
3,벽시계,0,명사,한자어
3,벽장,2,명사,한자어
3,벽화,0,명사,한자어
3,변,3,명사,한자어
3,변,8,명사,한자어
3,변,10,명사,한자어
3,변동,0,명사,한자어
3,변두리,0,명사,혼종어
3,변비,1,명사,한자어
3,변소,0,명사,한자어
3,변장하다,0,동사,혼종어
3,변함없다,0,형용사,혼종어
3,변함없이,0,부사,혼종어
3,변형,0,명사,한자어
3,변호,2,명사,한자어
3,변호사,0,명사,한자어
3,변화되다,0,동사,혼종어
3,별관,1,명사,한자어
3,별나다,0,형용사,혼종어
3,별나라,0,명사,고유어
3,별다르다,0,형용사,혼종어
3,별똥별,0,명사,고유어
3,별별,0,관형사,한자어
3,별빛,0,명사,고유어
3,별안간,0,명사,한자어
3,별의별,0,관형사,혼종어
3,별일,0,명사,혼종어
3,별자리,0,명사,고유어
3,병따개,0,명사,혼종어
3,병뚜껑,0,명사,혼종어
3,병마개,0,명사,혼종어
3,병명,0,명사,한자어
3,병신,3,명사,한자어
3,병원비,0,명사,한자어
3,병자,2,명사,한자어
3,병정,1,명사,한자어
3,병풍,0,명사,한자어
3,볕,0,명사,고유어
3,보강,1,명사,한자어
3,보고되다,0,동사,혼종어
3,보고서,0,명사,한자어
3,보관되다,0,동사,혼종어
3,보글보글,0,부사,고유어
3,보금자리,0,명사,고유어
3,보도,2,명사,한자어
3,보드랍다,0,형용사,고유어
3,보들보들,0,부사,고유어
3,보람되다,0,형용사,고유어
3,보랏빛,0,명사,고유어
3,보름날,0,명사,고유어
3,보리밥,0,명사,고유어
3,보리밭,0,명사,고유어
3,보리쌀,0,명사,고유어
3,보리차,0,명사,고유어
3,보물섬,1,명사,혼종어
3,보물찾기,0,명사,혼종어
3,보스,2,명사,외래어
3,보슬보슬,1,부사,고유어
3,보쌈,2,명사,혼종어
3,보온,0,명사,한자어
3,보육원,0,명사,한자어
3,보존,0,명사,한자어
3,보존되다,0,동사,혼종어
3,보존하다,0,동사,혼종어
3,보험,0,명사,한자어
3,보험료,0,명사,한자어
3,보호되다,0,동사,혼종어
3,복구,2,명사,한자어
3,복구하다,2,동사,혼종어
3,복귀,0,명사,한자어
3,복되다,0,형용사,혼종어
3,복수하다,2,동사,혼종어
3,복숭아나무,0,명사,고유어
3,복싱,0,명사,외래어
3,복어,1,명사,혼종어
3,복용,1,명사,한자어
3,복원,2,명사,한자어
3,복원되다,1,동사,혼종어
3,복원하다,2,동사,혼종어
3,복제,3,명사,한자어
3,복종하다,0,동사,혼종어
3,복주머니,0,명사,혼종어
3,복지,9,명사,한자어
3,볶음,0,명사,고유어
3,본,1,명사,한자어
3,본드,0,명사,외래어
3,본뜨다,0,동사,혼종어
3,본래,0,명사/부사,한자어
3,본론,0,명사,한자어
3,본보기,0,명사,혼종어
3,본사,2,명사,한자어
3,본색,1,명사,한자어
3,본전,4,명사,한자어
3,본점,0,명사,한자어
3,본체,0,명사,한자어
3,본토,0,명사,한자어
3,볼거리,1,명사,고유어
3,볼록,0,부사,고유어
3,볼록하다,0,동사/형용사,고유어
3,볼링,0,명사,외래어
3,봄나들이,0,명사,고유어
3,봄나들이하다,0,동사,고유어
3,봄나물,0,명사,고유어
3,봄놀이,0,명사,고유어
3,봄맞이,1,명사,고유어
3,봄비,0,명사,고유어
3,봄철,0,명사,고유어
3,봉,8,명사,한자어
3,봉급,0,명사,한자어
3,봉숭아,0,명사,고유어
3,봉우리,1,명사,고유어
3,뵈다,1,동사,고유어
3,부,15,명사,한자어
3,부귀영화,0,명사,한자어
3,부글부글,0,부사,고유어
3,부녀,1,명사,한자어
3,부담감,0,명사,한자어
3,부당하다,0,형용사,혼종어
3,부둥켜안다,0,동사,고유어
3,부락,0,명사,한자어
3,부러뜨리다,0,동사,고유어
3,부록,2,명사,한자어
3,부르르,0,부사,고유어
3,부르릉,0,부사,고유어
3,부르트다,0,동사,고유어
3,부름,0,명사,고유어
3,부릅뜨다,0,동사,고유어
3,부메랑,0,명사,외래어
3,부반장,0,명사,한자어
3,부분적,0,명사/관형사,한자어
3,부사장,0,명사,한자어
3,부속,1,명사,한자어
3,부속품,0,명사,한자어
3,부스러기,0,명사,고유어
3,부스럭거리다,0,동사,고유어
3,부실하다,0,형용사,혼종어
3,부엌일,0,명사,고유어
3,부유하다,3,형용사,혼종어
3,부인하다,0,동사,혼종어
3,부적합하다,0,형용사,혼종어
3,부정하다,1,형용사,혼종어
3,부족,5,명사,한자어
3,부주의,0,명사,한자어
3,부진하다,1,형용사,혼종어
3,부쩍,0,부사,고유어
3,부착되다,0,동사,혼종어
3,부착하다,0,동사,혼종어
3,부채질,0,명사,고유어
3,부채질하다,0,동사,고유어
3,부추,0,명사,고유어
3,부추기다,0,동사,고유어
3,부축,1,명사,고유어
3,부축하다,0,동사,고유어
3,부패,4,명사,한자어
3,부패하다,0,동사,혼종어
3,부피,0,명사,고유어
3,부호,3,명사,한자어
3,북,7,명사,한자어
3,북돋우다,0,동사,고유어
3,북두칠성,0,명사,한자어
3,북부,1,명사,한자어
3,북소리,0,명사,고유어
3,북어,0,명사,한자어
3,북적거리다,0,동사,고유어
3,분,10,명사,한자어
3,분교,0,명사,한자어
3,분노하다,0,동사,혼종어
3,분단되다,2,동사,혼종어
3,분량,0,명사,한자어
3,분류,3,명사,한자어
3,분류되다,0,동사,혼종어
3,분류하다,2,동사,혼종어
3,분말,1,명사,한자어
3,분모,0,명사,한자어
3,분무기,0,명사,한자어
3,분발하다,3,동사,혼종어
3,분별,0,명사,한자어
3,분수,6,명사,한자어
3,분수대,0,명사,한자어
3,분식,4,명사,한자어
3,분식집,0,명사,혼종어
3,분야,0,명사,한자어
3,분열,2,명사,한자어
3,분열되다,0,동사,혼종어
3,분유,4,명사,한자어
3,분장,4,명사,한자어
3,분장하다,3,동사,혼종어
3,분출,3,명사,한자어
3,분출하다,3,동사,혼종어
3,분풀이,0,명사,혼종어
3,분해,0,명사,한자어
3,분해되다,0,동사,혼종어
3,분해하다,0,동사,혼종어
3,분홍빛,0,명사,혼종어
3,불,5,의존명사,한자어
3,불가,1,명사,한자어
3,불곰,0,명사,고유어
3,불공평,0,명사,한자어
3,불공평하다,0,형용사,혼종어
3,불교,0,명사,한자어
3,불규칙하다,0,형용사,혼종어
3,불균형,0,명사,한자어
3,불그스름하다,0,형용사,고유어
3,불끈,0,부사,고유어
3,불놀이,1,명사,고유어
3,불덩이,0,명사,고유어
3,불도그,0,명사,외래어
3,불똥,0,명사,고유어
3,불량하다,0,형용사,혼종어
3,불러들이다,0,동사,고유어
3,불러일으키다,0,동사,고유어
3,불룩하다,0,동사/형용사,고유어
3,불리하다,0,형용사,혼종어
3,불만스럽다,0,형용사,혼종어
3,불법적,0,명사/관형사,한자어
3,불사르다,0,동사,고유어
3,불상,4,명사,한자어
3,불성실하다,0,형용사,혼종어
3,불쌍히,0,부사,고유어
3,불씨,1,명사,고유어
3,불안스럽다,0,형용사,혼종어
3,불우,2,명사,한자어
3,불우하다,2,형용사,혼종어
3,불조심,0,명사,혼종어
3,불친절하다,0,형용사,혼종어
3,불쾌감,0,명사,한자어
3,불투명하다,0,형용사,혼종어
3,불평하다,1,동사/형용사,혼종어
3,불필요하다,0,형용사,혼종어
3,불합격,0,명사,한자어
3,불합격하다,0,동사,혼종어
3,불행히,0,부사,혼종어
3,붉은빛,0,명사,고유어
3,붉히다,0,동사,고유어
3,붓글씨,0,명사,고유어
3,붕,1,부사,고유어
3,붕괴되다,0,동사,혼종어
3,붙들리다,0,동사,고유어
3,뷔페,0,명사,외래어
3,브래지어,0,명사,외래어
3,브랜드,0,명사,외래어
3,블라우스,0,명사,외래어
3,블랙홀,0,명사,외래어
3,블루베리,0,명사,외래어
3,비,2,명사,고유어
3,비공개,0,명사,한자어
3,비교적,0,명사/관형사/부사,한자어
3,비구름,0,명사,고유어
3,비굴하다,0,형용사,혼종어
3,비극,0,명사,한자어
3,비기다,1,동사,고유어
3,비기다,2,동사,고유어
3,비꼬다,0,동사,고유어
3,비녀,1,명사,고유어
3,비누칠하다,0,동사,혼종어
3,비늘,0,명사,고유어
3,비닐봉지,0,명사,혼종어
3,비닐장갑,0,명사,혼종어
3,비닐하우스,0,명사,외래어
3,비대면,0,명사,한자어
3,비디오,0,명사,외래어
3,비뚤어지다,0,동사,고유어
3,비례하다,1,동사,혼종어
3,비로소,0,부사,고유어
3,비롯되다,0,동사,고유어
3,비롯하다,0,동사,고유어
3,비린내,0,명사,고유어
3,비릿하다,0,형용사,고유어
3,비무장,0,명사,한자어
3,비밀리,0,명사,한자어
3,비밀번호,0,명사,한자어
3,비밀스럽다,0,형용사,혼종어
3,비상구,0,명사,한자어
3,비석,7,명사,한자어
3,비스듬하다,0,형용사,고유어
3,비스듬히,0,부사,고유어
3,비스킷,0,명사,외래어
3,비염,2,명사,한자어
3,비웃음,0,명사,고유어
3,비위,5,명사,한자어
3,비유,1,명사,한자어
3,비유하다,1,동사,혼종어
3,비정상,0,명사,한자어
3,비정상적,0,명사/관형사,한자어
3,비지,1,명사,고유어
3,비치하다,0,동사,혼종어
3,비키니,0,명사,외래어
3,비탈,0,명사,고유어
3,비탈지다,0,형용사,고유어
3,비틀다,0,동사,고유어
3,비판하다,0,동사,혼종어
3,비행장,0,명사,한자어
3,비행하다,0,동사,혼종어
3,빈대떡,0,명사,고유어
3,빈둥거리다,0,동사,고유어
3,빈둥빈둥,0,부사,고유어
3,빈손,0,명사,고유어
3,빈약하다,0,형용사,혼종어
3,빈집,0,명사,고유어
3,빈칸,0,명사,고유어
3,빈털터리,0,명사,고유어
3,빈틈,0,명사,고유어
3,빌다,2,동사,고유어
3,빗기다,0,동사,고유어
3,빗발치다,0,동사,고유어
3,빗속,0,명사,고유어
3,빙,2,부사,고유어
3,빙그레,0,부사,고유어
3,빙하,2,명사,한자어
3,빚쟁이,0,명사,고유어
3,빛깔,0,명사,고유어
3,빠트리다,0,동사,고유어
3,빡빡머리,0,명사,고유어
3,빤하다,0,형용사,고유어
3,빨래집게,0,명사,고유어
3,빨래터,0,명사,고유어
3,빨랫비누,0,명사,고유어
3,빳빳하다,0,형용사,고유어
3,빵빵하다,2,형용사,고유어
3,빵점,0,명사,혼종어
3,빻다,0,동사,고유어
3,빼돌리다,0,동사,고유어
3,빼먹다,0,동사,고유어
3,빼빼,1,명사/부사,고유어
3,빼어나다,0,형용사,고유어
3,빽빽하다,0,형용사,고유어
3,뺑뺑이,1,명사,고유어
3,뺨치다,0,동사,고유어
3,뻐근하다,0,형용사,고유어
3,뻐꾹,0,부사,고유어
3,뻐꾹뻐꾹,0,부사,고유어
3,뻐끔뻐끔,2,부사,고유어
3,뻑뻑하다,0,형용사,고유어
3,뻔뻔스럽다,0,형용사,고유어
3,뻔뻔하다,1,형용사,고유어
3,뻔히,1,부사,고유어
3,뻘겋다,0,형용사,고유어
3,뻘뻘,2,부사,고유어
3,뻥,1,명사,고유어
3,뻥뻥,1,부사,고유어
3,뼈대,0,명사,고유어
3,뼈저리다,0,형용사,고유어
3,뼘,2,명사/의존명사,고유어
3,뽀글뽀글,0,부사,고유어
3,뽀드득,0,부사,고유어
3,뽀송뽀송,0,부사,고유어
3,뽀얗다,0,형용사,고유어
3,뽕나무,0,명사,고유어
3,뾰족뾰족하다,0,형용사,고유어
3,뿌리치다,0,동사,고유어
3,뿔뿔이,0,부사,고유어
3,뿜어내다,0,동사,고유어
3,삐,0,부사,고유어
3,삐끗하다,0,동사,고유어
3,삐뚤다,0,형용사,고유어
3,삐뚤빼뚤,0,부사,고유어
3,삐뚤삐뚤,0,부사,고유어
3,삐져나오다,0,동사,고유어
3,삐죽삐죽,1,부사,고유어
3,삐지다,2,동사,고유어
3,삐치다,1,동사,고유어
3,사,11,명사,한자어
3,사각,4,명사,한자어
3,사격하다,0,동사,혼종어
3,사고,14,명사,한자어
3,사고력,0,명사,한자어
3,사고방식,0,명사,한자어
3,사고팔다,0,동사,고유어
3,사과즙,0,명사,한자어
3,사그라들다,0,동사,고유어
3,사기,1,명사,한자어
3,사기꾼,0,명사,혼종어
3,사내,1,명사,고유어
3,사냥감,0,명사,고유어
3,사냥개,0,명사,고유어
3,사돈,0,명사,한자어
3,사들이다,0,동사,고유어
3,사또,0,명사,한자어
3,사랑방,0,명사,한자어
3,사로잡다,0,동사,고유어
3,사로잡히다,0,동사,고유어
3,사립,4,명사,한자어
3,사마귀,2,명사,고유어
3,사망자,0,명사,한자어
3,사명감,0,명사,한자어
3,사무원,0,명사,한자어
3,사발,1,명사,한자어
3,사범,3,명사,한자어
3,사부,10,명사,한자어
3,사뿐사뿐,0,부사,고유어
3,사상,15,명사,한자어
3,사상자,1,명사,한자어
3,사서,3,명사,한자어
3,사선,15,명사,한자어
3,사소하다,1,형용사,혼종어
3,사슬,1,명사,고유어
3,사신,10,명사,한자어
3,사실적,0,명사/관형사,한자어
3,사양,4,명사,한자어
3,사양하다,3,동사,혼종어
3,사업가,0,명사,한자어
3,사우나,0,명사,외래어
3,사이비,0,명사,한자어
3,사이트,0,명사,외래어
3,사전,12,명사,한자어
3,사전,13,명사,한자어
3,사정없이,0,부사,혼종어
3,사죄하다,2,동사,혼종어
3,사진관,0,명사,한자어
3,사진첩,0,명사,한자어
3,사춘기,0,명사,한자어
3,사치스럽다,0,형용사,혼종어
3,사태,5,명사,한자어
3,사표,7,명사,한자어
3,사항,2,명사,한자어
3,사형,1,명사,한자어
3,사회생활,0,명사,한자어
3,사회자,0,명사,한자어
3,삭제,1,명사,한자어
3,삭제하다,1,동사,혼종어
3,산골짝,0,명사,혼종어
3,산기슭,0,명사,혼종어
3,산꼭대기,0,명사,혼종어
3,산나물,0,명사,혼종어
3,산들바람,0,명사,고유어
3,산들산들,0,부사,고유어
3,산딸기,0,명사,혼종어
3,산뜻하다,0,형용사,고유어
3,산만하다,0,형용사,혼종어
3,산맥,1,명사,한자어
3,산봉우리,0,명사,혼종어
3,산부인과,0,명사,한자어
3,산비둘기,0,명사,혼종어
3,산비탈,0,명사,혼종어
3,산삼,0,명사,한자어
3,산새,0,명사,혼종어
3,산수,5,명사,한자어
3,산양,1,명사,한자어
3,산업,0,명사,한자어
3,산적,1,명사,한자어
3,산중,0,명사,한자어
3,산지,2,명사,한자어
3,산지,5,명사,한자어
3,산책로,0,명사,한자어
3,산호,4,명사,한자어
3,산호초,0,명사,한자어
3,살,2,명사,고유어
3,살갗,0,명사,고유어
3,살구,0,명사,고유어
3,살길,2,명사,고유어
3,살림,1,명사,고유어
3,살림살이,0,명사,고유어
3,살맛,2,명사,고유어
3,살얼음,0,명사,고유어
3,살얼음판,0,명사,고유어
3,살찌우다,0,동사,고유어
3,살포시,0,부사,고유어
3,삼,3,명사,고유어
3,삼가다,0,동사,고유어
3,삼계탕,0,명사,한자어
3,삼일절,0,명사,한자어
3,삼천리,1,명사,한자어
3,삼총사,0,명사,한자어
3,삽살개,0,명사,고유어
3,삽입하다,0,동사,혼종어
3,상관있다,0,형용사,혼종어
3,상류,0,명사,한자어
3,상륙하다,0,동사,혼종어
3,상세하다,0,형용사,혼종어
3,상세히,0,부사,혼종어
3,상승,1,명사,한자어
3,상심하다,2,동사,혼종어
3,상아,1,명사,한자어
3,상업,2,명사,한자어
3,상업적,0,명사/관형사,한자어
3,상영,1,명사,한자어
3,상영하다,1,동사,혼종어
3,상위권,0,명사,한자어
3,상의하다,3,동사,혼종어
3,상인,6,명사,한자어
3,상징,0,명사,한자어
3,상징하다,0,동사,혼종어
3,상차림,0,명사,혼종어
3,상체,1,명사,한자어
3,상추쌈,0,명사,고유어
3,상표,2,명사,한자어
3,상품,4,명사,한자어
3,상품권,0,명사,한자어
3,상하,1,명사,한자어
3,상호,4,명사/부사,한자어
3,샅샅이,0,부사,고유어
3,새,1,명사,고유어
3,새끼,1,명사,고유어
3,새로이,0,부사,고유어
3,새록새록,0,부사,고유어
3,새봄,0,명사,고유어
3,새빨갛다,0,형용사,고유어
3,새빨개지다,0,동사,고유어
3,새어머니,0,명사,고유어
3,새우구이,0,명사,고유어
3,새장,0,명사,혼종어
3,새집,1,명사,고유어
3,새파랗다,0,형용사,고유어
3,색동저고리,0,명사,혼종어
3,색상,1,명사,한자어
3,색소,0,명사,한자어
3,색시,1,명사,고유어
3,색지,0,명사,한자어
3,샌들,0,명사,외래어
3,샐러드,0,명사,외래어
3,샘물,0,명사,고유어
3,샘솟다,0,동사,고유어
3,샘플,0,명사,외래어
3,샛별,0,명사,고유어
3,생,2,명사,한자어
3,생강,0,명사,한자어
3,생계,0,명사,한자어
3,생글생글,0,부사,고유어
3,생기,1,명사,한자어
3,생년월일,0,명사,한자어
3,생동감,0,명사,한자어
3,생략되다,0,동사,혼종어
3,생명력,0,명사,한자어
3,생명체,0,명사,한자어
3,생물체,0,명사,한자어
3,생방송,0,명사,한자어
3,생사,2,명사,한자어
3,생산되다,0,동사,혼종어
3,생선찌개,0,명사,혼종어
3,생성,0,명사,한자어
3,생업,0,명사,한자어
3,생으로,0,부사,혼종어
3,생일상,0,명사,한자어
3,생존,0,명사,한자어
3,생태계,0,명사,한자어
3,생필품,0,명사,한자어
3,생활비,0,명사,한자어
3,샴페인,0,명사,외래어
3,서글프다,0,형용사,고유어
3,서당,1,명사,한자어
3,서리다,1,동사,고유어
3,서먹서먹하다,0,형용사,고유어
3,서먹하다,0,형용사,고유어
3,서명,3,명사,한자어
3,서방님,0,명사,혼종어
3,서부,1,명사,한자어
3,서브,0,명사,외래어
3,서성거리다,0,동사,고유어
3,서양,0,명사,한자어
3,서양인,0,명사,한자어
3,서울말,0,명사,고유어
3,서커스,0,명사,외래어
3,석,1,관형사,고유어
3,석,7,의존명사,한자어
3,석기,2,명사,한자어
3,석류,1,명사,한자어
3,석방,0,명사,한자어
3,석양,1,명사,한자어
3,석탄,0,명사,한자어
3,석탑,1,명사,한자어
3,선거하다,0,동사,혼종어
3,선교사,0,명사,한자어
3,선뜻,1,부사,고유어
3,선로,4,명사,한자어
3,선명하다,2,형용사,혼종어
3,선발,2,명사,한자어
3,선발,3,명사,한자어
3,선발되다,0,동사,혼종어
3,선발하다,2,동사,혼종어
3,선별,0,명사,한자어
3,선보이다,0,동사,고유어
3,선사,2,명사,한자어
3,선언문,0,명사,한자어
3,선의,2,명사,한자어
3,선정되다,0,동사,혼종어
3,선조,2,명사,한자어
3,선진,3,명사,한자어
3,선진국,0,명사,한자어
3,선착장,0,명사,한자어
3,선출하다,0,동사,혼종어
3,선택되다,0,동사,혼종어
3,섣달,0,명사,고유어
3,설계,2,명사,한자어
3,설계되다,0,동사,혼종어
3,설득되다,0,동사,혼종어
3,설득력,0,명사,한자어
3,설렁탕,0,명사,혼종어
3,설움,0,명사,고유어
3,설치다,1,동사,고유어
3,섬나라,0,명사,고유어
3,섬유,2,명사,한자어
3,섭취,0,명사,한자어
3,섭취하다,0,동사,혼종어
3,성,6,명사,한자어
3,성가시다,0,형용사,고유어
3,성곽,0,명사,한자어
3,성급하다,2,형용사,혼종어
3,성냥갑,0,명사,혼종어
3,성냥개비,0,명사,고유어
3,성냥불,0,명사,고유어
3,성대하다,0,형용사,혼종어
3,성립,0,명사,한자어
3,성문,3,명사,한자어
3,성벽,2,명사,한자어
3,성서,3,명사,한자어
3,성실,2,명사,한자어
3,성씨,1,명사,한자어
3,성악,3,명사,한자어
3,성악가,0,명사,한자어
3,성우,4,명사,한자어
3,성의껏,0,부사,혼종어
3,성장기,2,명사,한자어
3,성적,4,명사,한자어
3,성전,8,명사,한자어
3,성취하다,2,동사,혼종어
3,성큼,1,부사,고유어
3,성큼성큼,0,부사,고유어
3,성탄,0,명사,한자어
3,성탄절,0,명사,한자어
3,성품,1,명사,한자어
3,세계화,0,명사,한자어
3,세끼,0,명사,고유어
3,세대,1,명사,한자어
3,세밀하다,0,형용사,혼종어
3,세배하다,0,동사,혼종어
3,세부,3,명사,한자어
3,세상에,0,감탄사,혼종어
3,세세하다,0,형용사,혼종어
3,세숫대야,0,명사,혼종어
3,세심하다,2,형용사,혼종어
3,세이프,0,명사,외래어
3,세자,1,명사,한자어
3,세탁물,0,명사,한자어
3,세탁하다,0,동사,혼종어
3,센서,0,명사,외래어
3,센스,0,명사,외래어
3,센티,0,의존명사,외래어
3,센티미터,0,의존명사,외래어
3,셈,1,명사/의존명사,고유어
3,소개서,0,명사,한자어
3,소금물,0,명사,고유어
3,소금쟁이,0,명사,고유어
3,소꿉장난,0,명사,고유어
3,소년단,0,명사,한자어
3,소도시,0,명사,한자어
3,소동,2,명사,한자어
3,소득,0,명사,한자어
3,소량,2,명사,한자어
3,소망하다,1,동사,혼종어
3,소매치기,0,명사,고유어
3,소멸,1,명사,한자어
3,소모하다,2,동사,혼종어
3,소박하다,1,형용사,혼종어
3,소비되다,0,동사,혼종어
3,소비자,0,명사,한자어
3,소설책,0,명사,한자어
3,소속,1,명사,한자어
3,소속되다,0,동사,혼종어
3,소스,2,명사,외래어
3,소식지,0,명사,한자어
3,소심하다,0,형용사,혼종어
3,소아과,0,명사,한자어
3,소외,0,명사,한자어
3,소외감,0,명사,한자어
3,소외되다,0,동사,혼종어
3,소용없다,0,형용사,혼종어
3,소원하다,1,동사,혼종어
3,소인,1,명사/대명사,한자어
3,소통,2,명사,한자어
3,소통되다,0,동사,혼종어
3,소통하다,0,동사,혼종어
3,소포,1,명사,한자어
3,소프라노,0,명사,외래어
3,소프트웨어,0,명사,외래어
3,소형,3,명사,한자어
3,소홀하다,0,형용사,혼종어
3,소홀히,0,부사,혼종어
3,소화제,1,명사,한자어
3,속눈썹,0,명사,고유어
3,속살,1,명사,고유어
3,속속들이,0,부사,고유어
3,손가락질,0,명사,고유어
3,손가락질하다,0,동사,고유어
3,손금,1,명사,고유어
3,손꼽히다,0,동사,고유어
3,손끝,0,명사,고유어
3,손난로,0,명사,혼종어
3,손목시계,0,명사,혼종어
3,손보다,2,동사,고유어
3,손수레,0,명사,고유어
3,손실,0,명사,한자어
3,손전등,0,명사,혼종어
3,손주,0,명사,혼종어
3,솔,1,명사,고유어
3,솔,3,명사,고유어
3,솔,7,명사,외래어
3,솔깃하다,0,형용사,고유어
3,솔방울,0,명사,고유어
3,솔잎,0,명사,고유어
3,솜뭉치,0,명사,고유어
3,송곳,0,명사,고유어
3,송곳니,0,명사,고유어
3,송두리째,0,부사,고유어
3,송사리,0,명사,고유어
3,송송,0,부사,고유어
3,송이버섯,0,명사,혼종어
3,송이송이,0,부사,고유어
3,쇠똥,2,명사,고유어
3,쇠똥구리,0,명사,고유어
3,쇠붙이,0,명사,고유어
3,쇠사슬,0,명사,고유어
3,쇠약하다,0,형용사,혼종어
3,쇠줄,0,명사,고유어
3,쇳덩어리,0,명사,고유어
3,쇼크,0,명사,외래어
3,쇼핑백,0,명사,외래어
3,수거,3,명사,한자어
3,수건돌리기,0,명사,혼종어
3,수군,2,명사,한자어
3,수군거리다,0,동사,고유어
3,수그러들다,0,동사,고유어
3,수그리다,0,동사,고유어
3,수꿩,0,명사,고유어
3,수납,1,명사,한자어
3,수녀,1,명사,한자어
3,수년,2,명사,한자어
3,수다스럽다,0,형용사,고유어
3,수도관,0,명사,한자어
3,수도권,0,명사,한자어
3,수돗가,0,명사,혼종어
3,수동적,2,명사/관형사,한자어
3,수두룩하다,0,형용사,고유어
3,수량,5,명사,한자어
3,수레바퀴,0,명사,고유어
3,수련,6,명사,한자어
3,수련하다,4,동사,혼종어
3,수류탄,0,명사,한자어
3,수리비,0,명사,한자어
3,수면,1,명사,한자어
3,수목원,0,명사,한자어
3,수법,1,명사,한자어
3,수북이,0,부사,고유어
3,수비대,0,명사,한자어
3,수사하다,7,동사,혼종어
3,수상,7,명사,한자어
3,수상자,0,명사,한자어
3,수색,6,명사,한자어
3,수선하다,7,동사,혼종어
3,수선화,0,명사,한자어
3,수소,1,명사,고유어
3,수수,1,명사,고유어
3,수수깡,0,명사,고유어
3,수수료,0,명사,한자어
3,수수하다,2,형용사,고유어
3,수술실,0,명사,한자어
3,수심,3,명사,한자어
3,수영모,0,명사,한자어
3,수월하다,0,형용사,고유어
3,수위,2,명사,한자어
3,수의사,0,명사,한자어
3,수익,1,명사,한자어
3,수입,1,명사,한자어
3,수입,2,명사,한자어
3,수입품,2,명사,한자어
3,수입하다,2,동사,혼종어
3,수족관,0,명사,한자어
3,수줍음,0,명사,고유어
3,수중,1,명사,한자어
3,수중,2,명사,한자어
3,수증기,0,명사,한자어
3,수직,6,명사,한자어
3,수직선,1,명사,한자어
3,수집되다,2,동사,혼종어
3,수채화,0,명사,한자어
3,수천,7,수사/관형사,한자어
3,수출,3,명사,한자어
3,수치,3,명사,한자어
3,수치,5,명사,한자어
3,수치심,0,명사,한자어
3,수평,2,명사,한자어
3,수평선,0,명사,한자어
3,수풀,0,명사,고유어
3,수프,0,명사,외래어
3,수학,3,명사,한자어
3,수험생,0,명사,한자어
3,수호,2,명사,한자어
3,수호하다,1,동사,혼종어
3,수화,1,명사,한자어
3,숙박,0,명사,한자어
3,순,8,관형사,한자어
3,순,9,명사,한자어
3,순결,0,명사,한자어
3,순경,2,명사,한자어
3,순두부찌개,0,명사,혼종어
3,순번,0,명사,한자어
3,순수,3,명사,한자어
3,순순히,1,부사,혼종어
3,순전히,0,부사,혼종어
3,순조롭다,0,형용사,혼종어
3,순환,1,명사,한자어
3,술래,0,명사,고유어
3,술렁이다,0,동사,고유어
3,술병,2,명사,혼종어
3,숨결,0,명사,고유어
3,숨구멍,0,명사,고유어
3,숨소리,0,명사,고유어
3,숨은그림찾기,0,명사,고유어
3,숨죽이다,0,동사,고유어
3,숨통,0,명사,혼종어
3,숭늉,0,명사,고유어
3,숯,0,명사,고유어
3,숱하다,0,형용사,고유어
3,쉬다,2,동사,고유어
3,쉼터,0,명사,고유어
3,슈팅,0,명사,외래어
3,스르르,0,부사,고유어
3,스르륵,0,부사,고유어
3,스릴,0,명사,외래어
3,스며들다,0,동사,고유어
3,스무고개,0,명사,고유어
3,스스럼없이,0,부사,고유어
3,스카프,0,명사,외래어
3,스커트,0,명사,외래어
3,스케치,0,명사,외래어
3,스코어,0,명사,외래어
3,스탠드,0,명사,외래어
3,스탬프,0,명사,외래어
3,스튜디오,0,명사,외래어
3,스파게티,0,명사,외래어
3,스파이,0,명사,외래어
3,스펀지,0,명사,외래어
3,스펠링,0,명사,외래어
3,스프레이,0,명사,외래어
3,스피드,0,명사,외래어
3,슬기,0,명사,고유어
3,슬기롭다,0,형용사,고유어
3,슬며시,0,부사,고유어
3,슬피,0,부사,고유어
3,습격,0,명사,한자어
3,습도,0,명사,한자어
3,습득하다,2,동사,혼종어
3,습하다,1,형용사,혼종어
3,승,12,명사/의존명사,한자어
3,승강장,0,명사,한자어
3,승낙하다,0,동사,혼종어
3,승마,2,명사,한자어
3,승무원,0,명사,한자어
3,승인,2,명사,한자어
3,승진,3,명사,한자어
3,승진하다,0,동사,혼종어
3,승패,2,명사,한자어
3,시각,4,명사,한자어
3,시각,5,명사,한자어
3,시각적,0,명사/관형사,한자어
3,시간대,0,명사,한자어
3,시간문제,0,명사,한자어
3,시곗바늘,0,명사,혼종어
3,시급하다,0,형용사,혼종어
3,시기,4,명사,한자어
3,시기,5,명사,한자어
3,시기,6,명사,한자어
3,시기하다,0,동사,혼종어
3,시끌벅적하다,0,형용사,고유어
3,시나리오,0,명사,외래어
3,시냇가,0,명사,고유어
3,시녀,0,명사,한자어
3,시달리다,0,동사,고유어
3,시댁,0,명사,한자어
3,시들하다,0,형용사,고유어
3,시련,2,명사,한자어
3,시름,0,명사,고유어
3,시름시름,0,부사,고유어
3,시리다,0,형용사,고유어
3,시립,1,명사,한자어
3,시비,5,명사,한자어
3,시뻘겋다,0,형용사,고유어
3,시상,3,명사,한자어
3,시상식,0,명사,한자어
3,시설물,0,명사,한자어
3,시식,5,명사,한자어
3,시식하다,3,동사,혼종어
3,시신,2,명사,한자어
3,시야,2,명사,한자어
3,시외버스,0,명사,혼종어
3,시원스럽다,0,형용사,고유어
3,시원시원하다,0,형용사,고유어
3,시원찮다,0,형용사,고유어
3,시위,4,명사,한자어
3,시장하다,1,형용사,고유어
3,시절,1,명사,한자어
3,시집오다,0,동사,혼종어
3,시큰둥하다,0,형용사,고유어
3,시큰하다,0,형용사,고유어
3,시큼하다,0,형용사,고유어
3,시트,2,명사,외래어
3,시한부,0,명사,한자어
3,시행,1,명사,한자어
3,시행되다,0,동사,혼종어
3,시행착오,0,명사,한자어
3,시행하다,1,동사,혼종어
3,시험공부,0,명사,한자어
3,시험관,2,명사,한자어
3,시험하다,3,동사,혼종어
3,식기,1,명사,한자어
3,식단,1,명사,한자어
3,식료품,0,명사,한자어
3,식물원,0,명사,한자어
3,식민지,0,명사,한자어
3,식생활,0,명사,한자어
3,식수,1,명사,한자어
3,식욕,0,명사,한자어
3,식용,0,명사,한자어
3,식은땀,0,명사,고유어
3,식중독,0,명사,한자어
3,식칼,0,명사,혼종어
3,식탁보,0,명사,한자어
3,신경통,1,명사,한자어
3,신기술,0,명사,한자어
3,신데렐라,0,명사,외래어
3,신도시,0,명사,한자어
3,신동,2,명사,한자어
3,신라,0,명사,한자어
3,신뢰,2,명사,한자어
3,신뢰하다,0,동사,혼종어
3,신맛,0,명사,고유어
3,신바람,0,명사,고유어
3,신변,1,명사,한자어
3,신사,16,명사,한자어
3,신석기,0,명사,한자어
3,신선,1,명사,한자어
3,신설,3,명사,한자어
3,신세,1,명사,한자어
3,신식,3,명사,한자어
3,신앙,0,명사,한자어
3,신음,1,명사,한자어
3,신음하다,0,동사,혼종어
3,신장,6,명사,한자어
3,신제품,0,명사,한자어
3,신조어,0,명사,한자어
3,신중하다,0,형용사,혼종어
3,신중히,0,부사,혼종어
3,신체검사,0,명사,한자어
3,신통하다,1,형용사,혼종어
3,신형,2,명사,한자어
3,신혼,4,명사,한자어
3,신혼여행,0,명사,한자어
3,실감,0,명사,한자어
3,실감하다,0,동사,혼종어
3,실력자,0,명사,한자어
3,실례,1,명사,한자어
3,실례하다,0,동사,혼종어
3,실로폰,0,명사,외래어
3,실록,0,명사,한자어
3,실망감,0,명사,한자어
3,실망스럽다,0,형용사,혼종어
3,실명,5,명사,한자어
3,실밥,0,명사,고유어
3,실생활,0,명사,한자어
3,실속,1,명사,혼종어
3,실시간,0,명사,한자어
3,실신하다,3,동사,혼종어
3,실업자,0,명사,한자어
3,실연,1,명사,한자어
3,실용성,0,명사,한자어
3,실용적,0,명사/관형사,한자어
3,실은,0,부사,혼종어
3,실전,3,명사,한자어
3,실지,5,명사/부사,한자어
3,실현하다,0,동사,혼종어
3,심각성,0,명사,한자어
3,심문,2,명사,한자어
3,심보,0,명사,혼종어
3,심부름꾼,0,명사,고유어
3,심술,0,명사,한자어
3,심술궂다,0,형용사,혼종어
3,심장병,0,명사,한자어
3,심정,1,명사,한자어
3,심지,1,명사,혼종어
3,심지어,0,부사,한자어
3,심통,2,명사,혼종어
3,심판하다,0,동사,혼종어
3,심화,3,명사,한자어
3,심히,0,부사,혼종어
3,싱그럽다,0,형용사,고유어
3,싱글벙글,0,부사,고유어
3,싱크대,0,명사,혼종어
3,싸늘하다,0,형용사,고유어
3,싸매다,0,동사,고유어
3,싸움터,0,명사,고유어
3,싸하다,0,형용사,고유어
3,쌀알,0,명사,고유어
3,쌈,1,명사,고유어
3,쌈,2,명사,고유어
3,쌍기역,0,명사,혼종어
3,쌍디귿,0,명사,혼종어
3,쌍비읍,0,명사,혼종어
3,쌍시옷,0,명사,혼종어
3,쌍지읒,0,명사,혼종어
3,쌔근쌔근,0,부사,고유어
3,써넣다,0,동사,고유어
3,써먹다,0,동사,고유어
3,썩히다,0,동사,고유어
3,썰물,0,명사,고유어
3,쏘다니다,0,동사,고유어
3,쏘아붙이다,0,동사,고유어
3,쏘이다,1,동사,고유어
3,쏜살같이,0,부사,고유어
3,쐐기,2,명사,고유어
3,쑤다,0,동사,고유어
3,쓰레기봉투,0,명사,혼종어
3,쓰레기장,0,명사,혼종어
3,쓰레받기,0,명사,고유어
3,쓰임,0,명사,고유어
3,쓸개,0,명사,고유어
3,쓸리다,2,동사,고유어
3,쓸쓸히,0,부사,고유어
3,씀씀이,0,명사,고유어
3,씨름하다,0,동사,고유어
3,씩씩,1,부사,고유어
3,씩씩거리다,0,동사,고유어
3,씩씩하다,1,동사,고유어
3,씽긋,0,부사,고유어
3,아가리,0,명사,고유어
3,아가미,0,명사,고유어
3,아궁이,0,명사,고유어
3,아기자기하다,0,형용사,고유어
3,아늑하다,0,형용사,고유어
3,아담하다,0,형용사,혼종어
3,아드님,0,명사,고유어
3,아들딸,0,명사,고유어
3,아랫동네,0,명사,혼종어
3,아랫마을,0,명사,고유어
3,아랫배,0,명사,고유어
3,아랫사람,0,명사,고유어
3,아랫입술,0,명사,고유어
3,아리송하다,0,형용사,고유어
3,아몬드,0,명사,외래어
3,아무짝,0,명사,고유어
3,아무쪼록,0,부사,고유어
3,아부,3,명사,한자어
3,아비,1,명사,고유어
3,아수라장,0,명사,한자어
3,아스팔트,0,명사,외래어
3,아시아,0,명사,외래어
3,아씨,0,명사,고유어
3,아예,0,부사,고유어
3,아울러,0,부사,고유어
3,아이디,0,명사,외래어
3,아이쿠,0,감탄사,고유어
3,아이큐,0,명사,외래어
3,아이템,0,명사,외래어
3,아지랑이,0,명사,고유어
3,아차,1,감탄사/부사,고유어
3,아침저녁,0,명사,고유어
3,아카시아,0,명사,외래어
3,악덕,0,명사,한자어
3,악랄하다,0,형용사,혼종어
3,악명,0,명사,한자어
3,악보,2,명사,한자어
3,악성,1,명사,한자어
3,악영향,0,명사,한자어
3,악용하다,0,동사,혼종어
3,악인,1,명사,한자어
3,악착같이,0,부사,혼종어
3,악취,1,명사,한자어
3,악하다,0,형용사,혼종어
3,악화되다,0,동사,혼종어
3,안건,0,명사,한자어
3,안경알,0,명사,혼종어
3,안경점,0,명사,한자어
3,안내문,0,명사,한자어
3,안내자,0,명사,한자어
3,안내판,0,명사,한자어
3,안되다,1,동사,고유어
3,안마,2,명사,한자어
3,안색,0,명사,한자어
3,안전띠,0,명사,혼종어
3,안전사고,0,명사,한자어
3,안전선,0,명사,한자어
3,안절부절,0,부사,고유어
3,안정감,1,명사,한자어
3,안정적,0,명사/관형사,한자어
3,안주,3,명사,한자어
3,안테나,0,명사,외래어
3,앉은뱅이,0,명사,고유어
3,알뜰,0,명사,고유어
3,알루미늄,0,명사,외래어
3,알림판,0,명사,혼종어
3,알밤,0,명사,고유어
3,알사탕,0,명사,혼종어
3,알쏭달쏭,0,부사,고유어
3,알아맞히다,0,동사,고유어
3,알차다,0,형용사,고유어
3,알파벳,0,명사,외래어
3,암,2,감탄사,고유어
3,암기,2,명사,한자어
3,암살,2,명사,한자어
3,암소,1,명사,고유어
3,암술,0,명사,고유어
3,암울하다,0,형용사,혼종어
3,암튼,0,부사,고유어
3,암행어사,0,명사,한자어
3,암호,0,명사,한자어
3,압박,0,명사,한자어
3,압박하다,0,동사,혼종어
3,압수,2,명사,한자어
3,압수하다,2,동사,혼종어
3,압축,2,명사,한자어
3,앙상하다,0,형용사,고유어
3,앞날,0,명사,고유어
3,앞다리,1,명사,고유어
3,앞다투다,0,동사,고유어
3,앞동산,0,명사,고유어
3,앞마당,0,명사,고유어
3,앞머리,0,명사,고유어
3,앞바퀴,0,명사,고유어
3,앞발,0,명사,고유어
3,앞사람,0,명사,고유어
3,앞산,0,명사,혼종어
3,앞세우다,0,동사,고유어
3,앞일,0,명사,고유어
3,앞지르다,0,동사,고유어
3,앞치마,0,명사,고유어
3,애,1,명사,고유어
3,애견,1,명사,한자어
3,애국,2,명사,한자어
3,애국심,0,명사,한자어
3,애국하다,0,동사,혼종어
3,애니메이션,0,명사,외래어
3,애원하다,2,동사,혼종어
3,애처롭다,0,형용사,고유어
3,애태우다,0,동사,고유어
3,액,3,명사,한자어
3,액션,0,명사/감탄사,외래어
3,앵두,0,명사,고유어
3,야단맞다,0,동사,혼종어
3,야만인,0,명사,한자어
3,야무지다,0,형용사,고유어
3,야박하다,2,형용사,혼종어
3,야수,5,명사,한자어
3,야식,1,명사,한자어
3,야영,2,명사,한자어
3,야위다,0,동사,고유어
3,야유,5,명사,한자어
3,야자수,0,명사,한자어
3,야행성,0,명사,한자어
3,야호,4,감탄사,고유어
3,약과,0,명사,한자어
3,약도,0,명사,한자어
3,약물,1,명사,혼종어
3,약방,2,명사,한자어
3,약속되다,0,동사,혼종어
3,약수,4,명사,한자어
3,약수터,0,명사,혼종어
3,약재,2,명사,한자어
3,약품,0,명사,한자어
3,약혼,0,명사,한자어
3,약화되다,0,동사,혼종어
3,약효,0,명사,한자어
3,양,17,명사,한자어
3,양계장,0,명사,한자어
3,양동이,0,명사,혼종어
3,양로원,0,명사,한자어
3,양배추,0,명사,혼종어
3,양산,5,명사,한자어
3,양송이,0,명사,한자어
3,양송이버섯,0,명사,혼종어
3,양식,5,명사,한자어
3,양식,6,명사,한자어
3,양옆,0,명사,혼종어
3,양초,1,명사,혼종어
3,양탄자,0,명사,혼종어
3,양털,0,명사,혼종어
3,양푼,0,명사,고유어
3,양호실,0,명사,한자어
3,얕보다,0,동사,고유어
3,어깨동무,0,명사,고유어
3,어눌하다,0,형용사,혼종어
3,어두움,0,명사,고유어
3,어둑어둑,0,부사,고유어
3,어렴풋이,0,부사,고유어
3,어루만지다,0,동사,고유어
3,어류,1,명사,한자어
3,어른스럽다,0,형용사,고유어
3,어리광,0,명사,고유어
3,어리다,1,동사,고유어
3,어린이회,0,명사,혼종어
3,어림없다,0,형용사,고유어
3,어림하다,1,동사,고유어
3,어마,1,감탄사,고유어
3,어묵,0,명사,혼종어
3,어민,0,명사,한자어
3,어버이,0,명사,고유어
3,어선,5,명사,한자어
3,어설프다,0,형용사,고유어
3,어수선하다,0,형용사,고유어
3,어슬렁어슬렁,0,부사,고유어
3,어어,0,감탄사,고유어
3,어울림,0,명사,고유어
3,어유,1,감탄사,고유어
3,어제저녁,0,명사,고유어
3,어지간히,0,부사,고유어
3,어지러워지다,0,동사,고유어
3,어지르다,0,동사,고유어
3,어질다,0,형용사,고유어
3,어처구니,0,명사,고유어
3,어처구니없다,0,형용사,고유어
3,어촌,0,명사,한자어
3,어학,2,명사,한자어
3,어휘,2,명사,한자어
3,억세다,0,형용사,고유어
3,억양,0,명사,한자어
3,언덕길,0,명사,고유어
3,언뜻,0,부사,고유어
3,언론인,0,명사,한자어
3,언짢다,0,형용사,고유어
3,얹히다,0,동사,고유어
3,얼,2,명사,고유어
3,얼버무리다,0,동사,고유어
3,얼싸안다,0,동사,고유어
3,얼음물,0,명사,고유어
3,얼큰하다,0,형용사,고유어
3,얽매이다,0,동사,고유어
3,엄격하다,2,형용사,혼종어
3,엄격히,0,부사,혼종어
3,엄살,1,명사,고유어
3,엄하다,0,형용사,혼종어
3,업그레이드,0,명사,외래어
3,업체,0,명사,한자어
3,엉덩방아,0,명사,고유어
3,에다,1,동사,고유어
3,에라,1,감탄사,고유어
3,에워싸다,0,동사,고유어
3,에이스,0,명사,외래어
3,에피소드,0,명사,외래어
3,엔지니어,0,명사,외래어
3,여간,0,부사,한자어
3,여객기,0,명사,한자어
3,여관,3,명사,한자어
3,여권,2,명사,한자어
3,여드름,0,명사,고유어
3,여러모로,0,부사,고유어
3,여리다,0,형용사,고유어
3,여물다,0,동사/형용사,고유어
3,여미다,0,동사,고유어
3,여보시오,0,감탄사,고유어
3,여선생,0,명사,한자어
3,여아,1,명사,한자어
3,여치,0,명사,고유어
3,여학교,0,명사,한자어
3,여행길,0,명사,혼종어
3,여행사,0,명사,한자어
3,여행자,0,명사,한자어
3,여행지,0,명사,한자어
3,역대,2,명사,한자어
3,역도,1,명사,한자어
3,역량,1,명사,한자어
3,역부족,0,명사,한자어
3,역사책,0,명사,한자어
3,역전되다,2,동사,혼종어
3,역전하다,5,동사,혼종어
3,연,19,명사,한자어
3,연고,4,명사,한자어
3,연관성,0,명사,한자어
3,연구되다,0,동사,혼종어
3,연구원,1,명사,한자어
3,연구원,2,명사,한자어
3,연극하다,0,동사,혼종어
3,연금,1,명사,한자어
3,연기되다,1,동사,혼종어
3,연기하다,1,동사,혼종어
3,연기하다,4,동사,혼종어
3,연꽃,0,명사,혼종어
3,연날리기,0,명사,혼종어
3,연달다,0,동사,혼종어
3,연두,2,명사,한자어
3,연둣빛,0,명사,혼종어
3,연령,1,명사,한자어
3,연료,0,명사,한자어
3,연못가,0,명사,혼종어
3,연보라색,0,명사,혼종어
3,연분홍,0,명사,한자어
3,연분홍색,0,명사,한자어
3,연상,2,명사,한자어
3,연상,13,명사,한자어
3,연상하다,2,동사,혼종어
3,연설하다,2,동사,혼종어
3,연속,2,명사,한자어
3,연속되다,2,동사,혼종어
3,연속하다,2,동사,혼종어
3,연애하다,2,동사,혼종어
3,연어,4,명사,한자어
3,연잇다,0,동사,혼종어
3,연장,1,명사,고유어
3,연장되다,0,동사,혼종어
3,연장하다,3,동사,혼종어
3,연주자,0,명사,한자어
3,연합군,0,명사,한자어
3,연합하다,2,동사,혼종어
3,연휴,2,명사,한자어
3,열,4,명사,한자어
3,열람실,0,명사,한자어
3,열량,0,명사,한자어
3,열렬하다,1,형용사,혼종어
3,열병,1,명사,한자어
3,열쇠고리,0,명사,고유어
3,열악하다,0,형용사,혼종어
3,열정적,0,명사/관형사,한자어
3,엷다,0,형용사,고유어
3,염려,1,명사,한자어
3,염려하다,1,동사,혼종어
3,염원,0,명사,한자어
3,염전,6,명사,한자어
3,염치,0,명사,한자어
3,엽서,2,명사,한자어
3,엽전,0,명사,한자어
3,엿장수,0,명사,고유어
3,영광스럽다,0,형용사,혼종어
3,영국,1,명사,한자어
3,영리하다,1,형용사,혼종어
3,영악하다,2,형용사,혼종어
3,영양분,0,명사,한자어
3,영업하다,0,동사,혼종어
3,영영,1,부사,한자어
3,영특하다,1,형용사,혼종어
3,옅다,0,형용사,고유어
3,예,1,명사,고유어
3,예,14,명사,한자어
3,예감,3,명사,한자어
3,예감하다,2,동사,혼종어
3,예고편,0,명사,한자어
3,예고하다,0,동사,혼종어
3,예매,2,명사,한자어
3,예매하다,1,동사,혼종어
3,예방법,0,명사,한자어
3,예배,0,명사,한자어
3,예배당,0,명사,한자어
3,예쁘장하다,0,형용사,고유어
3,예사로,0,부사,혼종어
3,예사롭다,0,형용사,혼종어
3,예산,2,명사,한자어
3,예술가,0,명사,한자어
3,예술인,0,명사,한자어
3,예술적,0,명사/관형사,한자어
3,예습하다,0,동사,혼종어
3,예시,1,명사,한자어
3,예식장,0,명사,한자어
3,예외,0,명사,한자어
3,예의,6,명사,한자어
3,예정하다,0,동사,혼종어
3,예체능,0,명사,한자어
3,예측,0,명사,한자어
3,예측하다,0,동사,혼종어
3,옛것,0,명사,고유어
3,옛날이야기,0,명사,고유어
3,옛말,0,명사,고유어
3,옛일,0,명사,고유어
3,옛적,0,명사,고유어
3,오각형,0,명사,한자어
3,오글오글,2,부사,고유어
3,오냐,0,감탄사,고유어
3,오디오,0,명사,외래어
3,오라버니,0,명사,고유어
3,오락가락하다,0,동사,고유어
3,오랑캐,0,명사,고유어
3,오래다,0,형용사,고유어
3,오로지,0,부사,고유어
3,오륙,0,관형사,한자어
3,오르락내리락하다,0,동사,고유어
3,오른,0,관형사,고유어
3,오리발,0,명사,고유어
3,오목,2,명사,한자어
3,오물,3,명사,한자어
3,오므리다,0,동사,고유어
3,오븐,0,명사,외래어
3,오색,1,명사,한자어
3,오솔길,0,명사,고유어
3,오싹하다,0,동사,고유어
3,오일,0,명사,한자어
3,오죽,1,부사,고유어
3,오케스트라,0,명사,외래어
3,오페라,0,명사,외래어
3,옥,3,명사,한자어
3,옥살이,0,명사,혼종어
3,옥신각신하다,0,동사,고유어
3,옥황상제,0,명사,한자어
3,온도계,0,명사,한자어
3,온돌,0,명사,한자어
3,온라인,0,명사,외래어
3,온실,0,명사,한자어
3,온종일,0,명사/부사,혼종어
3,온천,2,명사,한자어
3,온화하다,1,형용사,혼종어
3,올라앉다,0,동사,고유어
3,올리브,0,명사,외래어
3,올림,1,명사,고유어
3,올바로,0,부사,고유어
3,옷감,0,명사,고유어
3,옷걸이,0,명사,고유어
3,옷소매,0,명사,고유어
3,옷자락,0,명사,고유어
3,옷장,2,명사,혼종어
3,옹기종기,0,부사,고유어
3,옹달샘,0,명사,고유어
3,와글와글,0,부사,고유어
3,와락,0,부사,고유어
3,와인,0,명사,외래어
3,와장창,0,부사,고유어
3,왁자지껄,0,부사,고유어
3,완공,2,명사,한자어
3,완공되다,0,동사,혼종어
3,완두콩,0,명사,혼종어
3,완만하다,4,형용사,혼종어
3,왈츠,0,명사,외래어
3,왈칵,0,부사,고유어
3,왕궁,0,명사,한자어
3,왕따,0,명사,혼종어
3,왕릉,0,명사,한자어
3,왕성하다,0,형용사,혼종어
3,왕실,0,명사,한자어
3,왕위,1,명사,한자어
3,왕족,0,명사,한자어
3,왕창,2,부사,고유어
3,왜군,0,명사,한자어
3,왜놈,0,명사,혼종어
3,외,3,명사/의존명사,한자어
3,외가,0,명사,한자어
3,외가댁,0,명사,한자어
3,외과,1,명사,한자어
3,외교,1,명사,한자어
3,외교관,0,명사,한자어
3,외국산,0,명사,한자어
3,외동,1,명사,고유어
3,외동딸,0,명사,고유어
3,외동아들,0,명사,고유어
3,외래어,0,명사,한자어
3,외로이,0,부사,고유어
3,외면,2,명사,한자어
3,외면하다,0,동사,혼종어
3,외사촌,0,명사,한자어
3,외상,1,명사,고유어
3,외세,0,명사,한자어
3,외아들,0,명사,고유어
3,외양간,0,명사,혼종어
3,외출복,0,명사,한자어
3,외침,1,명사,고유어
3,외투,1,명사,한자어
3,외할머님,0,명사,혼종어
3,외할아버님,0,명사,혼종어
3,외형,2,명사,한자어
3,왼,1,관형사,고유어
3,왼편,0,명사,혼종어
3,요강,1,명사,고유어
3,요구되다,0,동사,혼종어
3,요놈,0,대명사,고유어
3,요란스럽다,0,형용사,혼종어
3,요령,3,명사,한자어
3,요만하다,0,형용사,고유어
3,요약,2,명사,한자어
3,요양,2,명사,한자어
3,요원,1,명사,한자어
3,요전,1,명사,혼종어
3,요점,0,명사,한자어
3,요청,0,명사,한자어
3,요청하다,0,동사,혼종어
3,요트,0,명사,외래어
3,욕구,0,명사,한자어
3,욕망,0,명사,한자어
3,욕심내다,0,동사,혼종어
3,용건,1,명사,한자어
3,용기,3,명사,한자어
3,용납,0,명사,한자어
3,용량,2,명사,한자어
3,용사,5,명사,한자어
3,용수철,0,명사,한자어
3,용암,2,명사,한자어
3,용액,0,명사,한자어
3,용왕,3,명사,한자어
3,용의자,0,명사,한자어
3,용지,3,명사,한자어
3,용품,1,명사,한자어
3,우거지다,0,동사,고유어
3,우대,5,명사,한자어
3,우두머리,0,명사,고유어
3,우렁이,0,명사,고유어
3,우물우물,2,부사,고유어
3,우물쭈물,0,부사,고유어
3,우물쭈물하다,0,동사,고유어
3,우선순위,0,명사,한자어
3,우선적,0,명사/관형사,한자어
3,우선하다,3,동사,혼종어
3,우세하다,3,형용사,혼종어
3,우수성,0,명사,한자어
3,우수수,0,부사,고유어
3,우스꽝스럽다,0,형용사,고유어
3,우애,1,명사,한자어
3,우엉,0,명사,고유어
3,우우,2,감탄사,고유어
3,우월하다,0,형용사,혼종어
3,우유병,0,명사,한자어
3,우중충하다,0,형용사,고유어
3,우쭐거리다,0,동사,고유어
3,우쭐하다,0,동사,고유어
3,우측,0,명사,한자어
3,우편물,0,명사,한자어
3,우회전,0,명사,한자어
3,운동복,0,명사,한자어
3,운동부,0,명사,한자어
3,운동선수,0,명사,한자어
3,운반,2,명사,한자어
3,운반하다,0,동사,혼종어
3,운영,3,명사,한자어
3,운영되다,0,동사,혼종어
3,운전대,1,명사,혼종어
3,운전면허,0,명사,한자어
3,운전자,0,명사,한자어
3,운행,2,명사,한자어
3,울긋불긋,0,부사,고유어
3,울렁거리다,0,동사,고유어
3,울릉도,0,명사,한자어
3,울리다,1,동사,고유어
3,울림,1,명사,고유어
3,울먹거리다,0,동사,고유어
3,울먹이다,0,동사,고유어
3,울보,0,명사,고유어
3,울산,1,명사,한자어
3,울적하다,1,형용사,혼종어
3,울창하다,0,형용사,혼종어
3,움츠리다,0,동사,고유어
3,움켜쥐다,0,동사,고유어
3,움트다,0,동사,고유어
3,움푹,0,부사,고유어
3,웃어른,0,명사,고유어
3,웃음거리,0,명사,고유어
3,웅덩이,0,명사,고유어
3,웅성거리다,0,동사,고유어
3,원격,2,명사,한자어
3,원금,1,명사,한자어
3,원두막,0,명사,한자어
3,원산지,0,명사,한자어
3,원시,3,명사,한자어
3,원시인,0,명사,한자어
3,원어민,0,명사,한자어
3,원장,8,명사,한자어
3,원점,1,명사,한자어
3,원조,1,명사,한자어
3,원주민,0,명사,한자어
3,원통하다,1,형용사,혼종어
3,원하다,1,동사,혼종어
3,원한,0,명사,한자어
3,월경,2,명사,한자어
3,월등하다,0,형용사,혼종어
3,월말,0,명사,한자어
3,웨딩드레스,0,명사,외래어
3,웹,0,명사,외래어
3,웹툰,0,명사,외래어
3,위급하다,0,형용사,혼종어
3,위반하다,2,동사,혼종어
3,위생적,0,명사/관형사,한자어
3,위성,6,명사,한자어
3,위아래,0,명사,고유어
3,위안,2,명사,한자어
3,위엄,0,명사,한자어
3,위원,1,명사,한자어
3,위인,1,명사,한자어
3,위인,2,명사,한자어
3,위인전,0,명사,한자어
3,위장하다,0,동사,혼종어
3,위조,2,명사,한자어
3,위태롭다,0,형용사,혼종어
3,위태하다,0,형용사,혼종어
3,위험성,0,명사,한자어
3,윗니,0,명사,고유어
3,윗동네,0,명사,혼종어
3,윗마을,0,명사,고유어
3,윗몸,0,명사,고유어
3,윗사람,0,명사,고유어
3,윗옷,0,명사,고유어
3,윗입술,0,명사,고유어
3,유골,0,명사,한자어
3,유괴,0,명사,한자어
3,유난히,0,부사,고유어
3,유능하다,0,형용사,혼종어
3,유독,4,부사,한자어
3,유래,0,명사,한자어
3,유래되다,0,동사,혼종어
3,유래하다,0,동사,혼종어
3,유럽,2,명사,외래어
3,유료,1,명사,한자어
3,유리문,0,명사,한자어
3,유리컵,0,명사,혼종어
3,유리하다,1,형용사,혼종어
3,유명인,0,명사,한자어
3,유모차,0,명사,한자어
3,유물,4,명사,한자어
3,유발하다,0,동사,혼종어
3,유사하다,3,형용사,혼종어
3,유서,6,명사,한자어
3,유성,5,명사,한자어
3,유심히,0,부사,혼종어
3,유아원,0,명사,한자어
3,유용하다,1,형용사,혼종어
3,유의,4,명사,한자어
3,유의하다,2,동사,혼종어
3,유인하다,3,동사,혼종어
3,유일,6,명사,한자어
3,유적지,0,명사,한자어
3,유전,12,명사,한자어
3,유죄,1,명사,한자어
3,유창하다,0,형용사,혼종어
3,유치하다,3,동사,혼종어
3,유학생,1,명사,한자어
3,유행가,0,명사,한자어
3,육각형,0,명사,한자어
3,육개장,0,명사,혼종어
3,육교,2,명사,한자어
3,육식,2,명사,한자어
3,육아,2,명사,한자어
3,육체적,0,명사/관형사,한자어
3,윤,2,명사,한자어
3,윤곽,0,명사,한자어
3,윤기,2,명사,한자어
3,으레,0,부사,고유어
3,으리으리하다,0,형용사,고유어
3,으스스,0,부사,고유어
3,으스스하다,0,형용사,고유어
3,으쓱,1,부사,고유어
3,으아,0,부사/감탄사,고유어
3,으앙,0,부사,고유어
3,으응,0,감탄사,고유어
3,은근슬쩍,0,부사,혼종어
3,은근하다,0,형용사,혼종어
3,은근히,0,부사,혼종어
3,은메달,0,명사,혼종어
3,은밀하다,0,형용사,혼종어
3,은빛,0,명사,혼종어
3,은색,0,명사,한자어
3,은인,1,명사,한자어
3,은퇴하다,0,동사,혼종어
3,은하수,0,명사,한자어
3,은행원,0,명사,한자어
3,음색,0,명사,한자어
3,음악가,0,명사,한자어
3,음악실,0,명사,한자어
3,음정,2,명사,한자어
3,음표,0,명사,한자어
3,음향,0,명사,한자어
3,읍,1,명사,한자어
3,읍내,0,명사,한자어
3,응급,0,명사,한자어
3,응석,0,명사,고유어
3,응시,3,명사,한자어
3,응시하다,1,동사,혼종어
3,응시하다,3,동사,혼종어
3,응용,0,명사,한자어
3,응용하다,0,동사,혼종어
3,응하다,0,동사,혼종어
3,의도하다,0,동사,혼종어
3,의롭다,0,형용사,혼종어
3,의류,0,명사,한자어
3,의리,0,명사,한자어
3,의무적,0,명사/관형사,한자어
3,의문점,0,명사,한자어
3,의복,1,명사,한자어
3,의술,0,명사,한자어
3,의식,3,명사,한자어
3,의식적,0,명사/관형사,한자어
3,의식주,0,명사,한자어
3,의심되다,0,동사,혼종어
3,의외,0,명사,한자어
3,의욕적,0,명사/관형사,한자어
3,의원,6,명사,한자어
3,의존,0,명사,한자어
3,의지력,0,명사,한자어
3,의지하다,0,동사,혼종어
3,의회,2,명사,한자어
3,이글거리다,0,동사,고유어
3,이글이글,0,부사,고유어
3,이기심,0,명사,한자어
3,이기주의,0,명사,한자어
3,이기주의자,0,명사,한자어
3,이끼,1,명사,고유어
3,이내,5,명사,한자어
3,이다,1,동사,고유어
3,이따금,0,부사,고유어
3,이래저래,0,부사,고유어
3,이루,1,부사,고유어
3,이룩하다,0,동사,고유어
3,이륙하다,0,동사,혼종어
3,이를테면,0,부사,고유어
3,이름나다,0,동사,고유어
3,이리,4,부사,고유어
3,이맘때,0,명사,고유어
3,이메일,0,명사,외래어
3,이목구비,0,명사,한자어
3,이물질,0,명사,한자어
3,이바지하다,1,동사,고유어
3,이별하다,0,동사,혼종어
3,이부자리,0,명사,고유어
3,이삭,1,명사,고유어
3,이산가족,0,명사,한자어
3,이상,8,명사,한자어
3,이상형,1,명사,한자어
3,이성,8,명사,한자어
3,이슬비,0,명사,고유어
3,이승,1,명사,고유어
3,이식,9,명사,한자어
3,이식하다,3,동사,혼종어
3,이야깃거리,0,명사,고유어
3,이어달리기,0,명사,고유어
3,이어받다,0,동사,고유어
3,이어폰,0,명사,외래어
3,이왕이면,0,부사,혼종어
3,이용되다,0,동사,혼종어
3,이용자,0,명사,한자어
3,이윤,2,명사,한자어
3,이윽고,0,부사,고유어
3,이장,5,명사,한자어
3,이종사촌,0,명사,한자어
3,이주민,0,명사,한자어
3,이중,3,명사,한자어
3,이토록,0,부사,고유어
3,익명,0,명사,한자어
3,익히다,1,동사,고유어
3,인간관계,0,명사,한자어
3,인간성,0,명사,한자어
3,인간적,0,명사/관형사,한자어
3,인격,0,명사,한자어
3,인공위성,0,명사,한자어
3,인공적,0,명사/관형사,한자어
3,인기척,0,명사,혼종어
3,인내,2,명사,한자어
3,인내하다,0,동사,혼종어
3,인대,1,명사,한자어
3,인도,5,명사,한자어
3,인도,7,명사,한자어
3,인도하다,2,동사,혼종어
3,인상적,0,명사/관형사,한자어
3,인쇄되다,0,동사,혼종어
3,인쇄소,0,명사,한자어
3,인식,0,명사,한자어
3,인식하다,0,동사,혼종어
3,인원수,0,명사,한자어
3,인절미,0,명사,고유어
3,인접하다,2,동사,혼종어
3,인정되다,0,동사,혼종어
3,인증,3,명사,한자어
3,인질,1,명사,한자어
3,인천,2,명사,한자어
3,인터뷰하다,0,동사,혼종어
3,인품,0,명사,한자어
3,인하다,1,동사,혼종어
3,일간,2,명사,한자어
3,일개미,0,명사,고유어
3,일과,5,명사,한자어
3,일구다,0,동사,고유어
3,일그러지다,0,동사,고유어
3,일깨우다,2,동사,고유어
3,일다,1,동사,고유어
3,일대일,0,명사,한자어
3,일렬,0,명사,한자어
3,일면,1,명사,한자어
3,일반,2,명사,한자어
3,일반적,0,명사/관형사,한자어
3,일벌,1,명사,고유어
3,일삼다,0,동사,고유어
3,일석이조,0,명사,한자어
3,일손,0,명사,고유어
3,일식,4,명사,한자어
3,일쑤,0,명사/부사,고유어
3,일제히,0,부사,혼종어
3,일주,2,명사,한자어
3,일지,5,명사,한자어
3,일직선,0,명사,한자어
3,일치,1,명사,한자어
3,일치되다,0,동사,혼종어
3,일컫다,0,동사,고유어
3,일평생,0,명사,한자어
3,일행,1,명사,한자어
3,일회용,0,명사,한자어
3,읽을거리,0,명사,고유어
3,임,1,명사,고유어
3,임기,1,명사,한자어
3,임명되다,0,동사,혼종어
3,임산부,0,명사,한자어
3,임진왜란,0,명사,한자어
3,임하다,2,동사,혼종어
3,입국,2,명사,한자어
3,입국하다,2,동사,혼종어
3,입대하다,1,동사,혼종어
3,입력,0,명사,한자어
3,입력되다,0,동사,혼종어
3,입맞춤,0,명사,고유어
3,입문,1,명사,한자어
3,입문하다,1,동사,혼종어
3,입버릇,0,명사,고유어
3,입양,0,명사,한자어
3,입양하다,0,동사,혼종어
3,입원실,0,명사,한자어
3,입천장,0,명사,혼종어
3,입체적,0,명사/관형사,한자어
3,잇달다,0,동사,고유어
3,잇몸,0,명사,고유어
3,잎새,0,명사,고유어
3,자궁,2,명사,한자어
3,자그마치,0,부사,고유어
3,자극,1,명사,한자어
3,자긍심,0,명사,한자어
3,자기주장,0,명사,한자어
3,자기편,0,명사,한자어
3,자동적,0,명사/관형사,한자어
3,자락,1,명사,고유어
3,자랑거리,0,명사,고유어
3,자료실,0,명사,한자어
3,자리,2,명사,고유어
3,자리하다,0,동사,고유어
3,자막,0,명사,한자어
3,자만하다,1,동사,혼종어
3,자명종,1,명사,한자어
3,자박자박,0,부사,고유어
3,자부심,0,명사,한자어
3,자서전,0,명사,한자어
3,자선,3,명사,한자어
3,자수,6,명사,한자어
3,자수하다,3,동사,혼종어
3,자습,0,명사,한자어
3,자시다,0,동사,고유어
3,자연스레,0,부사,혼종어
3,자연재해,0,명사,한자어
3,자연적,0,명사/관형사,한자어
3,자연환경,0,명사,한자어
3,자연히,0,부사,혼종어
3,자외선,0,명사,한자어
3,자유분방하다,0,형용사,혼종어
3,자유스럽다,0,형용사,혼종어
3,자음,1,명사,한자어
3,자잘하다,0,형용사,고유어
3,자재,3,명사,한자어
3,자정,1,명사,한자어
3,자제,2,명사,한자어
3,자제하다,1,동사,혼종어
3,자주,3,명사,한자어
3,자진,1,명사,한자어
3,자체적,0,명사/관형사,한자어
3,자취,1,명사,고유어
3,자칫,1,부사,고유어
3,자칫하다,0,동사,고유어
3,자판,1,명사,한자어
3,자판기,0,명사,한자어
3,작곡가,0,명사,한자어
3,작곡하다,1,동사,혼종어
3,작동되다,0,동사,혼종어
3,작물,0,명사,한자어
3,작성되다,0,동사,혼종어
3,작업,1,명사,한자어
3,작업복,0,명사,한자어
3,작업실,0,명사,한자어
3,작업장,0,명사,한자어
3,작업하다,0,동사,혼종어
3,작용하다,1,동사,혼종어
3,작은누나,0,명사,고유어
3,작은따옴표,0,명사,혼종어
3,작은아버님,0,명사,고유어
3,작은어머님,0,명사,고유어
3,작은언니,0,명사,고유어
3,작은오빠,0,명사,고유어
3,작은집,0,명사,고유어
3,작은형,0,명사,혼종어
3,작정하다,1,동사,혼종어
3,잔돈,1,명사,고유어
3,잔돈,2,명사,혼종어
3,잔말,0,명사,고유어
3,잔주름,0,명사,고유어
3,잔털,0,명사,고유어
3,잘록하다,0,형용사,고유어
3,잘잘못,0,명사,고유어
3,잠결,0,명사,고유어
3,잠수함,2,명사,한자어
3,잠자코,0,부사,고유어
3,잠재우다,0,동사,고유어
3,잡곡,2,명사,한자어
3,잡담,0,명사,한자어
3,잡수시다,0,동사,고유어
3,잡숫다,2,동사,고유어
3,잡아끌다,0,동사,고유어
3,잡아내다,0,동사,고유어
3,잡아들이다,0,동사,고유어
3,잡아떼다,0,동사,고유어
3,잡아먹히다,0,동사,고유어
3,잡음,2,명사,한자어
3,잡일,0,명사,혼종어
3,잣대,0,명사,고유어
3,장가가다,0,동사,고유어
3,장거리,3,명사,한자어
3,장관,1,명사,한자어
3,장교,3,명사,한자어
3,장기,7,명사,한자어
3,장기,9,명사,한자어
3,장기,11,명사,한자어
3,장기,19,명사,한자어
3,장기간,0,명사,한자어
3,장난기,0,명사,혼종어
3,장남,2,명사,한자어
3,장단점,0,명사,한자어
3,장독,1,명사,혼종어
3,장례,2,명사,한자어
3,장례식장,0,명사,한자어
3,장롱,0,명사,한자어
3,장만하다,0,동사,고유어
3,장모,1,명사,한자어
3,장벽,4,명사,한자어
3,장사꾼,0,명사,고유어
3,장수,8,명사,한자어
3,장수풍뎅이,0,명사,혼종어
3,장수하다,2,동사,혼종어
3,장시간,0,명사,한자어
3,장신구,0,명사,한자어
3,장어,3,명사,한자어
3,장인,3,명사,한자어
3,장작,0,명사,한자어
3,장작불,0,명사,혼종어
3,장차,2,부사,한자어
3,장판,3,명사,한자어
3,장하다,1,형용사,혼종어
3,재롱,0,명사,한자어
3,재물,3,명사,한자어
3,재봉틀,0,명사,혼종어
3,재수,3,명사,한자어
3,재우다,1,동사,고유어
3,재잘거리다,0,동사,고유어
3,재질,2,명사,한자어
3,재치,2,명사,한자어
3,재킷,0,명사,외래어
3,재판소,0,명사,한자어
3,재판장,0,명사,한자어
3,재판하다,3,동사,혼종어
3,재해,0,명사,한자어
3,재혼,0,명사,한자어
3,쟁반,0,명사,한자어
3,쟁탈전,0,명사,한자어
3,저고리,0,명사,고유어
3,저기압,0,명사,한자어
3,저러하다,0,형용사,고유어
3,저마다,0,부사/명사,고유어
3,저만치,0,부사/명사,고유어
3,저만큼,0,부사/명사,고유어
3,저승사자,0,명사,혼종어
3,저울,0,명사,고유어
3,저작권,0,명사,한자어
3,저장되다,0,동사,혼종어
3,저택,2,명사,한자어
3,저학년,0,명사,한자어
3,저항,0,명사,한자어
3,저항하다,0,동사,혼종어
3,적금,2,명사,한자어
3,적당하다,1,동사,혼종어
3,적응,2,명사,한자어
3,적응력,0,명사,한자어
3,적절히,0,부사,혼종어
3,전,24,의존명사,한자어
3,전개,2,명사,한자어
3,전개되다,0,동사,혼종어
3,전개하다,2,동사,혼종어
3,전공하다,1,동사,혼종어
3,전기,11,명사,한자어
3,전깃불,0,명사,혼종어
3,전깃줄,0,명사,혼종어
3,전도,11,명사,한자어
3,전동,3,명사,한자어
3,전라남도,0,명사,한자어
3,전라도,0,명사,한자어
3,전라북도,0,명사,한자어
3,전래,0,명사,한자어
3,전력,4,명사,한자어
3,전문점,0,명사,한자어
3,전반,3,명사,한자어
3,전번,1,명사,한자어
3,전북,0,명사,한자어
3,전생,2,명사,한자어
3,전선,7,명사,한자어
3,전성기,1,명사,한자어
3,전속력,0,명사,한자어
3,전송,4,명사,한자어
3,전술,4,명사,한자어
3,전시관,0,명사,한자어
3,전시회장,0,명사,한자어
3,전염되다,0,동사,혼종어
3,전용,4,명사,한자어
3,전전긍긍하다,0,동사,혼종어
3,전집,1,명사,한자어
3,전차,12,명사,한자어
3,전철역,0,명사,한자어
3,전통문화,0,명사,한자어
3,전파,3,명사,한자어
3,전파되다,2,동사,혼종어
3,전파하다,2,동사,혼종어
3,전형적,0,명사/관형사,한자어
3,전화벨,0,명사,혼종어
3,절,6,명사,한자어
3,절구,1,명사,고유어
3,절규,0,명사,한자어
3,절다,1,동사,고유어
3,절로,1,부사,고유어
3,절망하다,2,동사,혼종어
3,절실히,0,부사,혼종어
3,절이다,0,동사,고유어
3,절정,3,명사,한자어
3,절친하다,0,형용사,혼종어
3,젊어지다,0,동사,고유어
3,점,3,명사,한자어
3,점령,0,명사,한자어
3,점치다,0,동사,혼종어
3,점퍼,0,명사,외래어
3,점포,0,명사,한자어
3,점프,0,명사,외래어
3,접근하다,0,동사,혼종어
3,접대,1,명사,한자어
3,접속,0,명사,한자어
3,접어들다,0,동사,고유어
3,접착제,0,명사,한자어
3,접히다,0,동사,고유어
3,정,2,부사,고유어
3,정겹다,0,형용사,혼종어
3,정곡,1,명사,한자어
3,정권,4,명사,한자어
3,정기적,0,명사/관형사,한자어
3,정녕,3,부사,한자어
3,정답다,0,형용사,혼종어
3,정돈되다,2,동사,혼종어
3,정돈하다,2,동사,혼종어
3,정밀,2,명사,한자어
3,정밀하다,2,형용사,혼종어
3,정복,2,명사,한자어
3,정복하다,0,동사,혼종어
3,정부,8,명사,한자어
3,정비,5,명사,한자어
3,정사각형,0,명사,한자어
3,정삼각형,0,명사,한자어
3,정상,10,명사,한자어
3,정상인,0,명사,한자어
3,정수기,0,명사,한자어
3,정신력,0,명사,한자어
3,정신병,0,명사,한자어
3,정오,1,명사,한자어
3,정월,2,명사,한자어
3,정육각형,0,명사,한자어
3,정의감,0,명사,한자어
3,정의롭다,0,형용사,혼종어
3,정자,10,명사,한자어
3,정적,9,명사,한자어
3,정정하다,8,형용사,혼종어
3,정중하다,0,형용사,혼종어
3,정직,1,명사,한자어
3,정차하다,0,동사,혼종어
3,정책,2,명사,한자어
3,정치가,0,명사,한자어
3,정확성,0,명사,한자어
3,젖꼭지,0,명사,고유어
3,젖혀지다,0,동사,고유어
3,제각기,0,명사/부사,혼종어
3,제거되다,0,동사,혼종어
3,제공되다,0,동사,혼종어
3,제과,2,명사,한자어
3,제기,1,명사,고유어
3,제기차기,0,명사,고유어
3,제도,1,명사,한자어
3,제맛,0,명사,고유어
3,제물,2,명사,한자어
3,제보,0,명사,한자어
3,제복,1,명사,한자어
3,제비꽃,0,명사,고유어
3,제비뽑기,0,명사,고유어
3,제사상,0,명사,한자어
3,제삿날,0,명사,혼종어
3,제스처,0,명사,외래어
3,제시되다,0,동사,혼종어
3,제안하다,2,동사,혼종어
3,제압하다,0,동사,혼종어
3,제외,2,명사,한자어
3,제작되다,0,동사,혼종어
3,제철,1,명사,고유어
3,제한되다,0,동사,혼종어
3,제한하다,0,동사,혼종어
3,조각가,0,명사,한자어
3,조각나다,0,동사,고유어
3,조각상,0,명사,한자어
3,조각하다,1,동사,혼종어
3,조개껍데기,0,명사,고유어
3,조급하다,3,형용사,혼종어
3,조기,1,명사,고유어
3,조깅,0,명사,외래어
3,조롱하다,1,동사,혼종어
3,조리,7,명사,한자어
3,조림,1,명사,고유어
3,조미료,0,명사,한자어
3,조바심,1,명사,고유어
3,조사되다,2,동사,혼종어
3,조심성,0,명사,한자어
3,조심하다,1,동사,혼종어
3,조아리다,0,동사,고유어
3,조약돌,0,명사,고유어
3,조언,1,명사,한자어
3,조용조용,0,부사,고유어
3,조작,2,명사,한자어
3,조작하다,1,동사,혼종어
3,조잘거리다,0,동사,고유어
3,조잘대다,0,동사,고유어
3,조잘조잘,1,부사,고유어
3,조장,9,명사,한자어
3,조절되다,2,동사,혼종어
3,조정,9,명사,한자어
3,조직하다,0,동사,혼종어
3,조치,3,명사,한자어
3,조폭,0,명사,한자어
3,조합,1,명사,한자어
3,조합하다,1,동사,혼종어
3,조화,7,명사,한자어
3,조화롭다,0,형용사,혼종어
3,족발,0,명사,혼종어
3,족보,2,명사,한자어
3,족제비,0,명사,고유어
3,족히,0,부사,혼종어
3,존재,0,명사,한자어
3,졸업장,0,명사,한자어
3,졸이다,0,동사,고유어
3,좁쌀,0,명사,고유어
3,종교인,0,명사,한자어
3,종교적,0,명사/관형사,한자어
3,종달새,0,명사,고유어
3,종료되다,0,동사,혼종어
3,종이쪽지,0,명사,혼종어
3,종이학,0,명사,혼종어
3,종일,1,명사/부사,한자어
3,종점,0,명사,한자어
3,종족,2,명사,한자어
3,종합하다,0,동사,혼종어
3,좇다,0,동사,고유어
3,좋아,0,감탄사,고유어
3,좌우명,0,명사,한자어
3,좌절감,0,명사,한자어
3,좌절되다,0,동사,혼종어
3,좌회전,0,명사,한자어
3,죄송스럽다,0,형용사,혼종어
3,죄악,0,명사,한자어
3,주거,2,명사,한자어
3,주걱,0,명사,고유어
3,주근깨,0,명사,고유어
3,주기,13,명사,한자어
3,주기적,0,명사/관형사,한자어
3,주눅,0,명사,고유어
3,주님,0,명사,혼종어
3,주도하다,1,동사,혼종어
3,주되다,0,동사,혼종어
3,주례,1,명사,한자어
3,주룩주룩,0,부사,고유어
3,주름살,0,명사,고유어
3,주막,0,명사,한자어
3,주목하다,0,동사,혼종어
3,주방장,0,명사,한자어
3,주섬주섬,0,부사,고유어
3,주소록,0,명사,한자어
3,주식회사,0,명사,한자어
3,주요하다,0,형용사,혼종어
3,주의,2,명사,한자어
3,주인님,0,명사,혼종어
3,주인집,0,명사,혼종어
3,주일,2,명사,한자어
3,주자,5,명사,한자어
3,주저하다,2,동사,혼종어
3,주제가,0,명사,한자어
3,주제곡,0,명사,한자어
3,주차하다,1,동사,혼종어
3,주책,1,명사,고유어
3,주최하다,0,동사,혼종어
3,주춤하다,0,동사,고유어
3,주택가,0,명사,한자어
3,주행,2,명사,한자어
3,줄기차다,0,형용사,고유어
3,줄무늬,0,명사,고유어
3,줄어지다,0,동사,고유어
3,줄자,0,명사,고유어
3,중,1,명사,한자어
3,중,2,명사,고유어
3,중간고사,0,명사,한자어
3,중계하다,0,동사,혼종어
3,중국어,0,명사,한자어
3,중급,0,명사,한자어
3,중대,5,명사,한자어
3,중대하다,1,형용사,혼종어
3,중독성,0,명사,한자어
3,중독자,0,명사,한자어
3,중상,8,명사,한자어
3,중세,1,명사,한자어
3,중소,2,명사,한자어
3,중순,0,명사,한자어
3,중시하다,0,동사,혼종어
3,중심,2,명사,한자어
3,중얼중얼,0,부사,고유어
3,중점,3,명사,한자어
3,중지,2,명사,한자어
3,중지되다,0,동사,혼종어
3,중하다,0,형용사,혼종어
3,쥐,3,명사,고유어
3,쥐꼬리,0,명사,고유어
3,쥐새끼,1,명사,고유어
3,쥐어뜯다,0,동사,고유어
3,쥐어박다,0,동사,고유어
3,쥐어짜다,0,동사,고유어
3,즉각,0,부사,한자어
3,즉석,0,명사,한자어
3,즉흥적,0,명사/관형사,한자어
3,증가,1,명사,한자어
3,증가하다,1,동사,혼종어
3,증거물,0,명사,한자어
3,증기,1,명사,한자어
3,증명,0,명사,한자어
3,증발,1,명사,한자어
3,지각하다,1,동사,혼종어
3,지그재그,0,명사,외래어
3,지극하다,0,형용사,혼종어
3,지글지글,0,부사,고유어
3,지껄이다,0,동사,고유어
3,지끈지끈,2,부사,고유어
3,지나다니다,0,동사,고유어
3,지난여름,0,명사,고유어
3,지네,0,명사,고유어
3,지느러미,0,명사,고유어
3,지도력,0,명사,한자어
3,지뢰,1,명사,한자어
3,지름,2,명사,고유어
3,지리산,2,명사,한자어
3,지명,1,명사,한자어
3,지목하다,0,동사,혼종어
3,지배자,0,명사,한자어
3,지불,2,명사,한자어
3,지사,2,명사,한자어
3,지수,6,명사,한자어
3,지시,2,명사,한자어
3,지원,2,명사,한자어
3,지원자,2,명사,한자어
3,지저귀다,0,동사,고유어
3,지적,1,명사/관형사,한자어
3,지점,1,명사,한자어
3,지점,3,명사,한자어
3,지정되다,0,동사,혼종어
3,지지자,0,명사,한자어
3,지체하다,0,동사,혼종어
3,지출,1,명사,한자어
3,지킴이,0,명사,고유어
3,지탱하다,0,동사,혼종어
3,지피다,2,동사,고유어
3,지하수,0,명사,한자어
3,지형,1,명사,한자어
3,지휘자,0,명사,한자어
3,직각,1,명사,한자어
3,직사각형,0,명사,한자어
3,직선,1,명사,한자어
3,직장인,0,명사,한자어
3,직진,2,명사,한자어
3,직진하다,0,동사,혼종어
3,직후,0,명사,한자어
3,진격하다,0,동사,혼종어
3,진달래꽃,1,명사,고유어
3,진동하다,1,동사,혼종어
3,진드기,0,명사,고유어
3,진료실,0,명사,한자어
3,진리,0,명사,한자어
3,진사,8,명사,한자어
3,진수성찬,0,명사,한자어
3,진실되다,0,형용사,혼종어
3,진실로,0,부사,혼종어
3,진열대,0,명사,한자어
3,진열하다,1,동사,혼종어
3,진영,2,명사,한자어
3,진입하다,0,동사,혼종어
3,진저리,0,명사,고유어
3,진정,5,명사,한자어
3,진찰실,0,명사,한자어
3,진찰하다,0,동사,혼종어
3,진출,2,명사,한자어
3,진출하다,2,동사,혼종어
3,진통,1,명사,한자어
3,진행자,0,명사,한자어
3,진행하다,0,동사,혼종어
3,진흙탕,0,명사,고유어
3,질겁,0,명사,한자어
3,질끈,0,부사,고유어
3,질다,0,형용사,고유어
3,질색,0,명사,한자어
3,질식하다,0,동사,혼종어
3,질주,0,명사,한자어
3,질주하다,0,동사,혼종어
3,질투심,0,명사,한자어
3,질투하다,0,동사,혼종어
3,짐칸,0,명사,고유어
3,집게손가락,0,명사,고유어
3,집사,2,명사,한자어
3,집어내다,0,동사,고유어
3,집어던지다,0,동사,고유어
3,집요하다,1,형용사,혼종어
3,집중력,0,명사,한자어
3,집합,1,명사,한자어
3,짓거리,0,명사,고유어
3,짓누르다,0,동사,고유어
3,짓눌리다,0,동사,고유어
3,짓밟히다,0,동사,고유어
3,징검다리,0,명사,고유어
3,징조,0,명사,한자어
3,짚신,0,명사,고유어
3,짜릿하다,0,형용사,고유어
3,짜증스럽다,0,형용사,고유어
3,짜증스레,0,부사,고유어
3,짝사랑,0,명사,고유어
3,짝사랑하다,0,동사,고유어
3,짝짓기,0,명사,고유어
3,짝짓다,0,동사,고유어
3,짤막하다,0,형용사,고유어
3,짱구,0,명사,고유어
3,째려보다,0,동사,고유어
3,짹짹,0,부사,고유어
3,쩍,3,부사,고유어
3,쩔쩔매다,0,동사,고유어
3,쩝쩝,0,부사,고유어
3,쪼끄맣다,0,형용사,고유어
3,쪼끔,0,명사/부사,고유어
3,쪼르르,1,부사,고유어
3,쪼이다,1,동사,고유어
3,쪽쪽,1,부사,고유어
3,쪽팔리다,0,동사,고유어
3,쫄깃쫄깃,0,부사,고유어
3,쫄깃하다,0,형용사,고유어
3,쫑긋,0,부사,고유어
3,쫑긋쫑긋,0,부사,고유어
3,쫑알거리다,0,동사,고유어
3,쬐다,1,동사,고유어
3,쭈그러지다,0,동사,고유어
3,쭈그리다,0,동사,고유어
3,쭈글쭈글하다,0,형용사,고유어
3,찌들다,0,동사,고유어
3,찐득찐득하다,0,동사형용사,고유어
3,찜,1,명사,고유어
3,찝찝하다,0,형용사,고유어
3,차,4,의존명사,한자어
3,차단되다,0,동사,혼종어
3,차려입다,0,동사,고유어
3,차마,0,부사,고유어
3,차오르다,0,동사,고유어
3,차차,1,부사,한자어
3,차창,0,명사,한자어
3,차표,0,명사,한자어
3,착,1,부사,고유어
3,착륙하다,0,동사,혼종어
3,착실하다,0,형용사,혼종어
3,찬란하다,0,형용사,혼종어
3,찬밥,1,명사,고유어
3,찬송가,0,명사,한자어
3,찬양하다,2,동사,혼종어
3,찬찬히,1,부사,고유어
3,참가비,0,명사,한자어
3,참가자,0,명사,한자어
3,참견하다,0,동사,혼종어
3,참나무,0,명사,고유어
3,참되다,0,형용사,고유어
3,참말로,0,부사,고유어
3,참석자,0,명사,한자어
3,참으로,0,부사,고유어
3,참전하다,0,동사,혼종어
3,참조하다,2,동사,혼종어
3,찹쌀,0,명사,고유어
3,찹쌀떡,0,명사,고유어
3,찻잔,0,명사,혼종어
3,창구,1,명사,한자어
3,창문가,0,명사,혼종어
3,창백하다,0,형용사,혼종어
3,창자,1,명사,고유어
3,창칼,2,명사,혼종어
3,창틀,0,명사,혼종어
3,찾아뵈다,0,동사,고유어
3,채,10,부사,고유어
3,채다,3,동사,고유어
3,채소밭,0,명사,혼종어
3,채식,2,명사,한자어
3,채우다,4,동사,고유어
3,채집하다,0,동사,혼종어
3,채취하다,0,동사,혼종어
3,책값,0,명사,혼종어
3,책자,0,명사,한자어
3,챔피언,0,명사,외래어
3,처,1,명사,한자어
3,처넣다,0,동사,고유어
3,처녀,0,명사,한자어
3,처량하다,0,형용사,혼종어
3,처마,0,명사,고유어
3,처박다,0,동사,고유어
3,처박히다,0,동사,고유어
3,처방,0,명사,한자어
3,처방전,0,명사,한자어
3,처방하다,0,동사,혼종어
3,처벌하다,0,동사,혼종어
3,처자식,0,명사,한자어
3,처치,0,명사,한자어
3,처치하다,0,동사,혼종어
3,처형,2,명사,한자어
3,처형하다,0,동사,혼종어
3,척추,0,명사,한자어
3,천둥소리,0,명사,고유어
3,천막,0,명사,한자어
3,천만다행,0,명사,한자어
3,천민,2,명사,한자어
3,천방지축,0,명사/부사,한자어
3,천벌,2,명사,한자어
3,천생연분,0,명사,한자어
3,천식,2,명사,한자어
3,천연,1,명사/부사,한자어
3,천재적,0,명사/관형사,한자어
3,천적,1,명사,한자어
3,천하다,1,형용사,혼종어
3,철,1,명사,고유어
3,철근,0,명사,한자어
3,철렁,1,부사,고유어
3,철렁하다,1,동사형용사,고유어
3,철로,0,명사,한자어
3,철사,5,명사,한자어
3,철자,2,명사,한자어
3,철조망,0,명사,한자어
3,철쭉,0,명사,고유어
3,철판,2,명사,한자어
3,첨,1,명사,고유어
3,첨가,0,명사,한자어
3,첨단,1,명사,한자어
3,첨벙,0,부사,고유어
3,첨성대,0,명사,한자어
3,첫눈,2,명사,고유어
3,첫돌,0,명사,고유어
3,첫발,0,명사,고유어
3,청,2,명사,한자어
3,청,8,명사,한자어
3,청각,2,명사,한자어
3,청군,0,명사,한자어
3,청년,0,명사,한자어
3,청록색,0,명사,한자어
3,청룡,0,명사,한자어
3,청색,0,명사,한자어
3,청소년기,0,명사,한자어
3,청소부,1,명사,한자어
3,청자,1,명사,한자어
3,청하다,0,동사,혼종어
3,체계,3,명사,한자어
3,체구,3,명사,한자어
3,체념,2,명사,한자어
3,체념하다,1,동사,혼종어
3,체면,2,명사,한자어
3,체육부,0,명사,한자어
3,체인,3,명사/의존명사,외래어
3,체중계,0,명사,한자어
3,체포되다,0,동사,혼종어
3,체하다,2,동사,혼종어
3,첼로,0,명사,외래어
3,쳐주다,0,동사,고유어
3,초,3,의존명사,한자어
3,초가,3,명사,한자어
3,초고속,0,명사,한자어
3,초과,2,명사,한자어
3,초과되다,0,동사,혼종어
3,초과하다,0,동사,혼종어
3,초급,1,명사,한자어
3,초대되다,0,동사,혼종어
3,초록빛,0,명사,혼종어
3,초롱초롱하다,0,형용사,고유어
3,초반,1,명사,한자어
3,초밥,0,명사,혼종어
3,초보자,0,명사,한자어
3,초소,0,명사,한자어
3,초승달,0,명사,혼종어
3,초식,1,명사,한자어
3,초월,2,명사,한자어
3,초음파,0,명사,한자어
3,초인종,0,명사,한자어
3,초저녁,0,명사,혼종어
3,초조,3,명사,한자어
3,초창기,0,명사,한자어
3,초청하다,0,동사,혼종어
3,초파리,0,명사,혼종어
3,촉각,1,명사,한자어
3,촉감,2,명사,한자어
3,촌,3,명사,한자어
3,촘촘하다,0,형용사,고유어
3,촘촘히,0,부사,고유어
3,촛대,2,명사,혼종어
3,총각,0,명사,한자어
3,총격,0,명사,한자어
3,총리,1,명사,한자어
3,총명하다,0,형용사,혼종어
3,총살,0,명사,한자어
3,총소리,0,명사,혼종어
3,총총,1,부사,고유어
3,총칼,0,명사,혼종어
3,총탄,0,명사,한자어
3,최강,0,명사,한자어
3,최고급,0,명사,한자어
3,최고봉,0,명사,한자어
3,최소한,0,명사/부사,한자어
3,최우선,0,명사,한자어
3,추,6,명사/의존명사,한자어
3,추가되다,0,동사,혼종어
3,추격,1,명사,한자어
3,추격하다,1,동사,혼종어
3,추구,1,명사,한자어
3,추리,3,명사,한자어
3,추리하다,2,동사,혼종어
3,추모,4,명사,한자어
3,추석날,0,명사,혼종어
3,추수하다,1,동사,혼종어
3,추적하다,2,동사,혼종어
3,추천되다,0,동사,혼종어
3,축구팀,0,명사,혼종어
3,축구화,0,명사,한자어
3,축복하다,0,동사,혼종어
3,축소,0,명사,한자어
3,축소되다,0,동사,혼종어
3,축소하다,0,동사,혼종어
3,출국,0,명사,한자어
3,출근길,0,명사,혼종어
3,출몰하다,0,동사,혼종어
3,출발선,0,명사,한자어
3,출생,0,명사,한자어
3,출석부,0,명사,한자어
3,출세,1,명사,한자어
3,출입구,0,명사,한자어
3,출전하다,0,동사,혼종어
3,출처,2,명사,한자어
3,출판,2,명사,한자어
3,출판사,0,명사,한자어
3,출판하다,2,동사,혼종어
3,춤곡,0,명사,혼종어
3,충고하다,0,동사,혼종어
3,충남,0,명사,한자어
3,충북,0,명사,한자어
3,충성,1,명사,한자어
3,충성스럽다,0,형용사,혼종어
3,충성하다,0,동사,혼종어
3,충실히,2,부사,혼종어
3,충전하다,2,동사,혼종어
3,충청남도,0,명사,한자어
3,충청도,0,명사,한자어
3,충청북도,0,명사,한자어
3,충치,0,명사,한자어
3,취급,0,명사,한자어
3,취업하다,0,동사,혼종어
3,취재하다,2,동사,혼종어
3,취직되다,0,동사,혼종어
3,취침,0,명사,한자어
3,취하다,1,동사,혼종어
3,측정,1,명사,한자어
3,측정되다,1,동사,혼종어
3,측정하다,1,동사,혼종어
3,치다,4,동사,고유어
3,치다,7,동사,고유어
3,치다,10,동사,고유어
3,치료되다,0,동사,혼종어
3,치료법,0,명사,한자어
3,치르다,0,동사,고유어
3,치매,3,명사,한자어
3,치수,1,명사,혼종어
3,치우치다,0,동사,고유어
3,치켜세우다,0,동사,고유어
3,치키다,0,동사,고유어
3,친가,0,명사,한자어
3,친근감,0,명사,한자어
3,친동생,0,명사,혼종어
3,친목,0,명사,한자어
3,친밀감,0,명사,한자어
3,친밀하다,0,형용사,혼종어
3,친부모,0,명사,한자어
3,친아들,0,명사,혼종어
3,친일파,0,명사,한자어
3,친절히,0,부사,혼종어
3,친할머니,0,명사,혼종어
3,친할아버지,0,명사,혼종어
3,친형,0,명사,한자어
3,친형제,0,명사,한자어
3,칠면조,0,명사,한자어
3,침낭,0,명사,한자어
3,침략,2,명사,한자어
3,침략하다,2,동사,혼종어
3,침몰,0,명사,한자어
3,침몰하다,0,동사,혼종어
3,침묵하다,0,동사,혼종어
3,침범,0,명사,한자어
3,침범하다,0,동사,혼종어
3,침입,1,명사,한자어
3,침입하다,1,동사,혼종어
3,침투,0,명사,한자어
3,침팬지,0,명사,외래어
3,칩,0,명사,외래어
3,칭얼거리다,0,동사,고유어
3,칭칭,0,부사,고유어
3,카네이션,0,명사,외래어
3,카드놀이,0,명사,혼종어
3,카리스마,0,명사,외래어
3,카세트,0,명사,외래어
3,카페인,0,명사,외래어
3,카펫,0,명사,외래어
3,카피,0,명사,외래어
3,칼라,2,명사,외래어
3,칼싸움,0,명사,고유어
3,캐내다,0,동사,고유어
3,캐릭터,0,명사,외래어
3,캐묻다,0,동사,고유어
3,캐스터네츠,0,명사,외래어
3,캠퍼스,0,명사,외래어
3,캠페인,0,명사,외래어
3,커트,0,명사,외래어
3,커플,0,명사,외래어
3,케첩,0,명사,외래어
3,켜,0,명사/의존명사,고유어
3,코끝,0,명사,고유어
3,코드,2,명사,외래어
3,코털,0,명사,고유어
3,코트,3,명사,외래어
3,코팅,0,명사,외래어
3,코흘리개,0,명사,고유어
3,콘도,0,명사,외래어
3,콘센트,0,명사,외래어
3,콤플렉스,0,명사,외래어
3,콧구멍,0,명사,고유어
3,콧노래,0,명사,고유어
3,콧등,0,명사,고유어
3,콧수염,0,명사,혼종어
3,콩나물국,0,명사,고유어
3,콩떡,0,명사,고유어
3,콩자반,0,명사,고유어
3,콩콩,1,부사,고유어
3,콱,0,부사,고유어
3,쿠션,0,명사,외래어
3,쿠키,0,명사,외래어
3,쿵쾅,0,부사,고유어
3,쿵쿵,0,부사,고유어
3,크레인,1,명사,외래어
3,크리스마스이브,0,명사,외래어
3,크림빵,0,명사,혼종어
3,큰기침,0,명사,고유어
3,큰누나,0,명사,고유어
3,큰따옴표,0,명사,혼종어
3,큰북,0,명사,고유어
3,큰소리치다,0,동사,고유어
3,큰아버님,0,명사,고유어
3,큰어머님,0,명사,고유어
3,큰언니,0,명사,고유어
3,큰오빠,0,명사,고유어
3,큰집,0,명사,고유어
3,큰형,0,명사,혼종어
3,클래식,0,명사,외래어
3,클로버,0,명사,외래어
3,클립,0,명사,외래어
3,킁킁거리다,0,동사,고유어
3,키,4,명사,외래어
3,키다리,0,명사,고유어
3,키스하다,0,동사,혼종어
3,킥,2,명사,외래어
3,킬로그램,0,의존명사,외래어
3,타다,7,동사,고유어
3,타령,1,명사,고유어
3,타원형,0,명사,한자어
3,타이,2,명사,외래어
3,타이르다,0,동사,고유어
3,타이밍,0,명사,외래어
3,타이틀,0,명사,외래어
3,타임머신,0,명사,외래어
3,타입,0,명사,외래어
3,타자,2,명사,한자어
3,타협,0,명사,한자어
3,타협하다,0,동사,혼종어
3,탁구장,0,명사,한자어
3,탁월하다,0,형용사,혼종어
3,탁하다,0,형용사,혼종어
3,탄산음료,0,명사,한자어
3,탄생되다,0,동사,혼종어
3,탄수화물,0,명사,한자어
3,탄탄하다,1,형용사,고유어
3,탈,2,명사,한자어
3,탈것,0,명사,고유어
3,탈춤,0,명사,고유어
3,탐,1,명사,한자어
3,탐구심,0,명사,한자어
3,탐방,2,명사,한자어
3,탐사,0,명사,한자어
3,탐색,2,명사,한자어
3,탐색하다,2,동사,혼종어
3,탐스럽다,0,형용사,혼종어
3,탐험,0,명사,한자어
3,탐험하다,0,동사,혼종어
3,탑승,0,명사,한자어
3,탕,5,명사,한자어
3,탕,6,명사,한자어
3,태권,2,명사,한자어
3,태아,2,명사,한자어
3,태평양,0,명사,한자어
3,택하다,0,동사,혼종어
3,탱탱,1,부사,고유어
3,터,1,명사,고유어
3,터,2,의존명사,고유어
3,터놓다,0,동사,고유어
3,터덜터덜,0,부사,고유어
3,터득하다,0,동사,혼종어
3,터전,1,명사,고유어
3,턱걸이,0,명사,고유어
3,털리다,1,동사,고유어
3,털보,0,명사,고유어
3,털실,0,명사,고유어
3,테러,0,명사,외래어
3,테마,0,명사,외래어
3,텍스트,0,명사,외래어
3,토,3,명사,고유어
3,토기,2,명사,한자어
3,토닥토닥,0,부사,고유어
3,토론자,0,명사,한자어
3,토론하다,0,동사,혼종어
3,토론회,0,명사,한자어
3,토스트,0,명사,외래어
3,토실토실하다,0,형용사,고유어
3,토의하다,0,동사,혼종어
3,토종,1,명사,한자어
3,톡톡,1,부사,고유어
3,톤,2,명사,외래어
3,톨,0,의존명사,고유어
3,톨게이트,0,명사,외래어
3,톱,1,명사,고유어
3,톱,3,명사,외래어
3,통,4,명사,고유어
3,통,7,부사,고유어
3,통곡하다,0,동사,혼종어
3,통과되다,0,동사,혼종어
3,통나무,0,명사,고유어
3,통신문,0,명사,한자어
3,통역,0,명사,한자어
3,통역하다,0,동사,혼종어
3,통제,2,명사,한자어
3,통제되다,0,동사,혼종어
3,통제하다,0,동사,혼종어
3,통지,3,명사,한자어
3,통틀다,0,동사,고유어
3,통합되다,0,동사,혼종어
3,통합하다,0,동사,혼종어
3,통행,0,명사,한자어
3,통화,3,명사,한자어
3,퇴근길,0,명사,혼종어
3,퇴비,1,명사,한자어
3,퇴장하다,2,동사,혼종어
3,퇴직하다,0,동사,혼종어
3,투덜거리다,0,동사,고유어
3,투덜투덜,0,부사,고유어
3,투수,1,명사,한자어
3,투자,2,명사,한자어
3,투쟁,0,명사,한자어
3,투쟁하다,0,동사,혼종어
3,투정,1,명사,고유어
3,툭하면,0,부사,고유어
3,퉁명스럽다,0,형용사,고유어
3,퉤,0,부사,고유어
3,퉤퉤,0,부사,고유어
3,튤립,0,명사,외래어
3,트다,2,동사,고유어
3,트랙터,0,명사,외래어
3,트럼펫,0,명사,외래어
3,트로피,0,명사,외래어
3,트림,1,명사,고유어
3,트이다,0,동사,고유어
3,특강,0,명사,한자어
3,특공대,0,명사,한자어
3,특급,2,명사,한자어
3,특별시,0,명사,한자어
3,특색,0,명사,한자어
3,특수하다,2,형용사,혼종어
3,틀어막다,0,동사,고유어
3,틀어박히다,0,동사,고유어
3,틔다,0,동사,고유어
3,티끌,0,명사,고유어
3,팁,1,명사,외래어
3,파,4,명사,한자어
3,파격적,0,명사/관형사,한자어
3,파랑새,1,명사,고유어
3,파래지다,0,동사,고유어
3,파마,0,명사,외래어
3,파먹다,0,동사,고유어
3,파멸,0,명사,한자어
3,파묻다,1,동사,고유어
3,파손되다,0,동사,혼종어
3,파스텔,0,명사,외래어
3,파악되다,0,동사,혼종어
3,파악하다,0,동사,혼종어
3,파업,0,명사,한자어
3,파울,1,명사,외래어
3,파이,3,명사,외래어
3,파이프,0,명사,외래어
3,파전,1,명사,혼종어
3,파충류,0,명사,한자어
3,파트,0,명사,외래어
3,파트너,0,명사,외래어
3,팍팍,1,부사,고유어
3,판결,0,명사,한자어
3,판단되다,0,동사,혼종어
3,판매원,2,명사,한자어
3,판사,1,명사,한자어
3,판소리,0,명사,고유어
3,판자,2,명사,한자어
3,판정,0,명사,한자어
3,판화,1,명사,한자어
3,팔걸이,0,명사,고유어
3,팔꿈치,0,명사,고유어
3,팔랑팔랑하다,1,동사,고유어
3,팔목,1,명사,고유어
3,팔아먹다,0,동사,고유어
3,팔자,1,명사,한자어
3,팔팔하다,0,형용사,고유어
3,팡팡,1,부사,고유어
3,팥,0,명사,고유어
3,팥빵,0,명사,고유어
3,패,3,명사,한자어
3,패다,5,동사,고유어
3,패배하다,0,동사,혼종어
3,패자,5,명사,한자어
3,패턴,0,명사,외래어
3,패하다,0,동사,혼종어
3,팽개치다,0,동사,고유어
3,팽이버섯,0,명사,고유어
3,팽이치기,0,명사,고유어
3,팽팽하다,2,형용사,고유어
3,퍼렇다,0,형용사,고유어
3,퍼트리다,0,동사,고유어
3,퍽퍽,1,부사,고유어
3,펄럭이다,0,동사,고유어
3,펑크,0,명사,외래어
3,펑펑,1,부사,고유어
3,페이지,0,명사,외래어
3,펴놓다,0,동사,고유어
3,편견,0,명사,한자어
3,편들다,0,동사,혼종어
3,편리,3,명사,한자어
3,편안,1,명사,한자어
3,편지하다,0,동사,혼종어
3,편집,2,명사,한자어
3,편집하다,2,동사,혼종어
3,편찮다,0,형용사,혼종어
3,평,2,의존명사,한자어
3,평,3,명사,한자어
3,평가되다,0,동사,혼종어
3,평균,0,명사,한자어
3,평면,0,명사,한자어
3,평민,0,명사,한자어
3,평상,1,명사,한자어
3,평상복,0,명사,한자어
3,평안하다,0,형용사,혼종어
3,평야,0,명사,한자어
3,평온하다,0,형용사,혼종어
3,평평하다,0,형용사,혼종어
3,평하다,0,동사,혼종어
3,평화적,0,명사/관형사,한자어
3,폐,3,명사,한자어
3,폐교,2,명사,한자어
3,폐쇄,0,명사,한자어
3,폐지되다,2,동사,혼종어
3,폐지하다,2,동사,혼종어
3,폐하,1,명사,한자어
3,포대기,0,명사,고유어
3,포도주,0,명사,한자어
3,포동포동,0,부사,고유어
3,포로,1,명사,한자어
3,포수,3,명사,한자어
3,포옹,0,명사,한자어
3,포용하다,0,동사,혼종어
3,포위,1,명사,한자어
3,포위하다,1,동사,혼종어
3,포인트,0,명사/의존명사,외래어
3,포장,10,명사,한자어
3,포장되다,1,동사,혼종어
3,포장되다,3,동사,혼종어
3,폭격,0,명사,한자어
3,폭넓다,0,형용사,혼종어
3,폭력적,0,명사/관형사,한자어
3,폭발물,0,명사,한자어
3,폭발적,0,명사/관형사,한자어
3,폭설,2,명사,한자어
3,폭신폭신,0,부사,고유어
3,폭신하다,0,형용사,고유어
3,폭파,0,명사,한자어
3,폭파되다,0,동사,혼종어
3,폭파하다,0,동사,혼종어
3,폭포수,0,명사,한자어
3,폭풍우,0,명사,한자어
3,퐁당,0,부사,고유어
3,표기,1,명사,한자어
3,표기하다,1,동사,혼종어
3,표류하다,0,동사,혼종어
3,표본,0,명사,한자어
3,표시되다,2,동사,혼종어
3,표어,0,명사,한자어
3,표적,3,명사,한자어
3,표준,1,명사,한자어
3,표준말,0,명사,혼종어
3,표준어,0,명사,한자어
3,표창장,0,명사,한자어
3,표현되다,0,동사,혼종어
3,푯말,0,명사,혼종어
3,푸,1,부사,고유어
3,푸드덕,0,부사,고유어
3,푸르르다,0,형용사,고유어
3,푸르스름하다,0,형용사,고유어
3,푸른빛,0,명사,고유어
3,푸릇푸릇,0,부사,고유어
3,푸릇푸릇하다,0,형용사,고유어
3,푼,1,의존명사/수사/관형사,고유어
3,풀꽃,0,명사,고유어
3,풀뿌리,0,명사,고유어
3,풀숲,0,명사,고유어
3,풀어내다,0,동사,고유어
3,풀어헤치다,0,동사,고유어
3,풀이하다,0,동사,고유어
3,풀잎,0,명사,고유어
3,풀장,0,명사,혼종어
3,풀풀,1,부사,고유어
3,품위,0,명사,한자어
3,품종,0,명사,한자어
3,품질,3,명사,한자어
3,풍년,0,명사,한자어
3,풍덩,0,부사,고유어
3,풍뎅이,2,명사,고유어
3,풍랑,0,명사,한자어
3,풍습,1,명사,한자어
3,풍차,1,명사,한자어
3,프라이팬,0,명사,외래어
3,프랑스,2,명사,외래어
3,프로,1,의존명사,외래어
3,프로젝트,0,명사,외래어
3,프로펠러,0,명사,외래어
3,프린터,0,명사,외래어
3,플래시,0,명사,외래어
3,플러그,0,명사,외래어
3,피난,0,명사,한자어
3,피난민,0,명사,한자어
3,피난하다,0,동사,혼종어
3,피라미드,0,명사,외래어
3,피로감,0,명사,한자어
3,피로하다,2,형용사,혼종어
3,피멍,0,명사,고유어
3,피부색,0,명사,한자어
3,피시,3,명사,외래어
3,피시방,0,명사,혼종어
3,피식,0,부사,고유어
3,피신하다,0,동사,혼종어
3,피어오르다,0,동사,고유어
3,피클,0,명사,외래어
3,핀셋,0,명사,외래어
3,필기구,0,명사,한자어
3,필름,0,명사,외래어
3,필수품,0,명사,한자어
3,필터,0,명사,외래어
3,하계,5,명사,한자어
3,하교하다,1,동사,혼종어
3,하기야,0,부사,고유어
3,하녀,0,명사,한자어
3,하늘빛,0,명사,고유어
3,하다못해,0,부사,고유어
3,하락,0,명사,한자어
3,하루아침,0,명사,고유어
3,하류,1,명사,한자어
3,하모니카,0,명사,외래어
3,하산,0,명사,한자어
3,하수,3,명사,한자어
3,하수도,0,명사,한자어
3,하위권,0,명사,한자어
3,하이라이트,0,명사,외래어
3,하찮다,0,형용사,고유어
3,하천,2,명사,한자어
3,하체,2,명사,한자어
3,하키,0,명사,외래어
3,학비,0,명사,한자어
3,학생회,0,명사,한자어
3,학생회장,0,명사,한자어
3,학예회,0,명사,한자어
3,학용품,0,명사,한자어
3,한,6,명사,한자어
3,한가롭다,0,형용사,혼종어
3,한가지,0,명사,고유어
3,한결같다,0,형용사,고유어
3,한계,0,명사,한자어
3,한국적,0,명사/관형사,한자어
3,한군데,0,명사,고유어
3,한글날,0,명사,고유어
3,한낮,0,명사,고유어
3,한눈,3,명사,고유어
3,한눈팔다,0,동사,고유어
3,한데,1,명사,고유어
3,한둘,0,명사/수사,고유어
3,한라산,0,명사,한자어
3,한몫,0,명사,고유어
3,한민족,2,명사,한자어
3,한반도,0,명사,한자어
3,한발,1,부사,고유어
3,한방,2,명사,한자어
3,한산하다,3,형용사,혼종어
3,한술,0,명사,고유어
3,한식,2,명사,한자어
3,한식,4,명사,한자어
3,한의사,0,명사,한자어
3,한의원,0,명사,한자어
3,한의학,0,명사,한자어
3,한인,4,명사,한자어
3,한자어,0,명사,한자어
3,한잔,0,명사,혼종어
3,한정되다,0,동사,혼종어
3,한집,0,명사,고유어
3,한층,0,부사,혼종어
3,할머님,0,명사,고유어
3,할멈,0,명사,고유어
3,할아버님,0,명사,고유어
3,함,1,명사,한자어
3,함박눈,0,명사,고유어
3,함성,2,명사,한자어
3,합동,1,명사,한자어
3,합법적,0,명사/관형사,한자어
3,합성,1,명사,한자어
3,합세하다,0,동사,혼종어
3,합심하다,0,동사,혼종어
3,합주,1,명사,한자어
3,합창하다,1,동사,혼종어
3,항공,0,명사,한자어
3,항공기,0,명사,한자어
3,항구,3,명사,한자어
3,항목,0,명사,한자어
3,항복,0,명사,한자어
3,항해,2,명사,한자어
3,항해하다,0,동사,혼종어
3,해결사,0,명사,한자어
3,해고,2,명사,한자어
3,해군,1,명사,한자어
3,해녀,0,명사,한자어
3,해독,4,명사,한자어
3,해돋이,0,명사,고유어
3,해마,0,명사,한자어
3,해방,5,명사,한자어
3,해방되다,0,동사,혼종어
3,해병대,0,명사,한자어
3,해부,3,명사,한자어
3,해부하다,2,동사,혼종어
3,해산물,0,명사,한자어
3,해산하다,2,동사,혼종어
3,해상,2,명사,한자어
3,해석되다,0,동사,혼종어
3,해설자,0,명사,한자어
3,해설하다,2,동사,혼종어
3,해안가,0,명사,혼종어
3,해안선,0,명사,한자어
3,해일,3,명사,한자어
3,해장국,0,명사,혼종어
3,해저,1,명사,한자어
3,해충,0,명사,한자어
3,핵,0,명사,한자어
3,핵심적,0,명사/관형사,한자어
3,햅쌀,0,명사,고유어
3,햇곡식,0,명사,혼종어
3,햇과일,0,명사,고유어
3,행,1,명사,한자어
3,행동거지,0,명사,한자어
3,행성,2,명사,한자어
3,행인,1,명사,한자어
3,행진곡,0,명사,한자어
3,행진하다,2,동사,혼종어
3,행하다,0,동사,혼종어
3,향상,1,명사,한자어
3,향상되다,0,동사,혼종어
3,허가되다,0,동사,혼종어
3,허가하다,0,동사,혼종어
3,허공,2,명사/수사/관형사,한자어
3,허덕이다,0,동사,고유어
3,허둥지둥,0,부사,고유어
3,허락되다,0,동사,혼종어
3,허름하다,0,형용사,고유어
3,허무,0,명사,한자어
3,허무하다,0,형용사,혼종어
3,허물,1,명사,고유어
3,허세,0,명사,한자어
3,허술하다,0,형용사,고유어
3,허약하다,2,형용사,혼종어
3,허용,0,명사,한자어
3,허용되다,0,동사,혼종어
3,허용하다,0,동사,혼종어
3,허우적거리다,0,동사,고유어
3,허파,0,명사,고유어
3,허허,2,감탄사,고유어
3,헉헉,0,부사,고유어
3,헌신,0,명사,한자어
3,헌책,1,명사,혼종어
3,헌혈,0,명사,한자어
3,헐값,0,명사,혼종어
3,헐다,2,동사,고유어
3,헐떡거리다,0,동사,고유어
3,헐뜯다,0,동사,고유어
3,헐렁하다,0,형용사,고유어
3,험상궂다,0,형용사,혼종어
3,헛되다,0,형용사,고유어
3,헛디디다,0,동사,고유어
3,헛소문,0,명사,혼종어
3,헛수고,0,명사,고유어
3,헝클어지다,0,동사,고유어
3,헤,1,부사,고유어
3,헤다,1,동사,고유어
3,헤어나다,0,동사,고유어
3,헤엄,0,명사,고유어
3,헬기,0,명사,혼종어
3,헬멧,0,명사,외래어
3,헬스,0,명사,외래어
3,혀끝,0,명사,고유어
3,현,4,관형사,한자어
3,현기증,0,명사,한자어
3,현란하다,2,형용사,혼종어
3,현명하다,1,형용사,혼종어
3,현미,1,명사,한자어
3,현미경,0,명사,한자어
3,현수막,0,명사,한자어
3,현실적,0,명사/관형사,한자어
3,현충일,0,명사,한자어
3,혈압,0,명사,한자어
3,혈액,0,명사,한자어
3,혈액형,0,명사,한자어
3,혐오하다,2,동사,혼종어
3,협동심,0,명사,한자어
3,협정,0,명사,한자어
3,협회,0,명사,한자어
3,형광등,0,명사,한자어
3,형벌,0,명사,한자어
3,형사,2,명사,한자어
3,형성,1,명사,한자어
3,형제간,0,명사,한자어
3,형제자매,0,명사,한자어
3,형체,0,명사,한자어
3,형태,0,명사,한자어
3,형편,1,명사,한자어
3,형편없다,0,형용사,혼종어
3,호,2,감탄사,고유어
3,호감,0,명사,한자어
3,호강,1,명사,고유어
3,호되다,0,형용사,고유어
3,호두,1,명사,고유어
3,호두과자,0,명사,혼종어
3,호떡,0,명사,혼종어
3,호루라기,0,명사,고유어
3,호박전,0,명사,혼종어
3,호박죽,0,명사,혼종어
3,호소,1,명사,한자어
3,호숫가,0,명사,혼종어
3,호위,3,명사,한자어
3,호응,0,명사,한자어
3,호주,6,명사,한자어
3,호주머니,0,명사,혼종어
3,호출,0,명사,한자어
3,호출하다,0,동사,혼종어
3,호칭,2,명사,한자어
3,호탕하다,2,형용사,혼종어
3,호통,1,명사,고유어
3,호프,1,명사,외래어
3,호화롭다,0,형용사,혼종어
3,호흡기,2,명사,한자어
3,호흡하다,0,동사,혼종어
3,혹평,0,명사,한자어
3,혼동,2,명사,한자어
3,혼동하다,0,동사,혼종어
3,혼례,0,명사,한자어
3,혼미하다,0,형용사,혼종어
3,혼인,0,명사,한자어
3,혼인하다,0,동사,혼종어
3,혼잡하다,0,형용사,혼종어
3,혼쭐,0,명사,혼종어
3,혼합,0,명사,한자어
3,혼합되다,0,동사,혼종어
3,홀,4,명사,외래어
3,홀가분하다,0,형용사,고유어
3,홀랑,0,부사,고유어
3,홀짝홀짝,0,부사,고유어
3,홈,1,명사,고유어
3,홍,3,명사,한자어
3,홍당무,2,명사,혼종어
3,홍시,0,명사,한자어
3,홍차,0,명사,혼종어
3,화끈,0,부사,고유어
3,화끈거리다,0,동사,고유어
3,화끈하다,0,동사/형용사,고유어
3,화단,3,명사,한자어
3,화들짝,0,부사,고유어
3,화력,0,명사,한자어
3,화로,0,명사,한자어
3,화목,2,명사,한자어
3,화물,0,명사,한자어
3,화물차,0,명사,한자어
3,화보,5,명사,한자어
3,화사하다,2,형용사,혼종어
3,화음,1,명사,한자어
3,화장대,0,명사,한자어
3,화장하다,1,동사,혼종어
3,화창하다,0,형용사,혼종어
3,화채,2,명사,한자어
3,화초,4,명사,한자어
3,화풀이,0,명사,혼종어
3,화풀이하다,0,동사,혼종어
3,화합,2,명사,한자어
3,화합하다,2,동사,혼종어
3,확고하다,0,형용사,혼종어
3,확대,2,명사,한자어
3,확률,0,명사,한자어
3,확산,0,명사,한자어
3,확산되다,0,동사,혼종어
3,확성기,0,명사,한자어
3,확장,0,명사,한자어
3,확장되다,0,동사,혼종어
3,확장하다,0,동사,혼종어
3,확정,2,명사,한자어
3,확정하다,2,동사,혼종어
3,확확,0,부사,고유어
3,환경미화원,0,명사,한자어
3,환경적,0,명사/관형사,한자어
3,환불,2,명사,한자어
3,환장하다,0,동사,혼종어
3,환호,4,명사,한자어
3,환호하다,3,동사,혼종어
3,환히,0,부사,고유어
3,활달하다,0,형용사,혼종어
3,활동적,0,명사/관형사,한자어
3,활력,0,명사,한자어
3,활쏘기,0,명사,고유어
3,활약,0,명사,한자어
3,활약하다,0,동사,혼종어
3,활용되다,0,동사,혼종어
3,홧김,0,명사,혼종어
3,황금빛,0,명사,혼종어
3,황새,0,명사,고유어
3,황폐하다,2,동사,혼종어
3,황후,0,명사,한자어
3,횃불,0,명사,고유어
3,회관,0,명사,한자어
3,회비,2,명사,한자어
3,회상,2,명사,한자어
3,회상하다,2,동사,혼종어
3,회색빛,0,명사,혼종어
3,회오리,0,명사,고유어
3,회원,0,명사,한자어
3,회의장,0,명사,한자어
3,회전문,0,명사,한자어
3,회전하다,3,동사,혼종어
3,회초리,0,명사,고유어
3,회피하다,0,동사,혼종어
3,획,2,명사,한자어
3,획득하다,0,동사,혼종어
3,횟집,2,명사,혼종어
3,횡단,0,명사,한자어
3,횡설수설,0,명사,한자어
3,횡설수설하다,0,동사,혼종어
3,효녀,0,명사,한자어
3,효심,0,명사,한자어
3,후각,4,명사,한자어
3,후계자,0,명사,한자어
3,후끈후끈하다,0,동사/형용사,고유어
3,후덥지근하다,0,형용사,고유어
3,후들거리다,0,동사,고유어
3,후들후들,0,부사,고유어
3,후려치다,0,동사,고유어
3,후렴,3,명사,한자어
3,후문,3,명사,한자어
3,후보자,0,명사,한자어
3,후비다,0,동사,고유어
3,후세,0,명사,한자어
3,후식,0,명사,한자어
3,후줄근하다,0,형용사,고유어
3,후진,4,명사,한자어
3,후진국,0,명사,한자어
3,후진하다,0,동사,혼종어
3,후텁지근하다,0,형용사,고유어
3,후회되다,0,동사,혼종어
3,훈련되다,0,동사,혼종어
3,훈련소,0,명사,한자어
3,훈민정음,0,명사,한자어
3,훈장,5,명사,한자어
3,훈화,2,명사,한자어
3,훈훈하다,1,형용사,혼종어
3,훌러덩,0,부사,고유어
3,훌훌,1,부사,고유어
3,훑어보다,0,동사,고유어
3,훔쳐보다,0,동사,고유어
3,훗날,0,명사,혼종어
3,훤히,0,부사,고유어
3,훨훨,0,부사,고유어
3,훼방,0,명사,한자어
3,훼손,0,명사,한자어
3,휘둘리다,0,동사,고유어
3,휘둥그레지다,0,동사,고유어
3,휘몰아치다,0,동사,고유어
3,휘어잡다,0,동사,고유어
3,휘어지다,0,동사,고유어
3,휘청거리다,0,동사,고유어
3,휩쓸다,0,동사,고유어
3,휩쓸리다,0,동사,고유어
3,휭,0,부사,고유어
3,휴업,0,명사,한자어
3,휴전선,0,명사,한자어
3,흉년,0,명사,한자어
3,흉보다,0,동사,고유어
3,흉악하다,0,형용사,혼종어
3,흉하다,0,형용사,혼종어
3,흉흉하다,0,형용사,혼종어
3,흐느끼다,0,동사,고유어
3,흐느적거리다,0,동사,고유어
3,흐물흐물,0,부사,고유어
3,흐지부지,0,부사,고유어
3,흐흐,0,부사,고유어
3,흑흑,0,부사,고유어
3,흔들의자,0,명사,혼종어
3,흔들흔들,0,부사,고유어
3,흔쾌히,0,부사,혼종어
3,흘겨보다,0,동사,고유어
3,흘깃,0,부사,고유어
3,흘깃흘깃,0,부사,고유어
3,흘끔,1,부사,고유어
3,흘끔흘끔,0,부사,고유어
3,흘끗,0,부사,고유어
3,흘러들다,0,동사,고유어
3,흘러오다,0,동사,고유어
3,흙더미,0,명사,고유어
3,흙먼지,0,명사,고유어
3,흙바닥,0,명사,고유어
3,흙집,0,명사,고유어
3,흙투성이,0,명사,고유어
3,흠,2,감탄사,고유어
3,흠뻑,0,부사,고유어
3,흠집,0,명사,혼종어
3,흡수,2,명사,한자어
3,흡수되다,0,동사,혼종어
3,흡수하다,2,동사,혼종어
3,흡족하다,0,형용사,혼종어
3,흥얼거리다,0,동사,고유어
3,흥하다,0,동사,혼종어
3,흩날리다,0,동사,고유어
3,희귀하다,0,형용사,혼종어
3,희망자,0,명사,한자어
3,희뿌옇다,0,형용사,고유어
3,흰나비,0,명사,고유어
3,히,1,부사,고유어
3,히터,0,명사,외래어
3,히트,0,명사,외래어
3,힐끔,0,부사,고유어
3,힐끔거리다,0,동사,고유어
3,힐끔힐끔,0,부사,고유어
3,힐끗,0,부사,고유어
3,힘겨루기,0,명사,고유어
3,힘들이다,0,동사,고유어
3,힘입다,0,동사,고유어
4,가건물,0,명사,한자어
4,가계,8,명사,한자어
4,가곡,1,명사,한자어
4,가곡집,0,명사,한자어
4,가공되다,0,동사,혼종어
4,가공식품,0,명사,한자어
4,가공업,0,명사,한자어
4,가공하다,1,동사,혼종어
4,가관,2,명사,한자어
4,가구점,0,명사,한자어
4,가급적,0,명사/부사,한자어
4,가냘프다,0,형용사,고유어
4,가녀리다,0,형용사,고유어
4,가느스름하다,0,형용사,고유어
4,가늠,0,명사,고유어
4,가늠하다,0,동사,고유어
4,가담하다,0,동사,혼종어
4,가동,7,명사,한자어
4,가동되다,0,동사,혼종어
4,가득히,0,부사,고유어
4,가뜩하다,0,형용사,고유어
4,가락,1,명사,고유어
4,가락가락,0,부사,고유어
4,가랑잎,1,명사,고유어
4,가련하다,0,형용사,혼종어
4,가령,5,부사,한자어
4,가로놓이다,0,동사,고유어
4,가로대,0,명사,고유어
4,가로젓다,0,동사,고유어
4,가루받이,0,명사,고유어
4,가루비누,0,명사,고유어
4,가루우유,0,명사,혼종어
4,가리개,0,명사,고유어
4,가리비,0,명사,고유어
4,가림막,0,명사,혼종어
4,가마,2,명사,고유어
4,가마,4,명사,고유어
4,가면극,0,명사,한자어
4,가명,3,명사,한자어
4,가무스름하다,0,형용사,고유어
4,가물가물,0,부사,고유어
4,가물거리다,0,동사,고유어
4,가보,4,명사,한자어
4,가봉,3,명사,한자어
4,가산,1,명사,한자어
4,가상,5,명사,한자어
4,가설,4,명사,한자어
4,가세하다,2,동사,혼종어
4,가소롭다,0,형용사,혼종어
4,가속도,0,명사,한자어
4,가솔린,0,명사,외래어
4,가스관,0,명사,혼종어
4,가스버너,0,명사,외래어
4,가스보일러,0,명사,외래어
4,가스오븐레인지,0,명사,외래어
4,가슴둘레,0,명사,고유어
4,가슴뼈,0,명사,고유어
4,가시덤불,0,명사,고유어
4,가시덩굴,0,명사,고유어
4,가시밭,0,명사,고유어
4,가시밭길,0,명사,고유어
4,가업,1,명사,한자어
4,가없다,0,형용사,고유어
4,가열,2,명사,한자어
4,가열되다,0,동사,혼종어
4,가열하다,1,동사,혼종어
4,가엾이,0,부사,고유어
4,가오리연,0,명사,혼종어
4,가요계,0,명사,한자어
4,가운뎃다리,0,명사,고유어
4,가운뎃손가락,0,명사,고유어
4,가위질,0,명사,고유어
4,가을걷이,0,명사,고유어
4,가을맞이,0,명사,고유어
4,가을배추,0,명사,고유어
4,가을벌레,0,명사,고유어
4,가을볕,0,명사,고유어
4,가을비,0,명사,고유어
4,가이,0,명사,한자어
4,가입자,0,명사,한자어
4,가자미,0,명사,고유어
4,가장무도회,0,명사,한자어
4,가장하다,4,동사,혼종어
4,가전제품,0,명사,한자어
4,가정,7,명사,한자어
4,가정생활,0,명사,한자어
4,가정일,0,명사,혼종어
4,가정하다,1,동사,혼종어
4,가족계획,0,명사,한자어
4,가족법,0,명사,한자어
4,가족애,0,명사,한자어
4,가죽신,0,명사,고유어
4,가죽점퍼,0,명사,혼종어
4,가지치기,0,명사,고유어
4,가짓수,0,명사,혼종어
4,가차,0,명사,한자어
4,가책,1,명사,한자어
4,가축우리,0,명사,혼종어
4,가치관,0,명사,한자어
4,가톨릭교,0,명사,혼종어
4,가하다,1,동사,혼종어
4,가혹,0,명사,한자어
4,가혹하다,0,형용사,혼종어
4,각계각층,0,명사,한자어
4,각국,0,명사,한자어
4,각기,2,명사/부사,한자어
4,각기둥,0,명사,혼종어
4,각도기,0,명사,한자어
4,각막,2,명사,한자어
4,각별하다,0,형용사,혼종어
4,각별히,0,부사,혼종어
4,각부,1,명사,한자어
4,각뿔,0,명사,혼종어
4,각서,2,명사,한자어
4,각설탕,0,명사,한자어
4,각시방,0,명사,혼종어
4,각양각색,0,명사,한자어
4,각하,5,명사,한자어
4,간간이,0,부사,혼종어
4,간결하다,0,형용사,혼종어
4,간곡하다,2,형용사,혼종어
4,간곡히,2,부사,혼종어
4,간곳없이,0,부사,고유어
4,간단명료하다,0,형용사,혼종어
4,간담,1,명사,한자어
4,간담회,0,명사,한자어
4,간당간당,0,부사,고유어
4,간들간들,0,부사,고유어
4,간략히,0,부사,혼종어
4,간밤,0,명사,고유어
4,간석지,0,명사,한자어
4,간소하다,3,형용사,혼종어
4,간소화되다,0,동사,혼종어
4,간소화하다,0,동사,혼종어
4,간신배,0,명사,한자어
4,간암,2,명사,한자어
4,간염,0,명사,한자어
4,간이,3,명사,한자어
4,간장,3,명사,한자어
4,간장독,0,명사,혼종어
4,간질간질하다,0,형용사/동사,고유어
4,간척지,0,명사,한자어
4,간첩,1,명사,한자어
4,간첩선,0,명사,한자어
4,간청하다,0,동사,혼종어
4,간파,0,명사,한자어
4,간파하다,0,동사,혼종어
4,간헐적,0,명사/관형사,한자어
4,갈고리,0,명사,고유어
4,갈기,1,명사,고유어
4,갈등하다,0,동사,혼종어
4,갈래갈래,0,부사,고유어
4,갈무리,0,명사,고유어
4,갈무리하다,0,동사,고유어
4,갈채,0,명사,한자어
4,갈퀴,0,명사,고유어
4,감각적,0,명사/관형사,한자어
4,감금,0,명사,한자어
4,감금되다,0,동사,혼종어
4,감내하다,0,동사,혼종어
4,감독관,0,명사,한자어
4,감량,1,명사,한자어
4,감면,2,명사,한자어
4,감미롭다,0,형용사,혼종어
4,감미료,0,명사,한자어
4,감사패,0,명사,한자어
4,감상,1,명사,한자어
4,감색,2,명사,한자어
4,감소되다,0,동사,혼종어
4,감속,0,명사,한자어
4,감수성,2,명사,한자어
4,감수하다,1,동사,혼종어
4,감시원,0,명사,한자어
4,감옥신세,0,명사,한자어
4,감자조림,0,명사,고유어
4,감전되다,2,동사,혼종어
4,감점,0,명사,한자어
4,감정,10,명사,한자어
4,감초,2,명사,한자어
4,감촉,0,명사,한자어
4,감축,1,명사,한자어
4,감치다,2,동사,고유어
4,감칠맛,0,명사,고유어
4,감탄사,0,명사,한자어
4,감행하다,0,동사,혼종어
4,갑작스레,0,부사,고유어
4,갑질,0,명사,혼종어
4,갑판,0,명사,한자어
4,값나가다,0,동사,고유어
4,값있다,0,형용사,고유어
4,강경하다,3,형용사,혼종어
4,강낭콩,0,명사,고유어
4,강단,3,명사,한자어
4,강대하다,1,형용사,혼종어
4,강도,5,명사,한자어
4,강둑,0,명사,혼종어
4,강바닥,0,명사,혼종어
4,강바람,2,명사,혼종어
4,강세,3,명사,한자어
4,강수량,0,명사,한자어
4,강습회,0,명사,한자어
4,강압,2,명사,한자어
4,강압적,0,명사/관형사,한자어
4,강연회,0,명사,한자어
4,강요,1,명사,한자어
4,강요받다,0,동사,혼종어
4,강우량,0,명사,한자어
4,강자,3,명사,한자어
4,강점기,0,명사,한자어
4,강제성,0,명사,한자어
4,강좌,0,명사,한자어
4,강줄기,0,명사,혼종어
4,강철판,0,명사,한자어
4,강추위,2,명사,혼종어
4,강타하다,0,동사,혼종어
4,강풍,4,명사,한자어
4,강행하다,0,동사,혼종어
4,개과천선,0,명사,한자어
4,개관식,0,명사,한자어
4,개교일,0,명사,한자어
4,개교하다,2,동사,혼종어
4,개구리밥,0,명사,고유어
4,개국,1,의존 명사,한자어
4,개떡,0,명사,고유어
4,개똥밭,0,명사,고유어
4,개막되다,0,동사,혼종어
4,개명,2,명사,한자어
4,개미핥기,0,명사,고유어
4,개방,3,명사,한자어
4,개방되다,0,동사,혼종어
4,개방적,0,명사/관형사,한자어
4,개별,0,명사,한자어
4,개봉,2,명사,한자어
4,개봉되다,0,동사,혼종어
4,개선,1,명사,한자어
4,개선되다,1,동사,혼종어
4,개선하다,1,동사,혼종어
4,개설하다,2,동사,혼종어
4,개시하다,5,동사,혼종어
4,개신교,0,명사,한자어
4,개연성,0,명사,한자어
4,개울물,0,명사,고유어
4,개의하다,1,동사,혼종어
4,개인별,0,명사,한자어
4,개인전,1,명사,한자어
4,개인전,2,명사,한자어
4,개인주의,0,명사,한자어
4,개인차,0,명사,한자어
4,개입,0,명사,한자어
4,개입하다,0,동사,혼종어
4,개장사,0,명사,고유어
4,개정,2,명사,한자어
4,개정되다,1,동사,혼종어
4,개정하다,2,동사,혼종어
4,개찰구,0,명사,한자어
4,개척되다,0,동사,혼종어
4,개척자,0,명사,한자어
4,개천,1,명사,혼종어
4,개천가,0,명사,혼종어
4,개체,2,명사,한자어
4,개최,0,명사,한자어
4,개최지,0,명사,한자어
4,개키다,0,동사,고유어
4,개털,0,명사,고유어
4,개통,0,명사,한자어
4,개펄,0,명사,고유어
4,개편,1,명사,한자어
4,개표,3,명사,한자어
4,개표소,2,명사,한자어
4,개항,0,명사,한자어
4,개헌,0,명사,한자어
4,개혁,0,명사,한자어
4,개혁하다,0,동사,혼종어
4,개화,3,명사,한자어
4,개화기,2,명사,한자어
4,개화파,0,명사,한자어
4,개회,3,명사,한자어
4,개회식,0,명사,한자어
4,객관,3,명사,한자어
4,객관적,0,명사/관형사,한자어
4,갤러리,0,명사,외래어
4,갯마을,0,명사,고유어
4,갯지렁이,0,명사,고유어
4,갱신,2,명사,한자어
4,갸륵하다,1,형용사,고유어
4,갸륵히,1,부사,고유어
4,갸름하다,0,형용사,고유어
4,갸웃하다,0,형용사/동사,고유어
4,거꾸러지다,0,동사,고유어
4,거닐다,0,동사,고유어
4,거동,3,명사,한자어
4,거드럭거리다,0,동사,고유어
4,거들먹거리다,0,동사,고유어
4,거듭,0,부사,고유어
4,거듭나다,0,동사,고유어
4,거듭되다,0,동사,고유어
4,거듭하다,0,동사,고유어
4,거란,0,명사,고유어
4,거래,1,명사,한자어
4,거래되다,0,동사,혼종어
4,거래하다,0,동사,혼종어
4,거론되다,0,동사,혼종어
4,거룩하다,0,형용사,고유어
4,거룩히,0,부사,고유어
4,거름기,0,명사,혼종어
4,거름종이,0,명사,고유어
4,거름통,0,명사,혼종어
4,거름흙,0,명사,고유어
4,거리거리,0,명사,고유어
4,거리낌,0,명사,고유어
4,거무스름하다,0,형용사,고유어
4,거무죽죽하다,0,형용사,고유어
4,거무튀튀하다,0,형용사,고유어
4,거문고,0,명사,고유어
4,거문고자리,0,명사,고유어
4,거뭇거뭇,0,부사,고유어
4,거봐라,0,감탄사,고유어
4,거부권,0,명사,한자어
4,거사,9,명사,한자어
4,거세지다,0,동사,고유어
4,거울삼다,0,동사,고유어
4,거저먹기,0,명사,고유어
4,거적,1,명사,고유어
4,거점,0,명사,한자어
4,거중기,0,명사,한자어
4,거즈,0,명사,외래어
4,거짓되다,0,형용사,고유어
4,거짓말투성이,0,명사,고유어
4,거참,0,감탄사,고유어
4,거창하다,0,형용사,혼종어
4,거추장스럽다,0,형용사,고유어
4,거침없이,0,부사,고유어
4,걱정스레,0,부사,고유어
4,건강식,0,명사,한자어
4,건강식품,0,명사,한자어
4,건너다니다,0,동사,고유어
4,건너다보다,0,동사,고유어
4,건너서다,0,동사,고유어
4,건너지르다,0,동사,고유어
4,건널목,0,명사,고유어
4,건넛마을,0,명사,고유어
4,건넛집,0,명사,고유어
4,건달,0,명사,한자어
4,건들건들,0,부사,고유어
4,건립,0,명사,한자어
4,건립하다,0,동사,혼종어
4,건설업,0,명사,한자어
4,건설업자,0,명사,한자어
4,건수,1,명사,한자어
4,건어물,0,명사,한자어
4,건의하다,1,동사,혼종어
4,건장하다,0,형용사,혼종어
4,건전하다,0,형용사,혼종어
4,건조,4,명사,한자어
4,건조기,2,명사,한자어
4,건조대,0,명사,한자어
4,건조제,0,명사,한자어
4,건초,1,명사,한자어
4,건축되다,1,동사,혼종어
4,건축미,0,명사,한자어
4,건축사,1,명사,한자어
4,건축술,0,명사,한자어
4,건축업,0,명사,한자어
4,건포도,0,명사,한자어
4,걷어붙이다,0,동사,고유어
4,걷어치우다,0,동사,고유어
4,걸그물,0,명사,고유어
4,걸레질하다,0,동사,고유어
4,걸리다,3,동사,고유어
4,걸리적거리다,0,동사,고유어
4,걸맞다,0,형용사,고유어
4,걸쇠,1,명사,고유어
4,걸작,0,명사,한자어
4,검댕,0,명사,고유어
4,검도,2,명사,한자어
4,검둥개,0,명사,고유어
4,검둥이,0,명사,고유어
4,검문,0,명사,한자어
4,검문소,0,명사,한자어
4,검불,0,명사,고유어
4,검붉다,0,형용사,고유어
4,검사,2,명사,한자어
4,검사기,0,명사,한자어
4,검산,3,명사,한자어
4,검산하다,0,동사,혼종어
4,검색어,0,명사,한자어
4,검색하다,0,동사,혼종어
4,검소하다,0,형용사,혼종어
4,검역,0,명사,한자어
4,검은깨,1,명사,고유어
4,검정깨,0,명사,고유어
4,검정말,1,명사,고유어
4,검정콩,0,명사,고유어
4,검증,0,명사,한자어
4,검증하다,0,동사,혼종어
4,검찰청,0,명사,한자어
4,검출되다,0,동사,혼종어
4,검푸르다,0,형용사,고유어
4,겅중겅중,0,부사,고유어
4,겉감,0,명사,고유어
4,겉껍질,0,명사,고유어
4,겉넓이,0,명사,고유어
4,겉면,0,명사,혼종어
4,게거품,0,명사,고유어
4,게시,2,명사,한자어
4,게시되다,0,동사,혼종어
4,게시물,0,명사,한자어
4,게시하다,0,동사,혼종어
4,게양대,0,명사,한자어
4,게양되다,0,동사,혼종어
4,게을리,0,부사,고유어
4,게이트,0,명사,외래어
4,겨드랑,0,명사,고유어
4,겨레말,0,명사,고유어
4,겨루기,0,명사,고유어
4,겨를,0,의존명사,고유어
4,겨울나기,0,명사,고유어
4,겨울눈,0,명사,고유어
4,겨울비,0,명사,고유어
4,겨울새,0,명사,고유어
4,겨자씨,0,명사,고유어
4,격렬하다,0,형용사,혼종어
4,격리,0,명사,한자어
4,격리되다,0,동사,혼종어
4,격분하다,1,동사,혼종어
4,격언,0,명사,한자어
4,격전,0,명사,한자어
4,격전지,0,명사,한자어
4,격조,1,명사,한자어
4,격퇴하다,0,동사,혼종어
4,격투,1,명사,한자어
4,격투,2,명사,한자어
4,격투하다,1,동사,혼종어
4,견문,1,명사,한자어
4,견우,3,명사,한자어
4,견적,0,명사,한자어
4,견제,0,명사,한자어
4,견주다,0,동사,고유어
4,견직물,0,명사,한자어
4,견해,2,명사,한자어
4,결단력,0,명사,한자어
4,결론짓다,0,동사,혼종어
4,결리다,1,동사,고유어
4,결막염,0,명사,한자어
4,결백,0,명사,한자어
4,결백하다,0,형용사,혼종어
4,결사대,0,명사,한자어
4,결사적,0,명사/관형사,한자어
4,결산,0,명사,한자어
4,결산서,0,명사,한자어
4,결석생,0,명사,한자어
4,결성하다,0,동사,혼종어
4,결속력,0,명사,한자어
4,결손,0,명사,한자어
4,결식,0,명사,한자어
4,결의,1,명사,한자어
4,결재,1,명사,한자어
4,결전,1,명사,한자어
4,결점,0,명사,한자어
4,결정,2,명사,한자어
4,결정체,0,명사,한자어
4,결제,1,명사,한자어
4,결투,0,명사,한자어
4,결핍,0,명사,한자어
4,결핍되다,0,동사,혼종어
4,결합되다,0,동사,혼종어
4,결핵,0,명사,한자어
4,겸연쩍다,0,형용사,혼종어
4,겹겹이,0,부사,고유어
4,겹다,0,형용사,고유어
4,겹받침,0,명사,고유어
4,겹집,0,명사,고유어
4,경건하다,2,형용사,혼종어
4,경계,3,명사,한자어
4,경계망,0,명사,한자어
4,경고문,0,명사,한자어
4,경공업,0,명사,한자어
4,경과,4,명사,한자어
4,경관,4,명사,한자어
4,경내,0,명사,한자어
4,경력,2,명사,한자어
4,경련,2,명사,한자어
4,경례하다,0,동사,혼종어
4,경로,2,명사,한자어
4,경로석,0,명사,한자어
4,경로잔치,0,명사,혼종어
4,경마,6,명사,한자어
4,경매,3,명사,한자어
4,경보기,0,명사,한자어
4,경부선,0,명사,한자어
4,경비대,0,명사,한자어
4,경비하다,0,동사,혼종어
4,경사로,0,명사,한자어
4,경사면,0,명사,한자어
4,경사스럽다,0,형용사,혼종어
4,경영,2,명사,한자어
4,경영자,1,명사,한자어
4,경운기,0,명사,한자어
4,경이롭다,0,형용사,혼종어
4,경작,0,명사,한자어
4,경작지,0,명사,한자어
4,경작하다,0,동사,혼종어
4,경쟁력,0,명사,한자어
4,경쟁심,0,명사,한자어
4,경쟁적,0,명사/관형사,한자어
4,경제력,0,명사,한자어
4,경제면,0,명사,한자어
4,경제생활,0,명사,한자어
4,경지,6,명사,한자어
4,경직되다,0,동사,혼종어
4,경찰국,0,명사,한자어
4,경찰권,0,명사,한자어
4,경찰청,0,명사,한자어
4,경청,1,명사,한자어
4,경축,1,명사,한자어
4,경축하다,0,동사,혼종어
4,경쾌하다,0,형용사,혼종어
4,경포대,0,명사,한자어
4,경향,2,명사,한자어
4,경험자,0,명사,한자어
4,경호원,0,명사,한자어
4,곁눈,1,명사,고유어
4,계급장,0,명사,한자어
4,계단식,0,명사,한자어
4,계란빵,0,명사,혼종어
4,계란형,0,명사,한자어
4,계량,1,명사,한자어
4,계량기,0,명사,한자어
4,계량스푼,0,명사,혼종어
4,계량컵,0,명사,혼종어
4,계몽,0,명사,한자어
4,계몽하다,0,동사,혼종어
4,계발,0,명사,한자어
4,계승되다,0,동사,혼종어
4,계시,6,명사,한자어
4,계엄,0,명사,한자어
4,계엄군,0,명사,한자어
4,계엄령,0,명사,한자어
4,계열,0,명사,한자어
4,계절풍,0,명사,한자어
4,계주,8,명사,한자어
4,계집애,0,명사,고유어
4,계측하다,0,동사,혼종어
4,계층,0,명사,한자어
4,계통,1,명사,한자어
4,고갈,1,명사,한자어
4,고갈되다,0,동사,혼종어
4,고갯길,0,명사,고유어
4,고갯마루,0,명사,고유어
4,고갯짓,0,명사,고유어
4,고교,4,명사,한자어
4,고구마튀김,0,명사,고유어
4,고급품,0,명사,한자어
4,고기,2,대명사,고유어
4,고기반찬,0,명사,혼종어
4,고기볶음,0,명사,고유어
4,고기압,0,명사,한자어
4,고기잡이배,0,명사,고유어
4,고깃국,0,명사,고유어
4,고깃배,0,명사,고유어
4,고까,0,명사,고유어
4,고꾸라지다,0,동사,고유어
4,고뇌,0,명사,한자어
4,고누,0,명사,고유어
4,고니,0,명사,고유어
4,고다음,0,명사,고유어
4,고도,6,명사,한자어
4,고도,8,명사,한자어
4,고동,1,명사,고유어
4,고동색,0,명사,한자어
4,고되다,0,형용사,고유어
4,고둥,0,명사,고유어
4,고등어조림,0,명사,고유어
4,고랑,1,의존 명사/명사,고유어
4,고랭지,0,명사,한자어
4,고러다,0,동사,고유어
4,고렇다,0,형용사,고유어
4,고려,1,명사,한자어
4,고려되다,1,동사,혼종어
4,고려자기,0,명사,한자어
4,고려장,0,명사,한자어
4,고려청자,0,명사,한자어
4,고려하다,1,동사,혼종어
4,고령,2,명사,한자어
4,고령토,0,명사,한자어
4,고령화,0,명사,한자어
4,고름,2,명사,고유어
4,고리하다,0,동사,고유어
4,고막,2,명사,한자어
4,고모님,0,명사,혼종어
4,고모부님,0,명사,혼종어
4,고목,1,명사,한자어
4,고목나무,1,명사,혼종어
4,고무공,0,명사,고유어
4,고무관,0,명사,혼종어
4,고무나무,0,명사,고유어
4,고무망치,0,명사,고유어
4,고무보트,0,명사,혼종어
4,고무신짝,0,명사,고유어
4,고무줄놀이,0,명사,고유어
4,고무창,0,명사,고유어
4,고무호스,0,명사,혼종어
4,고물,1,명사,고유어
4,고물상,0,명사,한자어
4,고뿔,0,명사,고유어
4,고사,9,명사,한자어
4,고산,4,명사,한자어
4,고상하다,2,형용사,혼종어
4,고서,1,명사,한자어
4,고성,12,명사,한자어
4,고성능,0,명사,한자어
4,고스란히,0,부사,고유어
4,고시,3,명사,한자어
4,고심,2,명사,한자어
4,고심하다,0,동사,혼종어
4,고안,1,명사,한자어
4,고안하다,0,동사,혼종어
4,고온,2,명사,한자어
4,고용,2,명사,한자어
4,고용하다,2,동사,혼종어
4,고원,2,명사,한자어
4,고위,4,명사,한자어
4,고위급,0,명사,한자어
4,고유어,0,명사,한자어
4,고의,8,명사,한자어
4,고이다,2,동사,고유어
4,고인돌,0,명사,고유어
4,고자질,0,명사,혼종어
4,고자질하다,0,동사,혼종어
4,고적,1,명사,한자어
4,고정하다,1,동사,고유어
4,고조되다,2,동사,혼종어
4,고조선,1,명사,한자어
4,고주파,0,명사,한자어
4,고즈넉하다,0,형용사,고유어
4,고지,5,명사,한자어
4,고지,11,명사,한자어
4,고지식하다,0,형용사,고유어
4,고진감래,0,명사,한자어
4,고집쟁이,0,명사,혼종어
4,고철,2,명사,한자어
4,고체,3,명사,한자어
4,고쳐먹다,0,동사,고유어
4,고추냉이,0,명사,고유어
4,고하다,1,동사,혼종어
4,고함치다,0,동사,혼종어
4,곡류,2,명사,한자어
4,곡면,0,명사,한자어
4,곡명,0,명사,한자어
4,곡목,2,명사,한자어
4,곡소리,0,명사,혼종어
4,곡예,0,명사,한자어
4,곡조,0,명사,한자어
4,곤경,0,명사,한자어
4,곤두박질,0,명사,고유어
4,곤두서다,0,동사,고유어
4,곤두세우다,0,동사,고유어
4,곤봉,0,명사,한자어
4,곤욕,0,명사,한자어
4,곤장,0,명사,한자어
4,곤지,1,명사,고유어
4,곤하다,0,형용사,혼종어
4,곧은길,0,명사,고유어
4,곧이듣다,0,동사,고유어
4,곧이어,0,부사,고유어
4,곧추세우다,0,동사,고유어
4,골,1,명사,고유어
4,골다공증,0,명사,한자어
4,골동품,0,명사,한자어
4,골목대장,0,명사,혼종어
4,골무,0,명사,고유어
4,골문,0,명사,혼종어
4,골뱅이,0,명사,고유어
4,골수,0,명사,한자어
4,골절,1,명사,한자어
4,골절상,0,명사,한자어
4,골판지,0,명사,혼종어
4,곪다,0,동사,고유어
4,곯다,1,동사,고유어
4,곯다,2,동사,고유어
4,곯아떨어지다,0,동사,고유어
4,곰보,0,명사,고유어
4,곰보빵,0,명사,고유어
4,곱셈표,0,명사,혼종어
4,곱씹다,0,동사,고유어
4,공간적,0,명사/관형사,한자어
4,공감대,0,명사,한자어
4,공개되다,0,동사,혼종어
4,공고,2,명사,한자어
4,공고문,0,명사,한자어
4,공고히,0,부사,혼종어
4,공공사업,0,명사,한자어
4,공공시설,0,명사,한자어
4,공공연히,0,부사,혼종어
4,공공장소,0,명사,한자어
4,공공질서,0,명사,한자어
4,공과금,0,명사,한자어
4,공급량,0,명사,한자어
4,공급원,0,명사,한자어
4,공급하다,0,동사,혼종어
4,공기업,2,명사,한자어
4,공단,1,명사,한자어
4,공동변소,0,명사,한자어
4,공동생활,0,명사,한자어
4,공들다,0,동사,혼종어
4,공략하다,2,동사,혼종어
4,공명,3,명사,한자어
4,공명정대하다,0,형용사,혼종어
4,공모,1,명사,한자어
4,공모전,0,명사,한자어
4,공무,2,명사,한자어
4,공방,4,명사,한자어
4,공배수,0,명사,한자어
4,공복,4,명사,한자어
4,공사비,0,명사,한자어
4,공사판,0,명사,혼종어
4,공산군,0,명사,한자어
4,공산주의자,0,명사,한자어
4,공설,1,명사,한자어
4,공세,2,명사,한자어
4,공소,4,명사,한자어
4,공수,13,명사,한자어
4,공습,2,명사,한자어
4,공식적,0,명사/관형사,한자어
4,공신,2,명사,한자어
4,공약수,0,명사,한자어
4,공양미,0,명사,한자어
4,공업국,0,명사,한자어
4,공업용,0,명사,한자어
4,공업용수,0,명사,한자어
4,공업화,0,명사,한자어
4,공연회,0,명사,한자어
4,공영,1,명사,한자어
4,공예품,0,명사,한자어
4,공용,1,명사,한자어
4,공용어,0,명사,한자어
4,공원,1,명사,한자어
4,공이,1,명사,고유어
4,공작물,0,명사,한자어
4,공적,4,명사,한자어
4,공전하다,1,동사,혼종어
4,공정,2,명사,한자어
4,공정성,0,명사,한자어
4,공존,0,명사,한자어
4,공존하다,0,동사,혼종어
4,공주병,0,명사,한자어
4,공중도덕,0,명사,한자어
4,공중제비,0,명사,혼종어
4,공증인,0,명사,한자어
4,공지,4,명사,한자어
4,공청회,0,명사,한자어
4,공통분모,0,명사,한자어
4,공판장,0,명사,한자어
4,공평히,0,부사,혼종어
4,공포,1,명사,한자어
4,공포물,0,명사,한자어
4,공포심,0,명사,한자어
4,공포증,0,명사,한자어
4,공학,1,명사,한자어
4,공학자,0,명사,한자어
4,공항버스,0,명사,혼종어
4,공허하다,2,형용사,혼종어
4,공헌,2,명사,한자어
4,공헌하다,0,동사,혼종어
4,공화국,1,명사,한자어
4,공황,2,명사,한자어
4,공회전,0,명사,한자어
4,과,10,명사,한자어
4,과감성,0,명사,한자어
4,과감히,1,부사,혼종어
4,과거,1,명사,한자어
4,과녁판,0,명사,혼종어
4,과다하다,1,형용사,혼종어
4,과대,2,명사,한자어
4,과도,1,명사,한자어
4,과도하다,1,형용사,혼종어
4,과로하다,0,동사,혼종어
4,과민,0,명사,한자어
4,과반수,0,명사,한자어
4,과부,2,명사,한자어
4,과속,0,명사,한자어
4,과식,1,명사,한자어
4,과식하다,1,동사,혼종어
4,과실,1,명사,한자어
4,과실,2,명사,한자어
4,과언,1,명사,한자어
4,과업,0,명사,한자어
4,과열,1,명사,한자어
4,과열되다,0,동사,혼종어
4,과외하다,0,동사,혼종어
4,과잉,0,명사,한자어
4,과즙,0,명사,한자어
4,과체중,0,명사,한자어
4,과학계,0,명사,한자어
4,과학성,0,명사,한자어
4,과학화,0,명사,한자어
4,과학화되다,0,동사,혼종어
4,관가,1,명사,한자어
4,관계,2,명사,한자어
4,관계식,0,명사,한자어
4,관공서,0,명사,한자어
4,관광업,0,명사,한자어
4,관군,1,명사,한자어
4,관대하다,2,형용사,혼종어
4,관람료,0,명사,한자어
4,관람석,0,명사,한자어
4,관련성,0,명사,한자어
4,관련자,0,명사,한자어
4,관례,3,명사,한자어
4,관리되다,0,동사,혼종어
4,관리소,0,명사,한자어
4,관리원,0,명사,한자어
4,관리자,0,명사,한자어
4,관목,3,명사,한자어
4,관문,6,명사,한자어
4,관복,1,명사,한자어
4,관상용,0,명사,한자어
4,관세,3,명사,한자어
4,관세청,0,명사,한자어
4,관습,0,명사,한자어
4,관습적,0,명사/관형사,한자어
4,관심거리,0,명사,혼종어
4,관아,2,명사,한자어
4,관악,1,명사,한자어
4,관악기,0,명사,한자어
4,관여,0,명사,한자어
4,관용어,0,명사,한자어
4,관음보살,0,명사,한자어
4,관절염,0,명사,한자어
4,관점,2,명사,한자어
4,관제,1,명사,한자어
4,관제묘,0,명사,한자어
4,관중석,0,명사,한자어
4,관찰되다,0,동사,혼종어
4,관찰력,0,명사,한자어
4,관찰자,0,명사,한자어
4,관철,1,명사,한자어
4,관측되다,0,동사,혼종어
4,관측소,0,명사,한자어
4,관측자,0,명사,한자어
4,관측하다,0,동사,혼종어
4,관통하다,0,동사,혼종어
4,관할,0,명사,한자어
4,관할하다,0,동사,혼종어
4,관현악단,0,명사,한자어
4,관형사,0,명사,한자어
4,관혼상제,0,명사,한자어
4,괄괄하다,0,형용사,고유어
4,광,1,명사,고유어
4,광고비,0,명사,한자어
4,광고주,0,명사,한자어
4,광고지,0,명사,한자어
4,광공업,0,명사,한자어
4,광대뼈,0,명사,고유어
4,광명,2,명사,한자어
4,광물질,0,명사,한자어
4,광복되다,0,동사,혼종어
4,광산,1,명사,한자어
4,광산촌,0,명사,한자어
4,광석,0,명사,한자어
4,광선,1,명사,한자어
4,광신,0,명사,한자어
4,광야,0,명사,한자어
4,광업,2,명사,한자어
4,광역시,0,명사,한자어
4,광원,1,명사,한자어
4,광주리,1,명사,고유어
4,광채,2,명사,한자어
4,광택,2,명사,한자어
4,광합성,0,명사,한자어
4,광화문,0,명사,한자어
4,광활하다,0,형용사,혼종어
4,괘종시계,0,명사,한자어
4,괭이질,0,명사,고유어
4,괴다,3,동사,고유어
4,괴뢰,0,명사,한자어
4,괴상망측하다,0,형용사,혼종어
4,괴상하다,1,형용사,혼종어
4,굄돌,0,명사,고유어
4,교과목,0,명사,한자어
4,교단,3,명사,한자어
4,교대,2,명사,한자어
4,교대하다,0,동사,혼종어
4,교도,3,명사,한자어
4,교만하다,0,형용사,혼종어
4,교양,2,명사,한자어
4,교역,1,명사,한자어
4,교역하다,0,동사,혼종어
4,교외,2,명사,한자어
4,교육부,0,명사,한자어
4,교육세,0,명사,한자어
4,교육장,2,명사,한자어
4,교재원,0,명사,한자어
4,교정,5,명사,한자어
4,교제하다,0,동사,혼종어
4,교주,6,명사,한자어
4,교차하다,1,동사,혼종어
4,교칙,1,명사,한자어
4,교통난,0,명사,한자어
4,교통로,0,명사,한자어
4,교통망,0,명사,한자어
4,교통순경,0,명사,한자어
4,교통안전,0,명사,한자어
4,교통질서,0,명사,한자어
4,교통편,0,명사,한자어
4,교포,2,명사,한자어
4,교향곡,0,명사,한자어
4,교향악,0,명사,한자어
4,교향악단,0,명사,한자어
4,교환,2,명사,한자어
4,교황청,0,명사,한자어
4,교회당,0,명사,한자어
4,교훈,1,명사,한자어
4,구기자,0,명사,한자어
4,구김살,0,명사,고유어
4,구도,4,명사,한자어
4,구도,10,명사,한자어
4,구독료,0,명사,한자어
4,구들,0,명사,고유어
4,구령,2,명사,한자어
4,구름다리,0,명사,고유어
4,구름판,1,명사,혼종어
4,구릿빛,0,명사,고유어
4,구멍가게,0,명사,고유어
4,구민,3,명사,한자어
4,구부정하다,0,형용사,고유어
4,구비,3,명사,한자어
4,구상,8,명사,한자어
4,구상하다,2,동사,혼종어
4,구석기,0,명사,한자어
4,구속,2,명사,한자어
4,구속되다,0,동사,혼종어
4,구속력,0,명사,한자어
4,구속하다,1,동사,혼종어
4,구술하다,1,동사,혼종어
4,구슬땀,0,명사,고유어
4,구슬프다,0,형용사,고유어
4,구식,5,명사,한자어
4,구실,1,명사,고유어
4,구실,2,명사,한자어
4,구애,2,명사,한자어
4,구애,3,명사,한자어
4,구연,3,명사,한자어
4,구연동화,0,명사,한자어
4,구원,5,명사,한자어
4,구장,12,명사,한자어
4,구전,1,명사,한자어
4,구절초,0,명사,한자어
4,구제하다,1,동사,혼종어
4,구조되다,0,동사,혼종어
4,구조물,0,명사,한자어
4,구차하다,2,형용사,혼종어
4,구청장,0,명사,한자어
4,구축,3,명사,한자어
4,구축되다,1,동사,혼종어
4,구현,4,명사,한자어
4,구현하다,3,동사,혼종어
4,구형,2,명사,한자어
4,구호,4,명사,한자어
4,구획,0,명사,한자어
4,국가,2,명사,한자어
4,국가적,0,명사/관형사,한자어
4,국권,0,명사,한자어
4,국내산,0,명사,한자어
4,국내선,0,명사,한자어
4,국내외,0,명사,한자어
4,국도,4,명사,한자어
4,국무,2,명사,한자어
4,국무총리,0,명사,한자어
4,국민성,0,명사,한자어
4,국민의례,0,명사,한자어
4,국방부,0,명사,한자어
4,국방비,0,명사,한자어
4,국번,0,명사,한자어
4,국법,0,명사,한자어
4,국보급,0,명사,한자어
4,국산품,0,명사,한자어
4,국세청,0,명사,한자어
4,국수장국,0,명사,혼종어
4,국악기,0,명사,한자어
4,국악인,0,명사,한자어
4,국어학,0,명사,한자어
4,국영,0,명사,한자어
4,국위,2,명사,한자어
4,국장,1,명사,한자어
4,국정,1,명사,한자어
4,국제공항,0,명사,한자어
4,국제기구,0,명사,한자어
4,국제어,0,명사,한자어
4,국호,0,명사,한자어
4,국회,0,명사,한자어
4,군가,0,명사,한자어
4,군것질하다,0,동사,고유어
4,군경,1,명사,한자어
4,군기,1,명사,한자어
4,군단,1,명사,한자어
4,군더더기,0,명사,고유어
4,군만두,0,명사,혼종어
4,군무,3,명사,한자어
4,군민,3,명사,한자어
4,군복,0,명사,한자어
4,군부대,0,명사,한자어
4,군불,0,명사,고유어
4,군사비,0,명사,한자어
4,군사적,0,명사/관형사,한자어
4,군소리,0,명사,고유어
4,군수,3,명사,한자어
4,군수품,0,명사,한자어
4,군용,1,명사,한자어
4,군의관,0,명사,한자어
4,군졸,1,명사,한자어
4,굳은살,0,명사,고유어
4,굴레,1,명사,고유어
4,굴복하다,1,동사,혼종어
4,굴욕적,0,명사/관형사,한자어
4,굴절,1,명사,한자어
4,굴절되다,0,동사,혼종어
4,굴하다,0,동사,혼종어
4,굵다랗다,0,형용사,고유어
4,굵은소금,0,명사,고유어
4,굶기다,0,동사,고유어
4,굼실굼실,0,부사,고유어
4,굽,0,명사,고유어
4,굽실굽실,0,부사,고유어
4,굽어보다,0,동사,고유어
4,굽이,0,명사,고유어
4,굽이굽이,0,명사/부사,고유어
4,굽이치다,0,동사,고유어
4,굿판,0,명사,고유어
4,굿하다,0,동사,고유어
4,궁극,0,명사,한자어
4,궁극적,0,명사/관형사,한자어
4,궁상,4,명사,한자어
4,궁상맞다,0,형용사,혼종어
4,궁수,1,명사,한자어
4,궁지,2,명사,한자어
4,궁체,2,명사,한자어
4,궁합,1,명사,한자어
4,궂다,2,형용사,고유어
4,궂은비,0,명사,고유어
4,권세,0,명사,한자어
4,권위,0,명사,한자어
4,권위자,0,명사,한자어
4,권익,0,명사,한자어
4,권장되다,0,동사,혼종어
4,궐내,0,명사,한자어
4,궤,3,명사,한자어
4,궤양,0,명사,한자어
4,궤짝,0,명사,혼종어
4,귀감,1,명사,한자어
4,귀금속,0,명사,한자어
4,귀농,0,명사,한자어
4,귀담아듣다,0,동사,고유어
4,귀띔하다,0,동사,고유어
4,귀부인,2,명사,한자어
4,귀순,0,명사,한자어
4,귀순하다,0,동사,혼종어
4,귀양,1,명사,고유어
4,귀양살이,0,명사,고유어
4,귀엣말,0,명사,고유어
4,귀중,1,명사,한자어
4,귀지,1,명사,고유어
4,귀청,1,명사,고유어
4,귀퉁이,0,명사,고유어
4,귀하,0,대명사/명사,한자어
4,귀향,1,명사,한자어
4,귀향하다,0,동사,혼종어
4,귀화하다,2,동사,혼종어
4,귀환,0,명사,한자어
4,귓등,0,명사,고유어
4,귓바퀴,0,명사,고유어
4,귓병,0,명사,혼종어
4,귓전,0,명사,고유어
4,규격,0,명사,한자어
4,규암,0,명사,한자어
4,규율,0,명사,한자어
4,규제,0,명사,한자어
4,규칙성,0,명사,한자어
4,규합하다,0,동사,혼종어
4,균등하다,0,형용사,혼종어
4,균열,2,명사,한자어
4,균형적,0,명사/관형사,한자어
4,그간,0,명사,혼종어
4,그길로,0,부사,고유어
4,그끄저께,0,명사/부사,고유어
4,그냥저냥,0,부사,고유어
4,그득,0,부사,고유어
4,그득하다,0,형용사,고유어
4,그라운드,0,명사,외래어
4,그래,3,품사 없음,고유어
4,그래픽,0,명사,외래어
4,그러게,0,부사/감탄사,고유어
4,그렁그렁,1,부사,고유어
4,그루갈이,0,명사,고유어
4,그루터기,0,명사,고유어
4,그르다,0,형용사/동사,고유어
4,그릇되다,0,동사,고유어
4,그리기,0,명사,고유어
4,그리도,0,부사,고유어
4,그리되다,0,동사,고유어
4,그리마,0,명사,고유어
4,그림엽서,0,명사,혼종어
4,그림판,1,명사,혼종어
4,그만하다,2,형용사,고유어
4,그물망,1,명사,혼종어
4,그믐날,0,명사,고유어
4,그믐달,0,명사,고유어
4,그새,0,명사,고유어
4,그야,0,부사,고유어
4,그윽하다,0,형용사,고유어
4,그을다,0,동사,고유어
4,그을리다,2,동사,고유어
4,그을음,0,명사,고유어
4,그이,0,대명사,고유어
4,그자,0,대명사,혼종어
4,그즈음,0,명사,고유어
4,그지없다,0,형용사,고유어
4,그지없이,0,부사,고유어
4,극,3,명사/수사/관형사,한자어
4,극구,2,부사,한자어
4,극단,2,명사,한자어
4,극도,1,명사,한자어
4,극락,0,명사,한자어
4,극복되다,0,동사,혼종어
4,극비,2,명사,한자어
4,극성,5,명사,한자어
4,극심하다,0,형용사,혼종어
4,극지방,0,명사,한자어
4,극진히,0,부사,혼종어
4,극치,4,명사,한자어
4,극한,1,명사,한자어
4,근거지,0,명사,한자어
4,근거하다,0,동사,혼종어
4,근검,2,명사,한자어
4,근검하다,2,형용사,혼종어
4,근교,0,명사,한자어
4,근대,2,명사,한자어
4,근대식,0,명사,한자어
4,근대적,0,명사/관형사,한자어
4,근대화,0,명사,한자어
4,근대화되다,0,동사,혼종어
4,근래,0,명사,한자어
4,근력,1,명사,한자어
4,근면,0,명사,한자어
4,근면성,0,명사,한자어
4,근면하다,0,형용사,혼종어
4,근본,0,명사/부사,한자어
4,근시,3,명사,한자어
4,근심스럽다,0,형용사,고유어
4,근심하다,1,동사,고유어
4,근엄하다,0,형용사,혼종어
4,근원,0,명사,한자어
4,근육통,0,명사,한자어
4,근절,1,명사,한자어
4,근접하다,1,동사,혼종어
4,근해,1,명사,한자어
4,글감,0,명사,고유어
4,글공부,0,명사,혼종어
4,글라디올러스,0,명사,외래어
4,글라이더,0,명사,외래어
4,글방,0,명사,혼종어
4,글썽거리다,0,동사,고유어
4,글썽글썽,0,부사,고유어
4,글썽글썽하다,0,형용사/동사,고유어
4,글썽이다,0,동사,고유어
4,글자체,0,명사,혼종어
4,글재주,0,명사,고유어
4,긁적거리다,0,동사,고유어
4,긁적이다,0,동사,고유어
4,금가락지,0,명사,혼종어
4,금강석,0,명사,한자어
4,금관,1,명사,한자어
4,금궤,0,명사,한자어
4,금년,0,명사,한자어
4,금니,1,명사,혼종어
4,금돈,0,명사,혼종어
4,금메달리스트,0,명사,혼종어
4,금모래,0,명사,혼종어
4,금박지,0,명사,한자어
4,금발,0,명사,한자어
4,금방울,0,명사,혼종어
4,금새,0,명사,고유어
4,금성,3,명사,한자어
4,금속판,1,명사,한자어
4,금수강산,0,명사,한자어
4,금실,3,명사,한자어
4,금융,0,명사,한자어
4,금융가,0,명사,한자어
4,금융업,0,명사,한자어
4,금은방,0,명사,한자어
4,금은보석,0,명사,한자어
4,금잔디,0,명사,혼종어
4,금주,1,명사,한자어
4,금지령,0,명사,한자어
4,금탑,0,명사,한자어
4,금하다,2,동사,혼종어
4,금호,0,명사,한자어
4,금화,2,명사,한자어
4,급급하다,2,형용사,혼종어
4,급기야,0,부사,한자어
4,급류,1,명사,한자어
4,급변하다,0,동사,혼종어
4,급부상하다,0,동사,혼종어
4,급상승하다,0,동사,혼종어
4,급선무,0,명사,한자어
4,급속하다,0,형용사,혼종어
4,급수,2,명사,한자어
4,급식비,0,명사,한자어
4,급식소,0,명사,한자어
4,급여,0,명사,한자어
4,급우,2,명사,한자어
4,급정거,0,명사,한자어
4,급제,0,명사,한자어
4,급제하다,0,동사,혼종어
4,급증,2,명사,한자어
4,긍정,0,명사,한자어
4,기계적,0,명사/관형사,한자어
4,기계톱,0,명사,혼종어
4,기계화,0,명사,한자어
4,기계화되다,0,동사,혼종어
4,기계화하다,0,동사,혼종어
4,기고만장하다,0,형용사/동사,혼종어
4,기관,10,명사,한자어
4,기관실,2,명사,한자어
4,기관장,0,명사,한자어
4,기관지,1,명사,한자어
4,기관지염,0,명사,한자어
4,기구표,0,명사,한자어
4,기금,2,명사,한자어
4,기내,2,명사,한자어
4,기내식,0,명사,한자어
4,기네스북,0,명사,외래어
4,기념물,0,명사,한자어
4,기념비,0,명사,한자어
4,기념탑,0,명사,한자어
4,기능,1,명사,한자어
4,기대서다,0,동사,고유어
4,기도,1,명사,한자어
4,기도하다,1,동사,혼종어
4,기독교인,0,명사,한자어
4,기동성,0,명사,한자어
4,기량,1,명사,한자어
4,기록지,0,명사,한자어
4,기록화,0,명사,한자어
4,기류,3,명사,한자어
4,기름때,0,명사,고유어
4,기름종이,0,명사,고유어
4,기리다,0,동사,고유어
4,기마,1,명사,한자어
4,기마병,0,명사,한자어
4,기묘하다,0,형용사,혼종어
4,기미,4,명사,한자어
4,기백,1,명사,한자어
4,기법,1,명사,한자어
4,기별,1,명사,한자어
4,기본권,0,명사,한자어
4,기본기,0,명사,한자어
4,기본법,2,명사,한자어
4,기본예절,0,명사,한자어
4,기본자세,0,명사,한자어
4,기본형,0,명사,한자어
4,기삿거리,0,명사,혼종어
4,기상,5,명사,한자어
4,기상하다,2,동사,혼종어
4,기색,2,명사,한자어
4,기생,1,명사,한자어
4,기생충병,0,명사,한자어
4,기선,2,명사,한자어
4,기세,1,명사,한자어
4,기세등등하다,0,형용사,혼종어
4,기수,21,명사,한자어
4,기술력,0,명사,한자어
4,기술적,1,명사/관형사,한자어
4,기술직,0,명사,한자어
4,기슭,0,명사,고유어
4,기습,2,명사,한자어
4,기습하다,0,동사,혼종어
4,기승,2,명사,한자어
4,기아,3,명사,한자어
4,기악,3,명사,한자어
4,기악곡,0,명사,한자어
4,기압,2,명사,한자어
4,기압계,3,명사,한자어
4,기약,4,명사,한자어
4,기약하다,2,동사,혼종어
4,기업가,1,명사,한자어
4,기여,2,명사,한자어
4,기왕에,0,부사,혼종어
4,기우뚱,0,부사,고유어
4,기우뚱하다,0,형용사/동사,고유어
4,기우제,0,명사,한자어
4,기운,3,명사,한자어
4,기울기,0,명사,고유어
4,기웃,0,부사,고유어
4,기원,2,명사,한자어
4,기원,5,명사,한자어
4,기원전,0,명사,한자어
4,기원하다,1,동사,혼종어
4,기일,5,명사,한자어
4,기입하다,0,동사,혼종어
4,기장,11,명사,한자어
4,기재되다,0,동사,혼종어
4,기재하다,1,동사,혼종어
4,기적,2,명사,한자어
4,기점,1,명사,한자어
4,기존,0,명사,한자어
4,기준량,0,명사,한자어
4,기준점,0,명사,한자어
4,기준치,0,명사,한자어
4,기중기,0,명사,한자어
4,기척,1,명사,고유어
4,기초하다,3,동사,혼종어
4,기타,1,명사,한자어
4,기틀,0,명사,고유어
4,기포,1,명사,한자어
4,기품,2,명사,한자어
4,기풍,3,명사,한자어
4,기피,0,명사,한자어
4,기행문,0,명사,한자어
4,기형아,0,명사,한자어
4,기호,3,명사,한자어
4,기호품,0,명사,한자어
4,기후도,0,명사,한자어
4,기후표,0,명사,한자어
4,긴급하다,0,형용사,혼종어
4,긴긴,0,관형사,고유어
4,긴밀하다,0,형용사,혼종어
4,긴박감,0,명사,한자어
4,길,5,의존명사,고유어
4,길라잡이,0,명사,고유어
4,길모퉁이,0,명사,고유어
4,길손,0,명사,고유어
4,길쌈,0,명사,고유어
4,길이길이,0,부사,고유어
4,김,2,명사,고유어
4,김구이,0,명사,고유어
4,김빠지다,0,동사,고유어
4,김장철,0,명사,고유어
4,김장하다,0,동사,고유어
4,김칫거리,0,명사,고유어
4,깃,3,명사,고유어
4,깃대,2,명사,혼종어
4,깃들이다,0,동사,고유어
4,깃봉,0,명사,혼종어
4,까까머리,0,명사,고유어
4,까까중머리,0,명사,고유어
4,까끌까끌하다,0,형용사,고유어
4,까딱까딱,1,부사,고유어
4,까마득히,0,부사,고유어
4,까무러치다,0,동사,고유어
4,까옥,0,부사,고유어
4,까옥까옥,0,부사,고유어
4,까치밥,0,명사,고유어
4,까칠까칠하다,0,형용사,고유어
4,까투리,0,명사,고유어
4,깍깍,0,부사,고유어
4,깍듯하다,0,형용사,고유어
4,깎아지르다,0,형용사,고유어
4,깐깐하다,0,형용사,고유어
4,깔개,0,명사,고유어
4,깔깔대다,0,동사,고유어
4,깔깔하다,2,형용사,고유어
4,깔끄럽다,0,형용사,고유어
4,깔때기,1,명사,고유어
4,깜깜히,0,부사,고유어
4,깜박거리다,0,동사,고유어
4,깜박깜박,0,부사,고유어
4,깜박이다,0,동사,고유어
4,깜빡이다,0,동사,고유어
4,깜장,0,명사,고유어
4,깡충거리다,0,동사,고유어
4,깨갱,0,부사,고유어
4,깨소금,0,명사,고유어
4,깨치다,1,동사,고유어
4,꺼벙이,0,명사,고유어
4,꺼이꺼이,0,부사,고유어
4,꺼칠꺼칠하다,0,형용사,고유어
4,꺾꽂이,0,명사,고유어
4,꺾꽂이하다,0,동사,고유어
4,껄껄하다,1,동사,고유어
4,껌벅이다,0,동사,고유어
4,께름칙하다,0,형용사,고유어
4,꼬깃꼬깃,0,부사,고유어
4,꼬까신,0,명사,고유어
4,꼬꾜,0,부사,고유어
4,꼬랑지,0,명사,고유어
4,꼬리잡기,0,명사,고유어
4,꼬리지느러미,0,명사,고유어
4,꼬리표,0,명사,혼종어
4,꼬막,0,명사,고유어
4,꼬물거리다,0,동사,고유어
4,꼬물꼬물,0,부사,고유어
4,꼬부랑,1,명사,고유어
4,꼬부랑길,0,명사,고유어
4,꼬부리다,0,동사,고유어
4,꼬질꼬질하다,0,형용사,고유어
4,꼬치꼬치,2,부사,고유어
4,꼭두각시놀이,0,명사,고유어
4,꼭짓점,0,명사,혼종어
4,꼴딱,0,부사,고유어
4,꼴뚜기,0,명사,고유어
4,꼴불견,0,명사,혼종어
4,꼼작,0,부사,고유어
4,꼼지락거리다,0,동사,고유어
4,꼼지락꼼지락,0,부사,고유어
4,꼼짝하다,0,동사,고유어
4,꼿꼿이,0,부사,고유어
4,꼿꼿하다,0,형용사,고유어
4,꽁하다,0,형용사/동사,고유어
4,꽃구경,0,명사,고유어
4,꽃길,0,명사,고유어
4,꽃나비,0,명사,고유어
4,꽃놀이,0,명사,고유어
4,꽃눈,0,명사,고유어
4,꽃답다,0,형용사,고유어
4,꽃대,1,명사,고유어
4,꽃등,2,명사,혼종어
4,꽃말,0,명사,고유어
4,꽃망울,0,명사,고유어
4,꽃모종,0,명사,고유어
4,꽃목걸이,0,명사,고유어
4,꽃물,2,명사,고유어
4,꽃바구니,0,명사,고유어
4,꽃반지,0,명사,혼종어
4,꽃비,2,명사,고유어
4,꽃사슴,0,명사,고유어
4,꽃샘추위,0,명사,고유어
4,꽃술,3,명사,고유어
4,꽃신,0,명사,고유어
4,꽉꽉,0,부사,고유어
4,꾀꼴,0,부사,고유어
4,꾀다,3,동사,고유어
4,꾀부리다,0,동사,고유어
4,꾀죄죄하다,0,형용사,고유어
4,꾀하다,0,동사,고유어
4,꾸깃꾸깃,0,부사,고유어
4,꾸물거리다,0,동사,고유어
4,꾸밈,0,명사,고유어
4,꾸벅,0,부사,고유어
4,꾸부정하다,0,형용사,고유어
4,꾸불꾸불,0,부사,고유어
4,꾸지람하다,0,동사,고유어
4,꿀꺽꿀꺽,0,부사,고유어
4,꿀꿀거리다,2,동사,고유어
4,꿀단지,0,명사,고유어
4,꿀돼지,0,명사,고유어
4,꿇어앉다,0,동사,고유어
4,꿈결,0,명사,고유어
4,꿈길,0,명사,고유어
4,꿈자리,0,명사,고유어
4,꿈쩍하다,0,동사,고유어
4,꿈틀하다,0,동사,고유어
4,꿍꿍이속,0,명사,고유어
4,끄덕,0,부사,고유어
4,끄덕거리다,0,동사,고유어
4,끄덕끄덕,0,부사,고유어
4,끄떡끄떡,0,부사,고유어
4,끄떡없다,0,형용사,고유어
4,끄떡이다,0,동사,고유어
4,끄트머리,0,명사,고유어
4,끈끈이,0,명사,고유어
4,끈끈이주걱,0,명사,고유어
4,끈덕지다,0,형용사,고유어
4,끌끌,1,부사,고유어
4,끔적거리다,0,동사,고유어
4,끙끙대다,0,동사,고유어
4,끝닿다,0,동사,고유어
4,끝머리,0,명사,고유어
4,끝소리,0,명사,고유어
4,끼익,0,부사,고유어
4,끽연,0,명사,한자어
4,낄낄,0,부사,고유어
4,낌새,1,명사,고유어
4,낑낑,0,부사,고유어
4,낑낑거리다,0,동사,고유어
4,낑낑대다,0,동사,고유어
4,나날,0,명사,고유어
4,나노,0,명사,외래어
4,나다니다,0,동사,고유어
4,나동그라지다,0,동사,고유어
4,나라꽃,0,명사,고유어
4,나라님,0,명사,고유어
4,나라말,0,명사,고유어
4,나란하다,0,형용사,고유어
4,나래,2,명사,고유어
4,나루터,0,명사,고유어
4,나막신,0,명사,고유어
4,나무껍질,0,명사,고유어
4,나무늘보,0,명사,고유어
4,나무망치,0,명사,고유어
4,나무뿌리,0,명사,고유어
4,나무줄기,0,명사,고유어
4,나무집,0,명사,고유어
4,나무판자,0,명사,혼종어
4,나무하다,0,동사,고유어
4,나뭇결,0,명사,고유어
4,나뭇더미,0,명사,고유어
4,나뭇조각,0,명사,고유어
4,나박김치,0,명사,고유어
4,나발,1,명사,한자어
4,나선형,0,명사,한자어
4,나약하다,0,형용사,혼종어
4,나열되다,0,동사,혼종어
4,나왕,0,명사,한자어
4,나이테,0,명사,고유어
4,나이트클럽,0,명사,외래어
4,나일론,0,명사,외래어
4,나지막이,0,부사,고유어
4,나지막하다,0,형용사,고유어
4,나직이,0,부사,고유어
4,나직하다,1,형용사,고유어
4,나트륨,0,명사,외래어
4,나풀거리다,0,동사,고유어
4,나풀나풀,0,부사,고유어
4,낙농,0,명사,한자어
4,낙농업,0,명사,한자어
4,낙담하다,0,동사,혼종어
4,낙방하다,0,동사,혼종어
4,낙석,0,명사,한자어
4,낙선,0,명사,한자어
4,낙심,0,명사,한자어
4,낙심하다,0,동사,혼종어
4,낙엽송,0,명사,한자어
4,낙인,0,명사,한자어
4,낙태,0,명사,한자어
4,낙하,1,명사,한자어
4,낚시질,0,명사,고유어
4,낚싯대,0,명사,고유어
4,낚싯줄,0,명사,고유어
4,낚이다,0,동사,고유어
4,난,5,명사,한자어
4,난관,2,명사,한자어
4,난데없다,0,형용사,고유어
4,난민,2,명사,한자어
4,난소,1,명사,한자어
4,난시,2,명사,한자어
4,난이도,0,명사,한자어
4,난자,1,명사,한자어
4,난청,0,명사,한자어
4,난해하다,0,형용사,혼종어
4,낟가리,0,명사,고유어
4,낟알,0,명사,고유어
4,날개옷,0,명사,고유어
4,날갯죽지,0,명사,고유어
4,날것,1,명사,고유어
4,날고구마,0,명사,고유어
4,날다람쥐,0,명사,고유어
4,날라리,1,명사,고유어
4,날래다,0,형용사,고유어
4,날름,2,부사,고유어
4,날름거리다,0,동사,고유어
4,날름날름,0,부사,고유어
4,날수,1,명사,혼종어
4,날숨,0,명사,고유어
4,날짐승,0,명사,고유어
4,날치,3,명사,고유어
4,남고,1,명사,한자어
4,남녀별,0,명사,한자어
4,남녘,0,명사,혼종어
4,남달리,0,부사,고유어
4,남대문,0,명사,한자어
4,남도,3,명사,한자어
4,남동,0,명사,한자어
4,남동쪽,0,명사,혼종어
4,남동풍,0,명사,한자어
4,남몰래,0,부사,고유어
4,남문,0,명사,한자어
4,남반구,0,명사,한자어
4,남방,1,명사,한자어
4,남부끄럽다,0,형용사,고유어
4,남북통일,0,명사,한자어
4,남빛,0,명사,혼종어
4,남서,1,명사,한자어
4,남서쪽,0,명사,혼종어
4,남용,0,명사,한자어
4,남정네,0,명사,혼종어
4,남중,1,명사,한자어
4,남청색,0,명사,한자어
4,남침,1,명사,한자어
4,남풍,1,명사,한자어
4,남향,0,명사,한자어
4,납골당,0,명사,한자어
4,납득하다,0,동사,혼종어
4,납땜질,0,명사,고유어
4,납부하다,0,동사,혼종어
4,납세,0,명사,한자어
4,납작납작,2,부사,고유어
4,납작코,0,명사,고유어
4,납치되다,0,동사,혼종어
4,납품하다,0,동사,혼종어
4,낭군,0,명사,한자어
4,낭독,2,명사,한자어
4,낭독회,0,명사,한자어
4,낭랑하다,2,형용사,혼종어
4,낭자,3,명사,한자어
4,낮춤말,0,명사,고유어
4,낯모르다,0,동사,고유어
4,낯빛,0,명사,고유어
4,낯익다,0,형용사,고유어
4,낱권,0,명사,혼종어
4,낱자,2,명사,혼종어
4,낱장,0,명사,혼종어
4,내각,1,명사,한자어
4,내구성,0,명사,한자어
4,내국세,0,명사,한자어
4,내다보이다,0,동사,고유어
4,내달,0,명사,혼종어
4,내동댕이치다,0,동사,고유어
4,내두르다,0,동사,고유어
4,내란,0,명사,한자어
4,내려다보이다,0,동사,고유어
4,내려치다,0,동사,고유어
4,내력,2,명사,한자어
4,내로라하다,0,동사,고유어
4,내륙,0,명사,한자어
4,내리,1,부사,고유어
4,내리긋다,0,동사,고유어
4,내리깔다,0,동사,고유어
4,내리꽂다,0,동사,고유어
4,내리치다,0,동사,고유어
4,내면적,0,명사/관형사,한자어
4,내몰다,0,동사,고유어
4,내몰리다,0,동사,고유어
4,내무반,0,명사,한자어
4,내무부,2,명사,한자어
4,내보다,0,동사,고유어
4,내복약,0,명사,한자어
4,내분,2,명사,한자어
4,내뻗다,0,동사,고유어
4,내숭,0,명사,고유어
4,내시경,0,명사,한자어
4,내신,1,명사,한자어
4,내실,2,명사,한자어
4,내심,1,명사,한자어
4,내어놓다,0,동사,고유어
4,내역,2,명사,한자어
4,내외,1,명사,한자어
4,내외,2,명사,한자어
4,내외분,0,명사,혼종어
4,내적,1,명사/관형사,한자어
4,내젓다,0,동사,고유어
4,내지,1,부사,한자어
4,내지르다,0,동사,고유어
4,내쫓기다,0,동사,고유어
4,내치다,0,동사,고유어
4,내후년,0,명사,한자어
4,낼모레,0,명사/부사,고유어
4,냅다,2,부사,고유어
4,냅킨,0,명사,외래어
4,냇바닥,0,명사,고유어
4,냉각,1,명사,한자어
4,냉각되다,0,동사,혼종어
4,냉각하다,0,동사,혼종어
4,냉국,0,명사,혼종어
4,냉기,0,명사,한자어
4,냉대,1,명사,한자어
4,냉대하다,0,동사,혼종어
4,냉동식품,0,명사,한자어
4,냉랭하다,0,형용사,혼종어
4,냉방병,0,명사,한자어
4,냉수마찰,0,명사,한자어
4,냉잇국,0,명사,고유어
4,냉철하다,0,형용사,혼종어
4,냉탕,0,명사,한자어
4,너그러이,0,부사,고유어
4,너나없이,0,부사,고유어
4,너덜너덜하다,0,형용사/동사,고유어
4,너비,0,명사,고유어
4,너와집,0,명사,고유어
4,너울너울,0,부사,고유어
4,너트,0,명사,외래어
4,너풀거리다,0,동사,고유어
4,넉,0,관형사,고유어
4,넌지시,0,부사,고유어
4,널따랗다,0,형용사,고유어
4,널어놓다,0,동사,고유어
4,널판,0,명사,혼종어
4,넓적다리,0,명사,고유어
4,넘겨다보다,0,동사,고유어
4,넘나들다,0,동사,고유어
4,넘쳐흐르다,0,동사,고유어
4,넙죽,0,부사,고유어
4,넙치,0,명사,고유어
4,네모꼴,0,명사,고유어
4,네쌍둥이,0,명사,혼종어
4,녘,0,의존 명사,고유어
4,노고,3,명사,한자어
4,노골적,0,명사/관형사,한자어
4,노년,0,명사,한자어
4,노닐다,0,동사,고유어
4,노동당,0,명사,한자어
4,노동부,0,명사,한자어
4,노동하다,0,동사,혼종어
4,노래자랑,0,명사,고유어
4,노략질,0,명사,혼종어
4,노르무레하다,0,형용사,고유어
4,노르스름하다,0,형용사,고유어
4,노른자위,0,명사,고유어
4,노릇노릇하다,0,형용사,고유어
4,노리개,0,명사,고유어
4,노발대발,0,명사,한자어
4,노발대발하다,0,동사,혼종어
4,노선,1,명사,한자어
4,노숙,3,명사,한자어
4,노숙자,0,명사,한자어
4,노여움,0,명사,고유어
4,노엽다,0,형용사,고유어
4,노인네,0,명사,혼종어
4,노인장,0,명사,한자어
4,노점,3,명사,한자어
4,노폐물,0,명사,한자어
4,노후,2,명사,한자어
4,녹말,0,명사,한자어
4,녹말풀,0,명사,혼종어
4,녹색등,0,명사,한자어
4,녹슬다,0,동사,혼종어
4,녹아내리다,0,동사,고유어
4,녹아들다,0,동사,고유어
4,녹용,1,명사,한자어
4,녹지,3,명사,한자어
4,녹지대,0,명사,한자어
4,녹초,1,명사,고유어
4,녹황색,0,명사,한자어
4,논길,0,명사,고유어
4,논농사,0,명사,혼종어
4,논둑,0,명사,고유어
4,논리,0,명사,한자어
4,논리적,1,명사/관형사,한자어
4,논문,0,명사,한자어
4,논바닥,0,명사,고유어
4,논설,0,명사,한자어
4,논설문,0,명사,한자어
4,논의,2,명사,한자어
4,논의하다,0,동사,혼종어
4,논일,0,명사,고유어
4,논하다,0,동사,혼종어
4,놀고먹다,0,동사,고유어
4,놀림감,0,명사,고유어
4,놀이판,0,명사,고유어
4,놀잇감,0,명사,고유어
4,놋쇠,0,명사,고유어
4,농가,2,명사,한자어
4,농간,0,명사,한자어
4,농경,0,명사,한자어
4,농경지,0,명사,한자어
4,농구대,0,명사,한자어
4,농기계,0,명사,한자어
4,농림,1,명사,한자어
4,농민군,0,명사,한자어
4,농번기,0,명사,한자어
4,농법,2,명사,한자어
4,농삿집,0,명사,혼종어
4,농수산,0,명사,한자어
4,농수산물,0,명사,한자어
4,농악대,0,명사,한자어
4,농어민,0,명사,한자어
4,농업국,0,명사,한자어
4,농업용수,0,명사,한자어
4,농원,0,명사,한자어
4,농토,0,명사,한자어
4,농협,1,명사,한자어
4,높다랗다,0,형용사,고유어
4,높임,0,명사,고유어
4,높임법,0,명사,혼종어
4,높푸르다,0,형용사,고유어
4,뇌리,0,명사,한자어
4,뇌빈혈,0,명사,한자어
4,뇌염,0,명사,한자어
4,뇌졸중,0,명사,한자어
4,누,2,명사,한자어
4,누그러지다,0,동사,고유어
4,누락되다,0,동사,혼종어
4,누런빛,0,명사,고유어
4,누런색,0,명사,혼종어
4,누렁,0,명사,고유어
4,누렁소,0,명사,고유어
4,누르기,0,명사,고유어
4,누르께하다,0,형용사,고유어
4,누르다,2,형용사,고유어
4,누르스름하다,0,형용사,고유어
4,누에고치,0,명사,고유어
4,누에치기,0,명사,고유어
4,누이다,1,동사,고유어
4,누전,3,명사,한자어
4,누출,0,명사,한자어
4,눅눅하다,0,형용사,고유어
4,눈가리개,0,명사,고유어
4,눈가죽,0,명사,고유어
4,눈두덩,0,명사,고유어
4,눈물겹다,0,형용사,고유어
4,눈물샘,0,명사,고유어
4,눈물짓다,0,동사,고유어
4,눈비,0,명사,고유어
4,눈사태,0,명사,혼종어
4,눈요기,0,명사,혼종어
4,눈웃음,0,명사,고유어
4,눈웃음치다,0,동사,고유어
4,눈인사,0,명사,혼종어
4,눈자위,0,명사,고유어
4,눈짓,0,명사,고유어
4,눈짓하다,0,동사,고유어
4,눌러쓰다,0,동사,고유어
4,눌러앉다,0,동사,고유어
4,뉘다,1,동사,고유어
4,뉘다,2,동사,고유어
4,뉘앙스,0,명사,외래어
4,뉘엿뉘엿,0,부사,고유어
4,뉘우침,0,명사,고유어
4,느닷없이,0,부사,고유어
4,느림보,0,명사,고유어
4,늘그막,0,명사,고유어
4,늘씬하다,2,형용사,고유어
4,능가하다,0,동사,혼종어
4,능구렁이,0,명사,고유어
4,능력자,0,명사,한자어
4,능률,0,명사,한자어
4,능률적,0,명사/관형사,한자어
4,능숙하다,0,형용사,혼종어
4,능청,1,명사,고유어
4,능하다,0,형용사,혼종어
4,능히,0,부사,혼종어
4,늪지대,0,명사,혼종어
4,늴리리야,0,명사,고유어
4,니코틴,0,명사,외래어
4,니크롬선,0,명사,혼종어
4,닢,0,의존 명사,고유어
4,다가앉다,0,동사,고유어
4,다각형,0,명사,한자어
4,다과회,0,명사,한자어
4,다그다,0,동사,고유어
4,다급히,0,부사,혼종어
4,다기,4,명사,한자어
4,다년생,0,명사,한자어
4,다다익선,0,명사,한자어
4,다독거리다,0,동사,고유어
4,다독이다,0,동사,고유어
4,다되다,0,형용사,고유어
4,다듬어지다,0,동사,고유어
4,다듬이질,0,명사,고유어
4,다락,1,명사,고유어
4,다락방,0,명사,혼종어
4,다락집,0,명사,고유어
4,다래,1,명사,고유어
4,다래끼,2,명사,고유어
4,다량,0,명사,한자어
4,다리미질하다,0,동사,고유어
4,다리뼈,0,명사,고유어
4,다리털,0,명사,고유어
4,다림질하다,0,동사,고유어
4,다목적,0,명사,한자어
4,다방면,0,명사,한자어
4,다보탑,0,명사,한자어
4,다사다난하다,0,형용사,혼종어
4,다소간,0,명사/부사,한자어
4,다소곳이,0,부사,고유어
4,다슬기,0,명사,고유어
4,다식,3,명사,한자어
4,다용도,0,명사,한자어
4,다운되다,0,동사,혼종어
4,다운로드,0,명사,외래어
4,다의어,0,명사,한자어
4,다이어리,0,명사,외래어
4,다이얼,0,명사,외래어
4,다이옥신,0,명사,외래어
4,다잡다,0,동사,고유어
4,다정스럽다,0,형용사,혼종어
4,다짜고짜로,0,부사,고유어
4,다큐멘터리,0,명사,외래어
4,다행하다,0,형용사,혼종어
4,다홍빛,0,명사,혼종어
4,다홍색,0,명사,혼종어
4,닥나무,0,명사,고유어
4,단결력,0,명사,한자어
4,단골손님,0,명사,고유어
4,단군,3,명사,한자어
4,단군왕검,0,명사,한자어
4,단기간,0,명사,한자어
4,단기적,0,명사/관형사,한자어
4,단란하다,0,형용사,혼종어
4,단련되다,0,동사,혼종어
4,단막극,1,명사,한자어
4,단면도,0,명사,한자어
4,단발령,1,명사,한자어
4,단상,3,명사,한자어
4,단식,2,명사,한자어
4,단식,3,명사,한자어
4,단아하다,0,형용사,혼종어
4,단언하다,2,동사,혼종어
4,단연,5,부사,한자어
4,단연코,0,부사,혼종어
4,단열,3,명사,한자어
4,단옷날,0,명사,혼종어
4,단음계,0,명사,한자어
4,단일,1,명사,한자어
4,단일어,0,명사,한자어
4,단일팀,0,명사,혼종어
4,단장,7,명사,한자어
4,단장되다,0,동사,혼종어
4,단절되다,3,동사,혼종어
4,단정히,0,부사,혼종어
4,단청,0,명사,한자어
4,단체장,0,명사,한자어
4,단체전,0,명사,한자어
4,단출하다,0,형용사,고유어
4,단층,2,명사,한자어
4,단칸방,0,명사,혼종어
4,단칼,0,명사,혼종어
4,단합,0,명사,한자어
4,단행하다,3,동사,혼종어
4,단호하다,0,형용사,혼종어
4,단호히,0,부사,혼종어
4,달가닥,0,부사,고유어
4,달걀귀신,0,명사,혼종어
4,달걀말이,0,명사,고유어
4,달걀부침,0,명사,고유어
4,달걀찜,0,명사,고유어
4,달걀형,0,명사,혼종어
4,달걀흰자,0,명사,고유어
4,달구경,0,명사,고유어
4,달그락거리다,0,동사,고유어
4,달그락달그락,0,부사,고유어
4,달달,1,부사,고유어
4,달달하다,0,동사,고유어
4,달동네,0,명사,혼종어
4,달래,1,명사,고유어
4,달리다,2,동사,고유어
4,달리다,3,동사,고유어
4,달맞이하다,0,동사,고유어
4,달성되다,0,동사,혼종어
4,달음박질,0,명사,고유어
4,달음질치다,0,동사,고유어
4,달짝지근하다,0,형용사,고유어
4,달큼하다,0,형용사,고유어
4,달하다,0,동사,혼종어
4,닭조림,0,명사,고유어
4,닭튀김,0,명사,고유어
4,닮음,0,명사,고유어
4,담당관,0,명사,한자어
4,담대하다,0,형용사,혼종어
4,담력,0,명사,한자어
4,담뱃대,0,명사,고유어
4,담뱃불,0,명사,고유어
4,담비,1,명사,고유어
4,담아내다,0,동사,고유어
4,담임하다,0,동사,혼종어
4,담쟁이,1,명사,고유어
4,담쟁이덩굴,0,명사,고유어
4,담판하다,0,동사,혼종어
4,담화,3,명사,한자어
4,담화문,0,명사,한자어
4,답례,0,명사,한자어
4,답례하다,0,동사,혼종어
4,답사,4,명사,한자어
4,답사하다,4,동사,혼종어
4,닷새,0,명사,고유어
4,당,12,명사,한자어
4,당구장,0,명사,한자어
4,당나라,0,명사,혼종어
4,당뇨,0,명사,한자어
4,당도하다,1,동사,혼종어
4,당면,3,명사,한자어
4,당분,2,명사,한자어
4,당선인,0,명사,한자어
4,당첨되다,0,동사,혼종어
4,닻,0,명사,고유어
4,대가,3,명사,한자어
4,대가,6,명사,한자어
4,대강당,0,명사,한자어
4,대걸레,0,명사,고유어
4,대게,0,명사,고유어
4,대견스레,0,부사,고유어
4,대관람차,0,명사,한자어
4,대교,4,명사,한자어
4,대구,1,명사,한자어
4,대국,2,명사,한자어
4,대군,1,명사,한자어
4,대굴대굴,0,부사,고유어
4,대금,3,명사,한자어
4,대기권,0,명사,한자어
4,대기업,0,명사,한자어
4,대놓고,0,부사,고유어
4,대뇌,0,명사,한자어
4,대담,3,명사,한자어
4,대담하다,1,형용사,혼종어
4,대대,2,명사,한자어
4,대대손손,0,명사,한자어
4,대대적,0,명사/관형사,한자어
4,대동여지도,0,명사,한자어
4,대두,2,명사,한자어
4,대등하다,2,형용사,혼종어
4,대뜸,0,부사,고유어
4,대란,0,명사,한자어
4,대련,4,명사,한자어
4,대령,2,명사,한자어
4,대령하다,0,동사,혼종어
4,대롱,1,명사,고유어
4,대롱거리다,0,동사,고유어
4,대륙성,0,명사,한자어
4,대리,2,명사,한자어
4,대리,4,명사,한자어
4,대리점,0,명사,한자어
4,대립되다,0,동사,혼종어
4,대마초,0,명사,한자어
4,대명사,2,명사,한자어
4,대목,1,명사,고유어
4,대문자,0,명사,한자어
4,대물림하다,0,동사,혼종어
4,대바구니,0,명사,고유어
4,대번,1,부사,고유어
4,대번에,0,부사,고유어
4,대법관,0,명사,한자어
4,대법원,0,명사,한자어
4,대변인,0,명사,한자어
4,대변하다,2,동사,혼종어
4,대보름날,0,명사,혼종어
4,대북,2,명사,한자어
4,대비되다,0,동사,혼종어
4,대비책,0,명사,한자어
4,대비하다,3,동사,혼종어
4,대사,4,명사,한자어
4,대사,10,명사,한자어
4,대사관,0,명사,한자어
4,대상물,0,명사,한자어
4,대선배,0,명사,한자어
4,대설,0,명사,한자어
4,대성당,0,명사,한자어
4,대세,1,명사,한자어
4,대소변,0,명사,한자어
4,대수,1,명사,고유어
4,대수롭다,0,형용사,고유어
4,대수술,0,명사,한자어
4,대승리,0,명사,한자어
4,대신,1,명사,한자어
4,대안,3,명사,한자어
4,대양,1,명사,한자어
4,대여점,0,명사,한자어
4,대외적,0,명사/관형사,한자어
4,대용,3,명사,한자어
4,대위,2,명사,한자어
4,대응되다,0,동사,혼종어
4,대응책,0,명사,한자어
4,대입,2,명사,한자어
4,대입하다,0,동사,혼종어
4,대자보,0,명사,한자어
4,대자연,0,명사,한자어
4,대작전,0,명사,한자어
4,대장,6,명사,한자어
4,대장간,0,명사,혼종어
4,대장경,2,명사,한자어
4,대장균,0,명사,한자어
4,대장부,0,명사,한자어
4,대장암,0,명사,한자어
4,대장장이,0,명사,고유어
4,대장정,0,명사,한자어
4,대조,9,명사,한자어
4,대조되다,0,동사,혼종어
4,대조하다,3,동사,혼종어
4,대종교,0,명사,한자어
4,대중,2,명사,한자어
4,대중문화,0,명사,한자어
4,대중음악,0,명사,한자어
4,대중적,0,명사/관형사,한자어
4,대중화되다,0,동사,혼종어
4,대지진,0,명사,한자어
4,대쪽,0,명사,고유어
4,대찬성,0,명사,한자어
4,대첩,0,명사,한자어
4,대체되다,0,동사,혼종어
4,대체적,0,명사/관형사,한자어
4,대체하다,1,동사,혼종어
4,대치되다,1,동사,혼종어
4,대치하다,3,동사,혼종어
4,대치하다,4,동사,혼종어
4,대칭,2,명사,한자어
4,대판,1,명사/부사,혼종어
4,대패질,0,명사,고유어
4,대패질하다,0,동사,고유어
4,대팻밥,0,명사,고유어
4,대평원,0,명사,한자어
4,대포알,0,명사,혼종어
4,대폭,1,명사/부사,한자어
4,대표단,0,명사,한자어
4,대표작,0,명사,한자어
4,대피령,0,명사,한자어
4,대피소,0,명사,한자어
4,대하,1,명사,한자어
4,대학가,0,명사,한자어
4,대학원,0,명사,한자어
4,대학자,0,명사,한자어
4,대한,6,명사,한자어
4,대합실,0,명사,한자어
4,대행하다,2,동사,혼종어
4,대홍수,0,명사,한자어
4,대화법,0,명사,한자어
4,대회장,0,명사,한자어
4,댓,0,명사/관형사,고유어
4,댓글,0,명사,혼종어
4,댓살,0,명사,고유어
4,댕그랑,0,부사,고유어
4,댕기,0,명사,고유어
4,댕기다,0,동사,고유어
4,더덕,2,명사,고유어
4,더듬거리다,0,동사,고유어
4,더듬더듬하다,0,동사,고유어
4,더디다,0,형용사,고유어
4,더러,1,부사,고유어
4,더러움,0,명사,고유어
4,덕담,0,명사,한자어
4,덕목,2,명사,한자어
4,덕수궁,0,명사,한자어
4,덕지덕지,0,부사,고유어
4,덕택,0,명사,한자어
4,덜거덕거리다,0,동사,고유어
4,덜렁덜렁,0,부사,고유어
4,덜렁이,0,명사,고유어
4,덜커덕거리다,0,동사,고유어
4,덜커덩,0,부사,고유어
4,덜커덩거리다,0,동사,고유어
4,덜컹,1,부사,고유어
4,덜컹덜컹,2,부사,고유어
4,덤벙,1,부사,고유어
4,덤벙거리다,2,동사,고유어
4,덤불,1,명사,고유어
4,덥수룩하다,0,형용사,고유어
4,덧거름,0,명사,고유어
4,덧나다,1,동사,고유어
4,덧대다,0,동사,고유어
4,덧버선,0,명사,고유어
4,덧신,0,명사,고유어
4,덧없다,0,형용사,고유어
4,덧칠하다,0,동사,혼종어
4,덩달다,0,동사,고유어
4,덩더꿍,0,부사,고유어
4,덮밥,0,명사,고유어
4,덮어쓰다,0,동사,고유어
4,데스크,0,명사,외래어
4,데스크톱,0,명사,외래어
4,데시리터,0,의존 명사,외래어
4,데이터베이스,0,명사,외래어
4,데치다,0,동사,고유어
4,도,9,명사,한자어
4,도가니,1,명사,고유어
4,도교,4,명사,한자어
4,도구함,0,명사,한자어
4,도굴,0,명사,한자어
4,도굴하다,0,동사,혼종어
4,도기,3,명사,한자어
4,도깨비바늘,0,명사,고유어
4,도꼬마리,0,명사,고유어
4,도달,1,명사,한자어
4,도달되다,0,동사,혼종어
4,도랑물,0,명사,고유어
4,도량형,0,명사,한자어
4,도로망,0,명사,한자어
4,도로변,0,명사,한자어
4,도르래,2,명사,고유어
4,도리어,0,부사,고유어
4,도맡다,0,동사,고유어
4,도모하다,0,동사,혼종어
4,도미,1,명사,고유어
4,도민,2,명사,한자어
4,도배지,0,명사,한자어
4,도서,2,명사,한자어
4,도성,4,명사,한자어
4,도술,0,명사,한자어
4,도시가스,0,명사,혼종어
4,도시권,0,명사,한자어
4,도시화,0,명사,한자어
4,도안,10,명사,한자어
4,도약,2,명사,한자어
4,도약하다,1,동사,혼종어
4,도예,1,명사,한자어
4,도요새,0,명사,고유어
4,도우하다,0,동사,혼종어
4,도움닫기,0,명사,고유어
4,도움말,0,명사,고유어
4,도읍,0,명사,한자어
4,도읍지,0,명사,한자어
4,도인,9,명사,한자어
4,도입되다,0,동사,혼종어
4,도입하다,0,동사,혼종어
4,도장공,0,명사,한자어
4,도전자,0,명사,한자어
4,도전적,0,명사/관형사,한자어
4,도주,2,명사,한자어
4,도지다,1,동사,고유어
4,도지사,0,명사,한자어
4,도착,3,명사,한자어
4,도착점,0,명사,한자어
4,도태되다,0,동사,혼종어
4,도톰하다,0,형용사,고유어
4,도표,2,명사,한자어
4,독극물,0,명사,한자어
4,독려하다,0,동사,혼종어
4,독립국,0,명사,한자어
4,독립문,0,명사,한자어
4,독립심,0,명사,한자어
4,독립적,0,명사/관형사,한자어
4,독립투사,0,명사,한자어
4,독백,0,명사,한자어
4,독보적,0,명사/관형사,한자어
4,독소,2,명사,한자어
4,독신,1,명사,한자어
4,독일어,0,명사,한자어
4,독점,2,명사,한자어
4,독주,2,명사,한자어
4,독창,3,명사,한자어
4,독창성,0,명사,한자어
4,독창적,0,명사/관형사,한자어
4,독창하다,1,동사,혼종어
4,독창회,0,명사,한자어
4,독침,1,명사,한자어
4,돈독하다,0,형용사,혼종어
4,돈벌이,0,명사,고유어
4,돈지갑,0,명사,혼종어
4,돋우다,0,동사,고유어
4,돋치다,0,동사,고유어
4,돌개바람,0,명사,고유어
4,돌계단,0,명사,혼종어
4,돌기,2,명사,한자어
4,돌기둥,0,명사,고유어
4,돌덩어리,0,명사,고유어
4,돌도끼,0,명사,고유어
4,돌리다,2,동사,고유어
4,돌림병,0,명사,혼종어
4,돌맞이,0,명사,고유어
4,돌무덤,0,명사,고유어
4,돌발적,0,명사/관형사,한자어
4,돌배,1,명사,고유어
4,돌배나무,0,명사,고유어
4,돌변하다,0,동사,혼종어
4,돌부처,0,명사,고유어
4,돌사자,0,명사,혼종어
4,돌아내리다,0,동사,고유어
4,돌아눕다,0,동사,고유어
4,돌아앉다,0,동사,고유어
4,돌연변이,0,명사,한자어
4,돌잡이,0,명사,고유어
4,돌진,0,명사,한자어
4,돌집,0,명사,고유어
4,돌치기,0,명사,고유어
4,돌칼,0,명사,고유어
4,돌탑,0,명사,혼종어
4,돌파,0,명사,한자어
4,돌팔매질,0,명사,고유어
4,돌팔이,0,명사,고유어
4,돌풍,0,명사,한자어
4,돌하르방,0,명사,고유어
4,동감하다,0,동사,혼종어
4,동경,8,명사,한자어
4,동경하다,2,동사,혼종어
4,동계,1,명사,한자어
4,동급생,0,명사,한자어
4,동기,4,명사,한자어
4,동기,6,명사,한자어
4,동냥,0,명사,고유어
4,동녘,0,명사,혼종어
4,동대문,0,명사,한자어
4,동댕이치다,0,동사,고유어
4,동동거리다,2,동사,고유어
4,동등하다,0,형용사,혼종어
4,동리,3,명사,한자어
4,동맥,1,명사,한자어
4,동맹국,0,명사,한자어
4,동면,1,명사,한자어
4,동문,3,명사,한자어
4,동물성,0,명사,한자어
4,동물학자,0,명사,한자어
4,동반자,0,명사,한자어
4,동방,6,명사,한자어
4,동방,7,명사,한자어
4,동방예의지국,0,명사,한자어
4,동백,1,명사,한자어
4,동백나무,0,명사,혼종어
4,동북,0,명사,한자어
4,동북부,0,명사,한자어
4,동서,2,명사,한자어
4,동서쪽,0,명사,혼종어
4,동성동본,0,명사,한자어
4,동수,1,명사,한자어
4,동심원,0,명사,한자어
4,동양화,0,명사,한자어
4,동업자,0,명사,한자어
4,동여매다,0,동사,고유어
4,동요하다,0,동사,혼종어
4,동원,2,명사,한자어
4,동원되다,0,동사,혼종어
4,동원하다,0,동사,혼종어
4,동음이의어,0,명사,한자어
4,동일시하다,0,동사,혼종어
4,동자,3,명사,한자어
4,동작하다,0,동사,혼종어
4,동장,2,명사,한자어
4,동장군,0,명사,한자어
4,동정심,0,명사,한자어
4,동조하다,0,동사,혼종어
4,동족상잔,0,명사,한자어
4,동지,1,명사,한자어
4,동짓날,0,명사,혼종어
4,동참,0,명사,한자어
4,동창,1,명사,한자어
4,동창생,0,명사,한자어
4,동창회,0,명사,한자어
4,동태,2,명사,한자어
4,동편,1,명사,한자어
4,동포애,0,명사,한자어
4,동풍,2,명사,한자어
4,동하다,0,동사,혼종어
4,동학,3,명사,한자어
4,동호인,0,명사,한자어
4,동호회,0,명사,한자어
4,동화집,0,명사,한자어
4,돛단배,0,명사,고유어
4,돛대,0,명사,고유어
4,돼지꿈,0,명사,고유어
4,돼지비계,0,명사,고유어
4,돼지우리,0,명사,고유어
4,되,1,명사/의존명사,고유어
4,되뇌다,0,동사,고유어
4,되돌아서다,0,동사,고유어
4,되받다,0,동사,고유어
4,되받아치다,0,동사,고유어
4,되새기다,2,동사,고유어
4,되새김질하다,0,동사,고유어
4,되짚다,0,동사,고유어
4,되치기,0,명사,고유어
4,되팔다,0,동사,고유어
4,되풀이,1,명사,고유어
4,된소리,0,명사,고유어
4,됨됨이,0,명사,고유어
4,두건,0,명사,한자어
4,두견새,0,명사,혼종어
4,두견이,0,명사,혼종어
4,두근두근하다,0,동사,고유어
4,두껍,1,명사,고유어
4,두둑이,0,부사,고유어
4,두둑하다,0,형용사,고유어
4,두둔하다,0,동사,혼종어
4,두드러기,0,명사,고유어
4,두드러지다,0,형용사/동사,고유어
4,두레박,0,명사,고유어
4,두려워지다,0,동사,고유어
4,두루두루,0,부사,고유어
4,두루마기,0,명사,고유어
4,두루마리,0,명사,고유어
4,두루뭉술하다,0,형용사,고유어
4,두릅,0,명사,고유어
4,두리둥실,0,부사,고유어
4,두릿그물,0,명사,고유어
4,두말하다,0,동사,고유어
4,두메,0,명사,고유어
4,두목,3,명사,한자어
4,두발,0,명사,한자어
4,두상,3,명사,한자어
4,두서너,0,관형사,고유어
4,두해살이,0,명사,고유어
4,둑길,0,명사,고유어
4,둔각,0,명사,한자어
4,둔갑술,0,명사,한자어
4,둔치,1,명사,고유어
4,둘러대다,0,동사,고유어
4,둘러막다,0,동사,고유어
4,둘러서다,0,동사,고유어
4,둘리다,2,동사,고유어
4,둥그스름하다,0,형용사,고유어
4,둥글둥글,0,부사,고유어
4,둥글둥글하다,0,형용사,고유어
4,둥글리다,0,동사,고유어
4,뒤꽁무니,0,명사,고유어
4,뒤란,0,명사,고유어
4,뒤섞다,0,동사,고유어
4,뒤웅박,0,명사,고유어
4,뒤주,0,명사,고유어
4,뒤쳐지다,0,동사,고유어
4,뒤축,0,명사,고유어
4,뒤치다꺼리,0,명사,고유어
4,뒤틀다,0,동사,고유어
4,뒷간,0,명사,혼종어
4,뒷걸음질,0,명사,고유어
4,뒷날개,0,명사,고유어
4,뒷덜미,0,명사,고유어
4,뒷마당,0,명사,고유어
4,뒷마무리,0,명사,고유어
4,뒷무릎,0,명사,고유어
4,뒷벽,0,명사,혼종어
4,뒷자락,0,명사,고유어
4,뒷장,2,명사,혼종어
4,뒷전,1,명사,고유어
4,뒷정리,0,명사,혼종어
4,뒷좌석,0,명사,혼종어
4,뒹굴뒹굴,0,부사,고유어
4,드넓다,0,형용사,고유어
4,드높다,0,형용사,고유어
4,드높이,0,부사,고유어
4,드높이다,0,동사,고유어
4,드라이어,0,명사,외래어
4,드르렁드르렁,0,부사,고유어
4,드르륵,1,부사,고유어
4,드리다,3,동사,고유어
4,드릴,0,명사,외래어
4,드림,0,명사,고유어
4,드문드문,0,부사,고유어
4,득점왕,0,명사,한자어
4,득표,0,명사,한자어
4,득표수,0,명사,한자어
4,득표율,0,명사,한자어
4,든든히,0,부사,고유어
4,듣다,2,동사,고유어
4,들것,0,명사,고유어
4,들고일어나다,0,동사,고유어
4,들기름,0,명사,고유어
4,들길,0,명사,고유어
4,들녘,0,명사,고유어
4,들다,2,동사,고유어
4,들러붙다,0,동사,고유어
4,들리다,1,동사,고유어
4,들볶이다,0,동사,고유어
4,들새,0,명사,고유어
4,들소,0,명사,고유어
4,들썩들썩하다,0,동사,고유어
4,들어붙다,0,동사,고유어
4,들어앉다,0,동사,고유어
4,들어차다,0,동사,고유어
4,들여다보이다,0,동사,고유어
4,들오다,0,동사,고유어
4,들이쉬다,0,동사,고유어
4,들이치다,2,동사,고유어
4,들짐승,0,명사,고유어
4,들쭉날쭉하다,0,형용사,고유어
4,듯싶다,0,보조 형용사,고유어
4,등겨,0,명사,고유어
4,등고선,0,명사,한자어
4,등골,1,명사,고유어
4,등골,2,명사,고유어
4,등기,1,명사,한자어
4,등껍질,0,명사,고유어
4,등나무,1,명사,혼종어
4,등나무,2,명사,혼종어
4,등대수,0,명사,한자어
4,등대지기,0,명사,혼종어
4,등댓불,0,명사,혼종어
4,등딱지,0,명사,고유어
4,등록증,0,명사,한자어
4,등반객,0,명사,한자어
4,등반하다,1,동사,혼종어
4,등받이,0,명사,고유어
4,등분하다,2,동사,혼종어
4,등뼈,0,명사,고유어
4,등산가,0,명사,한자어
4,등산로,0,명사,한자어
4,등산복,0,명사,한자어
4,등산화,0,명사,한자어
4,등식,0,명사,한자어
4,등온선,0,명사,한자어
4,등잔,0,명사,한자어
4,등잔불,0,명사,혼종어
4,등재되다,2,동사,혼종어
4,등줄기,0,명사,고유어
4,등지,2,의존명사,한자어
4,등짝,0,명사,고유어
4,등피,3,명사,한자어
4,등허리,0,명사,고유어
4,등호,1,명사,한자어
4,디밀다,0,동사,고유어
4,디스코,0,명사,외래어
4,디스코텍,0,명사,외래어
4,디스크,0,명사,외래어
4,딜레마,0,명사,외래어
4,따개비,0,명사,고유어
4,따끈따끈,0,부사,고유어
4,따끈히,0,부사,고유어
4,따끔거리다,0,동사,고유어
4,따끔따끔,0,부사,고유어
4,따따따,0,부사,고유어
4,따르르,1,부사,고유어
4,따발총,0,명사,혼종어
4,따사롭다,0,형용사,고유어
4,따시다,0,동사,고유어
4,딱새,1,명사,고유어
4,딱정벌레,0,명사,고유어
4,딴것,0,명사,고유어
4,딴생각하다,0,동사,고유어
4,딴소리,0,명사,고유어
4,딴전,0,명사,고유어
4,딴지,1,명사,고유어
4,딸꾹,0,부사,고유어
4,딸꾹질하다,0,동사,고유어
4,딸랑이,0,명사,고유어
4,딸자식,0,명사,혼종어
4,땀구멍,0,명사,고유어
4,땀받이,0,명사,고유어
4,땀샘,0,명사,고유어
4,땅값,0,명사,고유어
4,땅덩어리,0,명사,고유어
4,땅덩이,0,명사,고유어
4,땅따먹기,0,명사,고유어
4,때굴때굴,0,부사,고유어
4,때때옷,0,명사,고유어
4,때맞추다,0,동사,고유어
4,때밀이,0,명사,고유어
4,땔나무,0,명사,고유어
4,땜질하다,0,동사,고유어
4,땟국물,0,명사,고유어
4,땡그랑,0,부사,고유어
4,땡볕,0,명사,고유어
4,떠가다,0,동사,고유어
4,떠나보내다,0,동사,고유어
4,떠듬거리다,0,동사,고유어
4,떠벌리다,0,동사,고유어
4,떠안다,0,동사,고유어
4,떡가루,0,명사,고유어
4,떡갈나무,0,명사,고유어
4,떡메,0,명사,고유어
4,떡시루,0,명사,고유어
4,떡쌀,0,명사,고유어
4,떡하니,0,부사,고유어
4,떨기,0,명사,고유어
4,떨다,2,동사,고유어
4,떨렁떨렁,0,부사,고유어
4,떳떳이,0,부사,고유어
4,떼돈,0,명사,고유어
4,떼이다,0,동사,고유어
4,떼죽음,0,명사,고유어
4,또랑또랑하다,0,형용사,고유어
4,또렷또렷하다,0,형용사,고유어
4,똑딱,0,부사,고유어
4,똑딱단추,0,명사,고유어
4,똑바르다,0,형용사,고유어
4,똘똘하다,0,형용사,고유어
4,똥그라미,0,명사,고유어
4,똥그랗다,0,형용사,고유어
4,똥글똥글,0,부사,고유어
4,똥내,0,명사,고유어
4,똥배,0,명사,고유어
4,똥차,0,명사,혼종어
4,뚜뚜,0,부사,고유어
4,뚱하다,0,형용사,고유어
4,뛰뛰빵빵,0,명사/부사,고유어
4,뜀뛰기,0,명사,고유어
4,뜀뛰다,0,동사,고유어
4,뜨개질,2,명사,고유어
4,뜨끈뜨끈,0,부사,고유어
4,뜨끔,0,부사,고유어
4,뜨끔뜨끔하다,0,형용사/동사,고유어
4,뜨다,2,동사,고유어
4,뜨다,3,동사,고유어
4,뜨다,8,동사,고유어
4,뜨듯이,0,부사,고유어
4,뜨뜻하다,0,형용사,고유어
4,뜬금없이,0,부사,고유어
4,뜬눈,0,명사,고유어
4,뜯기다,2,동사,고유어
4,뜻글자,0,명사,혼종어
4,뜻있다,0,형용사,고유어
4,뜻풀이,0,명사,고유어
4,띄엄띄엄,0,부사,고유어
4,띵까띵까,0,부사,고유어
4,띵띵,0,부사,고유어
4,라듐,0,명사,외래어
4,라벨,1,명사,외래어
4,라스,0,명사,외래어
4,라운드,0,명사,외래어
4,라켓,0,명사,외래어
4,랜드,0,의존 명사,외래어
4,랩,3,명사,외래어
4,러닝,0,명사,외래어
4,러시아어,0,명사,혼종어
4,럭비,1,명사,외래어
4,럭비공,0,명사,혼종어
4,레이더,0,명사,외래어
4,레이스,1,명사,외래어
4,레인,0,명사,외래어
4,레인지,0,명사,외래어
4,로마자,0,명사,혼종어
4,로맨스,0,명사,외래어
4,로맨틱하다,0,형용사,혼종어
4,롤러스케이트,0,명사,외래어
4,롤빵,0,명사,혼종어
4,르네상스,0,명사,외래어
4,리,2,의존명사,한자어
4,리듬감,0,명사,혼종어
4,리트머스,0,명사,외래어
4,리포트,0,명사,외래어
4,린스,0,명사,외래어
4,마가린,0,명사,외래어
4,마감되다,0,동사,고유어
4,마감일,0,명사,혼종어
4,마그네슘,0,명사,외래어
4,마그마,0,명사,외래어
4,마네킹,0,명사,외래어
4,마녀사냥,0,명사,혼종어
4,마늘장아찌,0,명사,고유어
4,마다하다,0,동사,고유어
4,마당극,0,명사,혼종어
4,마당비,0,명사,고유어
4,마당질,0,명사,고유어
4,마디마디,0,명사,고유어
4,마땅찮다,0,형용사,고유어
4,마력,2,명사,한자어
4,마루,1,명사,고유어
4,마루방,0,명사,혼종어
4,마른걸레,0,명사,고유어
4,마른기침,0,명사,고유어
4,마른반찬,0,명사,혼종어
4,마른오징어,0,명사,고유어
4,마른풀,0,명사,고유어
4,마른행주,0,명사,고유어
4,마름질,0,명사,고유어
4,마마,0,명사,한자어
4,마모,2,명사,한자어
4,마부,1,명사,한자어
4,마소,0,명사,고유어
4,마스코트,0,명사,외래어
4,마스터,0,명사,외래어
4,마시멜로,0,명사,외래어
4,마실,0,명사,고유어
4,마지못하다,0,형용사,고유어
4,마찰력,0,명사,한자어
4,마찰하다,0,동사,혼종어
4,마취되다,0,동사,혼종어
4,마취하다,0,동사,혼종어
4,마치다,1,동사,고유어
4,마케팅,0,명사,외래어
4,마크,0,명사,외래어
4,마패,0,명사,한자어
4,막,5,명사/의존명사,한자어
4,막강하다,0,형용사,혼종어
4,막국수,0,명사,고유어
4,막내둥이,0,명사,고유어
4,막내며느리,0,명사,고유어
4,막냇동생,0,명사,고유어
4,막대하다,0,형용사,혼종어
4,막막하다,1,형용사,혼종어
4,막바지,0,명사,고유어
4,막연하다,0,형용사,혼종어
4,막일,0,명사,고유어
4,만국,0,명사,한자어
4,만국기,0,명사,한자어
4,만끽하다,0,동사,혼종어
4,만날,0,부사,혼종어
4,만년,2,명사,한자어
4,만년필,0,명사,한자어
4,만대,0,명사,한자어
4,만두소,0,명사,혼종어
4,만료되다,0,동사,혼종어
4,만리장성,0,명사,한자어
4,만만찮다,0,형용사,고유어
4,만물,2,명사,한자어
4,만물상,2,명사,한자어
4,만발하다,2,동사,혼종어
4,만백성,0,명사,한자어
4,만병통치약,0,명사,한자어
4,만사형통,0,명사,한자어
4,만석꾼,0,명사,혼종어
4,만선,3,명사,한자어
4,만인,2,명사,한자어
4,만족도,0,명사,한자어
4,만주어,0,명사,한자어
4,만지작만지작,0,부사,고유어
4,만지작만지작하다,0,동사,고유어
4,만찬,0,명사,한자어
4,만행,4,명사,한자어
4,맏딸,0,명사,고유어
4,맏며느리,0,명사,고유어
4,맏손자,0,명사,혼종어
4,맏언니,0,명사,고유어
4,맏형,0,명사,혼종어
4,말,3,명사/의존명사,고유어
4,말고기,0,명사,고유어
4,말괄량이,0,명사,고유어
4,말구유,0,명사,고유어
4,말굽,0,명사,고유어
4,말굽자석,0,명사,혼종어
4,말귀,0,명사,고유어
4,말꼬리,0,명사,고유어
4,말년,0,명사,한자어
4,말대답,0,명사,혼종어
4,말대답하다,0,동사,혼종어
4,말더듬이,0,명사,고유어
4,말똥구리,0,명사,고유어
4,말똥말똥,0,부사,고유어
4,말똥말똥하다,0,형용사/동사,고유어
4,말뚝,0,명사,고유어
4,말라깽이,0,명사,고유어
4,말라리아,0,명사,외래어
4,말머리,0,명사,고유어
4,말미,1,명사,고유어
4,말미암다,0,동사,고유어
4,말발굽,0,명사,고유어
4,말버릇,0,명사,고유어
4,말벗,0,명사,고유어
4,말복,0,명사,한자어
4,말솜씨,0,명사,고유어
4,말수,3,명사,혼종어
4,말썽꾼,0,명사,고유어
4,말쑥하다,0,형용사,고유어
4,말씨,0,명사,고유어
4,말조심,0,명사,혼종어
4,말주머니,0,명사,고유어
4,말주변,0,명사,고유어
4,말짱하다,1,형용사,고유어
4,말참견,0,명사,혼종어
4,말참견하다,0,동사,혼종어
4,말판,1,명사,고유어
4,맘껏,0,부사,고유어
4,맘속,0,명사,고유어
4,맙소사,0,감탄사,고유어
4,맛보기,0,명사,고유어
4,맛소금,0,명사,고유어
4,망각하다,2,동사,혼종어
4,망상,1,명사,한자어
4,망설임,0,명사,고유어
4,망치질,0,명사,고유어
4,맞들다,0,동사,고유어
4,맞먹다,0,동사,고유어
4,맞물리다,0,동사,고유어
4,맞바꾸다,0,동사,고유어
4,맞받아치다,0,동사,고유어
4,맞벌이하다,0,동사,고유어
4,맞부딪치다,0,동사,고유어
4,맞수,0,명사,혼종어
4,맞아들이다,0,동사,고유어
4,맞절,0,명사,고유어
4,매끈거리다,0,동사,고유어
4,매끌매끌하다,0,형용사,고유어
4,매끼,2,명사/부사,혼종어
4,매니저,0,명사,외래어
4,매다,2,동사,고유어
4,매듭짓다,0,동사,고유어
4,매립,0,명사,한자어
4,매립장,0,명사,한자어
4,매립지,0,명사,한자어
4,매만지다,0,동사,고유어
4,매매,6,명사,한자어
4,매머드,0,명사,외래어
4,매부,0,명사,한자어
4,매부리코,0,명사,고유어
4,매사,1,명사/부사,한자어
4,매사냥,0,명사,고유어
4,매스,0,명사,외래어
4,매시간,0,명사/부사,한자어
4,매실,2,명사,한자어
4,매실주,0,명사,한자어
4,매장되다,1,동사,혼종어
4,매점,1,명사,한자어
4,매정하다,1,형용사,고유어
4,매진하다,3,동사,혼종어
4,매출,0,명사,한자어
4,매캐하다,0,형용사,고유어
4,매트리스,0,명사,외래어
4,매한가지,0,명사,고유어
4,매화꽃,0,명사,혼종어
4,맥고모자,0,명사,한자어
4,맥없이,1,부사,혼종어
4,맥주병,0,명사,한자어
4,맨눈,0,명사,고유어
4,맨드라미,0,명사,고유어
4,맨몸뚱이,0,명사,고유어
4,맨발바닥,0,명사,고유어
4,맨입,0,명사,고유어
4,맨주먹,0,명사,고유어
4,맵시,0,명사,고유어
4,맹꽁이,0,명사,고유어
4,맹렬하다,0,형용사,혼종어
4,맹세코,0,부사,혼종어
4,맹탕,0,명사/부사,혼종어
4,맺어지다,0,동사,고유어
4,머나멀다,0,형용사,고유어
4,머리꼭지,0,명사,고유어
4,머리채,0,명사,고유어
4,머리칼,0,명사,고유어
4,머릿수건,0,명사,혼종어
4,머슴,0,명사,고유어
4,먹색,0,명사,혼종어
4,먹성,0,명사,혼종어
4,먹잇감,0,명사,고유어
4,먼발치,0,명사,고유어
4,먼지떨이,0,명사,고유어
4,먼지투성이,0,명사,고유어
4,멀거니,0,부사,고유어
4,멀겋다,1,형용사,고유어
4,멀미약,0,명사,혼종어
4,멀쩡히,0,부사,고유어
4,멀티미디어,0,명사,외래어
4,멈칫,0,부사,고유어
4,멈칫거리다,0,동사,고유어
4,멈칫멈칫하다,0,동사,고유어
4,멋들어지다,0,형용사,고유어
4,멋스럽다,0,형용사,고유어
4,멋없다,0,형용사,고유어
4,멋없이,0,부사,고유어
4,멋쩍다,0,형용사,고유어
4,멍게,0,명사,고유어
4,멍멍개,0,명사,고유어
4,멍석,0,명사,고유어
4,멍청히,0,부사,고유어
4,메기다,1,동사,고유어
4,메꽃,0,명사,고유어
4,메밀국수,0,명사,고유어
4,메밀꽃,0,명사,고유어
4,메밀묵,0,명사,고유어
4,메밀밭,0,명사,고유어
4,메신저,0,명사,외래어
4,메아리치다,0,동사,고유어
4,메이커,0,명사,외래어
4,메주콩,0,명사,고유어
4,메추라기,0,명사,고유어
4,메탄가스,0,명사,외래어
4,멜로디언,0,명사,외래어
4,며칟날,0,명사,고유어
4,면도기,0,명사,한자어
4,면도날,0,명사,혼종어
4,면도칼,0,명사,혼종어
4,면밀히,0,부사,혼종어
4,면박,1,명사,한자어
4,면발,0,명사,혼종어
4,면봉,1,명사,한자어
4,면사포,0,명사,한자어
4,면세,1,명사,한자어
4,면제,1,명사,한자어
4,면제되다,0,동사,혼종어
4,면제하다,0,동사,혼종어
4,면직물,0,명사,한자어
4,멸시,0,명사,한자어
4,멸시하다,0,동사,혼종어
4,멸종,0,명사,한자어
4,멸종되다,0,동사,혼종어
4,멸치젓,0,명사,고유어
4,멸치조림,0,명사,고유어
4,멸하다,0,동사,혼종어
4,명곡,1,명사,한자어
4,명나라,0,명사,혼종어
4,명년,0,명사,한자어
4,명당,0,명사,한자어
4,명란젓,0,명사,혼종어
4,명령어,0,명사,한자어
4,명료하다,0,형용사,혼종어
4,명물,0,명사,한자어
4,명복,3,명사,한자어
4,명부,2,명사,한자어
4,명분,1,명사,한자어
4,명사,1,명사,한자어
4,명사,3,명사,한자어
4,명색,1,명사,한자어
4,명석하다,0,형용사,혼종어
4,명성,1,명사,한자어
4,명세서,0,명사,한자어
4,명승지,0,명사,한자어
4,명예스럽다,0,형용사,혼종어
4,명왕성,0,명사,한자어
4,명장,2,명사,한자어
4,명절날,0,명사,혼종어
4,명절놀이,0,명사,혼종어
4,명주,6,명사,한자어
4,명중,1,명사,한자어
4,명중하다,0,동사,혼종어
4,명창,1,명사,한자어
4,명치,1,명사,고유어
4,명필,0,명사,한자어
4,명하다,1,동사,혼종어
4,명하다,2,동사,혼종어
4,명화,3,명사,한자어
4,모교,1,명사,한자어
4,모국,1,명사,한자어
4,모금,2,명사,한자어
4,모금되다,0,동사,혼종어
4,모금액,0,명사,한자어
4,모금하다,0,동사,혼종어
4,모기향,0,명사,혼종어
4,모깃불,0,명사,고유어
4,모나다,0,형용사,고유어
4,모내기하다,0,동사,고유어
4,모닝콜,0,명사,외래어
4,모독,0,명사,한자어
4,모둠발,0,명사,고유어
4,모락모락,0,부사,고유어
4,모래땅,0,명사,고유어
4,모래벌판,0,명사,고유어
4,모래사막,0,명사,혼종어
4,모래주머니,0,명사,고유어
4,모래투성이,0,명사,고유어
4,모래판,0,명사,고유어
4,모래흙,0,명사,고유어
4,모랫길,0,명사,고유어
4,모로,1,부사,고유어
4,모름지기,0,부사,고유어
4,모방,4,명사,한자어
4,모방하다,0,동사,혼종어
4,모빌,0,명사,외래어
4,모순,1,명사,한자어
4,모시옷,0,명사,고유어
4,모심기,0,명사,고유어
4,모욕적,0,명사/관형사,한자어
4,모욕하다,0,동사,혼종어
4,모음곡,0,명사,혼종어
4,모음자,0,명사,한자어
4,모의,4,명사,한자어
4,모자챙,0,명사,혼종어
4,모조지,0,명사,한자어
4,모종,1,명사,한자어
4,모종,2,명사,혼종어
4,모종삽,0,명사,혼종어
4,모직,0,명사,한자어
4,모쪼록,0,부사,고유어
4,모태,2,명사,한자어
4,모터,0,명사,외래어
4,모토,3,명사,외래어
4,모판,1,명사,혼종어
4,모피,1,명사,한자어
4,모함하다,0,동사,혼종어
4,모험가,0,명사,한자어
4,모험담,0,명사,한자어
4,모험하다,0,동사,혼종어
4,모형도,0,명사,한자어
4,모호하다,0,형용사,혼종어
4,목감기,0,명사,혼종어
4,목격자,0,명사,한자어
4,목례,0,명사,한자어
4,목마,1,명사,한자어
4,목마름,0,명사,고유어
4,목매다,0,동사,고유어
4,목메다,0,동사,고유어
4,목발,1,명사,혼종어
4,목뼈,0,명사,고유어
4,목욕실,0,명사,한자어
4,목욕통,0,명사,한자어
4,목적어,0,명사,한자어
4,목적하다,0,동사,혼종어
4,목젖,0,명사,고유어
4,목제품,0,명사,한자어
4,목조,2,명사,한자어
4,목줄,2,명사,고유어
4,목청껏,0,부사,고유어
4,목초지,0,명사,한자어
4,목축,0,명사,한자어
4,목축업,0,명사,한자어
4,목판,1,명사,한자어
4,목판,2,명사,한자어
4,목표물,0,명사,한자어
4,목화밭,0,명사,혼종어
4,목화솜,0,명사,혼종어
4,목화씨,0,명사,혼종어
4,몰락하다,0,동사,혼종어
4,몰랑몰랑,0,부사,고유어
4,몰래몰래,0,부사,고유어
4,몰려나오다,0,동사,고유어
4,몰아세우다,0,동사,고유어
4,몰아쉬다,0,동사,고유어
4,몸값,0,명사,고유어
4,몸길이,0,명사,고유어
4,몸놀림,0,명사,고유어
4,몸동작,0,명사,혼종어
4,몸매,0,명사,고유어
4,몸부림치다,0,동사,고유어
4,몸서리,0,명사,고유어
4,몸서리나다,0,동사,고유어
4,몸서리치다,0,동사,고유어
4,몸소,0,부사,고유어
4,몸싸움,0,명사,고유어
4,몸싸움하다,0,동사,고유어
4,몸차림,0,명사,고유어
4,몸치장,0,명사,혼종어
4,못가,0,명사,고유어
4,못자리,0,명사,고유어
4,못줄,0,명사,고유어
4,못질,0,명사,고유어
4,몽고어,0,명사,한자어
4,몽당연필,0,명사,혼종어
4,몽둥이찜질,0,명사,고유어
4,몽롱하다,0,형용사,혼종어
4,몽정,0,명사,한자어
4,묘목,1,명사,한자어
4,묘미,0,명사,한자어
4,묘사되다,0,동사,혼종어
4,묘소,3,명사,한자어
4,무고하다,3,형용사,혼종어
4,무공,2,명사,한자어
4,무관,3,명사,한자어
4,무관하다,3,형용사,혼종어
4,무궁무진하다,0,형용사,혼종어
4,무궁하다,0,형용사,혼종어
4,무기력,0,명사,한자어
4,무기질,0,명사,한자어
4,무기한,0,명사,한자어
4,무김치,0,명사,고유어
4,무나물,0,명사,고유어
4,무난히,0,부사,혼종어
4,무능하다,0,형용사,혼종어
4,무단,2,명사,한자어
4,무더기,0,명사,고유어
4,무덤덤하다,0,형용사,고유어
4,무드,0,명사,외래어
4,무력,2,명사,한자어
4,무령왕릉,0,명사,한자어
4,무료하다,0,형용사,혼종어
4,무르다,3,형용사,고유어
4,무르익다,0,동사,고유어
4,무말랭이,0,명사,고유어
4,무명,1,명사,고유어
4,무방비,0,명사,한자어
4,무방하다,0,형용사,혼종어
4,무법자,0,명사,한자어
4,무분별하다,0,형용사,혼종어
4,무사,10,명사,한자어
4,무산되다,0,동사,혼종어
4,무상,9,명사,한자어
4,무색,2,명사,한자어
4,무색하다,2,형용사,혼종어
4,무생물,0,명사,한자어
4,무소속,0,명사,한자어
4,무수하다,0,형용사,혼종어
4,무승부,0,명사,한자어
4,무신,3,명사,한자어
4,무심히,0,부사,혼종어
4,무안,2,명사,한자어
4,무언극,0,명사,한자어
4,무엄하다,0,형용사,혼종어
4,무엇하다,0,형용사,고유어
4,무역선,0,명사,한자어
4,무역업,0,명사,한자어
4,무역품,0,명사,한자어
4,무역하다,0,동사,혼종어
4,무역항,0,명사,한자어
4,무연탄,0,명사,한자어
4,무용가,0,명사,한자어
4,무용수,0,명사,한자어
4,무용실,0,명사,한자어
4,무용하다,2,동사,혼종어
4,무의미,0,명사,한자어
4,무의식,0,명사,한자어
4,무의식적,0,명사/관형사,한자어
4,무의식중,0,명사,한자어
4,무인,3,명사,한자어
4,무인,4,명사,한자어
4,무자비하다,0,형용사,혼종어
4,무작위,0,명사,한자어
4,무장,5,명사,한자어
4,무장아찌,0,명사,고유어
4,무장하다,0,동사,혼종어
4,무조건적,0,명사/관형사,한자어
4,무좀,0,명사,고유어
4,무지,6,명사,한자어
4,무지막지하다,0,형용사,혼종어
4,무지무지하다,0,형용사,고유어
4,무진장,0,명사,한자어
4,무진장하다,0,형용사,혼종어
4,무질서하다,0,형용사,혼종어
4,무책임하다,0,형용사,혼종어
4,무턱대고,0,부사,고유어
4,무한정,0,명사,한자어
4,무한히,0,부사,혼종어
4,무허가,0,명사,한자어
4,무형,0,명사,한자어
4,묵념하다,0,동사,혼종어
4,묵묵하다,0,형용사,혼종어
4,묵어가다,0,동사,고유어
4,문간방,0,명사,한자어
4,문갑,0,명사,한자어
4,문과,1,명사,한자어
4,문과,2,명사,한자어
4,문관,1,명사,한자어
4,문구멍,0,명사,혼종어
4,문둥이,0,명사,고유어
4,문드러지다,0,동사,고유어
4,문뜩,0,부사,고유어
4,문란하다,0,형용사,혼종어
4,문맥,0,명사,한자어
4,문맹,1,명사,한자어
4,문물,1,명사,한자어
4,문살,0,명사,혼종어
4,문상,2,명사,한자어
4,문소리,0,명사,혼종어
4,문신,4,명사,한자어
4,문안,4,명사,한자어
4,문안드리다,0,동사,혼종어
4,문안하다,0,동사,혼종어
4,문양,1,명사,한자어
4,문의하다,0,동사,혼종어
4,문인,1,명사,한자어
4,문지방,0,명사,한자어
4,문책하다,0,동사,혼종어
4,문체,0,명사,한자어
4,문틀,0,명사,혼종어
4,문패,2,명사,한자어
4,문학상,0,명사,한자어
4,문학소녀,0,명사,한자어
4,문항,0,명사,한자어
4,문헌,0,명사,한자어
4,문화권,0,명사,한자어
4,문화생활,0,명사,한자어
4,문화원,0,명사,한자어
4,문화인,0,명사,한자어
4,문화적,0,명사/관형사,한자어
4,물가,2,명사,한자어
4,물갈퀴,0,명사,고유어
4,물걸레,0,명사,고유어
4,물결치다,0,동사,고유어
4,물고구마,0,명사,고유어
4,물기둥,0,명사,고유어
4,물독,0,명사,고유어
4,물동이,0,명사,고유어
4,물량,0,명사,한자어
4,물렁물렁,0,부사,고유어
4,물렁뼈,0,명사,고유어
4,물레방앗간,0,명사,혼종어
4,물리,0,명사,한자어
4,물리다,4,동사,고유어
4,물리학,0,명사,한자어
4,물리학자,0,명사,한자어
4,물맛,0,명사,고유어
4,물물,2,명사,한자어
4,물방울무늬,0,명사,고유어
4,물벼락,0,명사,고유어
4,물벼룩,0,명사,고유어
4,물보라,0,명사,고유어
4,물비누,0,명사,고유어
4,물빛,1,명사,고유어
4,물색하다,0,동사,혼종어
4,물수건,0,명사,혼종어
4,물시계,0,명사,혼종어
4,물안개,0,명사,고유어
4,물오르다,0,동사,고유어
4,물오리,0,명사,고유어
4,물오징어,0,명사,고유어
4,물의,2,명사,한자어
4,물자라,0,명사,고유어
4,물장군,0,명사,혼종어
4,물장난하다,0,동사,고유어
4,물장수,0,명사,고유어
4,물적,0,명사/관형사,한자어
4,물정,0,명사,한자어
4,물집,3,명사,고유어
4,물청소,0,명사,혼종어
4,물청소하다,0,동사,혼종어
4,물침대,0,명사,혼종어
4,물컹거리다,0,동사,고유어
4,물컹물컹하다,0,형용사,고유어
4,물컹하다,0,형용사,고유어
4,물탱크,0,명사,혼종어
4,물파스,0,명사,혼종어
4,묽다,0,형용사,고유어
4,뭉뚝하다,0,형용사,고유어
4,뭉텅,1,부사,고유어
4,뭉툭하다,0,형용사,고유어
4,미간,2,명사,한자어
4,미개하다,0,형용사,혼종어
4,미군,0,명사,한자어
4,미궁,0,명사,한자어
4,미끄럼대,0,명사,혼종어
4,미끄럼판,0,명사,고유어
4,미끈미끈,0,부사,고유어
4,미끈하다,0,형용사/동사,고유어
4,미네랄,0,명사,외래어
4,미니카,0,명사,외래어
4,미닫이,0,명사,고유어
4,미달,0,명사,한자어
4,미덥다,0,형용사,고유어
4,미동,2,명사,한자어
4,미라,0,명사,외래어
4,미래상,0,명사,한자어
4,미련,2,명사,한자어
4,미련스럽다,0,형용사,고유어
4,미련퉁이,0,명사,고유어
4,미륵,0,명사,한자어
4,미상,1,명사,한자어
4,미생물,0,명사,한자어
4,미성년,0,명사,한자어
4,미성년자,0,명사,한자어
4,미세,0,명사,한자어
4,미수,3,명사,한자어
4,미숙하다,0,형용사,혼종어
4,미술사,0,명사,한자어
4,미스,3,명사,외래어
4,미스터리,0,명사,외래어
4,미식축구,0,명사,한자어
4,미심쩍다,0,형용사,혼종어
4,미싱,0,명사,외래어
4,미어지다,0,동사,고유어
4,미역,1,명사,고유어
4,미운털,0,명사,고유어
4,미원,2,명사,한자어
4,미장원,0,명사,한자어
4,미적지근하다,0,형용사,고유어
4,미정,2,명사,한자어
4,미주알고주알,0,부사,고유어
4,미지,3,명사,한자어
4,미천하다,0,형용사,혼종어
4,미치다,2,동사,고유어
4,미행,1,명사,한자어
4,미행하다,1,동사,혼종어
4,미흡하다,0,형용사,혼종어
4,민가,0,명사,한자어
4,민간,0,명사,한자어
4,민간단체,0,명사,한자어
4,민간인,0,명사,한자어
4,민감성,0,명사,한자어
4,민감하다,0,형용사,혼종어
4,민국,0,명사,한자어
4,민망스럽다,0,형용사,혼종어
4,민물,1,명사,고유어
4,민물고기,0,명사,고유어
4,민박,1,명사,한자어
4,민방위,0,명사,한자어
4,민생,0,명사,한자어
4,민심,0,명사,한자어
4,민요풍,0,명사,한자어
4,민원,2,명사,한자어
4,민족성,0,명사,한자어
4,민족적,0,명사/관형사,한자어
4,민족정신,0,명사,한자어
4,민족주의,0,명사,한자어
4,민족혼,0,명사,한자어
4,민주화,0,명사,한자어
4,민중,0,명사,한자어
4,민첩성,0,명사,한자어
4,민첩하다,0,형용사,혼종어
4,민화,1,명사,한자어
4,밀감,0,명사,한자어
4,밀고,0,명사,한자어
4,밀고하다,0,동사,혼종어
4,밀도,1,명사,한자어
4,밀렵꾼,0,명사,혼종어
4,밀리,0,의존명사,외래어
4,밀리미터,0,의존 명사,외래어
4,밀수,1,명사,한자어
4,밀어닥치다,0,동사,고유어
4,밀집,0,명사,한자어
4,밀집되다,0,동사,혼종어
4,밀집하다,0,동사,혼종어
4,밀짚,0,명사,고유어
4,밀착되다,0,동사,혼종어
4,밀폐,0,명사,한자어
4,밋밋하다,0,형용사,고유어
4,밑넓이,0,명사,고유어
4,밑면,0,명사,혼종어
4,밑바탕,0,명사,고유어
4,밑반찬,0,명사,혼종어
4,밑받침,0,명사,고유어
4,밑변,0,명사,혼종어
4,밑부분,0,명사,혼종어
4,밑판,0,명사,혼종어
4,바깥마당,0,명사,고유어
4,바깥세상,0,명사,혼종어
4,바깥양반,0,명사,혼종어
4,바깥어른,0,명사,고유어
4,바깥일,0,명사,고유어
4,바깥출입,0,명사,혼종어
4,바느질감,0,명사,고유어
4,바늘귀,0,명사,고유어
4,바늘꽂이,0,명사,고유어
4,바늘땀,0,명사,고유어
4,바늘방석,0,명사,혼종어
4,바닐라,0,명사,외래어
4,바닷가재,0,명사,고유어
4,바닷길,0,명사,고유어
4,바닷말,0,명사,고유어
4,바닷물고기,0,명사,고유어
4,바람막이,1,명사,고유어
4,바래다,2,동사,고유어
4,바래다주다,0,동사,고유어
4,바로바로,0,부사,고유어
4,바로잡히다,0,동사,고유어
4,바르다,2,동사,고유어
4,바르르,0,부사,고유어
4,바보스럽다,0,형용사,고유어
4,바위틈,0,명사,고유어
4,바이킹,0,명사,외래어
4,바지락,0,명사,고유어
4,바지저고리,0,명사,고유어
4,바짓가랑이,0,명사,고유어
4,바짝바짝,0,부사,고유어
4,바퀴,2,명사,고유어
4,박수갈채,0,명사,한자어
4,박수하다,1,동사,혼종어
4,박애,0,명사,한자어
4,박음질,0,명사,고유어
4,박음질하다,0,동사,고유어
4,박진감,0,명사,한자어
4,박차다,0,동사,고유어
4,박테리아,0,명사,외래어
4,반가이,0,부사,고유어
4,반감,1,명사,한자어
4,반값,0,명사,혼종어
4,반격,0,명사,한자어
4,반격하다,0,동사,혼종어
4,반공,1,명사,한자어
4,반기,2,명사,한자어
4,반도체,0,명사,한자어
4,반동,0,명사,한자어
4,반들반들,1,부사,고유어
4,반들반들하다,1,형용사,고유어
4,반디,0,명사,고유어
4,반딧불,0,명사,고유어
4,반란군,0,명사,한자어
4,반려동물,0,명사,한자어
4,반려자,0,명사,한자어
4,반론,0,명사,한자어
4,반론하다,0,동사,혼종어
4,반만년,0,명사,한자어
4,반문,1,명사,한자어
4,반문하다,1,동사,혼종어
4,반미,1,명사,한자어
4,반박하다,1,동사,혼종어
4,반반하다,1,형용사,고유어
4,반발하다,0,동사,혼종어
4,반별,0,명사,한자어
4,반사경,0,명사,한자어
4,반사적,0,명사/관형사,한자어
4,반색하다,0,동사,고유어
4,반세기,0,명사,한자어
4,반소매,0,명사,혼종어
4,반숙,0,명사,한자어
4,반역죄,0,명사,한자어
4,반영되다,0,동사,혼종어
4,반올림,0,명사,혼종어
4,반올림하다,0,동사,혼종어
4,반원,1,명사,한자어
4,반음,2,명사,한자어
4,반의반,0,명사,혼종어
4,반작용,0,명사,한자어
4,반점,3,명사,한자어
4,반주,8,명사,한자어
4,반지름,0,명사,혼종어
4,반짇고리,0,명사,고유어
4,반질반질하다,0,형용사/동사,고유어
4,반칙하다,0,동사,혼종어
4,반투명,0,명사,한자어
4,반포,3,명사,한자어
4,반품,2,명사,한자어
4,받아넘기다,0,동사,고유어
4,받침돌,0,명사,고유어
4,받히다,2,동사,고유어
4,발간하다,1,동사,혼종어
4,발굴되다,0,동사,혼종어
4,발굽,0,명사,고유어
4,발그스름하다,0,형용사,고유어
4,발급되다,0,동사,혼종어
4,발긋발긋,0,부사,고유어
4,발길질하다,0,동사,고유어
4,발단,0,명사,한자어
4,발돋움하다,0,동사,고유어
4,발동선,0,명사,한자어
4,발동작,0,명사,혼종어
4,발딱,0,부사,고유어
4,발라드,0,명사,외래어
4,발령,0,명사,한자어
4,발령하다,0,동사,혼종어
4,발명되다,0,동사,혼종어
4,발명왕,0,명사,한자어
4,발병,1,명사,혼종어
4,발병,3,명사,한자어
4,발붙이다,0,동사,고유어
4,발상,3,명사,한자어
4,발생률,0,명사,한자어
4,발성,0,명사,한자어
4,발신인,0,명사,한자어
4,발악,0,명사,한자어
4,발악하다,0,동사,혼종어
4,발암,0,명사,한자어
4,발야구,0,명사,혼종어
4,발언권,0,명사,한자어
4,발육,0,명사,한자어
4,발전,2,명사,한자어
4,발전기,3,명사,한자어
4,발전량,0,명사,한자어
4,발전상,0,명사,한자어
4,발짓,0,명사,고유어
4,발췌,0,명사,한자어
4,발치,1,명사,고유어
4,발코니,0,명사,외래어
4,발탁되다,0,동사,혼종어
4,발표문,0,명사,한자어
4,발표자,0,명사,한자어
4,발하다,2,동사,혼종어
4,발행되다,0,동사,혼종어
4,발행인,0,명사,한자어
4,발효,1,명사,한자어
4,발효,2,명사,한자어
4,발휘되다,0,동사,혼종어
4,밝기,0,명사,고유어
4,밤고구마,0,명사,고유어
4,밤공기,0,명사,혼종어
4,밤낮없이,0,부사,고유어
4,밤비,0,명사,고유어
4,밤사이,0,명사,고유어
4,밤새껏,0,부사,고유어
4,밤샘,0,명사,고유어
4,밤송이,0,명사,고유어
4,밤톨,0,명사,고유어
4,밥맛없다,0,형용사,고유어
4,밥물,0,명사,고유어
4,밥상머리,0,명사,혼종어
4,밥상보,0,명사,혼종어
4,밥줄,0,명사,고유어
4,밥하다,0,동사,고유어
4,방과,3,명사,한자어
4,방관,0,명사,한자어
4,방관하다,0,동사,혼종어
4,방긋이,1,부사,고유어
4,방대하다,0,형용사,혼종어
4,방도,1,명사,한자어
4,방독면,0,명사,한자어
4,방망이질,0,명사,고유어
4,방면,1,명사,한자어
4,방명록,0,명사,한자어
4,방문단,0,명사,한자어
4,방문자,0,명사,한자어
4,방범,0,명사,한자어
4,방범대원,0,명사,한자어
4,방부제,0,명사,한자어
4,방비,2,명사,한자어
4,방사능,0,명사,한자어
4,방송극,0,명사,한자어
4,방심,1,명사,한자어
4,방아깨비,0,명사,고유어
4,방어선,0,명사,한자어
4,방언,1,명사,한자어
4,방영,2,명사,한자어
4,방영되다,0,동사,혼종어
4,방영하다,0,동사,혼종어
4,방울꽃,1,명사,고유어
4,방울방울,0,명사/부사,고유어
4,방울뱀,0,명사,고유어
4,방위,1,명사,한자어
4,방위판,0,명사,한자어
4,방위표,0,명사,한자어
4,방위하다,2,동사,혼종어
4,방음벽,0,명사,한자어
4,방임,3,명사,한자어
4,방정맞다,0,형용사,고유어
4,방정식,0,명사,한자어
4,방지,3,명사,한자어
4,방직,3,명사,한자어
4,방직업,0,명사,한자어
4,방청객,0,명사,한자어
4,방청하다,0,동사,혼종어
4,방치,3,명사,한자어
4,방침,2,명사,한자어
4,방탕하다,0,형용사,혼종어
4,방파제,0,명사,한자어
4,방패연,0,명사,한자어
4,방한복,0,명사,한자어
4,방화벽,0,명사,한자어
4,밭갈이,0,명사,고유어
4,밭고랑,0,명사,고유어
4,밭곡식,0,명사,혼종어
4,밭길,0,명사,고유어
4,밭두렁,0,명사,고유어
4,밭머리,0,명사,고유어
4,밭일,0,명사,고유어
4,배관공,0,명사,한자어
4,배구공,0,명사,혼종어
4,배기가스,0,명사,혼종어
4,배기다,2,동사,고유어
4,배꽃,0,명사,고유어
4,배달부,0,명사,한자어
4,배란,0,명사,한자어
4,배분하다,0,동사,혼종어
4,배상,5,명사,한자어
4,배상하다,4,동사,혼종어
4,배색,0,명사,한자어
4,배설,1,명사,한자어
4,배설되다,1,동사,혼종어
4,배수구,1,명사,한자어
4,배수로,0,명사,한자어
4,배시시,0,부사,고유어
4,배앓이,0,명사,고유어
4,배열되다,0,동사,혼종어
4,배영,0,명사,한자어
4,배움터,0,명사,고유어
4,배율,1,명사,한자어
4,배짱,0,명사,고유어
4,배짱부리다,0,동사,고유어
4,배척되다,0,동사,혼종어
4,배추흰나비,0,명사,고유어
4,배출하다,1,동사,혼종어
4,배치도,0,명사,한자어
4,배치되다,2,동사,혼종어
4,배턴,0,명사,외래어
4,배틀,0,부사,고유어
4,배편,0,명사,혼종어
4,배포,2,명사,한자어
4,배포되다,0,동사,혼종어
4,배합,0,명사,한자어
4,백골,0,명사,한자어
4,백곰,0,명사,혼종어
4,백관,3,명사,한자어
4,백구,1,명사,한자어
4,백금,1,명사,한자어
4,백마,1,명사,한자어
4,백만장자,0,명사,한자어
4,백미,2,명사,한자어
4,백반,2,명사,한자어
4,백발,2,명사,한자어
4,백분율,0,명사,한자어
4,백설,1,명사,한자어
4,백설기,0,명사,혼종어
4,백열등,0,명사,한자어
4,백엽상,0,명사,한자어
4,백옥,1,명사,한자어
4,백일잔치,0,명사,혼종어
4,백일장,0,명사,한자어
4,백일홍,0,명사,한자어
4,백자,3,명사,한자어
4,백작,2,명사,한자어
4,백전백승하다,0,동사,혼종어
4,백제,2,명사,한자어
4,백지도,0,명사,한자어
4,백지장,0,명사,한자어
4,백혈병,0,명사,한자어
4,뱀장어,0,명사,혼종어
4,뱃가죽,0,명사,고유어
4,뱃노래,0,명사,고유어
4,뱃놀이,1,명사,고유어
4,뱃머리,0,명사,고유어
4,뱃전,0,명사,고유어
4,뱅어포,0,명사,혼종어
4,버겁다,0,형용사,고유어
4,버금가다,0,동사,고유어
4,버너,0,명사,외래어
4,버들,1,명사,고유어
4,버들가지,1,명사,고유어
4,버들강아지,0,명사,고유어
4,버들잎,1,명사,고유어
4,버들피리,0,명사,고유어
4,버러지,0,명사,고유어
4,버럭버럭,0,부사,고유어
4,버릇없다,0,형용사,고유어
4,버림받다,0,동사,고유어
4,버무리다,0,동사,고유어
4,버선,0,명사,고유어
4,버선발,0,명사,고유어
4,벅차오르다,0,동사,고유어
4,번거롭다,0,형용사,고유어
4,번득이다,0,동사,고유어
4,번들거리다,1,동사,고유어
4,번뜩이다,0,동사,고유어
4,번민,1,명사,한자어
4,번민하다,0,동사,혼종어
4,번번히,0,부사,고유어
4,번복하다,0,동사,혼종어
4,번성하다,0,동사/형용사,혼종어
4,번식지,0,명사,한자어
4,번영,2,명사,한자어
4,번영하다,0,형용사/동사,혼종어
4,번잡하다,0,형용사,혼종어
4,번지,2,명사,한자어
4,번쩍거리다,0,동사,고유어
4,번트,0,명사,외래어
4,번호표,0,명사,한자어
4,벌거숭이산,0,명사,혼종어
4,벌꿀,0,명사,고유어
4,벌떡벌떡,0,부사,고유어
4,벌떼,0,명사,고유어
4,벌러덩,0,부사,고유어
4,벌름거리다,0,동사,고유어
4,벌이,0,명사,고유어
4,벌점,0,명사,한자어
4,벌초,0,명사,한자어
4,벌하다,0,동사,혼종어
4,범람,0,명사,한자어
4,범람하다,0,동사,혼종어
4,범칙금,0,명사,한자어
4,범퍼카,0,명사,외래어
4,범하다,0,동사,혼종어
4,범행,1,명사,한자어
4,법관,0,명사,한자어
4,법규,0,명사,한자어
4,법령,2,명사,한자어
4,법률안,0,명사,한자어
4,법무부,0,명사,한자어
4,법사,4,명사,한자어
4,법안,1,명사,한자어
4,법적,1,명사/관형사,한자어
4,법전,1,명사,한자어
4,법정,1,명사,한자어
4,법치,0,명사,한자어
4,벗님,0,명사,고유어
4,벗어지다,0,동사,고유어
4,벙거지,0,명사,고유어
4,벙글거리다,0,동사,고유어
4,벙글벙글,0,부사,고유어
4,벙글벙글하다,0,동사,고유어
4,벙긋,2,부사,고유어
4,벙벙하다,1,형용사,고유어
4,베갯잇,0,명사,고유어
4,베니어,0,명사,외래어
4,베이스,1,명사,외래어
4,베일,0,명사,외래어
4,베테랑,0,명사,외래어
4,벼룩,0,명사,고유어
4,벼룩시장,0,명사,혼종어
4,벼슬길,0,명사,고유어
4,벼슬살이,0,명사,고유어
4,벼슬자리,0,명사,고유어
4,벽돌담,0,명사,혼종어
4,벽돌집,0,명사,혼종어
4,벽장문,0,명사,한자어
4,변기통,0,명사,한자어
4,변덕스럽다,0,형용사,혼종어
4,변덕쟁이,0,명사,혼종어
4,변론,0,명사,한자어
4,변변찮다,0,형용사,고유어
4,변상하다,0,동사,혼종어
4,변색,2,명사,한자어
4,변색되다,0,동사,혼종어
4,변수,6,명사,한자어
4,변압기,0,명사,한자어
4,변장,2,명사,한자어
4,변장술,0,명사,한자어
4,변주곡,0,명사,한자어
4,변질,0,명사,한자어
4,변질되다,0,동사,혼종어
4,변천,3,명사,한자어
4,변태,0,명사,한자어
4,변한,0,명사,한자어
4,변형되다,0,동사,혼종어
4,변호인,0,명사,한자어
4,변호하다,0,동사,혼종어
4,변화무쌍하다,0,형용사,혼종어
4,변환,3,명사,한자어
4,변환하다,2,동사,혼종어
4,별꼴,0,명사,혼종어
4,별말씀,0,명사,혼종어
4,별문제,0,명사,한자어
4,별미,0,명사,한자어
4,별생각,0,명사,혼종어
4,별세하다,0,동사,혼종어
4,별수,1,명사,혼종어
4,별종,0,명사,한자어
4,별채,2,명사,혼종어
4,별칭,0,명사,한자어
4,볍씨,0,명사,고유어
4,볏,1,명사,고유어
4,볏단,0,명사,고유어
4,볏섬,0,명사,고유어
4,볏짚,0,명사,고유어
4,병기,2,명사,한자어
4,병나다,0,동사,혼종어
4,병력,1,명사,한자어
4,병렬,0,명사,한자어
4,병상,1,명사,한자어
4,병세,2,명사,한자어
4,병약하다,0,형용사,혼종어
4,병역,0,명사,한자어
4,병원균,0,명사,한자어
4,병원선,0,명사,한자어
4,병인양요,0,명사,한자어
4,병자호란,0,명사,한자어
4,병정놀이,0,명사,혼종어
4,병충해,0,명사,한자어
4,병행되다,0,동사,혼종어
4,병행하다,0,동사,혼종어
4,병환,1,명사,한자어
4,보,10,명사,한자어
4,보고문,0,명사,한자어
4,보관소,0,명사,한자어
4,보관함,0,명사,한자어
4,보급,1,명사,한자어
4,보급되다,1,동사,혼종어
4,보급로,0,명사,한자어
4,보급품,0,명사,한자어
4,보급하다,1,동사,혼종어
4,보도,4,명사,한자어
4,보도되다,0,동사,혼종어
4,보도블록,0,명사,혼종어
4,보도하다,2,동사,혼종어
4,보드득,0,부사,고유어
4,보들보들하다,0,형용사,고유어
4,보듬다,0,동사,고유어
4,보디가드,0,명사,외래어
4,보릿고개,0,명사,고유어
4,보배롭다,0,형용사,고유어
4,보병,1,명사,한자어
4,보복,2,명사,한자어
4,보복하다,2,동사,혼종어
4,보부상,0,명사,한자어
4,보상,1,명사,한자어
4,보상금,2,명사,한자어
4,보상하다,1,동사,혼종어
4,보석상,0,명사,한자어
4,보수,5,명사,한자어
4,보수,8,명사,한자어
4,보수,10,명사,한자어
4,보수하다,6,동사,혼종어
4,보슬비,0,명사,고유어
4,보얗다,0,형용사,고유어
4,보온병,0,명사,한자어
4,보완,0,명사,한자어
4,보완되다,0,동사,혼종어
4,보완하다,0,동사,혼종어
4,보유,1,명사,한자어
4,보유하다,1,동사,혼종어
4,보육,0,명사,한자어
4,보잘것없다,0,형용사,고유어
4,보장,1,명사,한자어
4,보장되다,0,동사,혼종어
4,보장하다,1,동사,혼종어
4,보전,2,명사,한자어
4,보전되다,0,동사,혼종어
4,보전하다,1,동사,혼종어
4,보조금,0,명사,한자어
4,보조선,0,명사,한자어
4,보조하다,1,동사,혼종어
4,보증,0,명사,한자어
4,보증금,0,명사,한자어
4,보채다,0,동사,고유어
4,보청기,0,명사,한자어
4,보초,1,명사,한자어
4,보탬,0,명사,고유어
4,보편적,0,명사/관형사,한자어
4,보편화되다,0,동사,혼종어
4,보폭,0,명사,한자어
4,보필하다,2,동사,혼종어
4,보행,0,명사,한자어
4,보행기,0,명사,한자어
4,보행자,0,명사,한자어
4,보험금,0,명사,한자어
4,보험증,0,명사,한자어
4,보호색,0,명사,한자어
4,보호석,0,명사,한자어
4,복구되다,2,동사,혼종어
4,복귀하다,0,동사,혼종어
4,복날,0,명사,혼종어
4,복덩이,0,명사,혼종어
4,복부,1,명사,한자어
4,복사뼈,0,명사,고유어
4,복수,8,명사,한자어
4,복숭아뼈,0,명사,고유어
4,복스럽다,0,형용사,혼종어
4,복슬강아지,0,명사,고유어
4,복용하다,1,동사,혼종어
4,복제되다,0,동사,혼종어
4,복제하다,3,동사,혼종어
4,복종,1,명사,한자어
4,복통,0,명사,한자어
4,복판,1,명사,고유어
4,복합,2,명사,한자어
4,본거지,0,명사,한자어
4,본고장,0,명사,혼종어
4,본관,2,명사,한자어
4,본국,2,명사,한자어
4,본디,0,명사/부사,혼종어
4,본때,0,명사,혼종어
4,본류,1,명사,한자어
4,본부,3,명사,한자어
4,본부석,0,명사,한자어
4,본분,0,명사,한자어
4,본선,3,명사,한자어
4,본성,2,명사,한자어
4,본업,0,명사,한자어
4,본잎,0,명사,혼종어
4,본질적,0,명사/관형사,한자어
4,본토박이,0,명사,혼종어
4,본회의,0,명사,한자어
4,볼기짝,0,명사,고유어
4,볼륨,0,명사,외래어
4,볼멘소리,0,명사,고유어
4,볼우물,0,명사,고유어
4,볼트,1,명사,외래어
4,볼품,0,명사,고유어
4,볼품없이,0,부사,고유어
4,봄놀이하다,0,동사,고유어
4,봄볕,0,명사,고유어
4,봄빛,0,명사,고유어
4,봄소식,0,명사,혼종어
4,봇짐,0,명사,혼종어
4,봉돌,0,명사,고유어
4,봉사,1,명사,고유어
4,봉선화,0,명사,한자어
4,봉수대,0,명사,한자어
4,봉오리,2,명사,고유어
4,봉제품,0,명사,한자어
4,봉화,3,명사,한자어
4,봉화대,0,명사,한자어
4,부각,4,명사,한자어
4,부각하다,1,동사,혼종어
4,부결,1,명사,한자어
4,부결되다,1,동사,혼종어
4,부과되다,0,동사,혼종어
4,부귀,2,명사,한자어
4,부글거리다,0,동사,고유어
4,부기,9,명사,한자어
4,부끄러이,0,부사,고유어
4,부녀,2,명사,한자어
4,부녀자,0,명사,한자어
4,부녀회,0,명사,한자어
4,부농,0,명사,한자어
4,부단히,0,부사,혼종어
4,부당성,0,명사,한자어
4,부동,2,명사,한자어
4,부동산,0,명사,한자어
4,부둣가,0,명사,혼종어
4,부드러이,0,부사,고유어
4,부득이,0,부사,한자어
4,부뚜막,0,명사,고유어
4,부라리다,0,동사,고유어
4,부러트리다,0,동사,고유어
4,부레옥잠,0,명사,혼종어
4,부류,2,명사,한자어
4,부르짖다,0,동사,고유어
4,부릉,0,부사,고유어
4,부릉부릉,0,부사,고유어
4,부리나케,0,부사,고유어
4,부리부리하다,0,형용사,고유어
4,부문,6,명사,한자어
4,부분품,0,명사,한자어
4,부산,1,명사,고유어
4,부산스럽다,0,형용사,고유어
4,부상병,0,명사,한자어
4,부서,11,명사,한자어
4,부스러뜨리다,0,동사,고유어
4,부스러지다,0,동사,고유어
4,부스럼,0,명사,고유어
4,부스스,0,부사,고유어
4,부식되다,3,동사,혼종어
4,부실,1,명사,한자어
4,부싯돌,0,명사,고유어
4,부양,1,명사,한자어
4,부양하다,1,동사,혼종어
4,부어오르다,0,동사,고유어
4,부업,2,명사,한자어
4,부엉,0,부사,고유어
4,부엌방,0,명사,혼종어
4,부여되다,1,동사,혼종어
4,부여잡다,0,동사,고유어
4,부여하다,1,동사,혼종어
4,부엽토,0,명사,한자어
4,부원,2,명사,한자어
4,부원수,0,명사,한자어
4,부유하다,1,동사,혼종어
4,부의장,0,명사,한자어
4,부인,2,명사,한자어
4,부인과,0,명사,한자어
4,부임하다,0,동사,혼종어
4,부장품,0,명사,한자어
4,부재,2,명사,한자어
4,부재중,0,명사,한자어
4,부적당하다,0,형용사,혼종어
4,부적절하다,0,형용사,혼종어
4,부정,2,명사,한자어
4,부정,7,명사,한자어
4,부정부패,0,명사,한자어
4,부정적,0,명사/관형사,한자어
4,부주의하다,0,형용사,혼종어
4,부진,1,명사,한자어
4,부질없다,0,형용사,고유어
4,부질없이,0,부사,고유어
4,부착,0,명사,한자어
4,부채,4,명사,혼종어
4,부채꼴,0,명사,고유어
4,부채춤,0,명사,고유어
4,부챗살,0,명사,고유어
4,부처,4,명사,한자어
4,부처님,0,명사,고유어
4,부츠,0,명사,외래어
4,부치다,1,동사,고유어
4,부친,0,명사,한자어
4,부탄가스,0,명사,외래어
4,부통령,0,명사,한자어
4,부패되다,0,동사,혼종어
4,부합되다,2,동사,혼종어
4,부합하다,2,동사,혼종어
4,부화기,0,명사,한자어
4,부화하다,1,동사,혼종어
4,부활하다,1,동사,혼종어
4,부흥,0,명사,한자어
4,북괴,0,명사,한자어
4,북극성,0,명사,한자어
4,북녘,0,명사,혼종어
4,북도,0,명사,한자어
4,북돋다,0,동사,고유어
4,북동,0,명사,한자어
4,북동쪽,0,명사,혼종어
4,북문,0,명사,한자어
4,북반구,0,명사,한자어
4,북받치다,0,동사,고유어
4,북방,0,명사,한자어
4,북북,0,부사,고유어
4,북상하다,0,동사,혼종어
4,북서,1,명사,한자어
4,북서쪽,0,명사,혼종어
4,북서풍,0,명사,한자어
4,북엇국,0,명사,혼종어
4,북장단,0,명사,고유어
4,북채,1,명사,고유어
4,북측,0,명사,한자어
4,북풍,0,명사,한자어
4,분가루,0,명사,혼종어
4,분간,0,명사,한자어
4,분간하다,0,동사,혼종어
4,분갈이,0,명사,혼종어
4,분개하다,3,동사,혼종어
4,분뇨,2,명사,한자어
4,분담,0,명사,한자어
4,분담하다,0,동사,혼종어
4,분배,0,명사,한자어
4,분배하다,0,동사,혼종어
4,분별력,0,명사,한자어
4,분별하다,0,동사,혼종어
4,분부하다,1,동사,혼종어
4,분분하다,3,형용사,혼종어
4,분비,1,명사,한자어
4,분비되다,0,동사,혼종어
4,분비물,0,명사,한자어
4,분비하다,1,동사,혼종어
4,분산되다,0,동사,혼종어
4,분산하다,2,동사,혼종어
4,분석되다,0,동사,혼종어
4,분수,5,명사,한자어
4,분신,1,명사,한자어
4,분양,1,명사,한자어
4,분양하다,0,동사,혼종어
4,분업,0,명사,한자어
4,분열하다,2,동사,혼종어
4,분자,1,명사,한자어
4,분자,2,명사,한자어
4,분쟁하다,3,동사,혼종어
4,분주하다,5,형용사/동사,혼종어
4,분주히,0,부사,혼종어
4,분지르다,0,동사,고유어
4,분출되다,0,동사,혼종어
4,분침,1,명사,한자어
4,분통,2,명사,한자어
4,분포,2,명사,한자어
4,분포되다,0,동사,혼종어
4,분포하다,2,동사,혼종어
4,분하다,1,동사,혼종어
4,분할,1,명사,한자어
4,분할하다,1,동사,혼종어
4,분해자,0,명사,한자어
4,분화구,0,명사,한자어
4,분황사,0,명사,한자어
4,불가마,0,명사,고유어
4,불가사리,1,명사,고유어
4,불가사의,0,명사/수사/관형사,한자어
4,불가사의하다,0,형용사,혼종어
4,불가피하다,0,형용사,혼종어
4,불거지다,0,동사,고유어
4,불건전하다,0,형용사,혼종어
4,불결하다,0,형용사,혼종어
4,불경,4,명사,한자어
4,불공정하다,0,형용사,혼종어
4,불과,1,부사,한자어
4,불과하다,0,형용사,혼종어
4,불구,2,명사,한자어
4,불구자,0,명사,한자어
4,불균형하다,0,형용사,혼종어
4,불그레하다,0,형용사,고유어
4,불그스레하다,0,형용사,고유어
4,불긋불긋하다,0,형용사,고유어
4,불기,5,명사,한자어
4,불기둥,0,명사,고유어
4,불끈불끈,0,부사,고유어
4,불능,0,명사,한자어
4,불도,2,명사,한자어
4,불량배,0,명사,한자어
4,불량품,0,명사,한자어
4,불로초,0,명사,한자어
4,불만족,0,명사,한자어
4,불매,1,명사,한자어
4,불면증,0,명사,한자어
4,불바다,0,명사,고유어
4,불벼락,0,명사,고유어
4,불변하다,1,동사,혼종어
4,불변하다,2,동사,혼종어
4,불볕,0,명사,고유어
4,불볕더위,0,명사,고유어
4,불붙다,0,동사,고유어
4,불사신,0,명사,한자어
4,불사조,0,명사,한자어
4,불순물,0,명사,한자어
4,불순하다,1,형용사,혼종어
4,불신,2,명사,한자어
4,불쑥불쑥,0,부사,고유어
4,불안스레,0,부사,혼종어
4,불안정하다,0,형용사,혼종어
4,불어,3,명사,한자어
4,불완전,0,명사,한자어
4,불완전하다,0,형용사,혼종어
4,불우하다,1,동사,혼종어
4,불의,2,명사,한자어
4,불이익,0,명사,한자어
4,불임,1,명사,한자어
4,불자동차,0,명사,혼종어
4,불참,1,명사,한자어
4,불참자,0,명사,한자어
4,불참하다,1,동사,혼종어
4,불충분하다,0,형용사,혼종어
4,불치병,0,명사,한자어
4,불쾌지수,0,명사,한자어
4,불타오르다,0,동사,고유어
4,불특정,0,명사,한자어
4,불평등,0,명사,한자어
4,불평등하다,0,형용사,혼종어
4,불허하다,0,동사,혼종어
4,불현듯,0,부사,고유어
4,불호령,0,명사,혼종어
4,불화,2,명사,한자어
4,불화살,0,명사,고유어
4,불확실하다,0,형용사,혼종어
4,불효자,0,대명사/명사,한자어
4,붐,2,명사,외래어
4,붓꽃,0,명사,고유어
4,붕괴,0,명사,한자어
4,붕괴하다,0,동사,혼종어
4,붕산,0,명사,한자어
4,붕장어,0,명사,혼종어
4,붙임성,0,명사,혼종어
4,브러시,0,명사,외래어
4,브리핑,0,명사,외래어
4,브이,0,명사,외래어
4,블랙커피,0,명사,외래어
4,블로그,0,명사,외래어
4,비결,3,명사,한자어
4,비계,1,명사,고유어
4,비공식,0,명사,한자어
4,비관하다,0,동사,혼종어
4,비교되다,0,동사,혼종어
4,비극적,0,명사/관형사,한자어
4,비금속,1,명사,한자어
4,비껴가다,0,동사,고유어
4,비누질,0,명사,고유어
4,비닐우산,0,명사,혼종어
4,비단결,0,명사,혼종어
4,비단길,0,명사,혼종어
4,비단실,0,명사,혼종어
4,비단옷,0,명사,혼종어
4,비디오카메라,0,명사,외래어
4,비디오테이프,0,명사,외래어
4,비례,1,명사,한자어
4,비례식,0,명사,한자어
4,비리,3,명사,한자어
4,비리다,0,형용사,고유어
4,비밀회의,0,명사,한자어
4,비방,4,명사,한자어
4,비방하다,3,동사,혼종어
4,비버,0,명사,외래어
4,비범하다,0,형용사,혼종어
4,비상금,0,명사,한자어
4,비상사태,0,명사,한자어
4,비상시,0,명사,한자어
4,비상하다,1,형용사,혼종어
4,비속어,0,명사,한자어
4,비슬비슬,0,부사,고유어
4,비아냥거리다,0,동사,고유어
4,비열하다,1,형용사,혼종어
4,비옥하다,0,형용사,혼종어
4,비올라,0,명사,외래어
4,비유적,0,명사/관형사,한자어
4,비율,2,명사,한자어
4,비인간적,0,명사/관형사,한자어
4,비자,7,명사,외래어
4,비장하다,3,형용사,혼종어
4,비정하다,3,형용사,혼종어
4,비지땀,0,명사,고유어
4,비집다,0,동사,고유어
4,비쩍,0,부사,고유어
4,비천하다,1,형용사,혼종어
4,비취색,0,명사,한자어
4,비커,0,명사,외래어
4,비탈길,0,명사,고유어
4,비틀리다,0,동사,고유어
4,비틀어지다,0,동사,고유어
4,비판적,0,명사/관형사,한자어
4,비평하다,0,동사,혼종어
4,비행,2,명사,한자어
4,비행사,0,명사,한자어
4,비행선,1,명사,한자어
4,비행접시,0,명사,혼종어
4,비현실적,0,명사/관형사,한자어
4,빈곤하다,0,형용사,혼종어
4,빈대,1,명사,고유어
4,빈도,2,명사,한자어
4,빈민,0,명사,한자어
4,빈민가,0,명사,한자어
4,빈방,0,명사,혼종어
4,빈번하다,0,형용사,혼종어
4,빈번히,0,부사,혼종어
4,빈부,0,명사,한자어
4,빈정거리다,0,동사,고유어
4,빈터,0,명사,고유어
4,빈틈없다,0,형용사,고유어
4,빈혈,0,명사,한자어
4,빈혈증,0,명사,한자어
4,빌미,0,명사,고유어
4,빗금,1,명사,고유어
4,빗면,0,명사,혼종어
4,빗질하다,0,동사,고유어
4,빙그르르,0,부사,고유어
4,빙긋,0,부사,고유어
4,빙긋이,0,부사,고유어
4,빙산,0,명사,한자어
4,빙상,1,명사,한자어
4,빙판,0,명사,한자어
4,빚어내다,0,동사,고유어
4,빚어지다,0,동사,고유어
4,빚지다,0,동사,고유어
4,빠끔히,0,부사,고유어
4,빠듯이,0,부사,고유어
4,빠듯하다,0,형용사,고유어
4,빠르기,0,명사,고유어
4,빡빡,1,부사,고유어
4,빡빡하다,0,형용사,고유어
4,빨랑빨랑,0,부사,고유어
4,빨래방,0,명사,혼종어
4,빨래판,0,명사,혼종어
4,빨랫감,0,명사,고유어
4,빨랫줄,0,명사,고유어
4,빨리하다,0,동사,고유어
4,빨아올리다,0,동사,고유어
4,빳빳이,0,부사,고유어
4,빵긋빵긋,0,부사,고유어
4,빵빵거리다,0,동사,고유어
4,빼곡하다,0,형용사,고유어
4,빽,1,부사,고유어
4,빽빽이,1,부사,고유어
4,뺑뺑,0,부사,고유어
4,뺑소니,0,명사,고유어
4,뻐기다,1,동사,고유어
4,뻐꾸기시계,0,명사,혼종어
4,뻐드렁니,0,명사,고유어
4,뻗치다,0,동사,고유어
4,뼈마디,0,명사,고유어
4,뼛가루,0,명사,고유어
4,뽀송하다,0,형용사,고유어
4,뽕,2,명사,고유어
4,뽕잎,0,명사,고유어
4,뾰로통하다,0,형용사,고유어
4,뾰족이,0,부사,고유어
4,뿌리내리다,0,동사,고유어
4,뿌리털,0,명사,고유어
4,뿔나다,0,동사,고유어
4,뿔따구,0,명사,고유어
4,삐걱,0,부사,고유어
4,삐삐,1,명사,고유어
4,삐삐,3,부사,고유어
4,삐죽,2,부사,고유어
4,삐죽거리다,0,동사,고유어
4,삑삑,1,부사,고유어
4,삥,2,부사,고유어
4,사각거리다,0,동사,고유어
4,사각뿔,0,명사,혼종어
4,사공,6,명사,한자어
4,사과하다,1,동사,혼종어
4,사교적,0,명사/관형사,한자어
4,사내아이,0,명사,고유어
4,사냥터,0,명사,고유어
4,사다리꼴,0,명사,고유어
4,사단,7,명사,한자어
4,사대문,0,명사,한자어
4,사대부,0,명사,한자어
4,사람됨,0,명사,고유어
4,사려,2,명사,한자어
4,사령관,0,명사,한자어
4,사령부,0,명사,한자어
4,사례,5,명사,한자어
4,사리,8,명사,한자어
4,사리다,0,동사,고유어
4,사리사욕,0,명사,한자어
4,사립문,0,명사,혼종어
4,사망률,0,명사,한자어
4,사면,1,명사,한자어
4,사명,6,명사,한자어
4,사모,6,명사,한자어
4,사모님,0,명사,혼종어
4,사모하다,1,동사,혼종어
4,사무,4,명사,한자어
4,사무국,0,명사,한자어
4,사무라이,0,명사,외래어
4,사무적,0,명사/관형사,한자어
4,사무직,0,명사,한자어
4,사무치다,0,동사,고유어
4,사물놀이,0,명사,혼종어
4,사방팔방,0,명사,한자어
4,사법,2,명사,한자어
4,사법부,0,명사,한자어
4,사변,2,명사,한자어
4,사병,1,명사,한자어
4,사복,3,명사,한자어
4,사본,4,명사,한자어
4,사뿐하다,1,형용사,고유어
4,사뿐히,2,부사,고유어
4,사사로이,0,부사,혼종어
4,사사롭다,0,형용사,혼종어
4,사살,2,명사,한자어
4,사살하다,2,동사,혼종어
4,사상,1,명사,한자어
4,사상가,0,명사,한자어
4,사생활,0,명사,한자어
4,사서,2,명사,한자어
4,사설,1,명사,한자어
4,사설,4,명사,한자어
4,사수,6,명사,한자어
4,사슴벌레,0,명사,고유어
4,사시나무,0,명사,고유어
4,사심,2,명사,한자어
4,사악하다,1,형용사,혼종어
4,사암,1,명사,한자어
4,사업장,0,명사,한자어
4,사용량,0,명사,한자어
4,사용료,0,명사,한자어
4,사원,2,명사,한자어
4,사원,4,명사,한자어
4,사윗감,0,명사,고유어
4,사유,6,명사,한자어
4,사육,4,명사,한자어
4,사육신,0,명사,한자어
4,사육장,0,명사,한자어
4,사육하다,2,동사,혼종어
4,사은품,0,명사,한자어
4,사인,4,명사,한자어
4,사임하다,0,동사,혼종어
4,사잇길,0,명사,고유어
4,사자자리,0,명사,혼종어
4,사자탈,0,명사,혼종어
4,사적,2,명사/관형사,한자어
4,사적지,0,명사,한자어
4,사절,6,명사,한자어
4,사절단,0,명사,한자어
4,사정거리,0,명사,한자어
4,사정사정하다,0,동사,혼종어
4,사정하다,2,동사,혼종어
4,사제,2,명사,한자어
4,사죄하다,1,동사,혼종어
4,사주,3,명사,한자어
4,사주,13,명사,한자어
4,사진사,0,명사,한자어
4,사진작가,0,명사,한자어
4,사진틀,0,명사,혼종어
4,사찰,2,명사,한자어
4,사철,1,명사,혼종어
4,사철나무,0,명사,혼종어
4,사치하다,2,형용사/동사,혼종어
4,사탕수수,0,명사,혼종어
4,사태,3,명사,한자어
4,사택,1,명사,한자어
4,사택,3,명사,한자어
4,사투,1,명사,한자어
4,사포질,0,명사,혼종어
4,사하다,3,동사,혼종어
4,사형장,0,명사,한자어
4,사형하다,0,동사,혼종어
4,사회과,0,명사,한자어
4,사회면,0,명사,한자어
4,사회성,0,명사,한자어
4,사회인,0,명사,한자어
4,사회주의,0,명사,한자어
4,사후,1,명사,한자어
4,삭다,0,동사,고유어
4,삭막하다,0,형용사,혼종어
4,삭삭,1,부사,고유어
4,삭이다,2,동사,고유어
4,삭제되다,0,동사,혼종어
4,삭풍,0,명사,한자어
4,삭히다,0,동사,고유어
4,삯,0,명사,고유어
4,삯바느질,0,명사,고유어
4,산간,0,명사,한자어
4,산동네,0,명사,혼종어
4,산등성이,0,명사,혼종어
4,산림,0,명사,한자어
4,산림청,0,명사,한자어
4,산마루,0,명사,혼종어
4,산머리,0,명사,혼종어
4,산모,2,명사,한자어
4,산모퉁이,0,명사,혼종어
4,산문,3,명사,한자어
4,산물,2,명사,한자어
4,산바람,0,명사,혼종어
4,산보,2,명사,한자어
4,산산이,0,부사,혼종어
4,산성,1,명사,한자어
4,산성,4,명사,한자어
4,산성비,0,명사,혼종어
4,산소통,0,명사,한자어
4,산수유,0,명사,한자어
4,산수화,0,명사,한자어
4,산술,2,명사,한자어
4,산신,1,명사,한자어
4,산신령,0,명사,한자어
4,산악,1,명사,한자어
4,산악인,0,명사,한자어
4,산업용,0,명사,한자어
4,산업체,0,명사,한자어
4,산업화,0,명사,한자어
4,산울림,0,명사,혼종어
4,산자락,0,명사,혼종어
4,산장,3,명사,한자어
4,산줄기,0,명사,혼종어
4,산짐승,0,명사,혼종어
4,산채,1,명사,한자어
4,산천,0,명사,한자어
4,산초,2,명사,한자어
4,산촌,1,명사,한자어
4,산출,1,명사,한자어
4,산타,0,명사,외래어
4,산해진미,0,명사,한자어
4,산행,0,명사,한자어
4,산허리,0,명사,혼종어
4,살갑다,0,형용사,고유어
4,살결,0,명사,고유어
4,살구꽃,0,명사,고유어
4,살구나무,0,명사,고유어
4,살균,0,명사,한자어
4,살그머니,0,부사,고유어
4,살랑,1,부사,고유어
4,살랑거리다,1,동사,고유어
4,살랑바람,0,명사,고유어
4,살래살래,0,부사,고유어
4,살림집,0,명사,고유어
4,살림하다,0,동사,고유어
4,살모사,0,명사,한자어
4,살상,0,명사,한자어
4,살생,0,명사,한자어
4,살생하다,0,동사,혼종어
4,살아생전,0,명사,혼종어
4,살육,0,명사,한자어
4,살인마,0,명사,한자어
4,살짝궁,0,부사,고유어
4,살충제,0,명사,한자어
4,살쾡이,0,명사,고유어
4,살포하다,0,동사,혼종어
4,살해,1,명사,한자어
4,살해되다,0,동사,혼종어
4,살해하다,0,동사,혼종어
4,삼가,1,부사,고유어
4,삼각대,0,명사,한자어
4,삼각뿔,0,명사,혼종어
4,삼각자,0,명사,혼종어
4,삼각팬티,0,명사,혼종어
4,삼강,2,명사,한자어
4,삼강오륜,0,명사,한자어
4,삼권,0,명사,한자어
4,삼나무,0,명사,혼종어
4,삼다,1,동사,고유어
4,삼류,0,명사,한자어
4,삼림,0,명사,한자어
4,삼림욕,0,명사,한자어
4,삼면,0,명사,한자어
4,삼발이,0,명사,혼종어
4,삼베,0,명사,고유어
4,삼베옷,0,명사,고유어
4,삼별초,0,명사,한자어
4,삼복,1,명사,한자어
4,삼색,0,명사,한자어
4,삼원색,0,명사,한자어
4,삼자,3,명사,한자어
4,삼치,0,명사,고유어
4,삼팔선,0,명사,한자어
4,삼한,2,명사,한자어
4,삼행시,0,명사,한자어
4,삽시간,0,명사,한자어
4,삽입,0,명사,한자어
4,삽질하다,0,동사,고유어
4,삽화,2,명사,한자어
4,삿갓,0,명사,고유어
4,삿대,0,명사,고유어
4,삿대질,0,명사,고유어
4,상감,1,명사,한자어
4,상감마마,0,명사,한자어
4,상공,3,명사,한자어
4,상공업,0,명사,한자어
4,상권,1,명사,한자어
4,상권,2,명사,한자어
4,상극,0,명사,한자어
4,상급,1,명사,한자어
4,상기되다,1,동사,혼종어
4,상놈,0,명사,혼종어
4,상단,1,명사,한자어
4,상담소,0,명사,한자어
4,상담원,0,명사,한자어
4,상당,4,명사,한자어
4,상당수,0,명사,한자어
4,상대국,0,명사,한자어
4,상대성,0,명사,한자어
4,상대적,0,명사/관형사,한자어
4,상류층,0,명사,한자어
4,상륙,1,명사,한자어
4,상모,3,명사,한자어
4,상무,3,명사,한자어
4,상민,2,명사,한자어
4,상반기,0,명사,한자어
4,상벌,2,명사,한자어
4,상복,7,명사,한자어
4,상봉,3,명사,한자어
4,상봉하다,2,동사,혼종어
4,상부상조,0,명사,한자어
4,상부상조하다,0,동사,혼종어
4,상사,5,명사,한자어
4,상사병,0,명사,한자어
4,상상화,0,명사,한자어
4,상석,3,명사,한자어
4,상소,2,명사,한자어
4,상소문,0,명사,한자어
4,상속,0,명사,한자어
4,상속되다,0,동사,혼종어
4,상속하다,0,동사,혼종어
4,상수도,0,명사,한자어
4,상수리나무,0,명사,고유어
4,상수원,0,명사,한자어
4,상스럽다,0,형용사,혼종어
4,상습,0,명사,한자어
4,상승하다,1,동사,혼종어
4,상식적,0,명사/관형사,한자어
4,상실하다,2,동사,혼종어
4,상심,4,명사,한자어
4,상연되다,0,동사,혼종어
4,상영되다,0,동사,혼종어
4,상온,2,명사,한자어
4,상위,1,명사,한자어
4,상의,1,명사,한자어
4,상이하다,0,형용사,혼종어
4,상전,2,명사,한자어
4,상징되다,0,동사,혼종어
4,상큼하다,1,형용사,고유어
4,상투,1,명사,고유어
4,상품명,0,명사,한자어
4,상품성,0,명사,한자어
4,상품화,0,명사,한자어
4,상품화되다,0,동사,혼종어
4,상현달,0,명사,혼종어
4,상호,12,명사,한자어
4,상회,4,명사,한자어
4,샅바,0,명사,고유어
4,새겨듣다,0,동사,고유어
4,새근새근,1,부사,고유어
4,새김,1,명사,고유어
4,새김질,2,명사,고유어
4,새끼손톱,0,명사,고유어
4,새끼줄,0,명사,고유어
4,새다,2,동사,고유어
4,새벽녘,0,명사,고유어
4,새벽이슬,0,명사,고유어
4,새살,1,명사,고유어
4,새삼,1,부사,고유어
4,새삼스럽다,0,형용사,고유어
4,새삼스레,0,부사,고유어
4,새순,0,명사,혼종어
4,새알,0,명사,고유어
4,새언니,0,명사,고유어
4,새우볶음,0,명사,고유어
4,새우젓,0,명사,고유어
4,새우튀김,0,명사,고유어
4,새참,2,명사,고유어
4,새침데기,0,명사,고유어
4,새콤새콤,0,부사,고유어
4,새털구름,0,명사,고유어
4,새해맞이,0,명사,고유어
4,색동,1,명사,혼종어
4,색동옷,0,명사,혼종어
4,색색,2,명사,한자어
4,색색이,0,부사,혼종어
4,색소폰,0,명사,외래어
4,색실,0,명사,혼종어
4,색안경,0,명사,한자어
4,색인,2,명사,한자어
4,색채,0,명사,한자어
4,색출하다,0,동사,혼종어
4,샌님,0,명사,고유어
4,샐비어,0,명사,외래어
4,샘터,0,명사,고유어
4,샛길,1,명사,고유어
4,샛노랗다,0,형용사,고유어
4,샛바람,0,명사,고유어
4,생가,1,명사,한자어
4,생강차,0,명사,혼종어
4,생계비,0,명사,한자어
4,생고구마,0,명사,혼종어
4,생고무,0,명사,혼종어
4,생굴,0,명사,혼종어
4,생긋,0,부사,고유어
4,생동하다,0,형용사/동사,혼종어
4,생라면,0,명사,혼종어
4,생리,3,명사,한자어
4,생리대,0,명사,한자어
4,생리적,0,명사/관형사,한자어
4,생리통,0,명사,한자어
4,생맥주,0,명사,한자어
4,생물학,0,명사,한자어
4,생물학자,0,명사,한자어
4,생산량,0,명사,한자어
4,생산력,0,명사,한자어
4,생산물,0,명사,한자어
4,생산비,0,명사,한자어
4,생산성,0,명사,한자어
4,생산자,0,명사,한자어
4,생산적,0,명사/관형사,한자어
4,생산지,0,명사,한자어
4,생산품,0,명사,한자어
4,생생히,0,부사,고유어
4,생선회,0,명사,한자어
4,생성되다,0,동사,혼종어
4,생성하다,0,동사,혼종어
4,생식,3,명사,한자어
4,생식기,2,명사,한자어
4,생애,0,명사,한자어
4,생이별,0,명사,한자어
4,생일잔치하다,0,동사,혼종어
4,생장,1,명사,한자어
4,생존권,0,명사,한자어
4,생존자,0,명사,한자어
4,생존하다,0,동사,혼종어
4,생지옥,0,명사,한자어
4,생채기,0,명사,고유어
4,생체,0,명사,한자어
4,생풀,3,명사,혼종어
4,생화학,0,명사,한자어
4,생활고,0,명사,한자어
4,생활권,1,명사,한자어
4,생활상,0,명사,한자어
4,생활용수,0,명사,한자어
4,생활필수품,0,명사,한자어
4,생활화,0,명사,한자어
4,생활화되다,0,동사,혼종어
4,생활화하다,0,동사,혼종어
4,생후,0,명사,한자어
4,샤쓰,0,명사,외래어
4,샤프심,0,명사,혼종어
4,샤프펜슬,0,명사,외래어
4,샬레,2,명사,외래어
4,서거,0,명사,한자어
4,서곡,2,명사,한자어
4,서기,1,명사,한자어
4,서남,1,명사,한자어
4,서남쪽,0,명사,혼종어
4,서낭당,0,명사,혼종어
4,서너,0,관형사,고유어
4,서녘,0,명사,혼종어
4,서느렇다,0,형용사,고유어
4,서대문,0,명사,한자어
4,서론,1,명사,한자어
4,서리,1,명사,고유어
4,서리,3,명사,고유어
4,서명하다,1,동사,혼종어
4,서문,1,명사,한자어
4,서문,3,명사,한자어
4,서민,0,명사,한자어
4,서방,1,명사,한자어
4,서방,2,명사,한자어
4,서버,2,명사,외래어
4,서북,0,명사,한자어
4,서북쪽,0,명사,혼종어
4,서비스업,0,명사,혼종어
4,서성이다,0,동사,고유어
4,서술,0,명사,한자어
4,서술어,0,명사,한자어
4,서술하다,0,동사,혼종어
4,서슴다,0,동사,고유어
4,서슴없이,0,부사,고유어
4,서식,2,명사,한자어
4,서식지,0,명사,한자어
4,서약,0,명사,한자어
4,서약서,0,명사,한자어
4,서약하다,0,동사,혼종어
4,서양식,0,명사,한자어
4,서양화,2,명사,한자어
4,서역,1,명사,한자어
4,서예,1,명사,한자어
4,서예가,0,명사,한자어
4,서원,3,명사,한자어
4,서유기,0,명사,한자어
4,서장,6,명사,한자어
4,서책,0,명사,한자어
4,서체,1,명사,한자어
4,서클,0,명사,외래어
4,서평,0,명사,한자어
4,서풍,1,명사,한자어
4,서학,1,명사,한자어
4,서해,1,명사,한자어
4,서해안,0,명사,한자어
4,서행,2,명사,한자어
4,석가모니,0,명사,한자어
4,석가탑,0,명사,한자어
4,석고,2,명사,한자어
4,석고상,0,명사,한자어
4,석공,0,명사,한자어
4,석굴암,0,명사,한자어
4,석등,0,명사,한자어
4,석류나무,0,명사,혼종어
4,석면,0,명사,한자어
4,석방되다,0,동사,혼종어
4,석방하다,0,동사,혼종어
4,석불,0,명사,한자어
4,석빙고,0,명사,한자어
4,석사,1,명사,한자어
4,석상,3,명사,한자어
4,석쇠,1,명사,고유어
4,석수장이,0,명사,혼종어
4,석영,2,명사,한자어
4,석재,1,명사,한자어
4,석회,2,명사,한자어
4,석회석,0,명사,한자어
4,석회수,0,명사,한자어
4,석회암,0,명사,한자어
4,선,1,명사,고유어
4,선거구,0,명사,한자어
4,선거권,0,명사,한자어
4,선거인,0,명사,한자어
4,선거인단,0,명사,한자어
4,선거일,0,명사,한자어
4,선경,1,명사,한자어
4,선고,4,명사,한자어
4,선고하다,1,동사,혼종어
4,선교회,0,명사,한자어
4,선대,3,명사,한자어
4,선도,5,명사,한자어
4,선량하다,1,형용사,혼종어
4,선명히,0,부사,혼종어
4,선박,2,명사,한자어
4,선발대,0,명사,한자어
4,선별하다,0,동사,혼종어
4,선분,1,명사,한자어
4,선사하다,5,동사,혼종어
4,선서문,0,명사,한자어
4,선서하다,1,동사,혼종어
4,선수권,0,명사,한자어
4,선수단,2,명사,한자어
4,선심,1,명사,한자어
4,선양하다,1,동사,혼종어
4,선언서,0,명사,한자어
4,선율,1,명사,한자어
4,선인,6,명사,한자어
4,선임되다,0,동사,혼종어
4,선입견,0,명사,한자어
4,선전,2,명사,한자어
4,선전탑,0,명사,한자어
4,선전하다,1,동사,혼종어
4,선정,7,명사,한자어
4,선정적,0,명사/관형사,한자어
4,선정하다,3,동사,혼종어
4,선주민,0,명사,한자어
4,선창,1,명사,한자어
4,선체,2,명사,한자어
4,선출되다,0,동사,혼종어
4,선택적,0,명사/관형사,한자어
4,선포,0,명사,한자어
4,선포하다,0,동사,혼종어
4,선풍적,0,명사/관형사,한자어
4,선하다,1,형용사,고유어
4,선하다,4,형용사,혼종어
4,선행,1,명사,한자어
4,선행,3,명사,한자어
4,선호도,0,명사,한자어
4,선호하다,1,동사,혼종어
4,선홍색,0,명사,한자어
4,선회,1,명사,한자어
4,선회하다,1,동사,혼종어
4,선후배,0,명사,한자어
4,섣불리,0,부사,고유어
4,설계도,0,명사,한자어
4,설계사,1,명사,한자어
4,설계하다,2,동사,혼종어
4,설렁설렁,2,부사,고유어
4,설령,1,부사,한자어
4,설립,2,명사,한자어
4,설립되다,0,동사,혼종어
4,설립하다,0,동사,혼종어
4,설명되다,0,동사,혼종어
4,설명문,0,명사,한자어
4,설문지,0,명사,한자어
4,설법,0,명사,한자어
4,설비,2,명사,한자어
4,설빔,0,명사,고유어
4,설사,2,부사,한자어
4,설사병,0,명사,한자어
4,설상가상,0,명사,한자어
4,설정,2,명사,한자어
4,설정되다,0,동사,혼종어
4,설정하다,2,동사,혼종어
4,설탕물,0,명사,혼종어
4,설화,5,명사,한자어
4,섧다,0,형용사,고유어
4,섬뜩하다,0,형용사,고유어
4,섬멸하다,0,동사,혼종어
4,섬유질,0,명사,한자어
4,섭씨,0,명사,한자어
4,성게,0,명사,고유어
4,성과,1,명사,한자어
4,성교육,0,명사,한자어
4,성균관,0,명사,한자어
4,성글다,0,형용사,고유어
4,성금,3,명사,한자어
4,성기,2,명사,한자어
4,성깔,0,명사,혼종어
4,성나다,0,동사,고유어
4,성내다,0,동사,고유어
4,성년,1,명사,한자어
4,성년식,0,명사,한자어
4,성대,7,명사,한자어
4,성대히,0,부사,혼종어
4,성리학,0,명사,한자어
4,성립되다,0,동사,혼종어
4,성립하다,0,동사,혼종어
4,성명,3,명사,한자어
4,성명서,0,명사,한자어
4,성묘하다,0,동사,혼종어
4,성사,1,명사,한자어
4,성숙,0,명사,한자어
4,성숙되다,0,동사,혼종어
4,성스럽다,0,형용사,혼종어
4,성심껏,0,부사,혼종어
4,성악곡,0,명사,한자어
4,성원,1,명사,한자어
4,성은,2,명사,한자어
4,성인병,0,명사,한자어
4,성장률,0,명사,한자어
4,성조기,0,명사,한자어
4,성지,5,명사,한자어
4,성직자,0,명사,한자어
4,성찰,0,명사,한자어
4,성찰하다,0,동사,혼종어
4,성충,2,명사,한자어
4,성취도,0,명사,한자어
4,성취하다,1,동사,혼종어
4,성터,0,명사,혼종어
4,성평등,0,명사,한자어
4,성폭력,0,명사,한자어
4,성하다,1,형용사,고유어
4,성행,3,명사,한자어
4,성행위,0,명사,한자어
4,성행하다,0,동사,혼종어
4,성향,2,명사,한자어
4,성형,1,명사,한자어
4,성형하다,1,동사,혼종어
4,성화,2,명사,한자어
4,성화,6,명사,한자어
4,성화대,2,명사,한자어
4,성황,2,명사,한자어
4,성희롱,0,명사,한자어
4,세계인,0,명사,한자어
4,세계화하다,0,동사,혼종어
4,세관,5,명사,한자어
4,세관원,0,명사,한자어
4,세기,1,명사,고유어
4,세기,2,명사,고유어
4,세다,1,동사,고유어
4,세대,2,명사,한자어
4,세도,3,명사,한자어
4,세력,0,명사,한자어
4,세력가,0,명사,한자어
4,세례,0,명사,한자어
4,세로줄,0,명사,고유어
4,세면,1,명사,한자어
4,세면기,0,명사,한자어
4,세면장,0,명사,한자어
4,세모나다,0,형용사,고유어
4,세모지다,0,형용사,고유어
4,세무,4,명사,한자어
4,세상살이,0,명사,혼종어
4,세세히,0,부사,혼종어
4,세속,0,명사,한자어
4,세수수건,0,명사,한자어
4,세숫물,0,명사,혼종어
4,세숫비누,0,명사,혼종어
4,세습,3,명사,한자어
4,세시,2,명사,한자어
4,세입,1,명사,한자어
4,세정제,0,명사,한자어
4,세차,1,명사,한자어
4,세척제,0,명사,한자어
4,세척하다,0,동사,혼종어
4,세탁비,0,명사,한자어
4,세탁실,0,명사,한자어
4,세트장,0,명사,혼종어
4,세팅,0,명사,외래어
4,세포막,0,명사,한자어
4,셀로판,0,명사,외래어
4,셀로판지,0,명사,혼종어
4,셀프,0,명사,외래어
4,셈하다,0,동사,고유어
4,셔터,0,명사,외래어
4,셔틀,0,명사,외래어
4,소가족,0,명사,한자어
4,소각장,0,명사,한자어
4,소각하다,2,동사,혼종어
4,소개업,0,명사,한자어
4,소경,1,명사,고유어
4,소곤거리다,0,동사,고유어
4,소굴,0,명사,한자어
4,소권,2,명사,한자어
4,소규모,0,명사,한자어
4,소극적,0,명사/관형사,한자어
4,소금기,0,명사,혼종어
4,소꿉,0,명사,고유어
4,소나기구름,0,명사,고유어
4,소나타,0,명사,외래어
4,소낙비,0,명사,고유어
4,소녀단,0,명사,한자어
4,소뇌,2,명사,한자어
4,소다,1,명사,외래어
4,소대원,0,명사,한자어
4,소대장,0,명사,한자어
4,소도구,0,명사,한자어
4,소라게,0,명사,고유어
4,소란,4,명사,한자어
4,소란하다,0,형용사,혼종어
4,소록소록,0,부사,고유어
4,소리글자,0,명사,혼종어
4,소리꾼,0,명사,고유어
4,소매,4,명사,한자어
4,소매상,0,명사,한자어
4,소매하다,1,동사,혼종어
4,소맷자락,0,명사,고유어
4,소멸되다,1,동사,혼종어
4,소모,2,명사,한자어
4,소모되다,2,동사,혼종어
4,소몰이,0,명사,고유어
4,소묘,2,명사,한자어
4,소방수,0,명사,한자어
4,소변기,0,명사,한자어
4,소복소복,0,부사,고유어
4,소복이,0,부사,고유어
4,소복하다,1,형용사,고유어
4,소비량,0,명사,한자어
4,소비재,0,명사,한자어
4,소뿔,0,명사,고유어
4,소생,6,명사,한자어
4,소생하다,2,동사,혼종어
4,소속감,0,명사,한자어
4,소송,1,명사,한자어
4,소송하다,1,동사,혼종어
4,소수자,2,명사,한자어
4,소수점,0,명사,한자어
4,소스라치다,0,동사,고유어
4,소시민,0,명사,한자어
4,소신,4,명사,한자어
4,소신껏,0,부사,혼종어
4,소싸움,0,명사,고유어
4,소아마비,0,명사,한자어
4,소액,1,명사,한자어
4,소요,2,명사,한자어
4,소요되다,0,동사,혼종어
4,소요량,0,명사,한자어
4,소용돌이치다,0,동사,고유어
4,소위,3,명사,한자어
4,소유권,0,명사,한자어
4,소유물,0,명사,한자어
4,소유지,0,명사,한자어
4,소인국,0,명사,한자어
4,소작인,0,명사,한자어
4,소장,7,명사,한자어
4,소장하다,2,동사,혼종어
4,소재,3,명사,한자어
4,소재지,0,명사,한자어
4,소정,6,명사,한자어
4,소제목,0,명사,한자어
4,소지,10,명사,한자어
4,소쩍새,0,명사,고유어
4,소책자,0,명사,한자어
4,소켓,0,명사,외래어
4,소쿠리,0,명사,고유어
4,소탕,3,명사,한자어
4,소탕하다,1,동사,혼종어
4,소풍날,0,명사,혼종어
4,소학교,0,명사,한자어
4,소행성,0,명사,한자어
4,소화,7,명사,한자어
4,소화액,0,명사,한자어
4,소화율,0,명사,한자어
4,소환,2,명사,한자어
4,속국,0,명사,한자어
4,속내,0,명사,고유어
4,속닥속닥,0,부사,고유어
4,속달,3,명사,한자어
4,속뜻,0,명사,고유어
4,속보,2,명사,한자어
4,속사정,0,명사,혼종어
4,속삭임,0,명사,고유어
4,속성,5,명사,한자어
4,속수무책,0,명사,한자어
4,속잎,0,명사,고유어
4,속출하다,0,동사,혼종어
4,속치마,0,명사,고유어
4,속하다,1,형용사,혼종어
4,속히,0,부사,혼종어
4,솎다,0,동사,고유어
4,솎아베기,0,명사,고유어
4,솎음질,0,명사,고유어
4,손가방,0,명사,고유어
4,손거울,0,명사,고유어
4,손날,0,명사,고유어
4,손녀딸,0,명사,혼종어
4,손놀림,0,명사,고유어
4,손님맞이,0,명사,고유어
4,손님상,0,명사,혼종어
4,손도장,0,명사,혼종어
4,손동작,0,명사,혼종어
4,손때,1,명사,고유어
4,손마디,0,명사,고유어
4,손바느질,0,명사,고유어
4,손빨래,0,명사,고유어
4,손사래,0,명사,고유어
4,손상,0,명사,한자어
4,손상되다,0,동사,혼종어
4,손색,0,명사,한자어
4,손실되다,0,동사,혼종어
4,손쓰다,0,동사,고유어
4,손아귀,0,명사,고유어
4,손아랫사람,0,명사,고유어
4,손오공,0,명사,한자어
4,손윗사람,0,명사,고유어
4,손자국,0,명사,고유어
4,손장난,0,명사,고유어
4,손짓하다,0,동사,고유어
4,솔개,0,명사,고유어
4,솔바람,1,명사,고유어
4,솔밭,0,명사,고유어
4,솔선수범하다,0,동사,혼종어
4,솔숲,0,명사,고유어
4,솔이끼,0,명사,고유어
4,솔질,0,명사,고유어
4,솔질하다,0,동사,고유어
4,솜덩이,0,명사,고유어
4,솜옷,0,명사,고유어
4,솜털,0,명사,고유어
4,송골송골,0,부사,고유어
4,송구스럽다,0,형용사,혼종어
4,송구하다,1,형용사,혼종어
4,송금,2,명사,한자어
4,송금하다,2,동사,혼종어
4,송나라,0,명사,혼종어
4,송료,0,명사,한자어
4,송신기,0,명사,한자어
4,송신소,0,명사,한자어
4,송신탑,0,명사,한자어
4,송신하다,1,동사,혼종어
4,송알송알,0,부사,고유어
4,송어,0,명사,한자어
4,송유관,0,명사,한자어
4,송이,3,명사,한자어
4,송장,1,명사,고유어
4,송전선,0,명사,한자어
4,송진,0,명사,한자어
4,송판,2,명사,한자어
4,송화,3,명사,한자어
4,솨,0,부사,고유어
4,쇠가죽,0,명사,고유어
4,쇠고리,0,명사,고유어
4,쇠기름,0,명사,고유어
4,쇠막대기,0,명사,고유어
4,쇠망치,0,명사,고유어
4,쇠머리,0,명사,고유어
4,쇠뿔,0,명사,고유어
4,쇠스랑,0,명사,고유어
4,쇠죽,0,명사,혼종어
4,쇠창살,0,명사,혼종어
4,쇠털,0,명사,고유어
4,쇠톱,0,명사,고유어
4,쇠퇴,0,명사,한자어
4,쇠퇴하다,0,동사,혼종어
4,쇳덩이,0,명사,고유어
4,쇳물,0,명사,고유어
4,쇳조각,0,명사,고유어
4,쇼핑몰,0,명사,외래어
4,쇼핑하다,0,동사,혼종어
4,수,26,명사,한자어
4,수강,1,명사,한자어
4,수거하다,0,동사,혼종어
4,수고비,0,명사,혼종어
4,수공,1,명사,한자어
4,수공업,0,명사,한자어
4,수공업자,0,명사,한자어
4,수공예,0,명사,한자어
4,수교,7,명사,한자어
4,수국,2,명사,한자어
4,수그러지다,0,동사,고유어
4,수기,2,명사,한자어
4,수꽃,0,명사,고유어
4,수나라,0,명사,혼종어
4,수난,2,명사,한자어
4,수납장,2,명사,한자어
4,수놈,0,명사,고유어
4,수놓다,0,동사,혼종어
4,수뇌,1,명사,한자어
4,수능,0,명사,한자어
4,수다쟁이,0,명사,고유어
4,수당,1,명사,한자어
4,수도원,0,명사,한자어
4,수려하다,0,형용사,혼종어
4,수력,1,명사,한자어
4,수렴,3,명사,한자어
4,수령,1,명사,한자어
4,수령,3,명사,한자어
4,수로,2,명사,한자어
4,수록,3,명사,한자어
4,수료증,0,명사,한자어
4,수료하다,0,동사,혼종어
4,수리공,0,명사,한자어
4,수리소,0,명사,한자어
4,수리하다,1,동사,혼종어
4,수립,2,명사,한자어
4,수립되다,2,동사,혼종어
4,수립하다,2,동사,혼종어
4,수면제,0,명사,한자어
4,수목,4,명사,한자어
4,수묵,0,명사,한자어
4,수묵화,0,명사,한자어
4,수문,3,명사,한자어
4,수발,1,명사,고유어
4,수배,2,명사,한자어
4,수복,2,명사,한자어
4,수북하다,0,형용사,고유어
4,수비군,0,명사,한자어
4,수비병,0,명사,한자어
4,수비수,0,명사,한자어
4,수비하다,1,동사,혼종어
4,수비하다,2,동사,혼종어
4,수사관,0,명사,한자어
4,수산,3,명사,한자어
4,수산물,0,명사,한자어
4,수산업,0,명사,한자어
4,수산업자,0,명사,한자어
4,수상,3,명사,한자어
4,수상,9,명사,한자어
4,수상히,0,부사,혼종어
4,수색대,0,명사,한자어
4,수색하다,0,동사,혼종어
4,수석,1,명사,한자어
4,수석,2,명사,한자어
4,수선,13,명사,한자어
4,수선공,0,명사,한자어
4,수세식,0,명사,한자어
4,수소문하다,0,동사,혼종어
4,수속,1,명사,한자어
4,수송,0,명사,한자어
4,수송관,2,명사,한자어
4,수송하다,0,동사,혼종어
4,수수팥떡,0,명사,고유어
4,수술,1,명사,고유어
4,수술칼,0,명사,혼종어
4,수습,1,명사,한자어
4,수습되다,0,동사,혼종어
4,수습하다,1,동사,혼종어
4,수신기,1,명사,한자어
4,수신자,0,명사,한자어
4,수신하다,3,동사,혼종어
4,수압,2,명사,한자어
4,수양딸,0,명사,혼종어
4,수양버들,0,명사,혼종어
4,수양하다,2,동사,혼종어
4,수업,1,명사,한자어
4,수없다,0,형용사,혼종어
4,수여되다,0,동사,혼종어
4,수여하다,0,동사,혼종어
4,수예,1,명사,한자어
4,수온,1,명사,한자어
4,수요,6,명사,한자어
4,수용소,0,명사,한자어
4,수용액,0,명사,한자어
4,수용하다,3,동사,혼종어
4,수용하다,5,동사,혼종어
4,수은,1,명사,한자어
4,수은등,0,명사,한자어
4,수익금,0,명사,한자어
4,수입되다,2,동사,혼종어
4,수입하다,1,동사,혼종어
4,수자원,0,명사,한자어
4,수작,5,명사,한자어
4,수재,7,명사,한자어
4,수재민,0,명사,한자어
4,수적,1,명사/관형사,한자어
4,수정,3,명사,한자어
4,수정,7,명사,한자어
4,수정과,0,명사,한자어
4,수정되다,1,동사,혼종어
4,수정되다,2,동사,혼종어
4,수정체,0,명사,한자어
4,수정테이프,0,명사,혼종어
4,수정하다,2,동사,혼종어
4,수줍다,0,형용사,고유어
4,수줍어하다,0,동사,고유어
4,수질,3,명사,한자어
4,수집,1,명사,한자어
4,수집되다,1,동사,혼종어
4,수집상,0,명사,한자어
4,수집하다,1,동사,혼종어
4,수차례,0,명사,한자어
4,수채,2,명사,한자어
4,수척하다,0,형용사,혼종어
4,수초,3,명사,한자어
4,수출국,0,명사,한자어
4,수출되다,0,동사,혼종어
4,수출액,0,명사,한자어
4,수출입,0,명사,한자어
4,수출품,0,명사,한자어
4,수출하다,3,동사,혼종어
4,수출항,0,명사,한자어
4,수치스럽다,0,형용사,혼종어
4,수탈,0,명사,한자어
4,수판,4,명사,한자어
4,수포,1,명사,한자어
4,수표,1,명사,한자어
4,수필,4,명사,한자어
4,수하물,0,명사,한자어
4,수학여행,0,명사,한자어
4,수학자,0,명사,한자어
4,수해,2,명사,한자어
4,수행원,0,명사,한자어
4,수행하다,1,동사,혼종어
4,수행하다,2,동사,혼종어
4,수호천사,0,명사,한자어
4,수화기,0,명사,한자어
4,수확량,0,명사,한자어
4,수확물,0,명사,한자어
4,수회,7,명사,한자어
4,숙녀,0,명사,한자어
4,숙련되다,0,동사,혼종어
4,숙맥,2,명사,한자어
4,숙모님,0,명사,혼종어
4,숙부,1,명사,한자어
4,숙성,4,명사,한자어
4,숙성되다,0,동사,혼종어
4,숙어지다,0,동사,고유어
4,숙원,2,명사,한자어
4,숙주나물,0,명사,고유어
4,순결하다,0,형용사,혼종어
4,순교,3,명사,한자어
4,순국,2,명사,한자어
4,순국선열,0,명사,한자어
4,순국하다,2,동사,혼종어
4,순대,0,명사,고유어
4,순록,0,명사,한자어
4,순박하다,0,형용사,혼종어
4,순발력,0,명사,한자어
4,순사,2,명사,한자어
4,순색,0,명사,한자어
4,순수하다,1,동사,혼종어
4,순이익,0,명사,한자어
4,순정,3,명사,한자어
4,순종적,0,명사,한자어
4,순차적,0,명사/관형사,한자어
4,순찰,0,명사,한자어
4,순찰대,0,명사,한자어
4,순찰하다,0,동사,혼종어
4,순탄하다,1,형용사,혼종어
4,순환계,0,명사,한자어
4,순환기,2,명사,한자어
4,순환하다,0,동사,혼종어
4,술값,0,명사,고유어
4,술꾼,0,명사,고유어
4,술렁거리다,0,동사,고유어
4,술상,0,명사,혼종어
4,술자리,0,명사,고유어
4,술타령,0,명사,고유어
4,숨김없이,0,부사,고유어
4,숨어들다,0,동사,고유어
4,숫돌,0,명사,고유어
4,숭고하다,2,형용사,혼종어
4,숭배,0,명사,한자어
4,숭배하다,0,동사,혼종어
4,숭상하다,0,동사,혼종어
4,숭어,0,명사,고유어
4,쉬쉬하다,0,동사,고유어
4,쉽사리,0,부사,고유어
4,슛하다,0,동사,혼종어
4,스냅,0,명사,외래어
4,스노보드,0,명사,외래어
4,스모그,0,명사,외래어
4,스미다,0,동사,고유어
4,스산하다,0,형용사,고유어
4,스승님,0,명사,고유어
4,스카우트,0,명사,외래어
4,스카치테이프,0,명사,외래어
4,스캐너,0,명사,외래어
4,스캔들,0,명사,외래어
4,스컹크,0,명사,외래어
4,스케이팅,0,명사,외래어
4,스케치하다,0,동사,혼종어
4,스크랩,0,명사,외래어
4,스크랩북,0,명사,외래어
4,스킬,0,명사,외래어
4,스타트,0,명사,외래어
4,스테인리스,0,명사,외래어
4,스텝,1,명사,외래어
4,스톱,0,명사,외래어
4,스튜어디스,0,명사,외래어
4,스트라이크,2,명사,외래어
4,스트레칭,0,명사,외래어
4,스팀,0,명사,외래어
4,스파르타,0,명사,외래어
4,스페이스,0,명사,외래어
4,스포츠맨,0,명사,외래어
4,스푼,0,명사,외래어
4,스프,0,명사,외래어
4,스핑크스,0,명사,외래어
4,슬다,2,동사,고유어
4,슬라이딩,0,명사,외래어
4,슬레이트,0,명사,외래어
4,슬쩍슬쩍,0,부사,고유어
4,습격하다,0,동사,혼종어
4,습곡,0,명사,한자어
4,습관적,0,명사/관형사,한자어
4,습관화하다,0,동사,혼종어
4,습도계,0,명사,한자어
4,습성,1,명사,한자어
4,습지,2,명사,한자어
4,습지대,0,명사,한자어
4,승강기,0,명사,한자어
4,승격되다,0,동사,혼종어
4,승려,1,명사,한자어
4,승률,1,명사,한자어
4,승산,3,명사,한자어
4,승인하다,1,동사,혼종어
4,승인하다,2,동사,혼종어
4,승차권,0,명사,한자어
4,승합차,0,명사,한자어
4,시가지,0,명사,한자어
4,시계탑,0,명사,한자어
4,시공,1,명사,한자어
4,시공간,1,명사,한자어
4,시구,8,명사,한자어
4,시국,2,명사,한자어
4,시급히,0,부사,혼종어
4,시기심,0,명사,한자어
4,시끌벅적,0,부사,고유어
4,시끌시끌하다,0,형용사,고유어
4,시나브로,0,부사,고유어
4,시너,0,명사,외래어
4,시달림,0,명사,고유어
4,시대적,0,명사/관형사,한자어
4,시들시들,0,부사,고유어
4,시럽,0,명사,외래어
4,시루떡,0,명사,고유어
4,시방,2,명사/부사,한자어
4,시상대,0,명사,한자어
4,시샘,0,명사,고유어
4,시샘하다,0,동사,고유어
4,시세,4,명사,한자어
4,시속,2,명사,한자어
4,시스템,0,명사,외래어
4,시아버님,0,명사,혼종어
4,시아주버니,0,명사,혼종어
4,시안,2,명사,한자어
4,시약,3,명사,한자어
4,시어머님,0,명사,혼종어
4,시원히,0,부사,고유어
4,시위,2,명사,고유어
4,시위하다,2,동사,혼종어
4,시작점,0,명사,한자어
4,시적,1,명사/관형사,한자어
4,시점,2,명사,한자어
4,시정되다,0,동사,혼종어
4,시조,7,명사,한자어
4,시중,1,명사,고유어
4,시중,3,명사,한자어
4,시중들다,0,동사,고유어
4,시즌,0,명사,외래어
4,시집보내다,0,동사,혼종어
4,시집살이,0,명사,혼종어
4,시청각,0,명사,한자어
4,시청료,0,명사,한자어
4,시청률,0,명사,한자어
4,시청하다,1,동사,혼종어
4,시초,2,명사,한자어
4,시치미,0,명사,고유어
4,시침질,0,명사,고유어
4,시침질하다,0,동사,고유어
4,시판되다,0,동사,혼종어
4,시해,2,명사,한자어
4,시해되다,0,동사,혼종어
4,시해하다,2,동사,혼종어
4,시화전,0,명사,한자어
4,식경,1,명사,한자어
4,식기장,0,명사,한자어
4,식단표,0,명사,한자어
4,식도,2,명사,한자어
4,식량난,0,명사,한자어
4,식모,2,명사,한자어
4,식목,2,명사,한자어
4,식목일,0,명사,한자어
4,식물성,0,명사,한자어
4,식물체,0,명사,한자어
4,식민,0,명사,한자어
4,식별하다,0,동사,혼종어
4,식비,2,명사,한자어
4,식사량,0,명사,한자어
4,식수난,0,명사,한자어
4,식습관,0,명사,한자어
4,식용유,0,명사,한자어
4,식장,1,명사,한자어
4,식품점,0,명사,한자어
4,식후,2,명사,한자어
4,신경계,0,명사,한자어
4,신경전,0,명사,한자어
4,신경질,0,명사,한자어
4,신경질적,0,명사/관형사,한자어
4,신고되다,0,동사,혼종어
4,신곡,3,명사,한자어
4,신극,2,명사,한자어
4,신기하다,4,형용사,혼종어
4,신념,1,명사,한자어
4,신당,2,명사,한자어
4,신대륙,0,명사,한자어
4,신도,5,명사,한자어
4,신들리다,0,동사,혼종어
4,신랑감,0,명사,혼종어
4,신령,2,품사 없음/명사,한자어
4,신뢰도,0,명사,한자어
4,신뢰성,0,명사,한자어
4,신망,1,명사,한자어
4,신명,1,명사,고유어
4,신문고,0,명사,한자어
4,신문화,0,명사,한자어
4,신분증,0,명사,한자어
4,신비감,0,명사,한자어
4,신비스럽다,0,형용사,혼종어
4,신빙성,0,명사,한자어
4,신사복,0,명사,한자어
4,신상,1,명사,한자어
4,신선도,2,명사,한자어
4,신설하다,2,동사,혼종어
4,신성하다,1,형용사,혼종어
4,신세,2,명사,한자어
4,신소재,0,명사,한자어
4,신속,3,명사,한자어
4,신속히,1,부사,혼종어
4,신앙심,0,명사,한자어
4,신용,1,명사,한자어
4,신원,2,명사,한자어
4,신임,1,명사,한자어
4,신입,3,명사,한자어
4,신자,3,명사,한자어
4,신작로,0,명사,한자어
4,신장,4,명사,한자어
4,신장,14,명사,한자어
4,신장되다,2,동사,혼종어
4,신장하다,2,동사,혼종어
4,신전,11,명사,한자어
4,신종,9,명사,한자어
4,신좌익,0,명사,한자어
4,신주머니,0,명사,고유어
4,신청자,0,명사,한자어
4,신체적,0,명사/관형사,한자어
4,신축,3,명사,한자어
4,신축성,0,명사,한자어
4,신통력,0,명사,한자어
4,신학기,0,명사,한자어
4,신학문,0,명사,한자어
4,신학자,0,명사,한자어
4,신호하다,0,동사,혼종어
4,신혼살림,0,명사,혼종어
4,실개울,0,명사,고유어
4,실고추,0,명사,고유어
4,실과,2,명사,한자어
4,실금,1,명사,고유어
4,실눈,0,명사,고유어
4,실뜨기,0,명사,고유어
4,실랑이,0,명사,고유어
4,실례,2,명사,한자어
4,실로,1,부사,혼종어
4,실룩거리다,0,동사,고유어
4,실리다,2,동사,고유어
4,실린더,0,명사,외래어
4,실마리,0,명사,고유어
4,실매듭,0,명사,고유어
4,실바람,0,명사,고유어
4,실상,1,명사/부사,한자어
4,실상,2,명사,한자어
4,실선,0,명사,한자어
4,실성하다,0,동사,혼종어
4,실세,2,명사,한자어
4,실수투성이,0,명사,혼종어
4,실습생,0,명사,한자어
4,실습지,0,명사,한자어
4,실습하다,0,동사,혼종어
4,실업,1,명사,한자어
4,실업,2,명사,한자어
4,실업가,0,명사,한자어
4,실업률,0,명사,한자어
4,실없이,0,부사,혼종어
4,실오라기,0,명사,고유어
4,실온,0,명사,한자어
4,실외,0,명사,한자어
4,실용,0,명사,한자어
4,실장,0,명사,한자어
4,실적,5,명사,한자어
4,실점,0,명사,한자어
4,실조,2,명사,한자어
4,실종,0,명사,한자어
4,실종되다,0,동사,혼종어
4,실지렁이,0,명사,고유어
4,실직자,0,명사,한자어
4,실직하다,2,동사,혼종어
4,실질,0,명사,한자어
4,실질적,0,명사/관형사,한자어
4,실천되다,0,동사,혼종어
4,실천적,0,명사/관형사,한자어
4,실체,2,명사,한자어
4,실크,0,명사,외래어
4,실타래,0,명사,고유어
4,실태,2,명사,한자어
4,실톱,0,명사,고유어
4,실핏줄,0,명사,고유어
4,실학,0,명사,한자어
4,실학자,0,명사,한자어
4,실향민,0,명사,한자어
4,실현,0,명사,한자어
4,실현되다,0,동사,혼종어
4,실현성,0,명사,한자어
4,실형,2,명사,한자어
4,심금,1,명사,한자어
4,심드렁하다,0,형용사,고유어
4,심령술사,0,명사,한자어
4,심리학,0,명사,한자어
4,심문하다,2,동사,혼종어
4,심벌즈,0,명사,외래어
4,심복,2,명사,한자어
4,심술꾸러기,0,명사,혼종어
4,심술쟁이,0,명사,혼종어
4,심신,1,명사,한자어
4,심심찮다,0,형용사,고유어
4,심의,5,명사,한자어
4,심의하다,0,동사,혼종어
4,심청,2,명사,한자어
4,심층,0,명사,한자어
4,심층적,0,명사/관형사,한자어
4,심판원,0,명사,한자어
4,심포니,0,명사,외래어
4,심해,1,명사,한자어
4,심호흡,0,명사,한자어
4,십만,0,명사/관형사,한자어
4,십상,2,명사,한자어
4,십이지장,0,명사,한자어
4,십자,1,명사,한자어
4,십자형,0,명사,한자어
4,십진법,0,명사,한자어
4,싯누렇다,0,형용사,고유어
4,싱글,1,부사,고유어
4,싱글거리다,0,동사,고유어
4,싱글싱글,0,부사,고유어
4,싱긋,0,부사,고유어
4,싱긋싱긋,0,부사,고유어
4,싱긋이,0,부사,고유어
4,싸움질,0,명사,고유어
4,싹싹하다,0,형용사,고유어
4,싼값,0,명사,고유어
4,쌀가게,0,명사,고유어
4,쌀가루,0,명사,고유어
4,쌀값,0,명사,고유어
4,쌀겨,0,명사,고유어
4,쌀농사,0,명사,혼종어
4,쌀눈,0,명사,고유어
4,쌀뜨물,0,명사,고유어
4,쌀자루,0,명사,고유어
4,쌀집,0,명사,고유어
4,쌀통,0,명사,혼종어
4,쌈밥,0,명사,고유어
4,쌈지,0,명사,고유어
4,쌍룡,0,명사,한자어
4,쌍방,0,명사,한자어
4,쌍수,1,명사,한자어
4,쌍쌍이,0,부사,혼종어
4,쌍안경,0,명사,한자어
4,쌍화탕,0,명사,한자어
4,쌔근거리다,0,동사,고유어
4,써지다,0,동사,고유어
4,썩이다,0,동사,고유어
4,쏘가리,0,명사,고유어
4,쏘아보다,0,동사,고유어
4,쏠다,0,동사,고유어
4,쐐기,3,명사,고유어
4,쑥갓,0,명사,고유어
4,쑥덕거리다,0,동사,고유어
4,쑥떡,0,명사,고유어
4,쓰개치마,0,명사,고유어
4,쓱싹쓱싹,0,부사,고유어
4,쓴웃음,0,명사,고유어
4,쓸데,0,명사,고유어
4,씀바귀,0,명사,고유어
4,씁쓸하다,0,형용사,고유어
4,씨름꾼,0,명사,고유어
4,씨름판,0,명사,고유어
4,씨방,0,명사,혼종어
4,씨암탉,0,명사,고유어
4,씨족,0,명사,한자어
4,씹히다,1,동사,고유어
4,아군,2,명사,한자어
4,아귀,1,명사,고유어
4,아기씨,0,명사,고유어
4,아기자기,0,부사,고유어
4,아낌없다,0,형용사,고유어
4,아낙,0,명사,고유어
4,아낙네,0,명사,고유어
4,아날로그,0,명사,외래어
4,아동기,0,명사,한자어
4,아득하다,0,형용사,고유어
4,아득히,0,부사,고유어
4,아들놈,0,명사,고유어
4,아따,0,감탄사,고유어
4,아랑곳하다,0,동사,고유어
4,아래옷,0,명사,고유어
4,아련하다,0,형용사,고유어
4,아령,0,명사,한자어
4,아른거리다,0,동사,고유어
4,아른아른,0,부사,고유어
4,아리다,0,형용사,고유어
4,아리랑,1,명사,고유어
4,아리아,0,명사,외래어
4,아마추어,1,명사,외래어
4,아메바,0,명사,외래어
4,아바마마,0,명사,혼종어
4,아범,0,명사,고유어
4,아삭아삭,0,부사,고유어
4,아양,1,명사,고유어
4,아연,2,명사,한자어
4,아열대,0,명사,한자어
4,아우님,0,명사,고유어
4,아우르다,0,동사,고유어
4,아우성,0,명사,혼종어
4,아욱,0,명사,고유어
4,아이러니,0,명사,외래어
4,아이보리,0,명사,외래어
4,아이스케이크,0,명사,외래어
4,아이스하키,0,명사,외래어
4,아이콘,2,명사,외래어
4,아작아작,0,부사,고유어
4,아쟁,0,명사,한자어
4,아주버니,0,명사,고유어
4,아첨,0,명사,한자어
4,아첨하다,0,동사,혼종어
4,아카데미,0,명사,외래어
4,아코디언,0,명사,외래어
4,아크릴,0,명사,외래어
4,아편,1,명사,한자어
4,아휴,0,감탄사,고유어
4,아흐레,0,명사,고유어
4,악,1,명사,고유어
4,악곡,0,명사,한자어
4,악공,2,명사,한자어
4,악대,2,명사,한자어
4,악독하다,0,형용사,혼종어
4,악사,4,명사,한자어
4,악센트,0,명사,외래어
4,악순환,0,명사,한자어
4,악의적,0,명사/관형사,한자어
4,악조건,0,명사,한자어
4,악착스럽다,0,형용사,혼종어
4,악평,0,명사,한자어
4,악화,1,명사,한자어
4,악화하다,0,동사,혼종어
4,안개꽃,0,명사,고유어
4,안개비,0,명사,고유어
4,안경집,0,명사,혼종어
4,안경테,0,명사,혼종어
4,안구,2,명사,한자어
4,안내도,0,명사,한자어
4,안내되다,0,동사,혼종어
4,안내소,0,명사,한자어
4,안내인,0,명사,한자어
4,안내장,0,명사,한자어
4,안대,2,명사,한자어
4,안도,2,명사,한자어
4,안도감,0,명사,한자어
4,안도하다,0,동사,혼종어
4,안뜰,0,명사,고유어
4,안락의자,0,명사,한자어
4,안마당,0,명사,고유어
4,안목,3,명사,한자어
4,안보,2,명사,한자어
4,안사람,0,명사,고유어
4,안성맞춤,0,명사,혼종어
4,안식처,0,명사,한자어
4,안장,4,명사,한자어
4,안전기,0,명사,한자어
4,안전모,0,명사,한자어
4,안전성,0,명사,한자어
4,안전지대,0,명사,한자어
4,안정,4,명사,한자어
4,안정하다,1,동사,혼종어
4,안정하다,3,형용사/동사,혼종어
4,안주인,0,명사,혼종어
4,안중,2,명사,한자어
4,안채,1,명사,고유어
4,안치다,2,동사,고유어
4,안팎,0,명사,고유어
4,앉은키,0,명사,고유어
4,알껍데기,0,명사,고유어
4,알뜰살뜰,0,부사,고유어
4,알루미늄박,0,명사,혼종어
4,알몸,0,명사,고유어
4,알뿌리,0,명사,고유어
4,알쏭달쏭하다,0,형용사,고유어
4,알은체,0,명사,고유어
4,알칼리,0,명사,외래어
4,알칼리성,0,명사,혼종어
4,알코올램프,0,명사,외래어
4,알콩달콩,0,부사,고유어
4,알파,2,명사,외래어
4,앓아눕다,0,동사,고유어
4,암각화,0,명사,한자어
4,암기,1,명사,혼종어
4,암꽃,0,명사,고유어
4,암놈,0,명사,고유어
4,암담하다,0,형용사,혼종어
4,암만,2,부사,고유어
4,암벽,0,명사,한자어
4,암산,1,명사,한자어
4,암산하다,0,동사,혼종어
4,암살하다,2,동사,혼종어
4,암석,2,명사,한자어
4,암송,0,명사,한자어
4,암송하다,0,동사,혼종어
4,암수,1,명사,고유어
4,암시하다,1,동사,혼종어
4,암암리,0,명사,한자어
4,암자,1,명사,한자어
4,암초,2,명사,한자어
4,암퇘지,0,명사,고유어
4,암호문,0,명사,한자어
4,압도,2,명사,한자어
4,압도하다,0,동사,혼종어
4,압박감,0,명사,한자어
4,압송되다,1,동사,혼종어
4,압수하다,1,동사,혼종어
4,압정,1,명사,한자어
4,압축적,0,명사/관형사,한자어
4,압축하다,0,동사,혼종어
4,압핀,0,명사,혼종어
4,앗다,1,동사,고유어
4,앙갚음,0,명사,고유어
4,앙앙,1,부사,고유어
4,앙증맞다,0,형용사,고유어
4,앙코르,1,명사,외래어
4,앞날개,0,명사,고유어
4,앞뜰,0,명사,고유어
4,앞마을,0,명사,고유어
4,앞모습,0,명사,고유어
4,앞서가다,0,동사,고유어
4,앞으로가,0,명사/감탄사,고유어
4,앞으로나란히,0,명사/감탄사,고유어
4,앞잡이,0,명사,고유어
4,애간장,0,명사,혼종어
4,애걸복걸하다,0,동사,혼종어
4,애걸하다,0,동사,혼종어
4,애국적,0,명사/관형사,한자어
4,애꾸눈,0,명사,고유어
4,애꿎다,0,형용사,고유어
4,애끓다,0,동사,고유어
4,애당초,0,명사,혼종어
4,애도,0,명사,한자어
4,애드벌룬,0,명사,외래어
4,애매모호하다,0,형용사,혼종어
4,애벌,0,명사,고유어
4,애석하다,1,형용사,혼종어
4,애완견,0,명사,한자어
4,애완용,0,명사,한자어
4,애용,2,명사,한자어
4,애원,2,명사,한자어
4,애절하다,2,형용사,혼종어
4,애주가,0,명사,한자어
4,애지중지,0,부사,한자어
4,애착,0,명사,한자어
4,애칭,0,명사,한자어
4,애틋하다,0,형용사,고유어
4,애호박,0,명사,고유어
4,애환,0,명사,한자어
4,액세서리,0,명사,외래어
4,액정,2,명사,한자어
4,액화,2,명사,한자어
4,앤드,0,명사,외래어
4,앵두꽃,0,명사,고유어
4,앵두나무,0,명사,고유어
4,앵앵거리다,0,동사,고유어
4,앵초,0,명사,한자어
4,앵커,1,명사,외래어
4,야광침,0,명사,한자어
4,야기하다,0,동사,혼종어
4,야단나다,0,동사,혼종어
4,야단법석,2,명사,혼종어
4,야당,0,명사,한자어
4,야릇하다,0,형용사,고유어
4,야망,0,명사,한자어
4,야물다,0,형용사/동사,고유어
4,야산,1,명사,한자어
4,야생마,0,명사,한자어
4,야속하다,0,형용사,혼종어
4,야영장,0,명사,한자어
4,야영지,0,명사,한자어
4,야영하다,0,동사,혼종어
4,야옹거리다,0,동사,고유어
4,야옹야옹하다,0,동사,고유어
4,야자,2,명사,한자어
4,야자나무,0,명사,혼종어
4,야자열매,0,명사,혼종어
4,야트막하다,0,형용사,고유어
4,야학,1,명사,한자어
4,약다,0,형용사,고유어
4,약물,3,명사,한자어
4,약밥,0,명사,혼종어
4,약병,2,명사,한자어
4,약분하다,0,동사,혼종어
4,약사발,0,명사,한자어
4,약삭빠르다,0,형용사,고유어
4,약소하다,1,형용사,혼종어
4,약손,0,명사,혼종어
4,약손가락,0,명사,혼종어
4,약자,2,명사,한자어
4,약탈,0,명사,한자어
4,약탈자,0,명사,한자어
4,약탈하다,0,동사,혼종어
4,약풀,0,명사,혼종어
4,약화,1,명사,한자어
4,얄팍하다,0,형용사,고유어
4,얌체,1,명사,고유어
4,양감,3,명사,한자어
4,양곡,5,명사,한자어
4,양과자,0,명사,한자어
4,양국,1,명사,한자어
4,양궁,3,명사,한자어
4,양귀비,1,명사,한자어
4,양극,2,명사,한자어
4,양기,6,명사,한자어
4,양껏,0,부사,혼종어
4,양날톱,0,명사,혼종어
4,양념하다,0,동사,고유어
4,양떼구름,0,명사,혼종어
4,양력,2,명사,한자어
4,양면적,0,명사/관형사,한자어
4,양민,0,명사,한자어
4,양반집,0,명사,혼종어
4,양발,1,명사,혼종어
4,양복바지,0,명사,혼종어
4,양부모,0,명사,한자어
4,양분,3,명사,한자어
4,양산,7,명사,한자어
4,양서류,0,명사,한자어
4,양성,9,명사,한자어
4,양성소,2,명사,한자어
4,양성하다,1,동사,혼종어
4,양수,9,명사,한자어
4,양수기,1,명사,한자어
4,양수장,0,명사,한자어
4,양식,2,명사,한자어
4,양식,3,명사,한자어
4,양식,4,명사,한자어
4,양식업,0,명사,한자어
4,양식장,0,명사,한자어
4,양식하다,0,동사,혼종어
4,양아들,0,명사,혼종어
4,양아버지,0,명사,혼종어
4,양옥,1,명사,한자어
4,양육,2,명사,한자어
4,양은,0,명사,한자어
4,양잠,0,명사,한자어
4,양장점,0,명사,한자어
4,양적,1,명사/관형사,한자어
4,양주,4,명사,한자어
4,양지,6,명사,한자어
4,양지바르다,0,형용사,혼종어
4,양지쪽,0,명사,혼종어
4,양질,0,명사,한자어
4,양측,0,명사,한자어
4,양칫물,0,명사,고유어
4,양편,1,명사,한자어
4,양품점,0,명사,한자어
4,양해,3,명사,한자어
4,양호,8,명사,한자어
4,양화,5,명사,한자어
4,양화점,0,명사,한자어
4,얕잡다,0,동사,고유어
4,얘기되다,0,동사,고유어
4,어감,0,명사,한자어
4,어귀,1,명사,고유어
4,어그러지다,0,동사,고유어
4,어기야,0,감탄사,고유어
4,어기적어기적,1,부사,고유어
4,어깨띠,0,명사,고유어
4,어깨춤,0,명사,고유어
4,어깻죽지,0,명사,고유어
4,어깻짓,0,명사,고유어
4,어두,0,명사,한자어
4,어둑하다,0,형용사,고유어
4,어떠어떠하다,0,형용사,고유어
4,어렴풋하다,0,형용사,고유어
4,어르다,1,동사,고유어
4,어르신네,0,명사,고유어
4,어른거리다,0,동사,고유어
4,어름,1,명사,고유어
4,어린,0,명사,한자어
4,어린것,0,명사,고유어
4,어린양,2,명사,혼종어
4,어림잡다,0,동사,고유어
4,어멈,0,명사,고유어
4,어명,2,명사,한자어
4,어물전,0,명사,한자어
4,어법,2,명사,한자어
4,어사,1,명사,한자어
4,어순,2,명사,한자어
4,어스,0,명사,외래어
4,어슴푸레,0,부사,고유어
4,어슴푸레하다,0,형용사,고유어
4,어시스트,0,명사,외래어
4,어업,0,명사,한자어
4,어엿하다,0,형용사,고유어
4,어영부영,0,부사,고유어
4,어우르다,0,동사,고유어
4,어의,2,명사,한자어
4,어이없이,0,부사,고유어
4,어인,2,관형사,고유어
4,어제오늘,0,명사/부사,고유어
4,어조,5,명사,한자어
4,어지러이,0,부사,고유어
4,어패류,0,명사,한자어
4,어학원,0,명사,한자어
4,어항,2,명사,한자어
4,어획량,0,명사,한자어
4,어휴,0,감탄사,고유어
4,억누르다,0,동사,고유어
4,억눌리다,0,동사,고유어
4,억만,0,관형사,한자어
4,억수,0,명사,고유어
4,억압,0,명사,한자어
4,억압하다,0,동사,혼종어
4,억제되다,0,동사,혼종어
4,억제하다,0,동사,혼종어
4,억측,0,명사,한자어
4,언급,0,명사,한자어
4,언급되다,0,동사,혼종어
4,언덕배기,0,명사,고유어
4,언론사,0,명사,한자어
4,언문,2,명사,한자어
4,언어생활,0,명사,한자어
4,언어적,0,명사/관형사,한자어
4,언어학,0,명사,한자어
4,언어학자,0,명사,한자어
4,언저리,0,명사,고유어
4,언행,0,명사,한자어
4,얼굴빛,0,명사,고유어
4,얼굴색,0,명사,혼종어
4,얼굴형,0,명사,혼종어
4,얼떨떨하다,0,형용사,고유어
4,얼레,1,명사,고유어
4,얼룩덜룩하다,0,형용사,고유어
4,얼룩소,0,명사,고유어
4,얼룩얼룩,0,부사,고유어
4,얼마간,0,명사,혼종어
4,얼빠지다,0,동사,고유어
4,얼씨구,0,감탄사,고유어
4,얼씨구나,0,감탄사,고유어
4,얼씬,0,부사,고유어
4,얼씬거리다,0,동사,고유어
4,얼얼하다,0,형용사,고유어
4,얼음과자,0,명사,혼종어
4,얼음덩이,0,명사,고유어
4,얼음장,0,명사,혼종어
4,얼음지치기,0,명사,고유어
4,얼음집,0,명사,고유어
4,얼토당토않다,0,형용사,고유어
4,얽다,1,동사,고유어
4,얽다,2,동사,고유어
4,엄니,0,명사,고유어
4,엄동설한,0,명사,한자어
4,엄선하다,0,동사,혼종어
4,엄숙하다,0,형용사,혼종어
4,엄연하다,2,형용사,혼종어
4,엄연히,1,부사,혼종어
4,엄중하다,0,형용사,혼종어
4,엄포,0,명사,고유어
4,업계,1,명사,한자어
4,업무,2,명사,한자어
4,업소,0,명사,한자어
4,업신여기다,0,동사,고유어
4,업신여김,0,명사,고유어
4,업자,0,명사,한자어
4,엇걸다,0,동사,고유어
4,엉거주춤,0,부사,고유어
4,엉겅퀴,0,명사,고유어
4,엉기다,1,동사,고유어
4,엉덩이뼈,0,명사,고유어
4,엎치다,0,동사,고유어
4,엎치락뒤치락,0,부사,고유어
4,에구머니,0,감탄사,고유어
4,에그,0,감탄사,고유어
4,에끼,2,감탄사,고유어
4,에너지원,0,명사,혼종어
4,에델바이스,0,명사,외래어
4,에어로빅,0,명사,외래어
4,에어백,0,명사,외래어
4,에이즈,0,명사,외래어
4,에취,0,부사,고유어
4,에탄올,0,명사,외래어
4,에티켓,0,명사,외래어
4,에헤,0,감탄사,고유어
4,엑스포,0,명사,외래어
4,여간하다,0,형용사,혼종어
4,여객,2,명사,한자어
4,여객선,0,명사,한자어
4,여건,1,명사,한자어
4,여고,1,명사,한자어
4,여고생,0,명사,한자어
4,여공,1,명사,한자어
4,여관업,0,명사,한자어
4,여느,0,관형사,고유어
4,여닫다,0,동사,고유어
4,여래,0,명사,한자어
4,여러해살이,0,명사,고유어
4,여력,2,명사,한자어
4,여름내,0,부사,고유어
4,여름새,0,명사,고유어
4,여물,1,명사,고유어
4,여보게,0,감탄사,고유어
4,여봐라,0,감탄사,고유어
4,여부,1,명사,한자어
4,여분,1,명사,한자어
4,여비,2,명사,한자어
4,여사,2,명사,한자어
4,여생,0,명사,한자어
4,여신상,0,명사,한자어
4,여왕개미,0,명사,혼종어
4,여왕벌,0,명사,혼종어
4,여우비,0,명사,고유어
4,여운,3,명사,한자어
4,여울물,0,명사,고유어
4,여의다,0,동사,고유어
4,여의주,0,명사,한자어
4,여인네,0,명사,혼종어
4,여장부,0,명사,한자어
4,여정,4,명사,한자어
4,여주인공,0,명사,한자어
4,여중,1,명사,한자어
4,여중생,0,명사,한자어
4,여진족,0,명사,한자어
4,여행객,0,명사,한자어
4,여행기,0,명사,한자어
4,여행담,0,명사,한자어
4,역,3,명사,한자어
4,역겹다,0,형용사,혼종어
4,역경,2,명사,한자어
4,역군,1,명사,한자어
4,역기,2,명사,한자어
4,역동적,0,명사/관형사,한자어
4,역력하다,0,형용사,혼종어
4,역마차,0,명사,한자어
4,역무원,0,명사,한자어
4,역사가,0,명사,한자어
4,역사관,0,명사,한자어
4,역설하다,1,동사,혼종어
4,역임하다,0,동사,혼종어
4,역적,2,명사,한자어
4,역정,3,명사,한자어
4,역졸,2,명사,한자어
4,역지사지,0,명사,한자어
4,역풍,1,명사,한자어
4,역학,2,명사,한자어
4,역할극,0,명사,한자어
4,역효과,0,명사,한자어
4,엮이다,0,동사,고유어
4,연간,2,명사,한자어
4,연거푸,0,부사,혼종어
4,연계되다,0,동사,혼종어
4,연계하다,0,동사,혼종어
4,연고,5,명사,한자어
4,연관되다,0,동사,혼종어
4,연관하다,3,동사,혼종어
4,연구자,0,명사,한자어
4,연구회,0,명사,한자어
4,연극적,0,명사/관형사,한자어
4,연근,0,명사,한자어
4,연기자,0,명사,한자어
4,연대,1,명사,한자어
4,연대순,0,명사,한자어
4,연대표,0,명사,한자어
4,연락망,0,명사,한자어
4,연령층,0,명사,한자어
4,연료비,2,명사,한자어
4,연마,1,명사,한자어
4,연마하다,1,동사,혼종어
4,연맹,0,명사,한자어
4,연모,1,명사,고유어
4,연민,0,명사,한자어
4,연산,5,명사,한자어
4,연상되다,0,동사,혼종어
4,연설문,0,명사,한자어
4,연소,6,명사,한자어
4,연소기,0,명사,한자어
4,연소되다,1,동사,혼종어
4,연소하다,1,형용사,혼종어
4,연소하다,3,동사,혼종어
4,연속극,0,명사,한자어
4,연속적,0,명사/관형사,한자어
4,연쇄점,0,명사,한자어
4,연수원,0,명사,한자어
4,연습량,0,명사,한자어
4,연습하다,1,동사,혼종어
4,연습하다,2,동사,혼종어
4,연싸움,0,명사,혼종어
4,연예,1,명사,한자어
4,연월일,0,명사,한자어
4,연유,6,명사,한자어
4,연이율,0,명사,한자어
4,연일,1,명사/부사,한자어
4,연잎,2,명사,혼종어
4,연장전,0,명사,한자어
4,연적,3,명사,한자어
4,연주되다,0,동사,혼종어
4,연주법,0,명사,한자어
4,연줄,1,명사,혼종어
4,연중,1,명사,한자어
4,연초록,0,명사,한자어
4,연출,1,명사,한자어
4,연출가,0,명사,한자어
4,연출자,0,명사,한자어
4,연출하다,0,동사,혼종어
4,연탄불,0,명사,혼종어
4,연탄장수,0,명사,혼종어
4,연탄재,0,명사,혼종어
4,연패,2,명사,한자어
4,연평균,0,명사,한자어
4,연표,0,명사,한자어
4,연필통,0,명사,한자어
4,연하장,0,명사,한자어
4,연합,3,명사,한자어
4,연합국,0,명사,한자어
4,연합회,0,명사,한자어
4,연회,3,명사,한자어
4,연회색,0,명사,한자어
4,연회장,0,명사,한자어
4,열강,1,명사,한자어
4,열거,0,명사,한자어
4,열기구,1,명사,한자어
4,열대림,0,명사,한자어
4,열도,2,명사,한자어
4,열등,0,명사,한자어
4,열등감,0,명사,한자어
4,열띠다,0,형용사,혼종어
4,열람,0,명사,한자어
4,열람하다,0,동사,혼종어
4,열망,0,명사,한자어
4,열변,1,명사,한자어
4,열사,1,명사,한자어
4,열사병,0,명사,한자어
4,열성적,0,명사/관형사,한자어
4,열의,0,명사,한자어
4,열풍,1,명사,한자어
4,염,9,명사,한자어
4,염기성,0,명사,한자어
4,염두,1,명사,한자어
4,염라대왕,0,명사,한자어
4,염려되다,0,동사,혼종어
4,염려스럽다,0,형용사,혼종어
4,염료,0,명사,한자어
4,염분,2,명사,한자어
4,염산,2,명사,한자어
4,염원하다,0,동사,혼종어
4,염증,4,명사,한자어
4,엽록소,0,명사,한자어
4,엿가락,0,명사,고유어
4,엿기름,0,명사,고유어
4,엿보이다,0,동사,고유어
4,엿새,1,명사,고유어
4,영감,2,명사,한자어
4,영구,1,명사,한자어
4,영구적,0,명사/관형사,한자어
4,영구치,0,명사,한자어
4,영국인,0,명사,한자어
4,영글다,0,동사,고유어
4,영락없다,0,형용사,혼종어
4,영락없이,0,부사,혼종어
4,영롱하다,0,형용사,혼종어
4,영문,1,명사,고유어
4,영문,3,명사,한자어
4,영법,1,명사,한자어
4,영산홍,0,명사,한자어
4,영상,3,명사,한자어
4,영상물,0,명사,한자어
4,영양사,0,명사,한자어
4,영양식,0,명사,한자어
4,영양실조,0,명사,한자어
4,영업소,0,명사,한자어
4,영업용,0,명사,한자어
4,영의정,0,명사,한자어
4,영장,1,명사,한자어
4,영적,1,명사/관형사,한자어
4,영점,0,명사,한자어
4,영정,4,명사,한자어
4,영해,1,명사,한자어
4,영향권,0,명사,한자어
4,영향력,0,명사,한자어
4,영화제,0,명사,한자어
4,옆면,0,명사,혼종어
4,옆모습,0,명사,고유어
4,옆줄,0,명사,고유어
4,예각,2,명사,한자어
4,예견하다,0,동사,혼종어
4,예금,1,명사,한자어
4,예금되다,0,동사,혼종어
4,예금액,0,명사,한자어
4,예금주,0,명사,한자어
4,예금하다,0,동사,혼종어
4,예끼,0,감탄사,고유어
4,예년,0,명사,한자어
4,예닐곱,0,명사/관형사,고유어
4,예리하다,0,형용사,혼종어
4,예문,1,명사,한자어
4,예물,1,명사,한자어
4,예법,2,명사,한자어
4,예복,3,명사,한자어
4,예비군,0,명사,한자어
4,예사말,0,명사,혼종어
4,예산서,0,명사,한자어
4,예산안,0,명사,한자어
4,예상외,0,명사,한자어
4,예술단,0,명사,한자어
4,예술성,0,명사,한자어
4,예술제,0,명사,한자어
4,예술품,0,명사,한자어
4,예약석,0,명사,한자어
4,예약제,0,명사,한자어
4,예언자,2,명사,한자어
4,예언하다,2,동사,혼종어
4,예외적,0,명사/관형사,한자어
4,예의범절,0,명사,한자어
4,예정일,0,명사,한자어
4,예측되다,0,동사,혼종어
4,예컨대,0,부사,혼종어
4,옛길,0,명사,고유어
4,옛사람,0,명사,고유어
4,옛집,0,명사,고유어
4,오감,3,명사,한자어
4,오곡,0,명사,한자어
4,오곡밥,0,명사,혼종어
4,오그라들다,0,동사,고유어
4,오그리다,0,동사,고유어
4,오금,1,명사,고유어
4,오기,7,명사,한자어
4,오너,0,명사,외래어
4,오누이,0,명사,고유어
4,오도독오도독,0,부사,고유어
4,오디션,0,명사,외래어
4,오뚝이,1,명사,고유어
4,오라비,0,명사,고유어
4,오락하다,1,동사,혼종어
4,오랑우탄,0,명사,외래어
4,오래달리기,0,명사,고유어
4,오르간,0,명사,외래어
4,오르르,2,부사,고유어
4,오른손잡이,0,명사,고유어
4,오름세,0,명사,혼종어
4,오막살이,0,명사,혼종어
4,오막살이집,0,명사,혼종어
4,오만,1,관형사,한자어
4,오만하다,0,형용사,혼종어
4,오메가,0,명사,외래어
4,오명,2,명사,한자어
4,오목,1,부사,고유어
4,오목오목,0,부사,고유어
4,오목하다,0,형용사,고유어
4,오묘하다,0,형용사,혼종어
4,오물오물,2,부사,고유어
4,오므라들다,0,동사,고유어
4,오므라이스,0,명사,외래어
4,오미자,0,명사,한자어
4,오밀조밀,0,부사,한자어
4,오보에,0,명사,외래어
4,오색구름,0,명사,혼종어
4,오색실,0,명사,혼종어
4,오선지,0,명사,한자어
4,오소리,0,명사,고유어
4,오싹오싹,0,부사,고유어
4,오염도,0,명사,한자어
4,오염원,0,명사,한자어
4,오오,0,명사,한자어
4,오용,0,명사,한자어
4,오이김치,0,명사,고유어
4,오이꽃,0,명사,고유어
4,오인,6,명사,한자어
4,오일륙,0,명사,한자어
4,오작교,0,명사,한자어
4,오존,0,명사,외래어
4,오존층,0,명사,혼종어
4,오줌똥,0,명사,고유어
4,오지,13,명사,한자어
4,오지랖,0,명사,고유어
4,오케이,0,명사,외래어
4,오프닝,0,명사,외래어
4,오프라인,0,명사,외래어
4,오프셋,2,명사,외래어
4,오픈,0,명사,외래어
4,오한,1,명사,한자어
4,오합지졸,0,명사,한자어
4,옥살이하다,0,동사,혼종어
4,옥신각신,0,명사/부사,고유어
4,옥외,0,명사,한자어
4,옥잠화,0,명사,한자어
4,옥좌,0,명사,한자어
4,옥중,0,명사,한자어
4,옥타브,0,의존 명사/명사,외래어
4,온난화,0,명사,한자어
4,온대,0,명사,한자어
4,온대림,0,명사,한자어
4,온돌방,0,명사,한자어
4,온상,0,명사,한자어
4,온수,1,명사,한자어
4,온수기,0,명사,한자어
4,온순하다,1,형용사,혼종어
4,온음,0,명사,혼종어
4,온전하다,0,형용사,혼종어
4,온전히,0,부사,혼종어
4,온점,1,명사,혼종어
4,온정,3,명사,한자어
4,온천물,0,명사,혼종어
4,온탕,0,명사,한자어
4,온풍기,0,명사,한자어
4,올,1,명사,고유어
4,올가미,0,명사,고유어
4,올록볼록,0,부사,고유어
4,올망졸망,0,부사,고유어
4,옭아매다,0,동사,고유어
4,옳아,0,감탄사,고유어
4,옳지,0,감탄사,고유어
4,옴츠리다,0,동사,고유어
4,옴폭,0,부사,고유어
4,옵션,0,명사,외래어
4,옷가지,0,명사,고유어
4,옷고름,0,명사,고유어
4,옷깃,0,명사,고유어
4,옷맵시,0,명사,고유어
4,옷솔,0,명사,고유어
4,옷핀,0,명사,혼종어
4,옹알이,0,명사,고유어
4,옹호하다,0,동사,혼종어
4,옻칠,0,명사,혼종어
4,와글거리다,0,동사,고유어
4,와아,0,명사,한자어
4,와이샤쓰,0,명사,외래어
4,와중,1,명사,한자어
4,와트,2,의존 명사,외래어
4,와해,1,명사,한자어
4,와해되다,0,동사,혼종어
4,왁스,0,명사,외래어
4,왁자지껄하다,0,형용사/동사,고유어
4,왁자하다,0,형용사/동사,고유어
4,완강하다,1,형용사,혼종어
4,완강하다,2,형용사,혼종어
4,완강히,0,부사,혼종어
4,완곡하다,1,형용사,혼종어
4,완공하다,0,동사,혼종어
4,완료,0,명사,한자어
4,완료되다,0,동사,혼종어
4,완만하다,1,형용사,혼종어
4,완벽히,0,부사,혼종어
4,완비,1,명사,한자어
4,완비되다,0,동사,혼종어
4,완성도,0,명사,한자어
4,완성품,0,명사,한자어
4,완수하다,1,동사,혼종어
4,완숙,1,명사,한자어
4,완연하다,2,형용사,혼종어
4,완자,1,명사,고유어
4,완장,3,명사,한자어
4,완주,0,명사,한자어
4,완주하다,0,동사,혼종어
4,완충되다,0,동사,혼종어
4,완행,0,명사,한자어
4,완화하다,0,동사,혼종어
4,왕겨,0,명사,혼종어
4,왕권,0,명사,한자어
4,왕눈이,0,명사,혼종어
4,왕래,0,명사,한자어
4,왕래하다,0,동사,혼종어
4,왕립,0,명사,한자어
4,왕명,2,명사,한자어
4,왕복,0,명사,한자어
4,왕복하다,0,동사,혼종어
4,왕새우,0,명사,혼종어
4,왕후,1,명사,한자어
4,왜가리,0,명사,고유어
4,왜곡,1,명사,한자어
4,왜곡되다,0,동사,혼종어
4,왜곡하다,1,동사,혼종어
4,왜구,1,명사,한자어
4,왜란,0,명사,한자어
4,왜병,0,명사,한자어
4,왜소하다,0,형용사,혼종어
4,왜인,1,명사,한자어
4,왜장,0,명사,한자어
4,외겹,0,명사,고유어
4,외곽,1,명사,한자어
4,외교권,0,명사,한자어
4,외교부,0,명사,한자어
4,외교적,0,명사/관형사,한자어
4,외국계,0,명사,한자어
4,외나무다리,0,명사,고유어
4,외다,2,동사,고유어
4,외따로,0,부사,고유어
4,외딴,2,관형사,고유어
4,외딴길,0,명사,고유어
4,외딴섬,0,명사,고유어
4,외딴집,0,명사,고유어
4,외래,0,명사,한자어
4,외마디,0,명사,고유어
4,외무부,0,명사,한자어
4,외발,0,명사,고유어
4,외손녀,0,명사,한자어
4,외손자,0,명사,한자어
4,외숙부,0,명사,한자어
4,외인,1,명사,한자어
4,외적,1,명사/관형사,한자어
4,외제,5,명사,한자어
4,외줄,0,명사,고유어
4,외지다,0,형용사,고유어
4,외침,2,명사,한자어
4,외톨,0,명사,고유어
4,외풍,0,명사,한자어
4,외향적,0,명사/관형사,한자어
4,외화,1,명사,한자어
4,외화,3,명사,한자어
4,요건,0,명사,한자어
4,요긴하다,0,형용사,혼종어
4,요도,3,명사,한자어
4,요동,2,명사,한자어
4,요동치다,0,동사,혼종어
4,요람,2,명사,한자어
4,요리점,0,명사,한자어
4,요리조리,1,부사,고유어
4,요리하다,1,동사,고유어
4,요모조모,0,명사,고유어
4,요법,3,명사,한자어
4,요새,2,명사,한자어
4,요소,3,명사,한자어
4,요소,4,명사,한자어
4,요양원,0,명사,한자어
4,요오드,0,명사,외래어
4,요인,2,명사,한자어
4,요인,3,명사,한자어
4,요지,3,명사,한자어
4,요직,0,명사,한자어
4,요청되다,0,동사,혼종어
4,요통,0,명사,한자어
4,요판,0,명사,한자어
4,요하다,0,동사,혼종어
4,요행,0,명사,한자어
4,욕되다,0,형용사,혼종어
4,욕설,0,명사,한자어
4,용감성,0,명사,한자어
4,용감히,0,부사,혼종어
4,용광로,0,명사,한자어
4,용납하다,0,동사,혼종어
4,용매,0,명사,한자어
4,용맹,0,명사,한자어
4,용맹스럽다,0,형용사,혼종어
4,용맹하다,0,형용사,혼종어
4,용모,1,명사,한자어
4,용변,1,명사,한자어
4,용솟음치다,0,동사,혼종어
4,용수,2,명사,한자어
4,용어,2,명사,한자어
4,용접기,0,명사,한자어
4,용해,2,명사,한자어
4,용해되다,1,동사,혼종어
4,용해하다,1,동사,혼종어
4,우거지,0,명사,고유어
4,우글거리다,2,동사,고유어
4,우글우글하다,2,동사,고유어
4,우기,4,명사,한자어
4,우당탕,0,부사,고유어
4,우대하다,1,동사,혼종어
4,우대하다,2,동사,혼종어
4,우두,1,명사,한자어
4,우두커니,0,부사,고유어
4,우등상,0,명사,한자어
4,우라늄,0,명사,외래어
4,우람하다,1,형용사,고유어
4,우량,3,명사,한자어
4,우량계,0,명사,한자어
4,우러나다,0,동사,고유어
4,우러나오다,0,동사,고유어
4,우러르다,0,동사,고유어
4,우려,0,명사,한자어
4,우려내다,0,동사,고유어
4,우려되다,0,동사,혼종어
4,우려하다,0,동사,혼종어
4,우롱하다,0,동사,혼종어
4,우르릉,0,부사,고유어
4,우리글,0,명사,고유어
4,우리다,2,동사,고유어
4,우림,0,명사,한자어
4,우물거리다,2,동사,고유어
4,우방국,0,명사,한자어
4,우변,0,명사,한자어
4,우산국,0,명사,한자어
4,우산살,0,명사,혼종어
4,우상,4,명사,한자어
4,우세하다,1,동사,고유어
4,우수하다,1,동사,혼종어
4,우승기,0,명사,한자어
4,우승자,0,명사,한자어
4,우악스럽다,0,형용사,혼종어
4,우연찮다,0,형용사,혼종어
4,우울증,0,명사,한자어
4,우월감,0,명사,한자어
4,우유갑,0,명사,한자어
4,우윳빛,0,명사,혼종어
4,우의정,0,명사,한자어
4,우지끈,0,부사,고유어
4,우지직,0,부사,고유어
4,우체부,0,명사,한자어
4,우편료,0,명사,한자어
4,우편엽서,0,명사,한자어
4,우편집배원,0,명사,한자어
4,우호,1,명사,한자어
4,우화,5,명사,한자어
4,운동권,0,명사,한자어
4,운동량,0,명사,한자어
4,운명적,0,명사/관형사,한자어
4,운반되다,0,동사,혼종어
4,운반비,0,명사,한자어
4,운반차,0,명사,한자어
4,운석,3,명사,한자어
4,운세,0,명사,한자어
4,운송,0,명사,한자어
4,운수업,0,명사,한자어
4,운율,0,명사,한자어
4,운임,0,명사,한자어
4,운전석,0,명사,한자어
4,운하,2,명사,한자어
4,운항,1,명사,한자어
4,운항하다,0,동사,혼종어
4,운행되다,0,동사,혼종어
4,운행하다,2,동사,혼종어
4,운현궁,0,명사,한자어
4,울,2,명사,고유어
4,울분,0,명사,한자어
4,울컥,0,부사,고유어
4,울컥하다,0,동사,고유어
4,움,1,명사,고유어
4,움막,0,명사,혼종어
4,움집,0,명사,고유어
4,움찔,1,부사,고유어
4,움찔거리다,1,동사,고유어
4,움찔하다,0,동사,고유어
4,움츠러들다,0,동사,고유어
4,움츠러지다,0,동사,고유어
4,움켜잡다,0,동사,고유어
4,움키다,0,동사,고유어
4,웃돌다,0,동사,고유어
4,웃옷,0,명사,고유어
4,웅녀,0,명사,한자어
4,웅대하다,0,형용사,혼종어
4,웅변,0,명사,한자어
4,웅성이다,0,동사,고유어
4,워드,3,명사,외래어
4,원가,5,명사,한자어
4,원고,3,명사,한자어
4,원고,4,명사,한자어
4,원기,1,명사,한자어
4,원기둥,2,명사,혼종어
4,원나라,0,명사,혼종어
4,원년,0,명사,한자어
4,원님,0,명사,혼종어
4,원단,2,명사,한자어
4,원대하다,2,형용사,혼종어
4,원동력,0,명사,한자어
4,원두커피,0,명사,혼종어
4,원료비,0,명사,한자어
4,원만하다,0,형용사,혼종어
4,원목,2,명사,한자어
4,원반,3,명사,한자어
4,원반던지기,0,명사,혼종어
4,원본,2,명사,한자어
4,원뿔,0,명사,혼종어
4,원색,2,명사,한자어
4,원서,5,명사,한자어
4,원성,1,명사,한자어
4,원시림,0,명사,한자어
4,원앙,2,명사,한자어
4,원액,3,명사,한자어
4,원어,0,명사,한자어
4,원예,1,명사,한자어
4,원유,3,명사,한자어
4,원자,2,명사,한자어
4,원자력,0,명사,한자어
4,원자로,0,명사,한자어
4,원자재,0,명사,한자어
4,원작,0,명사,한자어
4,원재료,0,명사,한자어
4,원정,13,명사,한자어
4,원정군,0,명사,한자어
4,원제목,0,명사,한자어
4,원조,6,명사,한자어
4,원조하다,1,동사,혼종어
4,원주율,0,명사,한자어
4,원천,2,명사,한자어
4,원체,1,명사/부사,한자어
4,원통,3,명사,한자어
4,원통형,0,명사,한자어
4,원형,3,명사,한자어
4,원활하다,0,형용사,혼종어
4,월계수,0,명사,한자어
4,월급날,0,명사,혼종어
4,월남,2,명사,한자어
4,월남하다,0,동사,혼종어
4,월별,1,명사,한자어
4,월세,0,명사,한자어
4,월식,0,명사,한자어
4,월평균,0,명사,한자어
4,웨이브,0,명사,외래어
4,웬걸,0,감탄사/품사없음,고유어
4,위기감,0,명사,한자어
4,위도,2,명사,한자어
4,위력,1,명사,한자어
4,위문,0,명사,한자어
4,위문하다,0,동사,혼종어
4,위배되다,0,동사,혼종어
4,위산,2,명사,한자어
4,위상,1,명사,한자어
4,위생병,0,명사,한자어
4,위생비,0,명사,한자어
4,위선,4,명사,한자어
4,위안부,0,명사,한자어
4,위암,2,명사,한자어
4,위압감,0,명사,한자어
4,위염,0,명사,한자어
4,위원단,0,명사,한자어
4,위원장,0,명사,한자어
4,위원회,0,명사,한자어
4,위장,2,명사,한자어
4,위축,2,명사,한자어
4,위탁,0,명사,한자어
4,위태위태하다,0,형용사,혼종어
4,위트,0,명사,외래어
4,위헌,0,명사,한자어
4,윗면,0,명사,혼종어
4,윗물,0,명사,고유어
4,윙윙,0,부사,고유어
4,윙윙거리다,0,동사,고유어
4,유가족,0,명사,한자어
4,유괴범,0,명사,한자어
4,유교,2,명사,한자어
4,유권자,0,명사,한자어
4,유기,3,명사,한자어
4,유기,10,명사,한자어
4,유기농,0,명사,한자어
4,유기물,1,명사,한자어
4,유기적,0,명사/관형사,한자어
4,유념하다,0,동사,혼종어
4,유단자,0,명사,한자어
4,유달리,0,부사,혼종어
4,유대,2,명사,한자어
4,유대감,0,명사,한자어
4,유도,7,명사,한자어
4,유도하다,3,동사,혼종어
4,유독,1,명사,한자어
4,유랑,1,명사,한자어
4,유력하다,1,형용사,혼종어
4,유례없다,0,형용사,혼종어
4,유리관,0,명사,한자어
4,유리구슬,0,명사,혼종어
4,유리그릇,0,명사,혼종어
4,유리판,0,명사,한자어
4,유망하다,1,형용사,혼종어
4,유명세,0,명사,한자어
4,유목민,0,명사,한자어
4,유무,2,명사,한자어
4,유민,1,명사,한자어
4,유발,3,명사,한자어
4,유방,2,명사,한자어
4,유배,3,명사,한자어
4,유배되다,0,동사,혼종어
4,유별나다,0,형용사,혼종어
4,유부녀,0,명사,한자어
4,유사하다,1,형용사,혼종어
4,유산,4,명사,한자어
4,유산균,0,명사,한자어
4,유선,1,명사,한자어
4,유선,2,명사,한자어
4,유선형,0,명사,한자어
4,유성,3,명사,한자어
4,유세,5,명사,한자어
4,유소년,0,명사,한자어
4,유실수,0,명사,한자어
4,유언장,0,명사,한자어
4,유언하다,0,동사,혼종어
4,유엔,0,명사,외래어
4,유엔군,0,명사,혼종어
4,유역,2,명사,한자어
4,유연성,2,명사,한자어
4,유원지,2,명사,한자어
4,유유자적,0,명사,한자어
4,유유히,2,부사,혼종어
4,유의어,0,명사,한자어
4,유의하다,1,형용사,혼종어
4,유일신,0,명사,한자어
4,유입,1,명사,한자어
4,유입되다,1,동사,혼종어
4,유적,8,명사,한자어
4,유제품,0,명사,한자어
4,유조선,0,명사,한자어
4,유족,3,명사,한자어
4,유지,2,명사,한자어
4,유지하다,1,형용사,혼종어
4,유채색,0,명사,한자어
4,유출,1,명사,한자어
4,유출되다,1,동사,혼종어
4,유충,2,명사,한자어
4,유치,7,명사,한자어
4,유통되다,0,동사,혼종어
4,유품,2,명사,한자어
4,유학자,0,명사,한자어
4,유학하다,1,동사,한자어
4,유한하다,1,형용사,혼종어
4,유해,2,명사,한자어
4,유해하다,0,형용사,혼종어
4,유행되다,0,동사,혼종어
4,유행성,0,명사,한자어
4,유형,7,명사,한자어
4,유화,2,명사,한자어
4,유효,1,명사,한자어
4,육각기둥,0,명사,혼종어
4,육대주,0,명사,한자어
4,육로,0,명사,한자어
4,육류,2,명사,한자어
4,육면체,0,명사,한자어
4,육박하다,2,동사,혼종어
4,육성,5,명사,한자어
4,육신,4,명사,한자어
4,육이오,0,명사,한자어
4,육중하다,0,형용사,혼종어
4,육하원칙,0,명사,한자어
4,육회,0,명사,한자어
4,윤리,0,명사,한자어
4,윤리적,0,명사/관형사,한자어
4,윤택하다,0,형용사,혼종어
4,윤활유,0,명사,한자어
4,윤회,2,명사,한자어
4,율무,0,명사,고유어
4,융성,0,명사,한자어
4,융숭하다,0,형용사,혼종어
4,융털,0,명사,혼종어
4,융통,0,명사,한자어
4,융합,0,명사,한자어
4,융합하다,0,동사,혼종어
4,윷가락,0,명사,고유어
4,으뜸음,0,명사,혼종어
4,으스대다,0,동사,고유어
4,으슥하다,0,형용사,고유어
4,으쓱거리다,0,동사,고유어
4,으쓱으쓱,1,부사,고유어
4,으악,0,부사/감탄사,고유어
4,으하하,0,부사,고유어
4,으허허,0,부사,고유어
4,으흐흐,0,부사,고유어
4,으흐흑,0,부사,고유어
4,으흠,0,감탄사,고유어
4,윽박지르다,0,동사,고유어
4,은공,1,명사,한자어
4,은구슬,0,명사,혼종어
4,은돈,0,명사,혼종어
4,은박지,0,명사,한자어
4,은방울,0,명사,혼종어
4,은방울꽃,0,명사,혼종어
4,은신처,0,명사,한자어
4,은실,0,명사,혼종어
4,은어,1,명사,한자어
4,은어,2,명사,한자어
4,은유법,0,명사,한자어
4,은은히,2,부사,혼종어
4,은종이,0,명사,혼종어
4,은퇴,0,명사,한자어
4,은팔찌,0,명사,혼종어
4,은폐하다,2,동사,혼종어
4,은하,0,명사,한자어
4,은행가,1,명사,한자어
4,은행장,0,명사,한자어
4,은화,3,명사,한자어
4,을사조약,0,명사,한자어
4,읊다,0,동사,고유어
4,읊조리다,0,동사,고유어
4,음각,2,명사,한자어
4,음경,2,명사,한자어
4,음계,1,명사,한자어
4,음극,2,명사,한자어
4,음란물,0,명사,한자어
4,음미하다,1,동사,혼종어
4,음반,0,명사,한자어
4,음수,1,명사,한자어
4,음식상,0,명사,한자어
4,음악대,0,명사,한자어
4,음악인,0,명사,한자어
4,음악적,0,명사/관형사,한자어
4,음절,0,명사,한자어
4,음파,0,명사,한자어
4,음흉하다,0,형용사,혼종어
4,읍사무소,0,명사,한자어
4,읍장,0,명사,한자어
4,응결되다,0,동사,혼종어
4,응낙하다,0,동사,혼종어
4,응달,0,명사,고유어
4,응답,0,명사,한자어
4,응답자,0,명사,한자어
4,응답하다,0,동사,혼종어
4,응대,2,명사,한자어
4,응모하다,0,동사,혼종어
4,응용되다,0,동사,혼종어
4,응원가,0,명사,한자어
4,응원기,0,명사,한자어
4,응접실,0,명사,한자어
4,의견서,0,명사,한자어
4,의결,2,명사,한자어
4,의결하다,0,동사,혼종어
4,의과,2,명사,한자어
4,의관,1,명사,한자어
4,의기소침하다,0,형용사,혼종어
4,의기양양하다,0,형용사,혼종어
4,의도적,0,명사/관형사,한자어
4,의뢰,0,명사,한자어
4,의뢰인,0,명사,한자어
4,의뢰하다,0,동사,혼종어
4,의료비,0,명사,한자어
4,의무화,0,명사,한자어
4,의문사,0,명사,한자어
4,의문스럽다,0,형용사,혼종어
4,의미심장하다,0,형용사,혼종어
4,의병,1,명사,한자어
4,의병장,0,명사,한자어
4,의사,3,명사,한자어
4,의사당,0,명사,한자어
4,의사소통하다,0,동사,혼종어
4,의상실,0,명사,한자어
4,의생활,0,명사,한자어
4,의성어,0,명사,한자어
4,의식하다,1,동사,혼종어
4,의심쩍다,0,형용사,혼종어
4,의아스럽다,0,형용사,혼종어
4,의약,2,명사,한자어
4,의약품,0,명사,한자어
4,의연하다,3,형용사,혼종어
4,의원,3,명사,한자어
4,의원,4,명사,한자어
4,의의,4,명사,한자어
4,의장,12,명사,한자어
4,의족,0,명사,한자어
4,의좋다,0,형용사,혼종어
4,의태어,0,명사,한자어
4,의학계,0,명사,한자어
4,의학자,0,명사,한자어
4,의학적,0,명사/관형사,한자어
4,의향,2,명사,한자어
4,의협심,0,명사,한자어
4,의형제,0,명사,한자어
4,의혹,0,명사,한자어
4,이,1,명사,고유어
4,이구아나,0,명사,외래어
4,이국적,0,명사/관형사,한자어
4,이까짓,0,관형사,고유어
4,이념,0,명사,한자어
4,이담,0,명사,고유어
4,이동되다,0,동사,혼종어
4,이듬해,0,명사,고유어
4,이래,2,의존명사,한자어
4,이러저러하다,0,형용사,고유어
4,이레,0,명사,고유어
4,이력,3,명사,한자어
4,이례적,0,명사/관형사,한자어
4,이류,1,명사,한자어
4,이륙,2,명사,한자어
4,이리,2,명사,고유어
4,이리하여,0,부사,고유어
4,이만저만,0,명사/부사,고유어
4,이만하다,1,동사,고유어
4,이맛살,0,명사,고유어
4,이면,1,명사,한자어
4,이모님,0,명사,혼종어
4,이모부님,0,명사,혼종어
4,이모저모,0,명사,고유어
4,이모티콘,0,명사,외래어
4,이목,3,명사,한자어
4,이무기,0,명사,고유어
4,이민자,0,명사,한자어
4,이민하다,0,동사,혼종어
4,이발사,0,명사,한자어
4,이변,4,명사,한자어
4,이병,1,명사,한자어
4,이삭줍기,1,명사,고유어
4,이상스럽다,0,형용사,혼종어
4,이상야릇하다,0,형용사,혼종어
4,이상적,1,명사/관형사,한자어
4,이색적,0,명사/관형사,한자어
4,이성,10,명사,한자어
4,이슈,0,명사,외래어
4,이슬람,0,명사,외래어
4,이슬람교,0,명사,혼종어
4,이심전심,0,명사,한자어
4,이야기꽃,0,명사,고유어
4,이야아,0,감탄사,고유어
4,이에,0,부사,고유어
4,이엠에스,0,명사,외래어
4,이온,0,명사,외래어
4,이웃사촌,0,명사,혼종어
4,이웃하다,0,동사,고유어
4,이율,2,명사,한자어
4,이음매,0,명사,고유어
4,이의,6,명사,한자어
4,이익금,0,명사,한자어
4,이입,0,명사,한자어
4,이자,1,대명사,혼종어
4,이자,4,명사,한자어
4,이자율,0,명사,한자어
4,이재민,0,명사,한자어
4,이전하다,1,동사,혼종어
4,이점,1,명사,한자어
4,이정표,2,명사,한자어
4,이주,6,명사,한자어
4,이주하다,1,동사,혼종어
4,이중적,0,명사/관형사,한자어
4,이중창,2,명사,한자어
4,이즈음,0,명사,고유어
4,이질,3,명사,한자어
4,이질감,0,명사,한자어
4,이질적,0,명사/관형사,한자어
4,이쪽저쪽,0,명사,고유어
4,이차,1,명사,한자어
4,이참,0,명사,고유어
4,이탈,0,명사,한자어
4,이파리,0,명사,고유어
4,이해,2,명사,한자어
4,이해관계,0,명사,한자어
4,이해심,0,명사,한자어
4,이행하다,4,동사,혼종어
4,익사하다,0,동사,혼종어
4,익살,0,명사,고유어
4,익살스럽다,0,형용사,고유어
4,익히,0,부사,고유어
4,인가,1,명사,한자어
4,인가,5,명사,한자어
4,인간미,0,명사,한자어
4,인공호,0,명사,한자어
4,인공호흡,0,명사,한자어
4,인구수,0,명사,한자어
4,인근,0,명사,한자어
4,인내력,0,명사,한자어
4,인도되다,2,동사,혼종어
4,인도인,0,명사,한자어
4,인도자,0,명사,한자어
4,인동,2,명사,한자어
4,인력,1,명사,한자어
4,인력,2,명사,한자어
4,인류애,0,명사,한자어
4,인륜,1,명사,한자어
4,인명,1,명사,한자어
4,인명,2,명사,한자어
4,인명사전,0,명사,한자어
4,인문,1,명사,한자어
4,인문계,0,명사,한자어
4,인문학,0,명사,한자어
4,인민,1,명사,한자어
4,인민군,0,명사,한자어
4,인사,1,명사,한자어
4,인사,3,명사,한자어
4,인사법,2,명사,한자어
4,인삼주,0,명사,한자어
4,인삼차,0,명사,혼종어
4,인상,3,명사,한자어
4,인색,0,명사,한자어
4,인생사,0,명사,한자어
4,인솔하다,0,동사,혼종어
4,인쇄기,0,명사,한자어
4,인쇄물,0,명사,한자어
4,인쇄술,0,명사,한자어
4,인수,7,명사,한자어
4,인수하다,2,동사,혼종어
4,인용,2,명사,한자어
4,인용하다,2,동사,혼종어
4,인위적,0,명사/관형사,한자어
4,인의,2,명사,한자어
4,인재,1,명사,한자어
4,인재,2,명사,한자어
4,인적,2,명사,한자어
4,인정머리,0,명사,혼종어
4,인조,1,명사,한자어
4,인중,1,명사,한자어
4,인증하다,2,동사,혼종어
4,인지,8,명사,한자어
4,인지도,0,명사,한자어
4,인지하다,2,동사,혼종어
4,인차,1,명사,한자어
4,인출하다,1,동사,혼종어
4,인터폰,0,명사,외래어
4,인턴,0,명사,외래어
4,인파,0,명사,한자어
4,인형극,0,명사,한자어
4,인화,3,명사,한자어
4,인화지,0,명사,한자어
4,일가,2,명사,한자어
4,일가족,0,명사,한자어
4,일가친척,0,명사,한자어
4,일간지,0,명사,한자어
4,일감,0,명사,고유어
4,일과표,0,명사,한자어
4,일관되다,0,동사,혼종어
4,일관성,0,명사,한자어
4,일괄적,0,명사/관형사,한자어
4,일교차,0,명사,한자어
4,일급,1,명사,한자어
4,일기도,0,명사,한자어
4,일념,1,명사,한자어
4,일당,2,명사,한자어
4,일당,3,명사,한자어
4,일대,2,명사,한자어
4,일대,3,명사,한자어
4,일대기,0,명사,한자어
4,일동,1,명사,한자어
4,일러두기,0,명사,고유어
4,일러바치다,0,동사,고유어
4,일렁이다,0,동사,고유어
4,일류,1,명사,한자어
4,일리,3,명사,한자어
4,일명,1,명사,한자어
4,일몰,0,명사,한자어
4,일반화,0,명사,한자어
4,일반화되다,0,동사,혼종어
4,일반화하다,0,동사,혼종어
4,일방,1,명사,한자어
4,일방통행,0,명사,한자어
4,일본어,0,명사,한자어
4,일사병,0,명사,한자어
4,일상적,0,명사/관형사,한자어
4,일시,1,명사/부사,한자어
4,일시,3,명사,한자어
4,일시적,0,명사/관형사,한자어
4,일약,0,명사/부사,한자어
4,일요,0,명사,한자어
4,일용품,0,명사,한자어
4,일익,1,명사,한자어
4,일일,2,명사/부사,한자어
4,일일이,1,부사,고유어
4,일자,5,명사,한자어
4,일장기,0,명사,한자어
4,일절,2,부사,한자어
4,일정량,0,명사,한자어
4,일조량,0,명사,한자어
4,일찌감치,0,부사,고유어
4,일차,1,명사,한자어
4,일차적,0,명사/관형사,한자어
4,일출,1,명사,한자어
4,일층,0,부사,한자어
4,일탈,0,명사,한자어
4,일편,2,명사,한자어
4,일편단심,0,명사,한자어
4,일품,1,명사,한자어
4,일화,4,명사,한자어
4,일확천금,0,명사,한자어
4,일회용품,0,명사,한자어
4,임기응변,0,명사,한자어
4,임대료,0,명사,한자어
4,임명식,0,명사,한자어
4,임명장,0,명사,한자어
4,임산물,0,명사,한자어
4,임야,0,명사,한자어
4,임업,0,명사,한자어
4,임오군란,0,명사,한자어
4,임원,1,명사,한자어
4,임원회,0,명사,한자어
4,임의,0,명사,한자어
4,임자,1,명사,고유어
4,임하다,1,동사,혼종어
4,입단,1,명사,한자어
4,입단속하다,0,동사,혼종어
4,입담,1,명사,고유어
4,입대,1,명사,한자어
4,입덧,0,명사,고유어
4,입동,0,명사,한자어
4,입바람,0,명사,고유어
4,입법,0,명사,한자어
4,입법부,0,명사,한자어
4,입상,2,명사,한자어
4,입상하다,0,동사,혼종어
4,입성,2,명사,한자어
4,입속,0,명사,고유어
4,입수하다,1,동사,혼종어
4,입시,4,명사,한자어
4,입양되다,0,동사,혼종어
4,입양아,0,명사,한자어
4,입자,2,명사,한자어
4,입장객,0,명사,한자어
4,입증,0,명사,한자어
4,입증되다,0,동사,혼종어
4,입증하다,0,동사,혼종어
4,입추,1,명사,한자어
4,입출금,0,명사,한자어
4,입하,1,명사,한자어
4,입회,2,명사,한자어
4,입후보자,0,명사,한자어
4,입후보하다,0,동사,혼종어
4,잇닿다,0,동사,고유어
4,잇새,0,명사,고유어
4,잉꼬,0,명사,외래어
4,잉잉,1,부사,고유어
4,잊히다,0,동사,고유어
4,잎담배,0,명사,고유어
4,잎자루,0,명사,고유어
4,잎줄기,0,명사,고유어
4,자각하다,2,동사,혼종어
4,자객,0,명사,한자어
4,자격증,0,명사,한자어
4,자고로,0,부사,혼종어
4,자금,8,명사,한자어
4,자급자족,0,명사,한자어
4,자급자족하다,0,동사,혼종어
4,자기,10,명사,한자어
4,자기력,0,명사,한자어
4,자기장,0,명사,한자어
4,자기중심적,0,명사/관형사,한자어
4,자동식,0,명사,한자어
4,자동화되다,0,동사,혼종어
4,자랑삼다,0,동사,고유어
4,자료집,0,명사,한자어
4,자루,2,명사,고유어
4,자린고비,0,명사,고유어
4,자립,1,명사,한자어
4,자립하다,0,동사,혼종어
4,자릿수,0,명사,혼종어
4,자만,2,명사,한자어
4,자매결연,0,명사,한자어
4,자모,2,명사,한자어
4,자문,3,명사,한자어
4,자문,6,명사,한자어
4,자물통,0,명사,혼종어
4,자벌레,0,명사,고유어
4,자본,2,명사,한자어
4,자본주의,0,명사,한자어
4,자비,8,명사,한자어
4,자비롭다,0,형용사,혼종어
4,자산,3,명사,한자어
4,자살률,0,명사,한자어
4,자생하다,1,동사,혼종어
4,자수,8,명사,한자어
4,자아,0,명사,한자어
4,자아내다,0,동사,고유어
4,자애롭다,0,형용사,혼종어
4,자연계,2,명사,한자어
4,자연물,0,명사,한자어
4,자연미,0,명사,한자어
4,자연사,2,명사,한자어
4,자연산,0,명사,한자어
4,자연석,0,명사,한자어
4,자연수,2,명사,한자어
4,자연인,0,명사,한자어
4,자욱이,0,부사,고유어
4,자원,2,명사,한자어
4,자원하다,0,동사,혼종어
4,자유권,0,명사,한자어
4,자유로이,0,부사,혼종어
4,자유업,0,명사,한자어
4,자유형,2,명사,한자어
4,자유화,1,명사,한자어
4,자율적,0,명사/관형사,한자어
4,자자하다,5,형용사,혼종어
4,자작나무,0,명사,고유어
4,자전하다,3,동사,혼종어
4,자제,1,명사,한자어
4,자제력,0,명사,한자어
4,자조,3,명사,한자어
4,자주권,0,명사,한자어
4,자주독립,0,명사,한자어
4,자주자주,0,부사,고유어
4,자주적,0,명사/관형사,한자어
4,자줏빛,0,명사,혼종어
4,자지러지다,1,동사,고유어
4,자질,3,명사,한자어
4,자책하다,0,동사,혼종어
4,자처하다,0,동사,혼종어
4,자체,2,명사,한자어
4,자초지종,0,명사,한자어
4,자취,3,명사,한자어
4,자취하다,2,동사,혼종어
4,자치,4,명사,한자어
4,자치제,0,명사,한자어
4,자태,2,명사,한자어
4,자택,0,명사,한자어
4,자투리,0,명사,고유어
4,자포자기,0,명사,한자어
4,자화상,2,명사,한자어
4,작곡되다,0,동사,혼종어
4,작곡자,0,명사,한자어
4,작디작다,0,형용사,고유어
4,작문,1,명사,한자어
4,작별하다,0,동사,혼종어
4,작사,3,명사,한자어
4,작사자,0,명사,한자어
4,작살,1,명사,고유어
4,작심,0,명사,한자어
4,작심삼일,0,명사,한자어
4,작은곰자리,0,명사,고유어
4,작은북,0,명사,고유어
4,작은창자,0,명사,고유어
4,작자,1,명사,한자어
4,작품집,0,명사,한자어
4,잔가지,0,명사,고유어
4,잔기침,0,명사,고유어
4,잔꾀,0,명사,고유어
4,잔뼈,0,명사,고유어
4,잔뿌리,0,명사,고유어
4,잔상,2,명사,한자어
4,잔액,0,명사,한자어
4,잔여,0,명사,한자어
4,잔인성,0,명사,한자어
4,잔일,1,명사,고유어
4,잔칫날,0,명사,고유어
4,잔칫집,0,명사,고유어
4,잔혹하다,0,형용사,혼종어
4,잘근잘근,1,부사,고유어
4,잘록,1,부사,고유어
4,잠그다,2,동사,고유어
4,잠금장치,0,명사,혼종어
4,잠망경,0,명사,한자어
4,잠수,1,명사,한자어
4,잠수부,0,명사,한자어
4,잠수정,0,명사,한자어
4,잠재되다,0,동사,혼종어
4,잠재력,0,명사,한자어
4,잠재하다,0,동사,혼종어
4,잡귀,0,명사,한자어
4,잡념,0,명사,한자어
4,잡다하다,0,형용사,혼종어
4,잡동사니,0,명사,혼종어
4,잡아매다,0,동사,고유어
4,잡아타다,0,동사,고유어
4,잡종,0,명사,한자어
4,잡지사,0,명사,한자어
4,잡지책,0,명사,한자어
4,잡티,0,명사,혼종어
4,잡화점,0,명사,한자어
4,잣,0,명사,고유어
4,잣나무,0,명사,고유어
4,잣다,2,동사,고유어
4,장,26,명사,한자어
4,장구벌레,0,명사,고유어
4,장기판,2,명사,한자어
4,장끼,0,명사,고유어
4,장난삼다,0,동사,고유어
4,장날,0,명사,혼종어
4,장녀,0,명사,한자어
4,장대비,0,명사,혼종어
4,장대하다,1,형용사,혼종어
4,장도리,0,명사,고유어
4,장독간,0,명사,혼종어
4,장독대,0,명사,혼종어
4,장딴지,0,명사,고유어
4,장려,3,명사,한자어
4,장려금,0,명사,한자어
4,장려상,0,명사,한자어
4,장려하다,1,형용사,혼종어
4,장려하다,2,동사,혼종어
4,장로,1,명사,한자어
4,장르,0,명사,외래어
4,장막,3,명사,한자어
4,장맛,0,명사,혼종어
4,장맛비,0,명사,고유어
4,장밋빛,0,명사,혼종어
4,장보기,0,명사,혼종어
4,장본인,0,명사,한자어
4,장부,8,명사,한자어
4,장사,12,명사,한자어
4,장사치,0,명사,고유어
4,장삿배,0,명사,고유어
4,장성하다,2,동사,혼종어
4,장손,0,명사,한자어
4,장수하늘소,0,명사,혼종어
4,장승,0,명사,고유어
4,장식되다,0,동사,혼종어
4,장식물,0,명사,한자어
4,장아찌,0,명사,고유어
4,장애아,0,명사,한자어
4,장엄하다,2,동사,혼종어
4,장염,3,명사,한자어
4,장옷,0,명사,고유어
4,장원,1,명사,한자어
4,장음,2,명사,한자어
4,장음계,0,명사,한자어
4,장의사,0,명사,한자어
4,장인어른,0,명사,혼종어
4,장착되다,0,동사,혼종어
4,장착하다,0,동사,혼종어
4,장타,0,명사,한자어
4,장티푸스,0,명사,혼종어
4,장판방,0,명사,한자어
4,장학,1,명사,한자어
4,장학관,0,명사,한자어
4,장학금,0,명사,한자어
4,잦아들다,0,동사,고유어
4,잦아지다,2,동사,고유어
4,재가,2,명사,한자어
4,재개되다,0,동사,혼종어
4,재건,0,명사,한자어
4,재건되다,0,동사,혼종어
4,재검토하다,0,동사,혼종어
4,재구성하다,0,동사,혼종어
4,재기하다,2,동사,혼종어
4,재다,3,동사,고유어
4,재떨이,0,명사,고유어
4,재래,2,명사,한자어
4,재래시장,0,명사,한자어
4,재래식,0,명사,한자어
4,재료비,0,명사,한자어
4,재미,2,명사,한자어
4,재발급,0,명사,한자어
4,재배,3,명사,한자어
4,재배되다,0,동사,혼종어
4,재배하다,1,동사,혼종어
4,재봉,3,명사,한자어
4,재봉사,1,명사,한자어
4,재산권,0,명사,한자어
4,재생,1,명사,한자어
4,재생비누,0,명사,혼종어
4,재생하다,0,동사,혼종어
4,재수,1,명사,한자어
4,재앙,0,명사,한자어
4,재야,1,명사,한자어
4,재외,0,명사,한자어
4,재위,0,명사,한자어
4,재정비,0,명사,한자어
4,재정적,0,명사/관형사,한자어
4,재주꾼,0,명사,고유어
4,재즈,0,명사,외래어
4,재직,1,명사,한자어
4,재촉,0,명사,고유어
4,재택근무,0,명사,한자어
4,재판관,0,명사,한자어
4,재판부,0,명사,한자어
4,재학,2,명사,한자어
4,재현하다,0,동사,혼종어
4,재혼하다,0,동사,혼종어
4,재확인,0,명사,한자어
4,재활원,0,명사,한자어
4,잿더미,0,명사,고유어
4,잿빛,0,명사,고유어
4,쟁기,1,명사,고유어
4,쟁쟁하다,1,동사,고유어
4,쟁취하다,0,동사,혼종어
4,저격하다,0,동사,혼종어
4,저공해,0,명사,한자어
4,저녁나절,0,명사,고유어
4,저녁놀,0,명사,고유어
4,저녁상,0,명사,혼종어
4,저돌적,0,명사/관형사,한자어
4,저력,1,명사,한자어
4,저버리다,0,동사,고유어
4,저벅저벅,0,부사,고유어
4,저소득층,0,명사,한자어
4,저속,2,명사,한자어
4,저온,0,명사,한자어
4,저울대,0,명사,고유어
4,저울질하다,0,동사,고유어
4,저임금,0,명사,한자어
4,저자,2,대명사,혼종어
4,저자,5,명사,한자어
4,저작,3,명사,한자어
4,저작권법,0,명사,한자어
4,저작물,0,명사,한자어
4,저작자,0,명사,한자어
4,저장고,0,명사,한자어
4,저지,3,명사,한자어
4,저지하다,2,동사,혼종어
4,저토록,0,부사,고유어
4,저하,1,명사,한자어
4,저항력,0,명사,한자어
4,적기,10,명사,한자어
4,적당량,0,명사,한자어
4,적대감,0,명사,한자어
4,적도,2,명사,한자어
4,적발,3,명사,한자어
4,적병,3,명사,한자어
4,적삼,0,명사,고유어
4,적색,1,명사,한자어
4,적선,3,명사,한자어
4,적성,5,명사,한자어
4,적십자,0,명사,한자어
4,적십자사,0,명사,한자어
4,적외선,0,명사,한자어
4,적응되다,0,동사,혼종어
4,적자,2,명사,한자어
4,적잖다,0,형용사,고유어
4,적적하다,2,형용사,혼종어
4,적정,6,명사,한자어
4,적정하다,3,형용사,혼종어
4,적중,1,명사,한자어
4,적진,1,명사,한자어
4,적탄,0,명사,한자어
4,적혈구,0,명사,한자어
4,전갈,1,명사,한자어
4,전갈,2,명사,한자어
4,전갈자리,0,명사,혼종어
4,전갱이,0,명사,고유어
4,전경,2,명사,한자어
4,전골,1,명사,고유어
4,전공,5,명사,한자어
4,전과자,0,명사,한자어
4,전광판,0,명사,한자어
4,전교,1,명사,한자어
4,전극,2,명사,한자어
4,전근,4,명사,한자어
4,전기료,0,명사,한자어
4,전기밥솥,0,명사,혼종어
4,전기세,0,명사,한자어
4,전기솥,0,명사,혼종어
4,전기스탠드,0,명사,혼종어
4,전기적,0,명사/관형사,한자어
4,전기차,0,명사,한자어
4,전년,0,명사,한자어
4,전년도,0,명사,한자어
4,전담,2,명사,한자어
4,전담하다,1,동사,혼종어
4,전도하다,5,동사,혼종어
4,전동기,0,명사,한자어
4,전동차,0,명사,한자어
4,전등갓,0,명사,혼종어
4,전등불,0,명사,혼종어
4,전람회,0,명사,한자어
4,전래되다,0,동사,혼종어
4,전력,1,명사,한자어
4,전력,5,명사,한자어
4,전류,2,명사,한자어
4,전립선,0,명사,한자어
4,전면,1,명사,한자어
4,전멸하다,1,동사,혼종어
4,전문,2,명사,한자어
4,전문성,0,명사,한자어
4,전문의,0,명사,한자어
4,전문직,0,명사,한자어
4,전문학교,0,명사,한자어
4,전문화,0,명사,한자어
4,전반,2,명사,한자어
4,전반적,0,명사/관형사,한자어
4,전반전,0,명사,한자어
4,전방,1,명사,한자어
4,전보,4,명사,한자어
4,전사하다,4,동사,혼종어
4,전산망,0,명사,한자어
4,전선,10,명사,한자어
4,전성시대,0,명사,한자어
4,전세,7,명사,한자어
4,전세,8,명사,한자어
4,전속,3,명사,한자어
4,전송,1,명사,한자어
4,전수하다,3,동사,혼종어
4,전승,1,명사,한자어
4,전승되다,0,동사,혼종어
4,전시,10,명사,한자어
4,전시물,0,명사,한자어
4,전시실,0,명사,한자어
4,전시품,0,명사,한자어
4,전신,1,명사,한자어
4,전신기,0,명사,한자어
4,전신주,0,명사,한자어
4,전압,2,명사,한자어
4,전역,1,명사,한자어
4,전연,1,부사,한자어
4,전열기,0,명사,한자어
4,전우,3,명사,한자어
4,전원,2,명사,한자어
4,전원주택,0,명사,한자어
4,전월,2,명사,한자어
4,전유물,0,명사,한자어
4,전입,0,명사,한자어
4,전자,3,명사,한자어
4,전자석,0,명사,한자어
4,전자시계,0,명사,한자어
4,전자저울,0,명사,혼종어
4,전자책,0,명사,한자어
4,전자파,1,명사,한자어
4,전장,15,명사,한자어
4,전쟁고아,0,명사,한자어
4,전쟁놀이,0,명사,혼종어
4,전쟁놀이하다,0,동사,혼종어
4,전적,3,명사/관형사,한자어
4,전적,10,명사,한자어
4,전조등,0,명사,한자어
4,전주,10,명사,한자어
4,전주곡,0,명사,한자어
4,전지,5,명사,한자어
4,전출,0,명사,한자어
4,전투력,0,명사,한자어
4,전투하다,0,동사,혼종어
4,전폭적,0,명사/관형사,한자어
4,전하,1,명사,한자어
4,전학생,0,명사,한자어
4,전학하다,0,동사,혼종어
4,전함,3,명사,한자어
4,전화국,0,명사,한자어
4,전화료,0,명사,한자어
4,전화선,0,명사,한자어
4,전환되다,0,동사,혼종어
4,전환점,0,명사,한자어
4,전환하다,2,동사,혼종어
4,전후좌우,0,명사,한자어
4,절감,2,명사,한자어
4,절개,2,명사,한자어
4,절구통,0,명사,혼종어
4,절굿공이,0,명사,고유어
4,절기,5,명사,한자어
4,절단기,0,명사,한자어
4,절단하다,1,동사,혼종어
4,절뚝거리다,0,동사,고유어
4,절레절레,0,부사,고유어
4,절룩거리다,0,동사,고유어
4,절름거리다,0,동사,고유어
4,절망적,0,명사/관형사,한자어
4,절약되다,0,동사,혼종어
4,절제,2,명사,한자어
4,절제되다,2,동사,혼종어
4,절제하다,2,동사,혼종어
4,절충,1,명사,한자어
4,절터,0,명사,고유어
4,점괘,1,명사,한자어
4,점령지,0,명사,한자어
4,점막,2,명사,한자어
4,점박이,0,명사,혼종어
4,점자,3,명사,한자어
4,점찍다,0,동사,혼종어
4,점철되다,0,동사,혼종어
4,점판,0,명사,혼종어
4,점화,2,명사,한자어
4,접눈,0,명사,혼종어
4,접목,2,명사,한자어
4,접목하다,2,동사,혼종어
4,접붙이기,0,명사,혼종어
4,접붙이다,0,동사,혼종어
4,접수되다,2,동사,혼종어
4,접시꽃,0,명사,고유어
4,접영,0,명사,한자어
4,접이식,0,명사,혼종어
4,접점,0,명사,한자어
4,접종하다,1,동사,혼종어
4,접착,0,명사,한자어
4,접합,0,명사,한자어
4,젓,1,명사,고유어
4,젓갈,1,명사,고유어
4,젓갈,2,명사,고유어
4,정가,5,명사,한자어
4,정갈하다,0,형용사,고유어
4,정감,3,명사,한자어
4,정강이,0,명사,고유어
4,정규,1,명사,한자어
4,정글짐,0,명사,외래어
4,정기,6,명사,한자어
4,정기,11,명사,한자어
4,정년퇴직,0,명사,한자어
4,정다각형,0,명사,한자어
4,정당,7,명사,한자어
4,정렬,2,명사,한자어
4,정렬하다,2,동사,혼종어
4,정맥,5,명사,한자어
4,정물,2,명사,한자어
4,정밀하다,1,형용사,혼종어
4,정박,0,명사,한자어
4,정반대되다,0,동사,혼종어
4,정벌,2,명사,한자어
4,정벌하다,0,동사,혼종어
4,정변,3,명사,한자어
4,정보기관,0,명사,한자어
4,정보화,0,명사,한자어
4,정복되다,0,동사,혼종어
4,정비례하다,0,동사,혼종어
4,정비하다,0,동사,혼종어
4,정서적,0,명사/관형사,한자어
4,정석,1,명사,한자어
4,정성스레,0,부사,혼종어
4,정세,5,명사,한자어
4,정수리,0,명사,혼종어
4,정숙하다,1,형용사,혼종어
4,정승,2,명사,한자어
4,정식,1,명사,한자어
4,정액,4,명사,한자어
4,정액권,0,명사,한자어
4,정열,0,명사,한자어
4,정열적,0,명사/관형사,한자어
4,정오각형,0,명사,한자어
4,정원,3,명사,한자어
4,정원사,0,명사,한자어
4,정육면체,0,명사,한자어
4,정의,5,명사,한자어
4,정자나무,0,명사,혼종어
4,정장,4,명사,한자어
4,정전기,2,명사,한자어
4,정점,2,명사,한자어
4,정정,13,명사,한자어
4,정정당당히,0,부사,혼종어
4,정정하다,9,동사,혼종어
4,정중히,0,부사,혼종어
4,정직성,0,명사,한자어
4,정진하다,4,동사,혼종어
4,정차,2,명사,한자어
4,정착,0,명사,한자어
4,정착되다,0,동사,혼종어
4,정착하다,0,동사,혼종어
4,정찰,1,명사,한자어
4,정책적,0,명사/관형사,한자어
4,정체성,1,명사,한자어
4,정치하다,2,동사,혼종어
4,정탐,0,명사,한자어
4,정통,2,명사,한자어
4,정통성,0,명사,한자어
4,정화,8,명사,한자어
4,정화되다,3,동사,혼종어
4,정화하다,4,동사,혼종어
4,정확도,0,명사,한자어
4,젖니,0,명사,고유어
4,젖병,2,명사,혼종어
4,젖빛,0,명사,고유어
4,젖줄,0,명사,고유어
4,제값,0,명사,고유어
4,제격,0,명사,혼종어
4,제과점,0,명사,한자어
4,제구실,0,명사,고유어
4,제국주의,0,명사,한자어
4,제기,6,명사,한자어
4,제기되다,0,동사,혼종어
4,제기하다,3,동사,혼종어
4,제날짜,0,명사,고유어
4,제단,0,명사,한자어
4,제대,1,명사,한자어
4,제대하다,0,동사,혼종어
4,제도적,0,명사/관형사,한자어
4,제도지,0,명사,한자어
4,제멋,0,명사,고유어
4,제비,1,명사,고유어
4,제빙,0,명사,한자어
4,제빵,0,명사,혼종어
4,제빵사,0,명사,혼종어
4,제수,1,명사,한자어
4,제시,2,명사,한자어
4,제아무리,0,부사,고유어
4,제안되다,0,동사,혼종어
4,제안자,0,명사,한자어
4,제약,1,명사,한자어
4,제약,3,명사,한자어
4,제어,1,명사,한자어
4,제외되다,0,동사,혼종어
4,제의,4,명사,한자어
4,제의하다,0,동사,혼종어
4,제일가다,0,동사,혼종어
4,제자리걸음,0,명사,고유어
4,제자리멀리뛰기,0,명사,고유어
4,제작비,0,명사,한자어
4,제작사,0,명사,한자어
4,제작진,0,명사,한자어
4,제재,1,명사,한자어
4,제정,1,명사,한자어
4,제정되다,0,동사,혼종어
4,제정하다,1,동사,혼종어
4,제조법,0,명사,한자어
4,제조업,0,명사,한자어
4,제지,1,명사,한자어
4,제지하다,1,동사,혼종어
4,제집,1,명사,고유어
4,제창되다,0,동사,혼종어
4,제철,2,명사,한자어
4,제출되다,2,동사,혼종어
4,제트기,1,명사,혼종어
4,제하다,2,동사,혼종어
4,제한적,0,명사/관형사,한자어
4,제헌,1,명사,한자어
4,제헌절,0,명사,한자어
4,제휴,0,명사,한자어
4,젠장,0,감탄사,고유어
4,조,1,명사,고유어
4,조각구름,0,명사,고유어
4,조각되다,1,동사,혼종어
4,조각배,0,명사,고유어
4,조각칼,0,명사,혼종어
4,조각품,0,명사,한자어
4,조감도,0,명사,한자어
4,조개더미,0,명사,고유어
4,조개류,0,명사,혼종어
4,조공,4,명사,한자어
4,조교,2,명사,한자어
4,조국애,0,명사,한자어
4,조급하다,1,형용사,혼종어
4,조기,3,명사,한자어
4,조기,5,명사,한자어
4,조난,0,명사,한자어
4,조력,3,명사,한자어
4,조련사,0,명사,한자어
4,조롱,3,명사,한자어
4,조롱박,0,명사,고유어
4,조롱조롱,0,부사,고유어
4,조류,1,명사,한자어
4,조류,2,명사,한자어
4,조르르,0,부사,고유어
4,조르륵,0,부사,고유어
4,조리,8,명사,한자어
4,조리다,0,동사,고유어
4,조리법,0,명사,한자어
4,조리사,0,명사,한자어
4,조리용,0,명사,한자어
4,조리하다,2,동사,혼종어
4,조립되다,0,동사,혼종어
4,조립식,0,명사,한자어
4,조명등,0,명사,한자어
4,조목조목,0,명사/부사,한자어
4,조문,2,명사,한자어
4,조문하다,0,동사,혼종어
4,조물조물,0,부사,고유어
4,조별,1,명사,한자어
4,조부모,0,명사,한자어
4,조사단,0,명사,한자어
4,조사실,0,명사,한자어
4,조사표,0,명사,한자어
4,조상신,0,명사,한자어
4,조선,3,명사,한자어
4,조선말,0,명사,혼종어
4,조선소,2,명사,한자어
4,조선업,0,명사,한자어
4,조선족,0,명사,한자어
4,조성,4,명사,한자어
4,조성되다,2,동사,혼종어
4,조성하다,4,동사,혼종어
4,조약,1,명사,한자어
4,조언하다,1,동사,혼종어
4,조율,3,명사,한자어
4,조작되다,1,동사,혼종어
4,조장,3,명사,한자어
4,조장하다,1,동사,혼종어
4,조정,4,명사,한자어
4,조정,8,명사,한자어
4,조정력,0,명사,한자어
4,조정하다,5,동사,혼종어
4,조준하다,0,동사,혼종어
4,조직되다,0,동사,혼종어
4,조직적,0,명사/관형사,한자어
4,조청,0,명사,한자어
4,조총,3,명사,한자어
4,조합원,0,명사,한자어
4,조항,2,명사,한자어
4,조형물,0,명사,한자어
4,조형미,0,명사,한자어
4,조화되다,0,동사,혼종어
4,조화하다,3,동사,혼종어
4,조회,2,명사,한자어
4,조회하다,2,동사,혼종어
4,족구,0,명사,한자어
4,족두리,1,명사,고유어
4,족쇄,0,명사,한자어
4,족자,0,명사,한자어
4,족족,1,의존 명사,고유어
4,족집게,0,명사,고유어
4,족치다,0,동사,고유어
4,족하다,0,형용사,혼종어
4,존경심,0,명사,한자어
4,존엄,0,명사,한자어
4,존엄성,0,명사,한자어
4,존엄하다,0,형용사,혼종어
4,존중되다,0,동사,혼종어
4,존칭,0,명사,한자어
4,졸랑졸랑,0,부사,고유어
4,졸래졸래,0,부사,고유어
4,좁다랗다,0,형용사,고유어
4,종각,0,명사,한자어
4,종교계,0,명사,한자어
4,종다리,1,명사,고유어
4,종단,3,명사,한자어
4,종래,0,명사/부사,한자어
4,종량제,0,명사,한자어
4,종례,0,명사,한자어
4,종료하다,0,동사,혼종어
4,종말,0,명사,한자어
4,종묘,1,명사,한자어
4,종사자,0,명사,한자어
4,종사하다,3,동사,혼종어
4,종신,4,명사,한자어
4,종알종알,0,부사,고유어
4,종이띠,0,명사,고유어
4,종이쪽,0,명사,고유어
4,종잇장,0,명사,혼종어
4,종자,5,명사,한자어
4,종장,3,명사,한자어
4,종전,3,명사,한자어
4,종종걸음,0,명사,고유어
4,종지,1,명사,고유어
4,종친,0,명사,한자어
4,종탑,0,명사,한자어
4,종파,2,명사,한자어
4,종합적,0,명사/관형사,한자어
4,좇아가다,0,동사,고유어
4,좌르르,0,부사,고유어
4,좌변,0,명사,한자어
4,좌우간,0,명사,한자어
4,좌우되다,0,동사,혼종어
4,좌우하다,0,동사,혼종어
4,좌의정,0,명사,한자어
4,좌측,0,명사,한자어
4,좌측면,0,명사,한자어
4,좌표,0,명사,한자어
4,좍좍,0,부사,고유어
4,좔좔,0,부사,고유어
4,죄다,1,동사,고유어
4,죄다,2,부사,고유어
4,죄수,0,명사,한자어
4,죄의식,0,명사,한자어
4,죄책감,0,명사,한자어
4,죗값,0,명사,혼종어
4,주가,4,명사,한자어
4,주간,3,명사,한자어
4,주거비,0,명사,한자어
4,주거지,1,명사,한자어
4,주관,1,명사,한자어
4,주관적,0,명사/관형사,한자어
4,주교,1,명사,한자어
4,주권,1,명사,한자어
4,주도,2,명사,한자어
4,주도권,0,명사,한자어
4,주도자,0,명사,한자어
4,주도적,0,명사/관형사,한자어
4,주동자,0,명사,한자어
4,주둔,0,명사,한자어
4,주둔하다,0,동사,혼종어
4,주둥아리,0,명사,고유어
4,주둥이,0,명사,고유어
4,주력,1,명사,한자어
4,주력하다,1,동사,혼종어
4,주류,1,명사,한자어
4,주르르,0,부사,고유어
4,주름잡다,0,동사,고유어
4,주리,1,명사,고유어
4,주막집,0,명사,혼종어
4,주먹구구,0,명사,혼종어
4,주먹질,0,명사,고유어
4,주먹코,0,명사,고유어
4,주모,3,명사,한자어
4,주모자,0,명사,한자어
4,주목적,0,명사,한자어
4,주물럭거리다,0,동사,고유어
4,주번,2,명사,한자어
4,주범,1,명사,한자어
4,주사약,0,명사,한자어
4,주생활,0,명사,한자어
4,주석,1,명사,한자어
4,주선하다,0,동사,혼종어
4,주성분,0,명사,한자어
4,주시하다,0,동사,혼종어
4,주식,1,명사,한자어
4,주심,2,명사,한자어
4,주어,1,명사,한자어
4,주역,1,명사,한자어
4,주연,1,명사,한자어
4,주원료,0,명사,한자어
4,주의력,0,명사,한자어
4,주의보,0,명사,한자어
4,주의자,0,명사,한자어
4,주입,1,명사,한자어
4,주장,2,명사,한자어
4,주장되다,1,동사,혼종어
4,주재,6,명사,한자어
4,주재료,0,명사,한자어
4,주정뱅이,0,명사,혼종어
4,주제넘다,0,형용사,고유어
4,주제문,0,명사,한자어
4,주제어,0,명사,한자어
4,주조정실,0,명사,한자어
4,주차비,0,명사,한자어
4,주책없이,0,부사,고유어
4,주체,2,명사,한자어
4,주체적,0,명사/관형사,한자어
4,주최,0,명사,한자어
4,주축,1,명사,한자어
4,주춤,0,부사,고유어
4,주춧돌,0,명사,고유어
4,주택지,0,명사,한자어
4,주파수,0,명사,한자어
4,주한,2,명사,한자어
4,주행하다,2,동사,혼종어
4,주홍색,0,명사,한자어
4,죽순,0,명사,한자어
4,죽염,0,명사,한자어
4,죽을죄,0,명사,혼종어
4,죽죽,1,부사,고유어
4,죽창,2,명사,한자어
4,준결승,0,명사,한자어
4,준말,0,명사,고유어
4,준법성,0,명사,한자어
4,준수하다,3,동사,혼종어
4,준우승,0,명사,한자어
4,줄곧,0,부사,고유어
4,줄글,0,명사,고유어
4,줄뿌림,0,명사,고유어
4,줄타기,0,명사,고유어
4,줄행랑,0,명사,혼종어
4,중간적,0,명사/관형사,한자어
4,중간중간,0,명사,한자어
4,중개,2,명사,한자어
4,중고등학교,0,명사,한자어
4,중고등학생,0,명사,한자어
4,중고생,0,명사,한자어
4,중고차,0,명사,한자어
4,중고품,0,명사,한자어
4,중공군,0,명사,한자어
4,중공업,0,명사,한자어
4,중금속,0,명사,한자어
4,중기,4,명사,한자어
4,중년,1,명사,한자어
4,중노동,0,명사,한자어
4,중등,0,명사,한자어
4,중략,0,명사,한자어
4,중량,3,명사,한자어
4,중력,3,명사,한자어
4,중류,1,명사,한자어
4,중립,1,명사,한자어
4,중립주의,0,명사,한자어
4,중매,1,명사,한자어
4,중병,2,명사,한자어
4,중복,1,명사,한자어
4,중복,5,명사,한자어
4,중부,3,명사,한자어
4,중산층,0,명사,한자어
4,중성,1,명사,한자어
4,중심가,0,명사,한자어
4,중심부,0,명사,한자어
4,중심선,0,명사,한자어
4,중심인물,0,명사,한자어
4,중심적,0,명사/관형사,한자어
4,중앙선,1,명사,한자어
4,중앙청,0,명사,한자어
4,중요도,0,명사,한자어
4,중요시하다,0,동사,혼종어
4,중인,1,명사,한자어
4,중장,2,명사,한자어
4,중장비,0,명사,한자어
4,중재,2,명사,한자어
4,중점적,0,명사/관형사,한자어
4,중증,1,명사,한자어
4,중창,3,명사,한자어
4,중추,1,명사,한자어
4,중턱,0,명사,혼종어
4,중형,2,명사,한자어
4,중화학,0,명사,한자어
4,중히,0,부사,혼종어
4,쥐덫,0,명사,고유어
4,쥐며느리,0,명사,고유어
4,쥐불,0,명사,고유어
4,쥐불놀이,0,명사,고유어
4,쥐색,0,명사,혼종어
4,즉사하다,0,동사,혼종어
4,즉위,0,명사,한자어
4,즉위식,0,명사,한자어
4,즉위하다,0,동사,혼종어
4,즉흥,0,명사,한자어
4,즐거이,0,부사,고유어
4,증가되다,0,동사,혼종어
4,증감,1,명사,한자어
4,증강,0,명사,한자어
4,증권,1,명사,한자어
4,증대,0,명사,한자어
4,증대되다,0,동사,혼종어
4,증류수,0,명사,한자어
4,증발되다,1,동사,혼종어
4,증발하다,1,동사,혼종어
4,증산,3,명사,한자어
4,증서,3,명사,한자어
4,증손녀,0,명사,한자어
4,증식하다,0,동사,혼종어
4,증언,0,명사,한자어
4,증언하다,0,동사,혼종어
4,증조,0,명사,한자어
4,증조모,0,명사,한자어
4,증조부,0,명사,한자어
4,증조할머니,0,명사,혼종어
4,증조할머님,0,명사,혼종어
4,증조할아버지,0,명사,혼종어
4,증진,0,명사,한자어
4,증진하다,0,동사,혼종어
4,증폭,0,명사,한자어
4,증폭되다,0,동사,혼종어
4,증표,0,명사,한자어
4,증후군,0,명사,한자어
4,지각,2,명사,한자어
4,지각,4,명사,한자어
4,지구력,0,명사,한자어
4,지구본,0,명사,한자어
4,지구의,0,명사,한자어
4,지구촌,0,명사,한자어
4,지그시,0,부사,고유어
4,지급,1,명사,한자어
4,지급하다,1,동사,혼종어
4,지긋하다,2,형용사,고유어
4,지도층,0,명사,한자어
4,지동설,0,명사,한자어
4,지략,1,명사,한자어
4,지레,1,명사,고유어
4,지렛대,0,명사,고유어
4,지령,3,명사,한자어
4,지뢰밭,0,명사,혼종어
4,지리,2,명사,한자어
4,지리적,0,명사/관형사,한자어
4,지망생,0,명사,한자어
4,지면,1,명사,한자어
4,지면,3,명사,한자어
4,지명,6,명사,한자어
4,지명되다,0,동사,혼종어
4,지명하다,3,동사,혼종어
4,지목되다,0,동사,혼종어
4,지불하다,1,동사,혼종어
4,지사제,0,명사,한자어
4,지새우다,0,동사,고유어
4,지성,4,명사,한자어
4,지성,6,명사,한자어
4,지성인,0,명사,한자어
4,지성적,0,명사/관형사,한자어
4,지소,1,명사,한자어
4,지속,1,명사,한자어
4,지시문,0,명사,한자어
4,지압하다,0,동사,혼종어
4,지엄하다,0,형용사,혼종어
4,지역감정,0,명사,한자어
4,지연되다,0,동사,혼종어
4,지열,2,명사,한자어
4,지온,0,명사,한자어
4,지원,6,명사,한자어
4,지원금,0,명사,한자어
4,지원병,0,명사,한자어
4,지원하다,3,동사,혼종어
4,지인,3,명사,한자어
4,지적되다,0,동사,혼종어
4,지점토,0,명사,한자어
4,지정,13,명사,한자어
4,지정사,0,명사,한자어
4,지정석,0,명사,한자어
4,지정하다,5,동사,혼종어
4,지주,3,명사,한자어
4,지지,5,명사,한자어
4,지지배배,0,부사,고유어
4,지진계,0,명사,한자어
4,지진대,0,명사,한자어
4,지질,3,명사,한자어
4,지질학,0,명사,한자어
4,지체,1,명사,고유어
4,지출되다,0,동사,혼종어
4,지출액,0,명사,한자어
4,지출하다,1,동사,혼종어
4,지층,0,명사,한자어
4,지치다,3,동사,고유어
4,지침,0,명사,한자어
4,지평선,0,명사,한자어
4,지표,1,명사,한자어
4,지표면,0,명사,한자어
4,지하자원,0,명사,한자어
4,지향,2,명사,한자어
4,지향하다,1,동사,혼종어
4,지혈,0,명사,한자어
4,지형도,0,명사,한자어
4,지화자,0,명사/감탄사,고유어
4,지휘관,0,명사,한자어
4,지휘법,0,명사,한자어
4,직거래,0,명사,한자어
4,직결되다,2,동사,혼종어
4,직공,2,명사,한자어
4,직급,1,명사,한자어
4,직녀,0,명사,한자어
4,직렬,1,명사,한자어
4,직류,1,명사,한자어
4,직매장,0,명사,한자어
4,직매점,0,명사,한자어
4,직면하다,0,동사,혼종어
4,직무,0,명사,한자어
4,직사광선,0,명사,한자어
4,직선제,0,명사,한자어
4,직설적,0,명사/관형사,한자어
4,직속,0,명사,한자어
4,직업관,0,명사,한자어
4,직업인,0,명사,한자어
4,직위,0,명사,한자어
4,직책,0,명사,한자어
4,직하다,3,보조 형용사,고유어
4,직행,0,명사,한자어
4,진격,0,명사,한자어
4,진군하다,0,동사,혼종어
4,진귀하다,0,형용사,혼종어
4,진눈깨비,0,명사,고유어
4,진단하다,0,동사,혼종어
4,진동수,0,명사,한자어
4,진동하다,2,동사,혼종어
4,진딧물,0,명사,고유어
4,진땀,0,명사,혼종어
4,진료비,0,명사,한자어
4,진료소,0,명사,한자어
4,진맥,2,명사,한자어
4,진맥하다,0,동사,혼종어
4,진미채,0,명사,한자어
4,진보,2,명사,한자어
4,진보적,0,명사/관형사,한자어
4,진분홍빛,0,명사,혼종어
4,진분홍색,0,명사,한자어
4,진상,3,명사,한자어
4,진솔하다,0,형용사,혼종어
4,진술,2,명사,한자어
4,진압,0,명사,한자어
4,진압되다,0,동사,혼종어
4,진압하다,0,동사,혼종어
4,진열되다,0,동사,혼종어
4,진입로,0,명사,한자어
4,진전,8,명사,한자어
4,진정제,0,명사,한자어
4,진지,5,명사,한자어
4,진찰권,0,명사,한자어
4,진취적,0,명사/관형사,한자어
4,진탕,2,부사,혼종어
4,진학,0,명사,한자어
4,진학하다,0,동사,혼종어
4,질감,0,명사,한자어
4,질겁하다,0,동사,혼종어
4,질겅질겅,0,부사,고유어
4,질량,0,명사,한자어
4,질문지,0,명사,한자어
4,질산,0,명사,한자어
4,질식,0,명사,한자어
4,질척거리다,0,동사,고유어
4,질환,0,명사,한자어
4,짐작되다,0,동사,혼종어
4,짐짓,1,부사,고유어
4,짐짝,0,명사,고유어
4,집게발,0,명사,고유어
4,집게벌레,0,명사,고유어
4,집결하다,0,동사,혼종어
4,집계하다,0,동사,혼종어
4,집권하다,1,동사,혼종어
4,집념,0,명사,한자어
4,집단행동,0,명사,한자어
4,집들이,0,명사,고유어
4,집배원,0,명사,한자어
4,집세,0,명사,혼종어
4,집어삼키다,0,동사,고유어
4,집짐승,0,명사,고유어
4,집짓기,0,명사,고유어
4,집채,0,명사,고유어
4,집터,0,명사,고유어
4,집파리,0,명사,고유어
4,집필,0,명사,한자어
4,집필하다,0,동사,혼종어
4,집합하다,1,동사,혼종어
4,집행,0,명사,한자어
4,집행부,0,명사,한자어
4,집행하다,0,동사,혼종어
4,집현전,0,명사,한자어
4,집회,0,명사,한자어
4,집히다,0,동사,고유어
4,짓궂다,0,형용사,고유어
4,짓무르다,0,동사,고유어
4,짓이기다,0,동사,고유어
4,징계하다,0,동사,혼종어
4,징병,0,명사,한자어
4,징수하다,0,동사,혼종어
4,징역,0,명사,한자어
4,징역형,0,명사,한자어
4,징용,0,명사,한자어
4,징용되다,0,동사,혼종어
4,짙어지다,0,동사,고유어
4,짙푸르다,0,형용사,고유어
4,짚단,0,명사,고유어
4,짜개다,0,동사,고유어
4,짜이다,0,동사,고유어
4,짜임,0,명사,고유어
4,짜임새,0,명사,고유어
4,짝짜꿍,0,명사,고유어
4,짠물,0,명사,고유어
4,짠하다,0,형용사,고유어
4,짬,1,명사,고유어
4,째다,4,동사,고유어
4,짹짹거리다,0,동사,고유어
4,쨍하다,1,동사,고유어
4,쩌렁쩌렁,0,부사,고유어
4,쩌렁쩌렁하다,0,형용사/동사,고유어
4,쪼록쪼록,0,부사,고유어
4,쪼르륵,0,부사,고유어
4,쪽박,0,명사,고유어
4,쪽배,0,명사,고유어
4,쪽빛,0,명사,고유어
4,쪽수,0,명사,혼종어
4,쫄랑쫄랑,0,부사,고유어
4,쫄쫄,2,부사,고유어
4,쫒다,0,동사,고유어
4,쭈글쭈글,0,부사,고유어
4,쭈룩쭈룩,0,부사,고유어
4,쭈뼛,0,부사,고유어
4,쭈뼛거리다,0,동사,고유어
4,쭈뼛쭈뼛,0,부사,고유어
4,쭉정이,0,명사,고유어
4,쯧,0,부사/감탄사,고유어
4,찌,1,명사,고유어
4,찌르레기,0,명사,고유어
4,찍찍,1,부사,고유어
4,찍찍,2,부사,고유어
4,찍찍,3,부사,고유어
4,찐만두,0,명사,혼종어
4,찔레,0,명사,고유어
4,찜닭,0,명사,고유어
4,찜질하다,0,동사,고유어
4,찜통,0,명사,고유어
4,찡긋,0,부사,고유어
4,찡긋하다,0,동사,고유어
4,찢기다,2,동사,고유어
4,차고,1,명사,한자어
4,차관,2,명사,한자어
4,차기,4,명사,한자어
4,차기작,0,명사,한자어
4,차단,0,명사,한자어
4,차단기,1,명사,한자어
4,차단기,2,명사,한자어
4,차단하다,0,동사,혼종어
4,차도,2,명사,한자어
4,차디차다,0,형용사,고유어
4,차려,0,명사/감탄사,고유어
4,차렷,0,명사/감탄사,고유어
4,차로,2,명사,한자어
4,차림새,0,명사,고유어
4,차림표,0,명사,혼종어
4,차별적,0,명사/관형사,한자어
4,차별화,0,명사,한자어
4,차분차분,0,부사,고유어
4,차선,3,명사,한자어
4,차시,1,명사,한자어
4,차이나타운,0,명사,외래어
4,차질,0,명사,한자어
4,차체,0,명사,한자어
4,차츰차츰,0,부사,고유어
4,차트,0,명사,외래어
4,착시,0,명사,한자어
4,착안하다,2,동사,혼종어
4,착오,2,명사,한자어
4,착잡하다,0,형용사,혼종어
4,착지,1,명사,한자어
4,착지하다,0,동사,혼종어
4,착취,0,명사,한자어
4,찬,3,명사,한자어
4,찬반,0,명사,한자어
4,찬양하다,1,동사,혼종어
4,찬장,0,명사,한자어
4,찰과상,0,명사,한자어
4,찰나,0,명사/수사/관형사,한자어
4,찰떡,0,명사,고유어
4,찰랑찰랑,1,부사,고유어
4,찰밥,0,명사,고유어
4,찰싹,0,부사,고유어
4,찰싹찰싹,0,부사,고유어
4,찰찰,1,부사,고유어
4,찰칵찰칵,0,부사,고유어
4,참값,0,명사,고유어
4,참나물,0,명사,고유어
4,참답다,0,형용사,고유어
4,참뜻,0,명사,고유어
4,참모,0,명사,한자어
4,참모습,0,명사,고유어
4,참배,2,명사,한자어
4,참배나무,0,명사,고유어
4,참배하다,0,동사,혼종어
4,참사랑,0,명사,고유어
4,참숯,0,명사,고유어
4,참신하다,2,형용사,혼종어
4,참전,0,명사,한자어
4,참정권,0,명사,한자어
4,참조,2,명사,한자어
4,참조기,0,명사,고유어
4,참판,0,명사,한자어
4,참혹하다,0,형용사,혼종어
4,참회하다,3,동사,혼종어
4,참흙,0,명사,고유어
4,찹쌀가루,0,명사,고유어
4,찻삯,0,명사,혼종어
4,창간하다,0,동사,혼종어
4,창덕궁,0,명사,한자어
4,창던지기,0,명사,혼종어
4,창립,2,명사,한자어
4,창살,0,명사,혼종어
4,창설,0,명사,한자어
4,창설하다,0,동사,혼종어
4,창시자,0,명사,한자어
4,창시하다,0,동사,혼종어
4,창안하다,0,동사,혼종어
4,창작물,0,명사,한자어
4,창작하다,0,동사,혼종어
4,창제,2,명사,한자어
4,창조,2,명사,한자어
4,창조적,0,명사/관형사,한자어
4,창조하다,0,동사,혼종어
4,창출,1,명사,한자어
4,창출하다,0,동사,혼종어
4,창포물,0,명사,혼종어
4,창호지,0,명사,한자어
4,찾아들다,0,동사,고유어
4,채,6,명사,고유어
4,채비,0,명사,고유어
4,채색,2,명사,한자어
4,채색하다,0,동사,혼종어
4,채송화,0,명사,한자어
4,채용,1,명사,한자어
4,채용하다,1,동사,혼종어
4,채점,0,명사,한자어
4,채집,2,명사,한자어
4,채찍,0,명사,고유어
4,채찍질,0,명사,고유어
4,채찍질하다,0,동사,고유어
4,채취,0,명사,한자어
4,채택,0,명사,한자어
4,채택되다,0,동사,혼종어
4,채택하다,0,동사,혼종어
4,책략,0,명사,한자어
4,책망하다,0,동사,혼종어
4,책받침,1,명사,혼종어
4,책벌레,0,명사,혼종어
4,책상다리,0,명사,혼종어
4,책임자,0,명사,한자어
4,처가,0,명사,한자어
4,처갓집,0,명사,혼종어
4,처남,0,명사,한자어
4,처단하다,0,동사,혼종어
4,처리장,0,명사,한자어
4,처벌되다,0,동사,혼종어
4,처분,0,명사,한자어
4,처분하다,0,동사,혼종어
4,처절하다,2,형용사,혼종어
4,처참하다,1,형용사,혼종어
4,처형되다,0,동사,혼종어
4,척결하다,0,동사,혼종어
4,척박하다,0,형용사,혼종어
4,척척박사,0,명사,혼종어
4,척추동물,0,명사,한자어
4,천금,1,명사,한자어
4,천년만년,0,명사,한자어
4,천당,0,명사,한자어
4,천대,4,명사,한자어
4,천대하다,2,동사,혼종어
4,천도교,0,명사,한자어
4,천만,1,수사/관형사/명사/부사,한자어
4,천문,2,명사,한자어
4,천문대,0,명사,한자어
4,천문학,0,명사,한자어
4,천문학자,0,명사,한자어
4,천박하다,2,형용사,혼종어
4,천부적,0,명사/관형사,한자어
4,천상,2,명사,한자어
4,천시,2,명사,한자어
4,천연가스,0,명사,혼종어
4,천연기념물,0,명사,한자어
4,천연두,0,명사,한자어
4,천연색,0,명사,한자어
4,천연자원,0,명사,한자어
4,천왕,0,명사,한자어
4,천왕성,0,명사,한자어
4,천인,3,명사,한자어
4,천주,1,명사,한자어
4,천주교,0,명사,한자어
4,천주학,0,명사,한자어
4,천진난만하다,0,형용사,혼종어
4,천진하다,1,형용사,혼종어
4,천체,1,명사,한자어
4,천하장사,0,명사,한자어
4,천하제일,0,명사,한자어
4,천혜,0,명사,한자어
4,천황,1,명사,한자어
4,철,2,명사,한자어
4,철,5,명사,고유어
4,철갑,0,명사,한자어
4,철강,0,명사,한자어
4,철거,0,명사,한자어
4,철거되다,0,동사,혼종어
4,철공소,0,명사,한자어
4,철광석,0,명사,한자어
4,철교,0,명사,한자어
4,철기,3,명사,한자어
4,철길,0,명사,혼종어
4,철딱서니,0,명사,고유어
4,철마,0,명사,한자어
4,철망,0,명사,한자어
4,철모,0,명사,한자어
4,철모르다,0,동사,고유어
4,철벅철벅,0,부사,고유어
4,철분,1,명사,한자어
4,철수하다,0,동사,혼종어
4,철썩철썩,0,부사,고유어
4,철인,3,명사,한자어
4,철재,0,명사,한자어
4,철제,2,명사,한자어
4,철책,0,명사,한자어
4,철철,0,부사,고유어
4,철칙,0,명사,한자어
4,철커덕,0,부사,고유어
4,철커덩,0,부사,고유어
4,철컥철컥,0,부사,고유어
4,철탑,1,명사,한자어
4,철퇴,1,명사,한자어
4,철퍼덕,0,부사,고유어
4,철폐,0,명사,한자어
4,철학,0,명사,한자어
4,철학자,0,명사,한자어
4,철회하다,0,동사,혼종어
4,첨가되다,0,동사,혼종어
4,첨가물,0,명사,한자어
4,첨벙거리다,0,동사,고유어
4,첨벙첨벙,0,부사,고유어
4,첨부,1,명사,한자어
4,첩,3,명사/대명사,한자어
4,첩첩이,0,부사,혼종어
4,첫걸음,0,명사,고유어
4,첫마디,0,명사,고유어
4,첫사랑,0,명사,고유어
4,첫소리,0,명사,고유어
4,첫여름,0,명사,고유어
4,첫인사,0,명사,혼종어
4,청결,1,명사,한자어
4,청결하다,1,형용사,혼종어
4,청과,2,명사,한자어
4,청과물,0,명사,한자어
4,청구,4,명사,한자어
4,청구권,0,명사,한자어
4,청구서,0,명사,한자어
4,청구하다,0,동사,혼종어
4,청국장,0,명사,한자어
4,청국장찌개,0,명사,혼종어
4,청나라,0,명사,혼종어
4,청년단,0,명사,한자어
4,청동,3,명사,한자어
4,청동기,0,명사,한자어
4,청둥오리,0,명사,고유어
4,청력,0,명사,한자어
4,청록,2,명사,한자어
4,청명하다,1,형용사,혼종어
4,청문회,0,명사,한자어
4,청사,11,명사,한자어
4,청사진,0,명사,한자어
4,청산하다,0,동사,혼종어
4,청설모,0,명사,한자어
4,청소되다,0,동사,혼종어
4,청소부,2,명사,한자어
4,청승맞다,0,형용사,고유어
4,청아하다,1,형용사,혼종어
4,청양고추,0,명사,혼종어
4,청어,1,명사,한자어
4,청와대,0,명사,한자어
4,청운교,0,명사,한자어
4,청원하다,2,동사,혼종어
4,청정,3,명사,한자어
4,청주,2,명사,한자어
4,청중,0,명사,한자어
4,청진,4,명사,한자어
4,청춘,1,명사,한자어
4,청취자,0,명사,한자어
4,청취하다,0,동사,혼종어
4,체결,0,명사,한자어
4,체결되다,0,동사,혼종어
4,체결하다,0,동사,혼종어
4,체계적,0,명사/관형사,한자어
4,체급,2,명사,한자어
4,체내,0,명사,한자어
4,체득하다,0,동사,혼종어
4,체류,0,명사,한자어
4,체스,0,명사,외래어
4,체액,0,명사,한자어
4,체온계,0,명사,한자어
4,체전,2,명사,한자어
4,체제,2,명사,한자어
4,체증,1,명사,한자어
4,체질,2,명사,한자어
4,체크아웃,0,명사,외래어
4,체크인,0,명사,외래어
4,체통,2,명사,한자어
4,체형,3,명사,한자어
4,쳇,0,감탄사,고유어
4,쳐내다,1,동사,고유어
4,쳐부수다,0,동사,고유어
4,초가삼간,0,명사,한자어
4,초가지붕,0,명사,혼종어
4,초경,3,명사,한자어
4,초고,1,명사,한자어
4,초래하다,1,동사,혼종어
4,초롱,1,명사,고유어
4,초목,1,명사,한자어
4,초벌,0,명사,혼종어
4,초벌구이,0,명사,혼종어
4,초복,1,명사,한자어
4,초빙하다,0,동사,혼종어
4,초사흘,0,명사,혼종어
4,초상,1,명사,한자어
4,초상집,0,명사,혼종어
4,초석,5,명사,한자어
4,초속,2,명사,한자어
4,초시,1,명사,한자어
4,초시계,0,명사,한자어
4,초안,2,명사,한자어
4,초월하다,0,동사,혼종어
4,초인적,0,명사/관형사,한자어
4,초청되다,0,동사,혼종어
4,초청장,0,명사,한자어
4,초췌하다,0,형용사,혼종어
4,초침,1,명사,한자어
4,초하루,0,명사,혼종어
4,초하룻날,0,명사,혼종어
4,초현실,0,명사,한자어
4,촉구하다,0,동사,혼종어
4,촉수,3,명사,한자어
4,촉진,1,명사,한자어
4,촉진되다,0,동사,혼종어
4,촉진하다,1,동사,혼종어
4,촉촉이,1,부사,고유어
4,촌락,0,명사,한자어
4,촌색시,0,명사,혼종어
4,촌충,3,명사,한자어
4,촛농,0,명사,혼종어
4,총각김치,0,명사,혼종어
4,총각무,0,명사,혼종어
4,총격전,0,명사,한자어
4,총공격,0,명사,한자어
4,총괄,0,명사,한자어
4,총괄하다,0,동사,혼종어
4,총기,3,명사,한자어
4,총대,1,명사,혼종어
4,총독,0,명사,한자어
4,총독부,0,명사,한자어
4,총동원하다,0,동사,혼종어
4,총량,0,명사,한자어
4,총력전,0,명사,한자어
4,총면적,0,명사,한자어
4,총부리,0,명사,혼종어
4,총사령관,0,명사,한자어
4,총선,0,명사,한자어
4,총선거,0,명사,한자어
4,총성,0,명사,한자어
4,총수입,0,명사,한자어
4,총액,0,명사,한자어
4,총연습,0,명사,한자어
4,총인구,0,명사,한자어
4,총장,1,명사,한자어
4,총점,0,명사,한자어
4,총질,1,명사,혼종어
4,총책임자,0,명사,한자어
4,총합,0,명사,한자어
4,총화,3,명사,한자어
4,총회,2,명사,한자어
4,촬영지,0,명사,한자어
4,최강자,0,명사,한자어
4,최다,0,명사,한자어
4,최단,0,명사,한자어
4,최상급,0,명사,한자어
4,최소,1,명사,한자어
4,최소,2,명사,한자어
4,최소화하다,1,동사,혼종어
4,최소화하다,2,동사,혼종어
4,최신형,0,명사,한자어
4,최적,0,명사,한자어
4,최전방,0,명사,한자어
4,최전선,0,명사,한자어
4,최종적,0,명사/관형사,한자어
4,최하위,0,명사,한자어
4,추구하다,1,동사,혼종어
4,추기경,0,명사,한자어
4,추대되다,0,동사,혼종어
4,추대하다,2,동사,혼종어
4,추론,2,명사,한자어
4,추론하다,2,동사,혼종어
4,추리다,0,동사,고유어
4,추리력,0,명사,한자어
4,추모하다,2,동사,혼종어
4,추방하다,0,동사,혼종어
4,추분,0,명사,한자어
4,추상,1,명사,한자어
4,추상적,0,명사/관형사,한자어
4,추상화,2,명사,한자어
4,추석빔,0,명사,혼종어
4,추세,3,명사,한자어
4,추수철,0,명사,혼종어
4,추스르다,0,동사,고유어
4,추시계,0,명사,한자어
4,추신,2,명사,한자어
4,추악하다,1,형용사,혼종어
4,추어탕,0,명사,한자어
4,추억하다,0,동사,혼종어
4,추월하다,0,동사,혼종어
4,추이,0,명사,한자어
4,추임새,0,명사,고유어
4,추장,1,명사,한자어
4,추정,2,명사,한자어
4,추정되다,0,동사,혼종어
4,추정하다,1,동사,혼종어
4,추종,1,명사,한자어
4,추진,2,명사,한자어
4,추진되다,0,동사,혼종어
4,추진력,0,명사,한자어
4,추진하다,2,동사,혼종어
4,추천서,0,명사,한자어
4,추출되다,0,동사,혼종어
4,추출하다,0,동사,혼종어
4,추측되다,0,동사,혼종어
4,추켜들다,0,동사,고유어
4,추하다,1,형용사,혼종어
4,추호,1,명사,한자어
4,축,1,의존 명사,고유어
4,축구단,0,명사,한자어
4,축구하다,0,동사,혼종어
4,축내다,0,동사,혼종어
4,축대,0,명사,한자어
4,축배,0,명사,한자어
4,축산,0,명사,한자어
4,축산물,0,명사,한자어
4,축산업,0,명사,한자어
4,축음기,0,명사,한자어
4,축이다,0,동사,고유어
4,축적되다,0,동사,혼종어
4,축적하다,0,동사,혼종어
4,축제일,0,명사,한자어
4,축지법,0,명사,한자어
4,축척,3,명사,한자어
4,축하연,0,명사,한자어
4,축협,0,명사,한자어
4,춘분,0,명사,한자어
4,춘추,1,명사,한자어
4,춘향가,0,명사,한자어
4,춘향전,0,명사,한자어
4,출가하다,2,동사,혼종어
4,출간되다,0,동사,혼종어
4,출금,1,명사,한자어
4,출두,2,명사,한자어
4,출렁,0,부사,고유어
4,출력,0,명사,한자어
4,출력하다,0,동사,혼종어
4,출마하다,0,동사,혼종어
4,출발지,0,명사,한자어
4,출산율,0,명사,한자어
4,출생률,0,명사,한자어
4,출생하다,0,동사,혼종어
4,출석하다,0,동사,혼종어
4,출세하다,1,동사,혼종어
4,출시되다,0,동사,혼종어
4,출연진,0,명사,한자어
4,출전,2,명사,한자어
4,출출하다,2,형용사,고유어
4,출토,0,명사,한자어
4,출판되다,0,동사,혼종어
4,출판물,0,명사,한자어
4,출판하다,1,동사,혼종어
4,출품되다,0,동사,혼종어
4,출품하다,0,동사,혼종어
4,출항하다,2,동사,혼종어
4,출현하다,0,동사,혼종어
4,출혈,0,명사,한자어
4,춤사위,0,명사,고유어
4,충당하다,1,동사,혼종어
4,충동,2,명사,한자어
4,충동적,0,명사/관형사,한자어
4,충신,1,명사,한자어
4,충전,2,명사,한자어
4,충전기,0,명사,한자어
4,충전되다,2,동사,혼종어
4,충족,0,명사,한자어
4,충족되다,0,동사,혼종어
4,충직하다,0,형용사,혼종어
4,충혈되다,0,동사,혼종어
4,충혼탑,0,명사,한자어
4,충효,0,명사,한자어
4,췌장,0,명사,한자어
4,취급되다,0,동사,혼종어
4,취급하다,0,동사,혼종어
4,취나물,0,명사,고유어
4,취득,0,명사,한자어
4,취득하다,0,동사,혼종어
4,취사,3,명사,한자어
4,취업률,0,명사,한자어
4,취임,0,명사,한자어
4,취임식,0,명사,한자어
4,취임하다,0,동사,혼종어
4,취재,2,명사,한자어
4,취재진,0,명사,한자어
4,취지,3,명사,한자어
4,측량,0,명사,한자어
4,측량하다,0,동사,혼종어
4,측면,0,명사,한자어
4,측우기,0,명사,한자어
4,측은하다,0,형용사,혼종어
4,측정기,1,명사,한자어
4,층계,0,명사,한자어
4,층수,0,명사,한자어
4,층층이,0,부사,혼종어
4,치다,8,동사,고유어
4,치렁치렁,0,부사,고유어
4,치료실,0,명사,한자어
4,치마저고리,0,명사,고유어
4,치마폭,0,명사,혼종어
4,치맛자락,0,명사,고유어
4,치명적,0,명사/관형사,한자어
4,치밀다,0,동사,고유어
4,치밀하다,0,형용사,혼종어
4,치부하다,3,동사,혼종어
4,치안,0,명사,한자어
4,치욕,1,명사,한자어
4,치유하다,1,동사,혼종어
4,치장,1,명사,한자어
4,치장하다,1,동사,혼종어
4,치중하다,2,동사,혼종어
4,치켜들다,0,동사,고유어
4,치켜뜨다,0,동사,고유어
4,치통,2,명사,한자어
4,친구하다,0,동사,혼종어
4,친딸,0,명사,혼종어
4,친부,0,명사,한자어
4,친분,0,명사,한자어
4,친선,1,명사,한자어
4,친손자,0,명사,한자어
4,친아버지,0,명사,혼종어
4,친애하다,0,동사,혼종어
4,친어머니,0,명사,혼종어
4,친언니,0,명사,혼종어
4,친일,0,명사,한자어
4,친자식,0,명사,한자어
4,친정아버지,0,명사,혼종어
4,친정어머니,0,명사,혼종어
4,친족,1,명사,한자어
4,친지,0,명사,한자어
4,친필,0,명사,한자어
4,친할미,0,명사,혼종어
4,친화력,0,명사,한자어
4,친환경,0,명사,한자어
4,친히,0,부사,혼종어
4,칠기,2,명사,한자어
4,칠석,0,명사,한자어
4,칠석날,0,명사,혼종어
4,칠순,1,명사,한자어
4,칠칠하다,0,형용사,고유어
4,칠팔,0,관형사,한자어
4,칡덩굴,0,명사,고유어
4,침,2,명사,한자어
4,침공,1,명사,한자어
4,침공하다,1,동사,혼종어
4,침구,2,명사,한자어
4,침략기,0,명사,한자어
4,침략성,0,명사,한자어
4,침략자,0,명사,한자어
4,침략적,0,명사/관형사,한자어
4,침략하다,1,동사,혼종어
4,침몰되다,0,동사,혼종어
4,침상,4,명사,한자어
4,침샘,0,명사,고유어
4,침술,0,명사,한자어
4,침식,2,명사,한자어
4,침엽수,0,명사,한자어
4,침울하다,0,형용사,혼종어
4,침전물,0,명사,한자어
4,침착,2,명사,한자어
4,침착히,0,부사,혼종어
4,침체,0,명사,한자어
4,침침하다,2,형용사,혼종어
4,침투하다,0,동사,혼종어
4,침해,0,명사,한자어
4,침해하다,0,동사,혼종어
4,칭송,1,명사,한자어
4,칭송하다,1,동사,혼종어
4,칭하다,0,동사,혼종어
4,칭호,0,명사,한자어
4,카나리아,0,명사,외래어
4,카누,0,명사,외래어
4,카디건,0,명사,외래어
4,카레라이스,0,명사,외래어
4,카스텔라,0,명사,외래어
4,카지노,0,명사,외래어
4,카카오,0,명사,외래어
4,카트,0,명사,외래어
4,칸나,0,명사,외래어
4,칸막이,0,명사,고유어
4,칼끝,0,명사,고유어
4,칼륨,0,명사,외래어
4,칼바람,0,명사,고유어
4,칼슘,0,명사,외래어
4,칼자국,0,명사,고유어
4,칼집,2,명사,고유어
4,캐스터,0,명사,외래어
4,캠프파이어,0,명사,외래어
4,캡슐,0,명사,외래어
4,캥캥,0,부사,고유어
4,커뮤니케이션,0,명사,외래어
4,커뮤니티,0,명사,외래어
4,커버,0,명사,외래어
4,커브,0,명사,외래어
4,커트라인,0,명사,외래어
4,컨설턴트,0,명사,외래어
4,컨테이너,0,명사,외래어
4,컨트롤,0,명사,외래어
4,컬러텔레비전,0,명사,외래어
4,컴백하다,0,동사,혼종어
4,컹컹,0,부사,고유어
4,케케묵다,0,동사,고유어
4,켄트지,0,명사,혼종어
4,켕기다,0,동사,고유어
4,켜다,2,동사,고유어
4,코디네이터,0,명사,외래어
4,코러스,0,명사,외래어
4,코르크,0,명사,외래어
4,코믹,0,명사,외래어
4,코믹하다,0,형용사,혼종어
4,코바늘,0,명사,고유어
4,코브라,0,명사,외래어
4,코코넛,0,명사,외래어
4,콘,3,명사,외래어
4,콘텐츠,0,명사,외래어
4,콘트라베이스,0,명사,외래어
4,콘플레이크,0,명사,외래어
4,콜레라,0,명사,외래어
4,콜레라균,0,명사,혼종어
4,콜레스테롤,0,명사,외래어
4,콜록,0,부사,고유어
4,콜콜,2,부사,고유어
4,콤바인,0,명사,외래어
4,콧김,0,명사,고유어
4,콧날,0,명사,고유어
4,콧물감기,0,명사,혼종어
4,콧바람,0,명사,고유어
4,콧방귀,0,명사,고유어
4,콧병,0,명사,혼종어
4,콧소리,0,명사,고유어
4,콧속,0,명사,고유어
4,콧잔등,0,명사,고유어
4,콩가루,0,명사,고유어
4,콩고물,0,명사,고유어
4,콩국수,0,명사,고유어
4,콩기름,0,명사,고유어
4,콩깍지,0,명사,고유어
4,콩깻묵,0,명사,고유어
4,콩꼬투리,0,명사,고유어
4,콩나물시루,0,명사,고유어
4,콩밭,0,명사,고유어
4,콩팥,2,명사,고유어
4,콸콸,0,부사,고유어
4,쾌락,1,명사,한자어
4,쾌속선,0,명사,한자어
4,쾌적하다,0,형용사,혼종어
4,쾌활하다,1,형용사,혼종어
4,쿠데타,0,명사,외래어
4,쿵덕,0,부사,고유어
4,쿵쾅거리다,0,동사,고유어
4,쿵쿵거리다,0,동사,고유어
4,퀭하다,0,형용사,고유어
4,퀴퀴하다,0,형용사,고유어
4,큐레이터,0,명사,외래어
4,크리스마스실,0,명사,외래어
4,크리스마스카드,0,명사,외래어
4,크리스트교,0,명사,혼종어
4,크림수프,0,명사,외래어
4,큰곰자리,0,명사,고유어
4,큰댁,0,명사,혼종어
4,큰물,0,명사,고유어
4,큰불,1,명사,고유어
4,큰비,0,명사,고유어
4,큰창자,0,명사,고유어
4,클라리넷,0,명사,외래어
4,클리닝,0,명사,외래어
4,클릭,0,명사,외래어
4,클릭하다,0,동사,혼종어
4,큼지막하다,0,형용사,고유어
4,킁킁,0,부사,고유어
4,키득거리다,0,동사,고유어
4,킥킥,0,부사,고유어
4,킬러,0,명사,외래어
4,킬로리터,0,의존 명사,외래어
4,킬킬,0,부사,고유어
4,킬킬거리다,0,동사,고유어
4,타격,0,명사,한자어
4,타격하다,0,동사,혼종어
4,타국,0,명사,한자어
4,타다닥,0,부사,고유어
4,타당성,0,명사,한자어
4,타당하다,0,형용사,혼종어
4,타도하다,0,동사,혼종어
4,타래,1,명사,고유어
4,타박상,0,명사,한자어
4,타박타박,1,부사,고유어
4,타박하다,1,동사,고유어
4,타석,2,명사,한자어
4,타수,2,명사,한자어
4,타악기,0,명사,한자어
4,타원,0,명사,한자어
4,타월,0,명사,외래어
4,타율,2,명사,한자어
4,타율적,0,명사/관형사,한자어
4,타이머,0,명사,외래어
4,타자,3,명사,한자어
4,타자기,0,명사,한자어
4,타작,2,명사,한자어
4,타파하다,0,동사,혼종어
4,타향살이,0,명사,혼종어
4,탁구공,0,명사,혼종어
4,탁구대,0,명사,한자어
4,탄광,2,명사,한자어
4,탄력,0,명사,한자어
4,탄산,3,명사,한자어
4,탄산수,0,명사,한자어
4,탄성,2,명사,한자어
4,탄소,1,명사,한자어
4,탄식,2,명사,한자어
4,탄식하다,2,동사,혼종어
4,탄알,0,명사,혼종어
4,탄압,0,명사,한자어
4,탄압하다,0,동사,혼종어
4,탄약,0,명사,한자어
4,탄환,1,명사,한자어
4,탈놀이,0,명사,고유어
4,탈바꿈,0,명사,고유어
4,탈바꿈하다,0,동사,고유어
4,탈북자,0,명사,한자어
4,탈색,1,명사,한자어
4,탈선하다,2,동사,혼종어
4,탈수,0,명사,한자어
4,탈옥,0,명사,한자어
4,탈지면,0,명사,한자어
4,탈진하다,1,동사,혼종어
4,탈출구,0,명사,한자어
4,탈춤놀이,0,명사,고유어
4,탈탈,0,부사,고유어
4,탈퇴,0,명사,한자어
4,탈퇴하다,0,동사,혼종어
4,탈피,0,명사,한자어
4,탈피하다,0,동사,혼종어
4,탈환,0,명사,한자어
4,탈환하다,0,동사,혼종어
4,탐관오리,0,명사,한자어
4,탐구하다,1,동사,혼종어
4,탐방하다,2,동사,혼종어
4,탐사선,0,명사,한자어
4,탐사하다,0,동사,혼종어
4,탐색선,0,명사,한자어
4,탐욕,0,명사,한자어
4,탐지기,0,명사,한자어
4,탐지하다,0,동사,혼종어
4,탐하다,0,동사,혼종어
4,탐험가,0,명사,한자어
4,탐험대,0,명사,한자어
4,탑승객,0,명사,한자어
4,탑승구,0,명사,한자어
4,탑재하다,0,동사,혼종어
4,태교,2,명사,한자어
4,태껸,0,명사,고유어
4,태산,2,명사,한자어
4,태세,3,명사,한자어
4,태양광,0,명사,한자어
4,태양력,0,명사,한자어
4,태양열,0,명사,한자어
4,태연하다,0,형용사,혼종어
4,태연히,0,부사,혼종어
4,태엽,0,명사,한자어
4,태자,0,명사,한자어
4,태초,0,명사,한자어
4,태평소,0,명사,한자어
4,태평하다,0,형용사,혼종어
4,택견,0,명사,고유어
4,탱자,0,명사,고유어
4,탱자나무,0,명사,고유어
4,터무니,0,명사,고유어
4,터무니없다,0,형용사,고유어
4,터무니없이,0,부사,고유어
4,터벅터벅,1,부사,고유어
4,터울,1,명사,고유어
4,터치하다,0,동사,혼종어
4,턱시도,0,명사,외래어
4,턱없이,0,부사,고유어
4,털가죽,0,명사,고유어
4,털갈이,0,명사,고유어
4,털끝,0,명사,고유어
4,털신,0,명사,고유어
4,털썩,0,부사,고유어
4,털썩털썩,0,부사,고유어
4,털양말,0,명사,혼종어
4,털외투,0,명사,혼종어
4,털털,1,부사,고유어
4,텃새,0,명사,고유어
4,테니스장,0,명사,혼종어
4,테마파크,0,명사,외래어
4,테스트하다,0,동사,혼종어
4,템포,0,명사,외래어
4,토굴,2,명사,한자어
4,토끼뜀,0,명사,고유어
4,토끼풀,0,명사,고유어
4,토닥거리다,0,동사,고유어
4,토닥이다,0,동사,고유어
4,토대,0,명사,한자어
4,토라지다,2,동사,고유어
4,토론장,0,명사,한자어
4,토목,1,명사,한자어
4,토박이,0,명사,혼종어
4,토산품,0,명사,한자어
4,토성,4,명사,한자어
4,토성,5,명사,한자어
4,토스,0,명사,외래어
4,토스터,0,명사,외래어
4,토시,0,명사,고유어
4,토실토실,0,부사,고유어
4,토양,0,명사,한자어
4,토인,2,명사,한자어
4,토장국,0,명사,혼종어
4,토종닭,0,명사,혼종어
4,토질,2,명사,한자어
4,토핑,0,명사,외래어
4,톡톡히,0,부사,고유어
4,톱날,0,명사,고유어
4,톱니,0,명사,고유어
4,톱니바퀴,0,명사,고유어
4,톱질,0,명사,고유어
4,톱질하다,0,동사,고유어
4,통계적,0,명사/관형사,한자어
4,통계청,0,명사,한자어
4,통계표,0,명사,한자어
4,통고,3,명사,한자어
4,통곡,2,명사,한자어
4,통근,0,명사,한자어
4,통근하다,0,동사,혼종어
4,통나무배,0,명사,고유어
4,통나무집,0,명사,고유어
4,통달하다,2,동사,혼종어
4,통발,3,명사,혼종어
4,통보,1,명사,한자어
4,통솔,2,명사,한자어
4,통솔력,0,명사,한자어
4,통솔하다,0,동사,혼종어
4,통신망,0,명사,한자어
4,통신비,0,명사,한자어
4,통신사,3,명사,한자어
4,통신하다,1,동사,혼종어
4,통용되다,0,동사,혼종어
4,통일부,0,명사,한자어
4,통장,2,명사,한자어
4,통찰,1,명사,한자어
4,통치,3,명사,한자어
4,통치하다,3,동사,혼종어
4,통통배,0,명사,고유어
4,통틀어,0,부사,고유어
4,통풍,1,명사,한자어
4,통풍되다,0,동사,혼종어
4,통학,0,명사,한자어
4,통학하다,0,동사,혼종어
4,통합,0,명사,한자어
4,통행금지,0,명사,한자어
4,통행하다,0,동사,혼종어
4,퇴각하다,0,동사,혼종어
4,퇴색하다,0,동사,혼종어
4,퇴위,0,명사,한자어
4,퇴임,0,명사,한자어
4,퇴임하다,0,동사,혼종어
4,퇴적,0,명사,한자어
4,퇴적암,0,명사,한자어
4,퇴치,0,명사,한자어
4,퇴치하다,0,동사,혼종어
4,툇마루,0,명사,혼종어
4,투고,0,명사,한자어
4,투구,1,명사,고유어
4,투구,2,명사,한자어
4,투기,4,명사,한자어
4,투두둑,0,부사,고유어
4,투명성,0,명사,한자어
4,투박하다,1,형용사,고유어
4,투사,7,명사,한자어
4,투시,2,명사,한자어
4,투옥되다,0,동사,혼종어
4,투우,0,명사,한자어
4,투입,0,명사,한자어
4,투입되다,0,동사,혼종어
4,투입하다,0,동사,혼종어
4,투자하다,2,동사,혼종어
4,투정하다,0,동사,고유어
4,투지,3,명사,한자어
4,투철하다,0,형용사,혼종어
4,투표권,0,명사,한자어
4,투표소,0,명사,한자어
4,투표율,0,명사,한자어
4,투표일,0,명사,한자어
4,투표장,0,명사,한자어
4,투표함,0,명사,한자어
4,투피스,0,명사,외래어
4,투하되다,0,동사,혼종어
4,투항하다,0,동사,혼종어
4,툭탁거리다,0,동사,고유어
4,툴툴거리다,0,동사,고유어
4,퉁겨지다,0,동사,고유어
4,퉁기다,0,동사,고유어
4,퉁소,0,명사,고유어
4,트랜스,2,명사,외래어
4,트렁크,0,명사,외래어
4,트레이너,0,명사,외래어
4,트레이닝,0,명사,외래어
4,트로이카,0,명사,외래어
4,트로트,0,명사,외래어
4,특권,0,명사,한자어
4,특기하다,0,동사,혼종어
4,특명,0,명사,한자어
4,특별법,0,명사,한자어
4,특보,0,명사,한자어
4,특사,1,명사,한자어
4,특산품,0,명사,한자어
4,특석,0,명사,한자어
4,특성화,0,명사,한자어
4,특실,0,명사,한자어
4,특유,0,명사,한자어
4,특정,0,명사,한자어
4,특정인,0,명사,한자어
4,특정하다,0,형용사/동사,혼종어
4,특종,1,명사,한자어
4,특징적,0,명사/관형사,한자어
4,특출하다,0,형용사,혼종어
4,특파원,0,명사,한자어
4,특허,0,명사,한자어
4,특허청,0,명사,한자어
4,특허품,0,명사,한자어
4,특화,0,명사,한자어
4,특효약,0,명사,한자어
4,틀니,1,명사,고유어
4,틀어지다,0,동사,고유어
4,틈나다,0,동사,고유어
4,틈타다,0,동사,고유어
4,티격태격,0,부사,고유어
4,티슈,0,명사,외래어
4,티스푼,0,명사,외래어
4,팀원,0,명사,혼종어
4,팀파니,0,명사,외래어
4,파견,1,명사,한자어
4,파견되다,0,동사,혼종어
4,파견하다,1,동사,혼종어
4,파괴력,0,명사,한자어
4,파괴적,0,명사/관형사,한자어
4,파급력,0,명사,한자어
4,파닥거리다,0,동사,고유어
4,파닥이다,0,동사,고유어
4,파닥파닥,0,부사,고유어
4,파도치다,0,동사,혼종어
4,파도타기,0,명사,혼종어
4,파동,1,명사,한자어
4,파라솔,0,명사,외래어
4,파란만장하다,0,형용사,혼종어
4,파래,0,명사,고유어
4,파르스름하다,0,형용사,고유어
4,파릇파릇,0,부사,고유어
4,파리하다,0,형용사,고유어
4,파마하다,0,동사,혼종어
4,파면,2,명사,한자어
4,파발,0,명사,한자어
4,파밭,0,명사,고유어
4,파벌,0,명사,한자어
4,파병,1,명사,한자어
4,파상풍,0,명사,한자어
4,파손,0,명사,한자어
4,파손하다,0,동사,혼종어
4,파수꾼,0,명사,혼종어
4,파악,1,명사,한자어
4,파워,0,명사,외래어
4,파장,2,명사,한자어
4,파종하다,2,동사,혼종어
4,파편,0,명사,한자어
4,파피루스,0,명사,외래어
4,팍팍하다,0,형용사,고유어
4,판가름,0,명사,고유어
4,판결문,0,명사,한자어
4,판결하다,0,동사,혼종어
4,판매되다,0,동사,혼종어
4,판매량,0,명사,한자어
4,판매업,0,명사,한자어
4,판매용,0,명사,한자어
4,판매자,0,명사,한자어
4,판매장,0,명사,한자어
4,판서,1,명사,한자어
4,판서,3,명사,한자어
4,판자촌,0,명사,한자어
4,판잣집,0,명사,혼종어
4,판재,1,명사,한자어
4,판정하다,0,동사,혼종어
4,판지,3,명사,한자어
4,판타지,0,명사,외래어
4,판판하다,0,형용사,고유어
4,팔각,0,명사,한자어
4,팔각형,0,명사,한자어
4,팔도,0,명사,한자어
4,팔딱거리다,0,동사,고유어
4,팔뚝,0,명사,고유어
4,팔랑개비,0,명사,고유어
4,팔랑거리다,1,동사,고유어
4,팔레트,0,명사,외래어
4,팔뼈,0,명사,고유어
4,팔순,0,명사,한자어
4,팔씨름,0,명사,고유어
4,팔아넘기다,0,동사,고유어
4,팔일오,0,명사,한자어
4,팝송,0,명사,외래어
4,팥고물,0,명사,고유어
4,팥떡,0,명사,고유어
4,팥밥,0,명사,고유어
4,패,2,명사,한자어
4,패기,2,명사,한자어
4,패션쇼,0,명사,외래어
4,패전,1,명사,한자어
4,패전하다,0,동사,혼종어
4,패키지,0,명사,외래어
4,팩시밀리,0,명사,외래어
4,팬지,0,명사,외래어
4,팬케이크,0,명사,외래어
4,팽그르르,0,부사,고유어
4,팽글팽글,0,부사,고유어
4,팽나무,0,명사,고유어
4,팽이채,0,명사,고유어
4,팽창,0,명사,한자어
4,팽창하다,0,동사,혼종어
4,팽팽하다,3,형용사,혼종어
4,팽팽히,1,부사,고유어
4,퍼덕거리다,0,동사,고유어
4,퍼뜩,0,부사,고유어
4,펀치,2,명사,외래어
4,펄떡,0,부사,고유어
4,펄프,0,명사,외래어
4,페니실린,0,명사,외래어
4,페르시아,0,명사,외래어
4,페스트,2,명사,외래어
4,페스티벌,0,명사,외래어
4,페인트칠,0,명사,혼종어
4,펜싱,0,명사,외래어
4,펜치,0,명사,외래어
4,편곡,2,명사,한자어
4,편곡하다,2,동사,혼종어
4,편도선,0,명사,한자어
4,편마암,0,명사,한자어
4,편물,0,명사,한자어
4,편성,2,명사,한자어
4,편성되다,0,동사,혼종어
4,편성표,0,명사,한자어
4,편성하다,0,동사,혼종어
4,편승하다,0,동사,혼종어
4,편애,2,명사,한자어
4,편애하다,2,동사,혼종어
4,편의,2,명사,한자어
4,편입,0,명사,한자어
4,편입되다,0,동사,혼종어
4,편입하다,0,동사,혼종어
4,편중되다,0,동사,혼종어
4,편지글,0,명사,혼종어
4,편지꽂이,0,명사,혼종어
4,편집자,0,명사,한자어
4,편찬,0,명사,한자어
4,편찬하다,0,동사,혼종어
4,편평하다,0,형용사,혼종어
4,평균값,0,명사,혼종어
4,평균대,0,명사,한자어
4,평균적,0,명사/관형사,한자어
4,평등권,0,명사,한자어
4,평론,0,명사,한자어
4,평면도,0,명사,한자어
4,평명,1,명사,한자어
4,평사원,0,명사,한자어
4,평생토록,0,부사,혼종어
4,평수,3,명사,한자어
4,평시조,0,명사,한자어
4,평안남도,0,명사,한자어
4,평안도,0,명사,한자어
4,평안북도,0,명사,한자어
4,평양성,0,명사,한자어
4,평영,0,명사,한자어
4,평원,1,명사,한자어
4,평정하다,2,동사,혼종어
4,평탄하다,0,형용사,혼종어
4,평판,3,명사,한자어
4,평평히,0,부사,혼종어
4,평행,0,명사,한자어
4,평행하다,0,형용사/동사,혼종어
4,평형,2,명사,한자어
4,평화상,0,명사,한자어
4,평화스럽다,0,형용사,혼종어
4,폐광,0,명사,한자어
4,폐기,2,명사,한자어
4,폐기물,0,명사,한자어
4,폐기하다,2,동사,혼종어
4,폐막식,0,명사,한자어
4,폐쇄되다,0,동사,혼종어
4,폐쇄하다,0,동사,혼종어
4,폐암,0,명사,한자어
4,폐인,1,명사,한자어
4,폐지,2,명사,한자어
4,폐지하다,1,동사,혼종어
4,폐차,1,명사,한자어
4,폐차장,0,명사,한자어
4,폐해,0,명사,한자어
4,폐활량,0,명사,한자어
4,폐회,0,명사,한자어
4,폐회식,0,명사,한자어
4,포,10,명사,한자어
4,포개다,0,동사,고유어
4,포격하다,0,동사,혼종어
4,포근히,0,부사,고유어
4,포대,1,명사,한자어
4,포르르,0,부사,고유어
4,포복,3,명사,한자어
4,포수,2,명사,한자어
4,포스터컬러,0,명사,외래어
4,포악하다,0,형용사,혼종어
4,포용력,0,명사,한자어
4,포위되다,0,동사,혼종어
4,포위망,0,명사,한자어
4,포유동물,0,명사,한자어
4,포유류,0,명사,한자어
4,포차,2,명사,한자어
4,포착되다,0,동사,혼종어
4,포탄,0,명사,한자어
4,포테이토,0,명사,외래어
4,포화,6,명사,한자어
4,포환,2,명사,한자어
4,포환던지기,0,명사,혼종어
4,포획하다,0,동사,혼종어
4,폭,2,부사,고유어
4,폭격기,0,명사,한자어
4,폭군,0,명사,한자어
4,폭동,0,명사,한자어
4,폭력배,0,명사,한자어
4,폭발력,0,명사,한자어
4,폭발음,0,명사,한자어
4,폭약,0,명사,한자어
4,폭언,0,명사,한자어
4,폭염,0,명사,한자어
4,폭죽놀이,0,명사,혼종어
4,폴더,1,명사,외래어
4,폴짝,0,부사,고유어
4,폴카,0,명사,외래어
4,폼,1,명사,외래어
4,퐁퐁,1,부사,고유어
4,표고버섯,0,명사,고유어
4,표기되다,0,동사,혼종어
4,표류,0,명사,한자어
4,표방하다,0,동사,혼종어
4,표백제,0,명사,한자어
4,표본실,0,명사,한자어
4,표시되다,1,동사,혼종어
4,표절,0,명사,한자어
4,표주박,0,명사,혼종어
4,표지,3,명사,한자어
4,표찰,2,명사,한자어
4,표창,1,명사,한자어
4,표창하다,0,동사,혼종어
4,표출,0,명사,한자어
4,표출되다,0,동사,혼종어
4,표피,1,명사,한자어
4,표하다,1,동사,혼종어
4,표현력,0,명사,한자어
4,푸념,0,명사,고유어
4,푸대접,0,명사,혼종어
4,푸드,0,의존 명사,외래어
4,푸드덕거리다,0,동사,고유어
4,푸르뎅뎅하다,0,형용사,고유어
4,푸르르,0,부사,고유어
4,푸른곰팡이,0,명사,고유어
4,푸성귀,0,명사,고유어
4,푸줏간,0,명사,혼종어
4,푸푸,0,부사,고유어
4,푼돈,0,명사,고유어
4,풀무,0,명사,고유어
4,풀벌레,0,명사,고유어
4,풀빛,0,명사,고유어
4,풀색,0,명사,혼종어
4,풀썩,0,부사,고유어
4,풀어놓다,0,동사,고유어
4,풀피리,0,명사,고유어
4,품,2,명사,고유어
4,품값,0,명사,고유어
4,품격,0,명사,한자어
4,품목,1,명사,한자어
4,품삯,0,명사,고유어
4,품성,1,명사,한자어
4,품속,0,명사,고유어
4,품앗이,0,명사,고유어
4,품앗이하다,0,동사,고유어
4,품행,0,명사,한자어
4,풋고추,0,명사,고유어
4,풋과일,0,명사,고유어
4,풋내기,0,명사,고유어
4,풋풋하다,0,형용사,고유어
4,풍경화,0,명사,한자어
4,풍광,0,명사,한자어
4,풍금,1,명사,한자어
4,풍덩풍덩,0,부사,고유어
4,풍력,1,명사,한자어
4,풍류,0,명사,한자어
4,풍물,0,명사,한자어
4,풍물놀이,0,명사,혼종어
4,풍부히,0,부사,혼종어
4,풍산개,0,명사,혼종어
4,풍속,1,명사,한자어
4,풍속계,0,명사,한자어
4,풍속화,0,명사,한자어
4,풍수,1,명사,한자어
4,풍요,2,명사,한자어
4,풍요롭다,0,형용사,혼종어
4,풍요하다,0,형용사,혼종어
4,풍자,3,명사,한자어
4,풍자하다,0,동사,혼종어
4,풍작,0,명사,한자어
4,풍진,1,명사,한자어
4,풍채,0,명사,한자어
4,풍토,0,명사,한자어
4,풍향,1,명사,한자어
4,풍향계,0,명사,한자어
4,풍화,2,명사,한자어
4,풍화되다,0,동사,혼종어
4,퓨즈,0,명사,외래어
4,프랑스어,0,명사,혼종어
4,프레젠테이션,0,명사,외래어
4,프로그래머,0,명사,외래어
4,프로그래밍,0,명사,외래어
4,프로듀서,0,명사,외래어
4,프로필,0,명사,외래어
4,프리즘,0,명사,외래어
4,프린트하다,0,동사,혼종어
4,플라스크,0,명사,외래어
4,플라타너스,0,명사,외래어
4,플랑크톤,0,명사,외래어
4,플랫폼,0,명사,외래어
4,플루트,0,명사,외래어
4,피,3,부사,고유어
4,피고인,0,명사,한자어
4,피난길,0,명사,혼종어
4,피난처,0,명사,한자어
4,피노키오,0,명사,외래어
4,피눈물,0,명사,고유어
4,피라미,0,명사,고유어
4,피란,0,명사,한자어
4,피로하다,1,동사,혼종어
4,피뢰침,0,명사,한자어
4,피망,0,명사,외래어
4,피맺히다,0,동사,고유어
4,피부암,0,명사,한자어
4,피부염,0,명사,한자어
4,피서지,0,명사,한자어
4,피스,0,명사,외래어
4,피스톤,1,명사,외래어
4,피에로,0,명사,외래어
4,피켓,0,명사,외래어
4,피투성이,0,명사,고유어
4,픽,1,부사,고유어
4,핀잔,0,명사,고유어
4,필,3,의존명사,한자어
4,필기도구,0,명사,한자어
4,필기체,0,명사,한자어
4,필드,1,명사,외래어
4,필라멘트,0,명사,외래어
4,필로폰,0,명사,외래어
4,필사본,0,명사,한자어
4,필수적,0,명사/관형사,한자어
4,필요량,0,명사,한자어
4,필체,0,명사,한자어
4,핍박,0,명사,한자어
4,핏발,0,명사,고유어
4,핏자국,0,명사,고유어
4,핏줄기,0,명사,고유어
4,핑계하다,0,동사,고유어
4,핑핑,1,부사,고유어
4,하강하다,0,동사,혼종어
4,하객,0,명사,한자어
4,하굣길,0,명사,혼종어
4,하구,3,명사,한자어
4,하권,0,명사,한자어
4,하급,0,명사,한자어
4,하급생,0,명사,한자어
4,하기는,0,부사,고유어
4,하긴,0,부사,고유어
4,하늘소,0,명사,고유어
4,하늘하늘,0,부사,고유어
4,하늬바람,0,명사,고유어
4,하단,1,명사,한자어
4,하대,1,명사,한자어
4,하드,0,명사,외래어
4,하등,2,명사,한자어
4,하루갈이,0,명사,고유어
4,하루바삐,0,부사,고유어
4,하루속히,0,부사,혼종어
4,하룻강아지,0,명사,고유어
4,하릴없이,0,부사,고유어
4,하물며,0,부사,고유어
4,하반기,0,명사,한자어
4,하부,3,명사,한자어
4,하산하다,0,동사,혼종어
4,하소연,0,명사,고유어
4,하소연하다,0,동사,고유어
4,하수관,0,명사,한자어
4,하숙,0,명사,한자어
4,하숙집,0,명사,혼종어
4,하여금,0,부사,고유어
4,하염없이,0,부사,고유어
4,하의,1,명사,한자어
4,하이에나,0,명사,외래어
4,하이킹,0,명사,외래어
4,하자,2,명사,한자어
4,하잘것없다,0,형용사,고유어
4,하품하다,0,동사,고유어
4,하프,2,명사,외래어
4,하향,1,명사,한자어
4,하현달,0,명사,혼종어
4,학과,1,명사,한자어
4,학년도,0,명사,한자어
4,학년생,0,명사,한자어
4,학당,0,명사,한자어
4,학도병,0,명사,한자어
4,학력,1,명사,한자어
4,학력,2,명사,한자어
4,학벌,0,명사,한자어
4,학부형,0,명사,한자어
4,학살,0,명사,한자어
4,학살하다,0,동사,혼종어
4,학생증,0,명사,한자어
4,학설,0,명사,한자어
4,학수고대하다,0,동사,혼종어
4,학습장,0,명사,한자어
4,학식,2,명사,한자어
4,학연,0,명사,한자어
4,학예,0,명사,한자어
4,학우,2,명사,한자어
4,학원,3,명사,한자어
4,학위,0,명사,한자어
4,학익진,0,명사,한자어
4,한가로이,0,부사,혼종어
4,한가위,0,명사,고유어
4,한갓,0,부사,고유어
4,한과,2,명사,한자어
4,한국사,0,명사,한자어
4,한국학,0,명사,한자어
4,한국화,0,명사,한자어
4,한기,3,명사,한자어
4,한길,2,명사,고유어
4,한나절,0,명사,고유어
4,한낱,0,부사,고유어
4,한대,3,명사,한자어
4,한데,3,부사,고유어
4,한도,2,명사,한자어
4,한들한들,0,부사,고유어
4,한뜻,0,명사,고유어
4,한류,2,명사,한자어
4,한말,2,명사,한자어
4,한목소리,0,명사,고유어
4,한밤,0,명사,고유어
4,한사코,0,부사,혼종어
4,한살이,0,명사,고유어
4,한성,2,명사,한자어
4,한솥밥,0,명사,고유어
4,한숨에,0,부사,고유어
4,한스럽다,0,형용사,혼종어
4,한시,1,명사,혼종어
4,한시,2,명사,한자어
4,한시바삐,0,부사,혼종어
4,한식집,2,명사,혼종어
4,한약방,0,명사,한자어
4,한약재,0,명사,한자어
4,한없다,0,형용사,혼종어
4,한일,5,명사,한자어
4,한적하다,1,형용사,혼종어
4,한정,1,명사,한자어
4,한족,2,명사,한자어
4,한탄하다,0,동사,혼종어
4,한턱,0,명사,고유어
4,한파,0,명사,한자어
4,한평생,1,명사,혼종어
4,한하다,2,동사,혼종어
4,한해살이,0,명사,고유어
4,할딱거리다,0,동사,고유어
4,할미꽃,0,명사,고유어
4,할아범,0,명사,고유어
4,할아비,0,명사,고유어
4,할애하다,0,동사,혼종어
4,할인되다,0,동사,혼종어
4,할인율,0,명사,한자어
4,할인점,0,명사,한자어
4,함경남도,0,명사,한자어
4,함경도,0,명사,한자어
4,함경북도,0,명사,한자어
4,함락,0,명사,한자어
4,함락되다,0,동사,혼종어
4,함량,0,명사,한자어
4,함박꽃,0,명사,고유어
4,함박웃음,0,명사,고유어
4,함빡,0,부사,고유어
4,함선,0,명사,한자어
4,함수,4,명사,한자어
4,함양,3,명사,한자어
4,함유되다,0,동사,혼종어
4,함유량,0,명사,한자어
4,함축,0,명사,한자어
4,함축적,0,명사/관형사,한자어
4,합격증,0,명사,한자어
4,합계하다,1,동사,혼종어
4,합금,1,명사,한자어
4,합당하다,1,형용사,혼종어
4,합류,0,명사,한자어
4,합류하다,0,동사,혼종어
4,합리성,0,명사,한자어
4,합리화하다,0,동사,혼종어
4,합병,2,명사,한자어
4,합병증,0,명사,한자어
4,합산,0,명사,한자어
4,합산하다,0,동사,혼종어
4,합성수지,0,명사,한자어
4,합성하다,0,동사,혼종어
4,합작,0,명사,한자어
4,합장,2,명사,한자어
4,합주하다,0,동사,혼종어
4,합창곡,0,명사,한자어
4,합판,2,명사,한자어
4,핫바지,0,명사,고유어
4,항,5,명사,한자어
4,항거하다,0,동사,혼종어
4,항공로,0,명사,한자어
4,항공편,0,명사,한자어
4,항로,0,명사,한자어
4,항문,1,명사,한자어
4,항생제,0,명사,한자어
4,항성,3,명사,한자어
4,항암,0,명사,한자어
4,항일,0,명사,한자어
4,항쟁,0,명사,한자어
4,항쟁하다,0,동사,혼종어
4,해금,2,명사,한자어
4,해달,0,명사,한자어
4,해당하다,1,동사,혼종어
4,해독,2,명사,한자어
4,해독,3,명사,한자어
4,해명,2,명사,한자어
4,해물,0,명사,한자어
4,해발,0,명사,한자어
4,해빙,2,명사,한자어
4,해산,4,명사,한자어
4,해삼,0,명사,한자어
4,해소,3,명사,한자어
4,해소되다,1,동사,혼종어
4,해소하다,1,동사,혼종어
4,해수,2,명사,한자어
4,해수면,0,명사,한자어
4,해수욕,0,명사,한자어
4,해시계,0,명사,혼종어
4,해어지다,0,동사,고유어
4,해왕성,0,명사,한자어
4,해인사,0,명사,한자어
4,해임,0,명사,한자어
4,해적선,0,명사,한자어
4,해적질,0,명사,혼종어
4,해전,2,명사,한자어
4,해제,3,명사,한자어
4,해제되다,0,동사,혼종어
4,해제하다,2,동사,혼종어
4,해조류,0,명사,한자어
4,해지다,0,동사,고유어
4,해체,3,명사,한자어
4,해체되다,0,동사,혼종어
4,해체하다,0,동사,혼종어
4,해초류,0,명사,한자어
4,해치,1,명사,한자어
4,해커,0,명사,외래어
4,해코지하다,0,동사,혼종어
4,해킹,0,명사,외래어
4,해풍,0,명사,한자어
4,해프닝,0,명사,외래어
4,해해,1,부사,고유어
4,해협,0,명사,한자어
4,핵가족,0,명사,한자어
4,핵폭탄,0,명사,한자어
4,핸드볼,0,명사,외래어
4,핼쑥하다,0,형용사,고유어
4,햇발,0,명사,고유어
4,행군,0,명사,한자어
4,행렬,0,명사,한자어
4,행방,1,명사,한자어
4,행방불명,0,명사,한자어
4,행사,2,명사,한자어
4,행사장,0,명사,한자어
4,행사하다,1,동사,혼종어
4,행사하다,2,동사,혼종어
4,행색,0,명사,한자어
4,행선지,0,명사,한자어
4,행세,1,명사,한자어
4,행실,0,명사,한자어
4,행여,0,부사,혼종어
4,행여나,0,부사,혼종어
4,행적,2,명사,한자어
4,행정,1,명사,한자어
4,행정부,0,명사,한자어
4,행주치마,0,명사,고유어
4,행차,0,명사,한자어
4,행차하다,0,동사,혼종어
4,행태,0,명사,한자어
4,행패,0,명사,한자어
4,향나무,0,명사,혼종어
4,향락,0,명사,한자어
4,향로,2,명사,한자어
4,향료,1,명사,한자어
4,향불,0,명사,혼종어
4,향신료,0,명사,한자어
4,향유하다,0,동사,혼종어
4,향토,0,명사,한자어
4,향후,0,명사,한자어
4,허구,2,명사,한자어
4,허기,2,명사,한자어
4,허기지다,0,동사,혼종어
4,허둥거리다,0,동사,고유어
4,허드렛일,0,명사,고유어
4,허들,0,명사,외래어
4,허리끈,0,명사,고유어
4,허리춤,0,명사,고유어
4,허리케인,0,명사,외래어
4,허망하다,0,형용사,혼종어
4,허물,2,명사,고유어
4,허벅다리,0,명사,고유어
4,허비하다,1,동사,혼종어
4,허사,3,명사,한자어
4,허어,0,명사,한자어
4,허영심,0,명사,한자어
4,허우대,0,명사,고유어
4,허위,3,명사,한자어
4,허탈하다,0,형용사,혼종어
4,허풍,0,명사,한자어
4,허허벌판,0,명사,고유어
4,허황되다,0,형용사,혼종어
4,헉헉거리다,0,동사,고유어
4,헌법,0,명사,한자어
4,헌병,1,명사,한자어
4,헌병대,0,명사,한자어
4,헌신적,0,명사/관형사,한자어
4,헌신짝,0,명사,고유어
4,헌신하다,0,동사,혼종어
4,헌혈하다,0,동사,혼종어
4,헐겁다,0,형용사,고유어
4,헐떡이다,0,동사,고유어
4,헐리다,0,동사,고유어
4,헐벗다,0,동사,고유어
4,험담,0,명사,한자어
4,험담하다,0,동사,혼종어
4,험악하다,0,형용사,혼종어
4,험준하다,0,형용사,혼종어
4,헛간,0,명사,혼종어
4,헛걸음,0,명사,고유어
4,헛걸음하다,0,동사,고유어
4,헛기침,0,명사,고유어
4,헛되이,0,부사,고유어
4,헛발질,0,명사,고유어
4,헛일,0,명사,고유어
4,헤드폰,0,명사,외래어
4,헤로인,0,명사,외래어
4,헤어스타일,0,명사,외래어
4,헤집다,0,동사,고유어
4,헬륨,0,명사,외래어
4,헬스장,0,명사,혼종어
4,혀뿌리,0,명사,고유어
4,혁명,0,명사,한자어
4,혁명가,1,명사,한자어
4,혁명적,0,명사/관형사,한자어
4,혁신,0,명사,한자어
4,혁신적,0,명사/관형사,한자어
4,현대식,0,명사,한자어
4,현대적,0,명사/관형사,한자어
4,현대화,0,명사,한자어
4,현대화되다,0,동사,혼종어
4,현명,2,명사,한자어
4,현무암,0,명사,한자어
4,현실화,0,명사,한자어
4,현악,0,명사,한자어
4,현악기,0,명사,한자어
4,현자,1,명사,한자어
4,현지,3,명사,한자어
4,현지인,0,명사,한자어
4,현혹,0,명사,한자어
4,현황,2,명사,한자어
4,혈기,0,명사,한자어
4,혈연,2,명사,한자어
4,혈연관계,0,명사,한자어
4,혈육,0,명사,한자어
4,혐오,2,명사,한자어
4,혐의,0,명사,한자어
4,협곡,0,명사,한자어
4,협동성,0,명사,한자어
4,협상,1,명사,한자어
4,협상하다,0,동사,혼종어
4,협약,1,명사,한자어
4,협의,1,명사,한자어
4,협의하다,1,동사,혼종어
4,협의회,0,명사,한자어
4,협주곡,0,명사,한자어
4,형광,2,명사,한자어
4,형무소,0,명사,한자어
4,형법,0,명사,한자어
4,형부,1,명사,한자어
4,형상,4,명사,한자어
4,형상화하다,0,동사,혼종어
4,형성되다,0,동사,혼종어
4,형성하다,0,동사,혼종어
4,형수,0,명사,한자어
4,형수님,0,명사,혼종어
4,형식적,0,명사/관형사,한자어
4,형용사,0,명사,한자어
4,형제애,0,명사,한자어
4,형틀,1,명사,혼종어
4,형편없이,0,부사,혼종어
4,형평성,0,명사,한자어
4,형형색색,0,명사,한자어
4,호,12,명사,한자어
4,호들갑스럽다,0,형용사,고유어
4,호란,2,명사,한자어
4,호랑나비,0,명사,혼종어
4,호령,2,명사,한자어
4,호롱불,0,명사,고유어
4,호르르,0,부사,고유어
4,호르몬,0,명사,외래어
4,호른,0,명사,외래어
4,호명,2,명사,한자어
4,호명하다,2,동사,혼종어
4,호박고지,0,명사,고유어
4,호박꽃,0,명사,고유어
4,호박엿,0,명사,고유어
4,호박잎,0,명사,고유어
4,호반,2,명사,한자어
4,호사스럽다,0,형용사,혼종어
4,호소하다,1,동사,혼종어
4,호시탐탐,0,명사,한자어
4,호외,2,명사,한자어
4,호응하다,0,동사,혼종어
4,호적,1,명사,한자어
4,호전되다,1,동사,혼종어
4,호주,1,명사,한자어
4,호치키스,0,명사,외래어
4,호호백발,0,명사,한자어
4,호화,2,명사,한자어
4,호화스럽다,0,형용사,혼종어
4,혹독하다,0,형용사,혼종어
4,혹부리,0,명사,고유어
4,혹사,2,명사,한자어
4,혹성,0,명사,한자어
4,혹평하다,0,동사,혼종어
4,혼돈,1,명사,한자어
4,혼돈하다,0,형용사,혼종어
4,혼란하다,1,형용사,혼종어
4,혼란하다,2,형용사,혼종어
4,혼령,2,명사,한자어
4,혼례식,0,명사,한자어
4,혼비백산,0,명사,한자어
4,혼사,2,명사,한자어
4,혼색,0,명사,한자어
4,혼잡,2,명사,한자어
4,혼합물,0,명사,한자어
4,혼합하다,0,동사,혼종어
4,혼혈,0,명사,한자어
4,홀라당,0,부사,고유어
4,홀로그램,0,명사,외래어
4,홀리다,0,동사,고유어
4,홀소리,1,명사,고유어
4,홀씨,0,명사,고유어
4,홀아버지,0,명사,고유어
4,홀아비,0,명사,고유어
4,홀어머니,0,명사,고유어
4,홀어미,0,명사,고유어
4,홀연히,0,부사,혼종어
4,홍길동,0,명사,한자어
4,홍길동전,0,명사,한자어
4,홍보물,0,명사,한자어
4,홍색,0,명사,한자어
4,홍어,0,명사,한자어
4,홍역,0,명사,한자어
4,홍익,1,명사,한자어
4,홍익인간,0,명사,한자어
4,홍학,2,명사,한자어
4,홍합,0,명사,한자어
4,홑눈,0,명사,고유어
4,홑이불,0,명사,고유어
4,화강석,0,명사,한자어
4,화관,0,명사,한자어
4,화교,2,명사,한자어
4,화기애애하다,0,형용사,혼종어
4,화끈화끈하다,0,형용사/동사,고유어
4,화덕,1,명사,혼종어
4,화랑,2,명사,한자어
4,화롯가,0,명사,혼종어
4,화롯불,0,명사,혼종어
4,화문석,0,명사,한자어
4,화물선,0,명사,한자어
4,화병,2,명사,한자어
4,화병,5,명사,한자어
4,화산대,1,명사,한자어
4,화산섬,0,명사,혼종어
4,화산재,0,명사,혼종어
4,화살촉,0,명사,혼종어
4,화선지,0,명사,한자어
4,화성암,0,명사,한자어
4,화씨,0,명사,한자어
4,화원,4,명사,한자어
4,화장술,0,명사,한자어
4,화전,3,명사,한자어
4,화제,7,명사,한자어
4,화젯거리,0,명사,혼종어
4,화질,0,명사,한자어
4,화친,0,명사,한자어
4,화톳불,0,명사,고유어
4,화판,2,명사,한자어
4,화평,0,명사,한자어
4,화포,1,명사,한자어
4,화폭,0,명사,한자어
4,화학자,0,명사,한자어
4,화학적,0,명사/관형사,한자어
4,화합물,0,명사,한자어
4,확대도,0,명사,한자어
4,확대되다,1,동사,혼종어
4,확대하다,1,동사,혼종어
4,확립,0,명사,한자어
4,확립되다,0,동사,혼종어
4,확립하다,0,동사,혼종어
4,확보,1,명사,한자어
4,확보되다,1,동사,혼종어
4,확보하다,1,동사,혼종어
4,확산하다,0,동사,혼종어
4,확인서,0,명사,한자어
4,확충,0,명사,한자어
4,환각,1,명사,한자어
4,환각제,0,명사,한자어
4,환갑,2,명사,한자어
4,환경부,0,명사,한자어
4,환기,1,명사,한자어
4,환기하다,2,동사,혼종어
4,환산하다,1,동사,혼종어
4,환심,2,명사,한자어
4,환영,1,명사,한자어
4,환웅,0,명사,한자어
4,환율,0,명사,한자어
4,환인,0,명사,한자어
4,환절기,1,명사,한자어
4,환조,1,명사,한자어
4,환청,0,명사,한자어
4,환풍기,0,명사,한자어
4,환호성,0,명사,한자어
4,환희,2,명사,한자어
4,활개,0,명사,고유어
4,활력소,0,명사,한자어
4,활성화,0,명사,한자어
4,활성화되다,0,동사,혼종어
4,활성화하다,0,동사,혼종어
4,활시위,0,명사,고유어
4,활약상,0,명사,한자어
4,활엽수,0,명사,한자어
4,활용법,0,명사,한자어
4,활자,1,명사,한자어
4,활주로,0,명사,한자어
4,황갈색,0,명사,한자어
4,황금기,0,명사,한자어
4,황금색,0,명사,한자어
4,황무지,1,명사,한자어
4,황색,0,명사,한자어
4,황소개구리,0,명사,고유어
4,황송하다,0,형용사,혼종어
4,황실,2,명사,한자어
4,황홀하다,0,형용사,혼종어
4,홰,1,의존 명사/명사,고유어
4,회갑,1,명사,한자어
4,회갑연,0,명사,한자어
4,회견,0,명사,한자어
4,회군,0,명사,한자어
4,회귀선,0,명사,한자어
4,회담,0,명사,한자어
4,회담하다,0,동사,혼종어
4,회로,1,명사,한자어
4,회복실,0,명사,한자어
4,회수,1,명사,한자어
4,회오리바람,0,명사,고유어
4,회원국,0,명사,한자어
4,회유,5,명사,한자어
4,회의록,0,명사,한자어
4,회의하다,2,동사,혼종어
4,회장단,0,명사,한자어
4,회전수,0,명사,한자어
4,회전하다,1,동사,혼종어
4,회충,0,명사,한자어
4,회피,1,명사,한자어
4,회화,3,명사,한자어
4,회화,5,명사,한자어
4,획,1,부사,고유어
4,획기적,0,명사/관형사,한자어
4,횡단하다,0,동사,혼종어
4,횡재,4,명사,한자어
4,횡재하다,3,동사,혼종어
4,횡포,0,명사,한자어
4,횡포하다,0,형용사,혼종어
4,효과음,0,명사,한자어
4,효능,0,명사,한자어
4,효력,0,명사,한자어
4,효모,0,명사,한자어
4,효성,1,명사,한자어
4,효성스럽다,0,형용사,혼종어
4,효율,0,명사,한자어
4,효율성,0,명사,한자어
4,효율적,0,명사/관형사,한자어
4,효행,1,명사,한자어
4,효험,0,명사,한자어
4,후광,0,명사,한자어
4,후궁,1,명사,한자어
4,후기,2,명사,한자어
4,후끈,0,부사,고유어
4,후끈거리다,0,동사,고유어
4,후닥닥,0,부사,고유어
4,후대,2,명사,한자어
4,후드득,0,부사,고유어
4,후드득후드득,0,부사,고유어
4,후루룩,0,부사,고유어
4,후룩후룩,0,부사,고유어
4,후리다,0,동사,고유어
4,후미지다,0,형용사,고유어
4,후반부,0,명사,한자어
4,후반전,0,명사,한자어
4,후방,1,명사,한자어
4,후보지,0,명사,한자어
4,후예,2,명사,한자어
4,후원,2,명사,한자어
4,후원금,0,명사,한자어
4,후원자,0,명사,한자어
4,후원하다,0,동사,혼종어
4,후일,0,명사,한자어
4,후자,1,명사,한자어
4,후지다,0,형용사,고유어
4,후천적,0,명사/관형사,한자어
4,후춧가루,0,명사,고유어
4,후하다,0,형용사,혼종어
4,후회막심,0,명사,한자어
4,훈계,1,명사,한자어
4,훈련장,0,명사,한자어
4,훈수,1,명사,한자어
4,훈육,1,명사,한자어
4,훈장,2,명사,한자어
4,훌떡,1,부사,고유어
4,훌렁,0,부사,고유어
4,훌쭉하다,0,형용사,고유어
4,훑다,0,동사,고유어
4,훔치다,1,동사,고유어
4,훤칠하다,0,형용사,고유어
4,훼손되다,0,동사,혼종어
4,훼손하다,0,동사,혼종어
4,휑하다,0,형용사,고유어
4,휘,3,부사,고유어
4,휘감기다,0,동사,고유어
4,휘감다,0,동사,고유어
4,휘돌다,0,동사,고유어
4,휘돌리다,0,동사,고유어
4,휘둘러보다,0,동사,고유어
4,휘몰다,0,동사,고유어
4,휘발성,0,명사,한자어
4,휘황찬란하다,0,형용사,혼종어
4,휘휘,1,부사,고유어
4,휩싸다,0,동사,고유어
4,휴가철,0,명사,혼종어
4,휴관,0,명사,한자어
4,휴관하다,0,동사,혼종어
4,휴교,0,명사,한자어
4,휴교하다,0,동사,혼종어
4,휴대하다,0,동사,혼종어
4,휴식처,0,명사,한자어
4,휴양,0,명사,한자어
4,휴양림,0,명사,한자어
4,휴양소,0,명사,한자어
4,휴직,0,명사,한자어
4,휴직하다,0,동사,혼종어
4,휴학,0,명사,한자어
4,휴학하다,0,동사,혼종어
4,흉작,0,명사,한자어
4,흉측하다,0,형용사,혼종어
4,흉허물,0,명사,고유어
4,흐드러지다,0,형용사,고유어
4,흐트러뜨리다,0,동사,고유어
4,흑갈색,0,명사,한자어
4,흑색,0,명사,한자어
4,흑설탕,0,명사,한자어
4,흑연,2,명사,한자어
4,흑자,2,명사,한자어
4,흔들이,0,명사,고유어
4,흘기다,0,동사,고유어
4,흙담,0,명사,고유어
4,흙덩어리,0,명사,고유어
4,흙덩이,0,명사,고유어
4,흙물,0,명사,고유어
4,흠씬,0,부사,고유어
4,흠잡다,0,동사,혼종어
4,흠칫,0,부사,고유어
4,흡사,0,부사,한자어
4,흡수력,2,명사,한자어
4,흡연,1,명사,한자어
4,흡연실,0,명사,한자어
4,흡입하다,0,동사,혼종어
4,흥건하다,0,형용사,고유어
4,흥망,0,명사,한자어
4,흥얼흥얼,0,부사,고유어
4,흥정,0,명사,고유어
4,흥청망청,0,부사,고유어
4,흥행,0,명사,한자어
4,흥행하다,0,동사,혼종어
4,흥흥,0,부사,고유어
4,흩다,0,동사,고유어
4,흩뿌리다,0,동사,고유어
4,희곡,0,명사,한자어
4,희귀,0,명사,한자어
4,희귀종,0,명사,한자어
4,희끗희끗하다,1,형용사/동사,고유어
4,희망차다,0,형용사,혼종어
4,희생적,0,명사/관형사,한자어
4,희석,0,명사,한자어
4,흰개미,0,명사,고유어
4,흰둥이,0,명사,고유어
4,흰빛,0,명사,고유어
4,흰쌀,0,명사,고유어
4,흰옷,0,명사,고유어
4,흰자위,0,명사,고유어
4,흰죽,0,명사,혼종어
4,히스테리,0,명사,외래어
4,히히거리다,0,동사,고유어
4,힌두교,0,명사,혼종어
4,힘닿다,0,동사,고유어
4,힘살,0,명사,고유어
4,힘자랑,0,명사,고유어
4,힘자랑하다,0,동사,고유어
4,힘줄,0,명사,고유어
5,가,5,명사,한자어
5,가가호호,0,명사/부사,한자어
5,가감승제,0,명사,한자어
5,가감하다,1,동사,혼종어
5,가겟집,0,명사,고유어
5,가결,1,명사,한자어
5,가결되다,1,동사,혼종어
5,가결하다,1,동사,혼종어
5,가계,6,명사,한자어
5,가공유,0,명사,한자어
5,가공인물,0,명사,한자어
5,가공품,0,명사,한자어
5,가공하다,3,형용사,혼종어
5,가구상,0,명사,한자어
5,가극,3,명사,한자어
5,가꾸로,0,부사,고유어
5,가끔가다가,0,부사,고유어
5,가나,2,명사,외래어
5,가나다순,0,명사,혼종어
5,가내,0,명사,한자어
5,가는귀,0,명사,고유어
5,가담,1,명사,한자어
5,가당찮다,0,형용사,혼종어
5,가도,7,명사,한자어
5,가동하다,2,동사,혼종어
5,가두,2,명사,한자어
5,가드,0,명사,외래어
5,가드레일,0,명사,외래어
5,가든파티,0,명사,외래어
5,가뜩,1,부사,고유어
5,가락국수,0,명사,고유어
5,가락지,0,명사,고유어
5,가래,3,명사,고유어
5,가래질,0,명사,고유어
5,가래침,0,명사,고유어
5,가려듣다,0,동사,고유어
5,가려보다,0,동사,고유어
5,가려움증,0,명사,혼종어
5,가려워하다,0,동사,고유어
5,가련히,0,부사,혼종어
5,가로막,0,명사,혼종어
5,가로맡다,0,동사,고유어
5,가로무늬,0,명사,고유어
5,가로선,0,명사,혼종어
5,가로쓰기,0,명사,고유어
5,가로축,0,명사,혼종어
5,가로획,0,명사,혼종어
5,가르치심,0,명사,고유어
5,가름,1,명사,고유어
5,가름하다,0,동사,고유어
5,가리기,0,명사,고유어
5,가마,1,명사,고유어
5,가마꾼,0,명사,고유어
5,가마솥더위,0,명사,고유어
5,가마싸움,0,명사,고유어
5,가마우지,0,명사,고유어
5,가만가만히,0,부사,고유어
5,가망성,0,명사,한자어
5,가맹,0,명사,한자어
5,가맹점,0,명사,한자어
5,가무,4,명사,한자어
5,가무단,0,명사,한자어
5,가문비나무,0,명사,고유어
5,가물,1,명사,고유어
5,가물치,0,명사,고유어
5,가뭇가뭇,0,부사,고유어
5,가미되다,0,동사,혼종어
5,가미하다,0,동사,혼종어
5,가벼이,0,부사,고유어
5,가부,1,명사,한자어
5,가부장제,0,명사,한자어
5,가부좌,0,명사,한자어
5,가부키,0,명사,외래어
5,가불,2,명사,한자어
5,가불하다,0,동사,혼종어
5,가빠지다,0,동사,고유어
5,가사,10,명사,한자어
5,가산금,0,명사,한자어
5,가산점,0,명사,한자어
5,가상도,0,명사,한자어
5,가상하다,1,동사,혼종어
5,가상하다,2,형용사,혼종어
5,가상훈련,0,명사,한자어
5,가상히,0,부사,혼종어
5,가석방,0,명사,한자어
5,가설,3,명사,한자어
5,가설랑,0,감탄사,고유어
5,가설하다,2,동사,혼종어
5,가설하다,3,동사,혼종어
5,가성,6,명사,한자어
5,가성비,0,명사,한자어
5,가세,2,명사,한자어
5,가세,7,명사,한자어
5,가속,1,명사,한자어
5,가스난로,0,명사,혼종어
5,가스라이터,0,명사,외래어
5,가스스토브,0,명사,외래어
5,가스총,0,명사,혼종어
5,가스탱크,0,명사,외래어
5,가슴앓이,0,명사,고유어
5,가슴지느러미,0,명사,고유어
5,가시고기,0,명사,고유어
5,가시광선,0,명사,한자어
5,가시넝쿨,0,명사,고유어
5,가시줄,0,명사,고유어
5,가식,3,명사,한자어
5,가식적,0,명사/관형사,한자어
5,가신,3,명사,한자어
5,가야,1,명사,한자어
5,가없이,0,부사,고유어
5,가연성,0,명사,한자어
5,가외,1,명사,한자어
5,가요제,0,명사,한자어
5,가요집,0,명사,한자어
5,가운뎃점,0,명사,혼종어
5,가위표,0,명사,혼종어
5,가을걷이하다,0,동사,고유어
5,가을보리,0,명사,고유어
5,가입국,0,명사,한자어
5,가작,1,명사,한자어
5,가장조,0,명사,혼종어
5,가장행렬,0,명사,한자어
5,가재도구,0,명사,한자어
5,가정배달,0,명사,한자어
5,가정용품,0,명사,한자어
5,가정의례,0,명사,한자어
5,가정적,1,명사/관형사,한자어
5,가정주부,0,명사,한자어
5,가제,8,명사,외래어
5,가족원,0,명사,한자어
5,가족적,0,명사/관형사,한자어
5,가중,1,명사,한자어
5,가중되다,0,동사,혼종어
5,가증,4,명사,한자어
5,가증스럽다,0,형용사,혼종어
5,가창력,0,명사,한자어
5,가출하다,2,동사,혼종어
5,가칭,2,명사,한자어
5,가타부타,0,명사,혼종어
5,가택,1,명사,한자어
5,가톨릭교도,0,명사,혼종어
5,가톨릭교회,0,명사,혼종어
5,가판대,2,명사,한자어
5,가풍,1,명사,한자어
5,가해,0,명사,한자어
5,가호,2,명사,한자어
5,가혹성,0,명사,한자어
5,가히,0,부사,혼종어
5,각계,0,명사,한자어
5,각고,1,명사,한자어
5,각광,0,명사,한자어
5,각기병,0,명사,한자어
5,각목,1,명사,한자어
5,각박하다,0,형용사,혼종어
5,각본가,0,명사,한자어
5,각봉투,0,명사,한자어
5,각색,1,명사,한자어
5,각색,2,명사,한자어
5,각선미,0,명사,한자어
5,각설이,0,명사,혼종어
5,각성,6,명사,한자어
5,각성제,0,명사,한자어
5,각성하다,0,동사,혼종어
5,각시탈,0,명사,고유어
5,각의,2,명사,한자어
5,각인각색,0,명사,한자어
5,각저총,0,명사,한자어
5,각주,4,명사,한자어
5,각지,1,명사,한자어
5,각질,1,명사,한자어
5,각질화되다,0,동사,혼종어
5,각처,0,명사,한자어
5,각축,0,명사,한자어
5,각형,0,명사,한자어
5,간간하다,2,형용사,고유어
5,간결성,0,명사,한자어
5,간결체,0,명사,한자어
5,간계,1,명사,한자어
5,간과하다,0,동사,혼종어
5,간교성,0,명사,한자어
5,간교하다,2,형용사,혼종어
5,간구하다,2,동사,혼종어
5,간담,2,명사,한자어
5,간덩이,0,명사,혼종어
5,간도,4,명사,한자어
5,간드러지다,0,형용사,고유어
5,간디스토마,0,명사,혼종어
5,간만,1,명사,한자어
5,간명히,0,부사,혼종어
5,간병,1,명사,한자어
5,간병인,0,명사,한자어
5,간병하다,1,동사,혼종어
5,간사스럽다,1,형용사,혼종어
5,간사스럽다,2,형용사,혼종어
5,간석기,0,명사,혼종어
5,간선,4,명사,한자어
5,간선제,0,명사,한자어
5,간세포,1,명사,한자어
5,간소히,0,부사,혼종어
5,간수,1,명사,고유어
5,간수,3,명사,혼종어
5,간수,4,명사,한자어
5,간악하다,1,형용사,혼종어
5,간여,0,명사,한자어
5,간웅,0,명사,한자어
5,간유리,0,명사,혼종어
5,간음,2,명사,한자어
5,간의,3,명사,한자어
5,간이매점,0,명사,한자어
5,간이식당,0,명사,한자어
5,간이역,0,명사,한자어
5,간이음식점,0,명사,한자어
5,간이주점,0,명사,한자어
5,간이침대,0,명사,한자어
5,간장약,0,명사,한자어
5,간접세,0,명사,한자어
5,간접흡연,0,명사,한자어
5,간조,1,명사,한자어
5,간주,1,명사,한자어
5,간주곡,0,명사,한자어
5,간주하다,0,동사,혼종어
5,간질,4,명사,한자어
5,간척,2,명사,한자어
5,간척하다,0,동사,혼종어
5,간청,0,명사,한자어
5,간택,1,명사,한자어
5,간택하다,1,동사,혼종어
5,간통,2,명사,한자어
5,간통죄,0,명사,한자어
5,간판선수,0,명사,한자어
5,간판스타,0,명사,혼종어
5,간하다,3,동사,혼종어
5,간행,1,명사,한자어
5,간행되다,0,동사,혼종어
5,간행물,0,명사,한자어
5,간행하다,1,동사,혼종어
5,간헐천,2,명사,한자어
5,간호보조원,0,명사,한자어
5,간호인,0,명사,한자어
5,간호학,0,명사,한자어
5,갈가리,0,부사,고유어
5,갈겨니,0,명사,고유어
5,갈구,0,명사,한자어
5,갈구하다,0,동사,혼종어
5,갈기다,0,동사,고유어
5,갈꽃,0,명사,고유어
5,갈댓잎,0,명사,고유어
5,갈돌,0,명사,고유어
5,갈등상태,0,명사,한자어
5,갈라내다,0,동사,고유어
5,갈라서다,0,동사,고유어
5,갈래꽃,0,명사,고유어
5,갈리다,6,동사,고유어
5,갈마들다,0,동사,고유어
5,갈망하다,2,동사,혼종어
5,갈바람,0,명사,고유어
5,갈밭,0,명사,고유어
5,갈밭머리,0,명사,고유어
5,갈빗살,0,명사,고유어
5,갈잎,1,명사,고유어
5,갈조류,0,명사,한자어
5,갈파래,0,명사,고유어
5,갈판,3,명사,고유어
5,갈피,1,명사,고유어
5,감,3,명사,고유어
5,감,7,명사,한자어
5,감감무소식,0,명사,혼종어
5,감감하다,0,형용사,고유어
5,감개,2,명사,한자어
5,감개무량하다,0,형용사,혼종어
5,감겨들다,0,동사,고유어
5,감격성,0,명사,한자어
5,감격적,0,명사/관형사,한자어
5,감광지,0,명사,한자어
5,감금하다,0,동사,혼종어
5,감꼭지,0,명사,고유어
5,감꽃,0,명사,고유어
5,감리교,0,명사,한자어
5,감마선,0,명사,혼종어
5,감발,3,명사,한자어
5,감복하다,0,동사,혼종어
5,감빛,0,명사,고유어
5,감사,9,명사,한자어
5,감사,13,명사,한자어
5,감사문,0,명사,한자어
5,감사원,1,명사,한자어
5,감사장,0,명사,한자어
5,감사절,0,명사,한자어
5,감사하다,6,동사,혼종어
5,감산,2,명사,한자어
5,감상법,0,명사,한자어
5,감상적,0,명사/관형사,한자어
5,감성적,0,명사/관형사,한자어
5,감수,15,명사,한자어
5,감시병,0,명사,한자어
5,감시소,0,명사,한자어
5,감시자,0,명사,한자어
5,감식,4,명사,한자어
5,감아올리다,0,동사,고유어
5,감안하다,0,동사,혼종어
5,감언이설,0,명사,한자어
5,감영,2,명사,한자어
5,감옥행,0,명사,한자어
5,감원,2,명사,한자어
5,감자녹말,0,명사,혼종어
5,감자밥,0,명사,고유어
5,감자찌개,0,명사,고유어
5,감자채,0,명사,고유어
5,감자탕,0,명사,혼종어
5,감잣국,0,명사,고유어
5,감장,1,명사,고유어
5,감정,9,명사,한자어
5,감정사,0,명사,한자어
5,감정싸움,0,명사,혼종어
5,감정적,1,명사/관형사,한자어
5,감주,1,명사,한자어
5,감지기,0,명사,한자어
5,감지덕지,0,부사,한자어
5,감질나다,0,동사,혼종어
5,감찰,1,명사,한자어
5,감천,2,명사,한자어
5,감탄문,0,명사,한자어
5,감탄스럽다,0,형용사,혼종어
5,감탄형,0,명사,한자어
5,감퇴,0,명사,한자어
5,감퇴하다,0,동사,혼종어
5,감투,1,명사,고유어
5,감하다,1,동사,혼종어
5,감하다,2,동사,혼종어
5,감행,0,명사,한자어
5,감화,1,명사,한자어
5,감화되다,1,동사,혼종어
5,감회,1,명사,한자어
5,감흥,2,명사,한자어
5,갑,1,명사,한자어
5,갑각류,0,명사,한자어
5,갑근세,0,명사,한자어
5,갑론을박,0,명사,한자어
5,갑상샘,0,명사,혼종어
5,갑신정변,0,명사,한자어
5,갑오개혁,0,명사,한자어
5,갑을,0,명사,한자어
5,갑인자,0,명사,한자어
5,갑자,0,명사,한자어
5,갑절,0,명사,고유어
5,갑판장,0,명사,한자어
5,값없다,0,형용사,고유어
5,값하다,0,동사,고유어
5,갓,3,명사,고유어
5,갓길,0,명사,고유어
5,갓끈,0,명사,고유어
5,갓난것,0,명사,고유어
5,갓난쟁이,0,명사,고유어
5,강간,2,명사,한자어
5,강건체,0,명사,한자어
5,강건하다,1,형용사,혼종어
5,강건하다,5,형용사,혼종어
5,강경론,0,명사,한자어
5,강경파,0,명사,한자어
5,강경하다,1,형용사,혼종어
5,강구하다,3,동사,혼종어
5,강권,1,명사,한자어
5,강기슭,0,명사,혼종어
5,강냉이밥,0,명사,고유어
5,강년,0,명사,한자어
5,강녕전,0,명사,한자어
5,강단,2,명사,한자어
5,강대국가,0,명사,한자어
5,강도래,0,명사,혼종어
5,강도질,0,명사,혼종어
5,강독,2,명사,한자어
5,강둑길,0,명사,혼종어
5,강력범,0,명사,한자어
5,강렬하다,1,형용사,혼종어
5,강렬히,0,부사,혼종어
5,강령,2,명사,한자어
5,강론,0,명사,한자어
5,강릉,1,명사,한자어
5,강매되다,2,동사,혼종어
5,강매하다,2,동사,혼종어
5,강박,4,명사,한자어
5,강변도로,0,명사,한자어
5,강보,3,명사,한자어
5,강사진,0,명사,한자어
5,강사포,0,명사,한자어
5,강설량,0,명사,한자어
5,강성하다,0,형용사,혼종어
5,강속구,0,명사,한자어
5,강수일,0,명사,한자어
5,강슛하다,0,동사,혼종어
5,강습료,0,명사,한자어
5,강습반,0,명사,한자어
5,강습생,0,명사,한자어
5,강습소,0,명사,한자어
5,강압되다,1,동사,혼종어
5,강어귀,0,명사,혼종어
5,강연장,0,명사,한자어
5,강연하다,0,동사,혼종어
5,강의실,0,명사,한자어
5,강의하다,1,형용사,혼종어
5,강적,0,명사,한자어
5,강점,1,명사,한자어
5,강점하다,0,동사,혼종어
5,강중,2,명사,한자어
5,강직하다,1,동사,혼종어
5,강직하다,2,형용사,혼종어
5,강진,6,명사,한자어
5,강타,0,명사,한자어
5,강탈,0,명사,한자어
5,강탈되다,0,동사,혼종어
5,강탈자,0,명사,한자어
5,강탈하다,0,동사,혼종어
5,강토,0,명사,한자어
5,강판,2,명사,한자어
5,강판,4,명사,한자어
5,강펀치,0,명사,혼종어
5,강하,2,명사,한자어
5,강행,0,명사,한자어
5,강행군,0,명사,한자어
5,강행되다,0,동사,혼종어
5,강호,2,명사,한자어
5,강호,7,명사,한자어
5,강화,6,명사,한자어
5,강화도,0,명사,한자어
5,강화하다,3,동사,혼종어
5,갖바치,0,명사,고유어
5,갖은,0,관형사,고유어
5,갖춘꽃,0,명사,고유어
5,같잖다,0,형용사,고유어
5,갚음,0,명사,고유어
5,개가,1,명사,한자어
5,개각,2,명사,한자어
5,개각하다,1,동사,혼종어
5,개간,3,명사,한자어
5,개간자,0,명사,한자어
5,개간지,0,명사,한자어
5,개간하다,3,동사,혼종어
5,개강,0,명사,한자어
5,개강하다,0,동사,혼종어
5,개개,0,명사/부사,한자어
5,개경,1,명사,한자어
5,개고생,0,명사,혼종어
5,개골산,0,명사,한자어
5,개관,4,명사,한자어
5,개관,8,명사,한자어
5,개교식,0,명사,한자어
5,개교하다,1,동사,혼종어
5,개구리참외,0,명사,고유어
5,개구리헤엄,0,명사,고유어
5,개구멍,0,명사,고유어
5,개국,2,명사,한자어
5,개국,3,명사,한자어
5,개그맨,0,명사,외래어
5,개그우먼,0,명사,외래어
5,개근,0,명사,한자어
5,개근상,0,명사,한자어
5,개근하다,0,동사,혼종어
5,개기다,0,동사,고유어
5,개년,3,의존 명사,한자어
5,개다,2,동사,고유어
5,개도국,0,명사,한자어
5,개똥철학,0,명사,혼종어
5,개량,1,명사,한자어
5,개량되다,1,동사,혼종어
5,개량식,1,명사,한자어
5,개량아궁이,0,명사,혼종어
5,개량종,0,명사,한자어
5,개량하다,1,동사,혼종어
5,개마고원,0,명사,한자어
5,개머리판,0,명사,혼종어
5,개발력,0,명사,한자어
5,개밥,0,명사,고유어
5,개방하다,3,동사,혼종어
5,개벽,1,명사,한자어
5,개벽하다,0,동사,혼종어
5,개별성,0,명사,한자어
5,개별적,0,명사/관형사,한자어
5,개봉관,0,명사,한자어
5,개비,1,명사,고유어
5,개뿔,0,명사,고유어
5,개살구,0,명사,고유어
5,개선,4,명사,한자어
5,개선가,0,명사,한자어
5,개선문,1,명사,한자어
5,개선하다,3,동사,혼종어
5,개설,2,명사,한자어
5,개성,6,명사,한자어
5,개성상인,0,명사,한자어
5,개성적,0,명사/관형사,한자어
5,개수,2,명사,한자어
5,개수대,0,명사,혼종어
5,개숫물,0,명사,고유어
5,개시,5,명사,한자어
5,개시하다,3,동사,혼종어
5,개암,1,명사,고유어
5,개암나무,0,명사,고유어
5,개요,0,명사,한자어
5,개원,3,명사,한자어
5,개원,4,명사,한자어
5,개원식,0,명사,한자어
5,개인기,0,명사,한자어
5,개인적,0,명사/관형사,한자어
5,개인택시,0,명사,혼종어
5,개인행동,0,명사,한자어
5,개입되다,0,동사,혼종어
5,개작,1,명사,한자어
5,개장,7,명사,한자어
5,개점,0,명사,한자어
5,개정,2,명사,한자어
5,개정,3,명사,한자어
5,개정판,0,명사,혼종어
5,개조,1,명사,한자어
5,개종,1,명사,한자어
5,개죽,0,명사,혼종어
5,개중,0,명사,한자어
5,개찰,1,명사,한자어
5,개창하다,2,동사,혼종어
5,개최권,0,명사,한자어
5,개축,0,명사,한자어
5,개칭하다,0,동사,혼종어
5,개탄,0,명사,한자어
5,개탄하다,0,동사,혼종어
5,개통하다,0,동사,혼종어
5,개편하다,0,동사,혼종어
5,개폐,2,명사,한자어
5,개폐되다,1,동사,혼종어
5,개표,1,명사,한자어
5,개표구,2,명사,한자어
5,개표하다,1,동사,혼종어
5,개표하다,3,동사,혼종어
5,개헌안,0,명사,한자어
5,개헤엄,0,명사,고유어
5,개화,4,명사,한자어
5,개화기,1,명사,한자어
5,개화되다,1,동사,혼종어
5,개화되다,2,동사,혼종어
5,개화사상,0,명사,한자어
5,개화하다,1,동사,혼종어
5,개화하다,3,동사,혼종어
5,개화하다,4,동사,혼종어
5,개회사,0,명사,한자어
5,개회하다,3,동사,혼종어
5,객관성,0,명사,한자어
5,객관식,0,명사,한자어
5,객기,0,명사,한자어
5,객사,2,명사,한자어
5,객선,1,명사,한자어
5,객주,1,명사,한자어
5,객줏집,0,명사,혼종어
5,객지,0,명사,한자어
5,객차,0,명사,한자어
5,갯가,0,명사,고유어
5,갯바람,0,명사,고유어
5,갯버들,0,명사,고유어
5,갱,1,명사,한자어
5,갱,4,명사,외래어
5,갱년기,0,명사,한자어
5,갱도,1,명사,한자어
5,갱목,0,명사,한자어
5,갱지,2,명사,한자어
5,갸륵하다,2,형용사,고유어
5,갹출,0,명사,한자어
5,걀걀,0,부사,고유어
5,거간,2,명사,한자어
5,거구,2,명사,한자어
5,거국적,0,명사/관형사,한자어
5,거꾸러뜨리다,0,동사,고유어
5,거나하다,0,형용사,고유어
5,거동하다,0,동사,혼종어
5,거두,1,명사,한자어
5,거두절미하다,0,동사,혼종어
5,거드름,0,명사,고유어
5,거들뜨다,0,동사,고유어
5,거듭제곱,0,명사,고유어
5,거래일,0,명사,한자어
5,거래처,0,명사,한자어
5,거론,0,명사,한자어
5,거론하다,0,동사,혼종어
5,거룻배,0,명사,고유어
5,거류민,0,명사,한자어
5,거름망,0,명사,혼종어
5,거름주기,0,명사,고유어
5,거리끼다,0,동사,고유어
5,거마비,0,명사,한자어
5,거만,3,명사,한자어
5,거머리,2,명사,고유어
5,거머쥐다,0,동사,고유어
5,거멀못,0,명사,고유어
5,거목,1,명사,한자어
5,거무칙칙하다,0,형용사,고유어
5,거문도,0,명사,한자어
5,거물,2,명사,한자어
5,거뭇거뭇하다,0,형용사,고유어
5,거북손,0,명사,고유어
5,거북이걸음,0,명사,고유어
5,거상,2,명사,한자어
5,거센소리,0,명사,고유어
5,거수,8,명사,한자어
5,거수경례,0,명사,한자어
5,거수기,0,명사,한자어
5,거수투표,0,명사,한자어
5,거식,2,명사,한자어
5,거액,0,명사,한자어
5,거역,2,명사,한자어
5,거울상,0,명사,혼종어
5,거위벌레,0,명사,고유어
5,거인국,0,명사,한자어
5,거인적,0,명사/관형사,한자어
5,거장,1,명사,한자어
5,거저줍다,0,동사,고유어
5,거제도,0,명사,한자어
5,거주민,0,명사,한자어
5,거죽,0,명사,고유어
5,거짓부렁,0,명사,고유어
5,거찰,0,명사,한자어
5,거처,2,명사,한자어
5,거처하다,0,동사,혼종어
5,거취,2,명사,한자어
5,거치적거리다,0,동사,고유어
5,거칠하다,0,형용사,고유어
5,거침,0,명사,한자어
5,거포,1,명사,한자어
5,거푸,0,부사,고유어
5,거푸집,1,명사,고유어
5,거품기,0,명사,혼종어
5,거피,1,명사,한자어
5,거행,0,명사,한자어
5,거행되다,0,동사,혼종어
5,거행하다,0,동사,혼종어
5,건,3,명사/의존 명사,한자어
5,건강미,0,명사,한자어
5,건강하다,1,형용사,혼종어
5,건건이,2,부사,혼종어
5,건곤감리,0,명사,한자어
5,건괘,1,명사,한자어
5,건기,2,명사,한자어
5,건너다보이다,0,동사,고유어
5,건넌방,0,명사,혼종어
5,건넛방,0,명사,혼종어
5,건달패,0,명사,한자어
5,건들거리다,0,동사,고유어
5,건들바람,0,명사,고유어
5,건립되다,0,동사,혼종어
5,건망증,0,명사,한자어
5,건방,1,명사,고유어
5,건배,0,명사,한자어
5,건배하다,0,동사,혼종어
5,건사,1,명사,고유어
5,건설비,0,명사,한자어
5,건설적,0,명사/관형사,한자어
5,건성,3,명사,한자어
5,건실하다,0,형용사,혼종어
5,건아,2,명사,한자어
5,건의서,0,명사,한자어
5,건재,3,명사,한자어
5,건재하다,0,형용사,혼종어
5,건전히,0,부사,혼종어
5,건조,1,명사,한자어
5,건조기,1,명사,한자어
5,건조장,1,명사,한자어
5,건조체,0,명사,한자어
5,건조하다,1,동사,혼종어
5,건축학,0,명사,한자어
5,건투,0,명사,한자어
5,건평,0,명사,한자어
5,걷다,1,동사,고유어
5,걷어채다,0,동사,고유어
5,걷잡다,0,동사,고유어
5,걸걸하다,2,형용사,고유어
5,걸다,1,형용사,고유어
5,걸레짝,0,명사,고유어
5,걸레쪽,0,명사,고유어
5,걸머지다,0,동사,고유어
5,걸상,0,명사,혼종어
5,걸식,0,명사,한자어
5,걸신,2,명사,한자어
5,걸음걸음,0,명사/부사,고유어
5,걸인,1,명사,한자어
5,걸쭉하다,0,형용사,고유어
5,검객,0,명사,한자어
5,검거,2,명사,한자어
5,검거하다,0,동사,혼종어
5,검문하다,0,동사,혼종어
5,검버섯,0,명사,고유어
5,검사료,0,명사,한자어
5,검사제,0,명사,한자어
5,검사필,0,명사,한자어
5,검색창,0,명사,한자어
5,검소,0,명사,한자어
5,검술,0,명사,한자어
5,검시,1,명사,한자어
5,검시하다,1,동사,혼종어
5,검약,1,명사,한자어
5,검역소,0,명사,한자어
5,검열,1,명사,한자어
5,검열하다,0,동사,혼종어
5,검은손,0,명사,고유어
5,검은자,0,명사,고유어
5,검은자위,0,명사,고유어
5,검인,3,명사,한자어
5,검인정,0,명사,한자어
5,검잡다,0,동사,고유어
5,검정,3,명사,한자어
5,검정고시,0,명사,한자어
5,검정이,0,명사,고유어
5,검진하다,2,동사,혼종어
5,검출,0,명사,한자어
5,검출하다,0,동사,혼종어
5,검침,1,명사,한자어
5,검침하다,1,동사,혼종어
5,겁나하다,0,형용사,혼종어
5,겅둥겅둥,0,부사,고유어
5,겅정거리다,0,동사,고유어
5,겅중,0,부사,고유어
5,겉늙다,0,동사,고유어
5,겉돌다,0,동사,고유어
5,겉뜨기,0,명사,고유어
5,겉봉,0,명사,혼종어
5,겉봉투,0,명사,혼종어
5,겉장,0,명사,혼종어
5,겉절이,0,명사,고유어
5,겉흙,0,명사,고유어
5,게걸스럽다,0,형용사,고유어
5,게걸스레,0,부사,고유어
5,게걸음,0,명사,고유어
5,게딱지,0,명사,고유어
5,게릴라,0,명사,외래어
5,게릴라전,0,명사,혼종어
5,게슴츠레하다,0,형용사,고유어
5,게시문,0,명사,한자어
5,게양,0,명사,한자어
5,게양하다,0,동사,혼종어
5,게우다,0,동사,고유어
5,게이트볼,0,명사,외래어
5,게장,0,명사,혼종어
5,게재,0,명사,한자어
5,게재되다,0,동사,혼종어
5,게재하다,0,동사,혼종어
5,겨냥,0,명사,고유어
5,겨냥도,0,명사,혼종어
5,겨레붙이,0,명사,고유어
5,겨우살이,1,명사,고유어
5,겨우살이,2,명사,고유어
5,격,1,명사/의존 명사,한자어
5,격감,0,명사,한자어
5,격감하다,0,동사,혼종어
5,격납고,0,명사,한자어
5,격노,0,명사,한자어
5,격돌,0,명사,한자어
5,격돌하다,0,동사,혼종어
5,격동,2,명사,한자어
5,격동기,0,명사,한자어
5,격동하다,0,동사,혼종어
5,격랑,0,명사,한자어
5,격려금,0,명사,한자어
5,격려문,0,명사,한자어
5,격려사,0,명사,한자어
5,격몽요결,0,명사,한자어
5,격문,2,명사,한자어
5,격변,0,명사,한자어
5,격분,1,명사,한자어
5,격세지감,0,명사,한자어
5,격심하다,2,형용사,혼종어
5,격앙되다,0,동사,혼종어
5,격월,1,명사,한자어
5,격음,0,명사,한자어
5,격일,0,명사,한자어
5,격자,1,명사,한자어
5,격정,0,명사,한자어
5,격정적,0,명사/관형사,한자어
5,격주,0,명사,한자어
5,격증,0,명사,한자어
5,격찬,0,명사,한자어
5,격찬하다,0,동사,혼종어
5,격추,2,명사,한자어
5,격추하다,2,동사,혼종어
5,격침,1,명사,한자어
5,격침하다,0,동사,혼종어
5,격퇴,0,명사,한자어
5,격투기,0,명사,한자어
5,격하다,1,동사,혼종어
5,격하다,2,동사/형용사,혼종어
5,격하되다,0,동사,혼종어
5,견고하다,1,형용사,혼종어
5,견과,2,명사,한자어
5,견물생심,0,명사,한자어
5,견본,1,명사,한자어
5,견본품,0,명사,한자어
5,견성하다,0,동사,혼종어
5,견식,1,명사,한자어
5,견우직녀,0,명사,한자어
5,견인차,0,명사,한자어
5,견제하다,0,동사,혼종어
5,견학단,0,명사,한자어
5,겯다,1,동사,고유어
5,결,1,명사,고유어
5,결근,0,명사,한자어
5,결근하다,0,동사,혼종어
5,결단코,0,부사,혼종어
5,결단하다,1,동사,혼종어
5,결딴내다,0,동사,고유어
5,결렬,0,명사,한자어
5,결렬되다,0,동사,혼종어
5,결례,0,명사,한자어
5,결명자,0,명사,한자어
5,결미,2,명사,한자어
5,결박,0,명사,한자어
5,결박되다,0,동사,혼종어
5,결박하다,0,동사,혼종어
5,결벽증,0,명사,한자어
5,결별하다,0,동사,혼종어
5,결부,1,명사,한자어
5,결부되다,0,동사,혼종어
5,결빙,0,명사,한자어
5,결사,1,명사,한자어
5,결사,4,명사,한자어
5,결산하다,0,동사,혼종어
5,결선,1,명사,한자어
5,결성,0,명사,한자어
5,결성되다,0,동사,혼종어
5,결속,0,명사,한자어
5,결속하다,0,동사,혼종어
5,결식아동,0,명사,한자어
5,결여,1,명사,한자어
5,결여되다,0,동사,혼종어
5,결연,4,명사,한자어
5,결연하다,1,형용사,혼종어
5,결원,1,명사,한자어
5,결의,3,명사,한자어
5,결의문,2,명사,한자어
5,결의안,0,명사,한자어
5,결의하다,1,동사,혼종어
5,결의하다,3,동사,혼종어
5,결정권,0,명사,한자어
5,결정적,0,명사/관형사,한자어
5,결정타,0,명사,한자어
5,결탁하다,0,동사,혼종어
5,결판,0,명사,한자어
5,결판나다,0,동사,혼종어
5,결판내다,0,동사,혼종어
5,결핍증,0,명사,한자어
5,결함,1,명사,한자어
5,결항,1,명사,한자어
5,결행,0,명사,한자어
5,결혼반지,0,명사,한자어
5,결혼사진,0,명사,한자어
5,결혼상담소,0,명사,한자어
5,겸,1,의존 명사,한자어
5,겸비하다,1,동사,혼종어
5,겸상,0,명사,한자어
5,겸손히,0,부사,혼종어
5,겸양,0,명사,한자어
5,겸용,1,명사,한자어
5,겸용하다,1,동사,혼종어
5,겸직하다,0,동사,혼종어
5,겸하다,0,동사,혼종어
5,겸허하다,0,형용사,혼종어
5,겹겹,0,명사,고유어
5,겹경사,0,명사,혼종어
5,겹꽃,0,명사,고유어
5,겹낫표,0,명사,혼종어
5,겹눈,0,명사,고유어
5,겹도르래,0,명사,고유어
5,겹사돈,0,명사,혼종어
5,겹잎,0,명사,고유어
5,겹저고리,0,명사,고유어
5,경,4,수사/관형사,한자어
5,경,10,명사,한자어
5,경,13,명사,한자어
5,경각심,0,명사,한자어
5,경거망동,0,명사,한자어
5,경거망동하다,0,동사,혼종어
5,경건하다,1,형용사,혼종어
5,경관,6,명사,한자어
5,경국대전,0,명사,한자어
5,경금속,0,명사,한자어
5,경기,5,명사,한자어
5,경기,14,명사,한자어
5,경기병,0,명사,한자어
5,경기자,0,명사,한자어
5,경기하다,6,동사,혼종어
5,경단,5,명사,한자어
5,경대,4,명사,한자어
5,경도,4,명사,한자어
5,경도,7,명사,한자어
5,경량,2,명사,한자어
5,경량급,0,명사,한자어
5,경로사상,0,명사,한자어
5,경륜,2,명사,한자어
5,경리,2,명사,한자어
5,경마장,0,명사,한자어
5,경망스럽다,0,형용사,혼종어
5,경멸,0,명사,한자어
5,경멸하다,0,동사,혼종어
5,경박하다,0,형용사,혼종어
5,경배,2,명사,한자어
5,경범죄,0,명사,한자어
5,경보,9,명사,한자어
5,경보음,0,명사,한자어
5,경비선,1,명사,한자어
5,경비정,0,명사,한자어
5,경비행기,0,명사,한자어
5,경상,5,명사,한자어
5,경상,7,명사,한자어
5,경서,1,명사,한자어
5,경선,6,명사,한자어
5,경성,1,명사,한자어
5,경세유표,0,명사,한자어
5,경수로,0,명사,한자어
5,경승지,0,명사,한자어
5,경시,7,명사,한자어
5,경시대회,0,명사,한자어
5,경시하다,3,동사,혼종어
5,경신,1,명사,한자어
5,경악,2,명사,한자어
5,경애,1,명사,한자어
5,경애하다,0,동사,혼종어
5,경양식,0,명사,한자어
5,경어,2,명사,한자어
5,경영인,0,명사,한자어
5,경영진,0,명사,한자어
5,경영학,0,명사,한자어
5,경외심,0,명사,한자어
5,경외하다,0,동사,혼종어
5,경운궁,0,명사,한자어
5,경위,3,명사,한자어
5,경위,5,명사,한자어
5,경유,2,명사,한자어
5,경유,5,명사,한자어
5,경유하다,1,동사,혼종어
5,경음,1,명사,한자어
5,경음악,0,명사,한자어
5,경의,3,명사,한자어
5,경의선,0,명사,한자어
5,경이,4,명사,한자어
5,경인선,0,명사,한자어
5,경작되다,0,동사,혼종어
5,경작물,0,명사,한자어
5,경적,5,명사,한자어
5,경전,6,명사,한자어
5,경전철,0,명사,한자어
5,경제계,0,명사,한자어
5,경제관,0,명사,한자어
5,경제권,2,명사,한자어
5,경제법,0,명사,한자어
5,경제성,0,명사,한자어
5,경제인,0,명사,한자어
5,경제적,0,명사/관형사,한자어
5,경제학,0,명사,한자어
5,경제학자,0,명사,한자어
5,경조사,0,명사,한자어
5,경종,6,명사,한자어
5,경주로,0,명사,한자어
5,경주마,0,명사,한자어
5,경주하다,1,동사,혼종어
5,경중,3,명사,한자어
5,경지,2,명사,한자어
5,경질되다,0,동사,혼종어
5,경찰대,0,명사,한자어
5,경찰력,0,명사,한자어
5,경추,2,명사,한자어
5,경축사,0,명사,한자어
5,경축일,0,명사,한자어
5,경치다,2,동사,혼종어
5,경칩,0,명사,한자어
5,경칭,0,명사,한자어
5,경쾌감,0,명사,한자어
5,경쾌히,0,부사,혼종어
5,경탄,7,명사,한자어
5,경탄하다,3,동사,혼종어
5,경통,3,명사,한자어
5,경판,2,명사,한자어
5,경품,0,명사,한자어
5,경품권,0,명사,한자어
5,경합,0,명사,한자어
5,경험적,0,명사/관형사,한자어
5,경험주의,0,명사,한자어
5,경호,5,명사,한자어
5,경호하다,0,동사,혼종어
5,경화,3,명사,한자어
5,경화증,0,명사,한자어
5,경황,1,명사,한자어
5,경회루,0,명사,한자어
5,경희궁,0,명사,한자어
5,곁뿌리,0,명사,고유어
5,곁순,0,명사,혼종어
5,계간,1,명사,한자어
5,계간지,0,명사,한자어
5,계교,1,명사,한자어
5,계급주의,0,명사,한자어
5,계기,5,명사,한자어
5,계란탕,0,명사,한자어
5,계량하다,1,동사,혼종어
5,계룡산,0,명사,한자어
5,계면쩍다,0,형용사,고유어
5,계몽적,0,명사/관형사,한자어
5,계발하다,0,동사,혼종어
5,계보,1,명사,한자어
5,계부,2,명사,한자어
5,계사,14,명사,한자어
5,계산대,0,명사,한자어
5,계산법,0,명사,한자어
5,계산서,0,명사,한자어
5,계산표,0,명사,한자어
5,계속하다,1,동사,혼종어
5,계수나무,0,명사,혼종어
5,계약금,0,명사,한자어
5,계약하다,0,동사,혼종어
5,계열사,0,명사,한자어
5,계율,1,명사,한자어
5,계이름,0,명사,혼종어
5,계장,3,명사,한자어
5,계절병,0,명사,한자어
5,계제,3,명사,한자어
5,계집,0,명사,고유어
5,계책,2,명사,한자어
5,계측,0,명사,한자어
5,계피,1,명사,한자어
5,계핏가루,0,명사,혼종어
5,곗돈,0,명사,혼종어
5,고,11,명사,한자어
5,고가품,0,명사,한자어
5,고개턱,0,명사,고유어
5,고갱이,0,명사,고유어
5,고것,0,대명사,고유어
5,고견,1,명사,한자어
5,고결하다,2,형용사,혼종어
5,고고하다,3,형용사,혼종어
5,고고학,0,명사,한자어
5,고고학자,0,명사,한자어
5,고공,5,명사,한자어
5,고관,4,명사,한자어
5,고관대작,0,명사,한자어
5,고구려어,0,명사,한자어
5,고군분투하다,0,동사,혼종어
5,고귀,2,명사,한자어
5,고귀성,0,명사,한자어
5,고금,2,명사,한자어
5,고급문화,0,명사,한자어
5,고급술,0,명사,혼종어
5,고기밥,0,명사,고유어
5,고깃간,0,명사,혼종어
5,고까워하다,0,동사,고유어
5,고까짓,0,관형사,고유어
5,고깝다,0,형용사,고유어
5,고놈,0,대명사,고유어
5,고다,0,동사,고유어
5,고대로,0,부사,고유어
5,고대하다,1,동사,혼종어
5,고도,3,명사,한자어
5,고도성장하다,0,동사,혼종어
5,고도화,0,명사,한자어
5,고독히,0,부사,혼종어
5,고동,5,명사,한자어
5,고동빛,0,명사,혼종어
5,고두밥,0,명사,고유어
5,고득점,0,명사,한자어
5,고들빼기,0,명사,고유어
5,고등어자반,0,명사,고유어
5,고딕,0,명사,외래어
5,고딕체,0,명사,혼종어
5,고락,2,명사,한자어
5,고래잡이,0,명사,고유어
5,고량주,0,명사,한자어
5,고려사,0,명사,한자어
5,고려인,0,명사,한자어
5,고료,0,명사,한자어
5,고루하다,1,형용사,혼종어
5,고리,5,부사,고유어
5,고리대금,0,명사,한자어
5,고리대금업,0,명사,한자어
5,고리대금업자,0,명사,한자어
5,고리버들,0,명사,고유어
5,고리타분하다,0,형용사,고유어
5,고린내,0,명사,고유어
5,고립,1,명사,한자어
5,고립하다,1,동사,혼종어
5,고만,1,관형사,고유어
5,고만고만하다,0,형용사,고유어
5,고만큼,0,부사/명사,고유어
5,고명,1,명사,고유어
5,고명딸,0,명사,고유어
5,고모할머니,0,명사,혼종어
5,고무,3,명사,한자어
5,고무도장,0,명사,혼종어
5,고무래,0,명사,고유어
5,고무바닥,0,명사,고유어
5,고무벨트,0,명사,혼종어
5,고무총,0,명사,혼종어
5,고문서,0,명사,한자어
5,고물,2,명사,고유어
5,고물고물,0,부사,고유어
5,고물딱지,0,명사,혼종어
5,고발자,0,명사,한자어
5,고발정신,0,명사,한자어
5,고배,2,명사,한자어
5,고백적,0,명사/관형사,한자어
5,고별,0,명사,한자어
5,고별인사,0,명사,한자어
5,고봉,4,명사,한자어
5,고부,3,명사,한자어
5,고부간,0,명사,한자어
5,고부라지다,1,동사,고유어
5,고분고분,0,부사,고유어
5,고비,4,명사,고유어
5,고사,10,명사,한자어
5,고사,15,명사,한자어
5,고사,16,명사,한자어
5,고사리손,0,명사,고유어
5,고사장,0,명사,한자어
5,고사하다,11,동사,혼종어
5,고산병,0,명사,한자어
5,고샅,1,명사,고유어
5,고샅길,0,명사,고유어
5,고생길,0,명사,혼종어
5,고생대,0,명사,한자어
5,고생물학,0,명사,한자어
5,고생스레,0,부사,혼종어
5,고성방가,0,명사,한자어
5,고소득,0,명사,한자어
5,고소장,0,명사,한자어
5,고속화,0,명사,한자어
5,고속화되다,0,동사,혼종어
5,고수머리,0,명사,고유어
5,고수부지,0,명사,한자어
5,고수하다,1,동사,혼종어
5,고수하다,2,동사,혼종어
5,고슬고슬하다,1,형용사,고유어
5,고승,2,명사,한자어
5,고시,4,명사,한자어
5,고시원,0,명사,한자어
5,고시하다,2,동사,혼종어
5,고싸움,0,명사,고유어
5,고싸움놀이,0,명사,고유어
5,고아하다,1,형용사,혼종어
5,고안되다,0,동사,혼종어
5,고압,0,명사,한자어
5,고압선,0,명사,한자어
5,고액,2,명사,한자어
5,고액권,0,명사,한자어
5,고약,3,명사,한자어
5,고양,5,명사,한자어
5,고어,1,명사,한자어
5,고역,1,명사,한자어
5,고열,3,명사,한자어
5,고열량,0,명사,한자어
5,고용,3,명사,한자어
5,고용인,2,명사,한자어
5,고용주,0,명사,한자어
5,고유문화,0,명사,한자어
5,고유색,0,명사,한자어
5,고육지책,0,명사,한자어
5,고을고을,0,명사,고유어
5,고음,7,명사,한자어
5,고의,1,명사,고유어
5,고의적,0,명사/관형사,한자어
5,고자질쟁이,0,명사,혼종어
5,고쟁이,0,명사,고유어
5,고저,1,명사,한자어
5,고적,3,명사,한자어
5,고적대,0,명사,한자어
5,고전,10,명사,한자어
5,고전적,0,명사/관형사,한자어
5,고전주의,0,명사,한자어
5,고전하다,2,동사,혼종어
5,고정란,0,명사,한자어
5,고조부모,0,명사,한자어
5,고조할머니,0,명사,혼종어
5,고조할아버지,0,명사,혼종어
5,고종,3,명사,한자어
5,고주망태,0,명사,고유어
5,고즈음,0,명사,고유어
5,고증,0,명사,한자어
5,고지기,0,명사,혼종어
5,고지대,0,명사,한자어
5,고지서,0,명사,한자어
5,고지하다,1,동사,혼종어
5,고지혈증,0,명사,한자어
5,고질,4,명사,한자어
5,고질병,0,명사,한자어
5,고집덩어리,0,명사,혼종어
5,고집부리다,0,동사,혼종어
5,고집스럽다,0,형용사,혼종어
5,고집스레,0,부사,혼종어
5,고집통,0,명사,혼종어
5,고차원적,0,명사/관형사,한자어
5,고찰,2,명사,한자어
5,고참,0,명사,한자어
5,고철상,0,명사,한자어
5,고초,3,명사,한자어
5,고추기름,0,명사,고유어
5,고춧대,0,명사,고유어
5,고충,2,명사,한자어
5,고취,2,명사,한자어
5,고취하다,0,동사,혼종어
5,고투,2,명사,한자어
5,고품위,0,명사,한자어
5,고풍,1,명사,한자어
5,고하,3,명사,한자어
5,고하간,0,명사,한자어
5,고학,2,명사,한자어
5,고학생,0,명사,한자어
5,고함질,0,명사,혼종어
5,고해바치다,0,동사,혼종어
5,고행,1,명사,한자어
5,고행하다,1,동사,혼종어
5,고형,2,명사,한자어
5,고화질,0,명사,한자어
5,고환,5,명사,한자어
5,고흥,4,명사,한자어
5,고희,0,명사,한자어
5,곡,5,명사,한자어
5,곡괭이,0,명사,고유어
5,곡마단,0,명사,한자어
5,곡물상,0,명사,한자어
5,곡선미,0,명사,한자어
5,곡선형,0,명사,한자어
5,곡성,3,명사,한자어
5,곡예단,0,명사,한자어
5,곡예비행,0,명사,한자어
5,곡예사,0,명사,한자어
5,곡옥,0,명사,한자어
5,곡우,0,명사,한자어
5,곡절,2,명사,한자어
5,곡진하다,0,형용사,혼종어
5,곡집,0,명사,한자어
5,곡창,1,명사,한자어
5,곡해,0,명사,한자어
5,곤,4,명사,한자어
5,곤괘,2,명사,한자어
5,곤궁하다,0,형용사,혼종어
5,곤두박다,0,동사,고유어
5,곤두박이다,0,동사,고유어
5,곤드레만드레,0,부사,고유어
5,곤룡포,0,명사,한자어
5,곤욕스럽다,0,형용사,혼종어
5,곤전,0,명사,한자어
5,곤죽,0,명사,혼종어
5,곤지곤지,0,감탄사/명사,고유어
5,곤충류,0,명사,한자어
5,곤혹스럽다,0,형용사,혼종어
5,곧바르다,0,형용사,고유어
5,곧이,0,부사,고유어
5,곧이들리다,0,동사,고유어
5,곧추다,0,동사,고유어
5,곧추서다,0,동사,고유어
5,골,4,명사,고유어
5,골,5,명사,고유어
5,골,6,명사,고유어
5,골나다,0,동사,고유어
5,골내다,0,동사,고유어
5,골동품상,0,명사,한자어
5,골똘하다,0,형용사,고유어
5,골라잡다,0,동사,고유어
5,골목골목이,0,부사,고유어
5,골몰하다,0,동사,혼종어
5,골백번,0,명사,혼종어
5,골병,0,명사,혼종어
5,골자,0,명사,한자어
5,골잡이,0,명사,혼종어
5,골재,0,명사,한자어
5,골조,2,명사,한자어
5,골짝,0,명사,고유어
5,골통대,0,명사,고유어
5,골품제,0,명사,한자어
5,골프공,0,명사,혼종어
5,곯리다,1,동사,고유어
5,곰,1,명사,고유어
5,곰국,0,명사,고유어
5,곰방대,0,명사,고유어
5,곰삭다,0,동사,고유어
5,곰살갑다,0,형용사,고유어
5,곰살궂다,0,형용사,고유어
5,곰솔,0,명사,고유어
5,곰탕,0,명사,혼종어
5,곰팡이류,0,명사,혼종어
5,곱다,3,형용사,고유어
5,곱사등,0,명사,고유어
5,곱사등이,0,명사,고유어
5,곱자,0,명사,고유어
5,곱절,0,명사,고유어
5,곱창,0,명사,고유어
5,곱창전골,0,명사,고유어
5,공,4,명사,한자어
5,공,15,명사,외래어
5,공갈,2,명사,한자어
5,공갈빵,0,명사,혼종어
5,공갈치다,0,동사,혼종어
5,공감각,0,명사,한자어
5,공격기,0,명사,한자어
5,공격대,0,명사,한자어
5,공경,2,명사,한자어
5,공고,3,명사,한자어
5,공고하다,1,동사,혼종어
5,공공건물,0,명사,한자어
5,공공연하다,0,형용사,혼종어
5,공공요금,0,명사,한자어
5,공공재,0,명사,한자어
5,공공칠가방,0,명사,혼종어
5,공관,2,명사,한자어
5,공교육,0,명사,한자어
5,공교육비,0,명사,한자어
5,공굴리기,0,명사,고유어
5,공권력,0,명사,한자어
5,공금,1,명사,한자어
5,공급자,0,명사,한자어
5,공기구멍,0,명사,혼종어
5,공기주머니,0,명사,혼종어
5,공기총,0,명사,한자어
5,공깃밥,0,명사,혼종어
5,공납금,0,명사,한자어
5,공단,2,명사,한자어
5,공대,5,명사,한자어
5,공대하다,0,동사,혼종어
5,공덕,2,명사,한자어
5,공돈,0,명사,혼종어
5,공동묘지,0,명사,한자어
5,공략,2,명사,한자어
5,공론,1,명사,한자어
5,공립,1,명사,한자어
5,공명,5,명사,한자어
5,공명선거,0,명사,한자어
5,공명심,2,명사,한자어
5,공명하다,1,형용사,혼종어
5,공모자,0,명사,한자어
5,공모하다,1,동사,혼종어
5,공무국,2,명사,한자어
5,공문,1,명사,한자어
5,공문서,0,명사,한자어
5,공물,2,명사,한자어
5,공물,4,명사,한자어
5,공방전,2,명사,한자어
5,공백,0,명사,한자어
5,공범,0,명사,한자어
5,공범자,0,명사,한자어
5,공법,2,명사,한자어
5,공병,2,명사,한자어
5,공보실,0,명사,한자어
5,공붓벌레,0,명사,혼종어
5,공비,5,명사,한자어
5,공사,4,명사,한자어
5,공사,6,명사,한자어
5,공사,11,명사,한자어
5,공사관,2,명사,한자어
5,공산,4,명사,한자어
5,공산,5,명사,한자어
5,공산,6,명사,한자어
5,공산권,0,명사,한자어
5,공산화,0,명사,한자어
5,공산화되다,0,동사,혼종어
5,공산화하다,0,동사,혼종어
5,공생,2,명사,한자어
5,공석,1,명사,한자어
5,공석,5,명사,한자어
5,공수,7,명사,한자어
5,공수표,0,명사,한자어
5,공습경보,0,명사,한자어
5,공습하다,1,동사,혼종어
5,공습하다,2,동사,혼종어
5,공시,1,명사,한자어
5,공신력,0,명사,한자어
5,공약하다,1,동사,혼종어
5,공양,0,명사,한자어
5,공양하다,0,동사,혼종어
5,공언,1,명사,한자어
5,공업화되다,0,동사,혼종어
5,공연스레,0,부사,혼종어
5,공연하다,4,형용사,혼종어
5,공연히,2,부사,혼종어
5,공예가,0,명사,한자어
5,공원묘지,0,명사,한자어
5,공원화,0,명사,한자어
5,공유,1,명사,한자어
5,공유지,1,명사,한자어
5,공인,2,명사,한자어
5,공인,5,명사,한자어
5,공인되다,1,동사,혼종어
5,공자,1,명사,한자어
5,공작,3,명사,한자어
5,공작부인,0,명사,한자어
5,공작실,0,명사,한자어
5,공장주,0,명사,한자어
5,공저,3,명사,한자어
5,공적,1,명사/관형사,한자어
5,공전,8,명사,한자어
5,공전,11,명사,한자어
5,공전,14,명사,한자어
5,공전하다,3,동사,혼종어
5,공정,1,명사,한자어
5,공제,7,명사,한자어
5,공주,2,명사,한자어
5,공중목욕탕,0,명사,한자어
5,공직,2,명사,한자어
5,공직자,0,명사,한자어
5,공집합,0,명사,한자어
5,공짜배기,0,명사,혼종어
5,공채,3,명사,한자어
5,공처가,0,명사,한자어
5,공천,2,명사,한자어
5,공천하다,1,동사,혼종어
5,공청,1,명사,한자어
5,공치기,0,명사,고유어
5,공치기하다,0,동사,고유어
5,공치다,0,동사,혼종어
5,공치사,1,명사,한자어
5,공치사,3,명사,한자어
5,공탁금,0,명사,한자어
5,공탁하다,0,동사,혼종어
5,공통어,0,명사,한자어
5,공포되다,0,동사,혼종어
5,공포하다,0,동사,혼종어
5,공표,1,명사,한자어
5,공표,4,명사,한자어
5,공표하다,0,동사,혼종어
5,공화국,2,명사,한자어
5,공화제,0,명사,한자어
5,공활하다,0,형용사,혼종어
5,공회당,0,명사,한자어
5,공훈,0,명사,한자어
5,공히,0,부사,혼종어
5,곶,1,명사,한자어
5,과객,2,명사,한자어
5,과거형,0,명사,한자어
5,과꽃,0,명사,고유어
5,과다히,1,부사,혼종어
5,과단성,0,명사,한자어
5,과대,1,명사,한자어
5,과대광고,0,명사,한자어
5,과대망상,0,명사,한자어
5,과대망상증,0,명사,한자어
5,과대평가되다,0,동사,혼종어
5,과대평가하다,0,동사,혼종어
5,과도기,0,명사,한자어
5,과도히,0,부사,혼종어
5,과목낙제,0,명사,한자어
5,과묵하다,0,형용사,혼종어
5,과민하다,0,형용사,혼종어
5,과밀,0,명사,한자어
5,과보호,0,명사,한자어
5,과분하다,0,형용사,혼종어
5,과세,4,명사,한자어
5,과소,2,명사,한자어
5,과소,3,명사,한자어
5,과소비하다,0,동사,혼종어
5,과소평가하다,0,동사,혼종어
5,과수나무,0,명사,혼종어
5,과신하다,0,동사,혼종어
5,과오,2,명사,한자어
5,과욕,2,명사,한자어
5,과용,2,명사,한자어
5,과유불급,0,명사,한자어
5,과음,2,명사,한자어
5,과인,4,대명사,한자어
5,과일나무,0,명사,고유어
5,과잉보호,0,명사,한자어
5,과잉보호하다,0,동사,혼종어
5,과장,1,명사,한자어
5,과적,2,명사,한자어
5,과점,2,명사,한자어
5,과정,1,명사,한자어
5,과중하다,1,동사,혼종어
5,과중하다,2,형용사,혼종어
5,과중히,0,부사,혼종어
5,과찬,0,명사,한자어
5,과채류,0,명사,한자어
5,과테말라,0,명사,외래어
5,과하다,1,동사,혼종어
5,과학적,0,명사/관형사,한자어
5,과히,0,부사,혼종어
5,관,1,명사,한자어
5,관,8,명사,한자어
5,관개,2,명사,한자어
5,관개수,0,명사,한자어
5,관건,2,명사,한자어
5,관계하다,0,동사,혼종어
5,관광단,0,명사,한자어
5,관광호텔,0,명사,혼종어
5,관권,0,명사,한자어
5,관기,1,명사,한자어
5,관내,2,명사,한자어
5,관념,2,명사,한자어
5,관노,0,명사,한자어
5,관대히,0,부사,혼종어
5,관동,5,명사,한자어
5,관등놀이,0,명사,혼종어
5,관록,2,명사,한자어
5,관료,0,명사,한자어
5,관리,1,명사,한자어
5,관리직,0,명사,한자어
5,관립,0,명사,한자어
5,관망하다,2,동사,혼종어
5,관명,2,명사,한자어
5,관모,3,명사,한자어
5,관민,0,명사,한자어
5,관보,2,명사,한자어
5,관북,0,명사,한자어
5,관비,1,명사,한자어
5,관사,4,명사,한자어
5,관상가,0,명사,한자어
5,관상대,0,명사,한자어
5,관상수,0,명사,한자어
5,관상어,0,명사,한자어
5,관성,2,명사,한자어
5,관세음보살,0,명사,한자어
5,관솔,0,명사,고유어
5,관솔불,0,명사,고유어
5,관습법,0,명사,한자어
5,관식,2,명사,한자어
5,관여하다,0,동사,혼종어
5,관용,3,명사,한자어
5,관용구,0,명사,한자어
5,관용차,0,명사,한자어
5,관용하다,2,동사,혼종어
5,관원,1,명사,한자어
5,관음,0,명사,한자어
5,관음상,0,명사,한자어
5,관자놀이,0,명사,혼종어
5,관장,10,명사,한자어
5,관장,13,명사,한자어
5,관저,0,명사,한자어
5,관제,4,명사,한자어
5,관제탑,0,명사,한자어
5,관찰부,0,명사,한자어
5,관찰사,0,명사,한자어
5,관철되다,0,동사,혼종어
5,관측대,0,명사,한자어
5,관통,2,명사,한자어
5,관포지교,0,명사,한자어
5,관행,2,명사,한자어
5,관헌,0,명사,한자어
5,관형사형,0,명사,한자어
5,관형어,0,명사,한자어
5,괄목하다,0,동사,혼종어
5,괄시,0,명사,한자어
5,괄시하다,0,동사,혼종어
5,괄약근,0,명사,한자어
5,광견병,0,명사,한자어
5,광고란,0,명사,한자어
5,광고료,0,명사,한자어
5,광고탑,0,명사,한자어
5,광고판,0,명사,한자어
5,광구,9,명사,한자어
5,광기,0,명사,한자어
5,광나다,0,동사,혼종어
5,광녀,0,명사,한자어
5,광년,1,의존 명사,한자어
5,광대놀이,0,명사,고유어
5,광대하다,1,형용사,혼종어
5,광란,1,명사,한자어
5,광막하다,0,형용사,혼종어
5,광맥,0,명사,한자어
5,광목,0,명사,한자어
5,광물성,0,명사,한자어
5,광범히,0,부사,혼종어
5,광복군,0,명사,한자어
5,광복하다,1,동사,혼종어
5,광분하다,0,동사,혼종어
5,광산업,2,명사,한자어
5,광섬유,0,명사,한자어
5,광성보,0,명사,한자어
5,광속,2,명사,한자어
5,광신도,0,명사,한자어
5,광신자,0,명사,한자어
5,광양,1,명사,한자어
5,광어,0,명사,한자어
5,광어회,0,명사,한자어
5,광역,3,명사,한자어
5,광열비,0,명사,한자어
5,광의,0,명사,한자어
5,광인,1,명사,한자어
5,광포,1,명사,한자어
5,광포하다,1,형용사,혼종어
5,광풍,2,명사,한자어
5,광학,1,명사,한자어
5,광한루,0,명사,한자어
5,광혜원,0,명사,한자어
5,괘,1,명사,한자어
5,괘도,0,명사,한자어
5,괘종,0,명사,한자어
5,괜스레,0,부사,고유어
5,괜하다,0,형용사,고유어
5,괭이갈매기,0,명사,고유어
5,괭이밥,0,명사,고유어
5,괭이자루,0,명사,고유어
5,괴기스럽다,0,형용사,혼종어
5,괴나리봇짐,0,명사,혼종어
5,괴다,1,동사,고유어
5,괴뢰군,0,명사,한자어
5,괴벽,2,명사,한자어
5,괴변,1,명사,한자어
5,괴석,1,명사,한자어
5,괴성,1,명사,한자어
5,괴수,1,명사,한자어
5,괴수,4,명사,한자어
5,괴어들다,0,동사,고유어
5,괴이쩍다,0,형용사,혼종어
5,괴이하다,0,형용사,혼종어
5,괴이히,0,부사,혼종어
5,괴질,0,명사,한자어
5,괴짜,0,명사,혼종어
5,괴춤,0,명사,고유어
5,괴팍하다,0,형용사,혼종어
5,괴한,1,명사,한자어
5,괴혈병,0,명사,한자어
5,굉음,2,명사,한자어
5,교,3,명사,한자어
5,교각,2,명사,한자어
5,교감,1,명사,한자어
5,교관,3,명사,한자어
5,교구,6,명사,한자어
5,교군,2,명사,한자어
5,교권,2,명사,한자어
5,교도,5,명사,한자어
5,교도관,1,명사,한자어
5,교두보,0,명사,한자어
5,교란,2,명사,한자어
5,교란하다,0,동사,혼종어
5,교량,2,명사,한자어
5,교련,0,명사,한자어
5,교리,4,명사,한자어
5,교만,0,명사,한자어
5,교명,1,명사,한자어
5,교목,1,명사,한자어
5,교목,2,명사,한자어
5,교무,2,명사,한자어
5,교미,1,명사,한자어
5,교미하다,0,동사,혼종어
5,교민,2,명사,한자어
5,교배,2,명사,한자어
5,교배하다,2,동사,혼종어
5,교보,2,명사,한자어
5,교본,2,명사,한자어
5,교부,2,명사,한자어
5,교부금,0,명사,한자어
5,교분,1,명사,한자어
5,교사,5,명사,한자어
5,교살,1,명사,한자어
5,교생,2,명사,한자어
5,교서,2,명사,한자어
5,교섭,0,명사,한자어
5,교섭하다,0,동사,혼종어
5,교세,1,명사,한자어
5,교수요목,0,명사,한자어
5,교수용,0,명사,한자어
5,교수진,0,명사,한자어
5,교수형,0,명사,한자어
5,교습,0,명사,한자어
5,교신,1,명사,한자어
5,교신하다,0,동사,혼종어
5,교양인,0,명사,한자어
5,교열,2,명사,한자어
5,교우,1,명사,한자어
5,교우,5,명사,한자어
5,교육가,0,명사,한자어
5,교육감,0,명사,한자어
5,교육계,0,명사,한자어
5,교육법,0,명사,한자어
5,교육열,0,명사,한자어
5,교육장,1,명사,한자어
5,교육학,0,명사,한자어
5,교육학자,0,명사,한자어
5,교육회,0,명사,한자어
5,교의,4,명사,한자어
5,교인,4,명사,한자어
5,교자상,0,명사,한자어
5,교전,1,명사,한자어
5,교접,1,명사,한자어
5,교정,2,명사,한자어
5,교정하다,1,동사,혼종어
5,교제비,0,명사,한자어
5,교지,7,명사,한자어
5,교직원,0,명사,한자어
5,교집합,0,명사,한자어
5,교차되다,0,동사,혼종어
5,교차로,0,명사,한자어
5,교착,3,명사,한자어
5,교체기,0,명사,한자어
5,교태전,0,명사,한자어
5,교통량,0,명사,한자어
5,교통마비,0,명사,한자어
5,교통정리,0,명사,한자어
5,교파,0,명사,한자어
5,교편,0,명사,한자어
5,교표,0,명사,한자어
5,교풍,1,명사,한자어
5,교화,2,명사,한자어
5,교화하다,2,동사,혼종어
5,교활성,0,명사,한자어
5,교활하다,0,형용사,혼종어
5,교훈가,0,명사,한자어
5,구,9,의존 명사,한자어
5,구강,2,명사,한자어
5,구개음,0,명사,한자어
5,구개음화,0,명사,한자어
5,구걸,0,명사,한자어
5,구경감,0,명사,고유어
5,구공탄,0,명사,한자어
5,구관,4,명사,한자어
5,구관조,0,명사,한자어
5,구교,6,명사,한자어
5,구구,1,부사/감탄사,고유어
5,구구,2,명사,한자어
5,구구절절하다,0,형용사,혼종어
5,구구표,0,명사,한자어
5,구국,2,명사,한자어
5,구금,5,명사,한자어
5,구급상자,0,명사,한자어
5,구급약,0,명사,한자어
5,구급약품,0,명사,한자어
5,구기,10,명사,한자어
5,구김,0,명사,고유어
5,구김새,0,명사,고유어
5,구깃구깃,0,부사,고유어
5,구내,4,명사,한자어
5,구내염,0,명사,한자어
5,구닥다리,0,명사,혼종어
5,구대륙,0,명사,한자어
5,구도자,0,명사,한자어
5,구독자,0,명사,한자어
5,구독하다,0,동사,혼종어
5,구동하다,0,동사,혼종어
5,구두,4,명사,한자어
5,구두닦이,0,명사,고유어
5,구두약,0,명사,혼종어
5,구두점,0,명사,한자어
5,구두창,0,명사,고유어
5,구둣방,0,명사,혼종어
5,구둣솔,0,명사,고유어
5,구들장,0,명사,혼종어
5,구렁,0,명사,고유어
5,구렁텅이,0,명사,고유어
5,구레나룻,0,명사,고유어
5,구류,4,명사,한자어
5,구릉,0,명사,한자어
5,구릉지,0,명사,한자어
5,구리줄,0,명사,고유어
5,구리판,0,명사,혼종어
5,구매자,0,명사,한자어
5,구면,4,명사,한자어
5,구명,3,명사,한자어
5,구명,5,명사,한자어
5,구명대,0,명사,한자어
5,구명보트,0,명사,혼종어
5,구명정,0,명사,한자어
5,구문,10,명사,한자어
5,구물구물,0,부사,고유어
5,구미,1,명사,한자어
5,구미,4,명사,한자어
5,구미호,0,명사,한자어
5,구보,6,명사,한자어
5,구부정히,0,부사,고유어
5,구비되다,0,동사,혼종어
5,구비하다,0,동사,혼종어
5,구사일생,0,명사,한자어
5,구사하다,5,동사,혼종어
5,구상도,0,명사,한자어
5,구색,4,명사,한자어
5,구설수,0,명사,한자어
5,구성단위,0,명사,한자어
5,구성비,0,명사,한자어
5,구성적,0,명사/관형사,한자어
5,구성지다,0,형용사,고유어
5,구세군,0,명사,한자어
5,구세대,0,명사,한자어
5,구세주,0,명사,한자어
5,구소련,0,명사,한자어
5,구술,2,명사,한자어
5,구슬리다,0,동사,고유어
5,구슬피,0,부사,고유어
5,구습,2,명사,한자어
5,구시대,0,명사,한자어
5,구시렁거리다,0,동사,고유어
5,구심력,0,명사,한자어
5,구약,4,명사,한자어
5,구어,1,명사,한자어
5,구어체,0,명사,한자어
5,구역질하다,0,동사,혼종어
5,구연산,0,명사,한자어
5,구운몽,0,명사,한자어
5,구원자,0,명사,한자어
5,구유,1,명사,고유어
5,구음,4,명사,한자어
5,구인,3,명사,한자어
5,구인란,0,명사,한자어
5,구저분하다,0,형용사,고유어
5,구전되다,0,동사,혼종어
5,구절판,0,명사,한자어
5,구정,6,명사,한자어
5,구제,1,명사,한자어
5,구제,6,명사,한자어
5,구제역,0,명사,한자어
5,구제하다,2,동사,혼종어
5,구좌,1,명사,한자어
5,구주,6,명사,한자어
5,구증,1,명사,한자어
5,구직,2,명사,한자어
5,구질구질,0,부사,고유어
5,구차히,0,부사,혼종어
5,구체적,0,명사/관형사,한자어
5,구체화,0,명사,한자어
5,구체화되다,0,동사,혼종어
5,구축,4,명사,한자어
5,구축하다,1,동사,혼종어
5,구충제,2,명사,한자어
5,구치소,0,명사,한자어
5,구타,0,명사,한자어
5,구타하다,0,동사,혼종어
5,구태여,0,부사,고유어
5,구태의연하다,0,형용사,혼종어
5,구포,1,명사,한자어
5,구한말,0,명사,한자어
5,구형,3,명사,한자어
5,구형,6,명사,한자어
5,구호품,0,명사,한자어
5,구호하다,0,동사,혼종어
5,구혼,0,명사,한자어
5,구혼하다,0,동사,혼종어
5,국,2,명사,한자어
5,국가관,0,명사,한자어
5,국거리,0,명사,고유어
5,국고,0,명사,한자어
5,국교,1,명사,한자어
5,국교,2,명사,한자어
5,국기,2,명사,한자어
5,국난,0,명사,한자어
5,국내법,0,명사,한자어
5,국내성,0,명사,한자어
5,국내적,0,명사/관형사,한자어
5,국론,0,명사,한자어
5,국립묘지,0,명사,한자어
5,국말이,0,명사,고유어
5,국면,0,명사,한자어
5,국명,1,명사,한자어
5,국모,1,명사,한자어
5,국문,1,명사,한자어
5,국문학,0,명사,한자어
5,국민가요,0,명사,한자어
5,국민복,0,명사,한자어
5,국민연금,0,명사,한자어
5,국민적,0,명사/관형사,한자어
5,국민차,0,명사,한자어
5,국민학생,0,명사,한자어
5,국방력,0,명사,한자어
5,국방상,0,명사,한자어
5,국방색,0,명사,한자어
5,국부,2,명사,한자어
5,국비,0,명사,한자어
5,국빈,0,명사,한자어
5,국사,5,명사,한자어
5,국사,9,명사,한자어
5,국새,0,명사,한자어
5,국세,2,명사,한자어
5,국수주의,0,명사,한자어
5,국시,0,명사,한자어
5,국운,0,명사,한자어
5,국유,0,명사,한자어
5,국유지,0,명사,한자어
5,국익,0,명사,한자어
5,국장,3,명사,한자어
5,국정,2,명사,한자어
5,국제법,0,명사,한자어
5,국제선,0,명사,한자어
5,국제적,0,명사/관형사,한자어
5,국제화,0,명사,한자어
5,국지전,0,명사,한자어
5,국채,0,명사,한자어
5,국책,2,명사,한자어
5,국치일,0,명사,한자어
5,국토방위,0,명사,한자어
5,국토애,0,명사,한자어
5,국학,2,명사,한자어
5,국한되다,0,동사,혼종어
5,국한문,0,명사,한자어
5,국한하다,0,동사,혼종어
5,국화빵,0,명사,혼종어
5,국화전,2,명사,한자어
5,군,6,명사,한자어
5,군계,4,명사,한자어
5,군계일학,0,명사,한자어
5,군관,0,명사,한자어
5,군내,1,명사,고유어
5,군내,2,명사,한자어
5,군도,6,명사,한자어
5,군량,0,명사,한자어
5,군량미,0,명사,한자어
5,군림하다,0,동사,혼종어
5,군말,0,명사,고유어
5,군목,3,명사,한자어
5,군무원,0,명사,한자어
5,군민,2,명사,한자어
5,군번,0,명사,한자어
5,군법,0,명사,한자어
5,군부,6,명사,한자어
5,군비,1,명사,한자어
5,군비,2,명사,한자어
5,군사학,0,명사,한자어
5,군산,2,명사,한자어
5,군살,0,명사,고유어
5,군색스럽다,0,형용사,혼종어
5,군색하다,0,형용사,혼종어
5,군세,1,명사,한자어
5,군소리하다,0,동사,고유어
5,군신,1,명사,한자어
5,군신유의,0,명사,한자어
5,군심,0,명사,한자어
5,군악,0,명사,한자어
5,군악대,0,명사,한자어
5,군악대원,0,명사,한자어
5,군악대장,0,명사,한자어
5,군용기,0,명사,한자어
5,군용지,0,명사,한자어
5,군용차,0,명사,한자어
5,군장,6,명사,한자어
5,군정,2,명사,한자어
5,군정,3,명사,한자어
5,군주,1,명사,한자어
5,군주국,0,명사,한자어
5,군주제,0,명사,한자어
5,군청색,0,명사,한자어
5,군축,0,명사,한자어
5,군항,0,명사,한자어
5,군현,1,명사,한자어
5,군화,1,명사,한자어
5,굳히기,0,명사,고유어
5,굴곡,0,명사,한자어
5,굴곡지다,0,형용사,혼종어
5,굴깍두기,0,명사,고유어
5,굴다리,0,명사,혼종어
5,굴뚝같다,0,형용사,고유어
5,굴뚝같이,0,부사,고유어
5,굴러떨어지다,0,동사,고유어
5,굴복,2,명사,한자어
5,굴삭기,0,명사,한자어
5,굴전,0,명사,혼종어
5,굴절하다,1,동사,혼종어
5,굴젓,0,명사,고유어
5,굴죽,0,명사,혼종어
5,굴지,2,명사,한자어
5,굴착,0,명사,한자어
5,굴착기,0,명사,한자어
5,굴참나무,0,명사,고유어
5,굵직굵직하다,0,형용사,고유어
5,굼뜨다,0,형용사,고유어
5,굽신거리다,0,동사,고유어
5,굽실거리다,0,동사,고유어
5,굿거리,1,명사,고유어
5,굿거리장단,0,명사,고유어
5,굿터,0,명사,고유어
5,굿패,0,명사,혼종어
5,궁구하다,0,동사,혼종어
5,궁금히,0,부사,고유어
5,궁도,1,명사,한자어
5,궁리궁리,0,명사,한자어
5,궁리궁리하다,0,동사,혼종어
5,궁사,1,명사,한자어
5,궁색,2,명사,한자어
5,궁색스럽다,0,형용사,혼종어
5,궁색하다,0,형용사,혼종어
5,궁성,1,명사,한자어
5,궁여지책,0,명사,한자어
5,궁정,3,명사,한자어
5,궁터,2,명사,혼종어
5,궁핍,0,명사,한자어
5,궁핍하다,0,형용사,혼종어
5,궁하다,0,형용사,혼종어
5,권,2,명사,한자어
5,권고,3,명사,한자어
5,권능,0,명사,한자어
5,권리금,0,명사,한자어
5,권모술수,0,명사,한자어
5,권문세족,0,명사,한자어
5,권사,1,명사,한자어
5,권선징악,0,명사,한자어
5,권수,2,명사,한자어
5,권위주의,0,명사,한자어
5,권태,1,명사,한자어
5,권태기,0,명사,한자어
5,권토중래,0,명사,한자어
5,궐,2,명사,한자어
5,궐기,2,명사,한자어
5,궐기하다,0,동사,혼종어
5,궐련,0,명사,한자어
5,궐문,2,명사,한자어
5,궤도,2,명사,한자어
5,궤도차,0,명사,한자어
5,궤변,0,명사,한자어
5,귀가하다,1,동사,혼종어
5,귀갓길,0,명사,혼종어
5,귀결,0,명사,한자어
5,귀경,3,명사,한자어
5,귀공자,0,명사,한자어
5,귀납,0,명사,한자어
5,귀납법,0,명사,한자어
5,귀납적,0,명사/관형사,한자어
5,귀동냥,0,명사,고유어
5,귀띔,0,명사,고유어
5,귀로,2,명사,한자어
5,귀리,1,명사,고유어
5,귀먹다,0,동사,고유어
5,귀밑머리,0,명사,고유어
5,귀밝이술,0,명사,고유어
5,귀빈,0,명사,한자어
5,귀빠지다,0,동사,고유어
5,귀성,4,명사,한자어
5,귀소,2,명사,한자어
5,귀속,2,명사,한자어
5,귀순자,0,명사,한자어
5,귀신불,0,명사,혼종어
5,귀얄,0,명사,고유어
5,귀염,0,명사,고유어
5,귀울림,0,명사,고유어
5,귀의,2,명사,한자어
5,귀의하다,0,동사,혼종어
5,귀인,1,명사,한자어
5,귀재,1,명사,한자어
5,귀중품,0,명사,한자어
5,귀중히,0,부사,혼종어
5,귀천,2,명사,한자어
5,귀틀집,0,명사,고유어
5,귀항,3,명사,한자어
5,귀화,4,명사,한자어
5,귀환하다,0,동사,혼종어
5,귓불,1,명사,고유어
5,규격품,0,명사,한자어
5,규명,0,명사,한자어
5,규명하다,0,동사,혼종어
5,규수,2,명사,한자어
5,규약,0,명사,한자어
5,규장각,0,명사,한자어
5,규정되다,0,동사,혼종어
5,규제하다,0,동사,혼종어
5,규중,0,명사,한자어
5,규탄,0,명사,한자어
5,규탄하다,0,동사,혼종어
5,균등,0,명사,한자어
5,균류,0,명사,한자어
5,균사,0,명사,한자어
5,균역법,0,명사,한자어
5,균일,0,명사,한자어
5,균일가,0,명사,한자어
5,균일하다,0,형용사,혼종어
5,균형미,0,명사,한자어
5,귤나무,0,명사,혼종어
5,그넷줄,0,명사,고유어
5,그러그러하다,0,형용사,고유어
5,그러안다,0,동사,고유어
5,그러쥐다,0,동사,고유어
5,그런,2,감탄사,고유어
5,그런저런,0,관형사,고유어
5,그럼직하다,0,형용사,고유어
5,그렁거리다,0,동사,고유어
5,그룹사운드,0,명사,외래어
5,그르렁거리다,0,동사,고유어
5,그릇,2,부사,고유어
5,그릇장,0,명사,혼종어
5,그리스,2,명사,외래어
5,그리스도,0,명사,외래어
5,그리스도교,0,명사,혼종어
5,그린벨트,0,명사,외래어
5,그린피스,2,명사,외래어
5,그릴,0,명사,외래어
5,그림그래프,0,명사,혼종어
5,그림씨,0,명사,고유어
5,그림지도,0,명사,혼종어
5,그만그만하다,0,형용사,고유어
5,그만저만,0,부사,고유어
5,그믐,0,명사,고유어
5,그믐밤,0,명사,고유어
5,그슬리다,1,동사,고유어
5,그윽이,0,부사,고유어
5,극,4,명사,한자어
5,극기,1,명사,한자어
5,극단,1,명사,한자어
5,극대,1,명사,한자어
5,극대화,0,명사,한자어
5,극동,1,명사,한자어
5,극락정토,0,명사,한자어
5,극렬,0,명사,한자어
5,극렬하다,0,형용사,혼종어
5,극명하다,0,동사/형용사,혼종어
5,극빈,0,명사,한자어
5,극빈자,0,명사,한자어
5,극성맞다,0,형용사,혼종어
5,극성스럽다,0,형용사,혼종어
5,극성스레,0,부사,혼종어
5,극성팬,0,명사,혼종어
5,극시,0,명사,한자어
5,극악무도하다,0,형용사,혼종어
5,극약,0,명사,한자어
5,극음악,0,명사,한자어
5,극작가,0,명사,한자어
5,극진하다,0,형용사,혼종어
5,극찬,0,명사,한자어
5,극찬하다,0,동사,혼종어
5,극형,2,명사,한자어
5,극화하다,0,동사,혼종어
5,근,4,명사,한자어
5,근간,2,명사,한자어
5,근간,3,명사,한자어
5,근거리,0,명사,한자어
5,근근이,0,부사,혼종어
5,근년,0,명사,한자어
5,근대,1,명사,고유어
5,근대사,0,명사,한자어
5,근대화하다,0,동사,혼종어
5,근동,2,명사,한자어
5,근리하다,0,형용사,혼종어
5,근린공원,0,명사,한자어
5,근무자,0,명사,한자어
5,근무지,0,명사,한자어
5,근무처,0,명사,한자어
5,근본이념,0,명사,한자어
5,근본정신,0,명사,한자어
5,근성,2,명사,한자어
5,근세,1,명사,한자어
5,근소하다,0,형용사,혼종어
5,근속,0,명사,한자어
5,근신,5,명사,한자어
5,근신하다,1,동사,혼종어
5,근신하다,4,동사,혼종어
5,근심스레,0,부사,고유어
5,근왕병,0,명사,한자어
5,근원적,0,명사/관형사,한자어
5,근위대,0,명사,한자어
5,근위병,0,명사,한자어
5,근육질,0,명사,한자어
5,근절하다,0,동사,혼종어
5,근접,1,명사,한자어
5,근정전,0,명사,한자어
5,근조,0,명사,한자어
5,근지구력,0,명사,한자어
5,근지럽다,0,형용사,고유어
5,근질거리다,0,동사,고유어
5,근질근질,0,부사,고유어
5,근친,1,명사,한자어
5,근하신년,0,명사,한자어
5,근황,0,명사,한자어
5,글공부하다,0,동사,혼종어
5,글리세롤,0,명사,외래어
5,글리세린,0,명사,외래어
5,글리코겐,0,명사,외래어
5,글말,0,명사,고유어
5,글머리,0,명사,고유어
5,글썽,0,부사,고유어
5,글월,0,명사,고유어
5,글자꼴,0,명사,혼종어
5,글자판,0,명사,혼종어
5,글쟁이,0,명사,고유어
5,글피,0,명사,고유어
5,긁어놓다,0,동사,고유어
5,긁어모으다,0,동사,고유어
5,금가루,0,명사,혼종어
5,금강,3,명사,한자어
5,금괴,0,명사,한자어
5,금귤,0,명사,한자어
5,금기,5,명사,한자어
5,금나라,0,명사,혼종어
5,금낭화,0,명사,한자어
5,금당,1,명사,한자어
5,금동,3,명사,한자어
5,금리,1,명사,한자어
5,금명간,0,명사,한자어
5,금물,4,명사,한자어
5,금물결,0,명사,혼종어
5,금박,1,명사,한자어
5,금방금방,0,부사,한자어
5,금번,0,명사,한자어
5,금부,3,명사,한자어
5,금붙이,0,명사,혼종어
5,금산,5,명사,한자어
5,금상첨화,0,명사,한자어
5,금세기,0,명사,한자어
5,금속성,1,명사,한자어
5,금속품,0,명사,한자어
5,금송아지,0,명사,혼종어
5,금수,2,명사,한자어
5,금시,1,명사,한자어
5,금시초문,0,명사,한자어
5,금식,2,명사,한자어
5,금실,2,명사,혼종어
5,금싸라기,0,명사,혼종어
5,금어초,0,명사,한자어
5,금언,1,명사,한자어
5,금와,0,명사,한자어
5,금욕,2,명사,한자어
5,금융계,0,명사,한자어
5,금은,0,명사,한자어
5,금의환향,0,명사,한자어
5,금일,0,명사,한자어
5,금일봉,0,명사,한자어
5,금자동,0,명사,한자어
5,금자탑,0,명사,한자어
5,금잔화,0,명사,한자어
5,금제,1,명사,한자어
5,금제품,1,명사,한자어
5,금주,6,명사,한자어
5,금줄,4,명사,혼종어
5,금지옥엽,0,명사,한자어
5,금쪽같다,0,형용사,혼종어
5,금테,0,명사,혼종어
5,금테두리,0,명사,혼종어
5,금품,0,명사,한자어
5,금혼식,0,명사,한자어
5,금후,0,명사,한자어
5,급감,2,명사,한자어
5,급구하다,1,동사,혼종어
5,급등,0,명사,한자어
5,급락,2,명사,한자어
5,급료,0,명사,한자어
5,급물살,0,명사,혼종어
5,급변,0,명사,한자어
5,급사,1,명사,한자어
5,급상승,0,명사,한자어
5,급소,1,명사,한자어
5,급수,3,명사,한자어
5,급수차,0,명사,한자어
5,급수하다,2,동사,혼종어
5,급습하다,0,동사,혼종어
5,급식하다,0,동사,혼종어
5,급정차,0,명사,한자어
5,급진적,0,명사/관형사,한자어
5,급체,1,명사,한자어
5,급파하다,0,동사,혼종어
5,급행열차,0,명사,한자어
5,급훈,0,명사,한자어
5,긋다,2,동사,고유어
5,기,12,명사,한자어
5,기각,4,명사,한자어
5,기간,1,명사,한자어
5,기간산업,0,명사,한자어
5,기강,0,명사,한자어
5,기개,1,명사,한자어
5,기거하다,2,동사,혼종어
5,기겁,0,명사,한자어
5,기겁하다,0,동사,혼종어
5,기계제품,0,명사,한자어
5,기고,7,명사,한자어
5,기고하다,4,동사,혼종어
5,기골,3,명사,한자어
5,기공,5,명사,한자어
5,기공,7,명사,한자어
5,기공식,0,명사,한자어
5,기공하다,2,동사,혼종어
5,기관,7,명사,한자어
5,기관실,1,명사,한자어
5,기괴하다,0,형용사,혼종어
5,기교,1,명사,한자어
5,기교적,0,명사/관형사,한자어
5,기구,6,명사,한자어
5,기구하다,1,동사,혼종어
5,기구하다,2,형용사,혼종어
5,기권하다,0,동사,혼종어
5,기근,3,명사,한자어
5,기녀,1,명사,한자어
5,기념상품,0,명사,한자어
5,기념식수,0,명사,한자어
5,기념엽서,0,명사,한자어
5,기념절,0,명사,한자어
5,기념주화,0,명사,한자어
5,기능공,0,명사,한자어
5,기능사,0,명사,한자어
5,기능하다,0,동사,혼종어
5,기단,2,명사,한자어
5,기단,5,명사,한자어
5,기대치,0,명사,한자어
5,기도,5,명사,한자어
5,기독교회,0,명사,한자어
5,기동,2,명사,한자어
5,기동대,0,명사,한자어
5,기동력,2,명사,한자어
5,기득권,0,명사,한자어
5,기라성,0,명사,한자어
5,기로,1,명사,한자어
5,기록부,0,명사,한자어
5,기록자,0,명사,한자어
5,기록적,0,명사/관형사,한자어
5,기뢰,0,명사,한자어
5,기름걸레,0,명사,고유어
5,기름독,0,명사,고유어
5,기름띠,0,명사,고유어
5,기름보일러,0,명사,혼종어
5,기름집,0,명사,고유어
5,기름투성이,0,명사,고유어
5,기립,0,명사/감탄사,한자어
5,기립하다,0,동사,혼종어
5,기마전,0,명사,한자어
5,기만,4,명사,한자어
5,기만하다,0,동사,혼종어
5,기만행위,0,명사,한자어
5,기물,6,명사,한자어
5,기미,1,명사,고유어
5,기민하다,0,형용사,혼종어
5,기밀,2,명사,한자어
5,기반,1,명사,한자어
5,기별하다,0,동사,혼종어
5,기병,7,명사,한자어
5,기병대,0,명사,한자어
5,기복,4,명사,한자어
5,기복,5,명사,한자어
5,기분파,0,명사,한자어
5,기사,3,명사,한자어
5,기사,15,명사,한자어
5,기사도,0,명사,한자어
5,기사문,0,명사,한자어
5,기사회생,0,명사,한자어
5,기상대,0,명사,한자어
5,기생,2,명사,한자어
5,기생하다,0,동사,혼종어
5,기선,6,명사,한자어
5,기성,1,명사,한자어
5,기성복,0,명사,한자어
5,기성세대,0,명사,한자어
5,기성회비,0,명사,한자어
5,기세등등,0,부사,한자어
5,기소,3,명사,한자어
5,기수,25,명사,한자어
5,기숙생,0,명사,한자어
5,기술,3,명사,한자어
5,기술가,0,명사,한자어
5,기술사,1,명사,한자어
5,기술하다,1,동사,혼종어
5,기습적,0,명사/관형사,한자어
5,기암,1,명사,한자어
5,기암괴석,0,명사,한자어
5,기암절벽,0,명사,한자어
5,기어,7,명사,외래어
5,기억하다,1,형용사,혼종어
5,기업주,0,명사,한자어
5,기업체,0,명사,한자어
5,기염,0,명사,한자어
5,기예,2,명사,한자어
5,기왓장,0,명사,혼종어
5,기왕,0,명사/부사,한자어
5,기용,2,명사,한자어
5,기용하다,2,동사,혼종어
5,기우,1,명사,한자어
5,기웃하다,0,동사/형용사,고유어
5,기원,4,명사,한자어
5,기원하다,2,동사,혼종어
5,기원후,0,명사,한자어
5,기인,2,명사,한자어
5,기인하다,1,동사,혼종어
5,기일,2,명사,한자어
5,기입,0,명사,한자어
5,기입장,0,명사,한자어
5,기자재,0,명사,한자어
5,기장,1,명사,고유어
5,기장,2,명사,고유어
5,기재,3,명사,한자어
5,기적적,0,명사/관형사,한자어
5,기정사실,0,명사,한자어
5,기제사,0,명사,한자어
5,기지,12,명사,한자어
5,기진맥진,0,명사,한자어
5,기진하다,1,동사,혼종어
5,기질,2,명사,한자어
5,기차간,0,명사,한자어
5,기차다,0,형용사,혼종어
5,기체,5,명사,한자어
5,기초화장,0,명사,한자어
5,기치,4,명사,한자어
5,기침하다,1,동사,고유어
5,기탁,0,명사,한자어
5,기탁금,0,명사,한자어
5,기탁하다,0,동사,혼종어
5,기탄없다,0,형용사,혼종어
5,기판,3,명사,한자어
5,기폭,2,명사,한자어
5,기표,2,명사,한자어
5,기표소,0,명사,한자어
5,기피하다,0,동사,혼종어
5,기하,3,명사,한자어
5,기하다,1,동사,혼종어
5,기하다,5,동사,혼종어
5,기하학,0,명사,한자어
5,기행,1,명사,한자어
5,기행,2,명사,한자어
5,기형,3,명사,한자어
5,기호음료,0,명사,한자어
5,기혼,2,명사,한자어
5,기혼자,0,명사,한자어
5,기화,6,명사,한자어
5,기회균등,0,명사,한자어
5,기회주의자,0,명사,한자어
5,긴가민가하다,0,동사/형용사,고유어
5,긴급히,0,부사,혼종어
5,긴말,0,명사,고유어
5,긴밀히,0,부사,혼종어
5,긴소리,0,명사,고유어
5,긴요하다,0,형용사,혼종어
5,긴축,0,명사,한자어
5,긴하다,0,형용사,혼종어
5,길,2,명사,고유어
5,길길이,0,부사,고유어
5,길녘,0,명사,고유어
5,길놀이,0,명사,고유어
5,길눈,1,명사,고유어
5,길들다,0,동사,고유어
5,길몽,0,명사,한자어
5,길섶,0,명사,고유어
5,길일,0,명사,한자어
5,길조,2,명사,한자어
5,길짐승,0,명사,고유어
5,길치,2,명사,혼종어
5,길하다,0,형용사,혼종어
5,길흉,0,명사,한자어
5,길흉화복,0,명사,한자어
5,김매기,0,명사,고유어
5,김매다,0,동사,고유어
5,김발,0,명사,고유어
5,김장독,0,명사,고유어
5,김칫독,0,명사,고유어
5,깁,0,명사,고유어
5,깃,1,명사,고유어
5,까나리,0,명사,고유어
5,까놓다,0,동사,고유어
5,까딱거리다,1,동사,고유어
5,까딱없다,0,형용사,고유어
5,까딱하면,0,부사,고유어
5,까라지다,0,동사,고유어
5,까막눈,0,명사,고유어
5,까막눈이,0,명사,고유어
5,까무룩,0,부사,고유어
5,까무잡잡하다,0,형용사,고유어
5,까물거리다,0,동사,고유어
5,까발리다,0,동사,고유어
5,까부라지다,1,동사,고유어
5,까부르다,0,동사,고유어
5,까부수다,0,동사,고유어
5,까슬까슬하다,0,형용사,고유어
5,까짓것,0,명사/감탄사,고유어
5,까탈,0,명사,고유어
5,깍둑깍둑,0,부사,고유어
5,깍쟁이,0,명사,고유어
5,깍지,1,명사,고유어
5,깐깐히,0,부사,고유어
5,깐족거리다,0,동사,고유어
5,깐죽거리다,0,동사,고유어
5,깐풍기,0,명사,외래어
5,깔깔하다,1,동사,고유어
5,깔아뭉개다,0,동사,고유어
5,깜깜소식,0,명사,혼종어
5,깜부기,0,명사,고유어
5,깜부기불,0,명사,고유어
5,깜빡이,0,명사,고유어
5,깜작,0,부사,고유어
5,깜짝거리다,1,동사,고유어
5,깜찍이,2,명사,고유어
5,깝죽거리다,0,동사,고유어
5,깡,1,명사,고유어
5,깡다구,0,명사,고유어
5,깡마르다,0,형용사,고유어
5,깡패단,0,명사,혼종어
5,깨순이,0,명사,고유어
5,깨알,0,명사,고유어
5,깨엿,0,명사,고유어
5,깻국,0,명사,고유어
5,깻묵,0,명사,고유어
5,깽깽,1,부사,고유어
5,깽깽이,1,명사,고유어
5,꺅꺅,0,부사,고유어
5,꺼뜨리다,0,동사,고유어
5,꺼벙하다,0,형용사,고유어
5,꺼칠하다,0,형용사,고유어
5,꺼풀,0,명사,고유어
5,꺽꺽거리다,1,동사,고유어
5,꺽꺽대다,1,동사,고유어
5,꺽지,0,명사,고유어
5,꺾쇠,0,명사,고유어
5,꺾어지다,0,동사,고유어
5,껄껄거리다,0,동사,고유어
5,껄끄럽다,0,형용사,고유어
5,껄렁하다,0,형용사,고유어
5,껌껌하다,0,형용사,고유어
5,껌벅,0,부사,고유어
5,껌벅거리다,0,동사,고유어
5,껌뻑,0,부사,고유어
5,껌뻑거리다,0,동사,고유어
5,껌뻑껌뻑,0,부사,고유어
5,껌뻑껌뻑하다,0,동사,고유어
5,껌팔이,0,명사,혼종어
5,껑청하다,0,형용사,고유어
5,께름직하다,0,형용사,고유어
5,껴입다,0,동사,고유어
5,꼬까옷,0,명사,고유어
5,꼬꼬,0,명사/부사,고유어
5,꼬드기다,0,동사,고유어
5,꼬들꼬들,0,부사,고유어
5,꼬락서니,0,명사,고유어
5,꼬리곰탕,0,명사,혼종어
5,꼬마전구,0,명사,혼종어
5,꼬이다,1,동사,고유어
5,꼬장꼬장,0,부사,고유어
5,꼬장꼬장하다,0,형용사,고유어
5,꼬질꼬질,0,부사,고유어
5,꼬치구이,0,명사,고유어
5,꼭꼭,2,부사,고유어
5,꼭두각시놀음,0,명사,고유어
5,꼭두새벽,0,명사,고유어
5,꼭지쇠,0,명사,고유어
5,꼭지연,0,명사,혼종어
5,꼴,2,명사,고유어
5,꼴등,0,명사,혼종어
5,꼴사납다,0,형용사,고유어
5,꼼지락,0,부사,고유어
5,꼼짝달싹,0,부사,고유어
5,꼽추,0,명사,고유어
5,꽁보리밥,0,명사,고유어
5,꽁지깃,0,명사,고유어
5,꽃가루받이,0,명사,고유어
5,꽃가지,0,명사,고유어
5,꽃고무신,0,명사,고유어
5,꽃구름,0,명사,고유어
5,꽃꽂이하다,0,동사,고유어
5,꽃묶음,0,명사,고유어
5,꽃밥,0,명사,고유어
5,꽃방석,0,명사,혼종어
5,꽃부채,0,명사,고유어
5,꽃분,0,명사,혼종어
5,꽃삽,0,명사,고유어
5,꽃샘바람,0,명사,고유어
5,꽃수,0,명사,혼종어
5,꽃식물,0,명사,혼종어
5,꽃자루,0,명사,고유어
5,꽃전,0,명사,혼종어
5,꽃줄기,0,명사,고유어
5,꽃창포,0,명사,혼종어
5,꽈르릉,0,부사,고유어
5,꽈리,1,명사,고유어
5,꽝꽝,0,부사,고유어
5,꾀다,1,동사,고유어
5,꾀돌이,0,명사,고유어
5,꾀보,0,명사,고유어
5,꾐,0,명사,고유어
5,꾸기다,0,동사,고유어
5,꾸덕꾸덕,0,부사,고유어
5,꾸리,1,명사,고유어
5,꾸물꾸물,0,부사,고유어
5,꾸밈음,0,명사,혼종어
5,꾸벅거리다,0,동사,고유어
5,꾸부리다,0,동사,고유어
5,꾸불꾸불하다,0,동사/형용사,고유어
5,꾸뻑,0,부사,고유어
5,꿀떡,2,부사,고유어
5,꿀리다,1,동사,고유어
5,꿀샘,0,명사,고유어
5,꿀통,0,명사,혼종어
5,꿇리다,1,동사,고유어
5,꿇리다,2,동사,고유어
5,꿈같다,0,형용사,고유어
5,꿈같이,0,부사,고유어
5,꿈적,0,부사,고유어
5,꿈지럭거리다,0,동사,고유어
5,꿈틀꿈틀,0,부사,고유어
5,꿍꿍이,0,명사,고유어
5,끄나풀,0,명사,고유어
5,끄느름하다,0,형용사,고유어
5,끄떡없이,0,부사,고유어
5,끄떡하다,0,동사,고유어
5,끄적거리다,0,동사,고유어
5,끈끈막,0,명사,혼종어
5,끌,1,명사,고유어
5,끌그물,0,명사,고유어
5,끌어가다,0,동사,고유어
5,끓는점,0,명사,혼종어
5,끔벅거리다,0,동사,고유어
5,끔벅끔벅,0,부사,고유어
5,끔벅이다,0,동사,고유어
5,끔쩍,1,부사,고유어
5,끔찍스럽다,0,형용사,고유어
5,끝끝내,0,부사,고유어
5,끝동,0,명사,고유어
5,끝매듭,0,명사,고유어
5,끝물,0,명사,고유어
5,끝자락,0,명사,고유어
5,끝장나다,0,동사,고유어
5,끝점,0,명사,혼종어
5,끼룩끼룩,1,부사,고유어
5,끼인각,0,명사,혼종어
5,끼적거리다,1,동사,고유어
5,끼적이다,1,동사,고유어
5,끽소리,0,명사,고유어
5,끽하다,0,동사,고유어
5,나각,0,명사,한자어
5,나그네새,0,명사,고유어
5,나긋나긋하다,0,형용사,고유어
5,나누어떨어지다,0,동사,고유어
5,나대다,0,동사,고유어
5,나둥그러지다,0,동사,고유어
5,나들다,0,동사,고유어
5,나들목,0,명사,고유어
5,나들이옷,0,명사,고유어
5,나락,2,명사,한자어
5,나루,1,명사,고유어
5,나리,2,명사,고유어
5,나리꽃,0,명사,고유어
5,나무쇠싸움,0,명사,고유어
5,나무숲,0,명사,고유어
5,나무아미타불,0,명사/감탄사,한자어
5,나무총,0,명사,혼종어
5,나무패,0,명사,혼종어
5,나문재,0,명사,고유어
5,나물죽,0,명사,혼종어
5,나뭇등걸,0,명사,고유어
5,나뭇짐,0,명사,고유어
5,나병,2,명사,한자어
5,나부끼다,0,동사,고유어
5,나부랭이,0,명사,고유어
5,나불거리다,2,동사,고유어
5,나불나불,1,부사,고유어
5,나불나불하다,2,동사,고유어
5,나불대다,2,동사,고유어
5,나붓나붓,0,부사,고유어
5,나붙다,0,동사,고유어
5,나비,2,명사,고유어
5,나사말,0,명사,혼종어
5,나선,4,명사,한자어
5,나성,4,명사,한자어
5,나앉다,0,동사,고유어
5,나열,2,명사,한자어
5,나위,1,의존명사,고유어
5,나이지리아,0,명사,외래어
5,나전,2,명사,한자어
5,나절,1,의존 명사,고유어
5,나졸,2,명사,한자어
5,나주,2,명사,한자어
5,나주평야,0,명사,한자어
5,나직나직하다,0,형용사,고유어
5,나체,0,명사,한자어
5,나태,0,명사,한자어
5,나태하다,0,형용사,혼종어
5,나트륨등,0,명사,혼종어
5,나팔관,0,명사,한자어
5,나팔수,0,명사,한자어
5,나포되다,0,동사,혼종어
5,나폴리,0,명사,외래어
5,나프탈렌,0,명사,외래어
5,나환자,0,명사,한자어
5,낙,3,명사,한자어
5,낙관,1,명사,한자어
5,낙관,2,명사,한자어
5,낙관론,0,명사,한자어
5,낙관론자,0,명사,한자어
5,낙관하다,2,동사,혼종어
5,낙농품,0,명사,한자어
5,낙담,0,명사,한자어
5,낙도,0,명사,한자어
5,낙동강,2,명사,한자어
5,낙락장송,0,명사,한자어
5,낙망,0,명사,한자어
5,낙망하다,0,동사,혼종어
5,낙면,0,명사,한자어
5,낙방,1,명사,한자어
5,낙산사,0,명사,한자어
5,낙숫물,0,명사,혼종어
5,낙엽수,0,명사,한자어
5,낙오,0,명사,한자어
5,낙오되다,0,동사,혼종어
5,낙오자,0,명사,한자어
5,낙제,2,명사,한자어
5,낙제생,0,명사,한자어
5,낙제하다,0,동사,혼종어
5,낙조,1,명사,한자어
5,낙지볶음,0,명사,고유어
5,낙지전골,0,명사,고유어
5,낙차,3,명사,한자어
5,낙찰,0,명사,한자어
5,낙천적,0,명사/관형사,한자어
5,낙천주의자,0,명사,한자어
5,낙하하다,0,동사,혼종어
5,낙화,4,명사,한자어
5,낙화암,0,명사,한자어
5,낙후,0,명사,한자어
5,낙후되다,0,동사,혼종어
5,낚시걸이,2,명사,고유어
5,낚싯바늘,0,명사,고유어
5,낚싯밥,0,명사,고유어
5,낚싯배,0,명사,고유어
5,난,6,명사,한자어
5,난관,1,명사,한자어
5,난국,1,명사,한자어
5,난도질,0,명사,혼종어
5,난롯불,0,명사,혼종어
5,난류,4,명사,한자어
5,난립,0,명사,한자어
5,난무,0,명사,한자어
5,난무하다,0,동사,혼종어
5,난민촌,0,명사,한자어
5,난방기,0,명사,한자어
5,난사,1,명사,한자어
5,난산,2,명사,한자어
5,난색,2,명사,한자어
5,난생,1,부사,혼종어
5,난생,2,명사,한자어
5,난세포,0,명사,한자어
5,난시청,0,명사,한자어
5,난입,1,명사,한자어
5,난잡하다,0,형용사,혼종어
5,난장판,0,명사,혼종어
5,난전,2,명사,한자어
5,난점,0,명사,한자어
5,난정,1,명사,한자어
5,난제,0,명사,한자어
5,난중,1,명사,한자어
5,난중일기,0,명사,한자어
5,난치병,0,명사,한자어
5,난타,1,명사,한자어
5,난투극,0,명사,한자어
5,난파,2,명사,한자어
5,난파되다,0,동사,혼종어
5,난파선,0,명사,한자어
5,난파하다,0,동사,혼종어
5,난폭,0,명사,한자어
5,난폭성,0,명사,한자어
5,난항,2,명사,한자어
5,난형난제,0,명사,한자어
5,날감자,0,명사,고유어
5,날강도,0,명사,혼종어
5,날건달,0,명사,고유어
5,날고기,0,명사,고유어
5,날달걀,0,명사,고유어
5,날림,0,명사,고유어
5,날밤,1,명사,고유어
5,날벌레,0,명사,고유어
5,날실,2,명사,고유어
5,날조하다,0,동사,혼종어
5,날줄,0,명사,고유어
5,날치기,0,명사,고유어
5,날치다,0,동사,고유어
5,날콩가루,0,명사,고유어
5,날품,0,명사,고유어
5,날품팔이,0,명사,고유어
5,날품팔이꾼,0,명사,고유어
5,남국,0,명사,한자어
5,남극해,0,명사,한자어
5,남녀유별,0,명사,한자어
5,남녀칠세부동석,0,명사,한자어
5,남녀평등권,0,명사,한자어
5,남단,1,명사,한자어
5,남루하다,0,형용사,혼종어
5,남바위,0,명사,고유어
5,남발,2,명사,한자어
5,남발하다,0,동사,혼종어
5,남방샤쓰,0,명사,혼종어
5,남방셔츠,0,명사,혼종어
5,남보라,0,명사,혼종어
5,남빙양,0,명사,한자어
5,남사당,0,명사,혼종어
5,남사당놀이,0,명사,혼종어
5,남사당패,0,명사,혼종어
5,남사스럽다,0,형용사,고유어
5,남산,2,명사,한자어
5,남산골,0,명사,혼종어
5,남새,1,명사,고유어
5,남성복,0,명사,한자어
5,남아,1,명사,한자어
5,남아메리카,0,명사,혼종어
5,남우세스럽다,0,형용사,고유어
5,남원,2,명사,한자어
5,남위,1,명사,한자어
5,남유럽,0,명사,혼종어
5,남의집살이,0,명사,고유어
5,남인,1,명사,한자어
5,남작,1,명사,한자어
5,남장,1,명사,한자어
5,남장하다,1,동사,혼종어
5,남존여비,0,명사,한자어
5,남중,2,명사,한자어
5,남중하다,0,동사,혼종어
5,남진,2,명사,한자어
5,남진하다,0,동사,혼종어
5,남짓,0,의존 명사,고유어
5,남촌,0,명사,한자어
5,남침하다,0,동사,혼종어
5,남탕,0,명사,한자어
5,남태평양,2,명사,한자어
5,남파,3,명사,한자어
5,남파하다,0,동사,혼종어
5,남포,2,명사,고유어
5,남하,1,명사,한자어
5,남하하다,1,동사,혼종어
5,남한강,0,명사,한자어
5,남한산성,0,명사,한자어
5,남해,2,명사,한자어
5,남행하다,1,동사,혼종어
5,남향받이,0,명사,혼종어
5,납덩이,0,명사,고유어
5,납땜,0,명사,고유어
5,납땜하다,0,동사,고유어
5,납량,0,명사,한자어
5,납부금,0,명사,한자어
5,납북되다,0,동사,혼종어
5,납세자,0,명사,한자어
5,납입,0,명사,한자어
5,납입금,0,명사,한자어
5,납작보리,0,명사,고유어
5,납치,0,명사,한자어
5,납품,0,명사,한자어
5,낭군님,0,명사,혼종어
5,낭만,0,명사,한자어
5,낭만적,0,명사/관형사,한자어
5,낭만주의,0,명사,한자어
5,낭보,0,명사,한자어
5,낭자하다,2,형용사,혼종어
5,낮닭,0,명사,고유어
5,낮말,0,명사,고유어
5,낮은음자리표,0,명사,혼종어
5,낮잡다,0,동사,고유어
5,낮춤,0,명사,고유어
5,낯가리다,0,동사,고유어
5,낯가림,0,명사,고유어
5,낯부끄럽다,0,형용사,고유어
5,낯익히다,0,동사,고유어
5,낯짝,0,명사,고유어
5,낱,0,명사,고유어
5,낱낱,0,명사,고유어
5,내,2,명사,고유어
5,내,3,명사,고유어
5,내각,3,명사,한자어
5,내간체,0,명사,한자어
5,내걸리다,0,동사,고유어
5,내국인,0,명사,한자어
5,내깔기다,0,동사,고유어
5,내년도,0,명사,한자어
5,내다,1,동사,고유어
5,내닫다,0,동사,고유어
5,내려뜨리다,0,동사,고유어
5,내려보내다,0,동사,고유어
5,내려쓰다,0,동사,고유어
5,내려찍다,0,동사,고유어
5,내리감다,0,동사,고유어
5,내리누르다,0,동사,고유어
5,내리닫다,0,동사,고유어
5,내리덮다,0,동사,고유어
5,내리뜨다,0,동사,고유어
5,내리밟다,0,동사,고유어
5,내리붓다,0,동사,고유어
5,내리뻗다,0,동사,고유어
5,내리사랑,0,명사,고유어
5,내리쏟다,0,동사,고유어
5,내리쏟아지다,0,동사,고유어
5,내리쓸다,0,동사,고유어
5,내리지르다,0,동사,고유어
5,내리쪼이다,0,동사,고유어
5,내림세,0,명사,혼종어
5,내막,1,명사,한자어
5,내맡기다,0,동사,고유어
5,내무,1,명사,한자어
5,내방,4,명사,한자어
5,내비게이션,0,명사,외래어
5,내빈,2,명사,한자어
5,내빼다,0,동사,고유어
5,내색,0,명사,혼종어
5,내생,2,명사,한자어
5,내세,1,명사,한자어
5,내수면,0,명사,한자어
5,내숭쟁이,0,명사,고유어
5,내신,3,명사,한자어
5,내쏘다,0,동사,고유어
5,내야,0,명사,한자어
5,내야수,0,명사,한자어
5,내열,3,명사,한자어
5,내열성,0,명사,한자어
5,내왕,0,명사,한자어
5,내왕하다,0,동사,혼종어
5,내외하다,0,동사,혼종어
5,내우외환,0,명사,한자어
5,내월,0,명사,한자어
5,내의원,0,명사,한자어
5,내장,5,명사,한자어
5,내장재,0,명사,한자어
5,내재되다,0,동사,혼종어
5,내재율,0,명사,한자어
5,내정,1,명사,한자어
5,내정,2,명사,한자어
5,내조,2,명사,한자어
5,내주,6,명사,한자어
5,내처,1,부사,고유어
5,내친김,0,명사,고유어
5,내통,0,명사,한자어
5,내통하다,0,동사,혼종어
5,내포,2,명사,한자어
5,내포되다,0,동사,혼종어
5,내포문,0,명사,한자어
5,내포하다,0,동사,혼종어
5,내핍,0,명사,한자어
5,내한,2,명사,한자어
5,내행성,0,명사,한자어
5,내향적,0,명사/관형사,한자어
5,내훈,0,명사,한자어
5,내흔들다,0,동사,고유어
5,냉가슴,0,명사,혼종어
5,냉담,1,명사,한자어
5,냉담하다,0,형용사,혼종어
5,냉대림,0,명사,한자어
5,냉동고,0,명사,한자어
5,냉동차,0,명사,한자어
5,냉매,1,명사,한자어
5,냉방기,0,명사,한자어
5,냉상,0,명사,한자어
5,냉소,0,명사,한자어
5,냉소하다,0,동사,혼종어
5,냉엄하다,0,형용사,혼종어
5,냉전,0,명사,한자어
5,냉정히,1,부사,혼종어
5,냉차,0,명사,혼종어
5,냉채,0,명사,한자어
5,냉커피,0,명사,혼종어
5,냉큼냉큼,0,부사,고유어
5,냉혈,2,명사,한자어
5,냉혹성,0,명사,한자어
5,냉혹하다,0,형용사,혼종어
5,너,2,관형사,고유어
5,너끈하다,0,형용사,고유어
5,너끈히,0,부사,고유어
5,너도밤나무,0,명사,고유어
5,너럭바위,0,명사,고유어
5,너르다,0,형용사,고유어
5,너부죽하다,0,형용사,고유어
5,너스레,2,명사,고유어
5,너와,0,명사,고유어
5,너울거리다,0,동사,고유어
5,너저분히,0,부사,고유어
5,너절하다,0,형용사,고유어
5,너털웃음,0,명사,고유어
5,넉살,0,명사,고유어
5,넋두리,0,명사,고유어
5,넌더리,0,명사,고유어
5,널,1,명사,고유어
5,널마루,0,명사,고유어
5,널쪽,0,명사,고유어
5,널찍이,0,부사,고유어
5,널판자,0,명사,혼종어
5,넘겨짚다,0,동사,고유어
5,넘버,0,명사,외래어
5,넘어다보다,0,동사,고유어
5,넙죽넙죽,0,부사,고유어
5,네댓,0,수사/관형사,고유어
5,네덜란드,0,명사,외래어
5,네발짐승,0,명사,고유어
5,네온,0,명사,외래어
5,네온사인,0,명사,외래어
5,네티즌,0,명사,외래어
5,네팔,0,명사,외래어
5,넥타이핀,0,명사,외래어
5,노경,0,명사,한자어
5,노곤하다,0,형용사,혼종어
5,노기,5,명사,한자어
5,노년기,0,명사,한자어
5,노다지,1,명사,고유어
5,노닥거리다,0,동사,고유어
5,노도,1,명사,한자어
5,노동가,0,명사,한자어
5,노동법,0,명사,한자어
5,노동조합,0,명사,한자어
5,노랑물,0,명사,고유어
5,노래꾼,0,명사,고유어
5,노래잔치,0,명사,고유어
5,노래판,0,명사,고유어
5,노랫가락,0,명사,고유어
5,노력가,0,명사,한자어
5,노련하다,0,형용사,혼종어
5,노령,2,명사,한자어
5,노루발,1,명사,고유어
5,노르께하다,0,형용사,고유어
5,노르웨이,0,명사,외래어
5,노름,1,명사,고유어
5,노름꾼,0,명사,고유어
5,노름판,0,명사,고유어
5,노름하다,1,동사,고유어
5,노릇하다,0,형용사,고유어
5,노린내,0,명사,고유어
5,노린재,0,명사,고유어
5,노망,1,명사,한자어
5,노망하다,1,동사/형용사,혼종어
5,노면,2,명사,한자어
5,노모,1,명사,한자어
5,노무자,0,명사,한자어
5,노변,1,명사,한자어
5,노복,1,명사,한자어
5,노부,2,명사,한자어
5,노비안검법,0,명사,한자어
5,노사,7,명사,한자어
5,노상,1,부사,고유어
5,노상,4,명사,한자어
5,노새,0,명사,고유어
5,노선도,0,명사,한자어
5,노소간,0,명사,한자어
5,노송,0,명사,한자어
5,노송나무,0,명사,혼종어
5,노쇠,0,명사,한자어
5,노쇠하다,0,형용사,혼종어
5,노숙하다,1,형용사,혼종어
5,노승,2,명사,한자어
5,노심,1,명사,한자어
5,노심초사,0,명사,한자어
5,노심초사하다,0,동사,혼종어
5,노안,3,명사,한자어
5,노어,2,명사,한자어
5,노여워하다,0,동사,고유어
5,노역,2,명사,한자어
5,노염,1,명사,고유어
5,노을빛,0,명사,고유어
5,노이로제,0,명사,외래어
5,노임,0,명사,한자어
5,노자,4,명사,한자어
5,노잣돈,0,명사,혼종어
5,노장,3,명사,한자어
5,노장군,0,명사,한자어
5,노적가리,0,명사,혼종어
5,노점상,0,명사,한자어
5,노정,3,명사,한자어
5,노조,2,명사,한자어
5,노조원,0,명사,한자어
5,노즐,0,명사,외래어
5,노천,0,명사,한자어
5,노천극장,0,명사,한자어
5,노파,2,명사,한자어
5,노파심,0,명사,한자어
5,노형,0,대명사,한자어
5,노환,0,명사,한자어
5,노획,1,명사,한자어
5,노획물,0,명사,한자어
5,노후,1,명사,한자어
5,녹,1,명사,한자어
5,녹내장,0,명사,한자어
5,녹는점,0,명사,혼종어
5,녹두새,0,명사,혼종어
5,녹두알,0,명사,혼종어
5,녹두죽,0,명사,한자어
5,녹둔도,0,명사,한자어
5,녹말가루,0,명사,혼종어
5,녹물,0,명사,혼종어
5,녹변,0,명사,한자어
5,녹십자,0,명사,한자어
5,녹음,2,명사,한자어
5,녹조,2,명사,한자어
5,녹조류,0,명사,한자어
5,녹즙,0,명사,한자어
5,녹화,1,명사,한자어
5,녹회색,0,명사,한자어
5,논갈이,0,명사,고유어
5,논거,0,명사,한자어
5,논고,2,명사,한자어
5,논고,3,명사,한자어
5,논두렁길,0,명사,고유어
5,논리력,0,명사,한자어
5,논리학,1,명사,한자어
5,논박,0,명사,한자어
5,논벌,0,명사,고유어
5,논법,0,명사,한자어
5,논설위원,0,명사,한자어
5,논술,1,명사,한자어
5,논어,0,명사,한자어
5,논점,0,명사,한자어
5,논제,0,명사,한자어
5,논증,2,명사,한자어
5,논증하다,2,동사,혼종어
5,논지,2,명사,한자어
5,논평,0,명사,한자어
5,논평하다,0,동사,혼종어
5,놀,1,명사,고유어
5,놀람,0,명사,고유어
5,놀림,3,명사,고유어
5,놀부전,0,명사,혼종어
5,놀아나다,0,동사,고유어
5,놀이마당,0,명사,고유어
5,놋,0,명사,고유어
5,놋그릇,0,명사,고유어
5,놋수저,0,명사,고유어
5,놋숟가락,0,명사,고유어
5,놋화로,0,명사,혼종어
5,농,2,명사,한자어
5,농,4,명사,한자어
5,농,5,명사,한자어
5,농고,0,명사,한자어
5,농공,1,명사,한자어
5,농과,0,명사,한자어
5,농군,1,명사,한자어
5,농단,0,명사,한자어
5,농담,3,명사,한자어
5,농락,0,명사,한자어
5,농로,2,명사,한자어
5,농림부,0,명사,한자어
5,농립,0,명사,한자어
5,농부가,0,명사,한자어
5,농사법,0,명사,한자어
5,농사직설,0,명사,한자어
5,농산,0,명사,한자어
5,농산품,0,명사,한자어
5,농성,3,명사,한자어
5,농아,2,명사,한자어
5,농어,0,명사,고유어
5,농요,0,명사,한자어
5,농익다,0,동사,혼종어
5,농지세,0,명사,한자어
5,농축,2,명사,한자어
5,농축되다,0,동사,혼종어
5,농축산물,0,명사,한자어
5,농학,0,명사,한자어
5,농학자,0,명사,한자어
5,농한기,0,명사,한자어
5,농후하다,0,형용사,혼종어
5,높새바람,0,명사,고유어
5,높은음자리표,0,명사,혼종어
5,높직이,0,부사,고유어
5,높직하다,0,형용사,고유어
5,놓아기르다,0,동사,고유어
5,뇌관,0,명사,한자어
5,뇌까리다,0,동사,고유어
5,뇌다,3,동사,고유어
5,뇌막염,0,명사,한자어
5,뇌사,3,명사,한자어
5,뇌성,0,명사,한자어
5,뇌수,3,명사,한자어
5,뇌일혈,0,명사,한자어
5,뇌종양,0,명사,한자어
5,뇌진탕,0,명사,한자어
5,뇌출혈,0,명사,한자어
5,누각,2,명사,한자어
5,누계,1,명사,한자어
5,누드,0,명사,외래어
5,누드모델,0,명사,외래어
5,누락,0,명사,한자어
5,누레지다,0,동사,고유어
5,누룩,0,명사,고유어
5,누른빛,0,명사,고유어
5,누릇누릇,0,부사,고유어
5,누리꾼,0,명사,고유어
5,누리다,2,형용사,고유어
5,누린내,0,명사,고유어
5,누비,1,명사,고유어
5,누비옷,0,명사,고유어
5,누설,2,명사,한자어
5,누설하다,1,동사,혼종어
5,누수,4,명사,한자어
5,누에나방,0,명사,고유어
5,누이다,5,동사,고유어
5,누적,1,명사,한자어
5,누적되다,1,동사,혼종어
5,누진세,0,명사,한자어
5,누차,2,명사/부사,한자어
5,누출되다,0,동사,혼종어
5,누치,1,명사,고유어
5,눅다,0,동사/형용사,고유어
5,눅이다,0,동사,고유어
5,눈가림,0,명사,고유어
5,눈감다,0,동사,고유어
5,눈구멍,1,명사,고유어
5,눈깔,0,명사,고유어
5,눈꼬리,0,명사,고유어
5,눈꼴,0,명사,고유어
5,눈꼴시다,0,형용사,고유어
5,눈대중,0,명사,고유어
5,눈덩이,0,명사,고유어
5,눈독,0,명사,혼종어
5,눈두덩이,0,명사,고유어
5,눈물범벅,0,명사,고유어
5,눈물주머니,0,명사,고유어
5,눈바람,0,명사,고유어
5,눈서리,0,명사,고유어
5,눈속임,0,명사,고유어
5,눈썹연필,0,명사,혼종어
5,눈약,0,명사,혼종어
5,눈어림,0,명사,고유어
5,눈엣가시,0,명사,고유어
5,눈여기다,0,동사,고유어
5,눈요깃감,0,명사,혼종어
5,눈요깃거리,0,명사,혼종어
5,눈주름,0,명사,고유어
5,눈짐작,0,명사,혼종어
5,눈치껏,0,부사,고유어
5,눈치코치,0,명사,고유어
5,눈칫밥,0,명사,고유어
5,눈퉁이,0,명사,고유어
5,눋다,0,동사,고유어
5,눌변,0,명사,한자어
5,눌어붙다,0,동사,고유어
5,눌은밥,0,명사,고유어
5,뉘,1,명사,고유어
5,뉴런,0,명사,외래어
5,뉴욕,0,명사,외래어
5,뉴질랜드,0,명사,외래어
5,느글느글,0,부사,고유어
5,느글느글하다,0,동사/형용사,고유어
5,느긋하다,1,형용사,고유어
5,느껍다,0,형용사,고유어
5,느릅나무,0,명사,고유어
5,느직이,0,부사,고유어
5,느타리,0,명사,고유어
5,늑골,0,명사,한자어
5,늑막,0,명사,한자어
5,늑막염,0,명사,한자어
5,늑목,0,명사,한자어
5,늑장,1,명사,고유어
5,는개,0,명사,고유어
5,늘어세우다,0,동사,고유어
5,늘임봉,0,명사,혼종어
5,늘푸른나무,0,명사,고유어
5,늙수그레하다,0,형용사,고유어
5,늙은것,0,명사,고유어
5,늠름히,1,부사,혼종어
5,능,4,명사,한자어
5,능가,0,명사,한자어
5,능글거리다,0,동사,고유어
5,능글능글하다,0,형용사,고유어
5,능글맞다,0,형용사,고유어
5,능금,1,명사,고유어
5,능동성,0,명사,한자어
5,능동적,0,명사/관형사,한자어
5,능동태,0,명사,한자어
5,능란하다,2,형용사,혼종어
5,능멸,0,명사,한자어
5,능멸하다,0,동사,혼종어
5,능사,2,명사,한자어
5,능선,1,명사,한자어
5,능수능란하다,0,형용사,혼종어
5,능수버들,0,명사,고유어
5,능지처참,0,명사,한자어
5,능청맞다,0,형용사,고유어
5,능청스럽다,0,형용사,고유어
5,능통하다,2,형용사,혼종어
5,늦깎이,0,명사,고유어
5,늦더위,0,명사,고유어
5,늦되다,0,동사,고유어
5,늦둥이,0,명사,고유어
5,늦서리,0,명사,고유어
5,늦장,1,명사,고유어
5,늦장가,0,명사,고유어
5,늦장마,0,명사,고유어
5,늦추위,0,명사,고유어
5,늪가,0,명사,고유어
5,늴리리,0,부사,고유어
5,닁큼,0,부사,고유어
5,니글거리다,0,동사,고유어
5,니글니글,0,부사,고유어
5,니나노,0,명사/감탄사,고유어
5,니스,2,명사,외래어
5,니카라과,0,명사,외래어
5,니켈,0,명사,외래어
5,니퍼,0,명사,외래어
5,다각도로,0,부사,혼종어
5,다감하다,0,형용사,혼종어
5,다과,3,명사,한자어
5,다과,4,명사,한자어
5,다년간,0,명사/부사,한자어
5,다뉴세문경,0,명사,한자어
5,다단,1,명사,한자어
5,다달이,0,부사,고유어
5,다도,0,명사,한자어
5,다도해,2,명사,한자어
5,다독,2,명사,한자어
5,다득점,0,명사,한자어
5,다듬이,0,명사,고유어
5,다듬이질하다,0,동사,고유어
5,다듬잇돌,0,명사,고유어
5,다듬잇방망이,0,명사,고유어
5,다듬질,0,명사,고유어
5,다랑어,0,명사,고유어
5,다리밟기,0,명사,고유어
5,다리품,0,명사,고유어
5,다릿목,0,명사,고유어
5,다면체,0,명사,한자어
5,다문화,0,명사,한자어
5,다물리다,1,동사,고유어
5,다반사,0,명사,한자어
5,다변,2,명사,한자어
5,다변적,0,명사/관형사,한자어
5,다복솔,0,명사,고유어
5,다복하다,2,형용사,혼종어
5,다부지다,0,형용사,고유어
5,다북쑥,0,명사,고유어
5,다분히,0,부사,혼종어
5,다사롭다,1,형용사,고유어
5,다산,1,명사,한자어
5,다색,1,명사,한자어
5,다세포,0,명사,한자어
5,다소,1,명사/부사,한자어
5,다소곳하다,0,형용사,고유어
5,다수당,0,명사,한자어
5,다수확,0,명사,한자어
5,다스,1,의존 명사,외래어
5,다시없다,0,형용사,고유어
5,다식판,0,명사,한자어
5,다신교,0,명사,한자어
5,다양화되다,0,동사,혼종어
5,다이오드,0,명사,외래어
5,다작,0,명사,한자어
5,다장조,0,명사,혼종어
5,다재다능하다,0,형용사,혼종어
5,다정스레,0,부사,혼종어
5,다중,1,명사,한자어
5,다층,0,명사,한자어
5,다툼질,0,명사,고유어
5,다혈질,0,명사,한자어
5,다홍,0,명사,혼종어
5,다홍치마,0,명사,혼종어
5,닥종이,0,명사,고유어
5,닥지닥지,0,부사,고유어
5,닦달하다,0,동사,고유어
5,닦아세우다,0,동사,고유어
5,단,2,명사,고유어
5,단,17,명사,한자어
5,단가,2,명사,한자어
5,단검,0,명사,한자어
5,단결되다,0,동사,혼종어
5,단결심,0,명사,한자어
5,단과,4,명사,한자어
5,단군기원,0,명사,한자어
5,단기,10,명사,한자어
5,단김에,0,부사,고유어
5,단꿈,0,명사,고유어
5,단내,1,명사,고유어
5,단답형,0,명사,한자어
5,단도,2,명사,한자어
5,단도직입적,0,명사/관형사,한자어
5,단두대,0,명사,한자어
5,단락,1,명사,한자어
5,단막극,2,명사,한자어
5,단말기,0,명사,한자어
5,단명,4,명사,한자어
5,단명하다,2,형용사,혼종어
5,단문,3,명사,한자어
5,단물,1,명사,고유어
5,단발머리,0,명사,혼종어
5,단벌,0,명사,혼종어
5,단복,3,명사,한자어
5,단색,2,명사,한자어
5,단선,3,명사,한자어
5,단세포,0,명사,한자어
5,단소,4,명사,한자어
5,단수,2,명사,한자어
5,단수,4,명사,한자어
5,단수,9,명사,한자어
5,단순화,0,명사,한자어
5,단술,1,명사,고유어
5,단시일,0,명사,한자어
5,단식하다,0,동사,혼종어
5,단신,1,명사,한자어
5,단신,2,명사,한자어
5,단심,0,명사,한자어
5,단심가,0,명사,한자어
5,단언,1,명사,한자어
5,단역,0,명사,한자어
5,단열재,0,명사,한자어
5,단엽,0,명사,한자어
5,단오절,0,명사,한자어
5,단위계,0,명사,한자어
5,단음,2,명사,한자어
5,단일하다,0,형용사,혼종어
5,단일화,0,명사,한자어
5,단자,5,명사,한자어
5,단장,3,명사,한자어
5,단적,0,명사/관형사,한자어
5,단전,1,명사,한자어
5,단전,5,명사,한자어
5,단절,5,명사,한자어
5,단절하다,4,동사,혼종어
5,단정,8,명사,한자어
5,단정적,0,명사/관형사,한자어
5,단정코,0,부사,혼종어
5,단정학,0,명사,한자어
5,단조,4,명사,한자어
5,단지,1,명사,고유어
5,단체복,0,명사,한자어
5,단체적,0,명사/관형사,한자어
5,단축키,0,명사,혼종어
5,단층,1,명사,한자어
5,단층집,0,명사,혼종어
5,단칸,0,명사,혼종어
5,단타,2,명사,한자어
5,단판,1,명사/부사,혼종어
5,단편,1,명사,한자어
5,단편적,0,명사/관형사,한자어
5,단평,1,명사,한자어
5,단합되다,0,동사,혼종어
5,단합하다,0,동사,혼종어
5,단행,4,명사,한자어
5,단행본,0,명사,한자어
5,달각달각,0,부사,고유어
5,달갑다,0,형용사,고유어
5,달개비,0,명사,고유어
5,달걀덮밥,0,명사,고유어
5,달걀빛,0,명사,고유어
5,달걀지단,0,명사,혼종어
5,달구지,0,명사,고유어
5,달그림자,0,명사,고유어
5,달덩이,0,명사,고유어
5,달떡,0,명사,고유어
5,달랑,1,부사,고유어
5,달랑거리다,0,동사,고유어
5,달랑게,0,명사,고유어
5,달러,0,명사/의존 명사,외래어
5,달러화,0,명사,혼종어
5,달무리,0,명사,고유어
5,달변,2,명사,한자어
5,달변가,0,명사,한자어
5,달보드레하다,0,형용사,고유어
5,달싹달싹,0,부사,고유어
5,달싹이다,0,동사,고유어
5,달아매다,0,동사,고유어
5,달음,0,명사,고유어
5,달음질,0,명사,고유어
5,달이다,0,동사,고유어
5,달집,0,명사,고유어
5,달집태우기,0,명사,고유어
5,달착지근하다,0,형용사,고유어
5,달팽이관,0,명사,혼종어
5,달포,0,명사,고유어
5,달필,0,명사,한자어
5,닭곰,0,명사,고유어
5,닭곰탕,0,명사,혼종어
5,닭똥집,0,명사,고유어
5,닭볶음탕,0,명사,혼종어
5,닮음비,0,명사,혼종어
5,닳아빠지다,0,동사,고유어
5,담,7,명사,한자어
5,담,9,명사,한자어
5,담금질,0,명사,고유어
5,담낭,0,명사,한자어
5,담담하다,1,형용사,혼종어
5,담뱃재,0,명사,고유어
5,담보,2,명사,한자어
5,담뿍,0,부사,고유어
5,담색,0,명사,한자어
5,담소,2,명사,한자어
5,담소하다,1,형용사,혼종어
5,담소하다,2,동사,혼종어
5,담수,1,명사,한자어
5,담수어,0,명사,한자어
5,담수호,0,명사,한자어
5,담수화,0,명사,한자어
5,담양,0,명사,한자어
5,담쟁이넝쿨,0,명사,고유어
5,담즙,0,명사,한자어
5,담채,1,명사,한자어
5,담채화,0,명사,한자어
5,담판,0,명사,한자어
5,담합,0,명사,한자어
5,담황색,0,명사,한자어
5,답글,0,명사,혼종어
5,답사,3,명사,한자어
5,답사하다,1,동사,혼종어
5,답사하다,3,동사,혼종어
5,답습,0,명사,한자어
5,답습하다,0,동사,혼종어
5,답신,2,명사,한자어
5,답지,1,명사,한자어
5,당,4,명사,한자어
5,당,11,명사,한자어
5,당간,2,명사,한자어
5,당고모,0,명사,한자어
5,당국,2,명사,한자어
5,당굿,0,명사,혼종어
5,당권,2,명사,한자어
5,당귀,0,명사,한자어
5,당김음,0,명사,혼종어
5,당년,0,명사,한자어
5,당대,2,명사,한자어
5,당도,4,명사,한자어
5,당돌히,0,부사,혼종어
5,당락,0,명사,한자어
5,당류,2,명사,한자어
5,당리당략,0,명사,한자어
5,당면,2,명사,한자어
5,당면하다,1,동사,혼종어
5,당백전,0,명사,한자어
5,당산,2,명사,한자어
5,당산나무,0,명사,혼종어
5,당선하다,2,동사,혼종어
5,당수,4,명사,한자어
5,당숙,0,명사,한자어
5,당숙모,0,명사,한자어
5,당연시하다,0,동사,혼종어
5,당연지사,0,명사,한자어
5,당원,2,명사,한자어
5,당의,1,명사,한자어
5,당일치기,0,명사,혼종어
5,당쟁,0,명사,한자어
5,당좌,1,명사,한자어
5,당직,2,명사,한자어
5,당질,2,명사,한자어
5,당차다,0,형용사,고유어
5,당착,0,명사,한자어
5,당찮다,0,형용사,혼종어
5,당초,3,명사,한자어
5,당초무늬,0,명사,혼종어
5,당최,0,부사,고유어
5,당파,2,명사,한자어
5,당혜,0,명사,한자어
5,닻줄,0,명사,고유어
5,닿소리,0,명사,고유어
5,대,2,명사,고유어
5,대,3,관형사,고유어
5,대,7,명사/의존 명사,한자어
5,대,12,명사/의존 명사,한자어
5,대갓집,0,명사,혼종어
5,대강이,0,명사,고유어
5,대검찰청,0,명사,한자어
5,대결하다,1,동사,혼종어
5,대경실색,0,명사,한자어
5,대계,4,명사,한자어
5,대공,4,명사,한자어
5,대공,6,명사,한자어
5,대공,10,명사,한자어
5,대관,1,명사,한자어
5,대관령,0,명사,한자어
5,대관절,0,부사,한자어
5,대광주리,0,명사,고유어
5,대구포,0,명사,한자어
5,대국,5,명사,한자어
5,대권,3,명사,한자어
5,대그릇,0,명사,고유어
5,대기만성,0,명사,한자어
5,대기하다,1,동사,혼종어
5,대꼬챙이,0,명사,고유어
5,대남,1,명사,한자어
5,대님,0,명사,고유어
5,대단원,1,명사,한자어
5,대단원,2,명사,한자어
5,대단위,0,명사,한자어
5,대담하다,2,동사,혼종어
5,대대장,0,명사,한자어
5,대도시권,0,명사,한자어
5,대도호부,0,명사,한자어
5,대독,4,명사,한자어
5,대동,2,명사,한자어
5,대동강,2,명사,한자어
5,대동맥,0,명사,한자어
5,대동법,0,명사,한자어
5,대동소이하다,0,형용사,혼종어
5,대두되다,0,동사,혼종어
5,대두하다,2,동사,혼종어
5,대들보,0,명사,혼종어
5,대등,4,명사,한자어
5,대련하다,0,동사,혼종어
5,대령,5,명사,한자어
5,대례복,0,명사,한자어
5,대류,0,명사,한자어
5,대륙붕,0,명사,한자어
5,대리암,0,명사,한자어
5,대리자,0,명사,한자어
5,대리하다,1,동사,혼종어
5,대립적,0,명사/관형사,한자어
5,대마,2,명사,한자어
5,대마도,2,명사,한자어
5,대만,2,명사,한자어
5,대만원,0,명사,한자어
5,대망,5,명사,한자어
5,대면,3,명사,한자어
5,대면하다,0,동사,혼종어
5,대명,1,명사,한자어
5,대명천지,0,명사,한자어
5,대모,3,명사,한자어
5,대못,2,명사,혼종어
5,대문간,0,명사,한자어
5,대물리다,0,동사,혼종어
5,대물림,0,명사,혼종어
5,대미,3,명사,한자어
5,대미,4,명사,한자어
5,대바늘,0,명사,고유어
5,대발,1,명사,고유어
5,대밭,0,명사,고유어
5,대법원장,0,명사,한자어
5,대병,1,명사,한자어
5,대부,2,명사,한자어
5,대부금,0,명사,한자어
5,대부대,0,명사,한자어
5,대분수,0,명사,한자어
5,대비,5,명사,한자어
5,대빵,0,부사,고유어
5,대사,3,명사,한자어
5,대사간,0,명사,한자어
5,대상,10,명사,한자어
5,대서,5,명사,한자어
5,대서양,0,명사,한자어
5,대서특필,0,명사,한자어
5,대성,1,명사,한자어
5,대성전,1,명사,한자어
5,대성통곡,0,명사,한자어
5,대성하다,1,동사,혼종어
5,대소,2,명사,한자어
5,대소사,0,명사,한자어
5,대소하다,1,동사,혼종어
5,대속하다,0,동사,혼종어
5,대수,14,명사,한자어
5,대수학,0,명사,한자어
5,대숲,0,명사,고유어
5,대승,2,명사,한자어
5,대승,3,명사,한자어
5,대식가,0,명사,한자어
5,대어,1,명사,한자어
5,대업,0,명사,한자어
5,대여료,0,명사,한자어
5,대역,5,명사,한자어
5,대연회,0,명사,한자어
5,대오리,0,명사,고유어
5,대외,0,명사,한자어
5,대용량,0,명사,한자어
5,대용품,0,명사,한자어
5,대웅전,0,명사,한자어
5,대음순,0,명사,한자어
5,대응각,0,명사,한자어
5,대응변,0,명사,한자어
5,대응점,0,명사,한자어
5,대의,3,명사,한자어
5,대의명분,0,명사,한자어
5,대의원,0,명사,한자어
5,대인,5,명사,한자어
5,대인기,0,명사,한자어
5,대일,2,명사,한자어
5,대입,1,품사 없음,한자어
5,대자,2,명사,한자어
5,대작,1,명사,한자어
5,대장,13,명사,한자어
5,대장군,0,명사,한자어
5,대저,2,부사,한자어
5,대저울,0,명사,고유어
5,대적,4,명사,한자어
5,대적하다,0,동사,혼종어
5,대전제,0,명사,한자어
5,대절,4,명사,한자어
5,대제학,0,명사,한자어
5,대조적,0,명사/관형사,한자어
5,대조전,0,명사,한자어
5,대좌,2,명사,한자어
5,대좌하다,1,동사,혼종어
5,대주,2,명사,한자어
5,대주교,0,명사,한자어
5,대중,1,명사,고유어
5,대중,3,명사,한자어
5,대중가요,0,명사,한자어
5,대중오락,0,명사,한자어
5,대중음식점,0,명사,한자어
5,대중화,0,명사,한자어
5,대질,0,명사,한자어
5,대짜,0,명사,혼종어
5,대차,8,명사,한자어
5,대차다,0,형용사,고유어
5,대창,2,명사,혼종어
5,대천,1,명사,한자어
5,대청,3,명사,한자어
5,대청마루,0,명사,혼종어
5,대청봉,0,명사,한자어
5,대추야자,0,명사,혼종어
5,대출금,0,명사,한자어
5,대취타,0,명사,한자어
5,대치,3,명사,한자어
5,대치,4,명사,한자어
5,대칭축,0,명사,한자어
5,대타,0,명사,한자어
5,대통령령,0,명사,한자어
5,대통령제,0,명사,한자어
5,대파,3,명사,한자어
5,대파하다,1,동사,혼종어
5,대패,1,명사,고유어
5,대패,3,명사,한자어
5,대패하다,0,동사,혼종어
5,대폭격,0,명사,한자어
5,대풍,3,명사,한자어
5,대풍년,0,명사,한자어
5,대풍류,0,명사,혼종어
5,대하,6,명사,한자어
5,대하드라마,0,명사,혼종어
5,대하소설,0,명사,한자어
5,대학,2,명사,한자어
5,대학살,0,명사,한자어
5,대학원생,0,명사,한자어
5,대한,5,명사,한자어
5,대합,0,명사,한자어
5,대해,2,명사,한자어
5,대행,5,명사,한자어
5,대행진,0,명사,한자어
5,대형,5,명사,한자어
5,대형화,0,명사,한자어
5,대형화하다,0,동사,혼종어
5,대호,5,명사,한자어
5,대화문,0,명사,한자어
5,대화방,0,명사,한자어
5,대화자,0,명사,한자어
5,대화체,0,명사,한자어
5,대환영,0,명사,한자어
5,댑싸리,0,명사,고유어
5,댓돌,0,명사,혼종어
5,댓속,0,명사,고유어
5,댓잎,0,명사,고유어
5,댕강,2,부사,고유어
5,더더군다나,0,부사,고유어
5,더덕더덕,0,부사,고유어
5,더디,0,부사,고유어
5,더럭,0,부사,고유어
5,더벅머리,1,명사,고유어
5,더부살이,0,명사,고유어
5,더불다,0,동사,고유어
5,더없다,0,형용사,고유어
5,더욱더욱,0,부사,고유어
5,덕망,0,명사,한자어
5,덕석,0,명사,고유어
5,덕성,1,명사,한자어
5,덕장,0,명사,고유어
5,덕행,0,명사,한자어
5,덜렁,2,부사,고유어
5,덜미,1,명사,고유어
5,덜커덩덜커덩,0,부사,고유어
5,덜컥,2,부사,고유어
5,덤덤하다,0,형용사,고유어
5,덤벙덤벙,1,부사,고유어
5,덤터기,0,명사,고유어
5,덤핑,0,명사,외래어
5,덥히다,0,동사,고유어
5,덧문,0,명사,혼종어
5,덧보태다,0,동사,고유어
5,덧붙다,0,동사,고유어
5,덧세우다,0,동사,고유어
5,덧씌우다,0,동사,고유어
5,덧없이,0,부사,고유어
5,덧입다,0,동사,고유어
5,덧저고리,0,명사,고유어
5,덧칠,0,명사,혼종어
5,덩,2,명사,고유어
5,덩굴손,0,명사,고유어
5,덩굴풀,0,명사,고유어
5,덩그러니,0,부사,고유어
5,덩어리지다,0,동사,고유어
5,덩이뿌리,0,명사,고유어
5,덩이지다,0,동사,고유어
5,덮쳐들다,0,동사,고유어
5,데릴사위,0,명사,고유어
5,데면데면하다,0,형용사,고유어
5,데모,0,명사,외래어
5,데뷔하다,0,동사,혼종어
5,데생,0,명사,외래어
5,데이지,0,명사,외래어
5,데칼코마니,0,명사,외래어
5,덴마크,0,명사,외래어
5,뎅,0,부사,고유어
5,뎅그렁,0,부사,고유어
5,도가,6,명사,한자어
5,도강하다,1,동사,혼종어
5,도계,3,명사,한자어
5,도공,2,명사,한자어
5,도굴꾼,0,명사,혼종어
5,도굴범,0,명사,한자어
5,도금,2,명사,한자어
5,도깨비불,0,명사,고유어
5,도끼날,0,명사,고유어
5,도끼눈,0,명사,고유어
5,도낏자루,0,명사,고유어
5,도난,1,명사,한자어
5,도내,0,명사,한자어
5,도닥거리다,0,동사,고유어
5,도덕관,2,명사,한자어
5,도덕군자,0,명사,한자어
5,도덕규범,0,명사,한자어
5,도덕성,0,명사,한자어
5,도덕심,0,명사,한자어
5,도덕의식,0,명사,한자어
5,도덕적,0,명사/관형사,한자어
5,도도하다,1,형용사,고유어
5,도돌이표,0,명사,혼종어
5,도드라지다,0,동사/형용사,고유어
5,도떼기시장,0,명사,혼종어
5,도란거리다,0,동사,고유어
5,도래,4,명사,한자어
5,도래,5,명사,한자어
5,도래솔,0,명사,고유어
5,도래지,0,명사,한자어
5,도량,1,명사,한자어
5,도량형기,0,명사,한자어
5,도레미,0,명사,외래어
5,도레미파,0,명사,외래어
5,도려내다,0,동사,고유어
5,도로포장,0,명사,한자어
5,도롱뇽,0,명사,고유어
5,도롱이,0,명사,고유어
5,도료,0,명사,한자어
5,도루,0,명사,한자어
5,도루묵,0,명사,고유어
5,도르르,1,부사,고유어
5,도르르,2,부사,고유어
5,도리깨,0,명사,고유어
5,도리깨질,0,명사,고유어
5,도리다,0,동사,고유어
5,도리질하다,0,동사,고유어
5,도립,2,명사,한자어
5,도마질,0,명사,고유어
5,도막,1,명사,고유어
5,도매,1,명사,한자어
5,도매가,0,명사,한자어
5,도메인,0,명사,외래어
5,도면,3,명사,한자어
5,도모,5,명사,한자어
5,도미,4,명사,한자어
5,도미찜,0,명사,고유어
5,도민,1,명사,한자어
5,도박,2,명사,한자어
5,도박사,0,명사,한자어
5,도박하다,2,동사,혼종어
5,도발,0,명사,한자어
5,도배장이,0,명사,혼종어
5,도벽,2,명사,한자어
5,도봉산,0,명사,한자어
5,도부꾼,0,명사,혼종어
5,도사리다,0,동사,고유어
5,도산,3,명사,한자어
5,도살,1,명사,한자어
5,도살장,0,명사,한자어
5,도살하다,1,동사,혼종어
5,도상,4,명사,한자어
5,도서명,0,명사,한자어
5,도선,10,명사,한자어
5,도수,2,명사,한자어
5,도스,2,명사,외래어
5,도시민,0,명사,한자어
5,도심지,0,명사,한자어
5,도안하다,0,동사,혼종어
5,도야,0,명사,한자어
5,도야하다,0,동사,혼종어
5,도외시하다,0,동사,혼종어
5,도용하다,0,동사,혼종어
5,도읍하다,0,동사,혼종어
5,도의,2,명사,한자어
5,도입부,0,명사,한자어
5,도장,12,명사,한자어
5,도정,5,명사,한자어
5,도정,8,명사,한자어
5,도주하다,0,동사,혼종어
5,도중하차,0,명사,한자어
5,도처,0,명사,한자어
5,도청,6,명사,한자어
5,도청기,0,명사,한자어
5,도청하다,3,동사,혼종어
5,도체,4,명사,한자어
5,도축,1,명사,한자어
5,도출,2,명사,한자어
5,도취,2,명사,한자어
5,도취되다,0,동사,혼종어
5,도취하다,2,동사,혼종어
5,도치,3,명사,한자어
5,도치되다,0,동사,혼종어
5,도탄,0,명사,한자어
5,도탑다,0,형용사,고유어
5,도태,1,명사,한자어
5,도포,3,명사,한자어
5,도피,2,명사,한자어
5,도피하다,1,동사,혼종어
5,도핑,0,명사,외래어
5,도하,2,명사,한자어
5,도학,2,명사,한자어
5,도합,0,명사,한자어
5,도해,2,명사,한자어
5,도화색,0,명사,한자어
5,도화서,0,명사,한자어
5,도화선,3,명사,한자어
5,도회,1,명사,한자어
5,도회지,0,명사,한자어
5,독과점,0,명사,한자어
5,독기,0,명사,한자어
5,독단,0,명사,한자어
5,독단적,0,명사/관형사,한자어
5,독립성,0,명사,한자어
5,독립신문,1,명사,한자어
5,독립어,0,명사,한자어
5,독무대,0,명사,한자어
5,독물,3,명사,한자어
5,독방,0,명사,한자어
5,독백체,0,명사,한자어
5,독벌레,0,명사,혼종어
5,독본,0,명사,한자어
5,독불장군,0,명사,한자어
5,독사진,0,명사,한자어
5,독살,1,명사,한자어
5,독상,1,명사,한자어
5,독서삼매,0,명사,한자어
5,독서회,0,명사,한자어
5,독선,3,명사,한자어
5,독선적,0,명사/관형사,한자어
5,독설,0,명사,한자어
5,독수리자리,0,명사,혼종어
5,독신녀,0,명사,한자어
5,독신자,1,명사,한자어
5,독실하다,0,형용사,혼종어
5,독야청청하다,0,형용사,혼종어
5,독어,4,명사,한자어
5,독자,2,명사,한자어
5,독자적,0,명사/관형사,한자어
5,독재적,0,명사/관형사,한자어
5,독전하다,1,동사,혼종어
5,독점하다,0,동사,혼종어
5,독종,2,명사,한자어
5,독주,1,명사,한자어
5,독주곡,0,명사,한자어
5,독주하다,1,동사,혼종어
5,독주하다,2,동사,혼종어
5,독주회,0,명사,한자어
5,독지가,0,명사,한자어
5,독창곡,0,명사,한자어
5,독창력,0,명사,한자어
5,독촉하다,0,동사,혼종어
5,독충,1,명사,한자어
5,독파,0,명사,한자어
5,독학,3,명사,한자어
5,독해,3,명사,한자어
5,돈놀이,0,명사,고유어
5,돈방석,0,명사,혼종어
5,돈육,0,명사,한자어
5,돈의문,0,명사,한자어
5,돋보기안경,0,명사,혼종어
5,돋을새김,0,명사,고유어
5,돌격,0,명사,한자어
5,돌격대,0,명사,한자어
5,돌격전,0,명사,한자어
5,돌격하다,0,동사,혼종어
5,돌나물,0,명사,고유어
5,돌려세우다,0,동사,고유어
5,돌려쓰다,0,동사,고유어
5,돌머리,0,명사,고유어
5,돌무더기,0,명사,고유어
5,돌무지,0,명사,고유어
5,돌무지무덤,0,명사,고유어
5,돌발,2,명사,한자어
5,돌발하다,0,동사,혼종어
5,돌변,0,명사,한자어
5,돌소금,0,명사,고유어
5,돌솥,0,명사,고유어
5,돌아들다,0,동사,고유어
5,돌연,2,부사,한자어
5,돌연사,0,명사,한자어
5,돌연하다,0,형용사,혼종어
5,돌절구,0,명사,고유어
5,돌쩌귀,2,명사,고유어
5,돌출,0,명사,한자어
5,돌층계,0,명사,혼종어
5,돌팔매,0,명사,고유어
5,돔,2,명사,외래어
5,돗바늘,0,명사,고유어
5,동,17,명사,한자어
5,동강이,0,명사,고유어
5,동거하다,0,동사,혼종어
5,동검,0,명사,한자어
5,동격,0,명사,한자어
5,동결,0,명사,한자어
5,동결되다,0,동사,혼종어
5,동경,4,명사,한자어
5,동고동락,0,명사,한자어
5,동공,5,명사,한자어
5,동구,2,명사,한자어
5,동구,3,명사,한자어
5,동국여지승람,0,명사,한자어
5,동국정운,0,명사,한자어
5,동국지도,0,명사,한자어
5,동국통감,0,명사,한자어
5,동궁,3,명사,한자어
5,동글납작하다,0,형용사,고유어
5,동글다,0,형용사/동사,고유어
5,동급,0,명사,한자어
5,동기,3,명사,한자어
5,동기간,0,명사,한자어
5,동기생,0,명사,한자어
5,동나다,0,동사,고유어
5,동남아,0,명사,한자어
5,동남아시아,0,명사,혼종어
5,동냥젖,0,명사,고유어
5,동년배,0,명사,한자어
5,동독,1,명사,한자어
5,동동주,0,명사,혼종어
5,동등,2,명사,한자어
5,동란,2,명사,한자어
5,동래,0,명사,한자어
5,동력기,0,명사,한자어
5,동력원,0,명사,한자어
5,동류,2,명사,한자어
5,동률,1,명사,한자어
5,동명,1,명사,한자어
5,동명,5,명사,한자어
5,동명이인,0,명사,한자어
5,동모산,0,명사,한자어
5,동몽선습,0,명사,한자어
5,동문,2,명사,한자어
5,동문서답,0,명사,한자어
5,동문회,0,명사,한자어
5,동물도감,0,명사,한자어
5,동물학,0,명사,한자어
5,동민,0,명사,한자어
5,동박새,0,명사,고유어
5,동반,1,명사,한자어
5,동반하다,0,동사,혼종어
5,동병상련,0,명사,한자어
5,동복,1,명사,한자어
5,동봉,1,명사,한자어
5,동봉하다,0,동사,혼종어
5,동부여,0,명사,한자어
5,동분서주,0,명사,한자어
5,동분서주하다,0,동사,혼종어
5,동산,4,명사,한자어
5,동상이몽,0,명사,한자어
5,동서고금,0,명사,한자어
5,동석,1,명사,한자어
5,동석하다,0,동사,혼종어
5,동성,2,명사,한자어
5,동성애,0,명사,한자어
5,동성애자,0,명사,한자어
5,동성연애,0,명사,한자어
5,동성연애자,0,명사,한자어
5,동승,1,명사,한자어
5,동시대,0,명사,한자어
5,동시대인,0,명사,한자어
5,동심,2,명사,한자어
5,동심결,0,명사,한자어
5,동아시아,0,명사,혼종어
5,동양란,0,명사,한자어
5,동양적,0,명사/관형사,한자어
5,동양화가,0,명사,한자어
5,동업,0,명사,한자어
5,동업하다,0,동사,혼종어
5,동예,0,명사,한자어
5,동요,1,명사,한자어
5,동유럽,0,명사,혼종어
5,동음,1,명사,한자어
5,동음어,0,명사,한자어
5,동의보감,0,명사,한자어
5,동의어,0,명사,한자어
5,동이,1,명사,고유어
5,동이,3,명사,한자어
5,동이다,0,동사,고유어
5,동인,1,명사,한자어
5,동일시,0,명사,한자어
5,동일인,0,명사,한자어
5,동자승,0,명사,한자어
5,동적,1,명사/관형사,한자어
5,동절기,0,명사,한자어
5,동점자,0,명사,한자어
5,동정,1,명사,고유어
5,동정,10,명사,한자어
5,동정녀,0,명사,한자어
5,동조,3,명사,한자어
5,동조자,0,명사,한자어
5,동종,2,명사,한자어
5,동종,3,명사,한자어
5,동지애,0,명사,한자어
5,동질성,0,명사,한자어
5,동질화,0,명사,한자어
5,동짓달,0,명사,혼종어
5,동창,3,명사,한자어
5,동채싸움,0,명사,고유어
5,동천,2,명사,한자어
5,동체,2,명사,한자어
5,동충하초,0,명사,한자어
5,동침하다,0,동사,혼종어
5,동태,4,명사,한자어
5,동트다,0,동사,혼종어
5,동티,0,명사,고유어
5,동티모르,0,명사,혼종어
5,동파,4,명사,한자어
5,동판,2,명사,한자어
5,동판화,0,명사,한자어
5,동향,2,명사,한자어
5,동향,3,명사,한자어
5,동향,4,명사,한자어
5,동향하다,0,동사,혼종어
5,동헌,0,명사,한자어
5,동화,1,명사,한자어
5,동화되다,0,동사,혼종어
5,동회,2,명사,한자어
5,돼먹다,0,동사,고유어
5,돼지가죽,0,명사,고유어
5,돼지감자,0,명사,고유어
5,돼지국밥,0,명사,고유어
5,되가지다,0,동사,고유어
5,되감다,0,동사,고유어
5,되다,4,형용사,고유어
5,되레,0,부사,고유어
5,되먹임,0,명사,고유어
5,되바라지다,0,동사,고유어
5,되살다,0,동사,고유어
5,되새김질,0,명사,고유어
5,되씹다,0,동사,고유어
5,되울리다,0,동사,고유어
5,되지못하다,0,형용사,고유어
5,되직하다,0,형용사,고유어
5,된바람,0,명사,고유어
5,된밥,0,명사,고유어
5,된서리,0,명사,고유어
5,될성부르다,0,형용사,고유어
5,두각,0,명사,한자어
5,두개,0,명사,한자어
5,두꺼비집,0,명사,고유어
5,두둑,1,명사,고유어
5,두둔,0,명사,한자어
5,두런거리다,0,동사,고유어
5,두런두런,0,부사,고유어
5,두렁,0,명사,고유어
5,두레,3,명사,고유어
5,두령,0,명사,한자어
5,두름,0,명사/의존 명사,고유어
5,두리뭉실하다,0,형용사,고유어
5,두만강,0,명사,한자어
5,두말,1,명사,고유어
5,두말없이,0,부사,고유어
5,두메산골,0,명사,혼종어
5,두문불출,0,명사,한자어
5,두부전골,0,명사,혼종어
5,두붓국,0,명사,혼종어
5,두서,2,명사,한자어
5,두서없이,0,부사,혼종어
5,두엄,0,명사,고유어
5,두절,2,명사,한자어
5,두터이,0,부사,고유어
5,두툼히,0,부사,고유어
5,두피,2,명사,한자어
5,두해살이풀,0,명사,고유어
5,둔감하다,0,형용사,혼종어
5,둔갑,0,명사,한자어
5,둔덕,0,명사,고유어
5,둔재,0,명사,한자어
5,둔탁하다,0,형용사,혼종어
5,둘러놓다,0,동사,고유어
5,둘러쓰다,0,동사,고유어
5,둘러치다,2,동사,고유어
5,둘째가다,0,동사,고유어
5,둥,4,의존 명사,고유어
5,둥,5,부사,고유어
5,둥개다,0,동사,고유어
5,둥그레지다,0,동사,고유어
5,둥근달,0,명사,고유어
5,둥우리,0,명사,고유어
5,둥치,0,명사,고유어
5,뒈지다,0,동사,고유어
5,뒤꼍,0,명사,고유어
5,뒤꽂이,0,명사,고유어
5,뒤끝,0,명사,고유어
5,뒤룩뒤룩,2,부사,고유어
5,뒤범벅,0,명사,고유어
5,뒤범벅되다,0,동사,고유어
5,뒤서다,0,동사,고유어
5,뒤숭숭하다,0,형용사,고유어
5,뒤얽히다,0,동사,고유어
5,뒤엎다,0,동사,고유어
5,뒤적뒤적,0,부사,고유어
5,뒤집기,0,명사,고유어
5,뒤집어엎다,0,동사,고유어
5,뒤치다,0,동사,고유어
5,뒤탈,0,명사,혼종어
5,뒤트임,0,명사,고유어
5,뒤표지,0,명사,혼종어
5,뒤풀이,2,명사,고유어
5,뒷거래,0,명사,혼종어
5,뒷거래되다,0,동사,혼종어
5,뒷걸음치다,0,동사,고유어
5,뒷골,0,명사,고유어
5,뒷구멍,0,명사,고유어
5,뒷굽,0,명사,고유어
5,뒷길,1,명사,고유어
5,뒷돈,0,명사,고유어
5,뒷맛,0,명사,고유어
5,뒷모양,0,명사,혼종어
5,뒷바라지하다,0,동사,고유어
5,뒷방,0,명사,혼종어
5,뒷소리,0,명사,고유어
5,뒷소문,0,명사,혼종어
5,뒷일,1,명사,고유어
5,뒷조사,0,명사,혼종어
5,뒷지느러미,0,명사,고유어
5,듀엣,0,명사,외래어
5,드날리다,2,동사,고유어
5,드라이아이스,0,명사,외래어
5,드라이클리닝,0,명사,외래어
5,드라이하다,0,동사,혼종어
5,드라큘라,0,명사,외래어
5,드래그,0,명사,외래어
5,드럼통,0,명사,혼종어
5,드롭,0,명사,외래어
5,드롭스,0,명사,외래어
5,드르렁,0,부사,고유어
5,드르렁거리다,0,동사,고유어
5,드르르,1,부사,고유어
5,드르릉,0,부사,고유어
5,드르릉드르릉,0,부사,고유어
5,드리블,0,명사,외래어
5,드리우다,0,동사,고유어
5,드리워지다,0,동사,고유어
5,드새다,0,동사,고유어
5,드세다,0,형용사,고유어
5,득,3,명사,한자어
5,득남,0,명사,한자어
5,득남하다,0,동사,혼종어
5,득달같이,0,부사,고유어
5,득실거리다,0,동사,고유어
5,득실득실,0,부사,고유어
5,득음,0,명사,한자어
5,득점하다,0,동사,혼종어
5,들개,0,명사,고유어
5,들고나다,0,동사,고유어
5,들날리다,0,동사,고유어
5,들놀이,0,명사,고유어
5,들머리,1,명사,고유어
5,들먹거리다,0,동사,고유어
5,들배지기,0,명사,고유어
5,들볶다,0,동사,고유어
5,들숨,0,명사,고유어
5,들썩하다,1,동사/형용사,고유어
5,들쑤시다,0,동사,고유어
5,들어붓다,0,동사,고유어
5,들여쓰기,0,명사,고유어
5,들이,1,명사,고유어
5,들이박다,2,동사,고유어
5,들일,0,명사,고유어
5,들입다,0,부사,고유어
5,들쭉날쭉,0,부사,고유어
5,들쭉술,0,명사,고유어
5,들창,0,명사,혼종어
5,들창문,0,명사,혼종어
5,들창코,0,명사,혼종어
5,들추어내다,0,동사,고유어
5,들치다,0,동사,고유어
5,듬뿍듬뿍,0,부사,고유어
5,등거리,2,명사,한자어
5,등걸,0,명사,고유어
5,등골뼈,0,명사,고유어
5,등극,0,명사,한자어
5,등꽃,0,명사,혼종어
5,등단,0,명사,한자어
5,등단하다,0,동사,혼종어
5,등대,4,명사,한자어
5,등덜미,0,명사,고유어
5,등등하다,0,형용사,혼종어
5,등목,0,명사,고유어
5,등반,1,명사,한자어
5,등반대,0,명사,한자어
5,등본,0,명사,한자어
5,등분되다,0,동사,혼종어
5,등사판,0,명사,한자어
5,등산길,0,명사,혼종어
5,등산대,0,명사,한자어
5,등산모,0,명사,한자어
5,등성이,1,명사,고유어
5,등신,2,명사,한자어
5,등심,1,명사,고유어
5,등심,2,명사,한자어
5,등쌀,0,명사,고유어
5,등에,0,명사,고유어
5,등용,1,명사,한자어
5,등용되다,0,동사,혼종어
5,등용문,0,명사,한자어
5,등용하다,1,동사,혼종어
5,등유,0,명사,한자어
5,등재,2,명사,한자어
5,등정,1,명사,한자어
5,등짐,0,명사,고유어
5,등차,2,명사,한자어
5,등판,2,명사,한자어
5,등한시하다,0,동사,혼종어
5,등한하다,0,형용사,혼종어
5,등한히,0,부사,혼종어
5,등화,2,명사,한자어
5,디데이,0,명사,외래어
5,디딜방아,0,명사,고유어
5,디브이디,0,명사,외래어
5,디스켓,0,명사,외래어
5,디스플레이,0,명사,외래어
5,디테일,0,명사,외래어
5,디프테리아,0,명사,외래어
5,따끔히,0,부사,고유어
5,따내다,0,동사,고유어
5,따닥따닥,0,부사,고유어
5,따라붙다,0,동사,고유어
5,따로국밥,0,명사,고유어
5,따비,0,명사,고유어
5,따오기,0,명사,고유어
5,따옥따옥,0,부사,고유어
5,딱딱,2,부사,고유어
5,딱딱거리다,1,동사,고유어
5,딱지치기하다,0,동사,혼종어
5,딱총,0,명사,혼종어
5,딴말,1,명사,고유어
5,딴사람,0,명사,고유어
5,딴청,0,명사,고유어
5,딸각,0,부사,고유어
5,딸그락거리다,0,동사,고유어
5,딸그락딸그락,0,부사,고유어
5,딸기코,0,명사,고유어
5,딸딸,0,부사,고유어
5,딸딸이,0,명사,고유어
5,딸랑,2,부사,고유어
5,땀,2,명사,고유어
5,땀내,0,명사,고유어
5,땀띠,0,명사,고유어
5,땀수건,0,명사,혼종어
5,땀투성이,0,명사,고유어
5,땅,2,부사,고유어
5,땅강아지,0,명사,고유어
5,땅거미,1,명사,고유어
5,땅기다,1,동사,고유어
5,땅꼬마,0,명사,고유어
5,땅꾼,1,명사,고유어
5,땅딸보,0,명사,고유어
5,땅문서,0,명사,혼종어
5,땅벌,0,명사,고유어
5,땅볼,2,명사,혼종어
5,땅뺏기,0,명사,고유어
5,땅속줄기,0,명사,고유어
5,때까치,0,명사,고유어
5,때깔,0,명사,고유어
5,때늦다,0,형용사,고유어
5,때려눕히다,0,동사,고유어
5,때려치우다,0,동사,고유어
5,때매김,0,명사,고유어
5,때죽나무,0,명사,고유어
5,땍땍거리다,0,동사,고유어
5,땔거리,0,명사,고유어
5,땜장이,0,명사,고유어
5,땜질,0,명사,고유어
5,땟덩이,0,명사,고유어
5,땟자국,0,명사,고유어
5,땡감,0,명사,고유어
5,땡땡,1,부사,고유어
5,땡땡이치다,0,동사,고유어
5,떠꺼머리,0,명사,고유어
5,떠꺼머리총각,0,명사,혼종어
5,떠다밀다,0,동사,고유어
5,떠돌이별,0,명사,고유어
5,떠듬떠듬,0,부사,고유어
5,떠메다,0,동사,고유어
5,떠받다,1,동사,고유어
5,떠버리,0,명사,고유어
5,떠보다,0,동사,고유어
5,떠오다,0,동사,고유어
5,떡고물,0,명사,고유어
5,떡밥,0,명사,고유어
5,떡살,0,명사,고유어
5,떨기나무,0,명사,고유어
5,떨떠름하다,0,형용사,고유어
5,떨림판,0,명사,혼종어
5,떨이,1,명사,고유어
5,떨켜,0,명사,고유어
5,떫은맛,0,명사,고유어
5,떵떵거리다,1,동사,고유어
5,떼강도,0,명사,혼종어
5,떼거리,1,명사,고유어
5,떼구루루,0,부사,고유어
5,떼밀다,0,동사,고유어
5,떼어먹다,0,동사,고유어
5,떼쟁이,0,명사,고유어
5,떽떽거리다,0,동사,고유어
5,뗀석기,0,명사,혼종어
5,뗑,0,부사,고유어
5,또박또박,2,부사,고유어
5,또박또박하다,1,형용사,고유어
5,똑,2,부사,고유어
5,똥값,0,명사,고유어
5,똥똥하다,0,형용사,고유어
5,똥싸개,0,명사,고유어
5,똬리,0,명사,고유어
5,뙈기,1,명사,고유어
5,뚜쟁이,0,명사,고유어
5,뚝심,0,명사,고유어
5,뚱기다,0,동사,고유어
5,뛰다,3,동사,고유어
5,뛰어가기,0,명사,고유어
5,뜀,0,명사,고유어
5,뜀박질,0,명사,고유어
5,뜨개,0,명사,고유어
5,뜨개바늘,0,명사,고유어
5,뜨개실,0,명사,고유어
5,뜨끈뜨끈하다,0,형용사,고유어
5,뜨끈하다,0,형용사,고유어
5,뜨끔거리다,0,동사,고유어
5,뜨내기,0,명사,고유어
5,뜨다,9,동사,고유어
5,뜨다,10,동사,고유어
5,뜨다,13,형용사,고유어
5,뜨뜻미지근하다,0,형용사,고유어
5,뜨락,0,명사,고유어
5,뜨문뜨문,0,부사,고유어
5,뜨물,0,명사,고유어
5,뜨악하다,0,형용사,고유어
5,뜬공,0,명사,고유어
5,뜬구름,0,명사,고유어
5,뜬소문,0,명사,혼종어
5,뜯어말리다,0,동사,고유어
5,뜰채,0,명사,고유어
5,뜸,2,명사,고유어
5,뜸,5,명사,고유어
5,뜸부기,1,명사,고유어
5,띄우다,3,동사,고유어
5,띄우다,4,동사,고유어
5,띠,4,명사,고유어
5,띠그래프,0,명사,혼종어
5,띠씨름,0,명사,고유어
5,띠앗,0,명사,고유어
5,띵하다,0,형용사,고유어
5,라,1,명사,고유어
5,라,3,명사,외래어
5,라단조,0,명사,혼종어
5,라디에이터,0,명사,외래어
5,라마교,0,명사,혼종어
5,라오스,0,명사,외래어
5,라운지,0,명사,외래어
5,라이벌,0,명사,외래어
5,라이트급,0,명사,혼종어
5,라틴,0,명사,외래어
5,란,2,명사,한자어
5,랍스터,0,명사,외래어
5,랑데부,0,명사,외래어
5,래프팅,0,명사,외래어
5,랜,0,명사,외래어
5,램,4,명사,외래어
5,랭킹,0,명사,외래어
5,러닝샤쓰,0,명사,외래어
5,러시아,0,명사,외래어
5,러시아워,0,명사,외래어
5,런던,3,명사,외래어
5,레게,0,명사,외래어
5,레모네이드,0,명사,외래어
5,레몬수,0,명사,혼종어
5,레몬주스,0,명사,외래어
5,레몬차,0,명사,혼종어
5,레미콘,0,명사,외래어
5,레이다,0,명사,외래어
5,레이아웃,0,명사,외래어
5,레지,0,명사,외래어
5,레지던트,0,명사,외래어
5,레코드,1,명사,외래어
5,레코드판,0,명사,혼종어
5,레코드플레이어,0,명사,외래어
5,레크리에이션,0,명사,외래어
5,레퍼토리,0,명사,외래어
5,레포츠,0,명사,외래어
5,렌터카,0,명사,외래어
5,로그아웃,0,명사,외래어
5,로그인,0,명사,외래어
5,로마,0,명사,외래어
5,로스,1,명사,외래어
5,로스구이,0,명사,혼종어
5,로스앤젤레스,0,명사,외래어
5,로열티,0,명사,외래어
5,로터리,0,명사,외래어
5,로테르담,0,명사,외래어
5,로프,0,명사,외래어
5,록카페,0,명사,외래어
5,롱스커트,0,명사,외래어
5,루마니아,0,명사,외래어
5,루머,0,명사,외래어
5,루비,0,명사,외래어
5,루주,0,명사,외래어
5,루프,0,명사,외래어
5,룩셈부르크,2,명사,외래어
5,류머티즘,0,명사,외래어
5,르포,0,명사,외래어
5,리메이크,0,명사,외래어
5,리모델링,0,명사,외래어
5,리바운드,0,명사,외래어
5,리비아,0,명사,외래어
5,리사이틀,0,명사,외래어
5,리콜,0,명사,외래어
5,리투아니아,0,명사,외래어
5,리튬,0,명사,외래어
5,리포터,0,명사,외래어
5,리플,0,명사,외래어
5,릴,2,명사/의존 명사,외래어
5,림보,1,명사,외래어
5,림프,0,명사,외래어
5,립크림,0,명사,외래어
5,링크,3,명사,외래어
5,마,3,명사,고유어
5,마,9,명사,한자어
5,마고자,0,명사,고유어
5,마구리,0,명사,고유어
5,마그네시아,0,명사,외래어
5,마나님,0,명사,고유어
5,마늘종,0,명사,고유어
5,마늘쪽,0,명사,고유어
5,마니산,0,명사,한자어
5,마닐라,0,명사,외래어
5,마단조,0,명사,혼종어
5,마담,0,명사,외래어
5,마담뚜,0,명사,혼종어
5,마당놀이,0,명사,고유어
5,마당발,0,명사,고유어
5,마라도,0,명사,한자어
5,마루턱,0,명사,고유어
5,마루판,0,명사,혼종어
5,마룻장,0,명사,혼종어
5,마른나무,0,명사,고유어
5,마른땅,0,명사,고유어
5,마른미역,0,명사,고유어
5,마른안주,0,명사,혼종어
5,마른침,0,명사,고유어
5,마름,3,명사,고유어
5,마름모꼴,0,명사,고유어
5,마름질하다,0,동사,고유어
5,마리오네트,0,명사,외래어
5,마릿수,0,명사,혼종어
5,마마보이,0,명사,외래어
5,마멸,0,명사,한자어
5,마멸되다,0,동사,혼종어
5,마멸하다,0,동사,혼종어
5,마모되다,0,동사,혼종어
5,마방진,0,명사,한자어
5,마분지,0,명사,한자어
5,마수,5,명사,한자어
5,마수걸이,0,명사,고유어
5,마술피리,0,명사,혼종어
5,마스터하다,0,동사,혼종어
5,마애불,0,명사,한자어
5,마우스피스,0,명사,외래어
5,마운드,0,명사,외래어
5,마을금고,0,명사,혼종어
5,마음보,0,명사,고유어
5,마음잡다,0,동사,고유어
5,마이동풍,0,명사,한자어
5,마이신,0,명사,외래어
5,마이크로파,0,명사,혼종어
5,마인드맵,0,명사,외래어
5,마작,0,명사,한자어
5,마적,1,명사,한자어
5,마주나다,0,동사,고유어
5,마중물,0,명사,고유어
5,마지기,1,의존 명사,고유어
5,마지않다,0,보조 동사,고유어
5,마진,3,명사,외래어
5,마천루,0,명사,한자어
5,마추픽추,0,명사,외래어
5,마취제,0,명사,한자어
5,마치,1,명사,고유어
5,마치질,0,명사,고유어
5,마침꼴,0,명사,고유어
5,마카로니,0,명사,외래어
5,마파람,0,명사,고유어
5,마한,0,명사,한자어
5,마호가니,0,명사,외래어
5,마호메트교,0,명사,혼종어
5,마후라,0,명사,외래어
5,막간,0,명사,한자어
5,막급하다,0,형용사,혼종어
5,막내아우,0,명사,고유어
5,막노동,0,명사,혼종어
5,막노동판,0,명사,혼종어
5,막다르다,0,형용사,고유어
5,막대그래프,0,명사,혼종어
5,막돌,0,명사,고유어
5,막되다,0,형용사,고유어
5,막론하다,0,동사,혼종어
5,막말,0,명사,고유어
5,막사,2,명사,한자어
5,막상막하,0,명사,한자어
5,막새기와,0,명사,고유어
5,막심하다,0,형용사,혼종어
5,막역하다,0,형용사,혼종어
5,막연히,0,부사,혼종어
5,막자,0,명사,고유어
5,막자사발,0,명사,혼종어
5,막중하다,0,형용사,혼종어
5,막하,0,명사,한자어
5,만,9,명사,한자어
5,만개하다,0,동사,혼종어
5,만건곤하다,0,형용사,혼종어
5,만경창파,0,명사,한자어
5,만고,1,명사,한자어
5,만기,5,명사,한자어
5,만년설,0,명사,한자어
5,만능열쇠,0,명사,혼종어
5,만담,0,명사,한자어
5,만담가,0,명사,한자어
5,만두전골,0,명사,혼종어
5,만듦새,0,명사,고유어
5,만료,0,명사,한자어
5,만류,1,명사,한자어
5,만류하다,0,동사,혼종어
5,만만히,1,부사,고유어
5,만면,0,명사,한자어
5,만면하다,0,형용사,혼종어
5,만무하다,0,형용사,혼종어
5,만물박사,0,명사,한자어
5,만민,0,명사,한자어
5,만반,1,명사,한자어
5,만방,2,명사,한자어
5,만복,2,명사,한자어
5,만분지일,0,명사,한자어
5,만사태평,0,명사,한자어
5,만사형통하다,0,동사,혼종어
5,만삭,0,명사,한자어
5,만선하다,0,동사,혼종어
5,만성,3,명사,한자어
5,만수무강,0,명사,한자어
5,만수무강하다,0,동사,혼종어
5,만수산,0,명사,한자어
5,만신창이,0,명사,한자어
5,만용,0,명사,한자어
5,만우절,0,명사,한자어
5,만월,1,명사,한자어
5,만유인력,0,명사,한자어
5,만장,5,명사,한자어
5,만장굴,0,명사,한자어
5,만전,2,명사,한자어
5,만조,4,명사,한자어
5,만주,2,명사,한자어
5,만주족,0,명사,한자어
5,만찬회,0,명사,한자어
5,만천하,0,명사,한자어
5,만추,0,명사,한자어
5,만파식적,0,명사,한자어
5,만평,0,명사,한자어
5,만행,2,명사,한자어
5,만화경,0,명사,한자어
5,만화방,0,명사,한자어
5,만회,0,명사,한자어
5,만회하다,0,동사,혼종어
5,맏동서,0,명사,혼종어
5,맏물,0,명사,고유어
5,맏사위,0,명사,고유어
5,맏자식,0,명사,혼종어
5,말,6,명사,고유어
5,말가죽,0,명사,고유어
5,말갛다,0,형용사,고유어
5,말고삐,0,명사,고유어
5,말꼬투리,0,명사,고유어
5,말날,0,명사,고유어
5,말단,0,명사,한자어
5,말달리기,0,명사,고유어
5,말달리다,0,동사,고유어
5,말대꾸,0,명사,고유어
5,말대꾸하다,0,동사,고유어
5,말똥,1,명사,고유어
5,말라붙다,0,동사,고유어
5,말레이시아,0,명사,외래어
5,말벌,0,명사,고유어
5,말살,0,명사,한자어
5,말살하다,0,동사,혼종어
5,말세,3,명사,한자어
5,말소,2,명사,한자어
5,말실수,0,명사,혼종어
5,말실수하다,0,동사,혼종어
5,말썽스럽다,0,형용사,고유어
5,말씨름,0,명사,고유어
5,말씨름하다,0,동사,고유어
5,말아먹다,0,동사,고유어
5,말안장,0,명사,혼종어
5,말없음표,0,명사,혼종어
5,말엽,0,명사,한자어
5,말장난하다,0,동사,고유어
5,말재주,0,명사,고유어
5,말조심하다,0,동사,혼종어
5,말줄임표,0,명사,혼종어
5,말채찍,0,명사,고유어
5,말초,0,명사,한자어
5,말총,0,명사,고유어
5,말캉말캉,0,부사,고유어
5,말캉말캉하다,0,형용사,고유어
5,말캉하다,0,형용사,고유어
5,말코,2,명사,고유어
5,말허리,0,명사,고유어
5,맑은장국,0,명사,혼종어
5,맘고생,0,명사,혼종어
5,맘보,2,명사,외래어
5,맛,2,명사,고유어
5,맛조개,0,명사,고유어
5,망가트리다,0,동사,고유어
5,망각,2,명사,한자어
5,망간,3,명사,외래어
5,망건,0,명사,한자어
5,망국,0,명사,한자어
5,망극하다,2,형용사,혼종어
5,망나니,0,명사,고유어
5,망나니짓,0,명사,고유어
5,망년회,0,명사,한자어
5,망두석,0,명사,한자어
5,망둥이,0,명사,고유어
5,망라하다,0,동사,혼종어
5,망령,1,명사,한자어
5,망령,2,명사,한자어
5,망령되다,0,형용사,혼종어
5,망령되이,0,부사,혼종어
5,망루,0,명사,한자어
5,망막,2,명사,한자어
5,망망대해,0,명사,한자어
5,망망하다,1,형용사,혼종어
5,망명,0,명사,한자어
5,망명하다,0,동사,혼종어
5,망발,0,명사,한자어
5,망보다,0,동사,혼종어
5,망부석,0,명사,한자어
5,망사,7,명사,한자어
5,망언,0,명사,한자어
5,망연자실하다,0,동사,혼종어
5,망울,0,명사,고유어
5,망울지다,0,동사,고유어
5,망정,1,의존 명사,고유어
5,망주석,0,명사,한자어
5,망측스럽다,0,형용사,혼종어
5,망측하다,0,형용사,혼종어
5,망치질하다,0,동사,고유어
5,망태,2,명사,혼종어
5,망태기,0,명사,혼종어
5,맞대결,0,명사,혼종어
5,맞대결하다,0,동사,혼종어
5,맞대면,0,명사,혼종어
5,맞물다,0,동사,고유어
5,맞바람,0,명사,고유어
5,맞받다,0,동사,고유어
5,맞붙이다,0,동사,고유어
5,맞상대,0,명사,혼종어
5,맞선,0,명사,고유어
5,맞싸우다,0,동사,고유어
5,맞은쪽,0,명사,고유어
5,맞짱,0,명사,고유어
5,맞춤옷,0,명사,고유어
5,매각,0,명사,한자어
5,매개,3,명사,한자어
5,매개물,0,명사,한자어
5,매국노,0,명사,한자어
5,매도,2,명사,한자어
5,매독,0,명사,한자어
5,매료되다,0,동사,혼종어
5,매료하다,0,동사,혼종어
5,매맛,0,명사,고유어
5,매몰,2,명사,한자어
5,매몰되다,0,동사,혼종어
5,매몰차다,0,형용사,고유어
5,매무새,0,명사,고유어
5,매무시,0,명사,고유어
5,매병,2,명사,한자어
5,매복,1,명사,한자어
5,매복하다,1,동사,혼종어
5,매상,4,명사,한자어
5,매상고,0,명사,한자어
5,매수,2,명사,한자어
5,매수하다,1,동사,혼종어
5,매스껍다,0,형용사,고유어
5,매스컴,0,명사,외래어
5,매식,0,명사,한자어
5,매식하다,0,동사,혼종어
5,매양,0,부사,고유어
5,매연가스,0,명사,혼종어
5,매운바람,0,명사,고유어
5,매운탕,0,명사,혼종어
5,매워하다,0,동사,고유어
5,매일반,0,명사,혼종어
5,매입,0,명사,한자어
5,매잡이,2,명사,고유어
5,매장,2,명사,한자어
5,매장량,0,명사,한자어
5,매장하다,1,동사,혼종어
5,매점매석,0,명사,한자어
5,매정스럽다,0,형용사,고유어
5,매정히,0,부사,고유어
5,매제,1,명사,한자어
5,매진,4,명사,한자어
5,매질,1,명사,고유어
5,매춘,0,명사,한자어
5,매춘부,0,명사,한자어
5,매표,2,명사,한자어
5,매표구,0,명사,한자어
5,매표창구,0,명사,한자어
5,매표하다,1,동사,혼종어
5,매형,0,명사,한자어
5,매혹되다,0,동사,혼종어
5,매혹적,0,명사/관형사,한자어
5,맥락,0,명사,한자어
5,맥반석,0,명사,한자어
5,맥없이,2,부사,혼종어
5,맥주잔,0,명사,한자어
5,맥줏집,0,명사,혼종어
5,맨가슴,0,명사,고유어
5,맨다리,0,명사,고유어
5,맨땅,0,명사,고유어
5,맨바닥,0,명사,고유어
5,맨밥,0,명사,고유어
5,맨살,0,명사,고유어
5,맨션,0,명사,외래어
5,맨션아파트,0,명사,외래어
5,맨송맨송하다,0,형용사,고유어
5,맨해튼,0,명사,외래어
5,맨홀,0,명사,외래어
5,맴,1,명사,고유어
5,맴매,0,명사,고유어
5,맷집,0,명사,고유어
5,맹공격,0,명사,한자어
5,맹공격하다,0,동사,혼종어
5,맹꽁,0,부사,고유어
5,맹랑하다,0,형용사,혼종어
5,맹맹하다,2,형용사,고유어
5,맹모삼천,0,명사,한자어
5,맹모삼천지교,0,명사,한자어
5,맹목성,0,명사,한자어
5,맹목적,0,명사/관형사,한자어
5,맹물,0,명사,고유어
5,맹숭맹숭하다,0,형용사,고유어
5,맹신,0,명사,한자어
5,맹아,1,명사,한자어
5,맹아,2,명사,한자어
5,맹아,3,명사,한자어
5,맹약하다,0,동사,혼종어
5,맹연습,0,명사,한자어
5,맹연습하다,0,동사,혼종어
5,맹위,0,명사,한자어
5,맹점,0,명사,한자어
5,맹종,2,명사,한자어
5,맹추,1,명사,고유어
5,맹하다,0,형용사,고유어
5,맹호,0,명사,한자어
5,맹활약,0,명사,한자어
5,맹활약하다,0,동사,혼종어
5,맹훈련,0,명사,한자어
5,맺는말,0,명사,고유어
5,맺음말,0,명사,고유어
5,머그잔,0,명사,혼종어
5,머루,0,명사,고유어
5,머리글,0,명사,고유어
5,머리글자,0,명사,혼종어
5,머리기사,0,명사,혼종어
5,머리숱,0,명사,고유어
5,머리싸움,0,명사,고유어
5,머릿기름,0,명사,고유어
5,머릿돌,0,명사,고유어
5,머릿장,0,명사,혼종어
5,머무적거리다,0,동사,고유어
5,머뭇대다,0,동사,고유어
5,머뭇머뭇,0,부사,고유어
5,머슴살이,0,명사,고유어
5,머위,0,명사,고유어
5,머큐로크롬,0,명사,외래어
5,머플러,0,명사,외래어
5,머핀,0,명사,외래어
5,먹음직하다,0,형용사,고유어
5,먹이통,0,명사,혼종어
5,먹장구름,0,명사,고유어
5,먹지,2,명사,혼종어
5,먹칠,0,명사,혼종어
5,먹혀들다,1,동사,고유어
5,먹황새,0,명사,고유어
5,먼동,0,명사,혼종어
5,먼바다,0,명사,고유어
5,먼빛,0,명사,고유어
5,먼지바람,0,명사,고유어
5,멀끔히,0,부사,고유어
5,멀뚱거리다,0,동사,고유어
5,멀뚱멀뚱하다,1,동사/형용사,고유어
5,멀쑥하다,0,형용사,고유어
5,멈칫멈칫,0,부사,고유어
5,멋들다,0,동사,고유어
5,멍군,0,명사/감탄사,고유어
5,멍멍히,0,부사,고유어
5,멍에,1,명사,고유어
5,멍울,0,명사,고유어
5,멍히,0,부사,고유어
5,메,1,명사,고유어
5,메가,0,의존 명사,외래어
5,메가폰,0,명사,외래어
5,메달리스트,0,명사,외래어
5,메리야스,0,명사,외래어
5,메밀가루,0,명사,고유어
5,메스,1,명사,외래어
5,메슥거리다,0,동사,고유어
5,메시아,1,명사,외래어
5,메어치다,0,동사,고유어
5,메조소프라노,0,명사,외래어
5,메질,0,명사,고유어
5,메추리,0,명사,고유어
5,메카,0,명사,외래어
5,메탄,0,명사,외래어
5,메탄올,0,명사,외래어
5,멕시코,0,명사,외래어
5,멜빵,0,명사,고유어
5,멜빵바지,0,명사,고유어
5,멥쌀,0,명사,고유어
5,멧부리,0,명사,고유어
5,멧새,0,명사,고유어
5,며느님,0,명사,고유어
5,며느릿감,0,명사,고유어
5,며늘애,0,명사,고유어
5,멱,1,명사,고유어
5,멱,3,명사,고유어
5,면,4,명사,한자어
5,면,7,명사,한자어
5,면도하다,0,동사,혼종어
5,면류관,0,명사,한자어
5,면면하다,0,형용사,혼종어
5,면면히,0,부사,혼종어
5,면모,4,명사,한자어
5,면목,0,명사,한자어
5,면밀하다,0,형용사,혼종어
5,면바지,0,명사,혼종어
5,면상,2,명사,한자어
5,면세점,1,명사,한자어
5,면양,2,명사,한자어
5,면양말,0,명사,한자어
5,면장,2,명사,한자어
5,면장갑,0,명사,한자어
5,면전,1,명사,한자어
5,면제자,0,명사,한자어
5,면제품,0,명사,한자어
5,면책,1,명사,한자어
5,면하다,2,동사,혼종어
5,면허세,0,명사,한자어
5,면화,3,명사,한자어
5,면회실,0,명사,한자어
5,면회하다,2,동사,혼종어
5,멸균,0,명사,한자어
5,멸종하다,0,동사,혼종어
5,명,4,명사,한자어
5,명견,1,명사,한자어
5,명경지수,0,명사,한자어
5,명곡집,0,명사,한자어
5,명궁수,0,명사,한자어
5,명도,4,명사,한자어
5,명동,0,명사,한자어
5,명랑히,0,부사,혼종어
5,명령문,0,명사,한자어
5,명리,1,명사,한자어
5,명마,0,명사,한자어
5,명망,0,명사,한자어
5,명맥,0,명사,한자어
5,명명,1,명사,한자어
5,명명하다,1,동사,혼종어
5,명목,2,명사,한자어
5,명문,1,명사,한자어
5,명문,2,명사,한자어
5,명백히,0,부사,혼종어
5,명사형,0,명사,한자어
5,명산,1,명사,한자어
5,명산대천,0,명사,한자어
5,명산지,0,명사,한자어
5,명상적,0,명사/관형사,한자어
5,명승,1,명사,한자어
5,명승,2,명사,한자어
5,명승고적,0,명사,한자어
5,명승고적지,0,명사,한자어
5,명승부,0,명사,한자어
5,명시,1,명사,한자어
5,명시되다,0,동사,혼종어
5,명시하다,1,동사,혼종어
5,명실공히,0,부사,혼종어
5,명실상부하다,0,형용사,혼종어
5,명심보감,0,명사,한자어
5,명아주,0,명사,고유어
5,명암,1,명사,한자어
5,명약관화하다,0,형용사,혼종어
5,명예박사,0,명사,한자어
5,명예퇴직,0,명사,한자어
5,명월,2,명사,한자어
5,명의,3,명사,한자어
5,명인,0,명사,한자어
5,명일,3,명사,한자어
5,명장,1,명사,한자어
5,명장면,0,명사,한자어
5,명재상,0,명사,한자어
5,명제,2,명사,한자어
5,명주실,0,명사,혼종어
5,명주옷,0,명사,혼종어
5,명주잠자리,0,명사,혼종어
5,명중률,0,명사,한자어
5,명철하다,1,형용사,혼종어
5,명쾌하다,0,형용사,혼종어
5,명태포,0,명사,한자어
5,명탯국,0,명사,혼종어
5,명패,1,명사,한자어
5,명확성,0,명사,한자어
5,모,6,명사,한자어
5,모계,1,명사,한자어
5,모골,0,명사,한자어
5,모공,0,명사,한자어
5,모과나무,0,명사,혼종어
5,모금함,0,명사,한자어
5,모기떼,0,명사,고유어
5,모기약,0,명사,혼종어
5,모노레일,0,명사,외래어
5,모눈,0,명사,고유어
5,모데라토,0,명사,외래어
5,모뎀,0,명사,외래어
5,모독하다,0,동사,혼종어
5,모란,1,명사,한자어
5,모란꽃,0,명사,혼종어
5,모래톱,0,명사,고유어
5,모래펄,0,명사,고유어
5,모랫바닥,0,명사,고유어
5,모략,0,명사,한자어
5,모략하다,0,동사,혼종어
5,모로코,0,명사,외래어
5,모르몬교,0,명사,혼종어
5,모르핀,0,명사,외래어
5,모리셔스,0,명사,외래어
5,모면,2,명사,한자어
5,모면하다,0,동사,혼종어
5,모멸감,0,명사,한자어
5,모바일,0,명사,외래어
5,모반,3,명사,한자어
5,모발,0,명사,한자어
5,모방적,0,명사,한자어
5,모범택시,0,명사,혼종어
5,모사,7,명사,한자어
5,모색,3,명사,한자어
5,모색하다,2,동사,혼종어
5,모셔다드리다,0,동사,고유어
5,모순되다,0,동사,혼종어
5,모스크바,0,명사,외래어
5,모시풀,0,명사,고유어
5,모아들이다,0,동사,고유어
5,모양내다,0,동사,혼종어
5,모어,1,명사,한자어
5,모욕감,0,명사,한자어
5,모월,0,명사,한자어
5,모유,1,명사,한자어
5,모의,5,명사,한자어
5,모의고사,0,명사,한자어
5,모이통,0,명사,혼종어
5,모일,2,명사,한자어
5,모정,2,명사,한자어
5,모조,3,명사,한자어
5,모조품,0,명사,한자어
5,모종하다,0,동사,혼종어
5,모직물,0,명사,한자어
5,모찌기,0,명사,고유어
5,모체,0,명사,한자어
5,모친,0,명사,한자어
5,모터보트,0,명사,외래어
5,모터사이클,0,명사,외래어
5,모텔,0,명사,외래어
5,모판흙,0,명사,혼종어
5,모함,1,명사,한자어
5,목,9,명사,한자어
5,목가,3,명사,한자어
5,목각,1,명사,한자어
5,목간통,0,명사,한자어
5,목공구,0,명사,한자어
5,목공소,0,명사,한자어
5,목공실,0,명사,한자어
5,목공예,0,명사,한자어
5,목공품,0,명사,한자어
5,목관,2,명사,한자어
5,목기,4,명사,한자어
5,목단,3,명사,한자어
5,목도장,0,명사,한자어
5,목동자리,0,명사,혼종어
5,목뒤,0,명사,고유어
5,목련화,0,명사,한자어
5,목말,1,명사,고유어
5,목매달다,0,동사,고유어
5,목물,1,명사,고유어
5,목민심서,0,명사,한자어
5,목석,0,명사,한자어
5,목쉬다,0,동사,고유어
5,목요,0,명사,한자어
5,목욕간,0,명사,한자어
5,목욕료,0,명사,한자어
5,목우,3,명사,한자어
5,목이버섯,0,명사,혼종어
5,목자,6,명사,한자어
5,목장갑,0,명사,한자어
5,목장승,0,명사,혼종어
5,목재상,0,명사,한자어
5,목적격,0,명사,한자어
5,목전,3,명사,한자어
5,목제,2,명사,한자어
5,목주름,0,명사,고유어
5,목질,0,명사,한자어
5,목차,2,명사,한자어
5,목청소리,0,명사,고유어
5,목초,2,명사,한자어
5,목축지,0,명사,한자어
5,목침,0,명사,한자어
5,목탁,0,명사,한자어
5,목탄,0,명사,한자어
5,목탑,0,명사,한자어
5,목판화,0,명사,한자어
5,목포,2,명사,한자어
5,목하,0,명사/부사,한자어
5,목화,4,명사,한자어
5,목화송이,0,명사,혼종어
5,목회,2,명사,한자어
5,몰각하다,1,동사,혼종어
5,몰골,1,명사,고유어
5,몰디브,0,명사,외래어
5,몰랑몰랑하다,0,형용사,고유어
5,몰래카메라,0,명사,혼종어
5,몰매,0,명사,고유어
5,몰사,0,명사,한자어
5,몰살,0,명사,한자어
5,몰상식,0,명사,한자어
5,몰상식하다,0,형용사,혼종어
5,몰수,1,명사,한자어
5,몰수되다,0,동사,혼종어
5,몰수하다,0,동사,혼종어
5,몰아가다,0,동사,고유어
5,몰이꾼,0,명사,고유어
5,몰인정하다,0,형용사,혼종어
5,몰입,0,명사,한자어
5,몰지각하다,0,형용사,혼종어
5,몸단장,0,명사,혼종어
5,몸단장하다,0,동사,혼종어
5,몸뚱어리,0,명사,고유어
5,몸보신,0,명사,혼종어
5,몸보신하다,0,동사,혼종어
5,몸빛,0,명사,고유어
5,몸살감기,0,명사,혼종어
5,몸살기,0,명사,혼종어
5,몸져눕다,0,동사,고유어
5,몸조리,0,명사,혼종어
5,몸조심,0,명사,혼종어
5,몸종,0,명사,고유어
5,몸치장하다,0,동사,혼종어
5,못,2,명사,고유어
5,못내,0,부사,고유어
5,못다,0,부사,고유어
5,못대가리,0,명사,고유어
5,못물,0,명사,고유어
5,못밥,0,명사,고유어
5,못뽑이,0,명사,고유어
5,몽고,1,명사,한자어
5,몽고반점,0,명사,한자어
5,몽골,0,명사,외래어
5,몽돌,0,명사,고유어
5,몽두리,0,명사,한자어
5,몽둥이질,0,명사,고유어
5,몽매간,0,명사,한자어
5,몽유병,0,명사,한자어
5,몽유병자,0,명사,한자어
5,몽조,0,명사,한자어
5,몽타주,0,명사,외래어
5,몽혼,2,명사,한자어
5,뫼,1,명사,고유어
5,묏등,0,명사,고유어
5,묏자리,0,명사,고유어
5,묘계,1,명사,한자어
5,묘사적,0,명사/관형사,한자어
5,묘수,1,명사,한자어
5,묘시,1,명사,한자어
5,묘안,0,명사,한자어
5,묘약,0,명사,한자어
5,묘연하다,1,형용사,혼종어
5,묘지기,0,명사,혼종어
5,묘책,1,명사,한자어
5,묘판,0,명사,한자어
5,묘포,0,명사,한자어
5,무가당,0,명사,한자어
5,무감각,0,명사,한자어
5,무감각하다,0,형용사,혼종어
5,무고하다,4,형용사,혼종어
5,무과,1,명사,한자어
5,무관계하다,0,형용사,혼종어
5,무궁화나무,0,명사,혼종어
5,무기,6,명사,한자어
5,무기력하다,0,형용사,혼종어
5,무기명,0,명사,한자어
5,무기물,0,명사,한자어
5,무기수,0,명사,한자어
5,무기정학,0,명사,한자어
5,무꽃,0,명사,고유어
5,무난하다,0,형용사,혼종어
5,무남독녀,0,명사,한자어
5,무너트리다,0,동사,고유어
5,무논,0,명사,고유어
5,무농약,0,명사,한자어
5,무능,0,명사,한자어
5,무능력,0,명사,한자어
5,무단,1,명사,한자어
5,무단히,0,부사,혼종어
5,무더기무더기,0,명사/부사,고유어
5,무던하다,0,형용사,고유어
5,무도,3,명사,한자어
5,무동,2,명사,한자어
5,무등,0,명사/부사,한자어
5,무디다,0,형용사,고유어
5,무량,0,명사,한자어
5,무량수전,0,명사,한자어
5,무력하다,1,형용사,혼종어
5,무례,0,명사,한자어
5,무례히,0,부사,혼종어
5,무뢰한,0,명사,한자어
5,무료입장,0,명사,한자어
5,무료입장하다,0,동사,혼종어
5,무르다,1,동사,고유어
5,무릇,2,부사,고유어
5,무릎치기,1,명사,고유어
5,무마,2,명사,한자어
5,무명,3,명사,한자어
5,무명실,0,명사,고유어
5,무명옷,0,명사,고유어
5,무명지,0,명사,한자어
5,무명하다,0,형용사,혼종어
5,무미,1,명사,한자어
5,무미건조하다,0,형용사,혼종어
5,무법,1,명사,한자어
5,무병,4,명사,한자어
5,무병장수,0,명사,한자어
5,무보수,0,명사,한자어
5,무사도,0,명사,한자어
5,무사태평,0,명사,한자어
5,무상하다,1,형용사,혼종어
5,무상하다,4,형용사,혼종어
5,무색무취,0,명사,한자어
5,무색투명하다,0,형용사,혼종어
5,무생채,0,명사,혼종어
5,무서리,0,명사,고유어
5,무성,4,명사,한자어
5,무성의,0,명사,한자어
5,무성의하다,0,형용사,혼종어
5,무소식,0,명사,한자어
5,무속,0,명사,한자어
5,무스,0,명사,외래어
5,무시험,0,명사,한자어
5,무신경하다,0,형용사,혼종어
5,무신론,0,명사,한자어
5,무신하다,0,형용사,혼종어
5,무심결,0,명사,혼종어
5,무씨,0,명사,고유어
5,무안하다,0,형용사,혼종어
5,무어,1,대명사/감탄사,고유어
5,무언,1,명사,한자어
5,무역권,0,명사,한자어
5,무역풍,0,명사,한자어
5,무영탑,0,명사,한자어
5,무용곡,0,명사,한자어
5,무용극,0,명사,한자어
5,무용단,0,명사,한자어
5,무용담,0,명사,한자어
5,무용복,0,명사,한자어
5,무용총,0,명사,한자어
5,무용하다,1,형용사,혼종어
5,무용화,0,명사,한자어
5,무운,0,명사,한자어
5,무원칙,0,명사,한자어
5,무위도식,0,명사,한자어
5,무의촌,0,명사,한자어
5,무익하다,0,형용사,혼종어
5,무일푼,0,명사,혼종어
5,무자격,0,명사,한자어
5,무장되다,0,동사,혼종어
5,무저항,0,명사,한자어
5,무전,3,명사,한자어
5,무전,4,명사,한자어
5,무전여행,0,명사,한자어
5,무절제,0,명사,한자어
5,무절제하다,0,형용사,혼종어
5,무정하다,2,형용사,혼종어
5,무제,4,명사,한자어
5,무제한하다,0,형용사,혼종어
5,무중력,0,명사,한자어
5,무즙,0,명사,혼종어
5,무지하다,1,형용사,고유어
5,무지하다,2,형용사,혼종어
5,무진,3,부사,한자어
5,무쪽,0,명사,고유어
5,무참하다,1,형용사,혼종어
5,무채색,0,명사,한자어
5,무척추동물,0,명사,한자어
5,무테안경,0,명사,혼종어
5,무한대,0,명사,한자어
5,무한량,0,명사,한자어
5,무형식,0,명사,한자어
5,무형하다,0,형용사,혼종어
5,무화과,0,명사,한자어
5,무희,0,명사,한자어
5,묵과하다,0,동사,혼종어
5,묵독,0,명사,한자어
5,묵묵부답,0,명사,한자어
5,묵비권,0,명사,한자어
5,묵사발,0,명사,혼종어
5,묵살,0,명사,한자어
5,묵살하다,0,동사,혼종어
5,묵상,2,명사,한자어
5,묵상하다,0,동사,혼종어
5,묵은쌀,0,명사,고유어
5,묵은해,0,명사,고유어
5,묵인하다,0,동사,혼종어
5,묵주,1,명사,한자어
5,묵화,2,명사,한자어
5,묶음표,0,명사,혼종어
5,문,6,명사,한자어
5,문간,0,명사,한자어
5,문건,0,명사,한자어
5,문구,1,명사,한자어
5,문기둥,0,명사,혼종어
5,문단,2,명사,한자어
5,문답하다,2,동사,혼종어
5,문대다,0,동사,고유어
5,문득문득,0,부사,고유어
5,문란,0,명사,한자어
5,문루,0,명사,한자어
5,문맹률,0,명사,한자어
5,문명국,0,명사,한자어
5,문명사,0,명사,한자어
5,문명사회,0,명사,한자어
5,문명인,0,명사,한자어
5,문명하다,1,형용사,혼종어
5,문무,1,명사,한자어
5,문무백관,0,명사,한자어
5,문민,0,명사,한자어
5,문반,0,명사,한자어
5,문방사우,0,명사,한자어
5,문벌,0,명사,한자어
5,문법론,0,명사,한자어
5,문법적,0,명사/관형사,한자어
5,문병하다,0,동사,혼종어
5,문상객,0,명사,한자어
5,문설주,0,명사,혼종어
5,문신,1,명사,한자어
5,문약,0,명사,한자어
5,문어,2,명사,한자어
5,문어체,0,명사,한자어
5,문예반,0,명사,한자어
5,문예지,0,명사,한자어
5,문외,0,명사,한자어
5,문외한,0,명사,한자어
5,문자열,0,명사,한자어
5,문자판,0,명사,한자어
5,문장력,0,명사,한자어
5,문전성시,0,명사,한자어
5,문제시,0,명사,한자어
5,문제시되다,0,동사,혼종어
5,문제없다,0,형용사,혼종어
5,문제없이,0,부사,혼종어
5,문제의식,0,명사,한자어
5,문제화,0,명사,한자어
5,문제화하다,0,동사,혼종어
5,문중,1,명사,한자어
5,문책,2,명사,한자어
5,문초,0,명사,한자어
5,문풍지,0,명사,한자어
5,문필,0,명사,한자어
5,문필가,0,명사,한자어
5,문하,2,명사,한자어
5,문하생,2,명사,한자어
5,문학관,0,명사,한자어
5,문학도,0,명사,한자어
5,문학사,2,명사,한자어
5,문학서,0,명사,한자어
5,문학성,0,명사,한자어
5,문학자,0,명사,한자어
5,문학잡지,0,명사,한자어
5,문학적,0,명사/관형사,한자어
5,문형,1,명사,한자어
5,문호,1,명사,한자어
5,문호,2,명사,한자어
5,문화계,0,명사,한자어
5,문화부,0,명사,한자어
5,문화비,0,명사,한자어
5,문화사,0,명사,한자어
5,문화어,0,명사,한자어
5,문화재청,0,명사,한자어
5,물,3,명사,고유어
5,물갈이,2,명사,고유어
5,물걸레질,0,명사,고유어
5,물걸레질하다,0,동사,고유어
5,물결무늬,0,명사,고유어
5,물결선,0,명사,혼종어
5,물고기자리,0,명사,고유어
5,물고문,0,명사,혼종어
5,물관,0,명사,혼종어
5,물굽이,0,명사,고유어
5,물귀신,0,명사,혼종어
5,물그릇,0,명사,고유어
5,물까마귀,0,명사,고유어
5,물꼬,0,명사,고유어
5,물닭,0,명사,고유어
5,물들이기,0,명사,고유어
5,물때,1,명사,고유어
5,물때,2,명사,고유어
5,물렁거리다,0,동사,고유어
5,물레바퀴,0,명사,고유어
5,물레질,0,명사,고유어
5,물레질하다,0,동사,고유어
5,물론하다,0,동사,혼종어
5,물리다,1,동사,고유어
5,물리적,0,명사/관형사,한자어
5,물림,1,명사,고유어
5,물마,0,명사,고유어
5,물막이,0,명사,고유어
5,물만두,0,명사,혼종어
5,물망초,0,명사,한자어
5,물먹이다,0,동사,고유어
5,물밀다,0,동사,고유어
5,물방아,0,명사,고유어
5,물방앗간,0,명사,혼종어
5,물병자리,0,명사,혼종어
5,물불,0,명사,고유어
5,물빨래,0,명사,고유어
5,물빨래하다,0,동사,고유어
5,물산,0,명사,한자어
5,물색,1,명사,혼종어
5,물샐틈없다,0,형용사,고유어
5,물세례,0,명사,혼종어
5,물세탁,0,명사,혼종어
5,물세탁하다,0,동사,혼종어
5,물수리,0,명사,고유어
5,물심,0,명사,한자어
5,물심양면,0,명사,한자어
5,물엿,0,명사,고유어
5,물욕,0,명사,한자어
5,물위,0,명사,고유어
5,물이끼,1,명사,고유어
5,물장사하다,0,동사,고유어
5,물증,0,명사,한자어
5,물질문명,0,명사,한자어
5,물짐승,0,명사,고유어
5,물찜질,0,명사,고유어
5,물총새,0,명사,혼종어
5,물컹물컹,0,부사,고유어
5,물코,0,명사,고유어
5,물푸레,0,명사,고유어
5,물휴지,0,명사,혼종어
5,뭇,3,관형사,고유어
5,뭇매,0,명사,고유어
5,뭉개다,1,동사,고유어
5,뭉그러뜨리다,0,동사,고유어
5,뭉근하다,0,형용사,고유어
5,뭉글뭉글,0,부사,고유어
5,뭉뚱그리다,0,동사,고유어
5,뭉클,0,부사,고유어
5,뭉클거리다,0,동사,고유어
5,뭉클뭉클하다,0,형용사,고유어
5,뭉텅뭉텅,1,부사,고유어
5,뭉텅이,0,명사,고유어
5,뭉툭,0,부사,고유어
5,뭍,0,명사,고유어
5,뭍길,0,명사,고유어
5,뭍짐승,0,명사,고유어
5,미,8,명사,한자어
5,미개,0,명사,한자어
5,미개인,0,명사,한자어
5,미개척지,0,명사,한자어
5,미결,0,명사,한자어
5,미관,2,명사,한자어
5,미관말직,0,명사,한자어
5,미꾸리,0,명사,고유어
5,미끄러뜨리다,0,동사,고유어
5,미끈거리다,0,동사,고유어
5,미끈둥하다,0,형용사,고유어
5,미나리꽝,0,명사,고유어
5,미남자,0,명사,한자어
5,미납,1,명사,한자어
5,미농지,0,명사,한자어
5,미뉴에트,0,명사,외래어
5,미니버스,0,명사,외래어
5,미니스커트,0,명사,외래어
5,미닫이문,0,명사,혼종어
5,미달되다,0,동사,혼종어
5,미달하다,0,동사,혼종어
5,미담,1,명사,한자어
5,미대,3,명사,한자어
5,미등록,0,명사,한자어
5,미래형,0,명사,한자어
5,미량,2,명사,한자어
5,미련,1,명사,고유어
5,미련스레,0,부사,고유어
5,미령하다,0,형용사,혼종어
5,미루나무,0,명사,고유어
5,미르,0,명사,외래어
5,미륵보살,0,명사,한자어
5,미륵불,0,명사,한자어
5,미망인,0,명사,한자어
5,미모,4,명사,한자어
5,미모사,0,명사,외래어
5,미묘하다,1,형용사,혼종어
5,미물,2,명사,한자어
5,미미하다,2,형용사,혼종어
5,미비,1,명사,한자어
5,미사,7,명사,외래어
5,미사여구,0,명사,한자어
5,미상,2,명사,한자어
5,미색,1,명사,한자어
5,미색,4,명사,한자어
5,미생물학자,0,명사,한자어
5,미성숙,0,명사,한자어
5,미소녀,0,명사,한자어
5,미숙,0,명사,한자어
5,미숙아,0,명사,한자어
5,미술적,0,명사/관형사,한자어
5,미스,2,명사,외래어
5,미시즈,0,명사,외래어
5,미식가,0,명사,한자어
5,미아보호소,0,명사,한자어
5,미약하다,0,형용사,혼종어
5,미얀마,0,명사,외래어
5,미어터지다,0,동사,고유어
5,미역무침,0,명사,고유어
5,미열,2,명사,한자어
5,미완성되다,0,동사,혼종어
5,미완성품,0,명사,한자어
5,미완성하다,0,동사,혼종어
5,미음,2,명사,한자어
5,미인박명,0,명사,한자어
5,미장이,0,명사,고유어
5,미적,1,명사/관형사,한자어
5,미적대다,0,동사,고유어
5,미적미적,0,부사,고유어
5,미적미적하다,0,동사,고유어
5,미제,3,명사,한자어
5,미주알,0,명사,고유어
5,미지수,0,명사,한자어
5,미진하다,0,형용사,혼종어
5,미추,2,명사,한자어
5,미추홀,0,명사,한자어
5,미치광이,1,명사,고유어
5,미터법,0,명사,혼종어
5,미투리,0,명사,고유어
5,미풍,2,명사,한자어
5,미풍양속,0,명사,한자어
5,미학,0,명사,한자어
5,미학자,0,명사,한자어
5,미해결,0,명사,한자어
5,미혼,1,명사,한자어
5,미혼모,0,명사,한자어
5,미화되다,0,동사,혼종어
5,미확인,0,명사,한자어
5,미확인되다,0,동사,혼종어
5,민권,0,명사,한자어
5,민담,0,명사,한자어
5,민둥산,0,명사,혼종어
5,민란,1,명사,한자어
5,민며느리,0,명사,고유어
5,민무늬,0,명사,고유어
5,민물낚시,0,명사,고유어
5,민방위대,0,명사,한자어
5,민법,0,명사,한자어
5,민사,1,명사,한자어
5,민생고,0,명사,한자어
5,민선,0,명사,한자어
5,민속자료,0,명사,한자어
5,민속학,0,명사,한자어
5,민속학자,0,명사,한자어
5,민숭민숭하다,0,형용사,고유어
5,민어,0,명사,한자어
5,민영,0,명사,한자어
5,민예품,0,명사,한자어
5,민요적,0,명사/관형사,한자어
5,민요조,0,명사,한자어
5,민의,0,명사,한자어
5,민정,1,명사,한자어
5,민정,2,명사,한자어
5,민족사,0,명사,한자어
5,민족사적,0,명사/관형사,한자어
5,민족애,0,명사,한자어
5,민족어,0,명사,한자어
5,민족의상,0,명사,한자어
5,민주국,0,명사,한자어
5,민주주의자,0,명사,한자어
5,민주주의화,0,명사,한자어
5,민주주의화하다,0,동사,혼종어
5,민첩히,0,부사,혼종어
5,민폐,0,명사,한자어
5,민활하다,0,형용사,혼종어
5,밀담,0,명사,한자어
5,밀떡,0,명사,고유어
5,밀랍,0,명사,한자어
5,밀렵,0,명사,한자어
5,밀렵하다,0,동사,혼종어
5,밀리그램,0,의존 명사,외래어
5,밀리리터,0,의존 명사,외래어
5,밀매,2,명사,한자어
5,밀매되다,0,동사,혼종어
5,밀밭,0,명사,고유어
5,밀보리,0,명사,고유어
5,밀봉,1,명사,한자어
5,밀봉되다,0,동사,혼종어
5,밀봉하다,0,동사,혼종어
5,밀사,2,명사,한자어
5,밀생하다,0,동사,혼종어
5,밀수단,0,명사,한자어
5,밀수되다,0,동사,혼종어
5,밀수범,0,명사,한자어
5,밀수선,0,명사,한자어
5,밀수업자,0,명사,한자어
5,밀수입,0,명사,한자어
5,밀수입되다,0,동사,혼종어
5,밀수입자,0,명사,한자어
5,밀수입품,0,명사,한자어
5,밀수입하다,0,동사,혼종어
5,밀수출,0,명사,한자어
5,밀수출되다,0,동사,혼종어
5,밀수출하다,0,동사,혼종어
5,밀수하다,0,동사,혼종어
5,밀실,0,명사,한자어
5,밀어내기,0,명사,고유어
5,밀월여행,0,명사,한자어
5,밀잠자리,0,명사,고유어
5,밀짚모,0,명사,혼종어
5,밀착,0,명사,한자어
5,밀착력,0,명사,한자어
5,밀크셰이크,0,명사,외래어
5,밀탐,0,명사,한자어
5,밀폐되다,0,동사,혼종어
5,밀폐하다,0,동사,혼종어
5,밀항,0,명사,한자어
5,밀항선,0,명사,한자어
5,밉보이다,0,동사,고유어
5,밉살맞다,0,형용사,고유어
5,밉살스럽다,0,형용사,고유어
5,밉상,0,명사,혼종어
5,밍크,0,명사,외래어
5,밍크코트,0,명사,외래어
5,밑각,0,명사,혼종어
5,밑돌다,0,동사,고유어
5,밑동,0,명사,고유어
5,밑씻개,0,명사,고유어
5,밑자리,0,명사,고유어
5,밑지다,0,동사,고유어
5,바가지요금,0,명사,혼종어
5,바겐세일,0,명사,외래어
5,바구미,0,명사,고유어
5,바글바글,0,부사,고유어
5,바깥공기,0,명사,혼종어
5,바깥나들이,0,명사,고유어
5,바깥사돈,0,명사,혼종어
5,바깥소식,0,명사,혼종어
5,바깥주인,0,명사,혼종어
5,바꾸이다,0,동사,고유어
5,바나나킥,0,명사,외래어
5,바느질거리,0,명사,고유어
5,바늘허리,0,명사,고유어
5,바다낚시,0,명사,고유어
5,바다색,0,명사,혼종어
5,바닥재,0,명사,혼종어
5,바닷새,0,명사,고유어
5,바동거리다,0,동사,고유어
5,바둥바둥,0,부사,고유어
5,바득바득,1,부사,고유어
5,바라춤,0,명사,혼종어
5,바락,0,부사,고유어
5,바락바락,0,부사,고유어
5,바람둥이,0,명사,고유어
5,바람피우다,0,동사,고유어
5,바랑,0,명사,고유어
5,바랭이,0,명사,고유어
5,바로크,0,명사,외래어
5,바른,0,관형사,고유어
5,바른손,0,명사,고유어
5,바른씨름,0,명사,고유어
5,바른쪽,0,명사,고유어
5,바리,1,명사,고유어
5,바리데기,0,명사,고유어
5,바리바리,0,부사,고유어
5,바리케이드,0,명사,외래어
5,바리톤,0,명사,외래어
5,바바리,0,명사,외래어
5,바보상자,0,명사,혼종어
5,바셀린,0,명사,외래어
5,바순,0,명사,외래어
5,바스러지다,1,동사,고유어
5,바스켓,0,명사,외래어
5,바싹바싹,1,부사,고유어
5,바야흐로,0,부사,고유어
5,바윗덩어리,0,명사,고유어
5,바윗등,0,명사,고유어
5,바이스,1,명사,외래어
5,바이엘,0,명사,외래어
5,바인더,0,명사,외래어
5,바인딩,0,명사,외래어
5,바자,2,명사,외래어
5,바장조,0,명사,혼종어
5,바지게,0,명사,고유어
5,바지런하다,0,형용사,고유어
5,바지런히,0,부사,고유어
5,바지선,0,명사,혼종어
5,바지직바지직,0,부사,고유어
5,바지춤,0,명사,고유어
5,바지허리,0,명사,고유어
5,바짓단,0,명사,고유어
5,바코드,0,명사,외래어
5,바탕색,0,명사,혼종어
5,바투,1,부사,고유어
5,바티칸,0,명사,외래어
5,박,9,명사,한자어
5,박,13,명사,한자어
5,박격포,0,명사,한자어
5,박공예,0,명사,혼종어
5,박꽃,0,명사,고유어
5,박달나무,1,명사,고유어
5,박대하다,0,동사,혼종어
5,박동,0,명사,한자어
5,박두,2,명사,한자어
5,박력,0,명사,한자어
5,박멸하다,0,동사,혼종어
5,박복하다,0,형용사,혼종어
5,박봉,0,명사,한자어
5,박새,1,명사,고유어
5,박색,0,명사,한자어
5,박속같다,0,형용사,고유어
5,박수갈채하다,0,동사,혼종어
5,박수무당,0,명사,고유어
5,박식하다,2,형용사,혼종어
5,박애주의,0,명사,한자어
5,박약하다,0,형용사,혼종어
5,박우물,0,명사,고유어
5,박이다,1,동사,고유어
5,박장대소,0,명사,한자어
5,박절하다,0,형용사,혼종어
5,박제,0,명사,한자어
5,박진력,2,명사,한자어
5,박차,2,명사,한자어
5,박타다,0,동사,고유어
5,박타령,0,명사,고유어
5,박하다,0,형용사,혼종어
5,박학다식,0,명사,한자어
5,박해,2,명사,한자어
5,박해하다,0,동사,혼종어
5,반가상,0,명사,한자어
5,반감,2,명사,한자어
5,반개하다,0,동사,혼종어
5,반공산주의자,0,명사,한자어
5,반구,3,명사,한자어
5,반군,3,명사,한자어
5,반기,4,명사,한자어
5,반닫이,0,명사,혼종어
5,반대기,0,명사,고유어
5,반대색,0,명사,한자어
5,반대자,0,명사,한자어
5,반들거리다,1,동사,고유어
5,반목,1,명사,한자어
5,반백,3,명사,한자어
5,반비례,0,명사,한자어
5,반비례하다,0,동사,혼종어
5,반사판,0,명사,한자어
5,반색,1,명사,고유어
5,반생,2,명사,한자어
5,반석,0,명사,한자어
5,반송,2,명사,한자어
5,반신반의하다,0,동사,혼종어
5,반신불수,0,명사,한자어
5,반액,0,명사,한자어
5,반어,1,명사,한자어
5,반역,1,명사,한자어
5,반역자,0,명사,한자어
5,반영구적,0,명사/관형사,한자어
5,반원,3,명사,한자어
5,반월,0,명사,한자어
5,반월간,0,명사,한자어
5,반의어,0,명사,한자어
5,반일,2,명사,한자어
5,반입,0,명사,한자어
5,반입되다,0,동사,혼종어
5,반자동,0,명사,한자어
5,반자동식,0,명사,한자어
5,반전,2,명사,한자어
5,반절,1,명사,혼종어
5,반주자,0,명사,한자어
5,반죽음,0,명사,혼종어
5,반증하다,0,동사,혼종어
5,반지르르,0,부사,고유어
5,반지르르하다,0,형용사,고유어
5,반직선,0,명사,한자어
5,반질반질,0,부사,고유어
5,반체제,0,명사,한자어
5,반출되다,0,동사,혼종어
5,반취하다,1,동사,혼종어
5,반칙패,0,명사,한자어
5,반투명하다,0,형용사,혼종어
5,반평생,0,명사,한자어
5,반포되다,0,동사,혼종어
5,반포지효,0,명사,한자어
5,반포하다,2,동사,혼종어
5,반항심,0,명사,한자어
5,반항아,0,명사,한자어
5,반항적,0,명사/관형사,한자어
5,반향,1,명사,한자어
5,반환,2,명사,한자어
5,받다,2,동사,고유어
5,받들리다,0,동사,고유어
5,받들어총,0,명사/감탄사,혼종어
5,받치다,1,동사,고유어
5,받침소리,0,명사,고유어
5,받침점,0,명사,혼종어
5,발,3,명사,고유어
5,발가벗기다,0,동사,고유어
5,발가벗다,0,동사,고유어
5,발각,0,명사,한자어
5,발각되다,0,동사,혼종어
5,발간,1,명사,한자어
5,발개지다,0,동사,고유어
5,발걸이,0,명사,고유어
5,발광,1,명사,한자어
5,발광,2,명사,한자어
5,발광체,0,명사,한자어
5,발광하다,1,동사,혼종어
5,발광하다,2,동사,혼종어
5,발그레하다,0,형용사,고유어
5,발끈,0,부사,고유어
5,발돋움,0,명사,고유어
5,발동,0,명사,한자어
5,발동기,0,명사,한자어
5,발동하다,0,동사,혼종어
5,발라내다,0,동사,고유어
5,발라당,0,부사,고유어
5,발령되다,0,동사,혼종어
5,발로,1,명사,한자어
5,발림,1,명사,고유어
5,발모,0,명사,한자어
5,발모제,0,명사,한자어
5,발바리,0,명사,고유어
5,발발,1,부사,고유어
5,발발,2,부사,고유어
5,발병하다,1,동사,혼종어
5,발병하다,2,동사,혼종어
5,발본색원,0,명사,한자어
5,발부리,0,명사,고유어
5,발뺌하다,0,동사,고유어
5,발산하다,0,동사,혼종어
5,발상지,0,명사,한자어
5,발상하다,1,동사,혼종어
5,발생량,0,명사,한자어
5,발설하다,0,동사,혼종어
5,발송,0,명사,한자어
5,발신,2,명사,한자어
5,발신기,0,명사,한자어
5,발아하다,1,동사,혼종어
5,발열,0,명사,한자어
5,발원,1,명사,한자어
5,발원하다,1,동사,혼종어
5,발음막,0,명사,한자어
5,발의,2,명사,한자어
5,발의하다,2,동사,혼종어
5,발인,2,명사,한자어
5,발잔등,0,명사,고유어
5,발장구,0,명사,고유어
5,발전기,1,명사,한자어
5,발족,2,명사,한자어
5,발족하다,0,동사,혼종어
5,발진,3,명사,한자어
5,발차,1,명사,한자어
5,발췌하다,0,동사/형용사,혼종어
5,발칙하다,0,형용사,고유어
5,발탁,0,명사,한자어
5,발포,4,명사,한자어
5,발포하다,1,동사,혼종어
5,발포하다,4,동사,혼종어
5,발해,1,명사,한자어
5,발행일,0,명사,한자어
5,발행하다,1,동사,혼종어
5,발현,0,명사,한자어
5,발화,1,명사,한자어
5,발화점,0,명사,한자어
5,발화하다,1,동사,혼종어
5,발효되다,2,동사,혼종어
5,밤공부,0,명사,혼종어
5,밤꽃,0,명사,고유어
5,밤낚시,0,명사,고유어
5,밤눈,1,명사,고유어
5,밤도망,0,명사,혼종어
5,밤마을,0,명사,고유어
5,밤무대,0,명사,혼종어
5,밤밥,2,명사,고유어
5,밤벌레,0,명사,고유어
5,밤안개,0,명사,고유어
5,밤알,0,명사,고유어
5,밤차,0,명사,혼종어
5,밤참,0,명사,고유어
5,밥값,0,명사,고유어
5,밥걱정,0,명사,고유어
5,밥반찬,0,명사,혼종어
5,밥벌레,0,명사,고유어
5,밥벌이,0,명사,고유어
5,밥술,0,명사,고유어
5,밥쌀,0,명사,고유어
5,밥자리,0,명사,고유어
5,밥투정,0,명사,고유어
5,방,15,명사,한자어
5,방갈로,0,명사,외래어
5,방갓,0,명사,혼종어
5,방고래,0,명사,혼종어
5,방공,1,명사,한자어
5,방공,2,명사,한자어
5,방공호,0,명사,한자어
5,방관자,0,명사,한자어
5,방글거리다,0,동사,고유어
5,방글라데시,0,명사,외래어
5,방년,0,명사,한자어
5,방랑,0,명사,한자어
5,방랑자,0,명사,한자어
5,방랑하다,0,동사,혼종어
5,방류,0,명사,한자어
5,방류하다,0,동사,혼종어
5,방매하다,0,동사,혼종어
5,방목,1,명사,한자어
5,방목지,0,명사,한자어
5,방목하다,0,동사,혼종어
5,방범대,0,명사,한자어
5,방법론,0,명사,한자어
5,방불하다,0,형용사,혼종어
5,방사선과,0,명사,한자어
5,방사형,0,명사,한자어
5,방생,1,명사,한자어
5,방성,4,명사,한자어
5,방세,1,명사,한자어
5,방송망,0,명사,한자어
5,방송인,0,명사,한자어
5,방수,4,명사,한자어
5,방습,0,명사,한자어
5,방실,1,부사,고유어
5,방어,4,명사,한자어
5,방어진,2,명사,한자어
5,방역,5,명사,한자어
5,방열기,0,명사,한자어
5,방울새,0,명사,고유어
5,방위비,0,명사,한자어
5,방위선,2,명사,한자어
5,방위신,0,명사,한자어
5,방음,2,명사,한자어
5,방자하다,1,동사,고유어
5,방자하다,2,형용사,혼종어
5,방재,3,명사,한자어
5,방적,2,명사,한자어
5,방적업,0,명사,한자어
5,방적업자,0,명사,한자어
5,방전,4,명사,한자어
5,방정,1,명사,고유어
5,방정하다,0,형용사,혼종어
5,방제,2,명사,한자어
5,방조,3,명사,한자어
5,방조제,0,명사,한자어
5,방종,1,명사,한자어
5,방주,1,명사,한자어
5,방죽,1,명사,고유어
5,방직공,0,명사,한자어
5,방직물,0,명사,한자어
5,방진,3,명사,한자어
5,방책,2,명사,한자어
5,방첩,0,명사,한자어
5,방청권,1,명사,한자어
5,방청석,0,명사,한자어
5,방출,1,명사,한자어
5,방출,2,명사,한자어
5,방출되다,0,동사,혼종어
5,방출하다,1,동사,혼종어
5,방충제,0,명사,한자어
5,방치하다,0,동사,혼종어
5,방콕,0,명사,외래어
5,방탄,1,명사,한자어
5,방탄유리,0,명사,한자어
5,방탄조끼,0,명사,혼종어
5,방편,0,명사,한자어
5,방풍림,0,명사,한자어
5,방한,1,명사,한자어
5,방한모,0,명사,한자어
5,방한모자,0,명사,한자어
5,방한화,0,명사,한자어
5,방해자,0,명사,한자어
5,방향제,0,명사,한자어
5,방향키,0,명사,혼종어
5,방화,2,명사,한자어
5,방화,3,명사,한자어
5,방화,6,명사,한자어
5,방화범,0,명사,한자어
5,방화사,0,명사,한자어
5,방화수,1,명사,한자어
5,방화죄,0,명사,한자어
5,밭두둑,0,명사,고유어
5,밭둑,0,명사,고유어
5,밭이랑,0,명사,고유어
5,배,4,의존 명사,한자어
5,배격,0,명사,한자어
5,배격하다,0,동사,혼종어
5,배관,4,명사,한자어
5,배급량,0,명사,한자어
5,배기다,1,동사,고유어
5,배기통,0,명사,한자어
5,배꼽시계,0,명사,혼종어
5,배낭여행,0,명사,한자어
5,배냇저고리,0,명사,고유어
5,배다,3,형용사,고유어
5,배달겨레,0,명사,고유어
5,배당,1,명사,한자어
5,배당금,0,명사,한자어
5,배따라기,2,명사,고유어
5,배란기,0,명사,한자어
5,배럴,0,명사/의존 명사,외래어
5,배례하다,0,동사,혼종어
5,배반되다,0,동사,혼종어
5,배배,0,부사,고유어
5,배변하다,0,동사,혼종어
5,배상금,0,명사,한자어
5,배선,2,명사,한자어
5,배설하다,1,동사,혼종어
5,배속되다,0,동사,혼종어
5,배수,4,명사,한자어
5,배수,7,명사,한자어
5,배수진,0,명사,한자어
5,배식,1,명사,한자어
5,배신감,0,명사,한자어
5,배신자,0,명사,한자어
5,배신행위,0,명사,한자어
5,배심원,0,명사,한자어
5,배양,0,명사,한자어
5,배양토,0,명사,한자어
5,배양하다,0,동사,혼종어
5,배어들다,0,동사,고유어
5,배열하다,0,동사,혼종어
5,배은,0,명사,한자어
5,배은망덕,0,명사,한자어
5,배자,2,명사,한자어
5,배자,3,명사,한자어
5,배자하다,0,동사,혼종어
5,배전선,0,명사,한자어
5,배점,2,명사,한자어
5,배정하다,3,동사,혼종어
5,배젖,0,명사,혼종어
5,배제,3,명사,한자어
5,배제하다,1,동사,혼종어
5,배제하다,2,동사,혼종어
5,배지,6,명사,외래어
5,배지기,0,명사,고유어
5,배지느러미,0,명사,고유어
5,배차,2,명사,한자어
5,배척,4,명사,한자어
5,배척하다,0,동사,혼종어
5,배추벌레,0,명사,고유어
5,배추쌈,0,명사,고유어
5,배출,3,명사,한자어
5,배춧국,0,명사,고유어
5,배춧속,0,명사,고유어
5,배치되다,1,동사,혼종어
5,배타적,0,명사/관형사,한자어
5,배포,1,명사,한자어
5,배포하다,1,동사,혼종어
5,배표,1,명사,혼종어
5,배필,0,명사,한자어
5,배필감,0,명사,혼종어
5,배회,2,명사,한자어
5,배회하다,0,동사,혼종어
5,배후,2,명사,한자어
5,백과,3,명사,한자어
5,백과,4,명사,한자어
5,백기,3,명사,한자어
5,백김치,0,명사,혼종어
5,백날,0,명사/부사,혼종어
5,백내장,0,명사,한자어
5,백년가약,0,명사,한자어
5,백년해로,0,명사,한자어
5,백등유,0,명사,한자어
5,백로,1,명사,한자어
5,백록담,2,명사,한자어
5,백마강,0,명사,한자어
5,백마고지,0,명사,한자어
5,백만,0,수사/관형사,한자어
5,백만금,0,명사,한자어
5,백모,4,명사,한자어
5,백묵,2,명사,한자어
5,백미,1,명사,한자어
5,백반,4,명사,한자어
5,백발백중,0,명사,한자어
5,백방,2,명사,한자어
5,백배,3,부사,한자어
5,백배사죄,0,명사,한자어
5,백배하다,1,동사,혼종어
5,백병전,0,명사,한자어
5,백부,2,명사,한자어
5,백분,1,명사,한자어
5,백사,4,명사,한자어
5,백설탕,0,명사,한자어
5,백수,1,명사,한자어
5,백수,8,명사,한자어
5,백수건달,0,명사,한자어
5,백악관,0,명사,한자어
5,백악기,0,명사,한자어
5,백야,2,명사,한자어
5,백업,2,명사,외래어
5,백열,0,명사,한자어
5,백열전구,0,명사,한자어
5,백운교,0,명사,한자어
5,백의,0,명사,한자어
5,백의민족,0,명사,한자어
5,백의종군하다,0,동사,혼종어
5,백인종,0,명사,한자어
5,백일,2,명사,한자어
5,백일기도,0,명사,한자어
5,백일몽,0,명사,한자어
5,백일치성,0,명사,한자어
5,백일해,0,명사,한자어
5,백전,5,명사,한자어
5,백전백승,0,명사,한자어
5,백전백패,0,명사,한자어
5,백전백패하다,0,동사,혼종어
5,백정,1,명사,한자어
5,백조자리,0,명사,혼종어
5,백치,4,명사,한자어
5,백통화,0,명사,혼종어
5,백파이프,0,명사,외래어
5,백합,1,명사,한자어
5,백합꽃,0,명사,혼종어
5,백혈구,0,명사,한자어
5,밸런타인데이,0,명사,외래어
5,뱀딸기,0,명사,고유어
5,뱀띠,0,명사,고유어
5,뱁새,0,명사,고유어
5,뱁새눈,0,명사,고유어
5,뱃고동,0,명사,고유어
5,뱃멀미,0,명사,고유어
5,뱃심,0,명사,고유어
5,뱅,0,부사,고유어
5,뱅어,0,명사,고유어
5,뱅어포구이,0,명사,혼종어
5,버금,1,명사,고유어
5,버둥버둥,0,부사,고유어
5,버들개지,1,명사,고유어
5,버들치,0,명사,고유어
5,버석거리다,0,동사,고유어
5,버선볼,0,명사,고유어
5,버선코,0,명사,고유어
5,버섯구름,0,명사,고유어
5,버섯볶음,0,명사,고유어
5,버섯전골,0,명사,고유어
5,버스표,0,명사,혼종어
5,버저,0,명사,외래어
5,버적버적,0,부사,고유어
5,버젓이,0,부사,고유어
5,버젓하다,0,형용사,고유어
5,버짐,0,명사,고유어
5,버찌,0,명사,고유어
5,번개탄,0,명사,혼종어
5,번거로이,0,부사,고유어
5,번뇌,0,명사,한자어
5,번뇌하다,0,동사,혼종어
5,번들번들,1,부사,고유어
5,번듯이,0,부사,고유어
5,번듯하다,0,형용사,고유어
5,번복,0,명사,한자어
5,번잡,0,명사,한자어
5,번지르르,0,부사,고유어
5,번질나다,0,형용사,고유어
5,번질번질,0,부사,고유어
5,번쩍이다,0,동사,고유어
5,번창,0,명사,한자어
5,번철,0,명사,한자어
5,번화하다,0,형용사,혼종어
5,벋다,1,동사,고유어
5,벌,1,명사,고유어
5,벌게지다,0,동사,고유어
5,벌금형,0,명사,한자어
5,벌렁거리다,0,동사,고유어
5,벌름벌름,0,부사,고유어
5,벌목,2,명사,한자어
5,벌목꾼,0,명사,혼종어
5,벌서다,0,동사,혼종어
5,벌주다,0,동사,혼종어
5,벌채,0,명사,한자어
5,벌채하다,0,동사,혼종어
5,벌통,0,명사,혼종어
5,범례,1,명사,한자어
5,범법,0,명사,한자어
5,범법자,0,명사,한자어
5,범상하다,1,형용사,혼종어
5,범선,0,명사,한자어
5,범속하다,0,형용사,혼종어
5,범연하다,0,형용사,혼종어
5,범절,0,명사,한자어
5,범종,2,명사,한자어
5,범주,5,명사,한자어
5,범칙,0,명사,한자어
5,범퍼,0,명사,외래어
5,범행자,0,명사,한자어
5,법고,0,명사,한자어
5,법당,0,명사,한자어
5,법도,1,명사,한자어
5,법령집,0,명사,한자어
5,법명,1,명사,한자어
5,법무,1,명사,한자어
5,법복,0,명사,한자어
5,법부,0,명사,한자어
5,법석,1,명사,고유어
5,법석거리다,0,동사,고유어
5,법석대다,0,동사,고유어
5,법인,2,명사,한자어
5,법인세,0,명사,한자어
5,법정,2,명사,한자어
5,법제처,0,명사,한자어
5,법조계,0,명사,한자어
5,법조인,0,명사,한자어
5,법주사,0,명사,한자어
5,법치주의,0,명사,한자어
5,법칙성,0,명사,한자어
5,법학,0,명사,한자어
5,벗하다,0,동사,고유어
5,벙긋,1,부사,고유어
5,벙긋거리다,1,동사,고유어
5,벙긋벙긋,1,부사,고유어
5,벙긋하다,2,동사/형용사,고유어
5,벙어리장갑,0,명사,혼종어
5,벙어리저금통,0,명사,혼종어
5,베갯모,0,명사,고유어
5,베고니아,0,명사,외래어
5,베네룩스,0,명사,외래어
5,베니어판,0,명사,혼종어
5,베니어합판,0,명사,혼종어
5,베레모,0,명사,혼종어
5,베를린,0,명사,외래어
5,베옷,0,명사,고유어
5,베이비파우더,0,명사,외래어
5,베이스,3,명사,외래어
5,베이식,0,명사,외래어
5,베이징,0,명사,외래어
5,베이컨,1,명사,외래어
5,베이킹파우더,0,명사,외래어
5,베적삼,0,명사,고유어
5,베트남,0,명사,외래어
5,베트콩,0,명사,외래어
5,벨기에,0,명사,외래어
5,벼락같이,0,부사,고유어
5,벼락공부,0,명사,혼종어
5,벼락부자,0,명사,혼종어
5,벼락치기,0,명사,고유어
5,벼메뚜기,0,명사,고유어
5,벼멸구,0,명사,고유어
5,벽두,0,명사,한자어
5,벽란도,0,명사,한자어
5,벽력,0,명사,한자어
5,벽신문,0,명사,한자어
5,벽지,1,명사,한자어
5,벽창호,1,명사,혼종어
5,벽촌,0,명사,한자어
5,변,5,명사,한자어
5,변경,2,명사,한자어
5,변고,2,명사,한자어
5,변괴,0,명사,한자어
5,변론하다,0,동사,혼종어
5,변리사,0,명사,한자어
5,변모,2,명사,한자어
5,변모되다,0,동사,혼종어
5,변모하다,0,동사,혼종어
5,변방,2,명사,한자어
5,변변하다,0,형용사,고유어
5,변별,0,명사,한자어
5,변별하다,0,동사,혼종어
5,변사,2,명사,한자어
5,변사,3,명사,한자어
5,변사체,0,명사,한자어
5,변상,1,명사,한자어
5,변설,2,명사,한자어
5,변성,4,명사,한자어
5,변성,5,명사,한자어
5,변성기,2,명사,한자어
5,변성되다,2,동사,혼종어
5,변성암,0,명사,한자어
5,변심,0,명사,한자어
5,변역,3,명사,한자어
5,변인,2,명사,한자어
5,변절,0,명사,한자어
5,변절하다,0,동사,혼종어
5,변조,2,명사,한자어
5,변종,0,명사,한자어
5,변주,2,명사,한자어
5,변증법,0,명사,한자어
5,변지,3,명사,한자어
5,변천하다,0,동사,혼종어
5,변칙,0,명사,한자어
5,변혁,0,명사,한자어
5,별거,2,명사,한자어
5,별고,1,명사,한자어
5,별꽃,0,명사,고유어
5,별달리,0,부사,혼종어
5,별당,0,명사,한자어
5,별도리,0,명사,한자어
5,별똥,0,명사,고유어
5,별말,0,명사,혼종어
5,별무반,0,명사,한자어
5,별반,1,명사/부사,한자어
5,별산대,0,명사,한자어
5,별성마마,0,명사,한자어
5,별세,1,명사,한자어
5,별세계,0,명사,한자어
5,별소리,0,명사,혼종어
5,별스럽다,0,형용사,혼종어
5,별식,2,명사,한자어
5,별신굿,0,명사,혼종어
5,별신제,0,명사,한자어
5,별실,0,명사,한자어
5,별장지기,0,명사,혼종어
5,별주부전,0,명사,한자어
5,별지,2,명사,한자어
5,별짓,0,명사,혼종어
5,별책,1,명사,한자어
5,별천지,0,명사,한자어
5,별표,1,명사,혼종어
5,볏가리,1,명사,고유어
5,병,2,명사,한자어
5,병감,0,명사,한자어
5,병기창,0,명사,한자어
5,병동,0,명사,한자어
5,병마,3,명사,한자어
5,병목,1,명사,혼종어
5,병무청,0,명사,한자어
5,병문안하다,0,동사,혼종어
5,병법,1,명사,한자어
5,병사하다,0,동사,혼종어
5,병색,0,명사,한자어
5,병석,0,명사,한자어
5,병설,0,명사,한자어
5,병약자,0,명사,한자어
5,병어,1,명사,고유어
5,병원체,0,명사,한자어
5,병장,2,명사,한자어
5,병정개미,0,명사,혼종어
5,병졸,1,명사,한자어
5,병중,0,명사,한자어
5,병창,3,명사,한자어
5,병치레,0,명사,혼종어
5,병폐,1,명사,한자어
5,병합,0,명사,한자어
5,병합되다,0,동사,혼종어
5,병행,2,명사,한자어
5,보강하다,1,동사,혼종어
5,보고,5,명사,한자어
5,보고부르기,0,명사,고유어
5,보관물,0,명사,한자어
5,보국안민,0,명사,한자어
5,보균자,0,명사,한자어
5,보급,2,명사,한자어
5,보급되다,2,동사,혼종어
5,보급소,1,명사,한자어
5,보급하다,2,동사,혼종어
5,보도국,0,명사,한자어
5,보드레하다,0,형용사,고유어
5,보따리장수,0,명사,혼종어
5,보라매,0,명사,고유어
5,보료,0,명사,고유어
5,보류,1,명사,한자어
5,보류하다,0,동사,혼종어
5,보름나물,0,명사,고유어
5,보름밤,0,명사,고유어
5,보리수,2,명사,한자어
5,보리수나무,0,명사,혼종어
5,보릿단,0,명사,고유어
5,보모,0,명사,한자어
5,보살,1,명사,한자어
5,보살상,0,명사,한자어
5,보상금,1,명사,한자어
5,보색,0,명사,한자어
5,보석,2,명사,한자어
5,보석금,0,명사,한자어
5,보석되다,0,동사,혼종어
5,보세,1,명사,한자어
5,보송보송,0,부사,고유어
5,보송보송하다,0,형용사,고유어
5,보수적,0,명사/관형사,한자어
5,보수하다,2,동사,혼종어
5,보슬보슬하다,1,형용사,고유어
5,보시,1,명사,한자어
5,보시기,1,명사,고유어
5,보신,4,명사,한자어
5,보신각,0,명사,한자어
5,보신탕,0,명사,한자어
5,보쌈김치,0,명사,혼종어
5,보아주다,0,동사,고유어
5,보아하니,0,부사,고유어
5,보안경,0,명사,한자어
5,보어,1,명사,한자어
5,보온밥통,0,명사,혼종어
5,보우하다,0,동사,혼종어
5,보유자,0,명사,한자어
5,보은,2,명사,한자어
5,보일러공,0,명사,혼종어
5,보일러실,0,명사,혼종어
5,보조,1,명사,한자어
5,보조사,0,명사,한자어
5,보좌,2,명사,한자어
5,보좌,3,명사,한자어
5,보좌관,0,명사,한자어
5,보좌하다,2,동사,혼종어
5,보중하다,0,동사,혼종어
5,보증인,0,명사,한자어
5,보증하다,0,동사,혼종어
5,보크사이트,0,명사,외래어
5,보통학교,0,명사,한자어
5,보퉁이,0,명사,혼종어
5,보편성,0,명사,한자어
5,보편화,0,명사,한자어
5,보푸라기,0,명사,고유어
5,보하다,2,동사,혼종어
5,보합세,0,명사,한자어
5,보행로,0,명사,한자어
5,보호막,0,명사,한자어
5,보화,3,명사,한자어
5,복,1,명사,고유어
5,복,6,명사,한자어
5,복개,0,명사,한자어
5,복고적,0,명사/관형사,한자어
5,복덕방,1,명사,한자어
5,복리,1,명사,한자어
5,복리,2,명사,한자어
5,복면,2,명사,한자어
5,복무,2,명사,한자어
5,복무연한,0,명사,한자어
5,복무하다,0,동사,혼종어
5,복받치다,0,동사,고유어
5,복병,1,명사,한자어
5,복부인,0,명사,한자어
5,복사,11,명사,한자어
5,복사꽃,0,명사,고유어
5,복사하다,4,동사,혼종어
5,복선,2,명사,한자어
5,복선,4,명사,한자어
5,복수심,0,명사,한자어
5,복수하다,1,동사,혼종어
5,복숭아밭,0,명사,고유어
5,복숭아씨,0,명사,고유어
5,복숭앗빛,0,명사,고유어
5,복슬복슬하다,0,형용사,고유어
5,복식,2,명사,한자어
5,복식,4,명사,한자어
5,복역,2,명사,한자어
5,복역하다,0,동사,혼종어
5,복음,2,명사,한자어
5,복음서,0,명사,한자어
5,복자,5,명사,한자어
5,복쟁이,0,명사,고유어
5,복제품,0,명사,한자어
5,복조리,0,명사,한자어
5,복지부동,0,명사,한자어
5,복직,0,명사,한자어
5,복직하다,0,동사,혼종어
5,복창하다,2,동사,혼종어
5,복학,2,명사,한자어
5,복학생,0,명사,한자어
5,복합되다,0,동사,혼종어
5,복합어,0,명사,한자어
5,복합적,0,명사/관형사,한자어
5,본,3,관형사,한자어
5,본교,1,명사,한자어
5,본교생,0,명사,한자어
5,본능적,0,명사/관형사,한자어
5,본동사,0,명사,한자어
5,본뜨기,0,명사,혼종어
5,본뜻,0,명사,혼종어
5,본루,0,명사,한자어
5,본말,1,명사,혼종어
5,본바탕,0,명사,혼종어
5,본밭,0,명사,혼종어
5,본봉,1,명사,한자어
5,본서,2,명사,한자어
5,본심,0,명사,한자어
5,본연,0,명사,한자어
5,본용언,0,명사,한자어
5,본위,0,명사,한자어
5,본의,2,명사,한자어
5,본이름,0,명사,혼종어
5,본적,2,명사,한자어
5,본존,0,명사,한자어
5,본존불,0,명사,한자어
5,본질,2,명사,한자어
5,본집,0,명사,혼종어
5,본채,0,명사,혼종어
5,본처,1,명사,한자어
5,본체만체,0,부사,고유어
5,볼,2,명사,고유어
5,볼거리,2,명사,고유어
5,볼기,0,명사,고유어
5,볼깃살,0,명사,고유어
5,볼때기,0,명사,고유어
5,볼레로,0,명사,외래어
5,볼리비아,0,명사,외래어
5,볼메다,0,형용사,고유어
5,볼모,0,명사,고유어
5,볼썽사납다,0,형용사,고유어
5,볼연지,0,명사,혼종어
5,볼트,2,의존 명사,외래어
5,볼품없다,0,형용사,고유어
5,봄내,0,부사,고유어
5,봄노래,0,명사,고유어
5,봄뜻,0,명사,고유어
5,봅슬레이,0,명사,외래어
5,봇도랑,0,명사,혼종어
5,봇물,0,명사,혼종어
5,봇짐장수,0,명사,혼종어
5,봉,10,명사,한자어
5,봉건적,0,명사/관형사,한자어
5,봉건주의,0,명사,한자어
5,봉급날,0,명사,혼종어
5,봉급쟁이,0,명사,혼종어
5,봉긋,0,부사,고유어
5,봉긋이,0,부사,고유어
5,봉기,1,명사,한자어
5,봉기하다,0,동사,혼종어
5,봉변,0,명사,한자어
5,봉변하다,0,동사,혼종어
5,봉분,0,명사,한자어
5,봉사료,0,명사,한자어
5,봉송,1,명사,한자어
5,봉쇄,0,명사,한자어
5,봉수,7,명사,한자어
5,봉안,1,명사,한자어
5,봉양,0,명사,한자어
5,봉양하다,0,동사,혼종어
5,봉인,3,명사,한자어
5,봉제,2,명사,한자어
5,봉제완구,0,명사,한자어
5,봉착하다,0,동사,혼종어
5,봉체조,0,명사,한자어
5,봉하다,1,동사,혼종어
5,봉황,0,명사,한자어
5,봉황새,0,명사,혼종어
5,부,7,명사,한자어
5,부,13,명사/의존 명사,한자어
5,부가,2,명사,한자어
5,부가세,0,명사,한자어
5,부각되다,0,동사,혼종어
5,부강,0,명사,한자어
5,부강하다,0,형용사,혼종어
5,부걱부걱,0,부사,고유어
5,부검,2,명사,한자어
5,부계,2,명사,한자어
5,부고,5,명사,한자어
5,부과,5,명사,한자어
5,부과하다,3,동사,혼종어
5,부관,4,명사,한자어
5,부교수,0,명사,한자어
5,부국,4,명사,한자어
5,부국강병,0,명사,한자어
5,부군,2,명사,한자어
5,부꾸미,0,명사,고유어
5,부내,1,명사,한자어
5,부녀간,0,명사,한자어
5,부닥치다,0,동사,고유어
5,부단하다,0,형용사,혼종어
5,부담금,0,명사,한자어
5,부당,1,명사,한자어
5,부대,3,명사,한자어
5,부대끼다,0,동사,고유어
5,부대부인,0,명사,한자어
5,부대원,0,명사,한자어
5,부대장,0,명사,한자어
5,부대찌개,0,명사,혼종어
5,부덕,1,명사,한자어
5,부도,2,명사,한자어
5,부도,6,명사,한자어
5,부도덕,0,명사,한자어
5,부도덕하다,0,형용사,혼종어
5,부도체,0,명사,한자어
5,부동자세,0,명사,한자어
5,부동표,0,명사,한자어
5,부동하다,1,형용사,혼종어
5,부두,1,명사,한자어
5,부득부득,1,부사,고유어
5,부득이하다,0,형용사,혼종어
5,부들,1,명사,고유어
5,부등식,0,명사,한자어
5,부등호,0,명사,한자어
5,부딪다,0,동사,고유어
5,부랑아,0,명사,한자어
5,부랑자,0,명사,한자어
5,부러,0,부사,고유어
5,부럼,0,명사,고유어
5,부레,1,명사,고유어
5,부레풀,0,명사,고유어
5,부력,1,명사,한자어
5,부리부리,0,부사,고유어
5,부목,3,명사,한자어
5,부부유별,0,명사,한자어
5,부부지간,0,명사,한자어
5,부사,3,명사,한자어
5,부사,7,명사,한자어
5,부사관,0,명사,한자어
5,부사어,0,명사,한자어
5,부산물,0,명사,한자어
5,부산하다,0,형용사,고유어
5,부삽,1,명사,고유어
5,부상,6,명사,한자어
5,부상,7,명사,한자어
5,부상하다,2,동사,혼종어
5,부서뜨리다,0,동사,고유어
5,부석부석,2,부사,고유어
5,부석사,0,명사,한자어
5,부설,1,명사,한자어
5,부설,4,명사,한자어
5,부소산성,0,명사,한자어
5,부속되다,1,동사,혼종어
5,부속물,0,명사,한자어
5,부수,8,명사,한자어
5,부수,9,명사,한자어
5,부수되다,0,동사,혼종어
5,부수입,0,명사,한자어
5,부수적,0,명사/관형사,한자어
5,부스럭,0,부사,고유어
5,부시다,1,동사,고유어
5,부시장,0,명사,한자어
5,부식,4,명사,한자어
5,부식,7,명사,한자어
5,부식물,0,명사,한자어
5,부식질,0,명사,한자어
5,부식하다,1,동사,혼종어
5,부식하다,5,동사,혼종어
5,부심,2,명사,한자어
5,부아,1,명사,고유어
5,부안,1,명사,한자어
5,부언하다,0,동사,혼종어
5,부엉부엉,0,부사,고유어
5,부엌데기,0,명사,고유어
5,부엌문,0,명사,혼종어
5,부엌살림,0,명사,고유어
5,부엌살이,0,명사,고유어
5,부엌세간,0,명사,고유어
5,부엌칼,0,명사,고유어
5,부여,1,명사,한자어
5,부여,3,명사,한자어
5,부여,4,명사,한자어
5,부여,5,명사,한자어
5,부여안다,0,동사,고유어
5,부역,6,명사,한자어
5,부옇다,0,형용사,고유어
5,부용,1,명사,한자어
5,부유,1,명사,한자어
5,부유,5,명사,한자어
5,부유물,0,명사,한자어
5,부유층,0,명사,한자어
5,부음,2,명사,한자어
5,부응하다,0,동사,혼종어
5,부의,5,명사,한자어
5,부의금,0,명사,한자어
5,부인용,0,명사,한자어
5,부인회,0,명사,한자어
5,부임,0,명사,한자어
5,부자연스럽다,0,형용사,혼종어
5,부자유친,0,명사,한자어
5,부자유하다,0,형용사,혼종어
5,부전자전,0,명사,한자어
5,부정문,0,명사,한자어
5,부정형,1,명사,한자어
5,부정확하다,0,형용사,혼종어
5,부제,7,명사,한자어
5,부제목,0,명사,한자어
5,부조,3,명사,한자어
5,부조,4,명사,한자어
5,부조금,0,명사,한자어
5,부조리,0,명사,한자어
5,부조정실,0,명사,한자어
5,부조하다,2,동사,혼종어
5,부조화,0,명사,한자어
5,부존,2,명사,한자어
5,부지,7,명사,한자어
5,부지기수,0,명사,한자어
5,부지깽이,0,명사,고유어
5,부지런,0,명사,고유어
5,부지불식중,0,명사,한자어
5,부지사,0,명사,한자어
5,부직포,0,명사,한자어
5,부처,2,명사,한자어
5,부촌,0,명사,한자어
5,부총리,0,명사,한자어
5,부총장,0,명사,한자어
5,부총재,0,명사,한자어
5,부치다,3,동사,고유어
5,부치다,5,동사,고유어
5,부침질,0,명사,고유어
5,부케,0,명사,외래어
5,부탄,2,명사,외래어
5,부탄,3,명사,외래어
5,부팅,0,명사,외래어
5,부표,4,명사,한자어
5,부하다,0,형용사,혼종어
5,부합,2,명사,한자어
5,부합하다,1,동사,혼종어
5,부형,1,명사,한자어
5,부호,5,명사,한자어
5,부화,5,명사,한자어
5,부화뇌동,0,명사,한자어
5,부화장,0,명사,한자어
5,부화하다,5,동사,혼종어
5,부활절,0,명사,한자어
5,부황,2,명사,한자어
5,북,1,명사,고유어
5,북,2,명사,고유어
5,북,4,부사,고유어
5,북간도,2,명사,한자어
5,북경,1,명사,한자어
5,북경요리,0,명사,한자어
5,북구,0,명사,한자어
5,북극권,0,명사,한자어
5,북극해,0,명사,한자어
5,북단,1,명사,한자어
5,북망산,0,명사,한자어
5,북면,1,명사,혼종어
5,북미,0,명사,한자어
5,북벌,0,명사,한자어
5,북빙양,0,명사,한자어
5,북상,0,명사,한자어
5,북새통,0,명사,고유어
5,북송,2,명사,한자어
5,북아메리카,0,명사,혼종어
5,북악산,0,명사,한자어
5,북어구이,0,명사,혼종어
5,북어무침,0,명사,혼종어
5,북어찜,0,명사,혼종어
5,북어포,0,명사,한자어
5,북위,1,명사,한자어
5,북유럽,0,명사,혼종어
5,북진,1,명사,한자어
5,북진하다,0,동사,혼종어
5,북촌,0,명사,한자어
5,북태평양,0,명사,한자어
5,북한강,0,명사,한자어
5,북한산,0,명사,한자어
5,북한산성,0,명사,한자어
5,북해,0,명사,한자어
5,북향,2,명사,한자어
5,북향하다,0,동사,혼종어
5,분,11,명사,한자어
5,분가,0,명사,한자어
5,분가하다,0,동사,혼종어
5,분갈이하다,0,동사,혼종어
5,분개,3,명사,한자어
5,분개심,0,명사,한자어
5,분골쇄신,0,명사,한자어
5,분골쇄신하다,0,동사,혼종어
5,분과,2,명사,한자어
5,분광기,0,명사,한자어
5,분규,0,명사,한자어
5,분기,2,명사,한자어
5,분기점,0,명사,한자어
5,분꽃,0,명사,혼종어
5,분단국가,0,명사,한자어
5,분단선,0,명사,한자어
5,분단장,1,명사,한자어
5,분대,3,명사,한자어
5,분동,1,명사,한자어
5,분란,2,명사,한자어
5,분리대,0,명사,한자어
5,분립,1,명사,한자어
5,분만,1,명사,한자어
5,분만실,0,명사,한자어
5,분만하다,1,동사,혼종어
5,분말주스,0,명사,혼종어
5,분망하다,0,형용사,혼종어
5,분묘,0,명사,한자어
5,분발,3,명사,한자어
5,분부,1,명사,한자어
5,분산,2,명사,한자어
5,분쇄,0,명사,한자어
5,분쇄하다,0,동사,혼종어
5,분수령,0,명사,한자어
5,분신술,0,명사,한자어
5,분실,2,명사,한자어
5,분실하다,0,동사,혼종어
5,분업화되다,0,동사,혼종어
5,분연히,4,부사,혼종어
5,분장,2,명사,한자어
5,분장사,0,명사,한자어
5,분장실,0,명사,한자어
5,분장하다,1,동사,혼종어
5,분재,4,명사,한자어
5,분전,4,명사,한자어
5,분전하다,2,동사,혼종어
5,분점,1,명사,한자어
5,분지,5,명사,한자어
5,분진,1,명사,한자어
5,분첩,3,명사,한자어
5,분출물,0,명사,한자어
5,분통,1,명사,한자어
5,분투,0,명사,한자어
5,분투하다,0,동사,혼종어
5,분포도,0,명사,한자어
5,분필통,0,명사,한자어
5,분향,0,명사,한자어
5,분향하다,0,동사,혼종어
5,분화,1,명사,한자어
5,분화되다,0,동사,혼종어
5,불가,2,명사,한자어
5,불가리아,0,명사,외래어
5,불가분,0,명사,한자어
5,불가불,0,부사,한자어
5,불가하다,0,형용사,혼종어
5,불가항력,0,명사,한자어
5,불간섭,0,명사,한자어
5,불결,0,명사,한자어
5,불경기,0,명사,한자어
5,불경스럽다,0,형용사,혼종어
5,불공,5,명사,한자어
5,불교문화,0,명사,한자어
5,불구하다,2,동사,혼종어
5,불국사,0,명사,한자어
5,불굴,0,명사,한자어
5,불규칙,0,명사,한자어
5,불규칙적,0,명사/관형사,한자어
5,불그죽죽하다,0,형용사,고유어
5,불긋불긋,0,부사,고유어
5,불기소,0,명사,한자어
5,불기운,0,명사,고유어
5,불당,0,명사,한자어
5,불두화,0,명사,한자어
5,불뚝,0,부사,고유어
5,불뚝하다,0,동사/형용사,고유어
5,불량률,0,명사,한자어
5,불량소녀,0,명사,한자어
5,불량아,0,명사,한자어
5,불량패,0,명사,한자어
5,불룩,0,부사,고유어
5,불륜,0,명사,한자어
5,불리다,6,동사,고유어
5,불만족스럽다,0,형용사,혼종어
5,불매하다,1,동사,혼종어
5,불멸,1,명사,한자어
5,불명예,0,명사,한자어
5,불명예스럽다,0,형용사,혼종어
5,불명확,0,명사,한자어
5,불명확성,0,명사,한자어
5,불명확하다,0,형용사,혼종어
5,불모,1,명사,한자어
5,불모지,0,명사,한자어
5,불문,2,명사,한자어
5,불문하다,2,동사,혼종어
5,불문학,0,명사,한자어
5,불미스럽다,0,형용사,혼종어
5,불민하다,1,형용사,혼종어
5,불발,2,명사,한자어
5,불발탄,0,명사,한자어
5,불변,2,명사,한자어
5,불복,0,명사,한자어
5,불복종,0,명사,한자어
5,불복하다,0,동사,혼종어
5,불분명하다,0,형용사,혼종어
5,불사,2,명사,한자어
5,불사약,0,명사,한자어
5,불사하다,5,동사,혼종어
5,불상사,0,명사,한자어
5,불성실,0,명사,한자어
5,불소,2,명사,한자어
5,불손하다,0,형용사,혼종어
5,불순,1,명사,한자어
5,불시착하다,0,동사,혼종어
5,불식하다,3,동사,혼종어
5,불신감,0,명사,한자어
5,불신하다,1,동사,혼종어
5,불심,2,명사,한자어
5,불쏘시개,0,명사,고유어
5,불안전성,0,명사,한자어
5,불안정,0,명사,한자어
5,불알,0,명사,고유어
5,불알친구,0,명사,혼종어
5,불야성,0,명사,한자어
5,불여우,0,명사,고유어
5,불연속,0,명사,한자어
5,불온,2,명사,한자어
5,불온하다,2,형용사,혼종어
5,불운,0,명사,한자어
5,불원천리,0,명사,한자어
5,불응하다,0,동사,혼종어
5,불의,1,명사,한자어
5,불일치,0,명사,한자어
5,불입금,0,명사,한자어
5,불입액,0,명사,한자어
5,불입하다,0,동사,혼종어
5,불전,4,명사,한자어
5,불찰,1,명사,한자어
5,불철주야,0,명사,한자어
5,불청객,0,명사,한자어
5,불충분,0,명사,한자어
5,불충실하다,0,형용사,혼종어
5,불측하다,0,형용사,혼종어
5,불치,2,명사,한자어
5,불친절,0,명사,한자어
5,불침번,0,명사,한자어
5,불쾌도,0,명사,한자어
5,불쾌스럽다,0,형용사,혼종어
5,불타,0,명사,한자어
5,불탑,0,명사,한자어
5,불통,4,명사,한자어
5,불통되다,0,동사,혼종어
5,불투명,0,명사,한자어
5,불티,0,명사,고유어
5,불티나다,0,동사,고유어
5,불평불만,0,명사,한자어
5,불필요,0,명사,한자어
5,불한당,0,명사,한자어
5,불합리,0,명사,한자어
5,불합리적,0,명사/관형사,한자어
5,불합리하다,0,형용사,혼종어
5,불허,0,명사,한자어
5,불현듯이,0,부사,고유어
5,불협화음,0,명사,한자어
5,불혹,0,명사,한자어
5,불확실,0,명사,한자어
5,불확정성,0,명사,한자어
5,불확정하다,0,형용사,혼종어
5,불황,1,명사,한자어
5,불효자식,0,명사,한자어
5,불후,0,명사,한자어
5,붉으락푸르락,0,부사,고유어
5,붉으락푸르락하다,0,동사,고유어
5,붓끝,0,명사,고유어
5,붓놀림,0,명사,고유어
5,붓대,0,명사,고유어
5,붓두껍,0,명사,고유어
5,붓털,0,명사,고유어
5,붕당,0,명사,한자어
5,붕붕거리다,0,동사,고유어
5,붕새,0,명사,혼종어
5,붕우,0,명사,한자어
5,붕우유신,0,명사,한자어
5,붕하다,0,동사,혼종어
5,붙박이,0,명사,고유어
5,붙박이별,0,명사,고유어
5,붙박이장,0,명사,혼종어
5,붙임,0,명사,고유어
5,붙임표,2,명사,혼종어
5,뷔페식당,0,명사,혼종어
5,브라우저,0,명사,외래어
5,브라운관,0,명사,혼종어
5,브라질,0,명사,외래어
5,브레인스토밍,0,명사,외래어
5,브로치,2,명사,외래어
5,브루나이,0,명사,외래어
5,블레이드,0,명사,외래어
5,블로킹,0,명사,외래어
5,블루스,0,명사,외래어
5,비,4,명사,한자어
5,비,17,명사,한자어
5,비각,5,명사,한자어
5,비감,3,명사,한자어
5,비견하다,0,동사,혼종어
5,비고,5,명사,한자어
5,비공개되다,0,동사,혼종어
5,비공개적,0,명사/관형사,한자어
5,비공개회의,0,명사,한자어
5,비과세,0,명사,한자어
5,비과학적,0,명사/관형사,한자어
5,비관,5,명사,한자어
5,비관론,0,명사,한자어
5,비관론자,0,명사,한자어
5,비관적,0,명사/관형사,한자어
5,비교급,0,명사,한자어
5,비구,3,명사,한자어
5,비구니,0,명사,한자어
5,비극영화,0,명사,한자어
5,비근하다,0,형용사,혼종어
5,비끼다,0,동사,고유어
5,비난거리,0,명사,혼종어
5,비뇨기,0,명사,한자어
5,비뇨기과,0,명사,한자어
5,비늘구름,0,명사,고유어
5,비능률,0,명사,한자어
5,비능률적,0,명사/관형사,한자어
5,비단,1,부사,한자어
5,비단벌레,0,명사,혼종어
5,비단신,0,명사,혼종어
5,비단잉어,0,명사,혼종어
5,비대하다,0,형용사,혼종어
5,비데,0,명사,외래어
5,비듬,1,명사,고유어
5,비등점,0,명사,한자어
5,비등하다,1,형용사,혼종어
5,비디오카세트,0,명사,외래어
5,비뚜로,0,부사,고유어
5,비뚜름하다,0,형용사,고유어
5,비뚤다,0,형용사,고유어
5,비름,0,명사,고유어
5,비리비리,1,부사,고유어
5,비리비리하다,1,형용사,고유어
5,비매품,0,명사,한자어
5,비명횡사,0,명사,한자어
5,비몽사몽,0,명사,한자어
5,비몽사몽간,0,명사,한자어
5,비문,4,명사,한자어
5,비밀문서,0,명사,한자어
5,비발디,0,명사,외래어
5,비방,3,명사,한자어
5,비보,4,명사,한자어
5,비복,0,명사,한자어
5,비브라폰,0,명사,외래어
5,비비,2,부사,고유어
5,비비대다,0,동사,고유어
5,비비적거리다,0,동사,고유어
5,비빔국수,0,명사,고유어
5,비상,3,명사,한자어
5,비상계단,0,명사,한자어
5,비상계엄,0,명사,한자어
5,비상문,0,명사,한자어
5,비상식량,0,명사,한자어
5,비색,7,명사,한자어
5,비생산적,0,명사/관형사,한자어
5,비서관,0,명사,한자어
5,비서실,0,명사,한자어
5,비속,2,명사,한자어
5,비수,2,명사,한자어
5,비수기,0,명사,한자어
5,비슬비슬하다,0,동사,고유어
5,비슷비슷,0,부사,고유어
5,비시시,0,부사,고유어
5,비신,2,명사,한자어
5,비신사적,0,명사/관형사,한자어
5,비실비실,0,부사,고유어
5,비실비실하다,0,동사,고유어
5,비안개,0,명사,고유어
5,비애,0,명사,한자어
5,비약,3,명사,한자어
5,비약적,0,명사/관형사,한자어
5,비오리,0,명사,고유어
5,비운,3,명사,한자어
5,비위생적,0,명사/관형사,한자어
5,비유되다,0,동사,혼종어
5,비유법,0,명사,한자어
5,비인도적,0,명사/관형사,한자어
5,비일비재하다,0,형용사,혼종어
5,비자금,0,명사,한자어
5,비자나무,0,명사,혼종어
5,비장,2,명사,한자어
5,비장,6,명사,한자어
5,비장하다,1,형용사,혼종어
5,비정하다,1,동사,혼종어
5,비주류,0,명사,한자어
5,비죽비죽,1,부사,고유어
5,비죽이,1,부사,고유어
5,비준,2,명사,한자어
5,비즈니스,0,명사,외래어
5,비지찌개,0,명사,고유어
5,비질,1,명사,고유어
5,비질하다,0,동사,고유어
5,비쭉거리다,0,동사,고유어
5,비쭉비쭉,2,부사,고유어
5,비참히,0,부사,혼종어
5,비축,0,명사,한자어
5,비축하다,0,동사,혼종어
5,비취,1,명사,한자어
5,비취다,0,동사,고유어
5,비취옥,0,명사,한자어
5,비치되다,0,동사,혼종어
5,비치파라솔,0,명사,외래어
5,비켜나다,0,동사,고유어
5,비탄,2,명사,한자어
5,비탈밭,0,명사,고유어
5,비통하다,1,형용사,혼종어
5,비트,2,명사,외래어
5,비파,2,명사,한자어
5,비판력,0,명사,한자어
5,비평,0,명사,한자어
5,비평가,0,명사,한자어
5,비평문,0,명사,한자어
5,비폭력주의,0,명사,한자어
5,비표준어,0,명사,한자어
5,비품,2,명사,한자어
5,비프스테이크,0,명사,외래어
5,비합리,0,명사,한자어
5,비행기구,0,명사,한자어
5,비호,1,명사,한자어
5,비호,2,명사,한자어
5,비호하다,1,동사,혼종어
5,비효율적,0,명사/관형사,한자어
5,빅뉴스,0,명사,외래어
5,빈,6,명사,외래어
5,빈곤국,0,명사,한자어
5,빈구석,0,명사,고유어
5,빈궁하다,0,형용사,혼종어
5,빈껍데기,0,명사,고유어
5,빈농,0,명사,한자어
5,빈도수,0,명사,한자어
5,빈말,0,명사,고유어
5,빈민굴,1,명사,한자어
5,빈민층,0,명사,한자어
5,빈소,2,명사,한자어
5,빈주먹,0,명사,고유어
5,빈처,0,명사,한자어
5,빈천,1,명사,한자어
5,빈축,2,명사,한자어
5,빌붙다,0,동사,고유어
5,빌빌거리다,0,동사,고유어
5,빌어먹다,0,동사,고유어
5,빌어먹을,0,관형사/감탄사,고유어
5,빗길,0,명사,고유어
5,빗맞다,0,동사,고유어
5,빗발,0,명사,고유어
5,빗변,0,명사,혼종어
5,빗장,0,명사,고유어
5,빗질,0,명사,고유어
5,빙그르,0,부사,고유어
5,빙글빙글,1,부사,고유어
5,빙설,0,명사,한자어
5,빙자하다,0,동사,혼종어
5,빙점,0,명사,한자어
5,빙하기,0,명사,한자어
5,빚더미,0,명사,고유어
5,빛바래다,0,형용사,고유어
5,빛살,0,명사,고유어
5,빠개다,0,동사,고유어
5,빠개지다,0,동사,고유어
5,빠끔빠끔,2,부사,고유어
5,빠짝,0,부사,고유어
5,빠짝빠짝,0,부사,고유어
5,빤질거리다,0,동사,고유어
5,빤짝거리다,0,동사,고유어
5,빤짝이다,0,동사,고유어
5,빨가벗다,0,동사,고유어
5,빨간약,0,명사,혼종어
5,빨갱이,1,명사,고유어
5,빨갱이질,0,명사,고유어
5,빨딱빨딱,0,부사,고유어
5,빨래꾼,0,명사,고유어
5,빨랫방망이,0,명사,고유어
5,빨리다,2,동사,고유어
5,빨리다,3,동사,고유어
5,빨빨거리다,0,동사,고유어
5,빨아내다,0,동사,고유어
5,빨치산,0,명사,외래어
5,빨판,0,명사,고유어
5,빼곡히,0,부사,고유어
5,빼다,2,동사,고유어
5,빼다,3,동사,고유어
5,빼닮다,0,동사,고유어
5,빼물다,0,동사,고유어
5,빽빽,1,부사,고유어
5,빽빽거리다,0,동사,고유어
5,뺀질거리다,0,동사,고유어
5,뺀질뺀질,0,부사,고유어
5,뺀질이,0,명사,고유어
5,뺑,0,부사,고유어
5,뺑글,0,부사,고유어
5,뺑글뺑글,1,부사,고유어
5,뺑소니치다,0,동사,고유어
5,뻐꾹새,0,명사,고유어
5,뻐드러지다,0,동사,고유어
5,뻑뻑,1,부사,고유어
5,뻑적지근하다,0,형용사,고유어
5,뻔질나다,0,형용사,고유어
5,뻔쩍,2,부사,고유어
5,뻗대다,0,동사,고유어
5,뻘쭘하다,0,형용사,고유어
5,뻥긋하다,1,동사,고유어
5,뻥쟁이,0,명사,고유어
5,뻥치다,0,동사,고유어
5,뻥튀기하다,0,동사,고유어
5,뼈아프다,0,형용사,고유어
5,뼛골,0,명사,혼종어
5,뼛속,0,명사,고유어
5,뽀르르,0,부사,고유어
5,뽕,3,명사,고유어
5,뾰루지,0,명사,고유어
5,뾰족코,0,명사,고유어
5,뾰쪽,0,부사,고유어
5,뾰쪽하다,0,형용사,고유어
5,뿌다구니,0,명사,고유어
5,뿌리박다,0,동사,고유어
5,뿌리줄기,0,명사,고유어
5,뿌리채소,0,명사,혼종어
5,뿌직뿌직,0,부사,고유어
5,뿍,1,부사,고유어
5,뿍뿍,0,부사,고유어
5,뿐,1,의존 명사,고유어
5,뿔피리,0,명사,고유어
5,뿡,0,부사,고유어
5,삐거덕,0,부사,고유어
5,삐뚜름하다,0,형용사,고유어
5,삐죽이,2,부사,고유어
5,삐죽이다,0,동사,고유어
5,삐죽하다,1,형용사,고유어
5,삐쩍,0,부사,고유어
5,삑,1,부사,고유어
5,삘기,0,명사,고유어
5,사,14,명사,한자어
5,사,25,명사,한자어
5,사각기둥,0,명사,혼종어
5,사각모,0,명사,한자어
5,사각봉투,0,명사,한자어
5,사각팬티,0,명사,혼종어
5,사감,4,명사,한자어
5,사경,6,명사,한자어
5,사계,3,명사,한자어
5,사고,2,명사,한자어
5,사고뭉치,0,명사,혼종어
5,사고하다,2,동사,혼종어
5,사골,1,명사,한자어
5,사과드리다,0,동사,혼종어
5,사관,2,명사,한자어
5,사관,4,명사,한자어
5,사관생도,0,명사,한자어
5,사관후보생,0,명사,한자어
5,사교,9,명사,한자어
5,사교성,0,명사,한자어
5,사교육,0,명사,한자어
5,사교육비,0,명사,한자어
5,사구,6,명사,한자어
5,사군이충,0,명사,한자어
5,사군자,2,명사,한자어
5,사그라지다,0,동사,고유어
5,사극,1,명사,한자어
5,사근사근하다,0,형용사,고유어
5,사글세,0,명사,혼종어
5,사금,2,명사,한자어
5,사금파리,0,명사,고유어
5,사기,11,명사,한자어
5,사기,25,명사,한자어
5,사나흘,0,명사,고유어
5,사날,1,명사,고유어
5,사내애,0,명사,고유어
5,사닥다리,0,명사,고유어
5,사단장,0,명사,한자어
5,사당,5,명사,한자어
5,사대주의,0,명사,한자어
5,사도,10,명사,한자어
5,사돈어른,0,명사,혼종어
5,사돈처녀,0,명사,한자어
5,사돈총각,0,명사,한자어
5,사동,3,명사,한자어
5,사동사,0,명사,한자어
5,사락사락,2,부사,고유어
5,사랑,2,명사,한자어
5,사랑니,0,명사,고유어
5,사랑채,0,명사,혼종어
5,사레,0,명사,고유어
5,사력,3,명사,한자어
5,사례,8,명사,한자어
5,사례금,0,명사,한자어
5,사례하다,0,동사,고유어
5,사뢰다,0,동사,고유어
5,사료,1,명사,한자어
5,사륜,1,명사,한자어
5,사르다,1,동사,고유어
5,사르륵,0,부사,고유어
5,사르륵사르륵,0,부사,고유어
5,사리,1,명사,고유어
5,사리,6,명사,한자어
5,사리,7,명사,한자어
5,사리탑,0,명사,한자어
5,사림,1,명사,한자어
5,사립,1,명사,고유어
5,사립짝,0,명사,고유어
5,사면,4,명사,한자어
5,사면,5,명사,한자어
5,사면초가,0,명사,한자어
5,사모,8,명사,한자어
5,사모관대,0,명사,한자어
5,사무관,0,명사,한자어
5,사무기기,0,명사,한자어
5,사무장,0,명사,한자어
5,사뭇,0,부사,고유어
5,사박사박,0,부사,고유어
5,사발통문,0,명사,한자어
5,사방,4,명사,한자어
5,사법권,0,명사,한자어
5,사변형,1,명사,한자어
5,사별,1,명사,한자어
5,사별하다,1,동사,혼종어
5,사보,6,명사,한자어
5,사비,4,명사,한자어
5,사비성,0,명사,한자어
5,사사,23,명사,한자어
5,사사건건,0,명사/부사,한자어
5,사사조,0,명사,한자어
5,사산,4,명사,한자어
5,사살되다,0,동사,혼종어
5,사상범,0,명사,한자어
5,사상성,0,명사,한자어
5,사상적,0,명사/관형사,한자어
5,사색,1,명사,한자어
5,사색,3,명사,한자어
5,사색,4,명사,한자어
5,사색당파,0,명사,한자어
5,사색적,0,명사/관형사,한자어
5,사색하다,2,동사,혼종어
5,사생,3,명사,한자어
5,사생,7,명사,한자어
5,사생결단,0,명사,한자어
5,사생아,0,명사,한자어
5,사생화,0,명사,한자어
5,사서삼경,0,명사,한자어
5,사서오경,0,명사,한자어
5,사서함,0,명사,한자어
5,사석,4,명사,한자어
5,사선,7,명사,한자어
5,사설시조,0,명사,한자어
5,사설탐정,0,명사,한자어
5,사수,14,명사,한자어
5,사수자리,0,명사,혼종어
5,사수하다,1,동사,혼종어
5,사시,5,명사,한자어
5,사시,16,명사,한자어
5,사시사철,0,명사,혼종어
5,사시절,0,명사,한자어
5,사식,2,명사,한자어
5,사실,1,명사,한자어
5,사실무근,0,명사,한자어
5,사실상,0,명사/부사,한자어
5,사실주의,0,명사,한자어
5,사십구재,0,명사,한자어
5,사씨남정기,0,명사,한자어
5,사약,3,명사,한자어
5,사약,6,명사,한자어
5,사업자,0,명사,한자어
5,사역,6,명사,한자어
5,사옥,3,명사,한자어
5,사욕,3,명사,한자어
5,사우디아라비아,0,명사,외래어
5,사위다,0,동사,고유어
5,사유지,0,명사,한자어
5,사육제,0,명사,한자어
5,사육지,1,명사,한자어
5,사은회,0,명사,한자어
5,사의,22,명사,한자어
5,사이보그,0,명사,외래어
5,사이시옷,0,명사,고유어
5,사이클,0,명사/의존 명사,외래어
5,사익,0,명사,한자어
5,사임,2,명사,한자어
5,사자,6,명사,한자어
5,사자놀음,0,명사,혼종어
5,사자놀이,0,명사,혼종어
5,사자성어,0,명사,한자어
5,사장조,0,명사,혼종어
5,사재,4,명사,한자어
5,사재기,0,명사,고유어
5,사적,5,명사,한자어
5,사절,8,명사,한자어
5,사절하다,1,동사,혼종어
5,사절하다,4,동사,혼종어
5,사정,14,명사,한자어
5,사정되다,0,동사,혼종어
5,사제,7,명사,한자어
5,사제,10,명사,한자어
5,사조,6,명사,한자어
5,사족,2,명사,한자어
5,사족,3,명사,한자어
5,사죄,4,명사,한자어
5,사주단자,0,명사,한자어
5,사주팔자,0,명사,한자어
5,사중주,0,명사,한자어
5,사중창,0,명사,한자어
5,사증,4,명사,한자어
5,사지,6,명사,한자어
5,사지,10,명사,한자어
5,사직,2,명사,한자어
5,사직,3,명사,한자어
5,사직서,2,명사,한자어
5,사진술,0,명사,한자어
5,사진엽서,0,명사,한자어
5,사차원,0,명사,한자어
5,사창,2,명사,한자어
5,사창가,0,명사,한자어
5,사채,1,명사,한자어
5,사체,6,명사,한자어
5,사초,2,명사,한자어
5,사치품,0,명사,한자어
5,사타구니,0,명사,고유어
5,사탄,4,명사,외래어
5,사탕무,0,명사,혼종어
5,사탕발림,0,명사,혼종어
5,사태,1,명사,고유어
5,사퇴하다,3,동사,혼종어
5,사파이어,0,명사,외래어
5,사팔뜨기,0,명사,고유어
5,사포,5,명사,한자어
5,사포닌,0,명사,외래어
5,사표,5,명사,한자어
5,사푼사푼,0,부사,고유어
5,사필귀정,0,명사,한자어
5,사학,1,명사,한자어
5,사학가,0,명사,한자어
5,사학자,0,명사,한자어
5,사할린,0,명사,외래어
5,사해,3,명사,한자어
5,사행시,0,명사,한자어
5,사행심,0,명사,한자어
5,사형대,0,명사,한자어
5,사형수,0,명사,한자어
5,사화,1,명사,한자어
5,사화산,0,명사,한자어
5,사환,3,명사,한자어
5,사활,0,명사,한자어
5,사회권,0,명사,한자어
5,사회단체,0,명사,한자어
5,사회법,0,명사,한자어
5,사회봉사,0,명사,한자어
5,사회사업,0,명사,한자어
5,사회악,0,명사,한자어
5,사회적,0,명사/관형사,한자어
5,사회학,0,명사,한자어
5,사회화,0,명사,한자어
5,사후,3,명사,한자어
5,사흗날,0,명사,고유어
5,삭감,0,명사,한자어
5,삭발,0,명사,한자어
5,삭신,0,명사,고유어
5,삭정이,0,명사,고유어
5,산,6,명사,한자어
5,산,7,명사,한자어
5,산간벽지,0,명사,한자어
5,산고,2,명사,한자어
5,산국,2,명사,한자어
5,산굽이,0,명사,혼종어
5,산그늘,0,명사,혼종어
5,산꽃,2,명사,혼종어
5,산달,2,명사,혼종어
5,산대놀이,0,명사,혼종어
5,산등,0,명사,혼종어
5,산란,2,명사,한자어
5,산란하다,1,동사,혼종어
5,산록,1,명사,한자어
5,산림녹화,0,명사,한자어
5,산림욕,0,명사,한자어
5,산마을,0,명사,혼종어
5,산막,1,명사,한자어
5,산문시,0,명사,한자어
5,산발,3,명사,한자어
5,산발적,0,명사/관형사,한자어
5,산발치,0,명사,혼종어
5,산방산,0,명사,한자어
5,산밭,0,명사,혼종어
5,산부인과의,0,명사,한자어
5,산상,1,명사,한자어
5,산성화,0,명사,한자어
5,산성화되다,0,동사,혼종어
5,산성화하다,0,동사,혼종어
5,산세,0,명사,한자어
5,산소마스크,0,명사,혼종어
5,산수,1,명사,한자어
5,산신각,0,명사,한자어
5,산신제,0,명사,한자어
5,산실,1,명사,한자어
5,산악자전거,0,명사,한자어
5,산악회,0,명사,한자어
5,산야,0,명사,한자어
5,산어귀,0,명사,혼종어
5,산언덕,0,명사,혼종어
5,산업별,0,명사,한자어
5,산업적,0,명사/관형사,한자어
5,산유국,0,명사,한자어
5,산인,1,명사,한자어
5,산재되다,0,동사,혼종어
5,산재하다,1,동사,혼종어
5,산적하다,1,동사/형용사,혼종어
5,산전,1,명사,한자어
5,산전수전,0,명사,한자어
5,산정,9,명사,한자어
5,산지기,0,명사,혼종어
5,산지식,0,명사,혼종어
5,산천단,0,명사,한자어
5,산천어,0,명사,한자어
5,산천초목,0,명사,한자어
5,산출,2,명사,한자어
5,산출되다,1,동사,혼종어
5,산출되다,2,동사,혼종어
5,산출하다,1,동사,혼종어
5,산출하다,2,동사,혼종어
5,산통,2,명사,한자어
5,산통,3,명사,한자어
5,산파,2,명사,한자어
5,산하,3,명사,한자어
5,산화,6,명사,한자어
5,산후조리,0,명사,한자어
5,살가죽,0,명사,고유어
5,살균력,0,명사,한자어
5,살균제,0,명사,한자어
5,살기,3,명사,한자어
5,살기등등하다,0,형용사,혼종어
5,살뜰하다,0,형용사,고유어
5,살림꾼,0,명사,고유어
5,살무사,0,명사,고유어
5,살벌하다,0,동사/형용사,혼종어
5,살붙이,0,명사,고유어
5,살빛,0,명사,고유어
5,살살,3,부사,고유어
5,살상하다,0,동사,혼종어
5,살색,0,명사,혼종어
5,살생유택,0,명사,한자어
5,살신성인,0,명사,한자어
5,살인강도,0,명사,한자어
5,살인범,0,명사,한자어
5,살인적,0,명사/관형사,한자어
5,살점,0,명사,혼종어
5,살지다,0,형용사,고유어
5,살집,0,명사,고유어
5,살짝살짝,0,부사,고유어
5,살충,0,명사,한자어
5,살코기,0,명사,고유어
5,살판나다,0,동사,고유어
5,살포,2,명사,한자어
5,살풀이,0,명사,혼종어
5,살풀이춤,0,명사,혼종어
5,살풍경,0,명사,한자어
5,살해자,0,명사,한자어
5,삵,0,명사,고유어
5,삼,9,명사,한자어
5,삼각기둥,0,명사,혼종어
5,삼각주,2,명사,한자어
5,삼강행실도,0,명사,한자어
5,삼경,1,명사,한자어
5,삼경,7,명사,한자어
5,삼광,0,명사,한자어
5,삼국사기,0,명사,한자어
5,삼국유사,0,명사,한자어
5,삼국지,0,명사,한자어
5,삼국지연의,0,명사,한자어
5,삼군,0,명사,한자어
5,삼굿,0,명사,고유어
5,삼남,2,명사,한자어
5,삼대목,0,명사,한자어
5,삼두마차,0,명사,한자어
5,삼등분,0,명사,한자어
5,삼등분하다,0,동사,혼종어
5,삼라만상,0,명사,한자어
5,삼매,0,명사,한자어
5,삼매경,0,명사,한자어
5,삼모작,0,명사,한자어
5,삼밭,1,명사,고유어
5,삼복더위,0,명사,혼종어
5,삼삼오오,0,명사,한자어
5,삼삼하다,1,형용사,고유어
5,삼삼하다,2,형용사,고유어
5,삼선,2,명사,한자어
5,삼수갑산,0,명사,한자어
5,삼신할미,0,명사,혼종어
5,삼십육계,0,명사,한자어
5,삼십팔도선,0,명사,한자어
5,삼엄하다,0,형용사,혼종어
5,삼엄히,0,부사,혼종어
5,삼엽충,0,명사,한자어
5,삼우제,0,명사,한자어
5,삼위,1,명사,한자어
5,삼위일체,0,명사,한자어
5,삼인칭,0,명사,한자어
5,삼일장,0,명사,한자어
5,삼종,4,명사,한자어
5,삼중,3,명사,한자어
5,삼중주,1,명사,한자어
5,삼중창,0,명사,한자어
5,삼진,1,명사,한자어
5,삼짇날,0,명사,혼종어
5,삼차원,0,명사,한자어
5,삼척동자,0,명사,한자어
5,삼천리,2,명사,한자어
5,삼치구이,0,명사,고유어
5,삼칠일,0,명사,한자어
5,삼태기,0,명사,고유어
5,삼투압,0,명사,한자어
5,삼화음,0,명사,한자어
5,삽사리,2,명사,고유어
5,삽상하다,0,형용사,혼종어
5,삽시,3,명사,한자어
5,삽자루,0,명사,고유어
5,삽질,0,명사,고유어
5,삽짝,0,명사,고유어
5,삿대질하다,0,동사,고유어
5,상,8,명사,한자어
5,상,18,명사,한자어
5,상,22,명사,한자어
5,상가,8,명사,한자어
5,상갓집,0,명사,혼종어
5,상강,0,명사,한자어
5,상거래,0,명사,한자어
5,상경,1,명사,한자어
5,상경하다,1,동사,혼종어
5,상고,1,명사,한자어
5,상고,3,명사,한자어
5,상고,8,명사,한자어
5,상공,7,명사,한자어
5,상관,1,명사,한자어
5,상관성,0,명사,한자어
5,상궁,2,명사,한자어
5,상권,3,명사,한자어
5,상궤,0,명사,한자어
5,상급반,0,명사,한자어
5,상급생,0,명사,한자어
5,상기,1,명사,한자어
5,상기,17,명사,한자어
5,상기하다,1,동사,혼종어
5,상기하다,6,동사,혼종어
5,상냥스럽다,0,형용사,고유어
5,상냥히,0,부사,고유어
5,상념,0,명사,한자어
5,상달,1,명사,혼종어
5,상당하다,2,동사/형용사,혼종어
5,상대자,0,명사,한자어
5,상등병,0,명사,한자어
5,상량식,0,명사,한자어
5,상례,5,명사,한자어
5,상례,7,명사,한자어
5,상록수,2,명사,한자어
5,상머리,0,명사,혼종어
5,상면,2,명사,한자어
5,상반되다,0,동사,혼종어
5,상반신,0,명사,한자어
5,상법,2,명사,한자어
5,상병,1,명사,한자어
5,상보,1,명사,한자어
5,상부,3,명사,한자어
5,상비되다,0,동사,혼종어
5,상비약,0,명사,한자어
5,상상도,0,명사,한자어
5,상상봉,0,명사,한자어
5,상상적,0,명사/관형사,한자어
5,상서롭다,0,형용사,혼종어
5,상석,4,명사,한자어
5,상선,6,명사,한자어
5,상설,3,명사,한자어
5,상소,3,명사,한자어
5,상소리,0,명사,혼종어
5,상소하다,1,동사,혼종어
5,상소하다,2,동사,혼종어
5,상속세,0,명사,한자어
5,상속자,0,명사,한자어
5,상쇄,0,명사,한자어
5,상쇠,0,명사,혼종어
5,상수,2,명사,한자어
5,상수,9,명사,한자어
5,상수리,1,명사,고유어
5,상순,1,명사,한자어
5,상술,4,명사,한자어
5,상습적,0,명사/관형사,한자어
5,상시,4,명사,한자어
5,상실,5,명사,한자어
5,상실감,0,명사,한자어
5,상아색,0,명사,한자어
5,상아탑,0,명사,한자어
5,상앗대,0,명사,고유어
5,상업성,0,명사,한자어
5,상여,1,명사,한자어
5,상여금,0,명사,한자어
5,상연,2,명사,한자어
5,상연하다,1,동사,혼종어
5,상영작,0,명사,한자어
5,상오,2,명사,한자어
5,상용,3,명사,한자어
5,상용하다,3,동사,혼종어
5,상원,3,명사,한자어
5,상응하다,0,동사,혼종어
5,상이,4,명사,한자어
5,상임,0,명사,한자어
5,상정,3,명사,한자어
5,상제,1,명사,한자어
5,상제,9,명사,한자어
5,상조,3,명사,한자어
5,상조하다,1,동사,혼종어
5,상종,3,명사,한자어
5,상주,12,명사,한자어
5,상주하다,1,동사,혼종어
5,상징적,0,명사/관형사,한자어
5,상책,2,명사,한자어
5,상처투성이,0,명사,혼종어
5,상처하다,0,동사,혼종어
5,상충되다,0,동사,혼종어
5,상층,0,명사,한자어
5,상통하다,2,동사,혼종어
5,상투적,0,명사/관형사,한자어
5,상패,4,명사,한자어
5,상편,0,명사,한자어
5,상평창,0,명사,한자어
5,상평통보,0,명사,한자어
5,상하이,0,명사,외래어
5,상해,1,명사,한자어
5,상해,3,명사,한자어
5,상행,1,명사,한자어
5,상향,1,명사,한자어
5,상황실,0,명사,한자어
5,상흔,0,명사,한자어
5,샅,0,명사,고유어
5,새,4,명사,고유어
5,새경,0,명사,고유어
5,새근거리다,1,동사,고유어
5,새기다,2,동사,고유어
5,새김질하다,2,동사,고유어
5,새끼치기,0,명사,고유어
5,새날,0,명사,고유어
5,새내기,0,명사,고유어
5,새달,0,명사,고유어
5,새댁,0,명사,혼종어
5,새말,0,명사,고유어
5,새매,0,명사,고유어
5,새바람,0,명사,고유어
5,새벽같이,0,부사,고유어
5,새벽달,0,명사,고유어
5,새벽안개,0,명사,고유어
5,새벽잠,0,명사,고유어
5,새벽차,0,명사,혼종어
5,새벽하늘,0,명사,고유어
5,새신랑,0,명사,혼종어
5,새알심,0,명사,혼종어
5,새옹지마,0,명사,한자어
5,새우등,0,명사,고유어
5,새우무침,0,명사,고유어
5,새우잠,0,명사,고유어
5,새우젓국,0,명사,고유어
5,새우찌개,0,명사,고유어
5,새우탕,0,명사,혼종어
5,새장가,0,명사,고유어
5,새초롬하다,0,형용사/동사,고유어
5,새치,1,명사,고유어
5,새치름하다,0,형용사/동사,고유어
5,새침하다,0,형용사/동사,고유어
5,새큼하다,0,형용사,고유어
5,색각,0,명사,한자어
5,색감,0,명사,한자어
5,색도,3,명사,한자어
5,색맹,0,명사,한자어
5,색상환,0,명사,한자어
5,색시비,0,명사,고유어
5,색약,0,명사,한자어
5,색유리,0,명사,한자어
5,색조,2,명사,한자어
5,색출,0,명사,한자어
5,샐러드드레싱,0,명사,외래어
5,샐러리맨,0,명사,외래어
5,샐룩하다,0,동사,고유어
5,샘내다,0,동사,고유어
5,샘물터,0,명사,고유어
5,샛강,0,명사,혼종어
5,샛문,0,명사,혼종어
5,생것,0,명사,혼종어
5,생고기,0,명사,혼종어
5,생고생,0,명사,한자어
5,생과일,0,명사,혼종어
5,생글거리다,0,동사,고유어
5,생긋이,0,부사,고유어
5,생기발랄하다,0,형용사,혼종어
5,생김,0,명사,혼종어
5,생김생김,0,명사,고유어
5,생나무,0,명사,혼종어
5,생난리,0,명사,한자어
5,생년,0,명사,한자어
5,생도,1,명사,한자어
5,생떼,0,명사,혼종어
5,생령,0,명사,한자어
5,생로병사,0,명사,한자어
5,생률,0,명사,한자어
5,생매장,0,명사,한자어
5,생머리,2,명사,혼종어
5,생면부지,0,명사,한자어
5,생명수,1,명사,한자어
5,생모,3,명사,한자어
5,생목숨,0,명사,혼종어
5,생부,0,명사,한자어
5,생사람,0,명사,혼종어
5,생산액,0,명사,한자어
5,생산재,0,명사,한자어
5,생살,1,명사,혼종어
5,생새우,0,명사,혼종어
5,생색,0,명사,한자어
5,생색내다,0,동사,혼종어
5,생선묵,0,명사,혼종어
5,생선전,1,명사,한자어
5,생선포,0,명사,한자어
5,생소하다,0,형용사,혼종어
5,생시,0,명사,한자어
5,생식,1,명사,한자어
5,생원,0,명사,한자어
5,생육신,0,명사,한자어
5,생전,1,명사/부사,한자어
5,생중계,0,명사,한자어
5,생질,0,명사,한자어
5,생초,2,명사,한자어
5,생크림,0,명사,혼종어
5,생태,1,명사,한자어
5,생트집,0,명사,혼종어
5,생판,0,명사/부사,혼종어
5,생포,2,명사,한자어
5,생포하다,0,동사,혼종어
5,생화,3,명사,한자어
5,생활관,1,명사,한자어
5,생활력,0,명사,한자어
5,생활면,0,명사,한자어
5,생활사,0,명사,한자어
5,생활신조,0,명사,한자어
5,생활용품,0,명사,한자어
5,생활인,0,명사,한자어
5,생활적,0,명사/관형사,한자어
5,생황,0,명사,한자어
5,샤머니즘,0,명사,외래어
5,샤프,3,명사,외래어
5,샹들리에,0,명사,외래어
5,샹송,2,명사,외래어
5,서,3,관형사,고유어
5,서가,3,명사,한자어
5,서간문,0,명사,한자어
5,서거하다,0,동사,혼종어
5,서걱,0,부사,고유어
5,서걱거리다,0,동사,고유어
5,서고,1,명사,한자어
5,서구,2,명사,한자어
5,서귀포,0,명사,한자어
5,서글서글하다,0,형용사,고유어
5,서글픔,0,명사,고유어
5,서기,4,명사,한자어
5,서기관,0,명사,한자어
5,서까래,0,명사,고유어
5,서남서,0,명사,한자어
5,서남아시아,0,명사,혼종어
5,서낭,0,명사,고유어
5,서낭신,0,명사,혼종어
5,서넛,0,수사,고유어
5,서도,8,명사,한자어
5,서독,1,명사,한자어
5,서동요,0,명사,한자어
5,서두,1,명사,한자어
5,서두,2,명사,한자어
5,서둘다,0,동사,고유어
5,서라벌,0,명사,한자어
5,서력,1,명사,한자어
5,서력기원,0,명사,한자어
5,서류철,0,명사,한자어
5,서릿발,0,명사,고유어
5,서면,3,명사,한자어
5,서무실,0,명사,한자어
5,서민적,0,명사/관형사,한자어
5,서민층,0,명사,한자어
5,서법,1,명사,한자어
5,서브하다,0,동사,혼종어
5,서사,13,명사,한자어
5,서사시,0,명사,한자어
5,서사적,0,명사/관형사,한자어
5,서술되다,0,동사,혼종어
5,서술부,0,명사,한자어
5,서술형,2,명사,한자어
5,서슬,1,명사,고유어
5,서식,1,명사,한자어
5,서식하다,0,동사,혼종어
5,서신,1,명사,한자어
5,서양장기,0,명사,한자어
5,서양화가,0,명사,한자어
5,서열,1,명사,한자어
5,서울내기,0,명사,고유어
5,서유견문,0,명사,한자어
5,서유럽,0,명사,혼종어
5,서인,1,명사,한자어
5,서정,4,명사,한자어
5,서정시,0,명사,한자어
5,서정적,0,명사/관형사,한자어
5,서진,4,명사,한자어
5,서찰,2,명사,한자어
5,서창,3,명사,한자어
5,서편제,0,명사,한자어
5,서푼,1,명사,고유어
5,서한,2,명사,한자어
5,서향,1,명사,한자어
5,서화,1,명사,한자어
5,석,5,의존 명사,한자어
5,석가,3,명사,한자어
5,석간,1,명사,한자어
5,석간신문,0,명사,한자어
5,석굴,2,명사,한자어
5,석궁,0,명사,한자어
5,석권,0,명사,한자어
5,석물,0,명사,한자어
5,석별,0,명사,한자어
5,석보상절,0,명사,한자어
5,석비,2,명사,한자어
5,석상,4,명사,한자어
5,석수,1,명사,한자어
5,석순,1,명사,한자어
5,석식,0,명사,한자어
5,석실묘,0,명사,한자어
5,석연하다,0,형용사,혼종어
5,석유곤로,0,명사,한자어
5,석유등,0,명사,한자어
5,석전,1,명사,한자어
5,석조,4,명사,한자어
5,석주,1,명사,한자어
5,석차,0,명사,한자어
5,석판화,0,명사,한자어
5,석학,0,명사,한자어
5,선,9,명사,한자어
5,선,16,명사,한자어
5,선각자,0,명사,한자어
5,선거법,0,명사,한자어
5,선거전,0,명사,한자어
5,선거철,0,명사,혼종어
5,선걸음,0,명사,고유어
5,선견지명,0,명사,한자어
5,선결,1,명사,한자어
5,선관위,0,명사,한자어
5,선교,2,명사,한자어
5,선교하다,1,동사,혼종어
5,선구자,0,명사,한자어
5,선금,2,명사,한자어
5,선남선녀,0,명사,한자어
5,선단,6,명사,한자어
5,선달,2,명사,한자어
5,선돌,0,명사,고유어
5,선동,4,명사,한자어
5,선동하다,0,동사,혼종어
5,선들선들,0,부사,고유어
5,선뜩선뜩하다,0,동사/형용사,고유어
5,선량,1,명사,한자어
5,선례,0,명사,한자어
5,선망,4,명사,한자어
5,선머슴,0,명사,고유어
5,선명,4,명사,한자어
5,선무당,0,명사,고유어
5,선미,2,명사,한자어
5,선보다,0,동사,고유어
5,선봉,1,명사,한자어
5,선봉장,0,명사,한자어
5,선불,1,명사,고유어
5,선불,4,명사,한자어
5,선사,13,명사,한자어
5,선산,1,명사,한자어
5,선상,3,명사,한자어
5,선서,5,명사,한자어
5,선선히,0,부사,고유어
5,선수,1,명사,한자어
5,선수촌,0,명사,한자어
5,선술집,0,명사,고유어
5,선실,1,명사,한자어
5,선악,2,명사,한자어
5,선암사,0,명사,한자어
5,선약,2,명사,한자어
5,선양,1,명사,한자어
5,선열,1,명사,한자어
5,선영,1,명사,한자어
5,선왕,1,명사,한자어
5,선용,4,명사,한자어
5,선운사,0,명사,한자어
5,선인,2,명사,한자어
5,선임,1,명사,한자어
5,선입관,0,명사,한자어
5,선잠,1,명사,고유어
5,선적,2,명사,한자어
5,선전,7,명사,한자어
5,선전관,1,명사,한자어
5,선전하다,4,동사,혼종어
5,선점,1,명사,한자어
5,선정,5,명사,한자어
5,선제공격,0,명사,한자어
5,선종,9,명사,한자어
5,선죽교,0,명사,한자어
5,선지,1,명사,고유어
5,선집,0,명사,한자어
5,선짓국,0,명사,고유어
5,선착순,0,명사,한자어
5,선착하다,1,동사,혼종어
5,선처,2,명사,한자어
5,선천적,0,명사/관형사,한자어
5,선출,2,명사,한자어
5,선취,2,명사,한자어
5,선친,0,명사,한자어
5,선크림,0,명사,외래어
5,선택권,0,명사,한자어
5,선편,3,명사,한자어
5,선풍,2,명사,한자어
5,선현,1,명사,한자어
5,선혈,0,명사,한자어
5,선형,5,명사,한자어
5,선호,3,명사,한자어
5,선후,2,명사,한자어
5,섣부르다,0,형용사,고유어
5,설경,3,명사,한자어
5,설교,2,명사,한자어
5,설교자,0,명사,한자어
5,설교하다,0,동사,혼종어
5,설득적,0,명사/관형사,한자어
5,설레설레,0,부사,고유어
5,설비하다,0,동사,혼종어
5,설설,1,부사,고유어
5,설악산,0,명사,한자어
5,설왕설래,0,명사,한자어
5,설욕,1,명사,한자어
5,설욕하다,0,동사,혼종어
5,설워하다,0,동사,고유어
5,설음식,0,명사,혼종어
5,설익다,0,동사,고유어
5,설장구,0,명사,고유어
5,설전,1,명사,한자어
5,설피,0,명사,한자어
5,설혹,0,부사,한자어
5,설화적,0,명사/관형사,한자어
5,섬,1,명사/의존 명사,고유어
5,섬광,1,명사,한자어
5,섬돌,0,명사,고유어
5,섬뜩,0,부사,고유어
5,섬마을,0,명사,고유어
5,섬멸,0,명사,한자어
5,섬세성,0,명사,한자어
5,섬세히,0,부사,혼종어
5,섬유소,0,명사,한자어
5,섬진강,0,명사,한자어
5,섬찟하다,0,형용사,고유어
5,섭렵,0,명사,한자어
5,섭생,0,명사,한자어
5,섭외,1,명사,한자어
5,섭정,0,명사,한자어
5,성,1,명사,고유어
5,성,3,의존 명사,고유어
5,성가,4,명사,한자어
5,성가대,0,명사,한자어
5,성격적,0,명사/관형사,한자어
5,성결교,0,명사,한자어
5,성결하다,0,형용사,혼종어
5,성공률,0,명사,한자어
5,성공리,0,명사,한자어
5,성공회,0,명사,한자어
5,성과급,0,명사,한자어
5,성관계,0,명사,한자어
5,성교,1,명사,한자어
5,성교하다,0,동사,혼종어
5,성군,4,명사,한자어
5,성급히,0,부사,혼종어
5,성기다,0,형용사,고유어
5,성내,0,명사,한자어
5,성대모사,0,명사,한자어
5,성덕,4,명사,한자어
5,성량,0,명사,한자어
5,성령,2,명사,한자어
5,성모,1,명사,한자어
5,성물,0,명사,한자어
5,성미,1,명사,한자어
5,성병,2,명사,한자어
5,성부,4,명사,한자어
5,성부,6,명사,한자어
5,성생활,0,명사,한자어
5,성성하다,0,형용사,혼종어
5,성쇠,0,명사,한자어
5,성수기,0,명사,한자어
5,성신,4,명사,한자어
5,성실성,0,명사,한자어
5,성심,4,명사,한자어
5,성싶다,0,보조 형용사,고유어
5,성어,1,명사,한자어
5,성에,1,명사,고유어
5,성역,2,명사,한자어
5,성욕,2,명사,한자어
5,성운,2,명사,한자어
5,성웅,0,명사,한자어
5,성원,4,명사,한자어
5,성원하다,0,동사,혼종어
5,성인,4,명사,한자어
5,성인군자,0,명사,한자어
5,성인기,0,명사,한자어
5,성자,8,명사,한자어
5,성장통,0,명사,한자어
5,성적,1,명사/관형사,한자어
5,성적순,0,명사,한자어
5,성조,14,명사,한자어
5,성좌,1,명사,한자어
5,성주,5,명사,한자어
5,성징,0,명사,한자어
5,성차별,0,명사,한자어
5,성찬,1,명사,한자어
5,성찬반,0,명사,한자어
5,성책,3,명사,한자어
5,성추행,0,명사,한자어
5,성취되다,0,동사,혼종어
5,성탑,1,명사,한자어
5,성패,2,명사,한자어
5,성폭행,0,명사,한자어
5,성하다,3,형용사/동사,혼종어
5,성현,2,명사,한자어
5,성형외과,0,명사,한자어
5,성호,4,명사,한자어
5,성화하다,1,동사,혼종어
5,성황당,0,명사,한자어
5,성황신,0,명사,한자어
5,성황제,0,명사,한자어
5,섶,2,명사,고유어
5,섶,3,명사,고유어
5,세,6,명사,한자어
5,세,7,명사,한자어
5,세간,1,명사,고유어
5,세계관,0,명사,한자어
5,세계주의,0,명사,한자어
5,세공,1,명사,한자어
5,세네갈,0,명사,외래어
5,세뇌,1,명사,한자어
5,세뇌하다,0,동사,혼종어
5,세단뛰기,0,명사,혼종어
5,세대주,0,명사,한자어
5,세도가,0,명사,한자어
5,세라믹,0,명사,외래어
5,세레나데,0,명사,외래어
5,세력권,0,명사,한자어
5,세련,1,명사,한자어
5,세례명,0,명사,한자어
5,세로선,0,명사,혼종어
5,세로쓰기,0,명사,고유어
5,세로축,0,명사,혼종어
5,세로획,0,명사,혼종어
5,세면도구,0,명사,한자어
5,세면하다,0,동사,혼종어
5,세모꼴,0,명사,고유어
5,세무서,0,명사,한자어
5,세미나,0,명사,외래어
5,세밀히,0,부사,혼종어
5,세밑,0,명사,혼종어
5,세부적,0,명사/관형사,한자어
5,세분,3,명사,한자어
5,세분하다,0,동사,혼종어
5,세분화,0,명사,한자어
5,세상만사,0,명사,한자어
5,세상사,0,명사,한자어
5,세상인심,0,명사,한자어
5,세상일,0,명사,혼종어
5,세상천지,0,명사,한자어
5,세속적,0,명사/관형사,한자어
5,세심하다,1,동사,혼종어
5,세안,3,명사,한자어
5,세우,2,명사,한자어
5,세인,1,명사,한자어
5,세일즈맨,0,명사,외래어
5,세입자,0,명사,한자어
5,세정,2,명사,한자어
5,세제곱,0,명사,고유어
5,세제곱센티미터,0,의존 명사,혼종어
5,세주다,2,동사,혼종어
5,세차장,0,명사,한자어
5,세척,0,명사,한자어
5,세척력,0,명사,한자어
5,세출,0,명사,한자어
5,세탁비누,0,명사,혼종어
5,세탁업,0,명사,한자어
5,세탁장,0,명사,한자어
5,세태,1,명사,한자어
5,세파,1,명사,한자어
5,세팍타크로,0,명사,외래어
5,세포벽,0,명사,한자어
5,섹스,0,명사,외래어
5,섹시하다,0,형용사,혼종어
5,센물,0,명사,고유어
5,센트,0,의존 명사,외래어
5,셀,1,명사,외래어
5,셀러리,0,명사,외래어
5,셈여림,0,명사,고유어
5,셋방,0,명사,한자어
5,셋방살이,0,명사,혼종어
5,셋집,0,명사,혼종어
5,셔벗,0,명사,외래어
5,셔틀콕,0,명사,외래어
5,셰일,0,명사,외래어
5,셰퍼드,0,명사,외래어
5,소,7,명사,한자어
5,소,9,명사,한자어
5,소각,5,명사,한자어
5,소각로,0,명사,한자어
5,소갈머리,0,명사,고유어
5,소감문,0,명사,한자어
5,소개말,0,명사,혼종어
5,소개소,0,명사,한자어
5,소개팅,0,명사,혼종어
5,소견,3,명사,한자어
5,소계,3,명사,한자어
5,소고,4,명사,한자어
5,소관,4,명사,한자어
5,소괄호,0,명사,한자어
5,소국,2,명사,한자어
5,소극장,0,명사,한자어
5,소금구이,0,명사,고유어
5,소금국,0,명사,고유어
5,소급,2,명사,한자어
5,소급하다,0,동사,혼종어
5,소기,11,명사,한자어
5,소꼬리,1,명사,고유어
5,소꿉친구,0,명사,혼종어
5,소년기,0,명사,한자어
5,소년원,0,명사,한자어
5,소다수,0,명사,혼종어
5,소달구지,0,명사,고유어
5,소담스럽다,0,형용사,고유어
5,소담하다,1,형용사,고유어
5,소대,2,명사,한자어
5,소독되다,0,동사,혼종어
5,소득세,0,명사,한자어
5,소등,1,명사,한자어
5,소련,2,명사,한자어
5,소령,3,명사,한자어
5,소로,1,명사,한자어
5,소르르,0,부사,고유어
5,소리굽쇠,0,명사,고유어
5,소리하다,0,동사,고유어
5,소만,1,명사,한자어
5,소말리아,0,명사,외래어
5,소매가,0,명사,한자어
5,소매업,0,명사,한자어
5,소맥분,0,명사,한자어
5,소멸하다,1,동사,혼종어
5,소모량,0,명사,한자어
5,소모품,0,명사,한자어
5,소문내다,0,동사,혼종어
5,소문자,0,명사,한자어
5,소박,2,명사,한자어
5,소반,1,명사,한자어
5,소방복,0,명사,한자어
5,소백산맥,0,명사,한자어
5,소복,5,명사,한자어
5,소불고기,0,명사,고유어
5,소비지,0,명사,한자어
5,소산,2,명사,한자어
5,소상히,1,부사,혼종어
5,소소하다,1,형용사,혼종어
5,소속하다,0,동사,혼종어
5,소송비,0,명사,한자어
5,소송인,0,명사,한자어
5,소송장,0,명사,한자어
5,소수,4,명사,한자어
5,소수,15,명사,한자어
5,소수당,0,명사,한자어
5,소슬바람,0,명사,혼종어
5,소승,1,명사,한자어
5,소승,2,대명사,한자어
5,소시,4,명사,한자어
5,소식,1,명사,한자어
5,소식가,0,명사,한자어
5,소식통,0,명사,한자어
5,소실,4,명사,한자어
5,소양,7,명사,한자어
5,소요하다,1,동사,혼종어
5,소용되다,0,동사,혼종어
5,소용없이,0,부사,혼종어
5,소위,5,부사,한자어
5,소유격,0,명사,한자어
5,소유인,0,명사,한자어
5,소음순,0,명사,한자어
5,소인,4,명사,한자어
5,소일거리,0,명사,혼종어
5,소임,0,명사,한자어
5,소자,8,명사,한자어
5,소작,1,명사,한자어
5,소작논,0,명사,혼종어
5,소작농,0,명사,한자어
5,소작료,0,명사,한자어
5,소장,3,명사,한자어
5,소장,10,명사,한자어
5,소저,1,명사,한자어
5,소전제,0,명사,한자어
5,소절,1,명사,한자어
5,소제,5,명사,한자어
5,소제하다,0,동사,혼종어
5,소조,7,명사,한자어
5,소주방,0,명사,한자어
5,소죽,1,명사,혼종어
5,소줏집,0,명사,혼종어
5,소지,9,명사,한자어
5,소지하다,1,동사,혼종어
5,소집,0,명사,한자어
5,소집하다,0,동사,혼종어
5,소쩍,0,부사,고유어
5,소쩍소쩍,0,부사,고유어
5,소철,2,명사,한자어
5,소총,2,명사,한자어
5,소출,1,명사,한자어
5,소치,3,명사,한자어
5,소탈하다,0,형용사,혼종어
5,소탕되다,0,동사,혼종어
5,소토,2,명사,한자어
5,소폭,1,명사/부사,한자어
5,소프트볼,0,명사,외래어
5,소하천,0,명사,한자어
5,소학,1,명사,한자어
5,소학생,0,명사,한자어
5,소한,1,명사,한자어
5,소행,1,명사,한자어
5,소화기,2,명사,한자어
5,소화되다,2,동사,혼종어
5,소화전,0,명사,한자어
5,소환하다,1,동사,혼종어
5,속,5,명사,한자어
5,속개,0,명사,한자어
5,속공,1,명사,한자어
5,속기,3,명사,한자어
5,속껍질,0,명사,고유어
5,속닥거리다,0,동사,고유어
5,속단,1,명사,한자어
5,속단하다,0,동사,혼종어
5,속대,1,명사,고유어
5,속독,2,명사,한자어
5,속되다,0,형용사,혼종어
5,속리산,0,명사,한자어
5,속말,1,명사,고유어
5,속물,1,명사,한자어
5,속바지,0,명사,고유어
5,속박,0,명사,한자어
5,속박하다,0,동사,혼종어
5,속보,1,명사,한자어
5,속살거리다,0,동사,고유어
5,속설,0,명사,한자어
5,속세,0,명사,한자어
5,속속,2,부사,한자어
5,속씨식물,0,명사,혼종어
5,속앓이,0,명사,고유어
5,속어,0,명사,한자어
5,속옷가지,0,명사,고유어
5,속장경,0,명사,한자어
5,속저고리,0,명사,고유어
5,속절없다,0,형용사,고유어
5,속절없이,0,부사,고유어
5,속죄,0,명사,한자어
5,속지,1,명사,혼종어
5,속초,1,명사,한자어
5,속출,0,명사,한자어
5,속칭,0,명사,한자어
5,속편,1,명사,한자어
5,속표지,0,명사,혼종어
5,손,2,명사,고유어
5,손나발,0,명사,혼종어
5,손뜨개,0,명사,고유어
5,손맛,0,명사,고유어
5,손버릇,0,명사,고유어
5,손부,0,명사,한자어
5,손부채,0,명사,고유어
5,손뼈,0,명사,고유어
5,손상하다,0,동사,혼종어
5,손세탁하다,0,동사,혼종어
5,손아래,0,명사,고유어
5,손위,1,명사,고유어
5,손익,0,명사,한자어
5,손자병법,0,명사,한자어
5,손재간,0,명사,혼종어
5,손지갑,0,명사,혼종어
5,손찌검,0,명사,고유어
5,솔가지,0,명사,고유어
5,솔기,0,명사,고유어
5,솔선,0,명사,한자어
5,솔선수범,0,명사,한자어
5,솔선하다,0,동사,혼종어
5,솜바지,0,명사,고유어
5,솜방망이,1,명사,고유어
5,솜틀집,0,명사,고유어
5,솟구다,1,동사,고유어
5,솟대,0,명사,고유어
5,솟을대문,0,명사,혼종어
5,솟치다,0,동사,고유어
5,송가,0,명사,한자어
5,송계,1,명사,한자어
5,송골매,0,명사,혼종어
5,송구영신,0,명사,한자어
5,송구영신하다,0,동사,혼종어
5,송년,0,명사,한자어
5,송년호,0,명사,한자어
5,송년회,0,명사,한자어
5,송덕비,0,명사,한자어
5,송도,3,명사,한자어
5,송백,0,명사,한자어
5,송별회,0,명사,한자어
5,송사,2,명사,한자어
5,송수관,0,명사,한자어
5,송신,1,명사,한자어
5,송악,2,명사,한자어
5,송연하다,0,형용사,혼종어
5,송전,4,명사,한자어
5,송전하다,2,동사,혼종어
5,송죽,1,명사,한자어
5,송출,0,명사,한자어
5,송출되다,0,동사,혼종어
5,송하,0,명사,한자어
5,송학,1,명사,한자어
5,송화기,0,명사,한자어
5,송환,0,명사,한자어
5,송환되다,0,동사,혼종어
5,송환자,0,명사,한자어
5,송환하다,0,동사,혼종어
5,쇄골,2,명사,한자어
5,쇄국,0,명사,한자어
5,쇄국주의,0,명사,한자어
5,쇄도,0,명사,한자어
5,쇄도하다,0,동사,혼종어
5,쇄신,1,명사,한자어
5,쇄신하다,1,동사,혼종어
5,쇠갈비,0,명사,고유어
5,쇠고랑,0,명사,고유어
5,쇠귀,0,명사,고유어
5,쇠꼬리,0,명사,고유어
5,쇠꼴,0,명사,고유어
5,쇠도끼,0,명사,고유어
5,쇠뜨기,0,명사,고유어
5,쇠못,0,명사,고유어
5,쇠살,0,명사,고유어
5,쇠약,0,명사,한자어
5,쇠잔하다,0,동사,혼종어
5,쇠파리,0,명사,고유어
5,쇠풀,0,명사,고유어
5,쇠하다,0,동사,혼종어
5,쇤네,0,대명사,고유어
5,쇳가루,0,명사,고유어
5,쇳소리,0,명사,고유어
5,숄,0,명사,외래어
5,수,1,명사,고유어
5,수,6,명사,한자어
5,수,11,명사,한자어
5,수간호사,0,명사,한자어
5,수감,1,명사,한자어
5,수감되다,0,동사,혼종어
5,수감자,0,명사,한자어
5,수갑,1,명사,한자어
5,수개미,0,명사,고유어
5,수경,5,명사,한자어
5,수고롭다,0,형용사,고유어
5,수고스럽다,0,형용사,고유어
5,수공업품,0,명사,한자어
5,수공품,0,명사,한자어
5,수구,5,명사,한자어
5,수구파,0,명사,한자어
5,수군수군,0,부사,고유어
5,수군통제사,0,명사,한자어
5,수궁,1,명사,한자어
5,수궁가,0,명사,한자어
5,수금,5,명사,한자어
5,수긍,0,명사,한자어
5,수긍하다,0,동사,혼종어
5,수나사,0,명사,혼종어
5,수난일,0,명사,한자어
5,수납,2,명사,한자어
5,수녀원,0,명사,한자어
5,수달피,0,명사,한자어
5,수더분하다,0,형용사,고유어
5,수도,10,명사,한자어
5,수도사,0,명사,한자어
5,수도세,0,명사,한자어
5,수도하다,2,동사,혼종어
5,수동,1,명사,한자어
5,수동적,1,명사/관형사,한자어
5,수동태,0,명사,한자어
5,수두,1,명사,한자어
5,수라,1,명사,한자어
5,수라상,0,명사,한자어
5,수라장,0,명사,한자어
5,수락,0,명사,한자어
5,수락하다,0,동사,혼종어
5,수런거리다,0,동사,고유어
5,수런수런,0,부사,고유어
5,수렁,0,명사,고유어
5,수련,7,명사,한자어
5,수련법,0,명사,한자어
5,수렴하다,1,동사,혼종어
5,수렵,0,명사,한자어
5,수렵도,0,명사,한자어
5,수령,4,명사,한자어
5,수령,7,명사,한자어
5,수록하다,2,동사,혼종어
5,수료,2,명사,한자어
5,수륙,0,명사,한자어
5,수리,2,명사,고유어
5,수리,6,명사,한자어
5,수리되다,1,동사,혼종어
5,수리되다,2,동사,혼종어
5,수릿날,0,명사,고유어
5,수마,3,명사,한자어
5,수만,0,수사/관형사,한자어
5,수모,3,명사,한자어
5,수몰,1,명사,한자어
5,수문장,2,명사,한자어
5,수박씨,0,명사,고유어
5,수박화채,0,명사,혼종어
5,수반,5,명사,한자어
5,수반,7,명사,한자어
5,수반되다,0,동사,혼종어
5,수반하다,1,동사,혼종어
5,수배자,0,명사,한자어
5,수배하다,1,동사,혼종어
5,수병,2,명사,한자어
5,수복되다,1,동사,혼종어
5,수복하다,1,동사,혼종어
5,수비망,0,명사,한자어
5,수비자,0,명사,한자어
5,수사대,0,명사,한자어
5,수사망,0,명사,한자어
5,수사법,0,명사,한자어
5,수사본부,0,명사,한자어
5,수사슴,0,명사,고유어
5,수삼,2,명사,한자어
5,수상기,2,명사,한자어
5,수상식,0,명사,한자어
5,수상쩍다,0,형용사,혼종어
5,수선,1,명사,고유어
5,수선스럽다,0,형용사,고유어
5,수선스레,0,부사,고유어
5,수선하다,1,형용사,고유어
5,수성,4,명사,한자어
5,수성,5,명사,한자어
5,수세,6,명사,한자어
5,수소,3,명사,한자어
5,수소문,0,명사,한자어
5,수송기,0,명사,한자어
5,수송선,1,명사,한자어
5,수수경단,0,명사,혼종어
5,수수꽃다리,0,명사,고유어
5,수수방관,0,명사,한자어
5,수수부꾸미,0,명사,고유어
5,수수엿,0,명사,고유어
5,수숫대,0,명사,고유어
5,수습,2,명사,한자어
5,수습하다,2,동사,혼종어
5,수시,5,명사,한자어
5,수식,4,명사,한자어
5,수식,5,명사,한자어
5,수식어,0,명사,한자어
5,수식하다,1,동사,혼종어
5,수신,7,명사,한자어
5,수신제가,0,명사,한자어
5,수심,9,명사,한자어
5,수심가,0,명사,한자어
5,수십만,0,수사/관형사,한자어
5,수액,5,명사,한자어
5,수양,5,명사,한자어
5,수양아들,0,명사,혼종어
5,수억,0,수사/관형사,한자어
5,수업료,0,명사,한자어
5,수여,1,명사,한자어
5,수역,2,명사,한자어
5,수완,0,명사,한자어
5,수요자,0,명사,한자어
5,수용,4,명사,한자어
5,수용,6,명사,한자어
5,수용되다,2,동사,혼종어
5,수용성,1,명사,한자어
5,수원,1,명사,한자어
5,수원,2,명사,한자어
5,수원성,0,명사,한자어
5,수원지,2,명사,한자어
5,수월찮다,0,형용사,고유어
5,수위,1,명사,한자어
5,수위실,0,명사,한자어
5,수유,5,명사,한자어
5,수육,1,명사,혼종어
5,수은주,0,명사,한자어
5,수의,2,명사,한자어
5,수의,11,명사,한자어
5,수의학,0,명사,한자어
5,수익률,0,명사,한자어
5,수익성,0,명사,한자어
5,수일,3,명사,한자어
5,수작하다,4,동사,혼종어
5,수장,3,명사,한자어
5,수장,14,명사,한자어
5,수재,2,명사,한자어
5,수전,6,명사,한자어
5,수절,1,명사,한자어
5,수정란,0,명사,한자어
5,수제,1,명사,한자어
5,수제자,0,명사,한자어
5,수조,6,명사,한자어
5,수조,15,수사/관형사,한자어
5,수족,1,명사,한자어
5,수종,4,명사,한자어
5,수준급,0,명사,한자어
5,수지,4,명사,한자어
5,수지,10,명사,한자어
5,수지맞다,0,동사,혼종어
5,수직면,0,명사,한자어
5,수집벽,0,명사,한자어
5,수차,1,명사,한자어
5,수차,4,명사,한자어
5,수채,1,명사,고유어
5,수축,1,명사,한자어
5,수축하다,1,동사,혼종어
5,수취,3,명사,한자어
5,수취인,0,명사,한자어
5,수칙,1,명사,한자어
5,수캐,0,명사,고유어
5,수키와,0,명사,고유어
5,수태하다,0,동사,혼종어
5,수통,1,명사,한자어
5,수퇘지,0,명사,고유어
5,수틀,2,명사,혼종어
5,수평면,0,명사,한자어
5,수포,2,명사,한자어
5,수포석,0,명사,한자어
5,수표교,0,명사,한자어
5,수필가,0,명사,한자어
5,수하식,1,명사,한자어
5,수하하다,3,동사,혼종어
5,수학,2,명사,한자어
5,수학적,0,명사/관형사,한자어
5,수학하다,1,동사,혼종어
5,수학하다,2,동사,혼종어
5,수험,1,명사,한자어
5,수험표,0,명사,한자어
5,수혈,7,명사,한자어
5,수혈하다,0,동사,혼종어
5,수협,0,명사,한자어
5,수형도,0,명사,한자어
5,수혜,2,명사,한자어
5,수호자,0,명사,한자어
5,수효,3,명사,한자어
5,수훈,4,명사,한자어
5,숙고,0,명사,한자어
5,숙녀복,0,명사,한자어
5,숙달,2,명사,한자어
5,숙달되다,0,동사,혼종어
5,숙덕거리다,0,동사,고유어
5,숙덕숙덕,0,부사,고유어
5,숙려하다,0,동사,혼종어
5,숙련,0,명사,한자어
5,숙련공,0,명사,한자어
5,숙면,2,명사,한자어
5,숙명,1,명사,한자어
5,숙박료,0,명사,한자어
5,숙박비,0,명사,한자어
5,숙박업,0,명사,한자어
5,숙박하다,0,동사,혼종어
5,숙변,1,명사,한자어
5,숙부님,0,명사,혼종어
5,숙성하다,1,형용사,혼종어
5,숙성하다,2,동사,혼종어
5,숙어,0,명사,한자어
5,숙연하다,0,형용사,혼종어
5,숙연히,0,부사,혼종어
5,숙지황,0,명사,한자어
5,숙직,0,명사,한자어
5,숙직실,0,명사,한자어
5,숙질,2,명사,한자어
5,숙질간,0,명사,한자어
5,숙청,2,명사,한자어
5,숙청하다,1,형용사,혼종어
5,숙청하다,2,동사,혼종어
5,숙환,0,명사,한자어
5,순결성,0,명사,한자어
5,순교자,0,명사,한자어
5,순교하다,2,동사,혼종어
5,순국열사,0,명사,한자어
5,순금,0,명사,한자어
5,순도,2,명사,한자어
5,순둥이,0,명사,혼종어
5,순례,1,명사,한자어
5,순례자,0,명사,한자어
5,순례하다,1,동사,혼종어
5,순리,7,명사,한자어
5,순리적,0,명사/관형사,한자어
5,순모,0,명사,한자어
5,순방,2,명사,한자어
5,순방하다,2,동사,혼종어
5,순백색,0,명사,한자어
5,순보,0,명사,한자어
5,순산,2,명사,한자어
5,순서도,0,명사,한자어
5,순서쌍,0,명사,한자어
5,순수성,0,명사,한자어
5,순시,2,명사,한자어
5,순시선,0,명사,한자어
5,순시하다,1,동사,혼종어
5,순애하다,0,동사,혼종어
5,순우리말,0,명사,혼종어
5,순은,0,명사,한자어
5,순응하다,0,동사,혼종어
5,순절하다,0,동사,혼종어
5,순조로이,0,부사,혼종어
5,순종,2,명사,한자어
5,순종,5,명사,한자어
5,순종하다,0,동사,혼종어
5,순직,1,명사,한자어
5,순직하다,1,동사,혼종어
5,순찰차,0,명사,한자어
5,순풍,2,명사,한자어
5,순화,2,명사,한자어
5,순화되다,1,동사,혼종어
5,순화어,0,명사,한자어
5,순화하다,2,동사,혼종어
5,순회,0,명사,한자어
5,순회하다,0,동사,혼종어
5,술,2,명사,고유어
5,술고래,0,명사,고유어
5,술기운,0,명사,고유어
5,술김,0,명사,고유어
5,술대,0,명사,고유어
5,술렁술렁,0,부사,고유어
5,술망나니,0,명사,고유어
5,술법,0,명사,한자어
5,술수,0,명사,한자어
5,술어,1,명사,한자어
5,술어,2,명사,한자어
5,술주정,0,명사,혼종어
5,술주정뱅이,0,명사,혼종어
5,술책,0,명사,한자어
5,숨골,0,명사,고유어
5,숫기,0,명사,혼종어
5,숫양,0,명사,혼종어
5,숫염소,0,명사,고유어
5,숫제,0,부사,고유어
5,숫쥐,0,명사,고유어
5,숭고하다,1,동사,혼종어
5,숭례문,0,명사,한자어
5,숭배자,0,명사,한자어
5,숭상,0,명사,한자어
5,숭앙,0,명사,한자어
5,숭앙하다,0,동사,혼종어
5,숭엄하다,0,형용사,혼종어
5,숯가마,0,명사,고유어
5,숱,1,명사,고유어
5,쉬,3,부사,고유어
5,쉬,4,감탄사,고유어
5,쉬다,1,동사,고유어
5,쉬리,0,명사,고유어
5,쉬엄쉬엄,0,부사,고유어
5,쉬이,0,부사,고유어
5,쉬파리,0,명사,고유어
5,쉭,0,부사,고유어
5,쉰내,1,명사,고유어
5,슈퍼맨,0,명사,외래어
5,스라소니,0,명사,고유어
5,스러지다,0,동사,고유어
5,스륵,0,부사,고유어
5,스리랑카,0,명사,외래어
5,스리슬쩍,0,부사,고유어
5,스멀거리다,0,동사,고유어
5,스멀스멀,0,부사,고유어
5,스웨덴,0,명사,외래어
5,스위스,0,명사,외래어
5,스카이다이빙,0,명사,외래어
5,스케이트보드,0,명사,외래어
5,스케줄,0,명사,외래어
5,스코틀랜드,0,명사,외래어
5,스쿨버스,0,명사,외래어
5,스크래치,0,명사,외래어
5,스크롤,0,명사,외래어
5,스타디움,0,명사,외래어
5,스타카토,0,명사,외래어
5,스턴트맨,0,명사,외래어
5,스테디셀러,0,명사,외래어
5,스테레오,0,명사,외래어
5,스테이플러,0,명사,외래어
5,스테인리스강,0,명사,혼종어
5,스텐실,0,명사,외래어
5,스토브,0,명사,외래어
5,스톡홀름,0,명사,외래어
5,스튜어드,0,명사,외래어
5,스틸,1,명사,외래어
5,스파이크,0,명사,외래어
5,스파크,3,명사,외래어
5,스패너,0,명사,외래어
5,스페인,0,명사,외래어
5,스펙트럼,0,명사,외래어
5,스포이트,0,명사,외래어
5,스포츠머리,0,명사,혼종어
5,스프링클러,0,명사,외래어
5,슬근슬근,0,부사,고유어
5,슬럼프,0,명사,외래어
5,슬로건,0,명사,외래어
5,슬로베니아,0,명사,외래어
5,슬로프,0,명사,외래어
5,슬하,0,명사,한자어
5,습관화,0,명사,한자어
5,습득,3,명사,한자어
5,습득하다,1,동사,혼종어
5,습자,0,명사,한자어
5,습작,1,명사,한자어
5,습진,2,명사,한자어
5,승,11,의존 명사,한자어
5,승,13,명사,한자어
5,승강구,0,명사,한자어
5,승강대,0,명사,한자어
5,승강이,0,명사,혼종어
5,승격,0,명사,한자어
5,승격하다,0,동사,혼종어
5,승계,2,명사,한자어
5,승계하다,1,동사,혼종어
5,승급,1,명사,한자어
5,승냥이,0,명사,고유어
5,승로반,0,명사,한자어
5,승리감,0,명사,한자어
5,승마복,0,명사,한자어
5,승무,4,명사,한자어
5,승방,1,명사,한자어
5,승병,0,명사,한자어
5,승복,1,명사,한자어
5,승복하다,0,동사,혼종어
5,승선,2,명사,한자어
5,승선하다,0,동사,혼종어
5,승세,2,명사,한자어
5,승소,2,명사,한자어
5,승승,1,명사,한자어
5,승승장구,0,명사,한자어
5,승원,0,명사,한자어
5,승인되다,0,동사,혼종어
5,승전,4,명사,한자어
5,승전고,0,명사,한자어
5,승전국,0,명사,한자어
5,승전하다,4,동사,혼종어
5,승점,0,명사,한자어
5,승조원,0,명사,한자어
5,승지,1,명사,한자어
5,승차,2,명사,한자어
5,승차하다,1,동사,혼종어
5,승차하다,2,동사,혼종어
5,승천,1,명사,한자어
5,승첩하다,0,동사,혼종어
5,승하,1,명사,한자어
5,승하차,0,명사,한자어
5,승화,0,명사,한자어
5,승화되다,0,동사,혼종어
5,승화하다,0,동사,혼종어
5,시,18,명사,외래어
5,시가,1,명사,한자어
5,시가,8,명사,한자어
5,시가전,0,명사,한자어
5,시간적,0,명사/관형사,한자어
5,시건방지다,0,형용사,고유어
5,시경,1,명사,한자어
5,시계,3,명사,한자어
5,시계추,0,명사,한자어
5,시계태엽,0,명사,한자어
5,시골길,0,명사,고유어
5,시골뜨기,0,명사,고유어
5,시공,2,명사,한자어
5,시궁창,0,명사,고유어
5,시금석,0,명사,한자어
5,시금털털하다,0,형용사,고유어
5,시기상조,0,명사,한자어
5,시나위,0,명사,고유어
5,시누이,0,명사,혼종어
5,시답잖다,0,형용사,혼종어
5,시대상,0,명사,한자어
5,시대정신,0,명사,한자어
5,시동생,0,명사,혼종어
5,시드니,3,명사,외래어
5,시디롬,0,명사,외래어
5,시랑,2,명사,한자어
5,시래기,0,명사,고유어
5,시래기나물,0,명사,고유어
5,시렁,0,명사,고유어
5,시루,0,명사,고유어
5,시름없이,0,부사,고유어
5,시리우스,0,명사,외래어
5,시말서,0,명사,한자어
5,시무식,0,명사,한자어
5,시민권,0,명사,한자어
5,시발,0,명사,한자어
5,시발점,0,명사,한자어
5,시베리아,0,명사,외래어
5,시보,1,명사,한자어
5,시봉하다,0,동사,혼종어
5,시부,2,명사,한자어
5,시부모,0,명사,한자어
5,시비,7,명사,한자어
5,시비조,0,명사,한자어
5,시사,2,명사,한자어
5,시사,8,명사,한자어
5,시사하다,1,동사,혼종어
5,시사회,0,명사,한자어
5,시상,10,명사,한자어
5,시새우다,0,동사,고유어
5,시숙,0,명사,한자어
5,시시각각,0,명사,한자어
5,시시껄렁하다,0,형용사,고유어
5,시시덕거리다,0,동사,고유어
5,시시때때로,0,부사,혼종어
5,시시비비,0,명사,한자어
5,시시콜콜,0,부사,고유어
5,시시콜콜하다,0,형용사,고유어
5,시시콜콜히,0,부사,고유어
5,시식,3,명사,한자어
5,시신경,0,명사,한자어
5,시어,3,명사,한자어
5,시어른,0,명사,혼종어
5,시업식,0,명사,한자어
5,시외,1,명사,한자어
5,시원섭섭하다,0,형용사,고유어
5,시원스레,0,부사,고유어
5,시음,4,명사,한자어
5,시음하다,3,동사,혼종어
5,시인,7,명사,한자어
5,시인하다,1,동사,혼종어
5,시일,4,명사,한자어
5,시작종,0,명사,한자어
5,시장,1,명사,고유어
5,시장기,0,명사,혼종어
5,시장성,0,명사,한자어
5,시전,2,명사,한자어
5,시접,1,명사,고유어
5,시정,8,명사,한자어
5,시정하다,4,동사,혼종어
5,시조,2,명사,한자어
5,시조새,0,명사,혼종어
5,시조집,0,명사,한자어
5,시종,1,명사,한자어
5,시종,2,명사/부사,한자어
5,시종일관,0,명사,한자어
5,시주,2,명사,한자어
5,시주하다,1,동사,혼종어
5,시찰,0,명사,한자어
5,시찰단,0,명사,한자어
5,시찰하다,0,동사,혼종어
5,시책,1,명사,한자어
5,시쳇말,0,명사,혼종어
5,시추,2,명사,한자어
5,시추선,0,명사,한자어
5,시치다,0,동사,고유어
5,시칠리아,0,명사,외래어
5,시침,2,명사,고유어
5,시침,6,명사,한자어
5,시큰거리다,0,동사,고유어
5,시트르산,0,명사,혼종어
5,시트콤,0,명사,외래어
5,시판,1,명사,한자어
5,시학관,0,명사,한자어
5,시한,1,명사,한자어
5,시한폭탄,0,명사,한자어
5,시험기,2,명사,한자어
5,시험대,0,명사,한자어
5,시험적,0,명사/관형사,한자어
5,시호,10,명사,한자어
5,시화,5,명사,한자어
5,시효,2,명사,한자어
5,식,1,부사,고유어
5,식견,2,명사,한자어
5,식곤증,0,명사,한자어
5,식대,3,명사,한자어
5,식도락,0,명사,한자어
5,식도락가,0,명사,한자어
5,식모살이하다,0,동사,혼종어
5,식모아이,0,명사,혼종어
5,식모애,0,명사,혼종어
5,식물도감,0,명사,한자어
5,식물인간,0,명사,한자어
5,식물학,0,명사,한자어
5,식반,0,명사,한자어
5,식별,0,명사,한자어
5,식사,2,명사,한자어
5,식상,4,명사,한자어
5,식상하다,1,동사/형용사,혼종어
5,식생,0,명사,한자어
5,식수원,0,명사,한자어
5,식순,0,명사,한자어
5,식식거리다,0,동사,고유어
5,식염수,0,명사,한자어
5,식음,0,명사,한자어
5,식인종,0,명사,한자어
5,식전,3,명사,한자어
5,식충이,0,명사,혼종어
5,식탐,0,명사,한자어
5,식품군,0,명사,한자어
5,신간,4,명사,한자어
5,신간회,0,명사,한자어
5,신갈나무,0,명사,고유어
5,신경과,0,명사,한자어
5,신경증,2,명사,한자어
5,신교,5,명사,한자어
5,신교도,0,명사,한자어
5,신교육,0,명사,한자어
5,신구,6,명사,한자어
5,신기,2,명사,한자어
5,신기,5,명사,한자어
5,신기루,0,명사,한자어
5,신년,2,명사,한자어
5,신단수,0,명사,한자어
5,신라방,0,명사,한자어
5,신라원,0,명사,한자어
5,신랄하다,0,형용사,혼종어
5,신령님,0,명사,혼종어
5,신령스럽다,0,형용사,혼종어
5,신령하다,0,형용사,혼종어
5,신록,1,명사,한자어
5,신뢰감,0,명사,한자어
5,신명,3,명사,한자어
5,신문,7,명사,한자어
5,신문학,1,명사,한자어
5,신물,1,명사,고유어
5,신미양요,0,명사,한자어
5,신민,0,명사,한자어
5,신방,10,명사,한자어
5,신봉,1,명사,한자어
5,신봉하다,0,동사,혼종어
5,신붓감,0,명사,혼종어
5,신사,11,명사,한자어
5,신상품,0,명사,한자어
5,신생대,0,명사,한자어
5,신생아,0,명사,한자어
5,신생아기,0,명사,한자어
5,신선놀음,0,명사,혼종어
5,신선로,0,명사,한자어
5,신설되다,0,동사,혼종어
5,신성,3,명사,한자어
5,신성시하다,0,동사,혼종어
5,신세계,0,명사,한자어
5,신세대,0,명사,한자어
5,신세타령,0,명사,혼종어
5,신세타령하다,0,동사,혼종어
5,신속성,0,명사,한자어
5,신수,1,명사,한자어
5,신시,4,명사,한자어
5,신시가지,0,명사,한자어
5,신신당부,0,명사,한자어
5,신신당부하다,0,동사,혼종어
5,신신부탁,0,명사,한자어
5,신신부탁하다,0,동사,혼종어
5,신심,2,명사,한자어
5,신앙생활,0,명사,한자어
5,신앙인,0,명사,한자어
5,신약,7,명사,한자어
5,신여성,1,명사,한자어
5,신열,1,명사,한자어
5,신용장,0,명사,한자어
5,신유박해,0,명사,한자어
5,신의,3,명사,한자어
5,신의주,0,명사,한자어
5,신임,2,명사,한자어
5,신임장,0,명사,한자어
5,신임하다,1,동사,혼종어
5,신임하다,2,동사,혼종어
5,신장,1,명사,혼종어
5,신장개업,0,명사,한자어
5,신장개업하다,0,동사,혼종어
5,신장염,0,명사,한자어
5,신접살림,0,명사,혼종어
5,신정,6,명사,한자어
5,신조,1,명사,한자어
5,신주,4,명사,한자어
5,신진,2,명사,한자어
5,신진대사,0,명사,한자어
5,신짝,0,명사,고유어
5,신참,0,명사,한자어
5,신천지,0,명사,한자어
5,신체검사하다,0,동사,혼종어
5,신체시,0,명사,한자어
5,신축,1,명사,한자어
5,신축하다,2,동사,혼종어
5,신춘문예,0,명사,한자어
5,신출귀몰하다,0,동사/형용사,혼종어
5,신출내기,0,명사,혼종어
5,신탁,2,명사,한자어
5,신토불이,0,명사,한자어
5,신통,1,명사/품사 없음,한자어
5,신파극,0,명사,한자어
5,신판,4,명사,한자어
5,신학,1,명사,한자어
5,신학교,0,명사,한자어
5,신호총,0,명사,한자어
5,신호탄,0,명사,한자어
5,신호판,0,명사,한자어
5,신혼부부,0,명사,한자어
5,신흥,2,명사,한자어
5,실개천,0,명사,혼종어
5,실격,0,명사,한자어
5,실권,2,명사,한자어
5,실낱,0,명사,고유어
5,실낱같다,0,형용사,고유어
5,실내복,0,명사,한자어
5,실내악,0,명사,한자어
5,실내악단,0,명사,한자어
5,실랑이질,0,명사,고유어
5,실랑이하다,0,동사,고유어
5,실례되다,0,동사,혼종어
5,실룩실룩하다,0,동사,고유어
5,실리,3,명사,한자어
5,실리주의,0,명사,한자어
5,실명,4,명사,한자어
5,실명하다,3,동사,혼종어
5,실무,0,명사,한자어
5,실뱀,0,명사,고유어
5,실버들,0,명사,고유어
5,실버타운,0,명사,외래어
5,실비,1,명사,고유어
5,실성,1,명사,한자어
5,실소,2,명사,한자어
5,실습실,0,명사,한자어
5,실신,3,명사,한자어
5,실실,0,부사,고유어
5,실어증,0,명사,한자어
5,실언,0,명사,한자어
5,실언하다,0,동사,혼종어
5,실없다,0,형용사,혼종어
5,실연하다,1,동사,혼종어
5,실올,0,명사,고유어
5,실용주의,0,명사,한자어
5,실용품,0,명사,한자어
5,실용하다,0,동사,혼종어
5,실의,1,명사,한자어
5,실재,2,명사,한자어
5,실재하다,0,동사,혼종어
5,실점하다,0,동사,혼종어
5,실정,4,명사,한자어
5,실족,0,명사,한자어
5,실족하다,0,동사,혼종어
5,실존,0,명사,한자어
5,실존하다,0,동사,혼종어
5,실증적,0,명사/관형사,한자어
5,실지로,0,부사,혼종어
5,실직,2,명사,한자어
5,실책,0,명사,한자어
5,실천력,0,명사,한자어
5,실추되다,0,동사,혼종어
5,실탄,2,명사,한자어
5,실토,0,명사,한자어
5,실토하다,0,동사,혼종어
5,실패,1,명사,고유어
5,실하다,0,동사/형용사,혼종어
5,실험대,0,명사,한자어
5,실화,3,명사,한자어
5,실황,0,명사,한자어
5,실효,2,명사,한자어
5,실효성,0,명사,한자어
5,심경,2,명사,한자어
5,심기,1,명사,한자어
5,심기일전하다,0,동사,혼종어
5,심란하다,0,형용사,혼종어
5,심려,1,명사,한자어
5,심령술,0,명사,한자어
5,심리적,0,명사/관형사,한자어
5,심리학자,0,명사,한자어
5,심마니,0,명사,고유어
5,심방,1,명사,한자어
5,심방하다,0,동사,혼종어
5,심사,3,명사,한자어
5,심사숙고,0,명사,한자어
5,심사숙고하다,0,동사,혼종어
5,심사장,0,명사,한자어
5,심사하다,1,동사,혼종어
5,심산,3,명사,한자어
5,심상,1,명사,한자어
5,심상,4,명사,한자어
5,심상하다,2,형용사,혼종어
5,심성,1,명사,한자어
5,심술부리다,0,동사,혼종어
5,심심하다,2,형용사,고유어
5,심야,0,명사,한자어
5,심연,0,명사,한자어
5,심오하다,0,형용사,혼종어
5,심장부,0,명사,한자어
5,심장하다,1,형용사,혼종어
5,심적,0,명사/관형사,한자어
5,심전도,0,명사,한자어
5,심중,1,명사,한자어
5,심중히,0,부사,혼종어
5,심증,2,명사,한자어
5,심지,3,명사,한자어
5,심청가,0,명사,한자어
5,심청전,0,명사,한자어
5,심취,1,명사,한자어
5,심취하다,1,동사,혼종어
5,심포지엄,0,명사,외래어
5,심혈,1,명사,한자어
5,심혈관,0,명사,한자어
5,심화되다,0,동사,혼종어
5,십간,0,명사,한자어
5,십계명,0,명사,한자어
5,십년감수,0,명사,한자어
5,십분,0,부사,한자어
5,십시일반,0,명사,한자어
5,십이지,0,명사,한자어
5,십이지장충,0,명사,한자어
5,십자군,0,명사,한자어
5,십자로,0,명사,한자어
5,십자말풀이,0,명사,혼종어
5,십자매,0,명사,한자어
5,십자수,0,명사,한자어
5,십장생,0,명사,한자어
5,십중팔구,0,명사,한자어
5,십진수,0,명사,한자어
5,싯다르타,0,명사,외래어
5,싱가포르,0,명사,외래어
5,싱숭생숭하다,0,형용사,고유어
5,싸개,1,명사,고유어
5,싸고돌다,0,동사,고유어
5,싸느랗다,0,형용사,고유어
5,싸다,4,형용사,고유어
5,싸다니다,0,동사,고유어
5,싸라기,0,명사,고유어
5,싸락눈,0,명사,고유어
5,싸락싸락,0,부사,고유어
5,싸리,0,명사,고유어
5,싸리나무,0,명사,고유어
5,싸리문,0,명사,혼종어
5,싸리버섯,0,명사,고유어
5,싸리비,0,명사,고유어
5,싸움꾼,0,명사,고유어
5,싸움패,0,명사,혼종어
5,싸잡다,0,동사,고유어
5,싸전,0,명사,혼종어
5,싹둑,0,부사,고유어
5,싹트기,0,명사,고유어
5,쌀국수,0,명사,고유어
5,쌀떡,0,명사,고유어
5,쌀벌레,0,명사,고유어
5,쌈박하다,2,형용사,고유어
5,쌈장,0,명사,혼종어
5,쌈짓돈,0,명사,고유어
5,쌉쌀하다,0,형용사,고유어
5,쌍,2,명사,한자어
5,쌍가마,3,명사,혼종어
5,쌍곡선,0,명사,한자어
5,쌍두,0,명사,한자어
5,쌍둥이자리,0,명사,혼종어
5,쌍떡잎식물,0,명사,혼종어
5,쌍무지개,0,명사,혼종어
5,쌍벽,0,명사,한자어
5,쌍생아,0,명사,한자어
5,쌍소리,0,명사,고유어
5,쌍심지,0,명사,혼종어
5,쌍영총,0,명사,한자어
5,쌍점,0,명사,한자어
5,쌔다,1,동사,고유어
5,쌕쌕,0,부사,고유어
5,쌩,0,부사,고유어
5,써늘하다,0,형용사,고유어
5,써레,1,명사,고유어
5,써레질,0,명사,고유어
5,써레질하다,0,동사,고유어
5,썩둑썩둑,0,부사,고유어
5,썩썩,1,부사,고유어
5,쏜살,0,명사,고유어
5,쏜살같다,0,형용사,고유어
5,쏟아붓다,0,동사,고유어
5,쏠쏠하다,0,형용사,고유어
5,쏴,1,부사,고유어
5,쑤군거리다,0,동사,고유어
5,쑥대머리,0,명사,고유어
5,쑥대밭,0,명사,고유어
5,쑥덕공론,0,명사,혼종어
5,쑥덕쑥덕,0,부사,고유어
5,쑥버무리,0,명사,고유어
5,쑥색,0,명사,혼종어
5,쓰개,0,명사,고유어
5,쓰디쓰다,0,형용사,고유어
5,쓰레질,1,명사,고유어
5,쓰르라미,0,명사,고유어
5,쓱싹,0,부사,고유어
5,쓸개즙,0,명사,혼종어
5,씁쓰레하다,0,형용사,고유어
5,씌다,5,동사,고유어
5,씨감자,0,명사,고유어
5,씨근거리다,0,동사,고유어
5,씨근덕거리다,0,동사,고유어
5,씨눈,0,명사,고유어
5,씨뿌리기,0,명사,고유어
5,씨실,0,명사,고유어
5,씨아,0,명사,고유어
5,씨알,0,명사,고유어
5,씨줄,0,명사,고유어
5,씰룩거리다,0,동사,고유어
5,씰룩씰룩,0,부사,고유어
5,씽,0,부사,고유어
5,씽씽하다,2,형용사,고유어
5,아,4,명사,한자어
5,아교,2,명사,한자어
5,아귀다툼,0,명사,고유어
5,아귀찜,0,명사,고유어
5,아까시나무,0,명사,고유어
5,아까워하다,0,동사,고유어
5,아네모네,0,명사,외래어
5,아녀자,0,명사,한자어
5,아니꼽다,0,형용사,고유어
5,아니리,0,명사,고유어
5,아담,3,명사,외래어
5,아동극,0,명사,한자어
5,아동복,0,명사,한자어
5,아동용,0,명사,한자어
5,아둔하다,0,형용사,고유어
5,아득바득,0,부사,고유어
5,아등바등,0,부사,고유어
5,아뜩하다,0,형용사,고유어
5,아라비아,0,명사,외래어
5,아라비안나이트,0,명사,외래어
5,아람,0,명사,고유어
5,아랑곳없다,0,형용사,고유어
5,아랑곳없이,0,부사,고유어
5,아래뜸,0,명사,고유어
5,아래알,0,명사,고유어
5,아래윗집,0,명사,고유어
5,아랫단,0,명사,고유어
5,아랫도리,1,명사,고유어
5,아랫면,0,명사,혼종어
5,아랫목,0,명사,고유어
5,아랫방,0,명사,혼종어
5,아랫변,0,명사,혼종어
5,아량,0,명사,한자어
5,아련히,0,부사,고유어
5,아로새기다,0,동사,고유어
5,아롱거리다,0,동사,고유어
5,아롱다롱,0,부사,고유어
5,아롱지다,0,동사/형용사,고유어
5,아뢰다,0,동사,고유어
5,아르곤,0,명사,외래어
5,아르헨티나,2,명사,외래어
5,아름,1,명사/의존 명사,고유어
5,아름드리,0,명사,고유어
5,아름드리나무,0,명사,고유어
5,아리땁다,0,형용사,고유어
5,아릿하다,1,형용사,고유어
5,아메리카,2,명사,외래어
5,아멘,2,감탄사,외래어
5,아명,1,명사,한자어
5,아무개,0,대명사,고유어
5,아무러하다,0,형용사,고유어
5,아무렴,0,감탄사,고유어
5,아물거리다,0,동사,고유어
5,아물아물,0,부사,고유어
5,아물아물하다,0,동사,고유어
5,아미,3,명사,한자어
5,아미노산,0,명사,혼종어
5,아방궁,0,명사,한자어
5,아부하다,0,동사,혼종어
5,아비규환,0,명사,한자어
5,아뿔싸,0,감탄사,고유어
5,아사,5,명사,한자어
5,아삭,0,부사,고유어
5,아삭거리다,0,동사,고유어
5,아서라,0,감탄사,고유어
5,아성,1,명사,한자어
5,아세톤,0,명사,외래어
5,아스라이,0,부사,고유어
5,아스라하다,0,형용사,고유어
5,아스피린,0,명사,외래어
5,아슬아슬,0,부사,고유어
5,아악,0,명사,한자어
5,아역,1,명사,한자어
5,아연실색하다,0,동사,혼종어
5,아옹다옹,0,부사,고유어
5,아웅다웅,0,부사,고유어
5,아으,0,감탄사,고유어
5,아이고머니나,0,감탄사,고유어
5,아이놈,0,명사,고유어
5,아이스박스,0,명사,외래어
5,아이오딘,0,명사,외래어
5,아이참,0,감탄사,고유어
5,아작,0,부사,고유어
5,아재,0,명사,고유어
5,아전,4,명사,한자어
5,아전인수,0,명사,한자어
5,아주까리,0,명사,고유어
5,아직껏,0,부사,고유어
5,아집,0,명사,한자어
5,아차차,0,감탄사,고유어
5,아찬,0,명사,한자어
5,아참,0,명사,한자어
5,아취,0,명사,한자어
5,아치,6,명사,외래어
5,아침나절,0,명사,고유어
5,아침때,0,명사,고유어
5,아침잠,0,명사,고유어
5,아쿠아리움,0,명사,외래어
5,아퀴,1,명사,고유어
5,아크,0,명사,외래어
5,아킬레스건,0,명사,혼종어
5,아테나,0,명사,외래어
5,아테네,3,명사,외래어
5,아토피,0,명사,외래어
5,아틀리에,0,명사,외래어
5,아편쟁이,0,명사,혼종어
5,아폴론,0,명사,외래어
5,아프가니스탄,0,명사,외래어
5,아프로디테,0,명사,외래어
5,아프리카,0,명사,외래어
5,아황산,0,명사,한자어
5,악감정,0,명사,한자어
5,악귀,0,명사,한자어
5,악기점,0,명사,한자어
5,악단,3,명사,한자어
5,악담,0,명사,한자어
5,악담하다,0,동사,혼종어
5,악독,1,명사,한자어
5,악동,0,명사,한자어
5,악바리,0,명사,고유어
5,악법,0,명사,한자어
5,악상,4,명사,한자어
5,악습,0,명사,한자어
5,악쓰다,0,동사,고유어
5,악역,1,명사,한자어
5,악연,2,명사,한자어
5,악용,0,명사,한자어
5,악의,2,명사,한자어
5,악장,4,명사,한자어
5,악전고투,0,명사,한자어
5,악질,2,명사,한자어
5,악착같다,0,형용사,혼종어
5,악착하다,0,형용사,혼종어
5,악천후,0,명사,한자어
5,악취미,0,명사,한자어
5,악필,0,명사,한자어
5,악학궤범,0,명사,한자어
5,악한,0,명사,한자어
5,악행,0,명사,한자어
5,악형,0,명사,한자어
5,안,4,명사,한자어
5,안감,1,명사,고유어
5,안개구름,0,명사,고유어
5,안경다리,0,명사,혼종어
5,안광,1,명사,한자어
5,안내견,0,명사,한자어
5,안내양,0,명사,한자어
5,안다리,0,명사,고유어
5,안단테,0,명사,외래어
5,안달,1,명사,고유어
5,안달하다,0,동사,고유어
5,안드로메다,0,명사,외래어
5,안뜨기,0,명사,고유어
5,안락,0,명사,한자어
5,안락사,0,명사,한자어
5,안락하다,0,형용사,혼종어
5,안료,0,명사,한자어
5,안마하다,0,동사,혼종어
5,안맹하다,0,동사,혼종어
5,안면,4,명사,한자어
5,안무,2,명사,한자어
5,안무가,0,명사,한자어
5,안부하다,1,동사,혼종어
5,안사돈,0,명사,혼종어
5,안산,1,명사,한자어
5,안석,0,명사,한자어
5,안섶,0,명사,고유어
5,안시성,0,명사,한자어
5,안식교,0,명사,한자어
5,안식일,0,명사,한자어
5,안심,1,명사,고유어
5,안심되다,0,동사,혼종어
5,안압,0,명사,한자어
5,안압지,0,명사,한자어
5,안약,0,명사,한자어
5,안양,3,명사,한자어
5,안이하다,0,형용사,혼종어
5,안일하다,0,형용사,혼종어
5,안장하다,0,동사,혼종어
5,안전면도기,0,명사,한자어
5,안전밸브,0,명사,혼종어
5,안전시설,0,명사,한자어
5,안전장치,0,명사,한자어
5,안전제일,0,명사,한자어
5,안주하다,0,동사,혼종어
5,안질,0,명사,한자어
5,안집,1,명사,고유어
5,안짱다리,0,명사,고유어
5,안착하다,0,동사,혼종어
5,안치,1,명사,한자어
5,안치하다,1,동사,혼종어
5,안타,1,명사,한자어
5,안하무인,0,명사,한자어
5,알거지,0,명사,고유어
5,알고리즘,0,명사,외래어
5,알곡,0,명사,혼종어
5,알궁둥이,0,명사,고유어
5,알까기,0,명사,고유어
5,알뜰살뜰하다,0,형용사,고유어
5,알라,3,명사,외래어
5,알락달락,0,부사,고유어
5,알랑거리다,0,동사,고유어
5,알량하다,0,형용사,고유어
5,알레그로,0,명사,외래어
5,알력,0,명사,한자어
5,알리바이,0,명사,외래어
5,알몸뚱이,0,명사,고유어
5,알부자,0,명사,혼종어
5,알선,0,명사,한자어
5,알선하다,0,동사,혼종어
5,알싸하다,0,형용사,고유어
5,알알이,0,부사,고유어
5,알알하다,1,형용사,고유어
5,알음,0,명사,고유어
5,알음알음,0,명사,고유어
5,알젓,0,명사,고유어
5,알짜,0,명사,고유어
5,알짱거리다,0,동사,고유어
5,알토,0,명사,외래어
5,알통,0,명사,고유어
5,앎,0,명사,고유어
5,암갈색,0,명사,한자어
5,암굴,2,명사,한자어
5,암기하다,0,동사,혼종어
5,암꿩,0,명사,고유어
5,암나사,0,명사,혼종어
5,암내,1,명사,고유어
5,암만하다,0,동사,고유어
5,암말,1,명사,고유어
5,암매장,0,명사,한자어
5,암매장하다,0,동사,혼종어
5,암모나이트,0,명사,외래어
5,암모니아,0,명사,외래어
5,암모니아수,0,명사,혼종어
5,암반,0,명사,한자어
5,암수한그루,0,명사,고유어
5,암술대,0,명사,고유어
5,암술머리,0,명사,고유어
5,암스테르담,0,명사,외래어
5,암시,1,명사,한자어
5,암시장,0,명사,한자어
5,암실,0,명사,한자어
5,암전,2,명사,한자어
5,암종,0,명사,한자어
5,암캐,0,명사,고유어
5,암투,0,명사,한자어
5,암표,1,명사,한자어
5,암행,0,명사,한자어
5,암흑기,0,명사,한자어
5,압력솥,0,명사,혼종어
5,압록강,0,명사,한자어
5,압사,2,명사,한자어
5,압송,1,명사,한자어
5,압수,1,명사,한자어
5,압제,0,명사,한자어
5,압축되다,0,동사,혼종어
5,앙,1,부사,고유어
5,앙가슴,0,명사,고유어
5,앙감질,0,명사,고유어
5,앙갚음하다,0,동사,고유어
5,앙금,1,명사,고유어
5,앙부일구,0,명사,한자어
5,앙상히,0,부사,고유어
5,앙숙,0,명사,한자어
5,앙심,0,명사,한자어
5,앙알거리다,0,동사,고유어
5,앙증스럽다,0,형용사,고유어
5,앙칼지다,0,형용사,고유어
5,앙케트,0,명사,외래어
5,앙큼스럽다,0,형용사,고유어
5,앙큼하다,0,형용사,고유어
5,앙탈,0,명사,고유어
5,앙화,2,명사,한자어
5,앞가르마,0,명사,고유어
5,앞내,0,명사,고유어
5,앞뒷집,0,명사,고유어
5,앞들,0,명사,고유어
5,앞말,1,명사,고유어
5,앞무릎,0,명사,고유어
5,앞벌,0,명사,고유어
5,앞소리,0,명사,고유어
5,앞이마,0,명사,고유어
5,앞자락,0,명사,고유어
5,앞장세우다,0,동사,고유어
5,앞지르기,0,명사,고유어
5,앞코,2,명사,고유어
5,앞판,0,명사,혼종어
5,앞표지,0,명사,혼종어
5,애걸,0,명사,한자어
5,애고,1,감탄사,고유어
5,애국정신,0,명사,한자어
5,애국주의,0,명사,한자어
5,애국주의자,0,명사,한자어
5,애기하다,0,동사,혼종어
5,애꾸,0,명사,고유어
5,애꾸눈이,0,명사,고유어
5,애끊다,0,동사,고유어
5,애놈,0,명사,고유어
5,애늙은이,0,명사,고유어
5,애달다,0,동사,고유어
5,애달프다,0,형용사,고유어
5,애도하다,0,동사,혼종어
5,애독자,0,명사,한자어
5,애로,3,명사,한자어
5,애매하다,1,형용사,고유어
5,애무,2,명사,한자어
5,애무하다,2,동사,혼종어
5,애민,2,명사,한자어
5,애상,3,명사,한자어
5,애송이,0,명사,고유어
5,애수,0,명사,한자어
5,애순,0,명사,혼종어
5,애용하다,0,동사,혼종어
5,애잔하다,0,형용사,고유어
5,애절하다,1,형용사,고유어
5,애조,2,명사,한자어
5,애족,0,명사,한자어
5,애증,0,명사,한자어
5,애지중지하다,0,동사,혼종어
5,애착심,0,명사,한자어
5,애창,0,명사,한자어
5,애창곡,0,명사,한자어
5,애창되다,0,동사,혼종어
5,애처가,0,명사,한자어
5,애타,0,명사,한자어
5,애통하다,1,동사/형용사,혼종어
5,애틋이,0,부사,고유어
5,애프터서비스,0,명사,외래어
5,애플파이,0,명사,외래어
5,애햄,0,감탄사,고유어
5,애향심,0,명사,한자어
5,애호,5,명사,한자어
5,애호,6,명사,한자어
5,애호가,1,명사,한자어
5,애호하다,4,동사,혼종어
5,액땜,0,명사,혼종어
5,액막이,0,명사,혼종어
5,액면,3,명사,한자어
5,액면가,0,명사,한자어
5,액상,1,명사,한자어
5,액운,1,명사,한자어
5,앰뷸런스,0,명사,외래어
5,앳되다,0,형용사,고유어
5,앵돌아지다,0,동사,고유어
5,야광,0,명사,한자어
5,야구팀,0,명사,혼종어
5,야권,0,명사,한자어
5,야근,0,명사,한자어
5,야단스럽다,0,형용사,혼종어
5,야들야들,0,부사,고유어
5,야들야들하다,0,형용사,고유어
5,야리야리하다,0,형용사,고유어
5,야만스럽다,0,형용사,혼종어
5,야만적,0,명사/관형사,한자어
5,야만족,0,명사,한자어
5,야맹증,0,명사,한자어
5,야멸차다,0,형용사,고유어
5,야멸치다,0,형용사,고유어
5,야박스럽다,0,형용사,혼종어
5,야밤,0,명사,혼종어
5,야비하다,0,형용사,혼종어
5,야생초,0,명사,한자어
5,야생화,0,명사,한자어
5,야습,2,명사,한자어
5,야시장,0,명사,한자어
5,야심,4,명사,한자어
5,야외극,0,명사,한자어
5,야외극장,0,명사,한자어
5,야외무대,0,명사,한자어
5,야욕,0,명사,한자어
5,야유하다,4,동사,혼종어
5,야유회,0,명사,한자어
5,야인,0,명사,한자어
5,야전군,0,명사,한자어
5,야채샐러드,0,명사,혼종어
5,야채수프,0,명사,혼종어
5,약골,0,명사,한자어
5,약관,1,명사,한자어
5,약동,2,명사,한자어
5,약동하다,0,동사,혼종어
5,약력,3,명사,한자어
5,약물터,0,명사,혼종어
5,약빠르다,0,형용사,고유어
5,약삭빨리,0,부사,고유어
5,약세,1,명사,한자어
5,약소,1,명사,한자어
5,약소국,0,명사,한자어
5,약솜,0,명사,혼종어
5,약숟가락,0,명사,혼종어
5,약시,2,명사,한자어
5,약식,2,명사,한자어
5,약식,3,명사,한자어
5,약어,1,명사,한자어
5,약용,0,명사,한자어
5,약육강식,0,명사,한자어
5,약장수,0,명사,혼종어
5,약제,2,명사,한자어
5,약조,1,명사,한자어
5,약주,3,명사,한자어
5,약지,4,명사,한자어
5,약진,2,명사,한자어
5,약진하다,0,동사,혼종어
5,약체,2,명사,한자어
5,약탕기,0,명사,한자어
5,약포지,0,명사,한자어
5,약학,0,명사,한자어
5,약혼녀,0,명사,한자어
5,약혼반지,0,명사,한자어
5,약혼식,0,명사,한자어
5,약혼하다,0,동사,혼종어
5,얄궂다,0,형용사,고유어
5,얄따랗다,0,형용사,고유어
5,얍삽하다,0,형용사,고유어
5,양,4,명사,한자어
5,양가,2,명사,한자어
5,양가죽,0,명사,혼종어
5,양각,5,명사,한자어
5,양계,6,명사,한자어
5,양고기,0,명사,혼종어
5,양귀비꽃,0,명사,혼종어
5,양극,1,명사,한자어
5,양금,3,명사,한자어
5,양녀,3,명사,한자어
5,양념간장,0,명사,혼종어
5,양념장,0,명사,혼종어
5,양다리,0,명사,혼종어
5,양단되다,0,동사,혼종어
5,양달,0,명사,혼종어
5,양담배,0,명사,혼종어
5,양대,1,관형사,한자어
5,양도,12,명사,한자어
5,양돈,2,명사,한자어
5,양돈업,0,명사,한자어
5,양란,2,명사,한자어
5,양모,1,명사,한자어
5,양미간,0,명사,한자어
5,양반전,0,명사,한자어
5,양변,2,명사,한자어
5,양복점,0,명사,한자어
5,양봉,3,명사,한자어
5,양봉업,0,명사,한자어
5,양분,1,명사,한자어
5,양분하다,0,동사,혼종어
5,양상,7,명사,한자어
5,양서,1,명사,한자어
5,양성,3,명사,한자어
5,양성,7,명사,한자어
5,양속,1,명사,한자어
5,양순하다,0,형용사,혼종어
5,양실,3,명사,한자어
5,양심수,0,명사,한자어
5,양약,2,명사,한자어
5,양약국,0,명사,한자어
5,양양,6,명사,한자어
5,양양하다,1,형용사,혼종어
5,양어머니,0,명사,혼종어
5,양어장,0,명사,한자어
5,양옥집,0,명사,혼종어
5,양용,0,명사,한자어
5,양육비,0,명사,한자어
5,양육하다,0,동사,혼종어
5,양인,1,명사,한자어
5,양일,2,명사,한자어
5,양자,1,명사,한자어
5,양자,10,명사,한자어
5,양자리,0,명사,혼종어
5,양자택일,0,명사,한자어
5,양잠업,0,명사,한자어
5,양장,5,명사,한자어
5,양재,5,명사,한자어
5,양재기,0,명사,혼종어
5,양잿물,0,명사,혼종어
5,양조,5,명사,한자어
5,양조간장,0,명사,혼종어
5,양조업,0,명사,한자어
5,양조장,0,명사,한자어
5,양철,0,명사,한자어
5,양치식물,0,명사,한자어
5,양친,1,명사,한자어
5,양해하다,0,동사,혼종어
5,양혜,1,명사,한자어
5,양호,2,명사,한자어
5,양호하다,1,형용사,혼종어
5,얘깃거리,0,명사,고유어
5,어간,4,명사,한자어
5,어구,5,명사,한자어
5,어구,7,명사,한자어
5,어군,2,명사,한자어
5,어근,0,명사,한자어
5,어기,2,명사,한자어
5,어기적거리다,1,동사,고유어
5,어김없다,0,형용사,고유어
5,어깃장,0,명사,고유어
5,어깨걸이,0,명사,고유어
5,어깨뼈,0,명사,고유어
5,어댑터,0,명사,외래어
5,어두침침하다,0,형용사,고유어
5,어둠상자,0,명사,혼종어
5,어둠침침하다,0,형용사,고유어
5,어려워하다,0,동사,고유어
5,어련하다,0,형용사,고유어
5,어련히,0,부사,고유어
5,어렵사리,0,부사,고유어
5,어로,3,명사,한자어
5,어뢰,0,명사,한자어
5,어른벌레,0,명사,고유어
5,어른어른,0,부사,고유어
5,어름치,0,명사,고유어
5,어리굴젓,0,명사,고유어
5,어리다,2,형용사,고유어
5,어리벙벙하다,0,형용사,고유어
5,어리삥삥하다,0,형용사,고유어
5,어리숙하다,0,형용사,고유어
5,어린싹,0,명사,고유어
5,어린잎,0,명사,고유어
5,어림셈,0,명사,고유어
5,어림셈하다,0,동사,고유어
5,어림수,0,명사,혼종어
5,어림짐작,0,명사,혼종어
5,어림짐작하다,0,동사,혼종어
5,어릿광대,0,명사,고유어
5,어릿어릿,1,부사,고유어
5,어릿어릿하다,1,동사/형용사,고유어
5,어마마마,0,명사,혼종어
5,어망,0,명사,한자어
5,어머머,0,감탄사,고유어
5,어물거리다,0,동사,고유어
5,어물어물,0,부사,고유어
5,어물어물하다,0,동사,고유어
5,어물쩍어물쩍,0,부사,고유어
5,어미,6,명사,한자어
5,어미젖,0,명사,고유어
5,어부사시사,0,명사,한자어
5,어부지리,0,명사,한자어
5,어불성설,0,명사,한자어
5,어사또,0,명사,혼종어
5,어사출두,0,명사,한자어
5,어사화,0,명사,한자어
5,어수룩하다,0,형용사,고유어
5,어스름,0,명사,고유어
5,어스름하다,0,형용사,고유어
5,어슬렁거리다,0,동사,고유어
5,어슷비슷하다,0,형용사,고유어
5,어슷어슷,2,부사,고유어
5,어시장,0,명사,한자어
5,어언,0,부사,한자어
5,어언간,0,부사,한자어
5,어여머리,0,명사,고유어
5,어여삐,0,부사,고유어
5,어염,2,명사,한자어
5,어엿이,0,부사,고유어
5,어영대장,0,명사,한자어
5,어우,0,명사,한자어
5,어원,2,명사,한자어
5,어육,1,명사,한자어
5,어음,1,명사,고유어
5,어장,10,명사,한자어
5,어적어적,0,부사,고유어
5,어전,3,명사,한자어
5,어절,0,명사,한자어
5,어정거리다,0,동사,고유어
5,어정어정,0,부사,고유어
5,어정쩡하다,0,형용사,고유어
5,어족,1,명사,한자어
5,어족,2,명사,한자어
5,어줍다,0,형용사,고유어
5,어중간하다,0,형용사,혼종어
5,어중이떠중이,0,명사,고유어
5,어지간하다,0,형용사,고유어
5,어지럼증,0,명사,혼종어
5,어진,0,명사,한자어
5,어질어질,0,부사,고유어
5,어질어질하다,0,형용사,고유어
5,어쨌건,0,부사/품사 없음,고유어
5,어쩌고저쩌고,0,부사,고유어
5,어쭙잖다,0,형용사,고유어
5,어찔어찔하다,0,형용사,고유어
5,어창,2,명사,한자어
5,어처구니없이,0,부사,고유어
5,어투,0,명사,한자어
5,어학연수,0,명사,한자어
5,어학자,0,명사,한자어
5,어험,1,감탄사,고유어
5,어획,0,명사,한자어
5,어획고,0,명사,한자어
5,어획물,0,명사,한자어
5,어휘론,0,명사,한자어
5,어휘집,0,명사,한자어
5,억류,0,명사,한자어
5,억만장자,0,명사,한자어
5,억새,0,명사,고유어
5,억새밭,0,명사,고유어
5,억새풀,0,명사,고유어
5,억압되다,0,동사,혼종어
5,억제,0,명사,한자어
5,억지웃음,0,명사,고유어
5,억척같이,0,부사,고유어
5,억척스럽다,0,형용사,고유어
5,언감생심,0,명사,한자어
5,언급하다,0,동사,혼종어
5,언덕바지,0,명사,고유어
5,언도,0,명사,한자어
5,언도하다,0,동사,혼종어
5,언동,0,명사,한자어
5,언문,1,명사,한자어
5,언문일치,0,명사,한자어
5,언변,0,명사,한자어
5,언사,2,명사,한자어
5,언성,1,명사,한자어
5,언약,0,명사,한자어
5,언약하다,0,동사,혼종어
5,언어폭력,0,명사,한자어
5,언쟁,0,명사,한자어
5,언쟁하다,0,동사,혼종어
5,언중,3,명사,한자어
5,언질,0,명사,한자어
5,언짢아하다,0,동사,고유어
5,언해본,0,명사,한자어
5,얻어듣다,0,동사,고유어
5,얼간이,0,명사,고유어
5,얼갈이,0,명사,고유어
5,얼개,0,명사,고유어
5,얼결,0,명사,고유어
5,얼기설기,0,부사,고유어
5,얼뜨기,0,명사,고유어
5,얼렁뚱땅,0,부사,고유어
5,얼레빗,0,명사,고유어
5,얼룩덜룩,0,부사,고유어
5,얼룩무늬,0,명사,고유어
5,얼룩얼룩하다,0,형용사,고유어
5,얼씨구절씨구,0,감탄사,고유어
5,얼음낚시,0,명사,고유어
5,얼쩡거리다,0,동사,고유어
5,얼쩡얼쩡,0,부사,고유어
5,얼추,0,부사,고유어
5,얽매다,0,동사,고유어
5,얽어매다,0,동사,고유어
5,엄금,0,명사,한자어
5,엄금하다,0,동사,혼종어
5,엄명,1,명사,한자어
5,엄밀하다,0,형용사,혼종어
5,엄밀히,0,부사,혼종어
5,엄벌,0,명사,한자어
5,엄벌하다,0,동사,혼종어
5,엄살떨다,0,동사,고유어
5,엄살쟁이,0,명사,고유어
5,엄수,3,명사,한자어
5,엄습,0,명사,한자어
5,엄습하다,0,동사,혼종어
5,엄정,1,명사,한자어
5,엄정하다,1,형용사,혼종어
5,엄정히,1,부사,혼종어
5,업데이트,0,명사,외래어
5,업보,0,명사,한자어
5,없이하다,0,동사,고유어
5,엇나가다,0,동사,고유어
5,엇바꾸다,0,동사,고유어
5,엇비슷하다,0,형용사,고유어
5,엇시조,0,명사,한자어
5,엉거주춤하다,0,동사/형용사,고유어
5,엉겨들다,0,동사,고유어
5,엉덩짝,0,명사,고유어
5,엉클다,0,동사,고유어
5,엉클어지다,0,동사,고유어
5,엉큼스럽다,0,형용사,고유어
5,엉큼하다,0,형용사,고유어
5,엊그저께,0,명사/부사,고유어
5,엊저녁,0,명사,고유어
5,엎더지다,0,동사,고유어
5,엎드러지다,0,동사,고유어
5,엎디다,0,동사,고유어
5,엎치락뒤치락하다,0,동사,고유어
5,에,2,감탄사,고유어
5,에고,0,명사,외래어
5,에구,0,감탄사,고유어
5,에구에구,0,감탄사,고유어
5,에그그,0,감탄사,고유어
5,에나멜,0,명사,외래어
5,에나멜선,0,명사,혼종어
5,에누리,0,명사,고유어
5,에돌다,0,동사,고유어
5,에러,2,명사,외래어
5,에메랄드,0,명사,외래어
5,에밀레종,0,명사,혼종어
5,에세이,0,명사,외래어
5,에스오에스,0,명사,외래어
5,에스키모,0,명사,외래어
5,에스파냐,0,명사,외래어
5,에스페란토,0,명사,외래어
5,에어컨디셔너,0,명사,외래어
5,에에,0,감탄사,고유어
5,에우다,0,동사,고유어
5,에워싸이다,0,동사,고유어
5,에콰도르,0,명사,외래어
5,에티오피아,0,명사,외래어
5,엑스선,0,명사,혼종어
5,엑스축,0,명사,혼종어
5,엔도르핀,0,명사,외래어
5,엔지오,0,명사,외래어
5,엘엔지,0,명사,외래어
5,엘피지,0,명사,외래어
5,엠보싱,0,명사,외래어
5,엠시,0,명사,외래어
5,엠피스리,0,명사,외래어
5,여간내기,0,명사,혼종어
5,여걸,0,명사,한자어
5,여겨보다,0,동사,고유어
5,여경,2,명사,한자어
5,여과,4,명사,한자어
5,여과기,0,명사,한자어
5,여과지,2,명사,한자어
5,여과하다,0,동사,혼종어
5,여군,2,명사,한자어
5,여남은,0,수사/관형사,고유어
5,여념,0,명사,한자어
5,여닫이,0,명사,고유어
5,여닫이문,0,명사,혼종어
5,여담,2,명사,한자어
5,여당,1,명사,한자어
5,여대생,0,명사,한자어
5,여드레,0,명사,고유어
5,여러해살이풀,0,명사,고유어
5,여론,2,명사,한자어
5,여류,1,명사,한자어
5,여류하다,0,형용사,혼종어
5,여름살이,0,명사,고유어
5,여명,1,명사,한자어
5,여물통,0,명사,혼종어
5,여배우,0,명사,한자어
5,여벌,0,명사,혼종어
5,여보아라,0,감탄사,고유어
5,여봐요,0,감탄사,고유어
5,여상,3,명사,한자어
5,여성복,0,명사,한자어
5,여성스럽다,0,형용사,혼종어
5,여성적,0,명사/관형사,한자어
5,여성지,0,명사,한자어
5,여세,2,명사,한자어
5,여승,1,명사,한자어
5,여승무원,0,명사,한자어
5,여식,1,명사,한자어
5,여실히,0,부사,혼종어
5,여염집,0,명사,혼종어
5,여울,0,명사,고유어
5,여울목,0,명사,고유어
5,여위다,1,동사,고유어
5,여음,3,명사,한자어
5,여의도,0,명사,한자어
5,여의봉,0,명사,한자어
5,여의사,1,명사,한자어
5,여인상,0,명사,한자어
5,여인숙,0,명사,한자어
5,여장,2,명사,한자어
5,여주,3,명사,한자어
5,여지,2,명사/의존 명사,한자어
5,여지없이,0,부사,혼종어
5,여진,4,명사,한자어
5,여타,1,명사,한자어
5,여탕,0,명사,한자어
5,여파,1,명사,한자어
5,여편네,0,명사,혼종어
5,여하,0,명사,한자어
5,여하간,0,부사,한자어
5,여한,1,명사,한자어
5,여행가,0,명사,한자어
5,여행안내,0,명사,한자어
5,여호와,0,명사,외래어
5,여흥,0,명사,한자어
5,역,6,명사,한자어
5,역,10,명사,한자어
5,역광,0,명사,한자어
5,역력히,0,부사,혼종어
5,역류,0,명사,한자어
5,역마,4,명사,한자어
5,역모,0,명사,한자어
5,역발상,0,명사,한자어
5,역병,0,명사,한자어
5,역사극,0,명사,한자어
5,역사성,0,명사,한자어
5,역사적,0,명사/관형사,한자어
5,역사학,0,명사,한자어
5,역삼각형,0,명사,한자어
5,역설,1,명사,한자어
5,역설,2,명사,한자어
5,역성,1,명사,고유어
5,역술가,0,명사,한자어
5,역술인,0,명사,한자어
5,역습,0,명사,한자어
5,역암,0,명사,한자어
5,역작,0,명사,한자어
5,역장,3,명사,한자어
5,역전,11,명사,한자어
5,역전승,0,명사,한자어
5,역전패,0,명사,한자어
5,역점,1,명사,한자어
5,역하다,2,형용사,혼종어
5,역행,2,명사,한자어
5,엮음,0,명사,고유어
5,연,12,명사,한자어
5,연,14,명사,한자어
5,연감,2,명사,한자어
5,연경,7,명사,한자어
5,연고지,0,명사,한자어
5,연골,0,명사,한자어
5,연구가,0,명사,한자어
5,연구개음,0,명사,한자어
5,연구비,0,명사,한자어
5,연구생,0,명사,한자어
5,연구심,0,명사,한자어
5,연극배우,0,명사,한자어
5,연극인,0,명사,한자어
5,연꽃무늬,0,명사,혼종어
5,연꽃잎,0,명사,혼종어
5,연년,3,명사,한자어
5,연년생,0,명사,한자어
5,연노랑,0,명사,혼종어
5,연녹색,0,명사,한자어
5,연단,4,명사,한자어
5,연대,11,명사,한자어
5,연도,2,명사,한자어
5,연두,1,명사,한자어
5,연등,5,명사,한자어
5,연등회,0,명사,한자어
5,연락선,1,명사,한자어
5,연로하다,0,형용사,혼종어
5,연루,0,명사,한자어
5,연륙교,0,명사,한자어
5,연륜,0,명사,한자어
5,연립,0,명사,한자어
5,연막,2,명사,한자어
5,연말연시,0,명사,한자어
5,연면,1,명사,한자어
5,연면히,0,부사,혼종어
5,연명하다,1,동사,혼종어
5,연모하다,0,동사,혼종어
5,연미복,0,명사,한자어
5,연발,2,명사,한자어
5,연발하다,2,동사,혼종어
5,연밥,0,명사,혼종어
5,연방,1,부사,한자어
5,연방,8,명사,한자어
5,연방국,0,명사,한자어
5,연배,0,명사,한자어
5,연변,2,명사,한자어
5,연변,3,명사,한자어
5,연병장,0,명사,한자어
5,연보,2,명사,한자어
5,연보라,0,명사,혼종어
5,연보랏빛,0,명사,혼종어
5,연봉,2,명사,한자어
5,연분,5,명사,한자어
5,연분홍빛,0,명사,혼종어
5,연붉다,0,형용사,혼종어
5,연비,4,명사,한자어
5,연뿌리,0,명사,혼종어
5,연사,10,명사,한자어
5,연설자,0,명사,한자어
5,연소되다,2,동사,혼종어
5,연소자,0,명사,한자어
5,연속무늬,0,명사,혼종어
5,연속성,0,명사,한자어
5,연쇄,1,명사,한자어
5,연쇄적,0,명사/관형사,한자어
5,연수,9,명사,한자어
5,연수생,0,명사,한자어
5,연습,2,명사,한자어
5,연습선,0,명사,한자어
5,연습장,1,명사,한자어
5,연승,3,명사,한자어
5,연시조,0,명사,한자어
5,연신,1,부사,고유어
5,연안,2,명사,한자어
5,연애결혼,0,명사,한자어
5,연애편지,0,명사,한자어
5,연역,2,명사,한자어
5,연역법,0,명사,한자어
5,연역적,0,명사/관형사,한자어
5,연연하다,1,형용사,혼종어
5,연연하다,7,동사/형용사,혼종어
5,연예계,0,명사,한자어
5,연옥,2,명사,한자어
5,연월일시,0,명사,한자어
5,연유,4,명사,한자어
5,연유하다,3,동사,혼종어
5,연임,0,명사,한자어
5,연자매,0,명사,혼종어
5,연장자,0,명사,한자어
5,연재,3,명사,한자어
5,연재되다,0,동사,혼종어
5,연재만화,0,명사,한자어
5,연재하다,0,동사,혼종어
5,연정,7,명사,한자어
5,연주가,0,명사,한자어
5,연주단,0,명사,한자어
5,연주하다,1,동사,혼종어
5,연중행사,0,명사,한자어
5,연지,7,명사,한자어
5,연착,1,명사,한자어
5,연착하다,1,동사,혼종어
5,연체,1,명사,한자어
5,연체료,0,명사,한자어
5,연초,1,명사,한자어
5,연탄가스,0,명사,혼종어
5,연탄구멍,0,명사,혼종어
5,연탄보일러,0,명사,혼종어
5,연탄아궁이,0,명사,혼종어
5,연통,2,명사,한자어
5,연패,1,명사,한자어
5,연푸르다,0,형용사,혼종어
5,연푸른색,0,명사,혼종어
5,연하,1,명사,한자어
5,연합고사,0,명사,한자어
5,연해,1,명사,한자어
5,연해주,0,명사,한자어
5,연행,1,명사,한자어
5,연행되다,0,동사,혼종어
5,연행하다,1,동사,혼종어
5,연혁,1,명사,한자어
5,연호,1,명사,한자어
5,연후,0,명사,한자어
5,열감,2,명사,한자어
5,열거되다,0,동사,혼종어
5,열거하다,0,동사,혼종어
5,열광,2,명사,한자어
5,열광적,0,명사/관형사,한자어
5,열광하다,0,동사,혼종어
5,열녀,0,명사,한자어
5,열녀문,0,명사,한자어
5,열다,1,동사,고유어
5,열대성,0,명사,한자어
5,열대야,0,명사,한자어
5,열도,1,명사,한자어
5,열등생,0,명사,한자어
5,열등하다,0,형용사,혼종어
5,열렬히,0,부사,혼종어
5,열망하다,0,동사,혼종어
5,열목어,0,명사,한자어
5,열무,1,명사,고유어
5,열반,0,명사,한자어
5,열반하다,0,동사,혼종어
5,열성,5,명사,한자어
5,열세,2,명사,한자어
5,열어젖뜨리다,0,동사,고유어
5,열없다,0,형용사,고유어
5,열에너지,0,명사,혼종어
5,열연,3,명사,한자어
5,열외,0,명사,한자어
5,열원,2,명사,한자어
5,열전도,0,명사,한자어
5,열중쉬어,0,명사/감탄사,혼종어
5,열차표,0,명사,한자어
5,열채,0,명사,고유어
5,열탕,0,명사,한자어
5,열하일기,0,명사,한자어
5,열혈,0,명사,한자어
5,열화,3,명사,한자어
5,열화상,0,명사,한자어
5,열효율,0,명사,한자어
5,염가,2,명사,한자어
5,염기,6,명사,한자어
5,염낭,0,명사,혼종어
5,염류,0,명사,한자어
5,염병,0,명사,한자어
5,염불,2,명사,한자어
5,염불하다,0,동사,혼종어
5,염색약,0,명사,한자어
5,염색체,0,명사,한자어
5,염소,2,명사,한자어
5,염소웃음,0,명사,고유어
5,염소자리,0,명사,고유어
5,염수,3,명사,한자어
5,염좌,0,명사,한자어
5,염주,3,명사,한자어
5,염초,2,명사,한자어
5,염치없다,0,형용사,혼종어
5,염탐,0,명사,한자어
5,염통,0,명사,고유어
5,엽기,1,명사,한자어
5,엽기적,0,명사/관형사,한자어
5,엽록체,0,명사,한자어
5,엽차,0,명사,혼종어
5,엽총,0,명사,한자어
5,엿치기,0,명사,고유어
5,영,11,부사,한자어
5,영,21,명사,한자어
5,영결식,0,명사,한자어
5,영결하다,0,동사,혼종어
5,영계백숙,0,명사,혼종어
5,영고,1,명사,한자어
5,영공,3,명사,한자어
5,영관,4,명사,한자어
5,영광되다,0,형용사,혼종어
5,영구차,0,명사,한자어
5,영구하다,1,형용사,혼종어
5,영기,8,명사,한자어
5,영남,0,명사,한자어
5,영농,0,명사,한자어
5,영덕,2,명사,한자어
5,영도,2,명사,한자어
5,영도하다,0,동사,혼종어
5,영동,3,명사,한자어
5,영동선,0,명사,한자어
5,영령,4,명사,한자어
5,영리,6,명사,한자어
5,영마루,0,명사,혼종어
5,영면,0,명사,한자어
5,영문법,0,명사,한자어
5,영문판,0,명사,한자어
5,영문학,0,명사,한자어
5,영물,3,명사,한자어
5,영민하다,0,형용사,혼종어
5,영봉,2,명사,한자어
5,영부인,0,명사,한자어
5,영사,6,명사,한자어
5,영사,10,명사,한자어
5,영사관,2,명사,한자어
5,영사기,0,명사,한자어
5,영사실,0,명사,한자어
5,영산강,0,명사,한자어
5,영산회상,0,명사,한자어
5,영생,1,명사,한자어
5,영서,5,명사,한자어
5,영선사,1,명사,한자어
5,영성체,0,명사,한자어
5,영세,4,명사,한자어
5,영세,6,명사,한자어
5,영세민,0,명사,한자어
5,영수,8,명사,한자어
5,영아,2,명사,한자어
5,영악스럽다,0,형용사,혼종어
5,영악하다,1,형용사,혼종어
5,영안실,0,명사,한자어
5,영약,0,명사,한자어
5,영업부,0,명사,한자어
5,영업점,0,명사,한자어
5,영예,3,명사,한자어
5,영예롭다,0,형용사,혼종어
5,영웅심,0,명사,한자어
5,영웅적,0,명사/관형사,한자어
5,영원,2,명사,한자어
5,영원불멸,0,명사,한자어
5,영원불변,0,명사,한자어
5,영원불변하다,0,동사,혼종어
5,영월,4,명사,한자어
5,영위,4,명사,한자어
5,영위하다,2,동사,혼종어
5,영유권,0,명사,한자어
5,영인본,0,명사,한자어
5,영입,0,명사,한자어
5,영입되다,0,동사,혼종어
5,영입하다,0,동사,혼종어
5,영자,5,명사,한자어
5,영작,1,명사,한자어
5,영장,9,명사,한자어
5,영전,10,명사,한자어
5,영접,0,명사,한자어
5,영주권,1,명사,한자어
5,영지,4,명사,한자어
5,영지버섯,0,명사,혼종어
5,영창,4,명사,한자어
5,영치금,0,명사,한자어
5,영패,0,명사,한자어
5,영험,0,명사,한자어
5,영험하다,0,형용사,혼종어
5,영화감독,0,명사,한자어
5,영화계,0,명사,한자어
5,영화롭다,0,형용사,혼종어
5,영화배우,0,명사,한자어
5,영화상,0,명사,한자어
5,영화인,0,명사,한자어
5,옆길,0,명사,고유어
5,옆넓이,0,명사,고유어
5,옆쪽,0,명사,고유어
5,옆트임,0,명사,고유어
5,옆판,0,명사,혼종어
5,예견,0,명사,한자어
5,예기,6,명사,한자어
5,예기하다,0,동사,혼종어
5,예능,0,명사,한자어
5,예단,4,명사,한자어
5,예루살렘,0,명사,외래어
5,예매,1,명사,한자어
5,예매하다,2,동사,혼종어
5,예명,2,명사,한자어
5,예배하다,0,동사,혼종어
5,예보하다,0,동사,혼종어
5,예봉,2,명사,한자어
5,예불하다,0,동사,혼종어
5,예비비,0,명사,한자어
5,예비역,0,명사,한자어
5,예비품,0,명사,한자어
5,예사,1,명사,한자어
5,예사소리,0,명사,혼종어
5,예산액,0,명사,한자어
5,예산하다,0,동사,혼종어
5,예삿일,0,명사,혼종어
5,예성강,0,명사,한자어
5,예속,1,명사,한자어
5,예수교,0,명사,혼종어
5,예술계,0,명사,한자어
5,예술사,0,명사,한자어
5,예시,4,명사,한자어
5,예시하다,1,동사,혼종어
5,예식,2,명사,한자어
5,예심,1,명사,한자어
5,예언,2,명사,한자어
5,예언가,0,명사,한자어
5,예의지국,0,명사,한자어
5,예제,3,명사,한자어
5,예지,3,명사,한자어
5,예진,5,명사,한자어
5,예찬,3,명사,한자어
5,예찬하다,0,동사,혼종어
5,예치,1,명사,한자어
5,예학,2,명사,한자어
5,예행,2,명사,한자어
5,예행연습,0,명사,한자어
5,예화,1,명사,한자어
5,옌볜,0,명사,외래어
5,옛글,0,명사,고유어
5,옛시조,0,명사,혼종어
5,오,6,명사,한자어
5,오각기둥,0,명사,혼종어
5,오각뿔,0,명사,혼종어
5,오곡백과,0,명사,한자어
5,오골계,0,명사,한자어
5,오광대,0,명사,혼종어
5,오광대놀이,0,명사,혼종어
5,오그라지다,0,동사,고유어
5,오글오글하다,2,동사,고유어
5,오뉴월,0,명사,한자어
5,오다가다,0,부사,고유어
5,오답,0,명사,한자어
5,오대륙,0,명사,한자어
5,오대양,0,명사,한자어
5,오대주,0,명사,한자어
5,오대호,0,명사,한자어
5,오도독,0,부사,고유어
5,오도되다,0,동사,혼종어
5,오도카니,0,부사,고유어
5,오동나무,0,명사,혼종어
5,오동통,1,부사,고유어
5,오동포동,0,부사,고유어
5,오두방정,0,명사,고유어
5,오디,0,명사,고유어
5,오뚝,0,부사,고유어
5,오뚝하다,0,형용사,고유어
5,오라,1,명사,고유어
5,오라버님,0,명사,고유어
5,오락가락,0,부사,고유어
5,오랑캐꽃,0,명사,고유어
5,오래,1,명사,고유어
5,오로라,0,명사,외래어
5,오롯이,2,부사,고유어
5,오륙일,0,명사,한자어
5,오륜,1,명사,한자어
5,오르가슴,0,명사,외래어
5,오른씨름,0,명사,고유어
5,오리나무,0,명사,고유어
5,오리너구리,0,명사,고유어
5,오리무중,0,명사,한자어
5,오리엔테이션,0,명사,외래어
5,오리온,0,명사,외래어
5,오리온자리,0,명사,혼종어
5,오만,2,명사,한자어
5,오만불손,0,명사,한자어
5,오만상,0,명사,한자어
5,오만스럽다,0,형용사,혼종어
5,오매불망,0,명사/부사,한자어
5,오물거리다,2,동사,고유어
5,오물통,0,명사,한자어
5,오므라지다,0,동사,고유어
5,오밀조밀하다,0,형용사,혼종어
5,오발,2,명사,한자어
5,오밤중,0,명사,혼종어
5,오방색,0,명사,한자어
5,오버랩,0,명사,외래어
5,오버코트,0,명사,외래어
5,오붓하다,0,형용사,고유어
5,오브제,0,명사,외래어
5,오비이락,0,명사,한자어
5,오산,4,명사,한자어
5,오색찬란하다,0,형용사,혼종어
5,오석,2,명사,한자어
5,오세아니아,0,명사,외래어
5,오수,2,명사,한자어
5,오스트레일리아,0,명사,외래어
5,오스트리아,0,명사,외래어
5,오슬오슬,0,부사,고유어
5,오시,4,명사,한자어
5,오십보백보,0,명사,한자어
5,오싹,0,부사,고유어
5,오엠아르,0,명사,외래어
5,오열,8,명사,한자어
5,오월동주,0,명사,한자어
5,오이나물,0,명사,고유어
5,오이냉국,0,명사,혼종어
5,오이소박이,0,명사,고유어
5,오이시디,0,명사,외래어
5,오이장아찌,0,명사,고유어
5,오이지,0,명사,고유어
5,오인하다,0,동사,혼종어
5,오일장,1,명사,한자어
5,오일펜스,0,명사,외래어
5,오자,4,명사,한자어
5,오장,4,명사,한자어
5,오장육부,0,명사,한자어
5,오점,0,명사,한자어
5,오젓,0,명사,고유어
5,오죽이나,0,부사,고유어
5,오죽헌,0,명사,한자어
5,오줌보,0,명사,고유어
5,오지,1,명사,고유어
5,오지그릇,0,명사,고유어
5,오지다,0,형용사,고유어
5,오진,7,명사,한자어
5,오차,0,명사,한자어
5,오찬,0,명사,한자어
5,오체,0,명사,한자어
5,오촌,0,명사,한자어
5,오크,0,명사,외래어
5,오톨도톨하다,0,형용사,고유어
5,오판,0,명사,한자어
5,오판하다,0,동사,혼종어
5,오피스텔,0,명사,외래어
5,오행,1,명사,한자어
5,옥개석,0,명사,한자어
5,옥고,2,명사,한자어
5,옥내,0,명사,한자어
5,옥당,0,명사,한자어
5,옥돔,0,명사,혼종어
5,옥동자,0,명사,한자어
5,옥루,2,명사,한자어
5,옥바라지,0,명사,혼종어
5,옥반,0,명사,한자어
5,옥사,5,명사,한자어
5,옥사,7,명사,한자어
5,옥사하다,0,동사,혼종어
5,옥새,2,명사,한자어
5,옥수수기름,0,명사,고유어
5,옥수수수염,0,명사,혼종어
5,옥수숫대,0,명사,고유어
5,옥저,3,명사,한자어
5,옥체,0,명사,한자어
5,옥토,2,명사,한자어
5,옥편,0,명사,한자어
5,온건하다,1,형용사,혼종어
5,온건하다,2,형용사,혼종어
5,온고지신,0,명사,한자어
5,온난하다,0,형용사,혼종어
5,온실가스,0,명사,혼종어
5,온유하다,0,형용사,혼종어
5,온장고,0,명사,한자어
5,온풍,0,명사,한자어
5,올감자,0,명사,고유어
5,올곧다,0,형용사,고유어
5,올려본각,0,명사,혼종어
5,올려치다,0,동사,고유어
5,올록볼록하다,0,형용사,고유어
5,올리브기름,0,명사,혼종어
5,올림말,0,명사,고유어
5,올림표,0,명사,혼종어
5,올림피아드,0,명사,외래어
5,올무,1,명사,고유어
5,올벼,0,명사,고유어
5,올봄,0,명사,고유어
5,올실,0,명사,고유어
5,올차다,0,형용사,고유어
5,올케,0,명사,고유어
5,옭다,0,동사,고유어
5,옮겨심기,0,명사,고유어
5,옮아가다,0,동사,고유어
5,옳다,2,감탄사,고유어
5,옴,3,명사,고유어
5,옴짝달싹,0,부사,고유어
5,옴츠러들다,0,동사,고유어
5,옴큼,0,의존 명사,고유어
5,옴폭하다,0,형용사,고유어
5,옷단,0,명사,고유어
5,옷매무새,0,명사,고유어
5,옹고집,0,명사,한자어
5,옹고집전,0,명사,한자어
5,옹골차다,0,형용사,고유어
5,옹기,0,명사,한자어
5,옹기그릇,0,명사,혼종어
5,옹기장수,0,명사,혼종어
5,옹기장이,0,명사,혼종어
5,옹기전,0,명사,한자어
5,옹립하다,0,동사,혼종어
5,옹색하다,0,형용사,혼종어
5,옹성,2,명사,한자어
5,옹알거리다,0,동사,고유어
5,옹알옹알,0,부사,고유어
5,옹이,0,명사,고유어
5,옹졸하다,0,형용사,혼종어
5,옹크리다,0,동사,고유어
5,옹헤야,0,명사,고유어
5,옹호,0,명사,한자어
5,옹호자,0,명사,한자어
5,옻,0,명사,고유어
5,옻나무,0,명사,고유어
5,옻칠하다,0,동사,혼종어
5,와드득,0,부사,고유어
5,와들와들,0,부사,고유어
5,와신상담,0,명사,한자어
5,와와,0,부사/감탄사,고유어
5,와이축,0,명사,혼종어
5,와작와작,2,부사,고유어
5,와전,3,명사,한자어
5,와전되다,2,동사,혼종어
5,와지끈,0,부사,고유어
5,완결,3,명사,한자어
5,완결되다,3,동사,혼종어
5,완결하다,3,동사,혼종어
5,완고하다,1,형용사,혼종어
5,완고하다,2,형용사,혼종어
5,완구,4,명사,한자어
5,완구점,0,명사,한자어
5,완납,0,명사,한자어
5,완도,0,명사,한자어
5,완력,0,명사,한자어
5,완료하다,0,동사,혼종어
5,완만하다,3,형용사,혼종어
5,완벽,0,명사,한자어
5,완비하다,0,동사,혼종어
5,완수,1,명사,한자어
5,완승,1,명사,한자어
5,완전무결,0,명사,한자어
5,완제,3,명사,한자어
5,완제품,0,명사,한자어
5,완충,0,명사,한자어
5,완치,0,명사,한자어
5,완쾌,0,명사,한자어
5,완쾌되다,0,동사,혼종어
5,완쾌하다,0,동사,혼종어
5,완패,1,명사,한자어
5,완행버스,0,명사,혼종어
5,완행열차,0,명사,한자어
5,완화,2,명사,한자어
5,완화되다,0,동사,혼종어
5,왈,0,부사,한자어
5,왈가닥,1,명사,고유어
5,왈가닥거리다,0,동사,고유어
5,왈가왈부하다,0,동사,혼종어
5,왕가,1,명사,한자어
5,왕개미,0,명사,혼종어
5,왕골,0,명사,고유어
5,왕녀,0,명사,한자어
5,왕년,0,명사,한자어
5,왕대포,0,명사,혼종어
5,왕림,0,명사,한자어
5,왕모래,0,명사,혼종어
5,왕방울,0,명사,혼종어
5,왕벌,0,명사,혼종어
5,왕성히,0,부사,혼종어
5,왕세자,0,명사,한자어
5,왕손,0,명사,한자어
5,왕오천축국전,0,명사,한자어
5,왕왕,1,부사,고유어
5,왕왕,3,부사,한자어
5,왕자,2,명사,한자어
5,왕정,2,명사,한자어
5,왕조,2,명사,한자어
5,왕좌,2,명사,한자어
5,왕진,0,명사,한자어
5,왕초,0,명사,혼종어
5,왜간장,0,명사,혼종어
5,왜경,0,명사,한자어
5,왜국,0,명사,한자어
5,왜선,2,명사,한자어
5,외고집,0,명사,혼종어
5,외골수,0,명사,혼종어
5,외곬,0,명사,고유어
5,외관,5,명사,한자어
5,외근,0,명사,한자어
5,외길,0,명사,고유어
5,외다리,0,명사,고유어
5,외돌토리,0,명사,고유어
5,외등,2,명사,한자어
5,외딴곳,0,명사,고유어
5,외딸,0,명사,고유어
5,외람되다,0,형용사,혼종어
5,외래종,0,명사,한자어
5,외래품,0,명사,한자어
5,외면,1,명사,한자어
5,외면적,1,명사/관형사,한자어
5,외무,1,명사,한자어
5,외박,1,명사,한자어
5,외박하다,0,동사,혼종어
5,외발자전거,0,명사,혼종어
5,외상,6,명사,한자어
5,외상값,0,명사,고유어
5,외성,3,명사,한자어
5,외숙,1,명사,한자어
5,외숙모님,0,명사,혼종어
5,외숙부님,0,명사,혼종어
5,외식비,0,명사,한자어
5,외신,2,명사,한자어
5,외씨,0,명사,고유어
5,외씨버선,0,명사,고유어
5,외야,0,명사,한자어
5,외야수,0,명사,한자어
5,외양,3,명사,한자어
5,외용약,0,명사,한자어
5,외유내강,0,명사,한자어
5,외자,3,명사,혼종어
5,외장,3,명사,한자어
5,외장재,0,명사,한자어
5,외조모,0,명사,한자어
5,외조부,0,명사,한자어
5,외조부모,0,명사,한자어
5,외족,2,명사,한자어
5,외종,1,명사,한자어
5,외줄기,0,명사,고유어
5,외지,2,명사,한자어
5,외짝,0,명사,고유어
5,외척,0,명사,한자어
5,외판원,0,명사,한자어
5,외팔,0,명사,고유어
5,외항,2,명사,한자어
5,외항선,0,명사,한자어
5,외형적,0,명사/관형사,한자어
5,외환,2,명사,한자어
5,왼발잡이,0,명사,고유어
5,왼뺨,0,명사,고유어
5,왼씨름,0,명사,고유어
5,요,1,명사,고유어
5,요금소,0,명사,한자어
5,요금제,0,명사,한자어
5,요기,7,명사,한자어
5,요긴히,0,부사,혼종어
5,요나라,0,명사,혼종어
5,요도염,0,명사,한자어
5,요동반도,0,명사,한자어
5,요동하다,0,동사,혼종어
5,요들송,0,명사,외래어
5,요량,1,명사,한자어
5,요르단,0,명사,외래어
5,요리실,0,명사,한자어
5,요만치,0,부사/명사,고유어
5,요맘때,0,명사,고유어
5,요망,1,명사,한자어
5,요망,2,명사,한자어
5,요망하다,1,형용사,혼종어
5,요망하다,2,동사,혼종어
5,요물,0,명사,한자어
5,요사스럽다,0,형용사,혼종어
5,요산,0,명사,한자어
5,요소,2,명사,한자어
5,요소요소,0,명사,한자어
5,요식업,0,명사,한자어
5,요양소,0,명사,한자어
5,요양하다,1,동사,혼종어
5,요업,0,명사,한자어
5,요염하다,0,형용사,혼종어
5,요원하다,0,형용사,혼종어
5,요절,1,명사,한자어
5,요절나다,0,동사,혼종어
5,요지,4,명사,한자어
5,요지경,0,명사,한자어
5,요지부동,0,명사,한자어
5,요충,3,명사,한자어
5,요충지,0,명사,한자어
5,요컨대,0,부사,혼종어
5,요크셔테리어,0,명사,외래어
5,요행히,0,부사,혼종어
5,욕먹다,0,동사,혼종어
5,욕쟁이,0,명사,혼종어
5,욕지거리,0,명사,혼종어
5,욕지기,0,명사,고유어
5,욕탕,0,명사,한자어
5,용감무쌍하다,0,형용사,혼종어
5,용구,1,명사,한자어
5,용납되다,0,동사,혼종어
5,용단,1,명사,한자어
5,용달차,0,명사,한자어
5,용담,4,명사,한자어
5,용두레,0,명사,고유어
5,용두사미,0,명사,한자어
5,용량,1,명사,한자어
5,용례,0,명사,한자어
5,용마루,0,명사,혼종어
5,용맹성,0,명사,한자어
5,용머리,1,명사,혼종어
5,용무,3,명사,한자어
5,용법,0,명사,한자어
5,용병,3,명사,한자어
5,용병,5,명사,한자어
5,용비어천가,0,명사,한자어
5,용상,7,명사,한자어
5,용설란,0,명사,한자어
5,용솟음,0,명사,혼종어
5,용수철저울,0,명사,혼종어
5,용쓰다,0,동사,고유어
5,용안,3,명사,한자어
5,용언,1,명사,한자어
5,용역,0,명사,한자어
5,용의,1,명사,한자어
5,용이하다,0,형용사,혼종어
5,용인,3,명사,한자어
5,용인되다,1,동사,혼종어
5,용인되다,2,동사,혼종어
5,용잠,2,명사,한자어
5,용장,5,명사,한자어
5,용적,0,명사,한자어
5,용접,2,명사,한자어
5,용질,2,명사,한자어
5,용트림,0,명사,혼종어
5,용틀임,0,명사,혼종어
5,용하다,1,형용사,고유어
5,용해도,0,명사,한자어
5,우,14,명사,한자어
5,우거지상,0,명사,혼종어
5,우격다짐,0,명사,고유어
5,우국,0,명사,한자어
5,우군,1,명사,한자어
5,우그러지다,0,동사,고유어
5,우그리다,0,동사,고유어
5,우글거리다,1,동사,고유어
5,우글대다,2,동사,고유어
5,우글우글,2,부사,고유어
5,우글쭈글,0,부사,고유어
5,우글쭈글하다,0,형용사,고유어
5,우는소리,0,명사,고유어
5,우단,3,명사,한자어
5,우당퉁탕,0,부사,고유어
5,우두둑,0,부사,고유어
5,우두둑우두둑,0,부사,고유어
5,우둔하다,0,형용사,혼종어
5,우둘투둘하다,0,형용사,고유어
5,우등,0,명사,한자어
5,우등생,0,명사,한자어
5,우뚝하다,0,형용사,고유어
5,우라지다,0,동사,고유어
5,우락부락,0,부사,고유어
5,우락부락하다,0,형용사,고유어
5,우량도서,0,명사,한자어
5,우량아,0,명사,한자어
5,우렁쉥이,0,명사,고유어
5,우레,1,명사,고유어
5,우려먹다,0,동사,고유어
5,우루과이,0,명사,외래어
5,우마,0,명사,한자어
5,우매하다,0,형용사,혼종어
5,우묵하다,0,형용사,고유어
5,우문현답,0,명사,한자어
5,우발적,0,명사/관형사,한자어
5,우방,1,명사,한자어
5,우사,4,명사,한자어
5,우산이끼,0,명사,혼종어
5,우상화,0,명사,한자어
5,우상화하다,0,동사,혼종어
5,우선권,0,명사,한자어
5,우세,6,명사,한자어
5,우송료,0,명사,한자어
5,우수,7,명사,한자어
5,우수,10,명사,한자어
5,우스개,0,명사,고유어
5,우스갯소리,0,명사,고유어
5,우시장,0,명사,한자어
5,우애롭다,0,형용사,혼종어
5,우엉조림,0,명사,고유어
5,우여곡절,0,명사,한자어
5,우열,6,명사,한자어
5,우월,2,명사,한자어
5,우위,3,명사,한자어
5,우유부단하다,0,형용사,혼종어
5,우의,1,명사,한자어
5,우의,7,명사,한자어
5,우이독경,0,명사,한자어
5,우익,1,명사,한자어
5,우정국,0,명사,한자어
5,우중충히,0,부사,고유어
5,우즈베키스탄,0,명사,외래어
5,우지,3,명사,한자어
5,우직하다,0,형용사,혼종어
5,우짖다,0,동사,고유어
5,우쩍,0,부사,고유어
5,우측통행,0,명사,한자어
5,우쿨렐레,0,명사,외래어
5,우크라이나,0,명사,외래어
5,우툴두툴,0,부사,고유어
5,우편국,0,명사,한자어
5,우편배달,0,명사,한자어
5,우편배달부,0,명사,한자어
5,우편환,0,명사,한자어
5,우호적,0,명사/관형사,한자어
5,우환,2,명사,한자어
5,우황청심환,0,명사,한자어
5,우회,3,명사,한자어
5,우후죽순,0,명사,한자어
5,욱,1,부사,고유어
5,욱신거리다,0,동사,고유어
5,욱하다,0,동사,고유어
5,운,8,명사,한자어
5,운동감,0,명사,한자어
5,운동모자,0,명사,한자어
5,운동사,0,명사,한자어
5,운동원,0,명사,한자어
5,운동자,0,명사,한자어
5,운명,2,명사,한자어
5,운명하다,0,동사,혼종어
5,운모,1,명사,한자어
5,운문,2,명사,한자어
5,운반선,0,명사,한자어
5,운송비,0,명사,한자어
5,운송업,0,명사,한자어
5,운송하다,0,동사,혼종어
5,운수,5,명사,한자어
5,운용,0,명사,한자어
5,운전법,0,명사,한자어
5,운전병,0,명사,한자어
5,운집하다,0,동사,혼종어
5,운치,2,명사,한자어
5,운해,0,명사,한자어
5,운행하다,1,동사,혼종어
5,운혜,0,명사,한자어
5,울,6,명사,외래어
5,울긋불긋하다,0,형용사,고유어
5,울다,2,동사,고유어
5,울렁울렁,0,부사,고유어
5,울렁증,0,명사,혼종어
5,울룩불룩,0,부사,고유어
5,울림소리,0,명사,고유어
5,울림통,0,명사,혼종어
5,울먹울먹,0,부사,고유어
5,울먹울먹하다,0,동사,고유어
5,울며불며,0,부사,고유어
5,울음판,0,명사,고유어
5,울화,0,명사,한자어
5,울화병,0,명사,한자어
5,움찔움찔하다,1,동사,고유어
5,움칫,0,부사,고유어
5,움큼,0,의존 명사,고유어
5,움푹움푹,0,부사,고유어
5,움푹하다,0,형용사,고유어
5,웃돈,0,명사,고유어
5,웃음보,0,명사,고유어
5,웃음빛,0,명사,고유어
5,웃음판,0,명사,고유어
5,웃자라다,0,동사,고유어
5,웃통,0,명사,고유어
5,웅거하다,0,동사,혼종어
5,웅담,0,명사,한자어
5,웅변가,0,명사,한자어
5,웅변대회,0,명사,한자어
5,웅비하다,0,동사,혼종어
5,웅얼대다,0,동사,고유어
5,웅진,2,명사,한자어
5,워낙에,0,부사,고유어
5,워싱턴,2,명사,외래어
5,워킹,0,명사,외래어
5,원,8,명사,한자어
5,원,16,명사,한자어
5,원각사,1,명사,한자어
5,원거리,0,명사,한자어
5,원경,4,명사,한자어
5,원고료,0,명사,한자어
5,원고용지,0,명사,한자어
5,원고지,1,명사,한자어
5,원광석,0,명사,한자어
5,원군,3,명사,한자어
5,원그래프,0,명사,혼종어
5,원근,2,명사,한자어
5,원근감,0,명사,한자어
5,원근법,0,명사,한자어
5,원급,0,명사,한자어
5,원동기,0,명사,한자어
5,원두,3,명사,한자어
5,원둘레,0,명사,혼종어
5,원로,1,명사,한자어
5,원룸,0,명사,외래어
5,원말,0,명사,혼종어
5,원면,2,명사,한자어
5,원무,3,명사,한자어
5,원병,0,명사,한자어
5,원불교,0,명사,한자어
5,원뿌리,0,명사,혼종어
5,원뿔형,0,명사,혼종어
5,원사,1,명사,한자어
5,원산,2,명사,한자어
5,원삼,2,명사,한자어
5,원상,1,명사,한자어
5,원색적,0,명사/관형사,한자어
5,원생,2,명사,한자어
5,원석,2,명사,한자어
5,원소,2,명사,한자어
5,원수,1,명사,한자어
5,원수,2,명사,한자어
5,원숙하다,0,형용사,혼종어
5,원시,7,명사,한자어
5,원시적,0,명사/관형사,한자어
5,원심,2,명사,한자어
5,원심력,0,명사,한자어
5,원앙새,0,명사,혼종어
5,원양,2,명사,한자어
5,원예업,0,명사,한자어
5,원예학,0,명사,한자어
5,원운동,0,명사,한자어
5,원위치,0,명사,한자어
5,원음,3,명사,한자어
5,원자탄,0,명사,한자어
5,원전,4,명사,한자어
5,원제,2,명사,한자어
5,원초,0,명사,한자어
5,원초적,0,명사/관형사,한자어
5,원추,2,명사,한자어
5,원추리,0,명사,고유어
5,원칙적,0,명사/관형사,한자어
5,원컨대,0,부사,혼종어
5,원탁,0,명사,한자어
5,원통히,0,부사,혼종어
5,원판,4,명사,한자어
5,원판,5,명사,한자어
5,원형,6,명사,한자어
5,원호,5,명사,한자어
5,원혼,0,명사,한자어
5,원화,1,명사,혼종어
5,원화,4,명사,한자어
5,원활히,0,부사,혼종어
5,원흉,0,명사,한자어
5,월간,1,명사,한자어
5,월간지,0,명사,한자어
5,월계관,0,명사,한자어
5,월계꽃,0,명사,혼종어
5,월급봉투,0,명사,한자어
5,월급일,0,명사,한자어
5,월급쟁이,0,명사,혼종어
5,월남,3,명사,한자어
5,월남치마,0,명사,혼종어
5,월동,0,명사,한자어
5,월동하다,0,동사,혼종어
5,월등히,0,부사,혼종어
5,월반,2,명사,한자어
5,월병,0,명사,한자어
5,월부,0,명사,한자어
5,월부금,0,명사,한자어
5,월북,0,명사,한자어
5,월사금,0,명사,한자어
5,월인천강지곡,0,명사,한자어
5,월일,0,명사,한자어
5,월정사,0,명사,한자어
5,월지,0,명사,한자어
5,월척,0,명사,한자어
5,월초,0,명사,한자어
5,월출,0,명사,한자어
5,웨이터,0,명사,외래어
5,웩,0,부사,고유어
5,위경련,0,명사,한자어
5,위관,6,명사,한자어
5,위궤양,0,명사,한자어
5,위급,0,명사,한자어
5,위뜸,0,명사,고유어
5,위령제,0,명사,한자어
5,위령탑,0,명사,한자어
5,위례성,0,명사,한자어
5,위문단,0,명사,한자어
5,위문편지,0,명사,한자어
5,위문품,0,명사,한자어
5,위배,2,명사,한자어
5,위배하다,2,동사,혼종어
5,위법,0,명사,한자어
5,위생법,0,명사,한자어
5,위생복,0,명사,한자어
5,위선자,0,명사,한자어
5,위세,4,명사,한자어
5,위스키,0,명사,외래어
5,위시하다,0,동사,혼종어
5,위신,4,명사,한자어
5,위압,0,명사,한자어
5,위압하다,0,동사,혼종어
5,위액,0,명사,한자어
5,위약금,0,명사,한자어
5,위업,1,명사,한자어
5,위용,1,명사,한자어
5,위의,2,명사,한자어
5,위임,0,명사,한자어
5,위임하다,0,동사,혼종어
5,위자료,0,명사,한자어
5,위장,7,명사,한자어
5,위장병,1,명사,한자어
5,위조지폐,0,명사,한자어
5,위조품,0,명사,한자어
5,위조하다,2,동사,혼종어
5,위중하다,1,형용사,혼종어
5,위증,3,명사,한자어
5,위채,0,명사,고유어
5,위축되다,0,동사,혼종어
5,위통,2,명사,한자어
5,위팔,0,명사,고유어
5,위패,2,명사,한자어
5,위풍,0,명사,한자어
5,위풍당당하다,0,형용사,혼종어
5,위험스럽다,0,형용사,혼종어
5,위험천만,0,명사,한자어
5,위험천만하다,0,형용사,혼종어
5,위협적,0,명사/관형사,한자어
5,위화감,0,명사,한자어
5,윗간,0,명사,혼종어
5,윗글,0,명사,고유어
5,윗길,0,명사,고유어
5,윗목,0,명사,고유어
5,윗방,0,명사,혼종어
5,윗배,0,명사,고유어
5,윗변,0,명사,혼종어
5,윗알,0,명사,고유어
5,유가,5,명사,한자어
5,유가적,0,명사/관형사,한자어
5,유감스럽다,0,형용사,혼종어
5,유감천만,0,명사,한자어
5,유격대,0,명사,한자어
5,유격수,0,명사,한자어
5,유격전,0,명사,한자어
5,유고슬라비아,0,명사,외래어
5,유골함,0,명사,한자어
5,유공자,0,명사,한자어
5,유과,1,명사,한자어
5,유괴되다,0,동사,혼종어
5,유괴죄,0,명사,한자어
5,유구무언,0,명사,한자어
5,유구하다,0,형용사,혼종어
5,유급,2,명사,한자어
5,유기,2,명사,한자어
5,유기,11,명사,한자어
5,유기질,0,명사,한자어
5,유난스럽다,0,형용사,고유어
5,유난하다,0,형용사,고유어
5,유네스코,0,명사,외래어
5,유년,1,명사,한자어
5,유년기,0,명사,한자어
5,유니세프,0,명사,외래어
5,유니폼,0,명사,외래어
5,유다르다,0,형용사,혼종어
5,유대교,0,명사,혼종어
5,유덕하다,0,형용사,혼종어
5,유도화,0,명사,한자어
5,유동적,0,명사/관형사,한자어
5,유두,1,명사,한자어
5,유두,3,명사,한자어
5,유들유들,0,부사,고유어
5,유들유들하다,0,형용사,고유어
5,유라시아,0,명사,외래어
5,유람,2,명사,한자어
5,유람객,0,명사,한자어
5,유람단,0,명사,한자어
5,유람하다,1,동사,혼종어
5,유람하다,2,동사,혼종어
5,유랑하다,0,동사,혼종어
5,유래담,0,명사,한자어
5,유려하다,0,형용사,혼종어
5,유례,3,명사,한자어
5,유리,2,명사,한자어
5,유리수,1,명사,한자어
5,유림,2,명사,한자어
5,유망주,0,명사,한자어
5,유명무실,0,명사,한자어
5,유모,2,명사,한자어
5,유목,5,명사,한자어
5,유미주의,0,명사,한자어
5,유밀과,0,명사,한자어
5,유방암,0,명사,한자어
5,유배지,0,명사,한자어
5,유별히,0,부사,혼종어
5,유보하다,1,동사,혼종어
5,유복녀,0,명사,한자어
5,유복자,0,명사,한자어
5,유복하다,1,형용사,혼종어
5,유복하다,2,형용사,혼종어
5,유부,6,명사,한자어
5,유부남,0,명사,한자어
5,유분수,0,명사,한자어
5,유비무환,0,명사,한자어
5,유사성,0,명사,한자어
5,유사시,0,명사,한자어
5,유사점,0,명사,한자어
5,유사품,0,명사,한자어
5,유색,1,명사,한자어
5,유색인,0,명사,한자어
5,유생,5,명사,한자어
5,유서,1,명사,한자어
5,유세,2,명사,한자어
5,유수,2,명사,한자어
5,유수,9,명사,한자어
5,유수하다,1,형용사,혼종어
5,유순하다,0,형용사,혼종어
5,유식,1,명사,한자어
5,유식하다,1,형용사,혼종어
5,유신,5,명사,한자어
5,유신론,0,명사,한자어
5,유실,3,명사,한자어
5,유실되다,1,동사,혼종어
5,유아기,1,명사,한자어
5,유아복,0,명사,한자어
5,유약,4,명사,한자어
5,유약하다,1,형용사,혼종어
5,유언비어,0,명사,한자어
5,유언서,0,명사,한자어
5,유에프오,0,명사,외래어
5,유연탄,0,명사,한자어
5,유연히,1,부사,혼종어
5,유예,1,명사,한자어
5,유용,1,명사,한자어
5,유유상종,0,명사,한자어
5,유익,1,명사,한자어
5,유인,7,명사,한자어
5,유인원,0,명사,한자어
5,유일무이하다,0,형용사,혼종어
5,유자,5,명사,한자어
5,유자망,0,명사,한자어
5,유작,2,명사,한자어
5,유장하다,1,형용사,혼종어
5,유전,2,명사,한자어
5,유전되다,3,동사,혼종어
5,유전병,0,명사,한자어
5,유전하다,5,동사,혼종어
5,유정란,0,명사,한자어
5,유정하다,1,형용사,혼종어
5,유조차,0,명사,한자어
5,유지류,0,명사,한자어
5,유창히,0,부사,혼종어
5,유채,2,명사,한자어
5,유추,2,명사,한자어
5,유추하다,0,동사,혼종어
5,유출하다,1,동사,혼종어
5,유치,4,명사,한자어
5,유치장,0,명사,한자어
5,유태교,0,명사,한자어
5,유토피아,0,명사,외래어
5,유통,4,명사,한자어
5,유통망,0,명사,한자어
5,유하다,1,형용사,혼종어
5,유하다,2,형용사,혼종어
5,유하다,3,동사,혼종어
5,유학,6,명사,한자어
5,유한,2,명사,한자어
5,유해,4,명사,한자어
5,유행병,0,명사,한자어
5,유혈,0,명사,한자어
5,유형적,2,명사/관형사,한자어
5,유화제,0,명사,한자어
5,유황,0,명사,한자어
5,유효하다,0,형용사,혼종어
5,유흥가,0,명사,한자어
5,유흥업,0,명사,한자어
5,유흥업소,0,명사,한자어
5,유희,2,명사,한자어
5,유희적,0,명사/관형사,한자어
5,육감,1,명사,한자어
5,육감,2,명사,한자어
5,육감적,1,명사/관형사,한자어
5,육림,2,명사,한자어
5,육박전,0,명사,한자어
5,육사,5,명사,한자어
5,육성,4,명사,한자어
5,육성하다,0,동사,혼종어
5,육성회비,0,명사,한자어
5,육수,1,명사,한자어
5,육순,1,명사,한자어
5,육식성,0,명사,한자어
5,육십갑자,0,명사,한자어
5,육아원,0,명사,한자어
5,육안,0,명사,한자어
5,육의전,0,명사,한자어
5,육자배기,2,명사,혼종어
5,육전,5,명사,한자어
5,육젓,0,명사,혼종어
5,육조,1,명사,한자어
5,육종학,0,명사,한자어
5,육진,3,명사,한자어
5,육체노동,0,명사,한자어
5,육체미,0,명사,한자어
5,육촌,1,명사,한자어
5,육친,2,명사,한자어
5,육탄,0,명사,한자어
5,육탄전,0,명사,한자어
5,육포,2,명사,한자어
5,육해공군,0,명사,한자어
5,윤곽선,0,명사,한자어
5,윤년,0,명사,한자어
5,윤달,0,명사,혼종어
5,윤일,0,명사,한자어
5,윤작,0,명사,한자어
5,윤택,0,명사,한자어
5,율,2,명사,한자어
5,율동적,0,명사/관형사,한자어
5,율령,0,명사,한자어
5,율명,0,명사,한자어
5,율법,0,명사,한자어
5,융기,2,명사,한자어
5,융단,2,명사,한자어
5,융성하다,0,동사,혼종어
5,융자,0,명사,한자어
5,융자금,0,명사,한자어
5,융자하다,0,동사,혼종어
5,융점,2,명사,한자어
5,융체,2,명사,한자어
5,융통성,0,명사,한자어
5,융통하다,0,동사,혼종어
5,융합되다,0,동사,혼종어
5,융해,0,명사,한자어
5,융해되다,0,동사,혼종어
5,융화,4,명사,한자어
5,융화하다,2,동사,혼종어
5,윷판,0,명사,고유어
5,으뜸가다,0,동사,고유어
5,으르다,2,동사,고유어
5,으름장,0,명사,고유어
5,으스러지다,0,동사,고유어
5,으스름달,0,명사,고유어
5,으슬으슬,0,부사,고유어
5,으음,0,감탄사,고유어
5,으적으적,0,부사,고유어
5,은거,0,명사,한자어
5,은거하다,0,동사,혼종어
5,은광,2,명사,한자어
5,은니,1,명사,혼종어
5,은덕,1,명사,한자어
5,은둔,0,명사,한자어
5,은둔하다,0,동사,혼종어
5,은둔형,0,명사,한자어
5,은막,0,명사,한자어
5,은박,0,명사,한자어
5,은반,0,명사,한자어
5,은발,0,명사,한자어
5,은백색,0,명사,한자어
5,은사,1,명사,한자어
5,은사,6,명사,한자어
5,은상,4,명사,한자어
5,은연중,0,명사,한자어
5,은원,0,명사,한자어
5,은유,2,명사,한자어
5,은자,4,명사,한자어
5,은장도,0,명사,한자어
5,은총,0,명사,한자어
5,은폐,2,명사,한자어
5,은하계,0,명사,한자어
5,은행권,0,명사,한자어
5,은혼식,0,명사,한자어
5,을러대다,0,동사,고유어
5,을러메다,0,동사,고유어
5,을미사변,0,명사,한자어
5,을밀대,0,명사,한자어
5,을사늑약,0,명사,한자어
5,을씨년스럽다,0,형용사,고유어
5,음,6,명사,한자어
5,음기,2,명사,한자어
5,음낭,0,명사,한자어
5,음높이,0,명사,혼종어
5,음독,4,명사,한자어
5,음란하다,0,형용사,혼종어
5,음량,1,명사,한자어
5,음률,0,명사,한자어
5,음미,1,명사,한자어
5,음복,2,명사,한자어
5,음복하다,2,동사,혼종어
5,음부,7,명사,한자어
5,음산하다,0,형용사,혼종어
5,음성,4,명사,한자어
5,음성학,0,명사,한자어
5,음소,2,명사,한자어
5,음속,0,명사,한자어
5,음악계,0,명사,한자어
5,음악극,0,명사,한자어
5,음악당,0,명사,한자어
5,음악성,0,명사,한자어
5,음악제,0,명사,한자어
5,음악학,0,명사,한자어
5,음양,2,명사,한자어
5,음역,1,명사,한자어
5,음영,2,명사,한자어
5,음운,1,명사,한자어
5,음운론,0,명사,한자어
5,음이름,0,명사,혼종어
5,음자리표,0,명사,혼종어
5,음조,1,명사,한자어
5,음지,3,명사,한자어
5,음치,0,명사,한자어
5,음침하다,0,형용사,혼종어
5,음탕하다,0,형용사,혼종어
5,음핵,0,명사,한자어
5,음화,5,명사,한자어
5,읍민,0,명사,한자어
5,읍성,0,명사,한자어
5,응가,0,명사/감탄사,고유어
5,응결,0,명사,한자어
5,응결력,0,명사,한자어
5,응결하다,0,동사,혼종어
5,응고,1,명사,한자어
5,응고되다,0,동사,혼종어
5,응고하다,0,동사,혼종어
5,응급조치,0,명사,한자어
5,응낙,0,명사,한자어
5,응당,0,부사,한자어
5,응모,0,명사,한자어
5,응모권,0,명사,한자어
5,응변,0,명사,한자어
5,응분,0,명사,한자어
5,응석받이,0,명사,고유어
5,응수,4,명사,한자어
5,응수하다,2,동사,혼종어
5,응시,1,명사,한자어
5,응시자,0,명사,한자어
5,응아,1,부사,고유어
5,응애,2,부사,고유어
5,응애응애,0,부사,고유어
5,응어리,0,명사,고유어
5,응용문제,0,명사,한자어
5,응원석,0,명사,한자어
5,응접,0,명사,한자어
5,응접세트,0,명사,혼종어
5,응집되다,0,동사,혼종어
5,응징,0,명사,한자어
5,의,5,명사,한자어
5,의,8,명사,한자어
5,의거,1,명사,한자어
5,의거,2,명사,한자어
5,의거하다,1,동사,혼종어
5,의경,1,명사,한자어
5,의관,3,명사,한자어
5,의구심,0,명사,한자어
5,의군,1,명사,한자어
5,의궤,1,명사,한자어
5,의금부,0,명사,한자어
5,의기,4,명사,한자어
5,의기소침,0,명사,한자어
5,의기투합,0,명사,한자어
5,의남매,0,명사,한자어
5,의논되다,0,동사,혼종어
5,의당,0,부사,한자어
5,의례,4,명사,한자어
5,의례적,0,명사/관형사,한자어
5,의료단,0,명사,한자어
5,의료진,0,명사,한자어
5,의류품,0,명사,한자어
5,의무감,1,명사,한자어
5,의무대,0,명사,한자어
5,의무병,2,명사,한자어
5,의문문,0,명사,한자어
5,의미론,0,명사,한자어
5,의병대,0,명사,한자어
5,의분,1,명사,한자어
5,의붓딸,0,명사,고유어
5,의붓아들,0,명사,고유어
5,의붓아버지,0,명사,고유어
5,의붓아비,0,명사,고유어
5,의붓어머니,0,명사,고유어
5,의붓자식,0,명사,혼종어
5,의석,3,명사,한자어
5,의석수,0,명사,한자어
5,의수,6,명사,한자어
5,의아스레,0,부사,혼종어
5,의아히,0,부사,혼종어
5,의안,5,명사,한자어
5,의연금,0,명사,한자어
5,의연하다,1,형용사,혼종어
5,의연히,1,부사,혼종어
5,의열단,0,명사,한자어
5,의용,2,명사,한자어
5,의용군,0,명사,한자어
5,의인,3,명사,한자어
5,의인법,0,명사,한자어
5,의인화하다,0,동사,혼종어
5,의장대,0,명사,한자어
5,의절,1,명사,한자어
5,의젓이,0,부사,고유어
5,의정부,2,명사,한자어
5,의제,6,명사,한자어
5,의존성,0,명사,한자어
5,의주,1,명사,한자어
5,의중,1,명사,한자어
5,의지,4,명사,한자어
5,의창,2,명사,한자어
5,의처증,0,명사,한자어
5,의치,1,명사,한자어
5,의타심,0,명사,한자어
5,의탁하다,0,동사,혼종어
5,의표,1,명사,한자어
5,의혹하다,0,동사,혼종어
5,이,21,명사,한자어
5,이간질,0,명사,혼종어
5,이갈이,2,명사,고유어
5,이감,2,명사,한자어
5,이같이,0,부사,고유어
5,이건,2,명사,한자어
5,이견,0,명사,한자어
5,이골,1,명사,고유어
5,이구동성,0,명사,한자어
5,이국,3,명사,한자어
5,이권,0,명사,한자어
5,이글루,0,명사,외래어
5,이기,5,명사,한자어
5,이기다,2,동사,고유어
5,이남,2,명사,한자어
5,이내,2,관형사,고유어
5,이년생,0,명사,한자어
5,이농,0,명사,한자어
5,이다,2,동사,고유어
5,이다지,0,부사,고유어
5,이단,0,명사,한자어
5,이단자,0,명사,한자어
5,이두,1,명사,한자어
5,이등,1,명사,한자어
5,이등병,0,명사,한자어
5,이등분,0,명사,한자어
5,이등분되다,0,동사,혼종어
5,이따위,0,대명사/관형사,고유어
5,이딴,0,관형사,고유어
5,이때껏,0,부사,고유어
5,이라크,0,명사,외래어
5,이란,3,명사,외래어
5,이랑,1,명사,고유어
5,이래,1,품사 없음,고유어
5,이러쿵저러쿵,0,부사,고유어
5,이럭저럭,0,부사,고유어
5,이런고로,0,부사,혼종어
5,이력서,0,명사,한자어
5,이론적,0,명사/관형사,한자어
5,이룩되다,0,동사,고유어
5,이른바,0,부사,고유어
5,이름씨,0,명사,고유어
5,이리듐,0,명사,외래어
5,이리이리,1,부사,고유어
5,이만저만하다,0,형용사,고유어
5,이만치,0,부사/명사,고유어
5,이만하다,2,형용사,고유어
5,이모작,0,명사,한자어
5,이모할머니,0,명사,혼종어
5,이문,5,명사,한자어
5,이물,1,명사,고유어
5,이민국,0,명사,한자어
5,이민족,0,명사,한자어
5,이바지,1,명사,고유어
5,이바지,2,명사,고유어
5,이반,2,명사,한자어
5,이발관,0,명사,한자어
5,이발기,2,명사,한자어
5,이발업,0,명사,한자어
5,이발하다,1,동사,혼종어
5,이밥,0,명사,고유어
5,이방,3,명사,한자어
5,이보게,0,감탄사,고유어
5,이보다,0,동사,혼종어
5,이보시오,0,감탄사,고유어
5,이보우,0,감탄사,고유어
5,이복동생,0,명사,혼종어
5,이복형제,0,명사,한자어
5,이봐,0,감탄사,고유어
5,이브,1,명사,외래어
5,이비,4,명사,한자어
5,이비과,0,명사,한자어
5,이사국,0,명사,한자어
5,이사장,0,명사,한자어
5,이사회,0,명사,한자어
5,이산,2,명사,한자어
5,이삼월,0,명사,한자어
5,이삼일,0,명사,한자어
5,이삿짐센터,0,명사,혼종어
5,이상향,0,명사,한자어
5,이상화되다,0,동사,혼종어
5,이성적,0,명사/관형사,한자어
5,이송,0,명사,한자어
5,이스라엘,0,명사,외래어
5,이스트,0,명사,외래어
5,이슥하다,0,형용사,고유어
5,이슬방울,0,명사,고유어
5,이식되다,0,동사,혼종어
5,이실직고,0,명사,한자어
5,이십사시,0,명사,한자어
5,이십사절기,0,명사,한자어
5,이십오시,0,명사,한자어
5,이앙기,2,명사,한자어
5,이앙법,0,명사,한자어
5,이야기꾼,0,명사,고유어
5,이야기보따리,0,명사,혼종어
5,이야말로,1,부사,고유어
5,이양,5,명사,한자어
5,이양하다,2,동사,혼종어
5,이어짓기,0,명사,고유어
5,이엉,0,명사,고유어
5,이에서,0,부사,고유어
5,이역,5,명사,한자어
5,이역만리,0,명사,한자어
5,이완,1,명사,한자어
5,이용도,0,명사,한자어
5,이용법,0,명사,한자어
5,이용업,0,명사,한자어
5,이용원,0,명사,한자어
5,이울다,0,동사,고유어
5,이월금,0,명사,한자어
5,이유식,0,명사,한자어
5,이음새,0,명사,고유어
5,이인칭,0,명사,한자어
5,이장,10,명사,한자어
5,이적,8,명사,한자어
5,이적료,0,명사,한자어
5,이제나저제나,0,부사,고유어
5,이젤,0,명사,외래어
5,이조,4,명사,한자어
5,이죽거리다,0,동사,고유어
5,이중인격,0,명사,한자어
5,이중인격자,0,명사,한자어
5,이중주,0,명사,한자어
5,이중창,1,명사,한자어
5,이지러지다,0,동사,고유어
5,이진법,0,명사,한자어
5,이집트,0,명사,외래어
5,이쯤,0,명사/부사,고유어
5,이차원,0,명사,한자어
5,이차적,0,명사/관형사,한자어
5,이착륙,0,명사,한자어
5,이채롭다,0,형용사,혼종어
5,이체,4,명사,한자어
5,이치,5,명사,한자어
5,이타주의,0,명사,한자어
5,이탈리아,0,명사,외래어
5,이탈자,0,명사,한자어
5,이탈하다,0,동사,혼종어
5,이태,1,명사,고유어
5,이태리,0,명사,한자어
5,이태리어,0,명사,한자어
5,이판사판,0,명사,고유어
5,이팔청춘,0,명사,한자어
5,이해력,0,명사,한자어
5,이해타산,0,명사,한자어
5,이행,8,명사,한자어
5,이행시,0,명사,한자어
5,이히히,0,부사,고유어
5,익룡,0,명사,한자어
5,익명성,0,명사,한자어
5,익모초,0,명사,한자어
5,익사,2,명사,한자어
5,익산,0,명사,한자어
5,익살꾸러기,0,명사,고유어
5,익살스레,0,부사,고유어
5,익애,0,명사,한자어
5,익충,0,명사,한자어
5,인,1,명사,고유어
5,인,2,명사,한자어
5,인,4,명사,한자어
5,인,15,명사,한자어
5,인가하다,2,동사,혼종어
5,인간관,0,명사,한자어
5,인간문화재,0,명사,한자어
5,인간상,0,명사,한자어
5,인간애,0,명사,한자어
5,인간형,0,명사,한자어
5,인감도장,0,명사,한자어
5,인건비,0,명사,한자어
5,인걸,0,명사,한자어
5,인격자,0,명사,한자어
5,인격적,0,명사/관형사,한자어
5,인경,1,명사,한자어
5,인계,2,명사,한자어
5,인계하다,0,동사,혼종어
5,인고,0,명사,한자어
5,인공호흡기,0,명사,한자어
5,인공호흡법,0,명사,한자어
5,인과,3,명사,한자어
5,인과응보,0,명사,한자어
5,인구론,0,명사,한자어
5,인내천,0,명사,한자어
5,인당,2,명사,한자어
5,인당수,0,명사,한자어
5,인도네시아,0,명사,외래어
5,인도되다,1,동사,혼종어
5,인도양,0,명사,한자어
5,인도적,1,명사/관형사,한자어
5,인도주의,0,명사,한자어
5,인도주의적,0,명사/관형사,한자어
5,인도차이나,0,명사,외래어
5,인도하다,1,동사,혼종어
5,인두,1,명사,고유어
5,인두세,0,명사,한자어
5,인디언,0,명사,외래어
5,인라인스케이트,0,명사,외래어
5,인력거,0,명사,한자어
5,인류사,0,명사,한자어
5,인류학,0,명사,한자어
5,인류학자,0,명사,한자어
5,인맥,0,명사,한자어
5,인멸되다,0,동사,혼종어
5,인명재천,0,명사,한자어
5,인물도,0,명사,한자어
5,인물상,0,명사,한자어
5,인물형,0,명사,한자어
5,인물화,0,명사,한자어
5,인분,1,명사,한자어
5,인사불성,0,명사,한자어
5,인사성,0,명사,한자어
5,인사이동,0,명사,한자어
5,인산,1,명사,한자어
5,인산,3,명사,한자어
5,인산인해,0,명사,한자어
5,인상착의,0,명사,한자어
5,인색하다,0,형용사,혼종어
5,인생관,0,명사,한자어
5,인생살이,0,명사,혼종어
5,인세,3,명사,한자어
5,인솔,0,명사,한자어
5,인쇄공,0,명사,한자어
5,인쇄업,0,명사,한자어
5,인수,9,명사,한자어
5,인수봉,0,명사,한자어
5,인수하다,1,동사,혼종어
5,인슐린,0,명사,외래어
5,인스턴트식품,0,명사,혼종어
5,인습,1,명사,한자어
5,인시,4,명사,한자어
5,인식되다,0,동사,혼종어
5,인신공격하다,0,동사,혼종어
5,인신매매,0,명사,한자어
5,인신매매하다,0,동사,혼종어
5,인양,0,명사,한자어
5,인양하다,0,동사,혼종어
5,인용문,0,명사,한자어
5,인자요산,0,명사,한자어
5,인장,3,명사,한자어
5,인재,3,명사,한자어
5,인적,1,명사/관형사,한자어
5,인접,2,명사,한자어
5,인정미,2,명사,한자어
5,인정사정,0,명사,한자어
5,인조견,0,명사,한자어
5,인조반정,0,명사,한자어
5,인조인간,0,명사,한자어
5,인주,2,명사,한자어
5,인지,6,명사,한자어
5,인지상정,0,명사,한자어
5,인척,3,명사,한자어
5,인치,3,의존 명사,외래어
5,인칭,0,명사,한자어
5,인터체인지,0,명사,외래어
5,인턴사원,0,명사,혼종어
5,인테리어,0,명사,외래어
5,인편,1,명사,한자어
5,인플레이션,0,명사,외래어
5,인하,1,명사,한자어
5,인하하다,0,동사,혼종어
5,인해,0,명사,한자어
5,인화,1,명사,한자어
5,인화,5,명사,한자어
5,인화하다,1,동사,혼종어
5,인화하다,3,동사,혼종어
5,인화하다,4,동사,혼종어
5,일가견,0,명사,한자어
5,일각,1,명사,한자어
5,일간,4,명사/부사,한자어
5,일개,0,명사,한자어
5,일거수일투족,0,명사,한자어
5,일거양득,0,명사,한자어
5,일거일동,0,명사,한자어
5,일격,1,명사,한자어
5,일고여덟,0,수사/관형사,고유어
5,일괄,0,명사,한자어
5,일괄하다,0,동사,혼종어
5,일광,2,명사,한자어
5,일광욕,0,명사,한자어
5,일국,1,명사,한자어
5,일그러뜨리다,0,동사,고유어
5,일기,6,명사,한자어
5,일기책,0,명사,한자어
5,일껏,0,부사,고유어
5,일년생,0,명사,한자어
5,일다,2,동사,고유어
5,일단락,0,명사,한자어
5,일대,1,관형사,한자어
5,일등병,0,명사,한자어
5,일등칸,0,명사,혼종어
5,일람표,0,명사,한자어
5,일러두다,0,동사,고유어
5,일러스트레이션,0,명사,외래어
5,일련,1,명사,한자어
5,일례,0,명사,한자어
5,일말,0,명사,한자어
5,일망타진,0,명사,한자어
5,일맥상통하다,0,동사,혼종어
5,일목요연하다,0,형용사,혼종어
5,일박,1,명사,한자어
5,일반미,0,명사,한자어
5,일반석,0,명사,한자어
5,일방통행로,0,명사,한자어
5,일백,2,수사/관형사,한자어
5,일변,1,명사,한자어
5,일병,1,명사,한자어
5,일보,5,명사,한자어
5,일부다처,0,명사,한자어
5,일부다처제,0,명사,한자어
5,일부다처주의,0,명사,한자어
5,일부일부,0,명사,한자어
5,일부일처,0,명사,한자어
5,일부일처제,0,명사,한자어
5,일부종사,0,명사,한자어
5,일분,0,명사,한자어
5,일사불란하다,0,형용사,혼종어
5,일사천리,0,명사,한자어
5,일색,1,명사,한자어
5,일생일대,1,명사,한자어
5,일선,1,명사,한자어
5,일소하다,3,동사,혼종어
5,일수,8,명사,한자어
5,일순,3,명사,한자어
5,일순간,0,명사,한자어
5,일승일패,0,명사,한자어
5,일시불,0,명사,한자어
5,일식,5,명사,한자어
5,일식집,0,명사,혼종어
5,일신,1,명사,한자어
5,일신교,0,명사,한자어
5,일신하다,1,동사,혼종어
5,일실,3,명사,한자어
5,일심동체,0,명사,한자어
5,일어,0,명사,한자어
5,일언반구,0,명사,한자어
5,일언반사,0,명사,한자어
5,일없다,0,형용사,고유어
5,일엽편주,0,명사,한자어
5,일원,2,명사,한자어
5,일월성신,0,명사,한자어
5,일인,1,명사,한자어
5,일인칭,0,명사,한자어
5,일일생활권,0,명사,한자어
5,일임하다,0,동사,혼종어
5,일자무식,0,명사,한자어
5,일자바지,0,명사,혼종어
5,일장,2,명사/부사,한자어
5,일전,1,명사,한자어
5,일전,4,명사,한자어
5,일정액,0,명사,한자어
5,일제,1,명사,한자어
5,일제,2,명사,한자어
5,일제,3,명사,한자어
5,일조일석,0,명사,한자어
5,일조하다,0,동사,혼종어
5,일주문,0,명사,한자어
5,일주하다,1,동사,혼종어
5,일직,2,명사,한자어
5,일진,4,명사,한자어
5,일차원,0,명사,한자어
5,일처다부제,0,명사,한자어
5,일체,1,명사/부사,한자어
5,일체,2,명사,한자어
5,일체감,0,명사,한자어
5,일축하다,0,동사,혼종어
5,일취월장,0,명사,한자어
5,일치점,0,명사,한자어
5,일탈하다,0,동사,혼종어
5,일파,0,명사,한자어
5,일패도지하다,0,동사,혼종어
5,일품요리,0,명사,한자어
5,일환,1,명사,한자어
5,임관,1,명사,한자어
5,임대,0,명사,한자어
5,임대하다,0,동사,혼종어
5,임립하다,0,동사,혼종어
5,임명하다,2,동사,혼종어
5,임박하다,0,동사,혼종어
5,임부,1,명사,한자어
5,임시직,0,명사,한자어
5,임연수어,0,명사,한자어
5,임용,1,명사,한자어
5,임전무퇴,0,명사,한자어
5,임종,2,명사,한자어
5,임종하다,0,동사,혼종어
5,임지,1,명사,한자어
5,임직원,0,명사,한자어
5,임진,1,명사,한자어
5,임진강,0,명사,한자어
5,임질,2,명사,한자어
5,임차,0,명사,한자어
5,임차료,0,명사,한자어
5,임학,0,명사,한자어
5,임해,2,명사,한자어
5,입가심,0,명사,고유어
5,입각,2,명사,한자어
5,입각하다,2,동사,혼종어
5,입건하다,0,동사,혼종어
5,입관,2,명사,한자어
5,입교,1,명사,한자어
5,입교하다,1,동사,혼종어
5,입궐하다,0,동사,혼종어
5,입금,0,명사,한자어
5,입금액,0,명사,한자어
5,입금표,0,명사,한자어
5,입금하다,0,동사,혼종어
5,입기,0,명사,한자어
5,입단속,0,명사,혼종어
5,입단하다,1,동사,혼종어
5,입당,2,명사,한자어
5,입마개,0,명사,고유어
5,입말,0,명사,고유어
5,입맞춤하다,0,동사,고유어
5,입문서,0,명사,한자어
5,입바르다,0,형용사,고유어
5,입방아,0,명사,고유어
5,입법하다,0,동사,혼종어
5,입병,1,명사,혼종어
5,입사,3,명사,한자어
5,입사하다,3,동사,혼종어
5,입산,0,명사,한자어
5,입상자,0,명사,한자어
5,입선,3,명사,한자어
5,입선하다,3,동사,혼종어
5,입속말,0,명사,고유어
5,입수,1,명사,한자어
5,입술소리,0,명사,고유어
5,입술연지,0,명사,혼종어
5,입신양명,0,명사,한자어
5,입실,0,명사,한자어
5,입심,1,명사,고유어
5,입씨름,0,명사,고유어
5,입언저리,0,명사,고유어
5,입장표,0,명사,한자어
5,입장하다,3,동사,혼종어
5,입적,2,명사,한자어
5,입적하다,1,동사,혼종어
5,입정,2,명사,한자어
5,입조심,0,명사,혼종어
5,입주,1,명사,한자어
5,입주자,0,명사,한자어
5,입지,1,명사,한자어
5,입질,1,명사,고유어
5,입질하다,1,동사,고유어
5,입찰,0,명사,한자어
5,입체감,0,명사,한자어
5,입추,3,명사,한자어
5,입춘,0,명사,한자어
5,입춘대길,0,명사,한자어
5,입출력,0,명사,한자어
5,입하,2,명사,한자어
5,입학금,0,명사,한자어
5,입학생,0,명사,한자어
5,입학시험,0,명사,한자어
5,입항,0,명사,한자어
5,입항하다,0,동사,혼종어
5,입헌,0,명사,한자어
5,입헌주의,0,명사,한자어
5,입회,1,명사,한자어
5,입후보,0,명사,한자어
5,잇,1,명사,고유어
5,잇기,0,명사,고유어
5,잇꽃,0,명사,고유어
5,잇대다,0,동사,고유어
5,잇따르다,0,동사,고유어
5,잇속,2,명사,고유어
5,잇속,3,명사,혼종어
5,잉,1,부사,고유어
5,잉꼬부부,0,명사,혼종어
5,잉여,0,명사,한자어
5,잉카,0,명사,외래어
5,잉태,0,명사,한자어
5,잉태되다,0,동사,혼종어
5,잉태하다,0,동사,혼종어
5,잎눈,0,명사,고유어
5,잎맥,0,명사,혼종어
5,자,10,명사,한자어
5,자가,1,명사,한자어
5,자가사리,0,명사,고유어
5,자각,3,명사,한자어
5,자갈길,0,명사,고유어
5,자갈밭,0,명사,고유어
5,자갈층,0,명사,혼종어
5,자개,1,명사,고유어
5,자격루,0,명사,한자어
5,자격지심,0,명사,한자어
5,자결,0,명사,한자어
5,자결하다,0,동사,혼종어
5,자궁암,0,명사,한자어
5,자귀나무,0,명사,고유어
5,자그맣다,0,형용사,고유어
5,자극되다,0,동사,혼종어
5,자극성,0,명사,한자어
5,자글자글,1,부사,고유어
5,자금난,0,명사,한자어
5,자급,1,명사,한자어
5,자급하다,1,동사,혼종어
5,자기,8,명사,한자어
5,자기실현,0,명사,한자어
5,자기희생,0,명사,한자어
5,자기희생적,0,명사/관형사,한자어
5,자당,3,명사,한자어
5,자동사,0,명사,한자어
5,자동차세,0,명사,한자어
5,자동판매기,0,명사,한자어
5,자동화,0,명사,한자어
5,자라다,2,동사/형용사,고유어
5,자라목,0,명사,고유어
5,자력,1,명사,한자어
5,자력,4,명사,한자어
5,자르르,1,부사,고유어
5,자립성,0,명사,한자어
5,자립적,0,명사/관형사,한자어
5,자릿점,0,명사,혼종어
5,자만심,0,명사,한자어
5,자맥질,0,명사,고유어
5,자맥질하다,0,동사,고유어
5,자메이카,0,명사,외래어
5,자멸,1,명사,한자어
5,자멸하다,1,동사,혼종어
5,자명고,0,명사,한자어
5,자명하다,1,형용사,혼종어
5,자못,0,부사,고유어
5,자몽,2,명사,외래어
5,자문자답하다,0,동사,혼종어
5,자문하다,1,동사,혼종어
5,자문하다,2,동사,혼종어
5,자문하다,4,동사,혼종어
5,자바,0,명사,외래어
5,자바라,0,명사,한자어
5,자반,1,명사,고유어
5,자백,1,명사,한자어
5,자백서,0,명사,한자어
5,자백하다,0,동사,혼종어
5,자본가,0,명사,한자어
5,자본금,0,명사,한자어
5,자본주의적,0,명사/관형사,한자어
5,자부,3,명사,한자어
5,자부하다,0,동사,혼종어
5,자비스럽다,0,형용사,혼종어
5,자비심,2,명사,한자어
5,자살골,0,명사,혼종어
5,자색,3,명사,한자어
5,자생,2,명사,한자어
5,자생적,0,명사/관형사,한자어
5,자생지,0,명사,한자어
5,자선가,0,명사,한자어
5,자선냄비,0,명사,혼종어
5,자성,12,명사,한자어
5,자손만대,0,명사,한자어
5,자수성가하다,0,동사,혼종어
5,자수정,0,명사,한자어
5,자수하다,5,동사,혼종어
5,자습서,0,명사,한자어
5,자습하다,0,동사,혼종어
5,자시,1,명사,한자어
5,자신하다,1,동사,혼종어
5,자애,2,명사,한자어
5,자양분,0,명사,한자어
5,자업자득,0,명사,한자어
5,자연계,1,명사,한자어
5,자연공원,0,명사,한자어
5,자연과,0,명사,한자어
5,자연법칙,0,명사,한자어
5,자연색,0,명사,한자어
5,자연식품,0,명사,한자어
5,자연주의,0,명사,한자어
5,자영업,0,명사,한자어
5,자오선,2,명사,한자어
5,자옥하다,0,형용사,고유어
5,자운영,0,명사,한자어
5,자웅,0,명사,한자어
5,자원봉사,0,명사,한자어
5,자원봉사자,0,명사,한자어
5,자위,5,명사,한자어
5,자유당,0,명사,한자어
5,자유방임,0,명사,한자어
5,자유방임주의,0,명사,한자어
5,자유방임하다,0,동사,혼종어
5,자유시,2,명사,한자어
5,자유인,0,명사,한자어
5,자유자재,0,명사,한자어
5,자유주의,0,명사,한자어
5,자유주의자,0,명사,한자어
5,자유투,0,명사,한자어
5,자율성,0,명사,한자어
5,자의,2,명사,한자어
5,자의식,0,명사,한자어
5,자의적,0,명사/관형사,한자어
5,자인하다,3,동사,혼종어
5,자일,3,명사,외래어
5,자자손손,0,명사,한자어
5,자작,5,명사,한자어
5,자작농,0,명사,한자어
5,자전,7,명사,한자어
5,자전축,0,명사,한자어
5,자조,1,명사,한자어
5,자족,0,명사,한자어
5,자족하다,0,동사/형용사,혼종어
5,자존,2,명사,한자어
5,자주,7,명사,한자어
5,자주독립하다,0,동사,혼종어
5,자주정신,0,명사,한자어
5,자중하다,1,동사,혼종어
5,자진하다,1,동사,혼종어
5,자질구레하다,0,형용사,고유어
5,자책,0,명사,한자어
5,자책감,0,명사,한자어
5,자책골,0,명사,혼종어
5,자철광,0,명사,한자어
5,자철석,0,명사,한자어
5,자청,1,명사,한자어
5,자청하다,0,동사,혼종어
5,자초하다,1,동사,혼종어
5,자축,3,명사,한자어
5,자축연,0,명사,한자어
5,자취방,0,명사,한자어
5,자취하다,1,동사,혼종어
5,자치권,0,명사,한자어
5,자치기,0,명사,고유어
5,자치령,0,명사,한자어
5,자치적,0,명사/관형사,한자어
5,자치통감,0,명사,한자어
5,자치회,0,명사,한자어
5,자칭,1,명사,한자어
5,자칭하다,1,동사,혼종어
5,자카르타,0,명사,외래어
5,자타,0,명사,한자어
5,자퇴,0,명사,한자어
5,자퇴하다,0,동사,혼종어
5,자폐증,0,명사,한자어
5,자폭,1,명사,한자어
5,자폭하다,0,동사,혼종어
5,자필,0,명사,한자어
5,자학,3,명사,한자어
5,자해하다,2,동사,혼종어
5,자형,1,명사,한자어
5,자형,4,명사,한자어
5,자화,5,명사,한자어
5,자화되다,0,동사,혼종어
5,자화자찬,0,명사,한자어
5,자화자찬하다,0,동사,혼종어
5,자활,0,명사,한자어
5,자획,1,명사,한자어
5,작,5,명사,한자어
5,작고,1,명사,한자어
5,작고하다,1,동사,혼종어
5,작달막하다,0,형용사,고유어
5,작대기,0,명사,고유어
5,작동하다,0,동사,혼종어
5,작두,1,명사,고유어
5,작렬하다,0,동사,혼종어
5,작명하다,0,동사,혼종어
5,작사하다,3,동사,혼종어
5,작살,2,명사,고유어
5,작심하다,0,동사,혼종어
5,작약,1,명사,한자어
5,작약하다,1,동사,혼종어
5,작업대,0,명사,한자어
5,작업반장,0,명사,한자어
5,작열하다,0,동사,혼종어
5,작용점,0,명사,한자어
5,작은개자리,0,명사,고유어
5,작은골,0,명사,고유어
5,작은댁,0,명사,혼종어
5,작은삼촌,0,명사,혼종어
5,작은아가씨,0,명사,고유어
5,작은아기,0,명사,고유어
5,작작,1,부사,고유어
5,작황,0,명사,한자어
5,잔고,0,명사,한자어
5,잔금,2,명사,한자어
5,잔대,1,명사,고유어
5,잔명,0,명사,한자어
5,잔물결,0,명사,고유어
5,잔별,0,명사,고유어
5,잔병,1,명사,혼종어
5,잔병치레,0,명사,혼종어
5,잔설,0,명사,한자어
5,잔소리하다,0,동사,고유어
5,잔손,1,명사,고유어
5,잔솔,0,명사,고유어
5,잔솔밭,0,명사,고유어
5,잔심부름,0,명사,고유어
5,잔심부름꾼,0,명사,고유어
5,잔잔히,1,부사,고유어
5,잔재,2,명사,한자어
5,잔재미,0,명사,고유어
5,잔재주,0,명사,고유어
5,잔챙이,0,명사,고유어
5,잔칫상,0,명사,혼종어
5,잔풀,0,명사,고유어
5,잔학성,0,명사,한자어
5,잔학하다,0,형용사,혼종어
5,잔해,2,명사,한자어
5,잔혹성,0,명사,한자어
5,잘강잘강,2,부사,고유어
5,잘나가다,0,동사,고유어
5,잘잘,5,부사,고유어
5,잘해야,0,부사,고유어
5,잠귀,0,명사,고유어
5,잠기운,0,명사,고유어
5,잠깐잠깐,0,부사,고유어
5,잠방이,0,명사,고유어
5,잠버릇,0,명사,고유어
5,잠보,0,명사,고유어
5,잠복,2,명사,한자어
5,잠복근무하다,0,동사,혼종어
5,잠복하다,0,동사,혼종어
5,잠수함,1,명사,한자어
5,잠업,0,명사,한자어
5,잠입,0,명사,한자어
5,잠입하다,0,동사,혼종어
5,잠자리채,0,명사,고유어
5,잠재,0,명사,한자어
5,잠재의식,0,명사,한자어
5,잠재적,0,명사/관형사,한자어
5,잠적,3,명사,한자어
5,잠적하다,3,동사,혼종어
5,잠정,0,명사,한자어
5,잠정적,0,명사/관형사,한자어
5,잠투정,0,명사,고유어
5,잡가,2,명사,한자어
5,잡균,0,명사,한자어
5,잡기,4,명사,한자어
5,잡담하다,0,동사,혼종어
5,잡도리,0,명사,고유어
5,잡목,0,명사,한자어
5,잡병,0,명사,한자어
5,잡비,2,명사,한자어
5,잡상인,0,명사,한자어
5,잡색,0,명사,한자어
5,잡스럽다,0,형용사,혼종어
5,잡식,1,명사,한자어
5,잡식성,0,명사,한자어
5,잡아넣다,0,동사,고유어
5,잡아채다,0,동사,고유어
5,잡역부,1,명사,한자어
5,잡채밥,0,명사,혼종어
5,잡치다,0,동사,고유어
5,잡풀,0,명사,혼종어
5,잡화,2,명사,한자어
5,잡화상,0,명사,한자어
5,잡히다,3,동사,고유어
5,잣죽,0,명사,혼종어
5,장,28,명사,한자어
5,장,30,명사,한자어
5,장갑차,0,명사,한자어
5,장거,1,명사,한자어
5,장검,0,명사,한자어
5,장계,1,명사,한자어
5,장고,1,명사,한자어
5,장구채,1,명사,고유어
5,장구하다,1,형용사,혼종어
5,장국,0,명사,혼종어
5,장국밥,0,명사,혼종어
5,장군,5,명사/감탄사,한자어
5,장군총,0,명사,한자어
5,장기화,0,명사,한자어
5,장기화되다,0,동사,혼종어
5,장꾼,0,명사,혼종어
5,장끼전,0,명사,혼종어
5,장난꾼,0,명사,고유어
5,장내,3,명사,한자어
5,장년,1,명사,한자어
5,장년기,0,명사,한자어
5,장다리꽃,0,명사,고유어
5,장단,3,명사,한자어
5,장닭,0,명사,고유어
5,장담,2,명사,한자어
5,장대,2,명사,혼종어
5,장대높이뛰기,0,명사,혼종어
5,장려되다,0,동사,혼종어
5,장력,2,명사,한자어
5,장렬하다,0,형용사,혼종어
5,장렬히,0,부사,혼종어
5,장로교,0,명사,한자어
5,장롱면허,0,명사,한자어
5,장막극,0,명사,한자어
5,장만,1,명사,고유어
5,장모님,0,명사,혼종어
5,장목,2,명사,한자어
5,장물,3,명사,한자어
5,장물아비,0,명사,혼종어
5,장발,3,명사,한자어
5,장방형,0,명사,한자어
5,장백산맥,0,명사,한자어
5,장병,4,명사,한자어
5,장사진,1,명사,한자어
5,장사하다,4,동사,혼종어
5,장삼,2,명사,한자어
5,장삿길,0,명사,고유어
5,장삿속,0,명사,고유어
5,장생,1,명사,한자어
5,장생하다,0,동사,혼종어
5,장서,4,명사,한자어
5,장석,2,명사,한자어
5,장송곡,0,명사,한자어
5,장수하다,1,동사,혼종어
5,장승제,0,명사,혼종어
5,장시,5,명사,한자어
5,장식장,0,명사,한자어
5,장신,1,명사,한자어
5,장악,2,명사,한자어
5,장악하다,0,동사,혼종어
5,장안,0,명사,한자어
5,장어구이,0,명사,혼종어
5,장엄,2,명사,한자어
5,장외,2,명사,한자어
5,장유,2,명사,한자어
5,장유유서,0,명사,한자어
5,장의,8,명사,한자어
5,장의차,0,명사,한자어
5,장자,2,명사,한자어
5,장작개비,0,명사,혼종어
5,장장,2,관형사/품사 없음,한자어
5,장전,11,명사,한자어
5,장정,1,명사,한자어
5,장정,5,명사,한자어
5,장조,5,명사,한자어
5,장졸,1,명사,한자어
5,장죽,2,명사,한자어
5,장중하다,0,형용사,혼종어
5,장지,7,명사,한자어
5,장지문,0,명사,혼종어
5,장질부사,0,명사,한자어
5,장총,0,명사,한자어
5,장치하다,1,동사,혼종어
5,장쾌하다,0,형용사,혼종어
5,장판지,0,명사,한자어
5,장편,2,명사,한자어
5,장학사,0,명사,한자어
5,장학생,0,명사,한자어
5,장해,2,명사,한자어
5,장화홍련전,0,명사,한자어
5,장황하다,1,형용사,혼종어
5,장히,0,부사,혼종어
5,잦아지다,1,동사,고유어
5,잦혀지다,0,동사,고유어
5,재,2,명사,고유어
5,재가하다,1,동사,혼종어
5,재간,1,명사,한자어
5,재갈,1,명사,고유어
5,재개,3,명사,한자어
5,재개발,0,명사,한자어
5,재개하다,1,동사,혼종어
5,재개하다,2,동사,혼종어
5,재건축,0,명사,한자어
5,재건하다,0,동사,혼종어
5,재고,1,명사,한자어
5,재고,4,명사,한자어
5,재고품,0,명사,한자어
5,재고하다,1,동사,혼종어
5,재교육,0,명사,한자어
5,재구성되다,0,동사,혼종어
5,재기,4,명사,한자어
5,재기하다,1,동사,혼종어
5,재깍,2,부사,고유어
5,재다,1,동사,고유어
5,재다,4,동사,고유어
5,재다,5,형용사,고유어
5,재단,1,명사,한자어
5,재단,2,명사,한자어
5,재단사,0,명사,한자어
5,재단하다,0,동사,혼종어
5,재담,0,명사,한자어
5,재동,1,명사,한자어
5,재두루미,0,명사,고유어
5,재래종,0,명사,한자어
5,재량,2,명사,한자어
5,재력,3,명사,한자어
5,재론,0,명사,한자어
5,재론하다,0,동사,혼종어
5,재림,0,명사,한자어
5,재목,1,명사,한자어
5,재무,0,명사,한자어
5,재발하다,0,동사,혼종어
5,재방송,0,명사,한자어
5,재방송되다,0,동사,혼종어
5,재방송하다,0,동사,혼종어
5,재배지,2,명사,한자어
5,재배치,0,명사,한자어
5,재범,0,명사,한자어
5,재봉실,0,명사,혼종어
5,재분배,0,명사,한자어
5,재산세,0,명사,한자어
5,재삼,0,부사,한자어
5,재상,5,명사,한자어
5,재색,1,명사,혼종어
5,재색,2,명사,한자어
5,재생산,0,명사,한자어
5,재선,0,명사,한자어
5,재선거,0,명사,한자어
5,재수생,0,명사,한자어
5,재수하다,0,동사,혼종어
5,재시험,0,명사,한자어
5,재연,1,명사,한자어
5,재연하다,1,동사,혼종어
5,재원,1,명사,한자어
5,재인식하다,0,동사,혼종어
5,재일,1,명사,한자어
5,재임,2,명사,한자어
5,재잘재잘,0,부사,고유어
5,재재거리다,0,동사,고유어
5,재적,1,명사,한자어
5,재적생,0,명사,한자어
5,재정,5,명사,한자어
5,재정난,0,명사,한자어
5,재조정되다,0,동사,혼종어
5,재조정하다,0,동사,혼종어
5,재조직되다,0,동사,혼종어
5,재조직하다,0,동사,혼종어
5,재주껏,0,부사,고유어
5,재주넘기,0,명사,고유어
5,재질,1,명사,한자어
5,재차,0,명사/부사,한자어
5,재창조,0,명사,한자어
5,재창조하다,0,동사,혼종어
5,재첩,0,명사,고유어
5,재청,0,명사,한자어
5,재청하다,0,동사,혼종어
5,재탕,0,명사,한자어
5,재판,3,명사,한자어
5,재판정,2,명사,한자어
5,재판하다,2,동사,혼종어
5,재평가,0,명사,한자어
5,재평가하다,0,동사,혼종어
5,재학생,0,명사,한자어
5,재현,2,명사,한자어
5,재현되다,0,동사,혼종어
5,재화,3,명사,한자어
5,재활,0,명사,한자어
5,재활용되다,0,동사,혼종어
5,재회,2,명사,한자어
5,재회하다,1,동사,혼종어
5,잭,0,명사,외래어
5,잰걸음,0,명사,고유어
5,잼버리,0,명사,외래어
5,잿물,0,명사,고유어
5,잿밥,0,명사,혼종어
5,쟁그랑,0,부사,고유어
5,쟁기질,0,명사,고유어
5,쟁의,0,명사,한자어
5,쟁이다,0,동사,고유어
5,쟁쟁하다,2,형용사,혼종어
5,쟁쟁하다,4,형용사,혼종어
5,쟁취,0,명사,한자어
5,쟁탈,0,명사,한자어
5,쟁탈하다,0,동사,혼종어
5,저,10,명사,한자어
5,저가,1,명사,한자어
5,저격,0,명사,한자어
5,저까짓,0,관형사,고유어
5,저녁볕,0,명사,고유어
5,저능아,0,명사,한자어
5,저다지,0,부사,고유어
5,저당,0,명사,한자어
5,저도,0,명사,한자어
5,저딴,0,관형사,고유어
5,저런,2,감탄사,고유어
5,저리도,0,부사,고유어
5,저리로,0,부사,고유어
5,저만하다,0,형용사,고유어
5,저명,1,명사,한자어
5,저명인사,0,명사,한자어
5,저명하다,1,형용사,혼종어
5,저미다,0,동사,고유어
5,저벅거리다,0,동사,고유어
5,저변,2,명사,한자어
5,저서,0,명사,한자어
5,저소득,0,명사,한자어
5,저속하다,0,형용사,혼종어
5,저술,0,명사,한자어
5,저술가,0,명사,한자어
5,저술하다,0,동사,혼종어
5,저어새,0,명사,고유어
5,저울질,0,명사,고유어
5,저음,2,명사,한자어
5,저음부,1,명사,한자어
5,저의,2,명사,한자어
5,저자,1,명사,고유어
5,저자세,0,명사,한자어
5,저장품,0,명사,한자어
5,저조,2,명사,한자어
5,저조하다,0,형용사,혼종어
5,저주하다,0,동사,혼종어
5,저지,1,명사,한자어
5,저지대,0,명사,한자어
5,저지선,0,명사,한자어
5,저쯤,0,명사/부사,고유어
5,저체온증,0,명사,한자어
5,저촉,0,명사,한자어
5,저촉되다,0,동사,혼종어
5,저편,0,대명사,혼종어
5,저하되다,0,동사,혼종어
5,저학력,0,명사,한자어
5,저해하다,0,동사,혼종어
5,저혈압,0,명사,한자어
5,적,5,명사,한자어
5,적간하다,0,동사,혼종어
5,적갈색,0,명사,한자어
5,적개심,0,명사,한자어
5,적국,0,명사,한자어
5,적금하다,0,동사,혼종어
5,적기,8,명사,한자어
5,적나라하다,0,형용사,혼종어
5,적대,5,명사,한자어
5,적대국,0,명사,한자어
5,적대시하다,0,동사,혼종어
5,적대적,0,명사/관형사,한자어
5,적령기,0,명사,한자어
5,적립,2,명사,한자어
5,적립금,0,명사,한자어
5,적막,1,명사,한자어
5,적막하다,0,형용사,혼종어
5,적반하장,0,명사,한자어
5,적발되다,0,동사,혼종어
5,적발하다,2,동사,혼종어
5,적발하다,3,동사,혼종어
5,적법,0,명사,한자어
5,적선,4,명사,한자어
5,적선하다,0,동사,혼종어
5,적설량,0,명사,한자어
5,적수,8,명사,한자어
5,적시,4,명사,한자어
5,적시타,0,명사,한자어
5,적신호,0,명사,한자어
5,적요,1,명사,한자어
5,적요란,0,명사,한자어
5,적음,1,명사,한자어
5,적의,3,명사,한자어
5,적이,0,부사,고유어
5,적임,0,명사,한자어
5,적임자,0,명사,한자어
5,적자생존,0,명사,한자어
5,적잖이,0,부사,고유어
5,적장,6,명사,한자어
5,적재,2,명사,한자어
5,적재,4,명사,한자어
5,적재적소,0,명사,한자어
5,적재하다,1,동사,혼종어
5,적재하다,3,동사,혼종어
5,적중률,0,명사,한자어
5,적중하다,1,동사,혼종어
5,적지,5,명사,한자어
5,적합,0,명사,한자어
5,적화,1,명사,한자어
5,전가,7,명사,한자어
5,전각,5,명사,한자어
5,전개도,0,명사,한자어
5,전개식,0,명사,한자어
5,전격,3,명사,한자어
5,전격적,0,명사/관형사,한자어
5,전경,8,명사,한자어
5,전고,3,명사,한자어
5,전과,1,명사,한자어
5,전과,3,명사,한자어
5,전과,7,명사,한자어
5,전국구,0,명사,한자어
5,전군,1,명사,한자어
5,전근하다,2,동사,혼종어
5,전기,8,명사,한자어
5,전기난로,0,명사,한자어
5,전기보일러,0,명사,혼종어
5,전기스토브,0,명사,혼종어
5,전기의자,0,명사,한자어
5,전기장판,0,명사,한자어
5,전나무,0,명사,고유어
5,전남,0,명사,한자어
5,전념,2,명사,한자어
5,전념하다,0,동사,혼종어
5,전능하다,0,형용사,혼종어
5,전단,8,명사,한자어
5,전달식,0,명사,한자어
5,전답,0,명사,한자어
5,전당,7,명사,한자어
5,전당포,0,명사,한자어
5,전대,2,명사,한자어
5,전대미문,0,명사,한자어
5,전도,5,명사,한자어
5,전도,6,명사,한자어
5,전도,12,명사,한자어
5,전도,18,명사,한자어
5,전도되다,2,동사,혼종어
5,전도하다,4,동사,혼종어
5,전등사,0,명사,한자어
5,전락하다,1,동사,혼종어
5,전란,2,명사,한자어
5,전략가,0,명사,한자어
5,전력량,0,명사,한자어
5,전력투구,0,명사,한자어
5,전력투구하다,0,동사,혼종어
5,전력하다,1,동사,혼종어
5,전령,3,명사,한자어
5,전리품,0,명사,한자어
5,전립,1,명사,한자어
5,전막,0,명사,한자어
5,전말,0,명사,한자어
5,전망하다,2,동사,혼종어
5,전매,4,명사,한자어
5,전면,2,명사,한자어
5,전면적,0,명사/관형사,한자어
5,전멸,1,명사,한자어
5,전모,1,명사,한자어
5,전무,2,명사,한자어
5,전무하다,1,형용사,혼종어
5,전무후무,0,명사,한자어
5,전무후무하다,0,형용사,혼종어
5,전문화되다,0,동사,혼종어
5,전반기,0,명사,한자어
5,전별하다,0,동사,혼종어
5,전병,1,명사,한자어
5,전복,9,명사,한자어
5,전복죽,0,명사,한자어
5,전분,5,명사,한자어
5,전사,22,명사,한자어
5,전산,3,명사,한자어
5,전상,8,명사,한자어
5,전선,4,명사,한자어
5,전성,2,명사,한자어
5,전세,4,명사,한자어
5,전세금,0,명사,한자어
5,전세방,0,명사,한자어
5,전셋집,0,명사,혼종어
5,전송,5,명사,한자어
5,전송하다,1,동사,혼종어
5,전송하다,4,동사,혼종어
5,전송하다,5,동사,혼종어
5,전수,8,명사,한자어
5,전수,9,명사,한자어
5,전수하다,2,동사,혼종어
5,전술가,0,명사,한자어
5,전승,2,명사,한자어
5,전승하다,1,동사,혼종어
5,전승하다,2,동사,혼종어
5,전시대,0,명사,한자어
5,전신,3,명사,한자어
5,전신,8,명사,한자어
5,전심,1,명사,한자어
5,전심전력,1,명사,한자어
5,전액,1,명사,한자어
5,전야,4,명사,한자어
5,전야제,0,명사,한자어
5,전어,5,명사,한자어
5,전업,3,명사,한자어
5,전업농,0,명사,한자어
5,전업주부,0,명사,한자어
5,전열,7,명사,한자어
5,전열,8,명사,한자어
5,전열선,0,명사,한자어
5,전우애,0,명사,한자어
5,전우치전,0,명사,한자어
5,전율하다,0,동사,혼종어
5,전의,14,명사,한자어
5,전이,3,명사,한자어
5,전이되다,0,동사,혼종어
5,전인격,0,명사,한자어
5,전임,1,명사,한자어
5,전입되다,0,동사,혼종어
5,전입생,0,명사,한자어
5,전입자,0,명사,한자어
5,전입하다,0,동사,혼종어
5,전입학,0,명사,한자어
5,전자계산기,0,명사,한자어
5,전자관,1,명사,한자어
5,전자오락,0,명사,한자어
5,전자오락실,0,명사,한자어
5,전자파,2,명사,한자어
5,전쟁시,0,명사,한자어
5,전적,6,명사,한자어
5,전적지,1,명사,한자어
5,전정,9,명사,한자어
5,전제,8,명사,한자어
5,전제주의,0,명사,한자어
5,전주,4,명사,한자어
5,전주,9,명사,한자어
5,전지가위,0,명사,혼종어
5,전지전능하다,0,형용사,혼종어
5,전지훈련,0,명사,한자어
5,전직,1,명사,한자어
5,전차,13,명사,한자어
5,전처,0,명사,한자어
5,전천후,0,명사,한자어
5,전철,2,명사,한자어
5,전체주의,0,명사,한자어
5,전초전,0,명사,한자어
5,전축,0,명사,한자어
5,전출하다,0,동사,혼종어
5,전치,1,명사,한자어
5,전통미,0,명사,한자어
5,전투복,0,명사,한자어
5,전투함,0,명사,한자어
5,전편,1,명사,한자어
5,전편,3,명사,한자어
5,전폐하다,1,동사,혼종어
5,전표,3,명사,한자어
5,전항,1,명사,한자어
5,전해,1,명사,혼종어
5,전해질,0,명사,한자어
5,전형,4,명사,한자어
5,전형,7,명사,한자어
5,전화번호부,0,명사,한자어
5,전화위복,0,명사,한자어
5,전화통,0,명사,한자어
5,전환기,1,명사,한자어
5,전황,2,명사,한자어
5,전후하다,1,동사,혼종어
5,절간,1,명사,혼종어
5,절감,1,명사,한자어
5,절감하다,1,동사,혼종어
5,절감하다,2,동사,혼종어
5,절개,1,명사,한자어
5,절경,1,명사,한자어
5,절교,3,명사,한자어
5,절교하다,2,동사,혼종어
5,절단,1,명사,한자어
5,절대다수,0,명사,한자어
5,절대자,0,명사,한자어
5,절대적,0,명사/관형사,한자어
5,절도,3,명사,한자어
5,절도,4,명사,한자어
5,절도사,0,명사,한자어
5,절뚝절뚝,0,부사,고유어
5,절렁절렁,0,부사,고유어
5,절룩절룩,0,부사,고유어
5,절룩절룩하다,0,동사,고유어
5,절름발이,0,명사,고유어
5,절름절름,0,부사,고유어
5,절리,0,명사,한자어
5,절망감,0,명사,한자어
5,절명하다,0,동사,혼종어
5,절묘하다,0,형용사,혼종어
5,절박하다,1,형용사,혼종어
5,절벅절벅,0,부사,고유어
5,절세미인,0,명사,한자어
5,절승,0,명사,한자어
5,절식,1,명사,한자어
5,절연,1,명사,한자어
5,절연체,0,명사,한자어
5,절전,3,명사,한자어
5,절절,2,부사,고유어
5,절제,1,명사,한자어
5,절제되다,1,동사,혼종어
5,절제하다,1,동사,혼종어
5,절종되다,0,동사,혼종어
5,절지동물,0,명사,한자어
5,절집,0,명사,고유어
5,절차탁마하다,0,동사,혼종어
5,절찬리,0,명사,한자어
5,절충하다,1,동사,혼종어
5,절취선,0,명사,한자어
5,절판,0,명사,한자어
5,절편,1,명사,고유어
5,절호,2,명사,한자어
5,점거,2,명사,한자어
5,점거하다,1,동사,혼종어
5,점거하다,2,동사,혼종어
5,점등,2,명사,한자어
5,점보,2,명사,외래어
5,점뿌림,0,명사,혼종어
5,점성술,0,명사,한자어
5,점심상,0,명사,한자어
5,점액,1,명사,한자어
5,점유,1,명사,한자어
5,점잔,0,명사,고유어
5,점쟁이,0,명사,혼종어
5,점점이,0,부사,혼종어
5,점진,0,명사,한자어
5,점진적,0,명사/관형사,한자어
5,점차적,0,명사/관형사,한자어
5,점호,2,명사,한자어
5,접,2,의존 명사,고유어
5,접견,0,명사,한자어
5,접견하다,0,동사,혼종어
5,접골,0,명사,한자어
5,접대부,0,명사,한자어
5,접두사,0,명사,한자어
5,접때,0,명사/부사,고유어
5,접미사,0,명사,한자어
5,접사,4,명사,한자어
5,접선,1,명사,한자어
5,접속사,0,명사,한자어
5,접속어,0,명사,한자어
5,접속하다,0,동사,혼종어
5,접수하다,1,동사,혼종어
5,접안렌즈,0,명사,혼종어
5,접어놓다,0,동사,고유어
5,접전,0,명사,한자어
5,접지,1,명사,한자어
5,접착되다,0,동사,혼종어
5,접착력,0,명사,한자어
5,접촉하다,0,동사,혼종어
5,젓나무,0,명사,고유어
5,정,1,명사,고유어
5,정가하다,1,동사,고유어
5,정거,1,명사,한자어
5,정격,2,명사,한자어
5,정견,3,명사,한자어
5,정결하다,2,형용사,혼종어
5,정경,5,명사,한자어
5,정계,4,명사,한자어
5,정계비,0,명사,한자어
5,정과,1,명사,한자어
5,정관,7,명사,한자어
5,정교하다,1,동사,혼종어
5,정구,3,명사,한자어
5,정국,1,명사,한자어
5,정규군,0,명사,한자어
5,정나미,0,명사,혼종어
5,정낭,0,명사,한자어
5,정년퇴직하다,0,동사,혼종어
5,정담,2,명사,한자어
5,정당방위,0,명사,한자어
5,정당성,1,명사,한자어
5,정당화,0,명사,한자어
5,정당화되다,0,동사,혼종어
5,정당화하다,0,동사,혼종어
5,정대하다,0,형용사,혼종어
5,정도,2,명사,한자어
5,정독,4,명사,한자어
5,정떨어지다,0,동사,혼종어
5,정량,3,명사,한자어
5,정력,4,명사,한자어
5,정령,6,명사,한자어
5,정리,3,명사,한자어
5,정립,1,명사,한자어
5,정립,2,명사,한자어
5,정립하다,1,동사,혼종어
5,정맥피,0,명사,혼종어
5,정묘호란,0,명사,한자어
5,정물화,0,명사,한자어
5,정미,7,명사,한자어
5,정미소,0,명사,한자어
5,정미업,0,명사,한자어
5,정박아,0,명사,한자어
5,정박하다,0,동사,혼종어
5,정보국,0,명사,한자어
5,정보망,0,명사,한자어
5,정보비,0,명사,한자어
5,정보원,1,명사,한자어
5,정보지,0,명사,한자어
5,정보통,0,명사,한자어
5,정복자,0,명사,한자어
5,정부,5,명사,한자어
5,정부,11,명사,한자어
5,정부,12,명사,한자어
5,정부미,0,명사,한자어
5,정부인,0,명사,한자어
5,정비되다,0,동사,혼종어
5,정비례,1,명사,한자어
5,정비례되다,0,동사,혼종어
5,정비병,0,명사,한자어
5,정비사,0,명사,한자어
5,정비소,0,명사,한자어
5,정사,10,명사,한자어
5,정사,19,명사,한자어
5,정사각뿔,0,명사,혼종어
5,정상,7,명사,한자어
5,정색하다,1,동사,혼종어
5,정서법,0,명사,한자어
5,정선,6,명사,한자어
5,정선,7,명사,한자어
5,정설,1,명사,한자어
5,정수,7,명사,한자어
5,정수,11,명사,한자어
5,정수,20,명사,한자어
5,정수,21,명사,한자어
5,정수장,0,명사,한자어
5,정숙,6,명사,한자어
5,정숙하다,6,형용사,혼종어
5,정식,4,명사,한자어
5,정신노동,0,명사,한자어
5,정신대,0,명사,한자어
5,정신머리,0,명사,혼종어
5,정신병자,0,명사,한자어
5,정신없다,0,형용사,혼종어
5,정신적,0,명사/관형사,한자어
5,정악,1,명사,한자어
5,정양,2,명사,한자어
5,정어리,0,명사,고유어
5,정연하다,1,형용사,혼종어
5,정연하다,6,형용사,혼종어
5,정원수,2,명사,한자어
5,정유,6,명사,한자어
5,정유재란,0,명사,한자어
5,정의심,0,명사,한자어
5,정의하다,1,동사,혼종어
5,정이월,0,명사,한자어
5,정자,14,명사,한자어
5,정작,1,명사/부사,고유어
5,정적,8,명사/관형사,한자어
5,정전되다,1,동사,혼종어
5,정절,2,명사,한자어
5,정제,8,명사,한자어
5,정제되다,1,동사,혼종어
5,정조,9,명사,한자어
5,정족수,0,명사,한자어
5,정좌,2,명사,한자어
5,정좌하다,1,동사,혼종어
5,정주간,0,명사,한자어
5,정지선,0,명사,한자어
5,정직하다,3,동사,혼종어
5,정직히,1,부사,혼종어
5,정진,7,명사,한자어
5,정찰,4,명사,한자어
5,정찰기,0,명사,한자어
5,정처,2,명사,한자어
5,정체,3,명사,한자어
5,정체되다,0,동사,혼종어
5,정체불명,0,명사,한자어
5,정초,1,명사,한자어
5,정취,1,명사,한자어
5,정치계,0,명사,한자어
5,정치권력,0,명사,한자어
5,정치면,0,명사,한자어
5,정치범,0,명사,한자어
5,정치사상,0,명사,한자어
5,정치학,0,명사,한자어
5,정통적,0,명사/관형사,한자어
5,정통하다,0,동사,혼종어
5,정평,4,명사,한자어
5,정하다,1,형용사,혼종어
5,정학,4,명사,한자어
5,정형,5,명사,한자어
5,정형시,0,명사,한자어
5,정혼,2,명사,한자어
5,정화수,0,명사,한자어
5,정화조,0,명사,한자어
5,정확,1,명사,한자어
5,정황,2,명사,한자어
5,정히,1,부사,혼종어
5,젖가슴,0,명사,고유어
5,젖동냥,0,명사,고유어
5,젖먹이,0,명사,고유어
5,젖산,0,명사,혼종어
5,젖산균,0,명사,혼종어
5,제각각,0,명사/부사,혼종어
5,제강,3,명사,한자어
5,제고하다,0,동사,혼종어
5,제곱,0,명사,고유어
5,제곱센티미터,0,의존 명사,혼종어
5,제관,2,명사,한자어
5,제군,1,대명사,한자어
5,제기,5,명사,한자어
5,제까짓,0,관형사,고유어
5,제나라,0,명사,혼종어
5,제네바,0,명사,외래어
5,제도기,0,명사,한자어
5,제도하다,3,동사,혼종어
5,제독,4,명사,한자어
5,제동,1,명사,한자어
5,제라늄,0,명사,외래어
5,제련,0,명사,한자어
5,제련소,0,명사,한자어
5,제련하다,0,동사,혼종어
5,제례,4,명사,한자어
5,제례악,0,명사,한자어
5,제명,3,명사,한자어
5,제문,2,명사,한자어
5,제반,5,명사,한자어
5,제방,2,명사,한자어
5,제본,0,명사,한자어
5,제부,1,명사,한자어
5,제부도,0,명사,한자어
5,제분,0,명사,한자어
5,제비초리,0,명사,고유어
5,제사장,1,명사,한자어
5,제삼자,0,명사,한자어
5,제삿밥,0,명사,혼종어
5,제상,3,명사,한자어
5,제소,3,명사,한자어
5,제소하다,1,동사,혼종어
5,제수,6,명사,한자어
5,제승당,0,명사,한자어
5,제시간,0,명사,혼종어
5,제시어,0,명사,한자어
5,제압,0,명사,한자어
5,제야,0,명사,한자어
5,제약하다,1,동사,혼종어
5,제어기,0,명사,한자어
5,제어판,0,명사,한자어
5,제어하다,0,동사,혼종어
5,제염,1,명사,한자어
5,제우스,0,명사,외래어
5,제위,1,명사,한자어
5,제위보,0,명사,한자어
5,제육,1,명사,혼종어
5,제육볶음,0,명사,혼종어
5,제일봉,0,명사,한자어
5,제일선,0,명사,한자어
5,제일인자,0,명사,한자어
5,제작자,0,명사,한자어
5,제작품,0,명사,한자어
5,제재,5,명사,한자어
5,제재소,0,명사,한자어
5,제재업,0,명사,한자어
5,제적,0,명사,한자어
5,제적하다,0,동사,혼종어
5,제전,4,명사,한자어
5,제조하다,0,동사,혼종어
5,제주,2,명사,한자어
5,제주특별자치도,0,명사,한자어
5,제중원,0,명사,한자어
5,제지,2,명사,한자어
5,제지하다,2,동사,혼종어
5,제짝,0,명사,고유어
5,제창,4,명사,한자어
5,제창하다,3,동사,혼종어
5,제천,1,명사,한자어
5,제철소,0,명사,한자어
5,제청,2,명사,한자어
5,제초,0,명사,한자어
5,제초기,0,명사,한자어
5,제초제,0,명사,한자어
5,제초하다,0,동사,혼종어
5,제출하다,1,동사,혼종어
5,제트,1,명사,외래어
5,제패,1,명사,한자어
5,제풀로,0,부사,고유어
5,제풀에,0,부사,고유어
5,제호,6,명사,한자어
5,제후,0,명사,한자어
5,젠체하다,0,동사,고유어
5,조,12,의존 명사,한자어
5,조가비,0,명사,고유어
5,조각도,0,명사,한자어
5,조각보,0,명사,혼종어
5,조각조각,0,명사/부사,고유어
5,조간,4,명사,한자어
5,조간신문,0,명사,한자어
5,조감독,0,명사,한자어
5,조강지처,0,명사,한자어
5,조개탄,0,명사,혼종어
5,조객,1,명사,한자어
5,조경,2,명사,한자어
5,조계종,0,명사,한자어
5,조교수,0,명사,한자어
5,조국,1,명사,한자어
5,조금,2,명사,혼종어
5,조급히,1,부사,혼종어
5,조급히,2,부사,혼종어
5,조기,2,대명사,고유어
5,조기,4,명사,한자어
5,조기회,2,명사,한자어
5,조난자,0,명사,한자어
5,조난하다,0,동사,혼종어
5,조달,3,명사,한자어
5,조달청,0,명사,한자어
5,조달하다,2,동사,혼종어
5,조도,10,명사,한자어
5,조동사,0,명사,한자어
5,조랑말,0,명사,고유어
5,조랑조랑,1,부사,고유어
5,조러다,0,동사,고유어
5,조력,1,명사,한자어
5,조력하다,0,동사,혼종어
5,조례,4,명사,한자어
5,조롱,2,명사,한자어
5,조류,3,명사,한자어
5,조리,1,부사,고유어
5,조리,6,명사,한자어
5,조리개,1,명사,고유어
5,조리기,0,명사,한자어
5,조리대,0,명사,한자어
5,조리실,0,명사,한자어
5,조림,3,명사,한자어
5,조립도,0,명사,한자어
5,조막,0,명사,고유어
5,조망,1,명사,한자어
5,조명실,0,명사,한자어
5,조명탄,0,명사,한자어
5,조모,1,명사,한자어
5,조목,1,명사,한자어
5,조몰락조몰락,0,부사,고유어
5,조무래기,0,명사,고유어
5,조문,5,명사,한자어
5,조문객,0,명사,한자어
5,조물주,0,명사,한자어
5,조밀하다,0,형용사,혼종어
5,조바심하다,1,동사,고유어
5,조바위,0,명사,고유어
5,조반,4,명사,한자어
5,조부,2,명사,한자어
5,조사,7,명사,한자어
5,조사선,0,명사,한자어
5,조사원,0,명사,한자어
5,조상하다,1,동사,혼종어
5,조석,4,명사,한자어
5,조선,5,명사,한자어
5,조선어,0,명사,한자어
5,조선왕조실록,0,명사,한자어
5,조세,5,명사,한자어
5,조소,1,명사,한자어
5,조소,2,명사,한자어
5,조소하다,2,동사,혼종어
5,조속하다,1,형용사,혼종어
5,조속히,0,부사,혼종어
5,조손,0,명사,한자어
5,조수,8,명사,한자어
5,조숙하다,0,동사/형용사,혼종어
5,조식,1,명사,한자어
5,조신하다,0,동사/형용사,혼종어
5,조실부모하다,0,동사,혼종어
5,조심조심히,0,부사,혼종어
5,조어,5,명사,한자어
5,조업,5,명사,한자어
5,조업하다,2,동사,혼종어
5,조여들다,0,동사,고유어
5,조역,2,명사,한자어
5,조연,1,명사,한자어
5,조연출,0,명사,한자어
5,조예,2,명사,한자어
5,조왕신,0,명사,한자어
5,조원,2,명사,한자어
5,조율사,0,명사,한자어
5,조의,2,명사,한자어
5,조의금,0,명사,한자어
5,조인,4,명사,한자어
5,조인하다,0,동사,혼종어
5,조잡하다,1,형용사,혼종어
5,조정자,0,명사,한자어
5,조제,5,명사,한자어
5,조제실,0,명사,한자어
5,조제하다,4,동사,혼종어
5,조조,1,명사,한자어
5,조조할인,0,명사,한자어
5,조종석,0,명사,한자어
5,조종실,0,명사,한자어
5,조준,2,명사,한자어
5,조준되다,0,동사,혼종어
5,조직망,0,명사,한자어
5,조직체,0,명사,한자어
5,조직폭력배,0,명사,한자어
5,조직화,0,명사,한자어
5,조직화하다,0,동사,혼종어
5,조짐,2,명사,한자어
5,조찬,3,명사,한자어
5,조창,1,명사,한자어
5,조처,0,명사,한자어
5,조처하다,0,동사,혼종어
5,조촐하다,0,형용사,고유어
5,조치하다,1,동사,혼종어
5,조카딸,0,명사,고유어
5,조판,3,명사,한자어
5,조판하다,1,동사,혼종어
5,조폐,2,명사,한자어
5,조형,1,명사,한자어
5,조혼,1,명사,한자어
5,조화,1,명사,한자어
5,조화,4,명사,한자어
5,조화,5,명사,한자어
5,족,2,명사/의존 명사,한자어
5,족속,0,명사,한자어
5,족장,4,명사,한자어
5,존귀하다,0,형용사,혼종어
5,존대,2,명사,한자어
5,존립,0,명사,한자어
5,존립하다,0,동사,혼종어
5,존망,0,명사,한자어
5,존속,1,명사,한자어
5,존속,2,명사,한자어
5,존속되다,0,동사,혼종어
5,존속하다,0,동사,혼종어
5,존재사,0,명사,한자어
5,존함,2,명사,한자어
5,존호,0,명사,한자어
5,졸,5,명사,한자어
5,졸개,0,명사,혼종어
5,졸다,2,동사,고유어
5,졸도,1,명사,한자어
5,졸도하다,0,동사,혼종어
5,졸렬하다,0,형용사,혼종어
5,졸리다,2,동사,고유어
5,졸본,0,명사,한자어
5,졸부,2,명사,한자어
5,졸아들다,0,동사,고유어
5,졸업반,0,명사,한자어
5,졸음운전,0,명사,혼종어
5,졸작,0,명사,한자어
5,졸장부,0,명사,한자어
5,졸졸거리다,0,동사,고유어
5,좀,1,명사,고유어
5,좀도둑,0,명사,고유어
5,좀도둑놈,0,명사,고유어
5,좀도적,0,명사,혼종어
5,좀먹다,0,동사,고유어
5,좀스럽다,0,형용사,고유어
5,좀약,0,명사,혼종어
5,좀체,0,부사,고유어
5,종가,1,명사,한자어
5,종갓집,0,명사,혼종어
5,종강,0,명사,한자어
5,종결,2,명사,한자어
5,종결되다,0,동사,혼종어
5,종결하다,2,동사,혼종어
5,종고모,0,명사,한자어
5,종교관,0,명사,한자어
5,종교학,0,명사,한자어
5,종국,3,명사,한자어
5,종군,1,명사,한자어
5,종군하다,1,동사,혼종어
5,종기,3,명사,한자어
5,종내,0,부사,한자어
5,종노릇,0,명사,고유어
5,종다래끼,0,명사,고유어
5,종대,4,명사,한자어
5,종두,1,명사,한자어
5,종두법,0,명사,한자어
5,종려나무,0,명사,혼종어
5,종로,2,명사,한자어
5,종루,2,명사,한자어
5,종무소식,0,명사,한자어
5,종반,2,명사,한자어
5,종살이,0,명사,고유어
5,종성,4,명사,한자어
5,종속,2,명사,한자어
5,종속적,0,명사/관형사,한자어
5,종손,1,명사,한자어
5,종신형,0,명사,한자어
5,종실,1,명사,한자어
5,종씨,1,명사,한자어
5,종양,2,명사,한자어
5,종업식,0,명사,한자어
5,종요롭다,0,형용사,고유어
5,종용,2,명사,한자어
5,종용하다,2,동사,혼종어
5,종유석,0,명사,한자어
5,종이테이프,0,명사,혼종어
5,종이판,0,명사,혼종어
5,종일토록,0,부사,혼종어
5,종잇조각,0,명사,고유어
5,종잡다,0,동사,고유어
5,종적,5,명사,한자어
5,종주국,0,명사,한자어
5,종착역,0,명사,한자어
5,종축장,0,명사,한자어
5,종친회,0,명사,한자어
5,종횡,0,명사,한자어
5,종횡무진,0,명사,한자어
5,좇아오다,0,동사,고유어
5,좋이,0,부사,고유어
5,좌,1,명사,한자어
5,좌고,4,명사,한자어
5,좌담회,0,명사,한자어
5,좌수사,0,명사,한자어
5,좌승지,0,명사,한자어
5,좌시하다,0,동사,혼종어
5,좌우상하,0,명사,한자어
5,좌우지간,0,명사,한자어
5,좌우충돌,0,명사,한자어
5,좌익,0,명사,한자어
5,좌정하다,0,동사,혼종어
5,좌중,0,명사,한자어
5,좌지우지하다,0,동사,혼종어
5,좌천,0,명사,한자어
5,좌천되다,0,동사,혼종어
5,좌천하다,0,동사,혼종어
5,좌초,0,명사,한자어
5,좌초되다,0,동사,혼종어
5,좌충우돌,0,명사,한자어
5,좌측통행,0,명사,한자어
5,좌측통행하다,0,동사,혼종어
5,좌표축,0,명사,한자어
5,좌향,0,명사,한자어
5,좍,0,부사,고유어
5,죄,1,부사,고유어
5,죄명,0,명사,한자어
5,죄목,0,명사,한자어
5,죄상,0,명사,한자어
5,죄수복,0,명사,한자어
5,죄스럽다,0,형용사,혼종어
5,죄어들다,0,동사,고유어
5,죔죔,0,감탄사/명사,고유어
5,주,3,명사,한자어
5,주,22,명사/의존 명사,한자어
5,주간,4,명사,한자어
5,주간지,2,명사,한자어
5,주객,1,명사,한자어
5,주객전도,0,명사,한자어
5,주거하다,1,동사,혼종어
5,주걱턱,0,명사,고유어
5,주검,0,명사,고유어
5,주격,0,명사,한자어
5,주견,0,명사,한자어
5,주경야독,0,명사,한자어
5,주과,0,명사,한자어
5,주관,2,명사,한자어
5,주관성,0,명사,한자어
5,주관식,0,명사,한자어
5,주관하다,0,동사,혼종어
5,주급,2,명사,한자어
5,주기,9,명사,한자어
5,주기도문,0,명사,한자어
5,주니어,0,명사,외래어
5,주동,1,명사,한자어
5,주동하다,0,동사,혼종어
5,주둔지,0,명사,한자어
5,주력,4,명사,한자어
5,주례사,0,명사,한자어
5,주류,3,명사,한자어
5,주름치마,0,명사,고유어
5,주리다,0,동사,고유어
5,주말농장,0,명사,한자어
5,주맥,0,명사,한자어
5,주머닛돈,0,명사,고유어
5,주먹다짐,0,명사,고유어
5,주먹맛,0,명사,고유어
5,주먹손,0,명사,고유어
5,주먹질하다,0,동사,고유어
5,주목되다,0,동사,혼종어
5,주문서,0,명사,한자어
5,주문품,0,명사,한자어
5,주물,3,명사,한자어
5,주물럭주물럭,0,부사,고유어
5,주미,2,명사,한자어
5,주민세,0,명사,한자어
5,주발,0,명사,한자어
5,주법,4,명사,한자어
5,주변,1,명사,고유어
5,주변머리,0,명사,고유어
5,주보,7,명사,한자어
5,주봉,0,명사,한자어
5,주빈,0,명사,한자어
5,주사하다,4,동사,혼종어
5,주산,3,명사,한자어
5,주삿바늘,0,명사,혼종어
5,주석,2,명사,한자어
5,주석,7,명사,한자어
5,주선,4,명사,한자어
5,주술,0,명사,한자어
5,주승,2,명사,한자어
5,주시,3,명사,한자어
5,주안상,0,명사,한자어
5,주야,0,명사,한자어
5,주어부,0,명사,한자어
5,주옥,1,명사,한자어
5,주옥편,0,명사,한자어
5,주워대다,0,동사,고유어
5,주워듣다,0,동사,고유어
5,주워섬기다,0,동사,고유어
5,주유,5,명사,한자어
5,주인장,0,명사,한자어
5,주임,1,명사,한자어
5,주입하다,1,동사,혼종어
5,주작,2,명사,한자어
5,주장,4,명사,한자어
5,주재,2,명사,한자어
5,주재원,0,명사,한자어
5,주재하다,1,동사,혼종어
5,주재하다,4,동사,혼종어
5,주저,5,명사,한자어
5,주저리주저리,0,부사,고유어
5,주저주저,0,부사,한자어
5,주저주저하다,0,동사,혼종어
5,주전,4,명사,한자어
5,주전부리,0,명사,고유어
5,주절거리다,0,동사,고유어
5,주점,4,명사,한자어
5,주접,1,명사,고유어
5,주정,6,명사,한자어
5,주정꾼,0,명사,혼종어
5,주정차,0,명사,한자어
5,주조,7,명사,한자어
5,주조하다,2,동사,혼종어
5,주종,1,명사,한자어
5,주종,2,명사,한자어
5,주주,1,명사,한자어
5,주지,6,명사,한자어
5,주지,8,명사,한자어
5,주지사,0,명사,한자어
5,주창하다,0,동사,혼종어
5,주책없다,0,형용사,고유어
5,주체성,0,명사,한자어
5,주초,7,명사,한자어
5,주최자,0,명사,한자어
5,주춤거리다,0,동사,고유어
5,주춤주춤,0,부사,고유어
5,주치의,0,명사,한자어
5,주파,1,명사,한자어
5,주판,2,명사,한자어
5,주홍,0,명사,한자어
5,주화,3,명사,한자어
5,주효하다,0,동사,혼종어
5,죽공예,0,명사,한자어
5,죽기,0,명사,한자어
5,죽기로,0,부사,고유어
5,죽도,1,명사,한자어
5,죽루,0,명사,한자어
5,죽마고우,0,명사,한자어
5,죽부인,0,명사,한자어
5,죽세공품,0,명사,한자어
5,죽을병,0,명사,혼종어
5,죽을힘,0,명사,고유어
5,죽지,1,명사,고유어
5,죽치다,0,동사,고유어
5,죽통,2,명사,한자어
5,준거,2,명사,한자어
5,준결승전,0,명사,한자어
5,준공,0,명사,한자어
5,준공식,0,명사,한자어
5,준공하다,0,동사,혼종어
5,준령,0,명사,한자어
5,준마,0,명사,한자어
5,준법,4,명사,한자어
5,준법정신,0,명사,한자어
5,준수,3,명사,한자어
5,준수하다,1,형용사,혼종어
5,준엄하다,0,형용사,혼종어
5,준위,1,명사,한자어
5,준장,1,명사,한자어
5,준치,1,명사,고유어
5,준칙,0,명사,한자어
5,준하다,3,동사,혼종어
5,줄,2,명사,고유어
5,줄기줄기,0,부사,고유어
5,줄낚시,0,명사,고유어
5,줄달음질,0,명사,고유어
5,줄렁줄렁,0,부사,고유어
5,줄모,0,명사,고유어
5,줄사다리,0,명사,고유어
5,줄임표,0,명사,혼종어
5,줄잡다,0,동사,고유어
5,줄질,0,명사,고유어
5,줄표,0,명사,혼종어
5,줄풍류,0,명사,혼종어
5,중,3,명사,한자어
5,중간발표,0,명사,한자어
5,중간보고,0,명사,한자어
5,중간보고하다,0,동사,혼종어
5,중간치,0,명사,혼종어
5,중강진,0,명사,한자어
5,중개업자,0,명사,한자어
5,중개인,0,명사,한자어
5,중개자,0,명사,한자어
5,중개하다,0,동사,혼종어
5,중거리,3,명사,한자어
5,중건,0,명사,한자어
5,중건하다,0,동사,혼종어
5,중견,1,명사,한자어
5,중경상,0,명사,한자어
5,중계방송,0,명사,한자어
5,중계소,0,명사,한자어
5,중고,1,명사,한자어
5,중공,2,명사,한자어
5,중과부적,0,명사,한자어
5,중구난방,0,명사,한자어
5,중군,1,명사,한자어
5,중권,1,명사,한자어
5,중급반,0,명사,한자어
5,중길,0,명사,혼종어
5,중남미,0,명사,한자어
5,중년기,0,명사,한자어
5,중단원,0,명사,한자어
5,중대,3,명사,한자어
5,중대성,2,명사,한자어
5,중대장,0,명사,한자어
5,중도,3,명사,한자어
5,중도,4,명사,한자어
5,중동,2,명사,한자어
5,중등학교,0,명사,한자어
5,중량급,2,명사,한자어
5,중령,0,명사,한자어
5,중론,2,명사,한자어
5,중류층,0,명사,한자어
5,중립국,0,명사,한자어
5,중매결혼,0,명사,한자어
5,중매쟁이,0,명사,혼종어
5,중매하다,1,동사,혼종어
5,중문,1,명사,한자어
5,중복되다,0,동사,혼종어
5,중복하다,2,동사,혼종어
5,중사,1,명사,한자어
5,중산모,0,명사,한자어
5,중상모략,0,명사,한자어
5,중상자,0,명사,한자어
5,중생,4,명사,한자어
5,중생대,0,명사,한자어
5,중석,2,명사,한자어
5,중성자,1,명사,한자어
5,중소기업,0,명사,한자어
5,중소기업청,0,명사,한자어
5,중시,3,명사,한자어
5,중시되다,0,동사,혼종어
5,중식,0,명사,한자어
5,중심각,0,명사,한자어
5,중심체,0,명사,한자어
5,중압,0,명사,한자어
5,중앙난방,0,명사,한자어
5,중앙부,0,명사,한자어
5,중앙선,2,명사,한자어
5,중앙아메리카,0,명사,혼종어
5,중앙아시아,0,명사,혼종어
5,중앙은행,0,명사,한자어
5,중양절,0,명사,한자어
5,중언부언,0,명사,한자어
5,중얼중얼하다,0,동사,고유어
5,중역,3,명사,한자어
5,중엽,0,명사,한자어
5,중요시되다,0,동사,혼종어
5,중요지,0,명사,한자어
5,중용,2,명사,한자어
5,중용하다,0,동사,혼종어
5,중원,2,명사,한자어
5,중위,2,명사,한자어
5,중유,3,명사,한자어
5,중이염,0,명사,한자어
5,중임,2,명사,한자어
5,중장,1,명사,한자어
5,중재하다,0,동사,혼종어
5,중저가,0,명사,한자어
5,중전,2,명사,한자어
5,중절모,0,명사,한자어
5,중죄,0,명사,한자어
5,중주,3,명사,한자어
5,중지,4,명사,한자어
5,중지,9,명사,한자어
5,중직,0,명사,한자어
5,중진국,0,명사,한자어
5,중창단,0,명사,한자어
5,중책,3,명사,한자어
5,중천,1,명사,한자어
5,중천금,0,명사,한자어
5,중추,2,명사,한자어
5,중추적,0,명사/관형사,한자어
5,중추절,0,명사,한자어
5,중탕,2,명사,한자어
5,중탕하다,0,동사,혼종어
5,중태,0,명사,한자어
5,중퇴,0,명사,한자어
5,중편,0,명사,한자어
5,중풍,0,명사,한자어
5,중하순,0,명사,한자어
5,중학,1,명사,한자어
5,중학년,0,명사,한자어
5,중형,4,명사,한자어
5,중화,2,명사,한자어
5,중화되다,0,동사,혼종어
5,중화상,0,명사,한자어
5,중화요리,0,명사,한자어
5,중화전,0,명사,한자어
5,중화제,0,명사,한자어
5,중환자,0,명사,한자어
5,중환자실,0,명사,한자어
5,중후하다,0,형용사,혼종어
5,중흥,0,명사,한자어
5,중흥하다,0,동사,혼종어
5,쥐똥나무,0,명사,고유어
5,쥐라기,0,명사,혼종어
5,쥐락펴락,0,부사,고유어
5,쥐락펴락하다,0,동사,고유어
5,쥐약,0,명사,혼종어
5,쥐어뜯기다,0,동사,고유어
5,쥐치,0,명사,고유어
5,쥐포,0,명사,혼종어
5,쥔장,0,명사,혼종어
5,쥘부채,0,명사,고유어
5,즈음하다,0,동사,고유어
5,즉,1,부사,한자어
5,즉결,0,명사,한자어
5,즉사,1,명사,한자어
5,즉석식품,0,명사,한자어
5,즉석요리,0,명사,한자어
5,즉석카메라,0,명사,혼종어
5,즉효,0,명사,한자어
5,즉흥곡,0,명사,한자어
5,즐비하다,0,형용사,혼종어
5,증가율,0,명사,한자어
5,증강하다,0,동사,혼종어
5,증거품,0,명사,한자어
5,증대하다,0,동사,혼종어
5,증류,0,명사,한자어
5,증명되다,0,동사,혼종어
5,증명사진,0,명사,한자어
5,증빙,0,명사,한자어
5,증산교,0,명사,한자어
5,증산하다,3,동사,혼종어
5,증설,0,명사,한자어
5,증설되다,0,동사,혼종어
5,증설하다,0,동사,혼종어
5,증손,1,명사,한자어
5,증손자,0,명사,한자어
5,증식,0,명사,한자어
5,증언대,0,명사,한자어
5,증여세,0,명사,한자어
5,증오심,0,명사,한자어
5,증오하다,1,동사,혼종어
5,증원,1,명사,한자어
5,증원하다,1,동사,혼종어
5,증인석,0,명사,한자어
5,증정,3,명사,한자어
5,증조부모,0,명사,한자어
5,증축,0,명사,한자어
5,증축되다,0,동사,혼종어
5,증축하다,0,동사,혼종어
5,증편,1,명사,혼종어
5,증편,2,명사,한자어
5,지게꾼,0,명사,고유어
5,지게차,0,명사,혼종어
5,지겟작대기,0,명사,고유어
5,지경,1,명사/의존 명사,한자어
5,지구당,0,명사,한자어
5,지구대,1,명사,한자어
5,지국,0,명사,한자어
5,지근지근,2,부사,고유어
5,지급되다,0,동사,혼종어
5,지긋이,0,부사,고유어
5,지긋지긋,2,부사,고유어
5,지기,7,명사,한자어
5,지끈거리다,2,동사,고유어
5,지끈지끈하다,2,동사,고유어
5,지남철,0,명사,한자어
5,지당하다,0,형용사,혼종어
5,지대,6,명사,한자어
5,지대석,0,명사,한자어
5,지대하다,2,형용사,혼종어
5,지도적,0,명사/관형사,한자어
5,지독스럽다,0,형용사,혼종어
5,지라,0,명사,고유어
5,지랄,0,명사,고유어
5,지랄하다,0,동사,고유어
5,지레,2,부사,고유어
5,지레짐작,0,명사,혼종어
5,지레짐작하다,0,동사,혼종어
5,지력,1,명사,한자어
5,지력,4,명사,한자어
5,지령하다,2,동사,혼종어
5,지로,3,명사,외래어
5,지류,1,명사,한자어
5,지르다,1,동사,고유어
5,지리다,1,동사,고유어
5,지리다,2,형용사,고유어
5,지리부도,0,명사,한자어
5,지리지,0,명사,한자어
5,지리학,0,명사,한자어
5,지린내,0,명사,고유어
5,지망,2,명사,한자어
5,지망하다,0,동사,혼종어
5,지명도,0,명사,한자어
5,지모,4,명사,한자어
5,지목,3,명사,한자어
5,지물포,0,명사,한자어
5,지반,1,명사,한자어
5,지방,6,명사,한자어
5,지방관,0,명사,한자어
5,지방별,0,명사,한자어
5,지방분,0,명사,한자어
5,지방색,0,명사,한자어
5,지방세,0,명사,한자어
5,지배인,0,명사,한자어
5,지배적,0,명사/관형사,한자어
5,지병,0,명사,한자어
5,지부,1,명사,한자어
5,지분,6,명사,한자어
5,지분거리다,1,동사,고유어
5,지불되다,0,동사,혼종어
5,지붕돌,0,명사,고유어
5,지사,5,명사,한자어
5,지상군,0,명사,한자어
5,지새다,1,동사,고유어
5,지서,2,명사,한자어
5,지석,3,명사,한자어
5,지석묘,0,명사,한자어
5,지세,3,명사,한자어
5,지순하다,1,형용사,혼종어
5,지시약,0,명사,한자어
5,지식층,0,명사,한자어
5,지신밟기,0,명사,혼종어
5,지아비,0,명사,고유어
5,지압,2,명사,한자어
5,지양하다,0,동사,혼종어
5,지어미,0,명사,고유어
5,지역구,0,명사,한자어
5,지역적,0,명사/관형사,한자어
5,지연,3,명사,한자어
5,지연하다,0,동사,혼종어
5,지우다,5,동사,고유어
5,지원군,1,명사,한자어
5,지원서,0,명사,한자어
5,지자기,0,명사,한자어
5,지자제,0,명사,한자어
5,지자체,0,명사,한자어
5,지장,7,명사,한자어
5,지절,6,명사,한자어
5,지절거리다,0,동사,고유어
5,지점장,0,명사,한자어
5,지조,5,명사,한자어
5,지주,1,명사,한자어
5,지중해,2,명사,한자어
5,지지난,0,관형사,고유어
5,지지난달,0,명사,고유어
5,지지난번,0,명사,혼종어
5,지지대,0,명사,한자어
5,지지르다,0,동사,고유어
5,지지리,0,부사,고유어
5,지지부진하다,0,동사,혼종어
5,지지율,0,명사,한자어
5,지진아,0,명사,한자어
5,지진파,0,명사,한자어
5,지진학,0,명사,한자어
5,지질학자,0,명사,한자어
5,지참,2,명사,한자어
5,지참하다,2,동사,혼종어
5,지척,2,명사,한자어
5,지천,4,명사,한자어
5,지체,4,명사,한자어
5,지축,2,명사,한자어
5,지침서,0,명사,한자어
5,지칭,0,명사,한자어
5,지칭하다,0,동사,혼종어
5,지탄,2,명사,한자어
5,지탱,0,명사,한자어
5,지표,3,명사,한자어
5,지표종,0,명사,한자어
5,지프,0,명사,외래어
5,지하보도,0,명사,한자어
5,지하상가,0,명사,한자어
5,지휘명령,0,명사,한자어
5,지휘봉,0,명사,한자어
5,직,2,부사,고유어
5,직,6,명사,한자어
5,직감,0,명사,한자어
5,직거래하다,0,동사,혼종어
5,직결,2,명사,한자어
5,직경,1,명사,한자어
5,직계,1,명사,한자어
5,직관,3,명사,한자어
5,직권,0,명사,한자어
5,직기,0,명사,한자어
5,직립,0,명사,한자어
5,직면,0,명사,한자어
5,직물,0,명사,한자어
5,직분,0,명사,한자어
5,직사,3,명사,한자어
5,직사각,0,명사,한자어
5,직삼각형,0,명사,한자어
5,직선,2,명사,한자어
5,직선적,0,명사/관형사,한자어
5,직성,1,명사,한자어
5,직시하다,0,동사,혼종어
5,직언,0,명사,한자어
5,직업병,0,명사,한자어
5,직업소개소,0,명사,한자어
5,직업여성,0,명사,한자어
5,직업의식,0,명사,한자어
5,직영,0,명사,한자어
5,직유,1,명사,한자어
5,직유법,0,명사,한자어
5,직육면체,0,명사,한자어
5,직인,3,명사,한자어
5,직접세,0,명사,한자어
5,직종,0,명사,한자어
5,직지심체요절,0,명사,한자어
5,직통,0,명사,한자어
5,직통하다,0,동사,혼종어
5,직판장,0,명사,한자어
5,직할시,0,명사,한자어
5,직행버스,0,명사,혼종어
5,진,3,명사,한자어
5,진,7,명사,한자어
5,진가,3,명사,한자어
5,진간장,0,명사,혼종어
5,진갈색,0,명사,한자어
5,진갑,0,명사,한자어
5,진골,0,명사,한자어
5,진공,2,명사,한자어
5,진공관,0,명사,한자어
5,진국,1,명사,혼종어
5,진군,3,명사,한자어
5,진급,0,명사,한자어
5,진급하다,0,동사,혼종어
5,진기하다,1,형용사,혼종어
5,진나라,2,명사,혼종어
5,진노,2,명사,한자어
5,진노하다,1,동사,혼종어
5,진노하다,2,동사,혼종어
5,진단서,0,명사,한자어
5,진담,2,명사,한자어
5,진도,8,명사,한자어
5,진도표,0,명사,한자어
5,진동,4,명사,한자어
5,진두,2,명사,한자어
5,진득하다,0,형용사,고유어
5,진력,2,명사,한자어
5,진력나다,0,동사,혼종어
5,진력하다,0,동사,혼종어
5,진료권,0,명사,한자어
5,진면목,0,명사,한자어
5,진물,1,명사,혼종어
5,진미,1,명사,한자어
5,진배없다,0,형용사,고유어
5,진범,0,명사,한자어
5,진보라,0,명사,혼종어
5,진부하다,0,형용사,혼종어
5,진분수,0,명사,한자어
5,진분홍,0,명사,한자어
5,진상,8,명사,한자어
5,진상하다,3,동사,혼종어
5,진선미,0,명사,한자어
5,진성,4,명사,한자어
5,진세,1,명사,한자어
5,진소위,0,부사,한자어
5,진수,8,명사,한자어
5,진수,11,명사,한자어
5,진술문,0,명사,한자어
5,진술서,0,명사,한자어
5,진술하다,0,동사,혼종어
5,진실성,0,명사,한자어
5,진실히,0,부사,혼종어
5,진언,4,명사,한자어
5,진열,2,명사,한자어
5,진열장,2,명사,한자어
5,진열품,0,명사,한자어
5,진원지,0,명사,한자어
5,진위,1,명사,한자어
5,진의,1,명사,한자어
5,진자,2,명사,한자어
5,진자리,1,명사,고유어
5,진전되다,0,동사,혼종어
5,진전하다,0,동사,혼종어
5,진절머리,0,명사,고유어
5,진정서,0,명사,한자어
5,진종일,0,명사/부사,한자어
5,진주,2,명사,한자어
5,진주성,0,명사,한자어
5,진중,2,명사,한자어
5,진진하다,0,형용사,혼종어
5,진짓상,0,명사,혼종어
5,진창,1,명사,고유어
5,진척,2,명사,한자어
5,진척되다,0,동사,혼종어
5,진출권,0,명사,한자어
5,진취성,1,명사,한자어
5,진통,2,명사,한자어
5,진퇴,0,명사,한자어
5,진퇴양난,0,명사,한자어
5,진퇴유곡,0,명사,한자어
5,진펄,0,명사,고유어
5,진폐증,0,명사,한자어
5,진폭,1,명사,한자어
5,진품,2,명사,한자어
5,진풍경,0,명사,한자어
5,진한,1,명사,한자어
5,진행형,0,명사,한자어
5,진형,1,명사,한자어
5,진혼곡,0,명사,한자어
5,진혼제,0,명사,한자어
5,진홍빛,0,명사,혼종어
5,진홍색,0,명사,한자어
5,진화,6,명사,한자어
5,진화론,0,명사,한자어
5,진화하다,2,동사,혼종어
5,진흙물,0,명사,고유어
5,진흥,0,명사,한자어
5,질,6,명사,한자어
5,질겅거리다,0,동사,고유어
5,질경이,0,명사,고유어
5,질그릇,0,명사,고유어
5,질근질근,2,부사,고유어
5,질금거리다,0,동사,고유어
5,질금질금,0,부사,고유어
5,질녀,0,명사,한자어
5,질러가다,0,동사,고유어
5,질부,0,명사,한자어
5,질소,1,명사,한자어
5,질시,1,명사,한자어
5,질시하다,1,동사,혼종어
5,질식사,0,명사,한자어
5,질의,1,명사,한자어
5,질의하다,1,동사,혼종어
5,질적,0,명사/관형사,한자어
5,질책,1,명사,한자어
5,질책하다,1,동사,혼종어
5,질척하다,0,형용사,고유어
5,질타,0,명사,한자어
5,질타하다,0,동사,혼종어
5,질퍽거리다,0,동사,고유어
5,질퍽하다,0,형용사,고유어
5,질펀하다,0,형용사,고유어
5,질풍,0,명사,한자어
5,질풍노도,0,명사,한자어
5,질화로,1,명사,혼종어
5,질흙,1,명사,고유어
5,짐꾼,0,명사,고유어
5,짐마차,0,명사,혼종어
5,짐바브웨,0,명사,외래어
5,짐수레,0,명사,고유어
5,짐스럽다,0,형용사,고유어
5,짐차,0,명사,혼종어
5,집강소,0,명사,한자어
5,집결,0,명사,한자어
5,집계,0,명사,한자어
5,집고양이,0,명사,고유어
5,집구석,0,명사,고유어
5,집권,1,명사,한자어
5,집권당,0,명사,한자어
5,집기,1,명사,한자어
5,집기병,0,명사,한자어
5,집단생활,0,명사,한자어
5,집단의식,0,명사,한자어
5,집대성,0,명사,한자어
5,집대성하다,0,동사,혼종어
5,집무,0,명사,한자어
5,집무실,0,명사,한자어
5,집문서,0,명사,혼종어
5,집산지,0,명사,한자어
5,집약,0,명사,한자어
5,집어먹다,0,동사,고유어
5,집어치우다,0,동사,고유어
5,집오리,0,명사,고유어
5,집일,1,명사,고유어
5,집자,0,명사,한자어
5,집적거리다,0,동사,고유어
5,집진기,0,명사,한자어
5,집집이,0,부사,고유어
5,집찰구,0,명사,한자어
5,집토끼,0,명사,고유어
5,집행되다,0,동사,혼종어
5,짓뭉개다,0,동사,고유어
5,짓찧다,0,동사,고유어
5,징,1,명사,고유어
5,징검돌,0,명사,고유어
5,징계,0,명사,한자어
5,징발,0,명사,한자어
5,징벌,0,명사,한자어
5,징수,2,명사,한자어
5,징신,0,명사,고유어
5,징역살이,0,명사,혼종어
5,징집,0,명사,한자어
5,징집되다,0,동사,혼종어
5,징징,1,부사,고유어
5,징징거리다,0,동사,고유어
5,징크스,0,명사,외래어
5,징표,1,명사,한자어
5,징후,0,명사,한자어
5,짚신벌레,0,명사,고유어
5,짚신장이,0,명사,고유어
5,짚이다,0,동사,고유어
5,짜깁기,0,명사,고유어
5,짜랑짜랑,0,부사,고유어
5,짜부라지다,0,동사,고유어
5,짝,2,의존 명사,고유어
5,짝,3,의존 명사,고유어
5,짝,4,부사,고유어
5,짝,6,부사,고유어
5,짝,7,부사,고유어
5,짝,9,부사,고유어
5,짝짝,3,부사,고유어
5,짝짝이,0,명사,고유어
5,짝하다,0,동사,고유어
5,짠지,0,명사,고유어
5,짤그랑,0,부사,고유어
5,짤깍짤깍,0,부사,고유어
5,짤따랗다,0,형용사,고유어
5,짤랑,0,부사,고유어
5,짤랑짤랑,0,부사,고유어
5,짤칵,0,부사,고유어
5,짧은소리,0,명사,고유어
5,짬밥,0,명사,고유어
5,짱아,0,명사,고유어
5,째지다,0,동사,고유어
5,쨍,1,부사,고유어
5,쨍쨍,1,부사,고유어
5,쨍쨍하다,1,동사,고유어
5,쩔그렁,0,부사,고유어
5,쩔뚝거리다,0,동사,고유어
5,쩔뚝발이,0,명사,고유어
5,쩔레쩔레,0,부사,고유어
5,쩔룩쩔룩,0,부사,고유어
5,쩝,0,부사,고유어
5,쩡쩡,0,부사,고유어
5,쩨쩨하다,0,형용사,고유어
5,쪄내다,0,동사,고유어
5,쪼다,1,명사,고유어
5,쪽,1,명사,고유어
5,쪽,7,명사,고유어
5,쪽가위,0,명사,고유어
5,쪽문,0,명사,혼종어
5,쪽물,0,명사,고유어
5,쪽파,0,명사,고유어
5,쫀득쫀득,0,부사,고유어
5,쫄래쫄래,0,부사,고유어
5,쫄면,0,명사,혼종어
5,쫄바지,0,명사,고유어
5,쫑그리다,0,동사,고유어
5,쫑쫑,1,부사,고유어
5,쫘르륵,0,부사,고유어
5,쭈그렁바가지,0,명사,고유어
5,쭈르르,0,부사,고유어
5,쭝긋거리다,0,동사,고유어
5,쭝얼쭝얼,0,부사,고유어
5,쯧쯧,0,부사/감탄사,고유어
5,찌개백반,0,명사,혼종어
5,찌기,0,명사,고유어
5,찌끼,0,명사,고유어
5,찌다,6,동사,고유어
5,찌르르,2,부사,고유어
5,찌르르하다,2,형용사,고유어
5,찌릿찌릿하다,0,형용사,고유어
5,찌뿌둥하다,0,형용사,고유어
5,찌뿌드드하다,0,형용사,고유어
5,찌뿌듯하다,0,형용사,고유어
5,찍,1,부사,고유어
5,찍,3,부사,고유어
5,찍소리,0,명사,고유어
5,찍찍거리다,2,동사,고유어
5,찔끔거리다,0,동사,고유어
5,찔끔하다,2,동사,고유어
5,찔레꽃,0,명사,고유어
5,찜찜하다,0,형용사,고유어
5,찜통더위,0,명사,고유어
5,찜하다,0,동사,고유어
5,찝찔하다,0,형용사,고유어
5,찡찡이,0,명사,고유어
5,찡하다,0,동사/형용사,고유어
5,찢어발기다,0,동사,고유어
5,차광,0,명사,한자어
5,차근히,0,부사,고유어
5,차나무,0,명사,고유어
5,차남,0,명사,한자어
5,차내,0,명사,한자어
5,차녀,0,명사,한자어
5,차돌,0,명사,고유어
5,차돌멩이,0,명사,고유어
5,차등,3,명사,한자어
5,차렷하다,0,동사,고유어
5,차령산맥,0,명사,한자어
5,차멀미,0,명사,혼종어
5,차변,2,명사,한자어
5,차부,2,명사,한자어
5,차비하다,0,동사,혼종어
5,차석,1,명사,한자어
5,차선,2,명사,한자어
5,차세대,0,명사,한자어
5,차액,2,명사,한자어
5,차양,2,명사,한자어
5,차용,1,명사,한자어
5,차용어,0,명사,한자어
5,차용하다,1,동사,혼종어
5,차일피일,0,부사,한자어
5,차입,1,명사,한자어
5,차입하다,1,동사,혼종어
5,차장,3,명사,한자어
5,차장,4,명사,한자어
5,차전놀이,0,명사,혼종어
5,차점,2,명사,한자어
5,차조,0,명사,고유어
5,차종,4,명사,한자어
5,차주,2,명사,한자어
5,차중,2,명사,한자어
5,차지다,0,형용사,고유어
5,차편,3,명사,한자어
5,차후,0,명사,한자어
5,착공,1,명사,한자어
5,착공하다,1,동사,혼종어
5,착륙장,0,명사,한자어
5,착복식,0,명사,한자어
5,착복하다,0,동사,혼종어
5,착상,2,명사,한자어
5,착색되다,0,동사,혼종어
5,착석,0,명사/감탄사,한자어
5,착수,3,명사,한자어
5,착수하다,2,동사,혼종어
5,착안,2,명사,한자어
5,착용,0,명사,한자어
5,착착,1,부사,고유어
5,착취하다,0,동사,혼종어
5,찬가,2,명사,한자어
5,찬거리,0,명사,혼종어
5,찬동,0,명사,한자어
5,찬동하다,0,동사,혼종어
5,찬미,0,명사,한자어
5,찬불가,0,명사,한자어
5,찬사,2,명사,한자어
5,찬송,2,명사,한자어
5,찬양,2,명사,한자어
5,찬연하다,2,형용사,혼종어
5,찬조,0,명사,한자어
5,찬조금,0,명사,한자어
5,찬찬히,2,부사,고유어
5,찬탄,0,명사,한자어
5,찬탄하다,0,동사,혼종어
5,찬탈,0,명사,한자어
5,찬합,0,명사,한자어
5,찰거머리,0,명사,고유어
5,찰깍,0,부사,고유어
5,찰랑,1,부사,고유어
5,찰랑거리다,1,동사,고유어
5,찰랑대다,1,동사,고유어
5,찰랑찰랑하다,1,동사/형용사,고유어
5,찰싹거리다,0,동사,고유어
5,찰옥수수,0,명사,고유어
5,찰카닥,0,부사,고유어
5,참경,0,명사,한자어
5,참고삼다,0,동사,혼종어
5,참고인,0,명사,한자어
5,참관,0,명사,한자어
5,참관인,0,명사,한자어
5,참극,0,명사,한자어
5,참꽃,0,명사,고유어
5,참나리,0,명사,고유어
5,참담하다,0,형용사,혼종어
5,참마,0,명사,고유어
5,참마음,0,명사,고유어
5,참말,0,명사/부사/감탄사,고유어
5,참변,0,명사,한자어
5,참봉,0,명사,한자어
5,참빗,0,명사,고유어
5,참사,6,명사,한자어
5,참상,3,명사,한자어
5,참새목,0,명사,혼종어
5,참선,2,명사,한자어
5,참선하다,0,동사,혼종어
5,참성단,0,명사,한자어
5,참신하다,1,동사,혼종어
5,참작,1,명사,한자어
5,참작하다,1,동사,혼종어
5,참전국,0,명사,한자어
5,참패,0,명사,한자어
5,참패하다,0,동사,혼종어
5,참하다,1,형용사,고유어
5,참호,3,명사,한자어
5,참회,3,명사,한자어
5,찹쌀고추장,0,명사,혼종어
5,찹쌀밥,0,명사,고유어
5,찻간,0,명사,한자어
5,찻그릇,0,명사,고유어
5,찻상,0,명사,혼종어
5,찻잎,0,명사,고유어
5,찻집,0,명사,고유어
5,창,2,명사,고유어
5,창,6,명사,한자어
5,창간,1,명사,한자어
5,창간호,0,명사,한자어
5,창갈이,0,명사,고유어
5,창건,1,명사,한자어
5,창건하다,1,동사,혼종어
5,창경궁,0,명사,한자어
5,창경원,0,명사,한자어
5,창공,2,명사,한자어
5,창구멍,1,명사,고유어
5,창구멍,2,명사,혼종어
5,창궐하다,0,동사,혼종어
5,창극,1,명사,한자어
5,창난젓,0,명사,고유어
5,창녀,0,명사,한자어
5,창립하다,0,동사,혼종어
5,창법,1,명사,한자어
5,창부,5,명사,한자어
5,창설되다,0,동사,혼종어
5,창설자,0,명사,한자어
5,창세기,0,명사,한자어
5,창송녹죽,0,명사,한자어
5,창시,0,명사,한자어
5,창시되다,0,동사,혼종어
5,창씨,0,명사,한자어
5,창안,1,명사,한자어
5,창안되다,0,동사,혼종어
5,창업,0,명사,한자어
5,창원,1,명사,한자어
5,창작되다,0,동사,혼종어
5,창작욕,0,명사,한자어
5,창작품,0,명사,한자어
5,창제되다,0,동사,혼종어
5,창제하다,2,동사,혼종어
5,창조되다,0,동사,혼종어
5,창조력,0,명사,한자어
5,창조성,0,명사,한자어
5,창조자,0,명사,한자어
5,창조주,0,명사,한자어
5,창창하다,5,형용사,혼종어
5,창턱,0,명사,혼종어
5,창포,0,명사,한자어
5,찾아보기,0,명사,고유어
5,채,5,명사,고유어
5,채광,2,명사,한자어
5,채굴,0,명사,한자어
5,채굴하다,0,동사,혼종어
5,채권,1,명사,한자어
5,채권,2,명사,한자어
5,채권자,0,명사,한자어
5,채근,1,명사,한자어
5,채다,2,동사,고유어
5,채도,1,명사,한자어
5,채무,0,명사,한자어
5,채무자,0,명사,한자어
5,채반,2,명사,혼종어
5,채비하다,0,동사,고유어
5,채색화,0,명사,한자어
5,채석장,0,명사,한자어
5,채신머리없이,0,부사,고유어
5,채우다,2,동사,고유어
5,채점표,0,명사,한자어
5,채취되다,0,동사,혼종어
5,채칼,0,명사,고유어
5,채편,0,명사,혼종어
5,채혈,0,명사,한자어
5,책거리,2,명사,혼종어
5,책력,0,명사,한자어
5,책망,0,명사,한자어
5,책보,1,명사,한자어
5,책보자기,0,명사,혼종어
5,책사,3,명사,한자어
5,책상보,0,명사,한자어
5,책장,1,명사,한자어
5,책정하다,0,동사,혼종어
5,책탁자,0,명사,한자어
5,챙,0,명사,고유어
5,처가댁,0,명사,한자어
5,처가살이,0,명사,혼종어
5,처녀림,0,명사,한자어
5,처녀막,0,명사,한자어
5,처녀자리,0,명사,혼종어
5,처단,0,명사,한자어
5,처단되다,0,동사,혼종어
5,처량히,0,부사,혼종어
5,처매다,0,동사,고유어
5,처사,1,명사,한자어
5,처사,2,명사,한자어
5,처서,0,명사,한자어
5,처세,0,명사,한자어
5,처세상,0,명사,한자어
5,처세술,0,명사,한자어
5,처소,0,명사,한자어
5,처신,0,명사,한자어
5,처신하다,0,동사,혼종어
5,처자,1,명사,한자어
5,처자,2,명사,한자어
5,처절하다,1,형용사,혼종어
5,처절히,1,부사,혼종어
5,처제,0,명사,한자어
5,처조카,0,명사,혼종어
5,처참히,0,부사,혼종어
5,처첩,0,명사,한자어
5,처치되다,0,동사,혼종어
5,처형,1,명사,한자어
5,처형장,0,명사,한자어
5,척,2,부사,고유어
5,척,3,부사,고유어
5,척결,0,명사,한자어
5,척관법,0,명사,한자어
5,척도,0,명사,한자어
5,척수,3,명사,한자어
5,척척,1,부사,고유어
5,척척히,0,부사,고유어
5,척화비,0,명사,한자어
5,천거하다,2,동사,혼종어
5,천고,1,명사,한자어
5,천고마비,0,명사,한자어
5,천공,4,명사,한자어
5,천구,4,명사,한자어
5,천군만마,0,명사,한자어
5,천년,1,명사,한자어
5,천덕꾸러기,0,명사,혼종어
5,천도,2,명사,한자어
5,천도,3,명사,한자어
5,천도,4,명사,한자어
5,천도복숭아,0,명사,혼종어
5,천도하다,1,동사,혼종어
5,천동설,0,명사,한자어
5,천륜,1,명사,한자어
5,천리,2,명사,한자어
5,천리경,0,명사,한자어
5,천리교,0,명사,한자어
5,천리마,0,명사,한자어
5,천리안,0,명사,한자어
5,천리장성,0,명사,한자어
5,천마,1,명사,한자어
5,천마도,0,명사,한자어
5,천마총,0,명사,한자어
5,천막집,0,명사,혼종어
5,천만년,0,명사,한자어
5,천만뜻밖,0,명사,혼종어
5,천만에,0,감탄사,혼종어
5,천만장자,0,명사,한자어
5,천명,1,명사,한자어
5,천명하다,2,동사,혼종어
5,천문학적,0,명사/관형사,한자어
5,천백번,0,명사,한자어
5,천병,2,명사,한자어
5,천부당만부당,0,명사,한자어
5,천부인,0,명사,한자어
5,천상열차분야지도,0,명사,한자어
5,천생,1,명사/부사,한자어
5,천생배필,0,명사,한자어
5,천석꾼,0,명사,혼종어
5,천성,2,명사,한자어
5,천수답,0,명사,한자어
5,천승,1,명사,한자어
5,천시,1,명사,한자어
5,천신만고,0,명사,한자어
5,천심,2,명사,한자어
5,천안,1,명사,한자어
5,천애,0,명사,한자어
5,천야만야하다,0,형용사,혼종어
5,천연고무,0,명사,혼종어
5,천연덕스럽다,0,형용사,혼종어
5,천연석,0,명사,한자어
5,천연스럽다,0,형용사,혼종어
5,천연염료,0,명사,한자어
5,천연적,0,명사/관형사,한자어
5,천연하다,1,형용사,혼종어
5,천우신조,0,명사,한자어
5,천일,2,명사,한자어
5,천일기도,0,명사,한자어
5,천일염,0,명사,한자어
5,천일주,0,명사,한자어
5,천자문,0,명사,한자어
5,천재,3,명사,한자어
5,천재아,0,명사,한자어
5,천재지변,0,명사,한자어
5,천제,2,명사,한자어
5,천주실의,0,명사,한자어
5,천지간,0,명사,한자어
5,천지개벽,0,명사,한자어
5,천지신명,0,명사,한자어
5,천직,1,명사,한자어
5,천진,3,명사,한자어
5,천진스럽다,0,형용사,혼종어
5,천차만별,0,명사,한자어
5,천추,1,명사,한자어
5,천추만대,0,명사,한자어
5,천치,0,명사,한자어
5,천칭,1,명사,한자어
5,천태만상,0,명사,한자어
5,천태종,0,명사,한자어
5,천편일률적,0,명사/관형사,한자어
5,천품,2,명사,한자어
5,천하무적,0,명사,한자어
5,천하태평,0,명사,한자어
5,천행,3,명사,한자어
5,철갑선,0,명사,한자어
5,철거덕,0,부사,고유어
5,철거하다,0,동사,혼종어
5,철검,0,명사,한자어
5,철골,3,명사,한자어
5,철공,0,명사,한자어
5,철광,0,명사,한자어
5,철그렁,0,부사,고유어
5,철금,0,명사,한자어
5,철꺽,0,부사,고유어
5,철나다,0,동사,고유어
5,철도망,0,명사,한자어
5,철도역,0,명사,한자어
5,철도청,0,명사,한자어
5,철두철미,0,부사,한자어
5,철두철미하다,0,형용사,혼종어
5,철들다,0,동사,고유어
5,철렁거리다,1,동사,고유어
5,철렁거리다,2,동사,고유어
5,철면피,0,명사,한자어
5,철물점,0,명사,한자어
5,철버덕,0,부사,고유어
5,철벅,1,부사,고유어
5,철벽,2,명사,한자어
5,철부지,0,명사,혼종어
5,철석,0,명사,한자어
5,철석같다,0,형용사,혼종어
5,철쇄,0,명사,한자어
5,철수되다,0,동사,혼종어
5,철썩거리다,0,동사,고유어
5,철야,0,명사,한자어
5,철야하다,0,동사,혼종어
5,철없이,0,부사,고유어
5,철원,0,명사,한자어
5,철자법,0,명사,한자어
5,철저,0,명사,한자어
5,철창,1,명사,한자어
5,철천,1,명사,한자어
5,철컥,0,부사,고유어
5,철컹,0,부사,고유어
5,철컹철컹,0,부사,고유어
5,철통,2,명사,한자어
5,철통같다,0,형용사,혼종어
5,철통같이,0,부사,혼종어
5,철퇴,2,명사,한자어
5,철퍽,0,부사,고유어
5,철폐되다,0,동사,혼종어
5,철하다,1,동사,혼종어
5,철학가,0,명사,한자어
5,철학적,0,명사/관형사,한자어
5,철회,0,명사,한자어
5,첨가하다,0,동사,혼종어
5,첨부하다,0,동사,혼종어
5,첨삭,0,명사,한자어
5,첨예하다,0,형용사,혼종어
5,첨자,1,명사,한자어
5,첨지,1,명사,한자어
5,첨탑,0,명사,한자어
5,첩,5,의존 명사,한자어
5,첩경,2,명사/부사,한자어
5,첩보,4,명사,한자어
5,첩보망,0,명사,한자어
5,첩자,3,명사,한자어
5,첩첩,3,명사/부사,한자어
5,첩첩산중,0,명사,한자어
5,첫걸음마,0,명사,고유어
5,첫나들이,0,명사,고유어
5,첫날밤,0,명사,고유어
5,첫머리,0,명사,고유어
5,첫발자국,0,명사,고유어
5,첫새벽,0,명사,고유어
5,첫서리,0,명사,고유어
5,첫손가락,0,명사,고유어
5,첫술,0,명사,고유어
5,첫얼음,0,명사,고유어
5,첫해,0,명사,고유어
5,청강,2,명사,한자어
5,청계천,0,명사,한자어
5,청과류,0,명사,한자어
5,청년기,0,명사,한자어
5,청년대,0,명사,한자어
5,청년회,0,명사,한자어
5,청랑,1,명사,한자어
5,청랑하다,1,형용사,혼종어
5,청량음료,0,명사,한자어
5,청량하다,3,형용사,혼종어
5,청렴,0,명사,한자어
5,청렴결백하다,0,형용사,혼종어
5,청렴하다,0,형용사,혼종어
5,청록파,0,명사,한자어
5,청명,4,명사,한자어
5,청백리,0,명사,한자어
5,청빈하다,1,형용사,혼종어
5,청사초롱,0,명사,혼종어
5,청산,4,명사,한자어
5,청산녹수,0,명사,한자어
5,청산유수,0,명사,한자어
5,청소차,0,명사,한자어
5,청소함,0,명사,한자어
5,청솔가지,0,명사,혼종어
5,청순하다,1,형용사,혼종어
5,청승,1,명사,고유어
5,청승스럽다,0,형용사,고유어
5,청신경,0,명사,한자어
5,청신하다,0,형용사,혼종어
5,청심환,0,명사,한자어
5,청약,2,명사,한자어
5,청원,2,명사,한자어
5,청음,5,명사,한자어
5,청일점,0,명사,한자어
5,청자,2,명사,한자어
5,청장년,0,명사,한자어
5,청조,2,명사,한자어
5,청주,1,명사,한자어
5,청진,1,명사,한자어
5,청천,1,명사,한자어
5,청천강,0,명사,한자어
5,청천벽력,0,명사,한자어
5,청첩,0,명사,한자어
5,청첩장,0,명사,한자어
5,청청하다,1,형용사,혼종어
5,청초하다,1,형용사,혼종어
5,청출어람,0,명사,한자어
5,청취,3,명사,한자어
5,청취율,0,명사,한자어
5,청탁,2,명사,한자어
5,청포,3,명사,한자어
5,청포묵,0,명사,혼종어
5,청풍명월,0,명사,한자어
5,청학,1,명사,한자어
5,청혼,2,명사,한자어
5,청혼하다,1,동사,혼종어
5,체,1,명사,고유어
5,체,3,감탄사,고유어
5,체감하다,1,동사,혼종어
5,체감하다,2,동사,혼종어
5,체경,2,명사,한자어
5,체납하다,0,동사,혼종어
5,체능,0,명사,한자어
5,체득,0,명사,한자어
5,체력장,0,명사,한자어
5,체류하다,0,동사,혼종어
5,체르노빌,0,명사,외래어
5,체르니,0,명사,외래어
5,체모,1,명사,한자어
5,체벌,0,명사,한자어
5,체신,1,명사,한자어
5,체언,0,명사,한자어
5,체위,0,명사,한자어
5,체육공원,0,명사,한자어
5,체육학,0,명사,한자어
5,체육회,0,명사,한자어
5,체인점,0,명사,혼종어
5,체재,3,명사,한자어
5,체적,2,명사,한자어
5,체지방,0,명사,한자어
5,체찰사,0,명사,한자어
5,체취,0,명사,한자어
5,체코,0,명사,외래어
5,체험담,0,명사,한자어
5,쳇바퀴,0,명사,고유어
5,쳐올리다,0,동사,고유어
5,초,18,명사,한자어
5,초고추장,0,명사,혼종어
5,초년,1,명사,한자어
5,초능력,0,명사,한자어
5,초단,1,명사,한자어
5,초단파,0,명사,한자어
5,초당,2,명사,한자어
5,초대형,0,명사,한자어
5,초래,1,명사,한자어
5,초래되다,0,동사,혼종어
5,초례,2,명사,한자어
5,초례청,0,명사,한자어
5,초록하다,0,동사,혼종어
5,초롱꽃,0,명사,혼종어
5,초롱불,0,명사,혼종어
5,초립,2,명사,한자어
5,초만원,0,명사,한자어
5,초면,1,명사,한자어
5,초반전,0,명사,한자어
5,초범,1,명사,한자어
5,초봉,0,명사,한자어
5,초빙,3,명사,한자어
5,초상화가,0,명사,한자어
5,초서,3,명사,한자어
5,초선,1,명사,한자어
5,초성,2,명사,한자어
5,초소병,0,명사,한자어
5,초소형,0,명사,한자어
5,초순,1,명사,한자어
5,초식성,0,명사,한자어
5,초야,2,명사,한자어
5,초야,3,명사,한자어
5,초음속,0,명사,한자어
5,초인,4,명사,한자어
5,초인간적,0,명사/관형사,한자어
5,초장,3,명사,한자어
5,초장,13,명사,한자어
5,초조히,0,부사,혼종어
5,초종,1,명사,한자어
5,초지일관,0,명사,한자어
5,초지진,0,명사,한자어
5,초크,1,명사,외래어
5,초토,2,명사,한자어
5,초파일,0,명사,한자어
5,초판,2,명사,한자어
5,초피,0,명사,한자어
5,초행,1,명사,한자어
5,초현실주의,0,명사,한자어
5,초혼,2,명사,한자어
5,촉,7,명사,한자어
5,촉각,2,명사,한자어
5,촉구,0,명사,한자어
5,촉망,2,명사,한자어
5,촉매,0,명사,한자어
5,촉매제,0,명사,한자어
5,촉박하다,0,형용사,혼종어
5,촉진제,0,명사,한자어
5,촌,2,의존 명사,한자어
5,촌극,2,명사,한자어
5,촌놈,0,명사,혼종어
5,촌뜨기,0,명사,혼종어
5,촌분,0,명사,한자어
5,촌수,1,명사,한자어
5,촌장,4,명사,한자어
5,촌지,2,명사,한자어
5,촌티,0,명사,혼종어
5,촐랑거리다,0,동사,고유어
5,촐랑촐랑,0,부사,고유어
5,총검,0,명사,한자어
5,총계,2,명사,한자어
5,총구,0,명사,한자어
5,총구멍,0,명사,혼종어
5,총궐기하다,0,동사,혼종어
5,총기,1,명사,한자어
5,총대장,0,명사,한자어
5,총동원,0,명사,한자어
5,총득점,0,명사,한자어
5,총력,0,명사,한자어
5,총망하다,0,형용사,혼종어
5,총명,2,명사,한자어
5,총무,0,명사,한자어
5,총무부,0,명사,한자어
5,총무처,0,명사,한자어
5,총본부,0,명사,한자어
5,총부,2,명사,한자어
5,총상,2,명사,한자어
5,총세,0,명사,한자어
5,총소득,0,명사,한자어
5,총수,4,명사,한자어
5,총수량,0,명사,한자어
5,총싸움,0,명사,혼종어
5,총알받이,0,명사,혼종어
5,총애,0,명사,한자어
5,총영사,0,명사,한자어
5,총원,1,명사,한자어
5,총재,3,명사,한자어
5,총집결되다,0,동사,혼종어
5,총집합,0,명사,한자어
5,총집합되다,0,동사,혼종어
5,총집합하다,0,동사,혼종어
5,총채,1,명사,고유어
5,총천연색,0,명사,한자어
5,총체적,1,명사/관형사,한자어
5,총총걸음,0,명사,고유어
5,총총히,3,부사,혼종어
5,총칭,0,명사,한자어
5,총통,1,명사,한자어
5,총통,2,명사,한자어
5,총합계,0,명사,한자어
5,촬영기,0,명사,한자어
5,최고조,0,명사,한자어
5,최대량,0,명사,한자어
5,최대치,0,명사,한자어
5,최루탄,0,명사,한자어
5,최면,0,명사,한자어
5,최면술,0,명사,한자어
5,최상품,0,명사,한자어
5,최소치,0,명사,한자어
5,최소화,1,명사,한자어
5,최소화,2,명사,한자어
5,최신식,0,명사,한자어
5,최장,0,명사,한자어
5,최적화,0,명사,한자어
5,최종회,0,명사,한자어
5,최후통첩,0,명사,한자어
5,추곡,1,명사,한자어
5,추궁,2,명사,한자어
5,추궁하다,0,동사,혼종어
5,추근거리다,0,동사,고유어
5,추남,0,명사,한자어
5,추녀,1,명사,고유어
5,추대,2,명사,한자어
5,추도,1,명사,한자어
5,추도식,0,명사,한자어
5,추돌,0,명사,한자어
5,추레하다,0,형용사,고유어
5,추모식,0,명사,한자어
5,추방,2,명사,한자어
5,추산,2,명사,한자어
5,추상,3,명사,한자어
5,추서,2,명사,한자어
5,추서되다,0,동사,혼종어
5,추수기,2,명사,한자어
5,추앙,0,명사,한자어
5,추앙하다,0,동사,혼종어
5,추어올리다,0,동사,고유어
5,추억담,0,명사,한자어
5,추월,1,명사,한자어
5,추잡스럽다,1,형용사,혼종어
5,추잡하다,1,형용사,혼종어
5,추적추적,0,부사,고유어
5,추젓,0,명사,혼종어
5,추첨,0,명사,한자어
5,추첨하다,0,동사,혼종어
5,추출,0,명사,한자어
5,추켜세우다,0,동사,고유어
5,추켜올리다,0,동사,고유어
5,추키다,0,동사,고유어
5,추탕,0,명사,한자어
5,추태,4,명사,한자어
5,추풍령,0,명사,한자어
5,추행,4,명사,한자어
5,축가,0,명사,한자어
5,축국,0,명사,한자어
5,축나다,0,동사,혼종어
5,축농증,0,명사,한자어
5,축도,1,명사,한자어
5,축도,2,명사,한자어
5,축문,1,명사,한자어
5,축사,1,명사,한자어
5,축사,4,명사,한자어
5,축산업자,0,명사,한자어
5,축산학,0,명사,한자어
5,축성,4,명사,한자어
5,축수하다,1,동사,혼종어
5,축시,1,명사,한자어
5,축약,0,명사,한자어
5,축약되다,0,동사,혼종어
5,축원,0,명사,한자어
5,축원하다,0,동사,혼종어
5,축의금,0,명사,한자어
5,축재,0,명사,한자어
5,축적,0,명사,한자어
5,축전,1,명사,한자어
5,축전,2,명사,한자어
5,축조,2,명사,한자어
5,축축,1,부사,고유어
5,축포,0,명사,한자어
5,축하객,0,명사,한자어
5,축하단,0,명사,한자어
5,축하문,0,명사,한자어
5,축하식,0,명사,한자어
5,축하장,0,명사,한자어
5,축항,2,명사,한자어
5,춘곤증,0,명사,한자어
5,춘궁기,0,명사,한자어
5,춘란,0,명사,한자어
5,춘부장,0,명사,한자어
5,춘삼월,0,명사,한자어
5,춘절,0,명사,한자어
5,춘천,1,명사,한자어
5,춘풍,0,명사,한자어
5,춘하추동,0,명사,한자어
5,춘향,2,명사,한자어
5,출가,1,명사,한자어
5,출가,2,명사,한자어
5,출가외인,0,명사,한자어
5,출가하다,1,동사,혼종어
5,출간,0,명사,한자어
5,출간하다,0,동사,혼종어
5,출감,0,명사,한자어
5,출격,2,명사,한자어
5,출금하다,1,동사,혼종어
5,출납,0,명사,한자어
5,출납부,0,명사,한자어
5,출두하다,2,동사,혼종어
5,출렁다리,0,명사,고유어
5,출렁이다,0,동사,고유어
5,출렁출렁,0,부사,고유어
5,출력되다,0,동사,혼종어
5,출력물,0,명사,한자어
5,출마,0,명사,한자어
5,출범,2,명사,한자어
5,출범하다,2,동사,혼종어
5,출생지,0,명사,한자어
5,출석자,0,명사,한자어
5,출소,2,명사,한자어
5,출소하다,1,동사,혼종어
5,출시,0,명사,한자어
5,출신교,0,명사,한자어
5,출연료,0,명사,한자어
5,출연자,0,명사,한자어
5,출연하다,1,동사,혼종어
5,출옥,0,명사,한자어
5,출옥하다,0,동사,혼종어
5,출자,0,명사,한자어
5,출장,2,명사,한자어
5,출전,1,명사,한자어
5,출정,3,명사,한자어
5,출정하다,3,동사,혼종어
5,출제,0,명사,한자어
5,출중하다,0,형용사,혼종어
5,출토되다,0,동사,혼종어
5,출토품,0,명사,한자어
5,출토하다,0,동사,혼종어
5,출판인,0,명사,한자어
5,출품,0,명사,한자어
5,출하,0,명사,한자어
5,출하하다,0,동사,혼종어
5,출항,2,명사,한자어
5,출항하다,1,동사,혼종어
5,춤꾼,0,명사,고유어
5,춤마당,0,명사,고유어
5,춤판,0,명사,고유어
5,충,2,명사,한자어
5,충,5,명사,한자어
5,충당,1,명사,한자어
5,충동구매,0,명사,한자어
5,충류,0,명사,한자어
5,충만,0,명사,한자어
5,충만하다,0,형용사,혼종어
5,충복,2,명사,한자어
5,충수염,0,명사,한자어
5,충실,1,명사,한자어
5,충실감,2,명사,한자어
5,충실하다,1,형용사,혼종어
5,충실히,1,부사,혼종어
5,충심,1,명사,한자어
5,충심,2,명사,한자어
5,충언,0,명사,한자어
5,충원,0,명사,한자어
5,충원하다,0,동사,혼종어
5,충일,0,명사,한자어
5,충적층,0,명사,한자어
5,충전하다,1,동사,혼종어
5,충절,0,명사,한자어
5,충정,5,명사,한자어
5,충주,0,명사,한자어
5,충직성,0,명사,한자어
5,충천,2,명사,한자어
5,충천하다,2,동사,혼종어
5,충혈,1,명사,한자어
5,취,1,명사,고유어
5,취구,0,명사,한자어
5,취급소,0,명사,한자어
5,취락,0,명사,한자어
5,취사반,0,명사,한자어
5,취사병,0,명사,한자어
5,취사선택,0,명사,한자어
5,취약,0,명사,한자어
5,취약점,0,명사,한자어
5,취약하다,0,형용사,혼종어
5,취재부,0,명사,한자어
5,취조,1,명사,한자어
5,취주악,0,명사,한자어
5,취중,2,명사,한자어
5,취지서,0,명사,한자어
5,취타,0,명사,한자어
5,취학,0,명사,한자어
5,측간,1,명사,한자어
5,측근,1,명사,한자어
5,측면도,0,명사,한자어
5,측백나무,0,명사,혼종어
5,측은,1,명사,한자어
5,측은스럽다,0,형용사,혼종어
5,측은지심,0,명사,한자어
5,측정값,0,명사,혼종어
5,측정치,0,명사,한자어
5,층간,0,명사,한자어
5,층계참,0,명사,한자어
5,층대,0,명사,한자어
5,층리,1,명사,한자어
5,층암절벽,0,명사,한자어
5,층층,0,명사,한자어
5,층층계,0,명사,한자어
5,층층대,0,명사,한자어
5,층하,0,명사,한자어
5,치,4,의존 명사,고유어
5,치,10,명사,한자어
5,치근거리다,0,동사,고유어
5,치기,3,명사,한자어
5,치다꺼리,0,명사,고유어
5,치닫다,0,동사,고유어
5,치대다,1,동사,고유어
5,치뜨다,0,동사,고유어
5,치렁치렁하다,0,동사/형용사,고유어
5,치레,1,명사,고유어
5,치료소,0,명사,한자어
5,치루,1,명사,한자어
5,치마바지,0,명사,고유어
5,치맛감,0,명사,고유어
5,치맛바람,0,명사,고유어
5,치명상,0,명사,한자어
5,치밀성,0,명사,한자어
5,치밀히,0,부사,혼종어
5,치받다,1,동사,고유어
5,치받다,2,동사,고유어
5,치받치다,1,동사,고유어
5,치부,1,명사,한자어
5,치부하다,1,동사,혼종어
5,치사,3,명사,한자어
5,치사,4,명사,한자어
5,치사랑,0,명사,고유어
5,치사량,0,명사,한자어
5,치사스럽다,0,형용사,혼종어
5,치사하다,3,동사,혼종어
5,치사하다,4,동사,혼종어
5,치석,2,명사,한자어
5,치성,1,명사,한자어
5,치실,0,명사,혼종어
5,치악산,2,명사,한자어
5,치어,2,명사,한자어
5,치어걸,0,명사,외래어
5,치열,2,명사,한자어
5,치유,1,명사,한자어
5,치자,2,명사,한자어
5,치자나무,0,명사,혼종어
5,치졸하다,0,형용사,혼종어
5,치질,1,명사,한자어
5,치하,1,명사,한자어
5,치하,2,명사,한자어
5,치하하다,0,동사,혼종어
5,칙사,0,명사,한자어
5,칙서,0,명사,한자어
5,칙칙하다,0,형용사,고유어
5,친교,1,명사,한자어
5,친권,2,명사,한자어
5,친모,0,명사,한자어
5,친목회,0,명사,한자어
5,친밀,0,명사,한자어
5,친서,1,명사,한자어
5,친숙,0,명사,한자어
5,친숙감,0,명사,한자어
5,친숙히,0,부사,혼종어
5,친우,0,명사,한자어
5,친자,1,명사,한자어
5,친정아버님,0,명사,혼종어
5,친정어머님,0,명사,혼종어
5,친정집,0,명사,혼종어
5,친친,1,부사,고유어
5,친환경적,0,명사/관형사,한자어
5,칠게,0,명사,고유어
5,칠레,0,명사,외래어
5,칠보,0,명사,한자어
5,칠부바지,0,명사,혼종어
5,칠성,2,명사,한자어
5,칠성각,0,명사,한자어
5,칠야,0,명사,한자어
5,칠전팔기,0,명사,한자어
5,칠칠맞다,0,형용사,고유어
5,칠팔월,0,명사,한자어
5,칠푼이,0,명사,혼종어
5,칠흑,0,명사,한자어
5,칡,0,명사,고유어
5,칡가루,0,명사,고유어
5,칡넝쿨,0,명사,고유어
5,칡범,0,명사,고유어
5,칡차,0,명사,고유어
5,침강,0,명사,한자어
5,침노하다,0,동사,혼종어
5,침대권,0,명사,한자어
5,침대보,0,명사,한자어
5,침략상,0,명사,한자어
5,침례,0,명사,한자어
5,침례교,0,명사,한자어
5,침목,0,명사,한자어
5,침방울,0,명사,고유어
5,침봉,0,명사,한자어
5,침소,0,명사,한자어
5,침소봉대,0,명사,한자어
5,침수,5,명사,한자어
5,침식,3,명사,한자어
5,침식되다,2,동사,혼종어
5,침엽수림,0,명사,한자어
5,침입군,0,명사,한자어
5,침쟁이,0,명사,혼종어
5,침전,1,명사,한자어
5,침전지,0,명사,한자어
5,침착성,0,명사,한자어
5,침체되다,0,동사,혼종어
5,침체성,0,명사,한자어
5,침출수,0,명사,한자어
5,침탈,2,명사,한자어
5,침통,3,명사,한자어
5,침통하다,0,형용사,혼종어
5,칩거,0,명사,한자어
5,카드뮴,0,명사,외래어
5,카랑카랑하다,2,형용사,고유어
5,카메라맨,0,명사,외래어
5,카메오,0,명사,외래어
5,카세트테이프,0,명사,외래어
5,카시오페이아,0,명사,외래어
5,카시오페이아자리,0,명사,혼종어
5,카우보이,0,명사,외래어
5,카운슬러,0,명사,외래어
5,카운터,1,명사,외래어
5,카자흐스탄,0,명사,외래어
5,카타르,2,명사,외래어
5,카타르시스,0,명사,외래어
5,카투사,0,명사,외래어
5,카피라이터,0,명사,외래어
5,칵,0,부사,고유어
5,칵테일,0,명사,외래어
5,칸막이하다,0,동사,고유어
5,칼,2,명사,고유어
5,칼도마,0,명사,고유어
5,칼부림,0,명사,고유어
5,칼자루,0,명사,고유어
5,칼질하다,0,동사,고유어
5,칼집,1,명사,고유어
5,칼춤,0,명사,고유어
5,칼칼하다,0,형용사,고유어
5,캄보디아,0,명사,외래어
5,캉캉,3,명사,외래어
5,캐나다,0,명사,외래어
5,캐드,0,명사,외래어
5,캐러멜,0,명사,외래어
5,캐럴,1,명사,외래어
5,캐비닛,0,명사,외래어
5,캐주얼웨어,0,명사,외래어
5,캑캑,0,부사,고유어
5,캑캑거리다,0,동사,고유어
5,캔디,1,명사,외래어
5,캔버라,0,명사,외래어
5,캘커타,0,명사,외래어
5,캠핑하다,0,동사,혼종어
5,커넥터,0,명사,외래어
5,커닝,0,명사,외래어
5,커서,0,명사,외래어
5,커피포트,0,명사,외래어
5,컨디션,0,명사,외래어
5,컨베이어,0,명사,외래어
5,컨트롤러,0,명사,외래어
5,컬러복사기,0,명사,혼종어
5,컬링,0,명사,외래어
5,컬컬하다,0,형용사,고유어
5,컵케이크,0,명사,외래어
5,케냐,0,명사,외래어
5,케이에스,0,명사,외래어
5,케이오,0,명사,외래어
5,케이오하다,0,동사,혼종어
5,케이티엑스,0,명사,외래어
5,케일,0,명사,외래어
5,케임브리지,2,명사,외래어
5,켜다,3,동사,고유어
5,코,2,명사,고유어
5,코감기,0,명사,혼종어
5,코넷,0,명사,외래어
5,코대답,0,명사,혼종어
5,코디,0,명사,외래어
5,코딱지,0,명사,고유어
5,코뚜레,0,명사,고유어
5,코란,0,명사,외래어
5,코르덴,0,명사,외래어
5,코맹맹이,0,명사,고유어
5,코미디언,0,명사,외래어
5,코빼기,0,명사,고유어
5,코소보,0,명사,외래어
5,코언저리,0,명사,고유어
5,코일,0,명사,외래어
5,코주부,0,명사,고유어
5,코찡찡이,0,명사,고유어
5,코치하다,0,동사,혼종어
5,코카인,0,명사,외래어
5,코트디부아르,0,명사,외래어
5,코펠,0,명사,외래어
5,콕,2,명사,외래어
5,콘덴서,0,명사,외래어
5,콘돔,0,명사,외래어
5,콘사이스,0,명사,외래어
5,콘택트렌즈,0,명사,외래어
5,콘테스트,0,명사,외래어
5,콜라주,0,명사,외래어
5,콜로세움,0,명사,외래어
5,콜록거리다,0,동사,고유어
5,콜롬비아,0,명사,외래어
5,콜택시,0,명사,외래어
5,콤비,0,명사,외래어
5,콤팩트디스크,0,명사,외래어
5,콧마루,0,명사,고유어
5,콧방울,0,명사,고유어
5,콩강정,0,명사,고유어
5,콩고,0,명사,외래어
5,콩글리시,0,명사,외래어
5,콩대,0,명사,고유어
5,콩엿,0,명사,고유어
5,콩장,0,명사,혼종어
5,콩쿠르,0,명사,외래어
5,콩트,1,명사,외래어
5,콰르르,0,부사,고유어
5,콱콱,0,부사,고유어
5,쾌감,0,명사,한자어
5,쾌거,0,명사,한자어
5,쾌속,0,명사,한자어
5,쾌속정,0,명사,한자어
5,쾌자,0,명사,한자어
5,쾌재,0,명사,한자어
5,쾌차,0,명사,한자어
5,쾌청하다,0,형용사,혼종어
5,쾌하다,0,형용사,혼종어
5,쾌활히,1,부사,혼종어
5,쾌히,0,부사,혼종어
5,쾨쾨하다,0,형용사,고유어
5,쿠바,0,명사,외래어
5,쿠웨이트,1,명사,외래어
5,쿡쿡,0,부사,고유어
5,쿡쿡거리다,0,동사,고유어
5,쿨럭,0,부사,고유어
5,쿨럭거리다,0,동사,고유어
5,쿨럭쿨럭,0,부사,고유어
5,쿨룩거리다,0,동사,고유어
5,쿨룩쿨룩,0,부사,고유어
5,쿵더쿵,0,부사,고유어
5,쿵덕쿵덕,0,부사,고유어
5,쿵작쿵작,0,부사,고유어
5,쿵후,0,명사,외래어
5,큐피드,0,명사,외래어
5,크낙새,0,명사,고유어
5,크래커,1,명사,외래어
5,크로아티아,0,명사,외래어
5,크로키,0,명사,외래어
5,크리스천,0,명사,외래어
5,크릴,0,명사,외래어
5,큰가시고기,0,명사,고유어
5,큰개자리,0,명사,고유어
5,큰골,0,명사,고유어
5,큰곰,1,명사,고유어
5,큰누님,0,명사,고유어
5,큰달,0,명사,고유어
5,큰마음,0,명사,고유어
5,큰말,0,명사,고유어
5,큰며느리,0,명사,고유어
5,큰사람,0,명사,고유어
5,큰삼촌,0,명사,혼종어
5,큰손,1,명사,고유어
5,큰스님,0,명사,고유어
5,큰아기,0,명사,고유어
5,큰아이,0,명사,고유어
5,큰애,0,명사,고유어
5,큰절하다,0,동사,고유어
5,큰조카,0,명사,고유어
5,큰코다치다,0,동사,고유어
5,큰키나무,0,명사,고유어
5,큰할머니,0,명사,고유어
5,큰할아버지,0,명사,고유어
5,클라이맥스,1,명사,외래어
5,클랙슨,0,명사,외래어
5,클레이,0,명사,외래어
5,큼직이,0,부사,고유어
5,큼직큼직하다,0,형용사,고유어
5,큼큼,0,부사,고유어
5,키,2,명사,고유어
5,키,3,명사,고유어
5,키꺽다리,0,명사,고유어
5,키득,0,부사,고유어
5,키르기스스탄,0,명사,외래어
5,키질,0,명사,고유어
5,킥킥거리다,0,동사,고유어
5,킹코브라,0,명사,외래어
5,타,1,명사/관형사,한자어
5,타,2,명사,한자어
5,타개,0,명사,한자어
5,타개하다,0,동사,혼종어
5,타결,0,명사,한자어
5,타계,2,명사,한자어
5,타계하다,0,동사,혼종어
5,타관,0,명사,한자어
5,타구,3,명사,한자어
5,타기,1,명사,한자어
5,타다,5,동사,고유어
5,타다,6,동사,고유어
5,타달타달,0,부사,고유어
5,타도,2,명사,한자어
5,타동사,0,명사,한자어
5,타들다,0,동사,고유어
5,타락,2,명사,한자어
5,타락하다,0,동사,혼종어
5,타령조,0,명사,혼종어
5,타박,1,명사,고유어
5,타산,2,명사,한자어
5,타산지석,0,명사,한자어
5,타살,1,명사,한자어
5,타살되다,1,동사,혼종어
5,타선,0,명사,한자어
5,타성,2,명사,한자어
5,타아,0,명사,한자어
5,타우린,0,명사,외래어
5,타의,1,명사,한자어
5,타이,1,명사,외래어
5,타이완,0,명사,외래어
5,타이츠,0,명사,외래어
5,타이탄,0,명사,외래어
5,타이프,0,명사,외래어
5,타임아웃,0,명사,외래어
5,타임캡슐,0,명사,외래어
5,타작하다,1,동사,혼종어
5,타작하다,2,동사,혼종어
5,타전하다,1,동사,혼종어
5,타점,3,명사,한자어
5,타지마할,0,명사,외래어
5,타지키스탄,0,명사,외래어
5,타진,2,명사,한자어
5,타처,0,명사,한자어
5,타파,2,명사,한자어
5,타향,1,명사,한자어
5,탁견,0,명사,한자어
5,탁본,0,명사,한자어
5,탁본하다,0,동사,혼종어
5,탁상,1,명사,한자어
5,탁상공론,0,명사,한자어
5,탁상시계,0,명사,한자어
5,탁아소,0,명사,한자어
5,탁주,0,명사,한자어
5,탄,2,명사,한자어
5,탄광촌,0,명사,한자어
5,탄내,1,명사,고유어
5,탄로,2,명사,한자어
5,탄복,3,명사,한자어
5,탄복하다,2,동사,혼종어
5,탄생석,0,명사,한자어
5,탄성,1,명사,한자어
5,탄성력,0,명사,한자어
5,탄신,0,명사,한자어
5,탄원,0,명사,한자어
5,탄원서,0,명사,한자어
5,탄원하다,0,동사,혼종어
5,탄일,0,명사,한자어
5,탄자니아,0,명사,외래어
5,탄저균,0,명사,한자어
5,탄저병,0,명사,한자어
5,탄전,0,명사,한자어
5,탄탄대로,0,명사,한자어
5,탄탄히,1,부사,고유어
5,탄핵,0,명사,한자어
5,탄화수소,0,명사,한자어
5,탈곡,0,명사,한자어
5,탈곡기,0,명사,한자어
5,탈곡하다,0,동사,혼종어
5,탈골,0,명사,한자어
5,탈놀음,0,명사,고유어
5,탈락되다,0,동사,혼종어
5,탈락하다,1,동사,고유어
5,탈락하다,2,동사,혼종어
5,탈모,1,명사,한자어
5,탈모증,0,명사,한자어
5,탈무드,0,명사,외래어
5,탈바가지,0,명사,고유어
5,탈상,0,명사,한자어
5,탈선,2,명사,한자어
5,탈세,0,명사,한자어
5,탈수기,0,명사,한자어
5,탈수하다,0,동사,혼종어
5,탈영,0,명사,한자어
5,탈영병,0,명사,한자어
5,탈영하다,0,동사,혼종어
5,탈옥수,0,명사,한자어
5,탈옥자,0,명사,한자어
5,탈의실,0,명사,한자어
5,탈주,0,명사,한자어
5,탈주범,0,명사,한자어
5,탈주하다,0,동사,혼종어
5,탈진,1,명사,한자어
5,탈출기,1,명사,한자어
5,탈취,2,명사,한자어
5,탈취제,0,명사,한자어
5,탈취하다,2,동사,혼종어
5,탈탈거리다,0,동사,고유어
5,탈피되다,0,동사,혼종어
5,탐구력,0,명사,한자어
5,탐나다,0,동사,혼종어
5,탐독,0,명사,한자어
5,탐라국,0,명사,한자어
5,탐미주의,0,명사,한자어
5,탐색기,0,명사,한자어
5,탐지,0,명사,한자어
5,탐탁하다,0,형용사,고유어
5,탑돌이,0,명사,혼종어
5,탑재,0,명사,한자어
5,탕약,0,명사,한자어
5,탕진,0,명사,한자어
5,탕진하다,0,동사,혼종어
5,탕평책,0,명사,한자어
5,태,6,명사,한자어
5,태고,1,명사,한자어
5,태곳적,0,명사,혼종어
5,태국,0,명사,한자어
5,태그,0,명사,외래어
5,태극권,0,명사,한자어
5,태극무늬,0,명사,혼종어
5,태극부채,0,명사,혼종어
5,태기,2,명사,한자어
5,태깔,0,명사,혼종어
5,태동,1,명사,한자어
5,태만,0,명사,한자어
5,태만하다,0,형용사,혼종어
5,태몽,0,명사,한자어
5,태반,1,명사,한자어
5,태백산,0,명사,한자어
5,태백산맥,0,명사,한자어
5,태봉,3,명사,한자어
5,태부족,0,명사,한자어
5,태생,0,명사,한자어
5,태수,1,명사,한자어
5,태안,2,명사,한자어
5,태업,0,명사,한자어
5,태연,2,명사,한자어
5,태연스럽다,0,형용사,혼종어
5,태연자약하다,0,형용사,혼종어
5,태우다,6,동사,고유어
5,태음력,0,명사,한자어
5,태종,5,명사,한자어
5,태종실록,0,명사,한자어
5,태클,0,명사,외래어
5,태평,0,명사,한자어
5,태평성대,0,명사,한자어
5,태평스레,0,부사,혼종어
5,태평히,0,부사,혼종어
5,태학,0,명사,한자어
5,태형,0,명사,한자어
5,택일,1,명사,한자어
5,택일,2,명사,한자어
5,택지,1,명사,한자어
5,탭,0,명사,외래어
5,탯줄,0,명사,혼종어
5,탱고,2,명사,외래어
5,탱탱하다,0,형용사,고유어
5,탱화,0,명사,한자어
5,터덜거리다,0,동사,고유어
5,터득,0,명사,한자어
5,터럭,0,명사,고유어
5,터줏대감,0,명사,혼종어
5,터치아웃,0,명사,외래어
5,터키,2,명사,외래어
5,턱,3,명사,고유어
5,턱밑,0,명사,고유어
5,턱받이,1,명사,고유어
5,턱뼈,0,명사,고유어
5,턱수염,0,명사,혼종어
5,턱없다,0,형용사,고유어
5,턱턱,0,부사,고유어
5,털게,0,명사,고유어
5,털배자,0,명사,혼종어
5,털북숭이,0,명사,고유어
5,털붓,0,명사,고유어
5,털어먹다,0,동사,고유어
5,털털하다,2,형용사,고유어
5,텀벙,0,부사,고유어
5,텀블링,0,명사,외래어
5,텁석부리,0,명사,고유어
5,텁수룩하다,0,형용사,고유어
5,텁텁하다,0,형용사,고유어
5,텃논,0,명사,고유어
5,텃세,2,명사,혼종어
5,텅스텐,0,명사,외래어
5,테너,0,명사,외래어
5,테라스,0,명사,외래어
5,테크닉,0,명사,외래어
5,테헤란,0,명사,외래어
5,텔레타이프,0,명사,외래어
5,텔레파시,0,명사,외래어
5,토기장이,0,명사,혼종어
5,토끼몰이,0,명사,고유어
5,토끼장,0,명사,혼종어
5,토끼전,0,명사,혼종어
5,토너먼트,0,명사,외래어
5,토담,0,명사,혼종어
5,토담집,0,명사,혼종어
5,토란,0,명사,한자어
5,토란국,0,명사,혼종어
5,토로하다,0,동사,혼종어
5,토마토소스,0,명사,외래어
5,토마토케첩,0,명사,외래어
5,토박이말,0,명사,혼종어
5,토박하다,0,형용사,혼종어
5,토벌,1,명사,한자어
5,토벌하다,1,동사,혼종어
5,토분,1,명사,한자어
5,토사,2,명사,한자어
5,토산물,0,명사,한자어
5,토속,0,명사,한자어
5,토속적,0,명사/관형사,한자어
5,토씨,0,명사,고유어
5,토악질,0,명사,혼종어
5,토정비결,0,명사,한자어
5,토종꿀,0,명사,혼종어
5,토지세,0,명사,한자어
5,토착,0,명사,한자어
5,토착화,0,명사,한자어
5,토착화되다,0,동사,혼종어
5,토큰,0,명사,외래어
5,토템,0,명사,외래어
5,토픽,0,명사,외래어
5,토함산,0,명사,한자어
5,톡톡하다,0,형용사,고유어
5,톳,2,의존 명사,고유어
5,통,2,명사,고유어
5,통,8,부사,고유어
5,통,14,명사,한자어
5,통가죽,0,명사,고유어
5,통감,5,명사,한자어
5,통감하다,3,동사,혼종어
5,통계학,0,명사,한자어
5,통고하다,0,동사,혼종어
5,통구이,0,명사,고유어
5,통꽃,0,명사,고유어
5,통념,1,명사,한자어
5,통달,2,명사,한자어
5,통독,1,명사,한자어
5,통독하다,1,동사,혼종어
5,통명전,0,명사,한자어
5,통배추,0,명사,고유어
5,통보하다,0,동사,혼종어
5,통사론,0,명사,한자어
5,통사정,0,명사,한자어
5,통상,1,명사,한자어
5,통상,2,명사/부사,한자어
5,통상적,0,명사/관형사,한자어
5,통상하다,1,동사,혼종어
5,통속,1,명사,고유어
5,통속적,0,명사/관형사,한자어
5,통신병,0,명사,한자어
5,통신사,4,명사,한자어
5,통신원,1,명사,한자어
5,통역관,0,명사,한자어
5,통역사,0,명사,한자어
5,통영,2,명사,한자어
5,통용,0,명사,한자어
5,통일감,0,명사,한자어
5,통일성,0,명사,한자어
5,통제사,0,명사,한자어
5,통조림통,0,명사,혼종어
5,통지서,0,명사,한자어
5,통지표,0,명사,한자어
5,통지하다,2,동사,혼종어
5,통찰력,0,명사,한자어
5,통찰하다,1,동사,혼종어
5,통천관,0,명사,한자어
5,통첩,0,명사,한자어
5,통치권,0,명사,한자어
5,통치마,0,명사,고유어
5,통치자,0,명사,한자어
5,통치하다,1,동사,혼종어
5,통칭,1,명사,한자어
5,통탄,0,명사,한자어
5,통탄하다,0,동사,혼종어
5,통통,1,부사,고유어
5,통통거리다,0,동사,고유어
5,통학생,0,명사,한자어
5,통행료,0,명사,한자어
5,통화료,0,명사,한자어
5,통회하다,0,동사,혼종어
5,퇴,2,명사,한자어
5,퇴각,0,명사,한자어
5,퇴보,0,명사,한자어
5,퇴보하다,0,동사,혼종어
5,퇴비장,0,명사,한자어
5,퇴사,4,명사,한자어
5,퇴색,0,명사,한자어
5,퇴색되다,0,동사,혼종어
5,퇴실,0,명사,한자어
5,퇴위하다,0,동사,혼종어
5,퇴임식,0,명사,한자어
5,퇴적되다,0,동사,혼종어
5,퇴적물,0,명사,한자어
5,퇴적층,0,명사,한자어
5,퇴적하다,0,동사,혼종어
5,퇴정,1,명사,한자어
5,퇴직,0,명사,한자어
5,퇴직금,0,명사,한자어
5,퇴진,0,명사,한자어
5,퇴짜,0,명사,한자어
5,퇴출,0,명사,한자어
5,퇴출되다,0,동사,혼종어
5,퇴폐,2,명사,한자어
5,퇴폐적,0,명사/관형사,한자어
5,퇴하다,1,동사,혼종어
5,퇴학,0,명사,한자어
5,퇴학생,0,명사,한자어
5,퇴행,0,명사,한자어
5,퇴화,1,명사,한자어
5,퇴화하다,0,동사,혼종어
5,투,0,의존 명사,한자어
5,투각,0,명사,한자어
5,투견,2,명사,한자어
5,투고하다,0,동사,혼종어
5,투과,0,명사,한자어
5,투기,6,명사,한자어
5,투기꾼,0,명사,혼종어
5,투덜대다,0,동사,고유어
5,투명체,0,명사,한자어
5,투병,2,명사,한자어
5,투병하다,2,동사,혼종어
5,투서,2,명사,한자어
5,투석,1,명사,한자어
5,투숙,0,명사,한자어
5,투스텝,0,명사,외래어
5,투시도,0,명사,한자어
5,투신,1,명사,한자어
5,투신자살,0,명사,한자어
5,투신자살하다,0,동사,혼종어
5,투신하다,0,동사,혼종어
5,투약하다,0,동사,혼종어
5,투여,0,명사,한자어
5,투옥,0,명사,한자어
5,투옥하다,0,동사,혼종어
5,투우사,0,명사,한자어
5,투입구,0,명사,한자어
5,투자가,0,명사,한자어
5,투자자,0,명사,한자어
5,투쟁적,0,명사/관형사,한자어
5,투전,2,명사,한자어
5,투전판,0,명사,혼종어
5,투척하다,0,동사,혼종어
5,투표용지,0,명사,한자어
5,투표자,0,명사,한자어
5,투하,1,명사,한자어
5,투항,0,명사,한자어
5,툴툴,0,부사,고유어
5,퉁퉁,2,부사,고유어
5,퉤하다,0,동사,고유어
5,튀각,0,명사,고유어
5,튀기,0,명사,고유어
5,튀김옷,0,명사,고유어
5,튀밥,0,명사,고유어
5,튜바,0,명사,외래어
5,트라이아스기,0,명사,혼종어
5,트러스,0,명사,외래어
5,트럼프,0,명사,외래어
5,트레일러,0,명사,외래어
5,트롬본,0,명사,외래어
5,트리오,0,명사,외래어
5,특공,0,명사,한자어
5,특권층,0,명사,한자어
5,특급,1,명사,한자어
5,특기자,0,명사,한자어
5,특등,0,명사,한자어
5,특별석,0,명사,한자어
5,특산,0,명사,한자어
5,특선,0,명사,한자어
5,특수,3,명사,한자어
5,특수성,0,명사,한자어
5,특수하다,1,형용사,혼종어
5,특약,0,명사,한자어
5,특용,0,명사,한자어
5,특유하다,0,형용사,혼종어
5,특전대,0,명사,한자어
5,특질,0,명사,한자어
5,특파,0,명사,한자어
5,특파하다,0,동사,혼종어
5,특혜,0,명사,한자어
5,특활,0,명사,한자어
5,틈바구니,0,명사,고유어
5,틈새시장,0,명사,혼종어
5,티격태격하다,0,동사,고유어
5,티눈,0,명사,고유어
5,티베트,0,명사,외래어
5,티본스테이크,0,명사,외래어
5,티티새,0,명사,고유어
5,팅팅,0,부사,고유어
5,파,8,명사,외래어
5,파계,2,명사,한자어
5,파계승,0,명사,한자어
5,파고,1,명사,한자어
5,파국,0,명사,한자어
5,파급,0,명사,한자어
5,파급되다,0,동사,혼종어
5,파나마,2,명사,외래어
5,파노라마,0,명사,외래어
5,파라다이스,0,명사,외래어
5,파라핀,0,명사,외래어
5,파란,2,명사,한자어
5,파란만장,0,명사,한자어
5,파랑,2,명사,한자어
5,파랑이,0,명사,고유어
5,파력,0,명사,한자어
5,파렴치하다,0,형용사,혼종어
5,파루,0,명사,한자어
5,파르라니,0,부사,고유어
5,파르페,0,명사,외래어
5,파릇이,0,부사,고유어
5,파릇하다,0,형용사,고유어
5,파리,6,명사,외래어
5,파리지옥,0,명사,혼종어
5,파리채,1,명사,고유어
5,파마머리,0,명사,혼종어
5,파멸적,0,명사/관형사,한자어
5,파멸하다,0,동사,혼종어
5,파문,1,명사,한자어
5,파발마,0,명사,한자어
5,파병하다,1,동사,혼종어
5,파삭파삭,0,부사,고유어
5,파산,1,명사,한자어
5,파산하다,1,동사,혼종어
5,파생,1,명사,한자어
5,파생되다,0,동사,혼종어
5,파생어,0,명사,한자어
5,파선,2,명사,한자어
5,파선되다,0,동사,혼종어
5,파수,2,명사,한자어
5,파시,1,명사,한자어
5,파안대소,0,명사,한자어
5,파열,0,명사,한자어
5,파운드,1,의존 명사,외래어
5,파인애플과,0,명사,혼종어
5,파일럿,0,명사,외래어
5,파자마,0,명사,외래어
5,파장,3,명사,한자어
5,파적,1,명사,한자어
5,파종,2,명사,한자어
5,파죽지세,0,명사,한자어
5,파지,3,명사,한자어
5,파직,2,명사,한자어
5,파출부,0,명사,한자어
5,파카,0,명사,외래어
5,파키스탄,0,명사,외래어
5,파탄,1,명사,한자어
5,파하다,1,동사,혼종어
5,파하다,3,동사,혼종어
5,파혼,0,명사,한자어
5,팍하다,0,동사,고유어
5,판,8,명사,한자어
5,판검사,0,명사,한자어
5,판고,0,명사,한자어
5,판국,0,명사,혼종어
5,판도,1,명사,한자어
5,판돈,0,명사,고유어
5,판례,0,명사,한자어
5,판로,3,명사,한자어
5,판막,0,명사,한자어
5,판막음,0,명사,고유어
5,판막이,0,명사,고유어
5,판매가,0,명사,한자어
5,판매고,0,명사,한자어
5,판매대,0,명사,한자어
5,판매소,0,명사,한자어
5,판매액,0,명사,한자어
5,판매업자,0,명사,한자어
5,판매품,0,명사,한자어
5,판명,0,명사,한자어
5,판목,3,명사,한자어
5,판문점,0,명사,한자어
5,판별,0,명사,한자어
5,판별되다,0,동사,혼종어
5,판별하다,0,동사,혼종어
5,판본,0,명사,한자어
5,판옥선,0,명사,한자어
5,판이하다,0,형용사,혼종어
5,판전,0,명사,한자어
5,판정승,0,명사,한자어
5,판정패,0,명사,한자어
5,판짜기,0,명사,혼종어
5,판치다,0,동사,고유어
5,판판이,0,부사,고유어
5,판판히,0,부사,고유어
5,판형,0,명사,한자어
5,팔걸이의자,0,명사,혼종어
5,팔경,0,명사,한자어
5,팔괘,0,명사,한자어
5,팔도강산,0,명사,한자어
5,팔등신,0,명사,한자어
5,팔락팔락,0,부사,고유어
5,팔랑,1,부사,고유어
5,팔레스타인,0,명사,외래어
5,팔만대장경,0,명사,한자어
5,팔매,0,명사,고유어
5,팔매질,0,명사,고유어
5,팔모,1,명사,혼종어
5,팔방,0,명사,한자어
5,팔방미인,0,명사,한자어
5,팔불출,0,명사,한자어
5,팔삭둥이,0,명사,혼종어
5,팔심,0,명사,고유어
5,팔자걸음,0,명사,혼종어
5,팔자타령,0,명사,혼종어
5,팔작지붕,0,명사,혼종어
5,팔죽지,0,명사,고유어
5,팥소,0,명사,고유어
5,팥죽색,0,명사,혼종어
5,패가망신,0,명사,한자어
5,패거리,0,명사,혼종어
5,패국,0,명사,한자어
5,패권,0,명사,한자어
5,패널,0,명사,외래어
5,패다,1,동사,고유어
5,패다,4,동사,고유어
5,패랭이,0,명사,고유어
5,패랭이꽃,0,명사,고유어
5,패러글라이딩,0,명사,외래어
5,패류,1,명사,한자어
5,패륜,0,명사,한자어
5,패륜아,0,명사,한자어
5,패망,0,명사,한자어
5,패망하다,0,동사,혼종어
5,패물,2,명사,한자어
5,패배자,0,명사,한자어
5,패션모델,0,명사,외래어
5,패소,0,명사,한자어
5,패스볼,0,명사,외래어
5,패스워드,0,명사,외래어
5,패싸움,1,명사,혼종어
5,패인,1,명사,한자어
5,패잔병,0,명사,한자어
5,패전국,0,명사,한자어
5,패철,0,명사,한자어
5,패총,0,명사,한자어
5,패혈증,0,명사,한자어
5,팩,1,부사,고유어
5,팩,2,부사,고유어
5,팩,3,명사,외래어
5,팩스,0,명사,외래어
5,팬,3,명사,외래어
5,팬시점,0,명사,혼종어
5,팬츠,0,명사,외래어
5,팬클럽,0,명사,외래어
5,팬터마임,0,명사,외래어
5,팸플릿,0,명사,외래어
5,팽,3,부사,고유어
5,팽배하다,0,동사,혼종어
5,팽팽,2,부사,고유어
5,퍼덕이다,0,동사,고유어
5,퍼덕퍼덕,0,부사,고유어
5,퍼드덕거리다,0,동사,고유어
5,퍼먹다,0,동사,고유어
5,펀드,0,명사,외래어
5,펄,0,명사,고유어
5,펄떡거리다,0,동사,고유어
5,펄떡펄떡,0,부사,고유어
5,펑퍼짐하다,0,형용사,고유어
5,페가수스,0,명사,외래어
5,페가수스자리,0,명사,혼종어
5,페널티,0,명사,외래어
5,페루,0,명사,외래어
5,페르세우스,0,명사,외래어
5,페르세우스자리,0,명사,혼종어
5,펜글씨,0,명사,혼종어
5,펜대,0,명사,혼종어
5,펜던트,0,명사,외래어
5,펜션,0,명사,외래어
5,펜팔,0,명사,외래어
5,펴낸이,0,명사,고유어
5,편,11,명사,한자어
5,편경,2,명사,한자어
5,편광,1,명사,한자어
5,편달,0,명사,한자어
5,편대,1,명사,한자어
5,편도,1,명사,한자어
5,편도선염,0,명사,한자어
5,편두통,0,명사,한자어
5,편모,2,명사,한자어
5,편법,1,명사,한자어
5,편부,0,명사,한자어
5,편서풍,0,명사,한자어
5,편육,0,명사,한자어
5,편익,0,명사,한자어
5,편입생,0,명사,한자어
5,편자,1,명사,고유어
5,편전,2,명사,한자어
5,편종,0,명사,한자어
5,편중,0,명사,한자어
5,편직물,0,명사,한자어
5,편집기,0,명사,한자어
5,편집부,0,명사,한자어
5,편집실,0,명사,한자어
5,편집인,0,명사,한자어
5,편집장,0,명사,한자어
5,편찬되다,0,동사,혼종어
5,편충,0,명사,한자어
5,편파적,0,명사/관형사,한자어
5,편편하다,1,형용사,혼종어
5,편협,0,명사,한자어
5,편협하다,0,형용사,혼종어
5,평균량,0,명사,한자어
5,평균치,0,명사,한자어
5,평년,0,명사,한자어
5,평년작,0,명사,한자어
5,평등사상,0,명사,한자어
5,평론가,0,명사,한자어
5,평면거울,0,명사,혼종어
5,평발,0,명사,혼종어
5,평복,2,명사,한자어
5,평상,2,명사,한자어
5,평생소원,0,명사,한자어
5,평서문,0,명사,한자어
5,평신도,0,명사,한자어
5,평안,2,명사,한자어
5,평안히,0,부사,혼종어
5,평양,0,명사,한자어
5,평양냉면,0,명사,한자어
5,평양말,0,명사,혼종어
5,평온,2,명사,한자어
5,평이하다,0,형용사,혼종어
5,평절,0,명사,혼종어
5,평점,2,명사,한자어
5,평정,2,명사,한자어
5,평정,3,명사,한자어
5,평정하다,3,형용사,혼종어
5,평지풍파,0,명사,한자어
5,평창,0,명사,한자어
5,평행봉,0,명사,한자어
5,폐가,2,명사,한자어
5,폐간,0,명사,한자어
5,폐건전지,0,명사,한자어
5,폐결핵,0,명사,한자어
5,폐단,0,명사,한자어
5,폐동맥,0,명사,한자어
5,폐막,2,명사,한자어
5,폐물,2,명사,한자어
5,폐백,0,명사,한자어
5,폐병,1,명사,한자어
5,폐사,7,명사,한자어
5,폐쇄성,0,명사,한자어
5,폐쇄적,0,명사/관형사,한자어
5,폐습,0,명사,한자어
5,폐업,2,명사,한자어
5,폐장,3,명사,한자어
5,폐점,1,명사,한자어
5,폐지,5,명사,한자어
5,폐차되다,1,동사,혼종어
5,폐출되다,0,동사,혼종어
5,폐하다,0,동사,혼종어
5,폐허,2,명사,한자어
5,폐휴지,0,명사,한자어
5,포,3,명사,한자어
5,포,12,명사,한자어
5,포개지다,0,동사,고유어
5,포격,0,명사,한자어
5,포고,1,명사,한자어
5,포고령,0,명사,한자어
5,포고문,0,명사,한자어
5,포고하다,1,동사,혼종어
5,포괄하다,0,동사,혼종어
5,포교,1,명사,한자어
5,포교사,0,명사,한자어
5,포교하다,0,동사,혼종어
5,포구,3,명사,한자어
5,포대,6,명사,한자어
5,포도나무,0,명사,혼종어
5,포도당,0,명사,한자어
5,포도청,0,명사,한자어
5,포로수용소,0,명사,한자어
5,포르투갈,0,명사,외래어
5,포만감,0,명사,한자어
5,포말,2,명사,한자어
5,포맷,0,명사,외래어
5,포목,1,명사,한자어
5,포목전,0,명사,한자어
5,포문,2,명사,한자어
5,포물선,0,명사,한자어
5,포박,0,명사,한자어
5,포박하다,0,동사,혼종어
5,포병,2,명사,한자어
5,포복절도,0,명사,한자어
5,포볼,0,명사,외래어
5,포부,1,명사,한자어
5,포섭,0,명사,한자어
5,포섭하다,0,동사,혼종어
5,포성,2,명사,한자어
5,포세이돈,0,명사,외래어
5,포슬포슬,0,부사,고유어
5,포승,1,명사,한자어
5,포식,3,명사,한자어
5,포악,0,명사,한자어
5,포연,1,명사,한자어
5,포옹하다,0,동사,혼종어
5,포용심,0,명사,한자어
5,포인터,0,명사,외래어
5,포일,1,명사,외래어
5,포자,2,명사,한자어
5,포장,3,명사,한자어
5,포장도로,0,명사,한자어
5,포장하다,3,동사,혼종어
5,포즈,2,명사,외래어
5,포진,1,명사,한자어
5,포착,0,명사,한자어
5,포착하다,0,동사,혼종어
5,포클레인,0,명사,외래어
5,포트,3,명사,외래어
5,포플러,0,명사,외래어
5,포플린,0,명사,외래어
5,포한,2,명사,한자어
5,포항,3,명사,한자어
5,포화,4,명사,한자어
5,포획,0,명사,한자어
5,포효,0,명사,한자어
5,폭격하다,0,동사,혼종어
5,폭도,2,명사,한자어
5,폭등,0,명사,한자어
5,폭락,0,명사,한자어
5,폭락하다,0,동사,혼종어
5,폭로,0,명사,한자어
5,폭로되다,0,동사,혼종어
5,폭로하다,0,동사,혼종어
5,폭리,2,명사,한자어
5,폭소,0,명사,한자어
5,폭소탄,0,명사,한자어
5,폭식,0,명사,한자어
5,폭음,2,명사,한자어
5,폭음,4,명사,한자어
5,폭정,0,명사,한자어
5,폭주,1,명사,한자어
5,폭주,2,명사,한자어
5,폭주하다,1,동사,혼종어
5,폭주하다,2,동사,혼종어
5,폰트,0,명사,외래어
5,폴,3,명사,외래어
5,폴란드,0,명사,외래어
5,폴로셔츠,0,명사,외래어
5,폴리스,0,명사,외래어
5,폴리에스테르,0,명사,외래어
5,폴싹,0,부사,고유어
5,폴폴,0,부사,고유어
5,퐁퐁,3,부사,고유어
5,표결,1,명사,한자어
5,표결,2,명사,한자어
5,표결하다,1,동사,혼종어
5,표고,1,명사,고유어
5,표구,0,명사,한자어
5,표기법,0,명사,한자어
5,표독스럽다,0,형용사,혼종어
5,표류기,0,명사,한자어
5,표리,0,명사,한자어
5,표리부동하다,0,형용사,혼종어
5,표면적,2,명사,한자어
5,표명,0,명사,한자어
5,표명하다,0,동사,혼종어
5,표방,0,명사,한자어
5,표밭,0,명사,혼종어
5,표백,2,명사,한자어
5,표백하다,1,동사,혼종어
5,표백하다,2,동사,혼종어
5,표상,0,명사,한자어
5,표석,3,명사,한자어
5,표시등,2,명사,한자어
5,표연히,0,부사,혼종어
5,표적물,0,명사,한자어
5,표제,2,명사,한자어
5,표제어,0,명사,한자어
5,표준시,0,명사,한자어
5,표준화,0,명사,한자어
5,표착하다,0,동사,혼종어
5,표창식,0,명사,한자어
5,표출하다,0,동사,혼종어
5,표현법,0,명사,한자어
5,푸근하다,0,형용사,고유어
5,푸근히,0,부사,고유어
5,푸념하다,0,동사,고유어
5,푸다닥,0,부사,고유어
5,푸닥거리,0,명사,고유어
5,푸대접하다,0,동사,혼종어
5,푸덕,0,부사,고유어
5,푸덕거리다,0,동사,고유어
5,푸덕푸덕,0,부사,고유어
5,푸득,0,부사,고유어
5,푸득푸득,0,부사,고유어
5,푸르죽죽하다,0,형용사,고유어
5,푸석푸석,1,부사,고유어
5,푸석푸석하다,2,형용사,고유어
5,푸석하다,2,형용사,고유어
5,푸슬푸슬,2,부사,고유어
5,푸지다,0,형용사,고유어
5,푹하다,0,형용사,고유어
5,푼수,0,명사,고유어
5,푼푼이,0,부사,고유어
5,풀기,1,명사,혼종어
5,풀무치,0,명사,고유어
5,풀물,0,명사,고유어
5,풀빵,0,명사,고유어
5,풀이되다,0,동사,고유어
5,풀쩍,0,부사,고유어
5,품계석,0,명사,한자어
5,품귀,0,명사,한자어
5,품명,1,명사,한자어
5,품사,0,명사,한자어
5,품새,1,명사,고유어
5,품성,2,명사,한자어
5,품세,0,명사,고유어
5,품안,0,명사,한자어
5,품앗이꾼,0,명사,고유어
5,품절,0,명사,한자어
5,품팔이,0,명사,고유어
5,품평회,0,명사,한자어
5,풋감,0,명사,고유어
5,풋고추조림,0,명사,고유어
5,풋김치,0,명사,고유어
5,풋나물,0,명사,고유어
5,풍,4,명사,한자어
5,풍,5,명사,한자어
5,풍경,2,명사,한자어
5,풍기,1,명사,한자어
5,풍란,0,명사,한자어
5,풍로,1,명사,한자어
5,풍류놀이,0,명사,혼종어
5,풍만하다,0,형용사,혼종어
5,풍모,0,명사,한자어
5,풍문,4,명사,한자어
5,풍물꾼,0,명사,혼종어
5,풍물패,0,명사,한자어
5,풍비박산,0,명사,한자어
5,풍상,3,명사,한자어
5,풍속,2,명사,한자어
5,풍속도,0,명사,한자어
5,풍수설,0,명사,한자어
5,풍수지리,0,명사,한자어
5,풍수해,0,명사,한자어
5,풍악,1,명사,한자어
5,풍악산,0,명사,한자어
5,풍어,2,명사,한자어
5,풍어제,0,명사,한자어
5,풍우,0,명사,한자어
5,풍운,1,명사,한자어
5,풍운아,0,명사,한자어
5,풍월,0,명사,한자어
5,풍전등화,0,명사,한자어
5,풍조,2,명사,한자어
5,풍취,0,명사,한자어
5,풍치,1,명사,한자어
5,풍토병,0,명사,한자어
5,풍파,0,명사,한자어
5,풍풍,1,부사,고유어
5,퓰리처상,0,명사,혼종어
5,프라이,0,명사,외래어
5,프라이버시,0,명사,외래어
5,프랑크푸르트,0,명사,외래어
5,프레온,0,명사,외래어
5,프레파라트,0,명사,외래어
5,프렌치프라이,0,명사,외래어
5,프로세서,0,명사,외래어
5,프로세스,0,명사,외래어
5,프로키온,0,명사,외래어
5,프로토콜,0,명사,외래어
5,프로판,0,명사,외래어
5,프리미엄,0,명사,외래어
5,플라나리아,0,명사,외래어
5,플라멩코,0,명사,외래어
5,플래카드,0,명사,외래어
5,플랜더스,0,명사,외래어
5,플랫,0,명사,외래어
5,플러스하다,0,동사,혼종어
5,플롯,0,명사,외래어
5,피,1,명사,고유어
5,피고,0,명사,한자어
5,피고름,0,명사,고유어
5,피골,0,명사,한자어
5,피그말리온,0,명사,외래어
5,피난살이,0,명사,혼종어
5,피날레,0,명사,외래어
5,피돌기,0,명사,고유어
5,피동,0,명사,한자어
5,피동문,0,명사,한자어
5,피동사,0,명사,한자어
5,피동적,0,명사/관형사,한자어
5,피둥피둥,0,부사,고유어
5,피란민,0,명사,한자어
5,피란살이,0,명사,혼종어
5,피란지,0,명사,한자어
5,피력,0,명사,한자어
5,피력하다,0,동사,혼종어
5,피로연,0,명사,한자어
5,피륙,0,명사,고유어
5,피마자기름,0,명사,혼종어
5,피마자유,0,명사,한자어
5,피멍울,0,명사,고유어
5,피바람,0,명사,고유어
5,피복,1,명사,한자어
5,피봉,0,명사,한자어
5,피붙이,0,명사,고유어
5,피비린내,0,명사,고유어
5,피사리,1,명사,고유어
5,피살,0,명사,한자어
5,피살되다,0,동사,혼종어
5,피상적,0,명사/관형사,한자어
5,피서,0,명사,한자어
5,피서객,0,명사,한자어
5,피서하다,0,동사,혼종어
5,피선거권,0,명사,한자어
5,피신,0,명사,한자어
5,피엠,1,명사,외래어
5,피의자,0,명사,한자어
5,피임,2,명사,한자어
5,피임약,0,명사,한자어
5,피장파장,0,명사,고유어
5,피차,0,명사,한자어
5,피차간,0,명사,한자어
5,피차일반,0,명사,한자어
5,피츠버그,0,명사,외래어
5,피튜니아,0,명사,외래어
5,피폐,2,명사,한자어
5,피폐하다,1,동사,혼종어
5,픽셀,0,명사,외래어
5,핀란드,0,명사,외래어
5,핀잔주다,0,동사,고유어
5,핀잔하다,0,동사,고유어
5,필경,1,부사,한자어
5,필기시험,0,명사,한자어
5,필기장,0,명사,한자어
5,필기하다,0,동사,혼종어
5,필담,0,명사,한자어
5,필독,1,명사,한자어
5,필드하키,0,명사,외래어
5,필력,0,명사,한자어
5,필리핀,0,명사,외래어
5,필명,2,명사,한자어
5,필사,1,명사,한자어
5,필사적,0,명사/관형사,한자어
5,필산,2,명사,한자어
5,필생,1,명사,한자어
5,필순,0,명사,한자어
5,필시,0,부사,한자어
5,필연,1,명사/부사,한자어
5,필연성,0,명사,한자어
5,필연적,0,명사/관형사,한자어
5,필요품,0,명사,한자어
5,필자,0,명사,한자어
5,필적,2,명사,한자어
5,필적하다,0,동사,혼종어
5,필치,0,명사,한자어
5,필히,0,부사,혼종어
5,핏기,0,명사,혼종어
5,핏대,1,명사,고유어
5,핏덩이,0,명사,고유어
5,핏방울,0,명사,고유어
5,핏속,0,명사,고유어
5,핑그르르,0,부사,고유어
5,하,2,부사,고유어
5,하강,0,명사,한자어
5,하고많다,0,형용사,고유어
5,하관,4,명사,한자어
5,하구언,0,명사,한자어
5,하굿둑,0,명사,혼종어
5,하기휴가,0,명사,한자어
5,하늘가,0,명사,고유어
5,하늘거리다,0,동사,고유어
5,하늘하늘하다,0,동사/형용사,고유어
5,하달,0,명사,한자어
5,하드웨어,0,명사,외래어
5,하등,1,명사,한자어
5,하례,2,명사,한자어
5,하루치,0,명사,고유어
5,하루해,0,명사,고유어
5,하룻길,0,명사,고유어
5,하명,1,명사,한자어
5,하모니,0,명사,외래어
5,하반신,0,명사,한자어
5,하복,3,명사,한자어
5,하사,1,명사,한자어
5,하사,4,명사,한자어
5,하사관,0,명사,한자어
5,하선하다,0,동사,혼종어
5,하수,1,명사,한자어
5,하수도관,0,명사,한자어
5,하수량,0,명사,한자어
5,하숙인,0,명사,한자어
5,하숙촌,0,명사,한자어
5,하숙하다,0,동사,혼종어
5,하순,1,명사,한자어
5,하야,1,명사,한자어
5,하얀빛,0,명사,고유어
5,하얘지다,0,동사,고유어
5,하얼빈,0,명사,외래어
5,하역,2,명사,한자어
5,하염없다,0,형용사,고유어
5,하오,3,명사,한자어
5,하옥되다,0,동사,혼종어
5,하와이,0,명사,외래어
5,하위,2,명사,한자어
5,하이힐,0,명사,외래어
5,하절기,0,명사,한자어
5,하지,6,명사,한자어
5,하직,1,명사,한자어
5,하직하다,0,동사,혼종어
5,하차,0,명사,한자어
5,하차장,0,명사,한자어
5,하층,0,명사,한자어
5,하치장,0,명사,한자어
5,하편,0,명사,한자어
5,하해,1,명사,한자어
5,하회,1,명사,한자어
5,하회탈,0,명사,혼종어
5,학계,2,명사,한자어
5,학구,1,명사,한자어
5,학구적,0,명사/관형사,한자어
5,학군,0,명사,한자어
5,학군단,0,명사,한자어
5,학대하다,0,동사,혼종어
5,학덕,0,명사,한자어
5,학도,1,명사,한자어
5,학령기,0,명사,한자어
5,학리,2,명사,한자어
5,학문적,0,명사/관형사,한자어
5,학번,0,명사,한자어
5,학보,1,명사,한자어
5,학보사,0,명사,한자어
5,학부,3,명사,한자어
5,학부장,0,명사,한자어
5,학사,2,명사,한자어
5,학생감,0,명사,한자어
5,학생부,2,명사,한자어
5,학선,0,명사,한자어
5,학술,0,명사,한자어
5,학술원,0,명사,한자어
5,학술적,0,명사/관형사,한자어
5,학습서,0,명사,한자어
5,학습용,0,명사,한자어
5,학우회,0,명사,한자어
5,학원비,0,명사,한자어
5,학자금,0,명사,한자어
5,학장,2,명사,한자어
5,학적,3,명사,한자어
5,학적부,0,명사,한자어
5,학점,0,명사,한자어
5,학정,1,명사,한자어
5,학질,0,명사,한자어
5,학창,1,명사,한자어
5,학춤,0,명사,혼종어
5,학칙,0,명사,한자어
5,학파,0,명사,한자어
5,학풍,0,명사,한자어
5,학회,0,명사,한자어
5,한,11,명사,한자어
5,한가을,0,명사,고유어
5,한가히,0,부사,혼종어
5,한갓지다,0,형용사,고유어
5,한겨레,0,명사,고유어
5,한고비,0,명사,고유어
5,한글문화,0,명사,혼종어
5,한끝,0,명사,고유어
5,한나라,2,명사,혼종어
5,한날,0,명사,고유어
5,한달음,0,명사,고유어
5,한더위,0,명사,고유어
5,한데,2,명사,고유어
5,한들거리다,0,동사,고유어
5,한량,1,명사,한자어
5,한량,3,명사,한자어
5,한량없다,0,형용사,혼종어
5,한량없이,0,부사,혼종어
5,한로,2,명사,한자어
5,한목,0,명사,고유어
5,한문학,0,명사,한자어
5,한물,1,명사,고유어
5,한물가다,0,동사,고유어
5,한미,2,명사,한자어
5,한밑천,0,명사,고유어
5,한바탕하다,0,동사,고유어
5,한방,1,명사,혼종어
5,한방의,0,명사,한자어
5,한사람,0,명사,고유어
5,한산도,0,명사,한자어
5,한삼,3,명사,한자어
5,한성부,0,명사,한자어
5,한세상,0,명사,혼종어
5,한센병,0,명사,혼종어
5,한숨짓다,0,동사,고유어
5,한시름,0,명사,고유어
5,한식,3,명사,한자어
5,한심스럽다,0,형용사,혼종어
5,한심스레,0,부사,혼종어
5,한양,3,명사,한자어
5,한옆,0,명사,고유어
5,한울,0,명사,고유어
5,한자음,0,명사,한자어
5,한잠,1,명사,고유어
5,한재,1,명사,한자어
5,한줄기,0,명사,고유어
5,한줌,0,명사,고유어
5,한중,4,명사,한자어
5,한집안,0,명사,고유어
5,한차례,0,명사,혼종어
5,한창나이,0,명사,고유어
5,한철,0,명사,고유어
5,한탄,0,명사,한자어
5,한턱내다,0,동사,고유어
5,한통속,0,명사,고유어
5,한풀,0,부사,고유어
5,한하다,1,동사,혼종어
5,한학,2,명사,한자어
5,한학자,0,명사,한자어
5,한해,1,명사,한자어
5,한해,2,명사,한자어
5,한해살이풀,0,명사,고유어
5,할당,0,명사,한자어
5,할당하다,0,동사,혼종어
5,할딱이다,0,동사,고유어
5,할딱할딱,0,부사,고유어
5,할렐루야,0,명사,외래어
5,할미새,0,명사,고유어
5,할바마마,0,명사,혼종어
5,할부,0,명사,한자어
5,할부금,0,명사,한자어
5,할증,0,명사,한자어
5,할증료,0,명사,한자어
5,함경선,0,명사,한자어
5,함구,2,명사,한자어
5,함남,0,명사,한자어
5,함몰되다,0,동사,혼종어
5,함북,0,명사,한자어
5,함석,0,명사,고유어
5,함유,1,명사,한자어
5,함유하다,1,동사,혼종어
5,함자,0,명사,한자어
5,함정,2,명사,한자어
5,함지,1,명사,고유어
5,함지박,0,명사,고유어
5,함초롬히,0,부사,고유어
5,함흥차사,0,명사,한자어
5,합기도,0,명사,한자어
5,합동결혼식,0,명사,한자어
5,합리,1,명사,한자어
5,합리적,0,명사/관형사,한자어
5,합리주의,0,명사,한자어
5,합리화,0,명사,한자어
5,합방,0,명사,한자어
5,합법,0,명사,한자어
5,합병하다,2,동사,혼종어
5,합석,0,명사,한자어
5,합선,1,명사,한자어
5,합선되다,0,동사,혼종어
5,합성어,2,명사,한자어
5,합세,0,명사,한자어
5,합숙,0,명사,한자어
5,합승,0,명사,한자어
5,합승하다,0,동사,혼종어
5,합의,2,명사,한자어
5,합의하다,2,동사,혼종어
5,합장하다,1,동사,혼종어
5,합주곡,0,명사,한자어
5,합주단,0,명사,한자어
5,합죽선,0,명사,한자어
5,합중국,0,명사,한자어
5,합집합,0,명사,한자어
5,합헌,0,명사,한자어
5,핫뉴스,0,명사,외래어
5,핫옷,0,명사,고유어
5,핫저고리,0,명사,고유어
5,핫케이크,0,명사,외래어
5,항간,2,명사,한자어
5,항거,0,명사,한자어
5,항고,0,명사,한자어
5,항공관제,0,명사,한자어
5,항공권,0,명사,한자어
5,항공사,2,명사,한자어
5,항구적,0,명사/관형사,한자어
5,항도,2,명사,한자어
5,항라,0,명사,한자어
5,항렬,0,명사,한자어
5,항렬자,0,명사,한자어
5,항만,0,명사,한자어
5,항법,0,명사,한자어
5,항소,0,명사,한자어
5,항시,1,명사/부사,한자어
5,항암제,0,명사,한자어
5,항우장사,0,명사,한자어
5,항일군,0,명사,한자어
5,항전,1,명사,한자어
5,항전하다,1,동사,혼종어
5,항진,3,명사,한자어
5,항체,0,명사,한자어
5,항해사,0,명사,한자어
5,항해선,0,명사,한자어
5,해가림,0,명사,고유어
5,해감,0,명사,혼종어
5,해거름,0,명사,고유어
5,해고하다,0,동사,혼종어
5,해괴망측하다,0,형용사,혼종어
5,해괴하다,0,형용사,혼종어
5,해남,0,명사,한자어
5,해당화,0,명사,한자어
5,해독기,0,명사,한자어
5,해독성,0,명사,한자어
5,해독제,0,명사,한자어
5,해동,5,명사,한자어
5,해동성국,0,명사,한자어
5,해동통보,0,명사,한자어
5,해동하다,0,동사,혼종어
5,해례본,0,명사,한자어
5,해로,2,명사,한자어
5,해롱거리다,0,동사,고유어
5,해롱해롱,0,부사,고유어
5,해류,2,명사,한자어
5,해리,1,의존 명사,한자어
5,해맞이,0,명사,고유어
5,해머,0,명사,외래어
5,해면,1,명사,한자어
5,해명하다,0,동사,혼종어
5,해모수,0,명사,한자어
5,해몽,1,명사,한자어
5,해몽하다,1,동사,혼종어
5,해묵다,0,동사,고유어
5,해박하다,2,형용사,혼종어
5,해변가,0,명사,혼종어
5,해병,2,명사,한자어
5,해부도,2,명사,한자어
5,해사하다,1,형용사,고유어
5,해산,3,명사,한자어
5,해산하다,1,동사,혼종어
5,해상권,0,명사,한자어
5,해석하다,1,동사,혼종어
5,해설문,0,명사,한자어
5,해수욕객,0,명사,한자어
5,해쓱하다,0,형용사,고유어
5,해악,1,명사,한자어
5,해약,1,명사,한자어
5,해약하다,0,동사,혼종어
5,해양법,0,명사,한자어
5,해역,2,명사,한자어
5,해열제,0,명사,한자어
5,해오라기,0,명사,고유어
5,해운,3,명사,한자어
5,해운대,0,명사,한자어
5,해운업,0,명사,한자어
5,해이,1,명사,한자어
5,해이하다,1,형용사,혼종어
5,해적단,0,명사,한자어
5,해조,4,명사,한자어
5,해죽,1,부사,고유어
5,해죽이,0,부사,고유어
5,해죽해죽,1,부사,고유어
5,해중,1,명사,한자어
5,해직,0,명사,한자어
5,해침,0,명사,한자어
5,해캄,1,명사,고유어
5,해코지,0,명사,혼종어
5,해탈,0,명사,한자어
5,해태,4,명사,한자어
5,해파리냉채,0,명사,혼종어
5,해하다,1,동사,고유어
5,해학,4,명사,한자어
5,핵가족화,0,명사,한자어
5,핵전쟁,0,명사,한자어
5,핵폭발,0,명사,한자어
5,핸드크림,0,명사,외래어
5,핸디캡,0,명사,외래어
5,햄버그스테이크,0,명사,외래어
5,햅쌀밥,0,명사,고유어
5,햇고구마,0,명사,고유어
5,햇곡,0,명사,혼종어
5,햇김,0,명사,고유어
5,햇나물,0,명사,고유어
5,햇무리,0,명사,고유어
5,햇병아리,0,명사,고유어
5,햇보리,0,명사,고유어
5,햇사과,0,명사,혼종어
5,햇솜,0,명사,고유어
5,햇수,0,명사,혼종어
5,행간,2,명사,한자어
5,행군하다,0,동사,혼종어
5,행궁,0,명사,한자어
5,행글라이더,0,명사,외래어
5,행동반경,0,명사,한자어
5,행랑,0,명사,한자어
5,행랑채,0,명사,혼종어
5,행로,0,명사,한자어
5,행방불명되다,0,동사,혼종어
5,행보,0,명사,한자어
5,행복감,0,명사,한자어
5,행복스럽다,0,형용사,혼종어
5,행사되다,0,동사,혼종어
5,행사적,0,명사/관형사,한자어
5,행상,3,명사,한자어
5,행선,1,명사,한자어
5,행선하다,1,동사,혼종어
5,행세,2,명사,한자어
5,행세하다,1,동사,혼종어
5,행세하다,2,동사,혼종어
5,행운아,0,명사,한자어
5,행운유수,0,명사,한자어
5,행장,4,명사,한자어
5,행정가,0,명사,한자어
5,행정법,0,명사,한자어
5,행정병,0,명사,한자어
5,행정직,0,명사,한자어
5,행정학,0,명사,한자어
5,행주산성,0,명사,한자어
5,행진,1,명사,한자어
5,향가,0,명사,한자어
5,향교,2,명사,한자어
5,향내,0,명사,혼종어
5,향년,0,명사,한자어
5,향락하다,0,동사,혼종어
5,향상하다,0,동사,혼종어
5,향수,5,명사,한자어
5,향수병,1,명사,한자어
5,향수병,2,명사,한자어
5,향악,2,명사,한자어
5,향약,1,명사,한자어
5,향연,2,명사,한자어
5,향유,1,명사,한자어
5,향초,1,명사,혼종어
5,향취,0,명사,한자어
5,향토방위,0,명사,한자어
5,향토색,0,명사,한자어
5,향토애,0,명사,한자어
5,향토적,0,명사/관형사,한자어
5,향토지,0,명사,한자어
5,향피리,0,명사,혼종어
5,향화,3,명사,한자어
5,허,5,명사,한자어
5,허가장,0,명사,한자어
5,허겁지겁하다,0,동사,고유어
5,허공중,0,명사,한자어
5,허구적,0,명사/관형사,한자어
5,허구하다,1,형용사,혼종어
5,허깨비,0,명사,고유어
5,허다하다,0,형용사,혼종어
5,허둥대다,0,동사,고유어
5,허드렛물,0,명사,고유어
5,허례허식,0,명사,한자어
5,허리뼈,0,명사,고유어
5,허무맹랑하다,0,형용사,혼종어
5,허물벗기,0,명사,고유어
5,허물어뜨리다,0,동사,고유어
5,허물없다,0,형용사,고유어
5,허물하다,0,동사,고유어
5,허브,1,명사,외래어
5,허비,2,명사,한자어
5,허비다,0,동사,고유어
5,허비되다,0,동사,혼종어
5,허상,3,명사,한자어
5,허생전,0,명사,한자어
5,허송세월,0,명사,한자어
5,허수,4,명사,한자어
5,허식,2,명사,한자어
5,허심탄회하다,0,형용사,혼종어
5,허약,2,명사,한자어
5,허여되다,0,동사,혼종어
5,허여멀겋다,0,형용사,고유어
5,허영,3,명사,한자어
5,허욕,0,명사,한자어
5,허용량,0,명사,한자어
5,허우적허우적,0,부사,고유어
5,허울,0,명사,고유어
5,허위허위,0,부사,고유어
5,허장성세하다,0,동사,혼종어
5,허점,0,명사,한자어
5,허접쓰레기,0,명사,고유어
5,허접하다,1,형용사,고유어
5,허탈감,0,명사,한자어
5,허탕,1,명사,고유어
5,허투루,0,부사,고유어
5,허튼,0,관형사,고유어
5,허풍쟁이,0,명사,혼종어
5,허하다,1,동사,혼종어
5,허황하다,0,형용사,혼종어
5,헌것,0,명사,고유어
5,헌금,0,명사,한자어
5,헌데,0,명사,고유어
5,헌장,0,명사,한자어
5,헌칠하다,0,형용사,고유어
5,헌화하다,0,동사,혼종어
5,헐렁헐렁하다,0,동사/형용사,고유어
5,헐레벌떡거리다,0,동사,고유어
5,헐하다,0,형용사,혼종어
5,험,1,명사,고유어
5,헛것,0,명사,고유어
5,헛고생,0,명사,혼종어
5,헛공부,0,명사,혼종어
5,헛공부하다,0,동사,혼종어
5,헛구역질,0,명사,혼종어
5,헛기침하다,0,동사,고유어
5,헛나가다,0,동사,고유어
5,헛다리,0,명사,고유어
5,헛돌다,0,동사,고유어
5,헛듣다,0,동사,고유어
5,헛물,0,명사,고유어
5,헛발질하다,0,동사,고유어
5,헛배,0,명사,고유어
5,헛살다,0,동사,고유어
5,헛소동,0,명사,혼종어
5,헛손질,0,명사,고유어
5,헛헛하다,1,형용사,고유어
5,헝가리,0,명사,외래어
5,헝겊신,0,명사,고유어
5,헝클다,0,동사,고유어
5,헤드,0,명사,외래어
5,헤드라이트,0,명사,외래어
5,헤드램프,0,명사,외래어
5,헤딩,0,명사,외래어
5,헤르쿨레스,0,명사,외래어
5,헤먹다,0,형용사,고유어
5,헤벌어지다,0,동사/형용사,고유어
5,헤벌쭉,0,부사,고유어
5,헤어드라이어,0,명사,외래어
5,헤어밴드,0,명사,외래어
5,헤어스프레이,0,명사,외래어
5,헤어크림,0,명사,외래어
5,헤이그,0,명사,외래어
5,헤프다,0,형용사,고유어
5,헹가래,0,명사,고유어
5,혁대,2,명사,한자어
5,혁혁하다,2,형용사,혼종어
5,현,2,명사,한자어
5,현,5,명사,한자어
5,현,8,명사,한자어
5,현감,0,명사,한자어
5,현격하다,0,형용사,혼종어
5,현기,2,명사,한자어
5,현대문,0,명사,한자어
5,현모,1,명사,한자어
5,현모양처,0,명사,한자어
5,현무,1,명사,한자어
5,현상,3,명사,한자어
5,현상,6,명사,한자어
5,현상,9,명사,한자어
5,현상금,0,명사,한자어
5,현상하다,1,동사,혼종어
5,현세,1,명사,한자어
5,현숙하다,0,형용사,혼종어
5,현실성,0,명사,한자어
5,현역,0,명사,한자어
5,현역병,0,명사,한자어
5,현인,1,명사,한자어
5,현재형,0,명사,한자어
5,현저하다,2,형용사,혼종어
5,현존,0,명사,한자어
5,현존하다,0,동사,혼종어
5,현주소,0,명사,한자어
5,현직,1,명사,한자어
5,현찰,1,명사,한자어
5,현충문,0,명사,한자어
5,현충사,0,명사,한자어
5,현충탑,0,명사,한자어
5,현판,2,명사,한자어
5,현행,1,명사,한자어
5,현행범,0,명사,한자어
5,현혹되다,0,동사,혼종어
5,현혹하다,0,동사,혼종어
5,혈색,0,명사,한자어
5,혈서,0,명사,한자어
5,혈세,2,명사,한자어
5,혈속,0,명사,한자어
5,혈안,0,명사,한자어
5,혈압계,0,명사,한자어
5,혈액원,0,명사,한자어
5,혈전,2,명사,한자어
5,혈중,0,명사,한자어
5,혈청,0,명사,한자어
5,혈통,0,명사,한자어
5,혈투,0,명사,한자어
5,혐오감,0,명사,한자어
5,혐오스럽다,0,형용사,혼종어
5,혐의자,0,명사,한자어
5,협공,0,명사,한자어
5,협동조합,0,명사,한자어
5,협소하다,0,형용사,혼종어
5,협심증,0,명사,한자어
5,협심하다,0,동사,혼종어
5,협약하다,1,동사,혼종어
5,협업,0,명사,한자어
5,협연,0,명사,한자어
5,협의,3,명사,한자어
5,협조적,0,명사/관형사,한자어
5,협찬,0,명사,한자어
5,혓바늘,0,명사,고유어
5,형,2,명사,한자어
5,형구,1,명사,한자어
5,형국,2,명사,한자어
5,형기,1,명사,한자어
5,형량,0,명사,한자어
5,형상화,0,명사,한자어
5,형설,0,명사,한자어
5,형설지공,0,명사,한자어
5,형세,0,명사,한자어
5,형언하다,0,동사,혼종어
5,형용,0,명사,한자어
5,형용하다,0,동사,혼종어
5,형장,3,명사,한자어
5,형태론,0,명사,한자어
5,형태소,0,명사,한자어
5,형평,0,명사,한자어
5,혜안,0,명사,한자어
5,호,5,명사,한자어
5,호가하다,1,동사,혼종어
5,호각,3,명사,한자어
5,호강하다,1,동사,고유어
5,호걸,0,명사,한자어
5,호경기,0,명사,한자어
5,호구,2,명사,한자어
5,호구,4,명사,한자어
5,호구지책,0,명사,한자어
5,호국,2,명사,한자어
5,호국단,0,명사,한자어
5,호기,4,명사,한자어
5,호기,13,명사,한자어
5,호남,2,명사,한자어
5,호남평야,0,명사,한자어
5,호다,0,동사,고유어
5,호두나무,0,명사,고유어
5,호두죽,0,명사,혼종어
5,호드기,0,명사,고유어
5,호들갑스레,0,부사,고유어
5,호락호락,0,부사,고유어
5,호랑,0,명사,한자어
5,호랑이띠,0,명사,혼종어
5,호령하다,0,동사,혼종어
5,호롱,0,명사,고유어
5,호리병,0,명사,혼종어
5,호리호리하다,0,형용사,고유어
5,호모,4,명사,외래어
5,호미질,0,명사,고유어
5,호미질하다,0,동사,고유어
5,호박,5,명사,한자어
5,호박범벅,0,명사,고유어
5,호박순,0,명사,혼종어
5,호박씨,0,명사,고유어
5,호별,0,명사,한자어
5,호사,6,명사,한자어
5,호사가,0,명사,한자어
5,호사다마,0,명사,한자어
5,호사하다,2,동사,혼종어
5,호상,1,명사,한자어
5,호서,2,명사,한자어
5,호소,4,명사,한자어
5,호송,2,명사,한자어
5,호수,9,명사,한자어
5,호시절,0,명사,한자어
5,호신술,0,명사,한자어
5,호언장담,0,명사,한자어
5,호언장담하다,0,동사,혼종어
5,호연지기,0,명사,한자어
5,호우,5,명사,한자어
5,호위대,2,명사,한자어
5,호위병,0,명사,한자어
5,호위하다,2,동사,혼종어
5,호응도,0,명사,한자어
5,호의,2,명사,한자어
5,호의적,0,명사/관형사,한자어
5,호의호식하다,0,동사,혼종어
5,호인,1,명사,한자어
5,호적수,1,명사,한자어
5,호전,5,명사,한자어
5,호전적,0,명사/관형사,한자어
5,호젓이,0,부사,고유어
5,호젓하다,0,형용사,고유어
5,호조,3,명사,한자어
5,호족,0,명사,한자어
5,호출기,0,명사,한자어
5,호콩,0,명사,혼종어
5,호패,2,명사,한자어
5,호평,0,명사,한자어
5,호표,0,명사,한자어
5,호호탕탕하다,0,형용사,혼종어
5,호화판,1,명사,혼종어
5,호황,0,명사,한자어
5,혹독히,0,부사,혼종어
5,혹사하다,2,동사,혼종어
5,혹심하다,0,형용사,혼종어
5,혹여나,0,부사,혼종어
5,혹하다,0,동사,혼종어
5,혹한,0,명사,한자어
5,혼곤히,0,부사,혼종어
5,혼담,1,명사,한자어
5,혼란기,0,명사,한자어
5,혼백,2,명사,한자어
5,혼비백산하다,0,동사,혼종어
5,혼삿길,0,명사,혼종어
5,혼삿말,0,명사,혼종어
5,혼선,2,명사,한자어
5,혼성,1,명사,한자어
5,혼성,2,명사,한자어
5,혼성팀,0,명사,혼종어
5,혼수,2,명사,한자어
5,혼수상태,0,명사,한자어
5,혼식,1,명사,한자어
5,혼신,2,명사,한자어
5,혼연,2,명사,한자어
5,혼연일체,0,명사,한자어
5,혼영,0,명사,한자어
5,혼인색,0,명사,한자어
5,혼인식,0,명사,한자어
5,혼쭐내다,0,동사,혼종어
5,혼찌검,0,명사,혼종어
5,혼천의,0,명사,한자어
5,혼탁,0,명사,한자어
5,혼탁하다,0,형용사,혼종어
5,혼혈아,0,명사,한자어
5,홀랑홀랑,0,부사,고유어
5,홀몸,0,명사,고유어
5,홀시아버지,0,명사,혼종어
5,홀연,0,부사,한자어
5,홀짝,1,명사,고유어
5,홀짝거리다,0,동사,고유어
5,홀쭉이,0,명사,고유어
5,홀치다,1,동사,고유어
5,홀홀,1,부사,고유어
5,홈드레스,0,명사,외래어
5,홈질,0,명사,고유어
5,홈질하다,0,동사,고유어
5,홈통,0,명사,혼종어
5,홉,1,의존 명사,고유어
5,홍건적,0,명사,한자어
5,홍도,4,명사,한자어
5,홍두깨,0,명사,고유어
5,홍보석,0,명사,한자어
5,홍삼,2,명사,한자어
5,홍실,0,명사,혼종어
5,홍일점,0,명사,한자어
5,홍조,1,명사,한자어
5,홍콩,0,명사,외래어
5,홍합탕,0,명사,한자어
5,홑껍데기,0,명사,고유어
5,홑몸,0,명사,고유어
5,홑옷,0,명사,고유어
5,홑청,0,명사,고유어
5,화각,5,명사,한자어
5,화공,1,명사,한자어
5,화공,5,명사,한자어
5,화구,1,명사,한자어
5,화구,5,명사,한자어
5,화근,0,명사,한자어
5,화급,0,명사,한자어
5,화급하다,0,형용사,혼종어
5,화기,2,명사,한자어
5,화농,0,명사,한자어
5,화답하다,0,동사,혼종어
5,화랑,3,명사,한자어
5,화랑도,1,명사,한자어
5,화랑도,2,명사,한자어
5,화로구이,0,명사,혼종어
5,화방,3,명사,한자어
5,화백,1,명사,한자어
5,화백,3,명사,한자어
5,화법,4,명사,한자어
5,화산암,0,명사,한자어
5,화산회,0,명사,한자어
5,화살나무,0,명사,고유어
5,화상,8,명사,한자어
5,화색,2,명사,한자어
5,화생방전,0,명사,한자어
5,화성,10,명사,한자어
5,화술,3,명사,한자어
5,화승,1,명사,한자어
5,화승총,0,명사,한자어
5,화실,4,명사,한자어
5,화약고,0,명사,한자어
5,화염,2,명사,한자어
5,화용론,0,명사,한자어
5,화자,6,명사,한자어
5,화장,5,명사,한자어
5,화장독,0,명사,한자어
5,화장비누,0,명사,혼종어
5,화장수,0,명사,한자어
5,화장터,0,명사,혼종어
5,화장하다,2,동사,혼종어
5,화재경보기,0,명사,한자어
5,화전,9,명사,한자어
5,화전놀이,0,명사,혼종어
5,화전민,0,명사,한자어
5,화제성,0,명사,한자어
5,화조,4,명사,한자어
5,화주,5,명사,한자어
5,화주승,0,명사,한자어
5,화증,0,명사,한자어
5,화차,2,명사,한자어
5,화친하다,0,동사,혼종어
5,화투,0,명사,한자어
5,화풍,3,명사,한자어
5,화하다,1,형용사,고유어
5,화학조미료,0,명사,한자어
5,화합,1,명사,한자어
5,화혼,0,명사,한자어
5,화환,1,명사,한자어
5,화훼,0,명사,한자어
5,확고부동하다,0,형용사,혼종어
5,확답,0,명사,한자어
5,확대경,0,명사,한자어
5,확언하다,0,동사,혼종어
5,확장자,0,명사,한자어
5,확증,0,명사,한자어
5,확증하다,0,동사,혼종어
5,환,4,명사,한자어
5,환갑잔치하다,0,동사,혼종어
5,환국,2,명사,한자어
5,환기구,0,명사,한자어
5,환난,0,명사,한자어
5,환담,2,명사,한자어
5,환담하다,0,동사,혼종어
5,환대,2,명사,한자어
5,환도,4,명사,한자어
5,환등기,0,명사,한자어
5,환멸,1,명사,한자어
5,환산,2,명사,한자어
5,환산표,0,명사,한자어
5,환상곡,0,명사,한자어
5,환생,2,명사,한자어
5,환성,5,명사,한자어
5,환송,2,명사,한자어
5,환송하다,1,동사,혼종어
5,환송하다,2,동사,혼종어
5,환승,0,명사,한자어
5,환영회,0,명사,한자어
5,환원,0,명사,한자어
5,환전,1,명사,한자어
5,환후,2,명사,한자어
5,활동사진,0,명사,한자어
5,활로,0,명사,한자어
5,활보,0,명사,한자어
5,활석,1,명사,한자어
5,활옷,0,명사,고유어
5,활용형,0,명사,한자어
5,활자본,0,명사,한자어
5,활주하다,1,동사,혼종어
5,활터,0,명사,고유어
5,활판,2,명사,한자어
5,활화산,0,명사,한자어
5,황,4,명사,한자어
5,황공하다,1,형용사,혼종어
5,황금만능,0,명사,한자어
5,황금만능주의,0,명사,한자어
5,황금물결,0,명사,혼종어
5,황금연휴,0,명사,한자어
5,황급하다,2,형용사,혼종어
5,황기,4,명사,한자어
5,황당무계하다,0,형용사,혼종어
5,황도,5,명사,한자어
5,황량하다,0,형용사,혼종어
5,황록색,0,명사,한자어
5,황룡사,0,명사,한자어
5,황막하다,0,형용사,혼종어
5,황산,2,명사,한자어
5,황산화물,0,명사,한자어
5,황소바람,0,명사,고유어
5,황소자리,0,명사,고유어
5,황야,1,명사,한자어
5,황인종,0,명사,한자어
5,황제펭귄,0,명사,혼종어
5,황천,3,명사,한자어
5,황태,2,명사,한자어
5,황태자,0,명사,한자어
5,황토벽,0,명사,한자어
5,황토층,0,명사,한자어
5,황폐,2,명사,한자어
5,황폐되다,0,동사,혼종어
5,황폐지,0,명사,한자어
5,황해,3,명사,한자어
5,황해도,0,명사,한자어
5,황혼,0,명사,한자어
5,황혼기,0,명사,한자어
5,홱,0,부사,고유어
5,횃대,0,명사,고유어
5,회,8,명사,한자어
5,회갈색,0,명사,한자어
5,회개,0,명사,한자어
5,회개하다,0,동사,혼종어
5,회계,3,명사,한자어
5,회계사,1,명사,한자어
5,회고,2,명사,한자어
5,회고록,0,명사,한자어
5,회고하다,2,동사,혼종어
5,회교,2,명사,한자어
5,회교도,0,명사,한자어
5,회귀,0,명사,한자어
5,회기,3,명사,한자어
5,회나무,0,명사,고유어
5,회답,0,명사,한자어
5,회답서,0,명사,한자어
5,회답하다,0,동사,혼종어
5,회당,1,명사,한자어
5,회동,0,명사,한자어
5,회동하다,0,동사,혼종어
5,회랑,0,명사,한자어
5,회문,0,명사,한자어
5,회백색,0,명사,한자어
5,회보,3,명사,한자어
5,회복기,0,명사,한자어
5,회생,1,명사,한자어
5,회선,3,명사,한자어
5,회수권,0,명사,한자어
5,회신,4,명사,한자어
5,회신하다,4,동사,혼종어
5,회심,4,명사,한자어
5,회양목,0,명사,혼종어
5,회의,4,명사,한자어
5,회의감,0,명사,한자어
5,회의자,0,명사,한자어
5,회의적,0,명사/관형사,한자어
5,회의하다,3,동사,혼종어
5,회장,7,명사,한자어
5,회장저고리,0,명사,혼종어
5,회전의자,0,명사,한자어
5,회전체,0,명사,한자어
5,회전축,0,명사,한자어
5,회전판,1,명사,한자어
5,회중시계,0,명사,한자어
5,회진,3,명사,한자어
5,회충약,0,명사,한자어
5,회칙,2,명사,한자어
5,회칠,0,명사,한자어
5,회포,2,명사,한자어
5,회한,2,명사,한자어
5,회합,2,명사,한자어
5,회화나무,0,명사,고유어
5,획수,0,명사,한자어
5,획일적,0,명사/관형사,한자어
5,획책,0,명사,한자어
5,획획,0,부사,고유어
5,횟가루,0,명사,혼종어
5,횡격막,0,명사,한자어
5,횡대,2,명사,한자어
5,횡렬,1,명사,한자어
5,횡령,0,명사,한자어
5,횡사,1,명사,한자어
5,횡영,0,명사,한자어
5,횡재수,0,명사,한자어
5,효부,0,명사,한자어
5,효소,0,명사,한자어
5,효시,3,명사,한자어
5,효용,1,명사,한자어
5,효자비,0,명사,한자어
5,효친,0,명사,한자어
5,후금,1,명사,한자어
5,후년,0,명사,한자어
5,후대하다,0,동사,혼종어
5,후덕하다,0,형용사,혼종어
5,후두,2,명사,한자어
5,후략,0,명사,한자어
5,후레자식,0,명사,혼종어
5,후려갈기다,0,동사,고유어
5,후루루,0,부사,고유어
5,후리후리하다,1,형용사,고유어
5,후면,2,명사,한자어
5,후미,3,명사,한자어
5,후발대,0,명사,한자어
5,후백제,0,명사,한자어
5,후불탱화,0,명사,한자어
5,후비적거리다,0,동사,고유어
5,후사하다,2,동사,혼종어
5,후삼국,0,명사,한자어
5,후생,1,명사,한자어
5,후속,2,명사,한자어
5,후송,0,명사,한자어
5,후원,1,명사,한자어
5,후원회,0,명사,한자어
5,후유,1,감탄사,고유어
5,후의,1,명사,한자어
5,후인,0,명사,한자어
5,후임,0,명사,한자어
5,후창,2,명사,한자어
5,후처,0,명사,한자어
5,후천성,0,명사,한자어
5,후편,2,명사,한자어
5,후프,0,명사,외래어
5,후항,0,명사,한자어
5,후환,0,명사,한자어
5,훅훅,0,부사,고유어
5,훈,1,명사,한자어
5,훈계조,0,명사,한자어
5,훈계하다,0,동사,혼종어
5,훈기,2,명사,한자어
5,훈련도감,0,명사,한자어
5,훈련병,0,명사,한자어
5,훈련복,0,명사,한자어
5,훈련생,0,명사,한자어
5,훈령,0,명사,한자어
5,훈몽자회,0,명사,한자어
5,훈방,0,명사,한자어
5,훈수꾼,0,명사,혼종어
5,훈시,0,명사,한자어
5,훈시하다,0,동사,혼종어
5,훈장질,0,명사,혼종어
5,훈제,1,명사,한자어
5,훈제품,0,명사,한자어
5,훌륭히,0,부사,고유어
5,훗일,0,명사,혼종어
5,휑뎅그렁하다,0,형용사,고유어
5,휘갈기다,0,동사,고유어
5,휘갑치기,0,명사,고유어
5,휘덮다,0,동사,고유어
5,휘둥그렇다,0,형용사,고유어
5,휘말다,1,동사,고유어
5,휘묻이,0,명사,고유어
5,휘발,0,명사,한자어
5,휘발하다,0,동사,혼종어
5,휘슬,0,명사,외래어
5,휘영청,0,부사,고유어
5,휘장,1,명사,한자어
5,휘적휘적,0,부사,고유어
5,휘청,0,부사,고유어
5,휘하,0,명사,한자어
5,휘황하다,0,형용사,혼종어
5,휘황히,0,부사,혼종어
5,휴가일,0,명사,한자어
5,휴가제,0,명사,한자어
5,휴간되다,0,동사,혼종어
5,휴강,0,명사,한자어
5,휴강하다,0,동사,혼종어
5,휴경지,0,명사,한자어
5,휴대물,0,명사,한자어
5,휴대품,0,명사,한자어
5,휴머니스트,0,명사,외래어
5,휴머니즘,0,명사,외래어
5,휴양처,0,명사,한자어
5,휴정,0,명사,한자어
5,휴진,0,명사,한자어
5,휴화산,0,명사,한자어
5,흉가,0,명사,한자어
5,흉계,1,명사,한자어
5,흉기,2,명사,한자어
5,흉내쟁이,0,명사,고유어
5,흉몽,0,명사,한자어
5,흉배,0,명사,한자어
5,흉부,2,명사,한자어
5,흉부외과,0,명사,한자어
5,흉상,3,명사,한자어
5,흉악,0,명사,한자어
5,흉악무도하다,0,형용사,혼종어
5,흉악범,0,명사,한자어
5,흉악성,0,명사,한자어
5,흉조,1,명사,한자어
5,흉탄,0,명사,한자어
5,흐리멍덩하다,0,형용사,고유어
5,흑막,0,명사,한자어
5,흑사병,0,명사,한자어
5,흑색선전,0,명사,한자어
5,흑심,0,명사,한자어
5,흑임자죽,0,명사,한자어
5,흑점,0,명사,한자어
5,흑진주,0,명사,한자어
5,흑토,0,명사,한자어
5,흑판,0,명사,한자어
5,흔연히,0,부사,혼종어
5,흘금흘금,0,부사,고유어
5,흘긋흘긋,0,부사,고유어
5,흘낏,0,부사,고유어
5,흘낏흘낏,0,부사,고유어
5,흙내,0,명사,고유어
5,흙바람,0,명사,고유어
5,흙벽돌,0,명사,혼종어
5,흙비,1,명사,고유어
5,흙빛,0,명사,고유어
5,흙일,0,명사,고유어
5,흠모,0,명사,한자어
5,흠모하다,0,동사,혼종어
5,흡반,0,명사,한자어
5,흡사하다,0,형용사,혼종어
5,흡수성,0,명사,한자어
5,흡수하다,1,동사,혼종어
5,흡연자,0,명사,한자어
5,흡입,0,명사,한자어
5,흡입구,0,명사,한자어
5,흡착포,0,명사,한자어
5,흡혈귀,0,명사,한자어
5,흥건히,0,부사,고유어
5,흥국,0,명사,한자어
5,흥망성쇠,0,명사,한자어
5,흥부가,0,명사,한자어
5,흥부전,0,명사,한자어
5,흥분제,0,명사,한자어
5,흥인지문,0,명사,한자어
5,흥정하다,0,동사,고유어
5,흥청거리다,0,동사,고유어
5,흥청대다,0,동사,고유어
5,흥행사,0,명사,한자어
5,흥행작,0,명사,한자어
5,흩뜨리다,0,동사,고유어
5,희귀병,0,명사,한자어
5,희극,1,명사,한자어
5,희끄무레하다,0,형용사,고유어
5,희끗,1,부사,고유어
5,희끗희끗,1,부사,고유어
5,희디희다,0,형용사,고유어
5,희로애락,0,명사,한자어
5,희롱,0,명사,한자어
5,희롱하다,0,동사,혼종어
5,희미하다,2,형용사,혼종어
5,희박하다,0,형용사,혼종어
5,희번덕거리다,0,동사,고유어
5,희부옇다,0,형용사,고유어
5,희비,0,명사,한자어
5,희비극,0,명사,한자어
5,희색,1,명사,한자어
5,희생물,0,명사,한자어
5,희생심,0,명사,한자어
5,희소식,0,명사,한자어
5,희열,0,명사,한자어
5,희원하다,0,동사,혼종어
5,희읍스름하다,0,형용사,고유어
5,희화적,0,명사/관형사,한자어
5,희희낙락,0,명사,한자어
5,희희낙락거리다,0,동사,혼종어
5,희희낙락하다,0,동사,혼종어
5,흰떡,0,명사,고유어
5,흰모래,0,명사,고유어
5,흰무늬,0,명사,고유어
5,히든카드,0,명사,외래어
5,히뜩,0,부사,고유어
5,히죽,0,부사,고유어
5,히죽거리다,0,동사,고유어
5,히죽이,0,부사,고유어
5,힐난,0,명사,한자어
5,힐책,0,명사,한자어
5,힐책하다,0,동사,혼종어
5,힘점,0,명사,혼종어
5,힙합,0,명사,외래어
