kind,id,level,estimate,delta,reason,blocked_by,bundle_id,suggested_action
cloze,cloze_a1_0001,a1,a2,1,over1 lex_p90=1.9,can_do_ref,,step_up_or_swap
cloze,cloze_a1_0013,a1,a2,1,over1 lex_p90=1.9,,a1_misc_1,step_up_or_swap
cloze,cloze_a1_0014,a1,b1,2,fallback_over2 fallback:basic2023 lex_p90=2.8,,a1_transport,review_fallback
cloze,cloze_a1_0018,a1,a2,1,over1 grammar=grammar_a2_tag_confirmation:2,,a1_family_1,step_up_or_swap
cloze,cloze_a1_0020,a1,a2,1,over1 lex_p90=1.9,,a1_family_1,step_up_or_swap
cloze,cloze_a1_0024,a1,a2,1,over1 grammar=grammar_a2_like:2,,a1_family_2,step_up_or_swap
cloze,cloze_a1_0026,a1,a2,1,over1 lex_p90=1.9,can_do_ref,,step_up_or_swap
cloze,cloze_a1_0028,a1,c1,4,over2 lex_p90=4.6,can_do_ref,,bundle_move
cloze,cloze_a1_0031,a1,a2,1,over1 lex_p90=1.9,can_do_ref,,step_up_or_swap
cloze,cloze_a1_0032,a1,a2,1,over1 lex_p90=2.0,can_do_ref,,step_up_or_swap
cloze,cloze_a1_0033,a1,b1,2,over2 lex_p90=2.9,can_do_ref,,bundle_move
cloze,cloze_a1_0034,a1,a2,1,over1 lex_p90=1.9,can_do_ref,,step_up_or_swap
cloze,cloze_a1_0036,a1,a2,1,over1 lex_p90=1.9,,a1_colors,step_up_or_swap
cloze,cloze_a1_0038,a1,a2,1,over1 lex_p90=1.9,,a1_food_1,step_up_or_swap
cloze,cloze_a1_0041,a1,a2,1,over1 grammar=grammar_a2_conditional:2,can_do_ref,,step_up_or_swap
cloze,cloze_a1_0044,a1,b1,2,over2 lex_p90=2.9,can_do_ref,,bundle_move
cloze,cloze_a1_0053,a1,a2,1,over1 grammar=grammar_a2_like:2,,a1_time_1,step_up_or_swap
cloze,cloze_a1_0057,a1,a2,1,over1 lex_p90=1.9,can_do_ref,,step_up_or_swap
cloze,cloze_a1_0078,a1,b1,2,over2 lex_p90=2.8,can_do_ref,,bundle_move
cloze,cloze_a1_0083,a1,a2,1,over1 grammar=grammar_a2_like:2,,a1_self_intro,step_up_or_swap
cloze,cloze_a1_0088,a1,b1,2,over2 lex_p90=3.1,,a1_position,bundle_move
cloze,cloze_a1_0099,a1,a2,1,over1 lex_p90=1.9,,a1_daily_4,step_up_or_swap
cloze,cloze_a1_0106,a1,a2,1,over1 grammar=grammar_a2_dative_person:2,,a1_partner_meet_names_1,step_up_or_swap
cloze,cloze_a1_0108,a1,a2,1,over1 lex_p90=1.7,,a1_partner_meet_names_1,step_up_or_swap
cloze,cloze_a1_0109,a1,a2,1,over1 grammar=grammar_a2_simultaneous:2,,a1_partner_meet_names_1,step_up_or_swap
cloze,cloze_a1_0111,a1,a2,1,over1 grammar=grammar_a2_tag_confirmation:2,,a1_partner_meet_names_1,step_up_or_swap
cloze,cloze_a1_0115,b1,b2,1,over1 lex_p90=3.7,,b1_partner_first_gift_1,step_up_or_swap
cloze,cloze_a1_0122,b1,a1,-2,under2 grammar=grammar_a1_direction_means:1,,b1_partner_first_gift_1,downgrade_candidate
cloze,cloze_a1_0127,a2,b2,2,over2 grammar=grammar_b2_indirect_speech:4,,a2_partner_house_entry_1,bundle_move
cloze,cloze_a1_0136,a1,a2,1,over1 grammar=grammar_a2_tag_confirmation:2,,a1_partner_table_basic_1,step_up_or_swap
cloze,cloze_a1_0137,a1,b1,2,over2 lex_p90=2.8,,a1_partner_table_basic_1,bundle_move
cloze,cloze_a1_0138,a1,a2,1,over1 grammar=grammar_a2_tag_confirmation:2,,a1_partner_table_basic_1,step_up_or_swap
cloze,cloze_a1_0139,a1,a2,1,over1 length,,a1_partner_table_basic_1,step_up_or_swap
cloze,cloze_a1_0140,a1,a2,1,over1 grammar=nikl_g2_는데1:2,,a1_partner_table_basic_1,step_up_or_swap
cloze,cloze_a1_0141,a1,a2,1,over1 grammar=grammar_a2_each:2,,a1_partner_table_basic_1,step_up_or_swap
cloze,cloze_a1_0143,a1,b1,2,over2 lex_p90=2.6,,a1_partner_table_basic_1,bundle_move
cloze,cloze_a1_0144,a1,b1,2,over2 lex_p90=2.9,,a1_partner_table_basic_1,bundle_move
cloze,cloze_a1_0145,a1,a2,1,over1 lex_p90=2.0,,a1_partner_table_basic_1,step_up_or_swap
cloze,cloze_a1_0146,a1,a2,1,over1 grammar=nikl_g2_을_때:2,,a1_partner_table_basic_1,step_up_or_swap
cloze,cloze_a1_0147,a1,b2,3,over2 grammar=grammar_b2_indirect_speech:4,,a1_partner_table_basic_1,bundle_move
cloze,cloze_a1_0149,a1,a2,1,over1 lex_p90=1.7,,a1_partner_seollal_basic_1,step_up_or_swap
cloze,cloze_a1_0150,a1,a2,1,over1 lex_p90=2.0,,a1_partner_seollal_basic_1,step_up_or_swap
cloze,cloze_a1_0152,a1,a2,1,over1 grammar=nikl_g2_는데1:2,,a1_partner_seollal_basic_1,step_up_or_swap
cloze,cloze_a1_0153,a1,a2,1,over1 length,,a1_partner_seollal_basic_1,step_up_or_swap
cloze,cloze_a1_0154,a1,b1,2,over2 lex_p90=2.7,,a1_partner_seollal_basic_1,bundle_move
cloze,cloze_a1_0155,a1,a2,1,over1 lex_p90=2.0,,a1_partner_seollal_basic_1,step_up_or_swap
cloze,cloze_a1_0156,a1,a2,1,over1 grammar=nikl_g2_는데1:2,,a1_partner_seollal_basic_1,step_up_or_swap
cloze,cloze_a1_0157,a1,b2,3,over2 grammar=grammar_b2_indirect_speech:4,,a1_partner_seollal_basic_1,bundle_move
cloze,cloze_a1_0159,a1,b1,2,over2 lex_p90=3.0,,a1_partner_seollal_basic_1,bundle_move
cloze,cloze_a1_0164,a2,b2,2,over2 grammar=grammar_b2_indirect_speech:4,,a2_partner_chuseok_basic_1,bundle_move
cloze,cloze_a1_0169,a2,b1,1,over1 lex_p90=2.8,,a2_partner_chuseok_basic_1,step_up_or_swap
cloze,cloze_a1_0170,b2,a2,-2,under2 lex_p90=2.0,,b2_partner_holiday_duty_1,downgrade_candidate
cloze,cloze_a1_0175,b1,b2,1,over1 grammar=nikl_g4_고_해서:4,,b1_partner_siblings_hello_1,step_up_or_swap
cloze,cloze_a1_0180,b1,a1,-2,under2 grammar=grammar_a1_subject_particle:1,,b1_partner_siblings_hello_1,downgrade_candidate
cloze,cloze_a1_0197,a1,a2,1,over1 lex_p90=1.7,,a1_post_office_1,step_up_or_swap
cloze,cloze_a1_0198,a1,a2,1,over1 lex_p90=2.0,,a1_post_office_1,step_up_or_swap
cloze,cloze_a1_0199,a1,a2,1,over1 grammar=grammar_a2_tag_confirmation:2,,a1_post_office_1,step_up_or_swap
cloze,cloze_a1_0200,a1,a2,1,over1 lex_p90=2.0,,a1_post_office_1,step_up_or_swap
cloze,cloze_a1_0201,a1,a2,1,over1 lex_p90=2.0,,a1_post_office_1,step_up_or_swap
cloze,cloze_a1_0205,a1,a2,1,over1 grammar=grammar_a2_conditional:2,,a1_post_office_1,step_up_or_swap
cloze,cloze_a1_0206,a1,b2,3,over2 lex_p90=3.7,,a1_post_office_1,bundle_move
cloze,cloze_a1_0212,a2,b1,1,over1 lex_p90=2.7,,a2_pharmacy_ask_1,step_up_or_swap
cloze,cloze_a1_0213,b1,a1,-2,under2 grammar=grammar_a1_subject_particle:1,,b1_health_hospital_1,downgrade_candidate
cloze,cloze_a1_0215,a2,b1,1,over1 lex_p90=2.8,,a2_pharmacy_ask_1,step_up_or_swap
cloze,cloze_a1_0223,a1,a2,1,over1 grammar=grammar_a2_conditional:2,,a1_weekend_promise_1,step_up_or_swap
cloze,cloze_a1_0224,a1,a2,1,over1 grammar=grammar_a2_conditional:2,,a1_weekend_promise_1,step_up_or_swap
cloze,cloze_a1_0225,a1,a2,1,over1 lex_p90=1.6,,a1_weekend_promise_1,step_up_or_swap
cloze,cloze_a1_0226,a1,a2,1,over1 grammar=grammar_a2_tag_confirmation:2,,a1_weekend_promise_1,step_up_or_swap
cloze,cloze_a1_0228,a1,a2,1,over1 grammar=grammar_a2_like:2,,a1_weekend_promise_1,step_up_or_swap
cloze,cloze_a1_0229,a1,a2,1,over1 grammar=nikl_g2_는_것_v3:2,,a1_weekend_promise_1,step_up_or_swap
cloze,cloze_a1_0230,a1,a2,1,over1 grammar=grammar_a2_like:2,,a1_weekend_promise_1,step_up_or_swap
cloze,cloze_a1_0231,a1,a2,1,over1 grammar=grammar_a2_promise:2,,a1_weekend_promise_1,step_up_or_swap
cloze,cloze_a1_0242,b1,a1,-2,under2 grammar=grammar_a1_topic_particle:1,,b1_neighbors_hall_1,downgrade_candidate
cloze,cloze_a1_0243,b1,a1,-2,under2 grammar=grammar_a1_object_particle:1,,b1_neighbors_hall_1,downgrade_candidate
cloze,cloze_a1_0247,a2,b1,1,over1 lex_p90=2.8,,a2_school_supplies_1,step_up_or_swap
cloze,cloze_a1_0254,a2,b1,1,over1 grammar=grammar_b1_consequence:3,,a2_school_supplies_1,step_up_or_swap
cloze,cloze_a1_0264,a2,b1,1,over1 lex_p90=2.8,,a2_subway_card_1,step_up_or_swap
cloze,cloze_a1_0270,a2,b1,1,over1 lex_p90=2.6,,a2_weather_layer_1,step_up_or_swap
cloze,cloze_a1_0271,a2,b1,1,over1 lex_p90=3.0,,a2_weather_layer_1,step_up_or_swap
cloze,cloze_a1_0274,a2,b1,1,over1 lex_p90=2.7,,a2_weather_layer_1,step_up_or_swap
cloze,cloze_a1_0275,a2,b1,1,over1 lex_p90=2.6,,a2_weather_layer_1,step_up_or_swap
cloze,cloze_a1_0279,a2,b1,1,over1 lex_p90=3.0,,a2_weather_layer_1,step_up_or_swap
cloze,cloze_a1_0283,a1,b2,3,over2 lex_p90=3.9,,a1_sorry_thanks_1,bundle_move
cloze,cloze_a1_0285,a1,a2,1,over1 lex_p90=1.9,,a1_sorry_thanks_1,step_up_or_swap
cloze,cloze_a1_0289,a1,a2,1,over1 grammar=grammar_a2_conditional:2,,a1_sorry_thanks_1,step_up_or_swap
cloze,cloze_a1_0290,a1,a2,1,over1 lex_p90=1.7,,a1_sorry_thanks_1,step_up_or_swap
cloze,cloze_a1_0295,a1,a2,1,over1 grammar=grammar_a2_dative_person:2,can_do_ref,,step_up_or_swap
cloze,cloze_a1_0298,a1,a2,1,over1 grammar=grammar_a2_conditional:2,can_do_ref,,step_up_or_swap
cloze,cloze_a1_0309,a1,a2,1,over1 lex_p90=1.9,can_do_ref,,step_up_or_swap
cloze,cloze_a1_0310,a1,b1,2,fallback_over2 fallback:basic2023 lex_p90=2.8,can_do_ref,,review_fallback
cloze,cloze_a1_0314,a1,a2,1,over1 grammar=grammar_a2_tag_confirmation:2,can_do_ref,,step_up_or_swap
cloze,cloze_a1_0315,a1,a2,1,over1 lex_p90=1.9,can_do_ref,,step_up_or_swap
cloze,cloze_a1_0316,a1,a2,1,over1 grammar=grammar_a2_tag_confirmation:2,can_do_ref,,step_up_or_swap
cloze,cloze_a1_0320,a1,b1,2,over2 grammar=nikl_g3_나_보다:3,can_do_ref,,bundle_move
cloze,cloze_a1_0322,a1,b1,2,over2 grammar=nikl_g3_으면_안_되다_v3:3,can_do_ref,,bundle_move
cloze,cloze_a1_0325,a1,a2,1,over1 lex_p90=1.9,,a1_payment_delivery_1,step_up_or_swap
cloze,cloze_a1_0328,a1,a2,1,over1 lex_p90=1.9,can_do_ref,,step_up_or_swap
cloze,cloze_a1_0329,a1,a2,1,over1 lex_p90=1.8,,a1_payment_delivery_1,step_up_or_swap
cloze,cloze_a1_0333,a1,a2,1,over1 lex_p90=1.7,can_do_ref,,step_up_or_swap
cloze,cloze_a1_0341,a1,a2,1,over1 grammar=grammar_a2_dative_person:2,can_do_ref,,step_up_or_swap
cloze,cloze_a1_0342,a1,a2,1,over1 lex_p90=1.9,can_do_ref,,step_up_or_swap
cloze,cloze_a1_0348,a1,a2,1,over1 grammar=grammar_a2_tag_confirmation:2,,a1_city_services_2026_1,step_up_or_swap
cloze,cloze_a2_0014,a2,b1,1,over1 lex_p90=2.8,can_do_ref,,step_up_or_swap
cloze,cloze_a2_0015,a2,b1,1,over1 lex_p90=2.8,can_do_ref,,step_up_or_swap
cloze,cloze_a2_0023,a2,b1,1,over1 lex_p90=2.8,can_do_ref,,step_up_or_swap
cloze,cloze_a2_0025,a2,b1,1,over1 lex_p90=2.8,can_do_ref,,step_up_or_swap
cloze,cloze_a2_0027,a2,b1,1,over1 lex_p90=2.8,can_do_ref,,step_up_or_swap
cloze,cloze_a2_0029,a2,c1,3,over2 lex_p90=4.6,can_do_ref,,bundle_move
cloze,cloze_a2_0043,a2,b1,1,over1 lex_p90=2.7,can_do_ref,a2_food_1,step_up_or_swap
cloze,cloze_a2_0049,a2,b1,1,over1 lex_p90=2.8,can_do_ref,,step_up_or_swap
cloze,cloze_a2_0050,a2,b1,1,over1 lex_p90=2.8,can_do_ref,,step_up_or_swap
cloze,cloze_a2_0051,a2,b1,1,over1 lex_p90=2.9,can_do_ref,,step_up_or_swap
cloze,cloze_a2_0054,a2,b2,2,over2 lex_p90=3.9,can_do_ref,,bundle_move
cloze,cloze_a2_0066,a2,b1,1,over1 lex_p90=2.8,can_do_ref,,step_up_or_swap
cloze,cloze_a2_0068,a2,b2,2,over2 lex_p90=3.9,can_do_ref,,bundle_move
cloze,cloze_a2_0069,a2,c1,3,over2 lex_p90=4.7,can_do_ref,,bundle_move
cloze,cloze_a2_0074,a2,b1,1,over1 lex_p90=2.8,can_do_ref,,step_up_or_swap
cloze,cloze_a2_0081,a2,b1,1,over1 lex_p90=2.6,,a2_partner_dinner_talk_1,step_up_or_swap
cloze,cloze_a2_0086,a2,b1,1,over1 grammar=nikl_g3_는다고1:3,,a2_partner_dinner_talk_1,step_up_or_swap
cloze,cloze_a2_0089,a2,b1,1,over1 grammar=grammar_b1_consequence:3,,a2_partner_seollal_day_1,step_up_or_swap
cloze,cloze_a2_0090,b2,a2,-2,under2 lex_p90=1.5,,b2_partner_family_money_1,downgrade_candidate
cloze,cloze_a2_0095,a2,b2,2,over2 grammar=grammar_b2_quoted_contractions:4,,a2_partner_seollal_day_1,bundle_move
cloze,cloze_a2_0099,a2,b1,1,over1 lex_p90=2.6,,a2_partner_seollal_day_1,step_up_or_swap
cloze,cloze_a2_0102,a2,b2,2,over2 grammar=grammar_b2_quoted_contractions:4,,a2_partner_chuseok_day_1,bundle_move
cloze,cloze_a2_0110,a2,b2,2,over2 lex_p90=3.5,,a2_partner_chuseok_day_1,bundle_move
cloze,cloze_a2_0127,a2,b1,1,over1 grammar=grammar_b1_immediate_sequence:3,,a2_partner_overnight_1,step_up_or_swap
cloze,cloze_a2_0130,a2,b1,1,over1 lex_p90=3.0,,a2_partner_overnight_1,step_up_or_swap
cloze,cloze_a2_0142,b1,b2,1,over1 lex_p90=3.5,,b1_partner_leftover_bags_1,step_up_or_swap
cloze,cloze_a2_0145,b1,b2,1,over1 grammar=grammar_b2_indirect_speech:4,,b1_partner_leftover_bags_1,step_up_or_swap
cloze,cloze_a2_0150,a2,b1,1,over1 lex_p90=3.0,,a2_partner_hometown_trip_1,step_up_or_swap
cloze,cloze_a2_0152,a2,b2,2,over2 grammar=nikl_g4_고_해서:4,,a2_partner_hometown_trip_1,bundle_move
cloze,cloze_a2_0156,a2,b2,2,over2 grammar=grammar_b2_indirect_speech:4,,a2_partner_hometown_trip_1,bundle_move
cloze,cloze_a2_0159,a2,b1,1,over1 grammar=grammar_b1_immediate_sequence:3,,a2_partner_hometown_trip_1,step_up_or_swap
cloze,cloze_a2_0160,b1,a1,-2,under2 grammar=grammar_a1_topic_particle:1,,b1_partner_banmal_switch_1,downgrade_candidate
cloze,cloze_a2_0163,b1,a1,-2,under2 grammar=grammar_a1_object_particle:1,,b1_partner_banmal_switch_1,downgrade_candidate
cloze,cloze_a2_0164,b1,a1,-2,under2 grammar=grammar_a1_polite_present:1,,b1_partner_banmal_switch_1,downgrade_candidate
cloze,cloze_a2_0165,b1,b2,1,over1 grammar=grammar_b2_indirect_speech:4,,b1_partner_banmal_switch_1,step_up_or_swap
cloze,cloze_a2_0169,b1,b2,1,over1 lex_p90=3.6,,b1_partner_banmal_switch_1,step_up_or_swap
cloze,cloze_a2_0170,b1,b2,1,over1 grammar=grammar_b2_indirect_speech:4,,b1_partner_banmal_switch_1,step_up_or_swap
cloze,cloze_a2_0171,b1,a1,-2,under2 grammar=grammar_a1_topic_particle:1,,b1_partner_banmal_switch_1,downgrade_candidate
cloze,cloze_a2_0175,b1,a1,-2,under2 grammar=grammar_a1_subject_particle:1,,b1_phone_plan_1,downgrade_candidate
cloze,cloze_a2_0177,b1,a1,-2,under2 grammar=nikl_g1_기_전에_v1:1,,b1_phone_plan_1,downgrade_candidate
cloze,cloze_a2_0178,b1,a1,-2,under2 grammar=grammar_a1_topic_particle:1,,b1_phone_plan_1,downgrade_candidate
cloze,cloze_a2_0181,b1,a1,-2,under2 grammar=grammar_a1_polite_present:1,,b1_phone_plan_1,downgrade_candidate
cloze,cloze_a2_0183,b1,b2,1,over1 lex_p90=3.7,,b1_phone_plan_1,step_up_or_swap
cloze,cloze_a2_0189,b1,a1,-2,under2 grammar=grammar_a1_subject_particle:1,,b1_bank_counter_1,downgrade_candidate
cloze,cloze_a2_0190,b1,a1,-2,under2 grammar=grammar_a1_action_location_particle:1,,b1_bank_counter_1,downgrade_candidate
cloze,cloze_a2_0191,b1,a1,-2,under2 grammar=grammar_a1_object_particle:1,,b1_bank_counter_1,downgrade_candidate
cloze,cloze_a2_0203,a2,b1,1,over1 lex_p90=2.8,,a2_gym_class_1,step_up_or_swap
cloze,cloze_a2_0207,a2,b1,1,over1 lex_p90=3.1,,a2_gym_class_1,step_up_or_swap
cloze,cloze_a2_0210,a2,b1,1,over1 lex_p90=2.6,,a2_salon_visit_1,step_up_or_swap
cloze,cloze_a2_0216,a2,b1,1,over1 lex_p90=3.4,,a2_salon_visit_1,step_up_or_swap
cloze,cloze_a2_0226,b1,a1,-2,under2 grammar=grammar_a1_topic_particle:1,,b1_apt_rules_1,downgrade_candidate
cloze,cloze_a2_0230,b1,b2,1,over1 lex_p90=4.0,,b1_apt_rules_1,step_up_or_swap
cloze,cloze_a2_0232,b1,a1,-2,under2 grammar=grammar_a1_subject_particle:1,,b1_part_time_1,downgrade_candidate
cloze,cloze_a2_0240,b1,a1,-2,under2 grammar=grammar_a1_subject_particle:1,,b1_part_time_1,downgrade_candidate
cloze,cloze_a2_0246,b1,a1,-2,under2 grammar=grammar_a1_topic_particle:1,,b1_lost_found_1,downgrade_candidate
cloze,cloze_a2_0254,b1,b2,1,over1 grammar=grammar_b2_quoted_contractions:4,,b1_lost_found_1,step_up_or_swap
cloze,cloze_a2_0257,b1,a1,-2,under2 grammar=grammar_a1_subject_particle:1,,b1_festival_booth_1,downgrade_candidate
cloze,cloze_a2_0259,b1,a1,-2,under2 grammar=grammar_a1_topic_particle:1,,b1_festival_booth_1,downgrade_candidate
cloze,cloze_a2_0264,b1,a1,-2,under2 grammar=grammar_a1_topic_particle:1,,b1_festival_booth_1,downgrade_candidate
cloze,cloze_b1_0002,b1,a1,-2,under2 grammar=grammar_a1_object_particle:1,can_do_ref,,downgrade_candidate
cloze,cloze_b1_0007,b1,a1,-2,under2 grammar=grammar_a1_topic_particle:1,can_do_ref,,downgrade_candidate
cloze,cloze_b1_0013,b1,b2,1,over1 lex_p90=3.9,can_do_ref,,step_up_or_swap
cloze,cloze_b1_0015,b1,a1,-2,under2 grammar=grammar_a1_object_particle:1,can_do_ref,,downgrade_candidate
cloze,cloze_b1_0021,b1,a1,-2,under2 grammar=grammar_a1_topic_particle:1,can_do_ref,,downgrade_candidate
cloze,cloze_b1_0022,b1,a1,-2,under2 grammar=grammar_a1_object_particle:1,can_do_ref,,downgrade_candidate
cloze,cloze_b1_0023,b1,a1,-2,under2 grammar=grammar_a1_subject_particle:1,can_do_ref,,downgrade_candidate
cloze,cloze_b1_0028,b1,a1,-2,under2 grammar=grammar_a1_subject_particle:1,can_do_ref,,downgrade_candidate
cloze,cloze_b1_0030,b1,a1,-2,under2 grammar=grammar_a1_object_particle:1,can_do_ref,,downgrade_candidate
cloze,cloze_b1_0031,b1,a1,-2,under2 grammar=grammar_a1_subject_particle:1,can_do_ref,,downgrade_candidate
cloze,cloze_b1_0035,b1,c1,2,over2 lex_p90=4.6,can_do_ref,,bundle_move
cloze,cloze_b1_0039,b1,a1,-2,under2 grammar=grammar_a1_subject_particle:1,can_do_ref,,downgrade_candidate
cloze,cloze_b1_0043,b1,c2,3,over2 lex_p90=5.7,can_do_ref,,bundle_move
cloze,cloze_b1_0044,b1,b2,1,over1 lex_p90=3.8,can_do_ref,,step_up_or_swap
cloze,cloze_b1_0047,b1,a1,-2,under2 grammar=grammar_a1_subject_particle:1,can_do_ref,,downgrade_candidate
cloze,cloze_b1_0048,b1,a1,-2,under2 grammar=grammar_a1_subject_particle:1,can_do_ref,,downgrade_candidate
cloze,cloze_b1_0049,b1,a1,-2,under2 grammar=grammar_a1_topic_particle:1,can_do_ref,,downgrade_candidate
cloze,cloze_b1_0050,b1,a1,-2,under2 grammar=grammar_a1_subject_particle:1,can_do_ref,,downgrade_candidate
cloze,cloze_b1_0052,b1,b2,1,over1 lex_p90=3.7,can_do_ref,,step_up_or_swap
cloze,cloze_b1_0054,b1,b2,1,over1 lex_p90=3.7,can_do_ref,,step_up_or_swap
cloze,cloze_b1_0055,b1,b2,1,over1 lex_p90=3.8,can_do_ref,,step_up_or_swap
cloze,cloze_b1_0068,b1,b2,1,over1 lex_p90=4.0,,b1_work_coordination_1,step_up_or_swap
cloze,cloze_b1_0072,b1,b2,1,over1 lex_p90=3.5,,b1_work_coordination_1,step_up_or_swap
cloze,cloze_b1_0074,b1,b2,1,over1 lex_p90=3.6,,b1_work_coordination_1,step_up_or_swap
cloze,cloze_b1_0077,b1,b2,1,over1 lex_p90=3.5,,b1_work_coordination_1,step_up_or_swap
cloze,cloze_b1_0085,b1,a1,-2,under2 grammar=grammar_a1_subject_particle:1,,b1_partner_awkward_questions_1,downgrade_candidate
cloze,cloze_b1_0094,b1,b2,1,over1 lex_p90=3.7,,b1_partner_awkward_questions_1,step_up_or_swap
cloze,cloze_b1_0096,b1,b2,1,over1 lex_p90=3.5,,b1_partner_job_visa_1,step_up_or_swap
cloze,cloze_b1_0097,b1,b2,1,over1 grammar=grammar_b2_indirect_speech:4,,b1_partner_job_visa_1,step_up_or_swap
cloze,cloze_b1_0098,b1,b2,1,over1 lex_p90=3.7,,b1_partner_job_visa_1,step_up_or_swap
cloze,cloze_b1_0102,b1,b2,1,over1 grammar=grammar_b2_indirect_speech:4,,b1_partner_job_visa_1,step_up_or_swap
cloze,cloze_b1_0103,b1,b2,1,over1 grammar=grammar_b2_indirect_speech:4,,b1_partner_job_visa_1,step_up_or_swap
cloze,cloze_b1_0104,b1,b2,1,over1 lex_p90=4.0,,b1_partner_job_visa_1,step_up_or_swap
cloze,cloze_b1_0107,b1,b2,1,over1 grammar=grammar_b2_indirect_speech:4,,b1_partner_job_visa_1,step_up_or_swap
cloze,cloze_b1_0116,b1,b2,1,over1 lex_p90=4.0,,b1_partner_translating_1,step_up_or_swap
cloze,cloze_b1_0122,b1,b2,1,over1 grammar=nikl_g4_고_해서:4,,b1_partner_drink_table_1,step_up_or_swap
cloze,cloze_b1_0123,b1,b2,1,over1 grammar=grammar_b2_indirect_speech:4,,b1_partner_drink_table_1,step_up_or_swap
cloze,cloze_b1_0132,b1,b2,1,over1 lex_p90=3.8,,b1_partner_sleep_room_1,step_up_or_swap
cloze,cloze_b1_0133,b1,b2,1,over1 grammar=grammar_b2_indirect_speech:4,,b1_partner_sleep_room_1,step_up_or_swap
cloze,cloze_b1_0137,b1,a1,-2,under2 grammar=grammar_a1_subject_particle:1,,b1_partner_sleep_room_1,downgrade_candidate
cloze,cloze_b1_0140,b1,a1,-2,under2 grammar=grammar_a1_subject_particle:1,,b1_partner_sleep_room_1,downgrade_candidate
cloze,cloze_b1_0151,b1,b2,1,over1 lex_p90=3.6,,b1_partner_after_visit_1,step_up_or_swap
cloze,cloze_b1_0154,b1,b2,1,over1 lex_p90=4.0,,b1_partner_after_visit_1,step_up_or_swap
cloze,cloze_b1_0161,b1,b2,1,over1 lex_p90=3.6,,b1_partner_group_chat_1,step_up_or_swap
cloze,cloze_b1_0162,b1,b2,1,over1 grammar=nikl_g4_고_해서:4,,b1_partner_group_chat_1,step_up_or_swap
cloze,cloze_b1_0167,b1,c1,2,over2 grammar=nikl_g5_는_척하다_v2:5,,b1_partner_group_chat_1,bundle_move
cloze,cloze_b1_0176,b1,b2,1,over1 lex_p90=3.6,,b1_partner_holiday_plan_1,step_up_or_swap
cloze,cloze_b1_0178,b1,b2,1,over1 lex_p90=3.6,,b1_partner_holiday_plan_1,step_up_or_swap
cloze,cloze_b1_0180,b1,b2,1,over1 grammar=nikl_g4_고_보다:4,,b1_workplace_mail_1,step_up_or_swap
cloze,cloze_b1_0181,b1,a1,-2,under2 grammar=grammar_a1_topic_particle:1,,b1_workplace_mail_1,downgrade_candidate
cloze,cloze_b1_0189,b1,b2,1,over1 lex_p90=3.8,,b1_workplace_mail_1,step_up_or_swap
cloze,cloze_b1_0190,b1,b2,1,over1 lex_p90=3.7,,b1_workplace_mail_1,step_up_or_swap
cloze,cloze_b1_0195,b1,a1,-2,under2 grammar=grammar_a1_topic_particle:1,,b1_roommate_talk_1,downgrade_candidate
cloze,cloze_b1_0205,b1,b2,1,over1 lex_p90=3.6,,b1_insurance_claim_1,step_up_or_swap
cloze,cloze_b1_0206,b1,b2,1,over1 lex_p90=3.6,,b1_insurance_claim_1,step_up_or_swap
cloze,cloze_b1_0209,b1,b2,1,over1 lex_p90=3.9,,b1_insurance_claim_1,step_up_or_swap
cloze,cloze_b1_0218,b2,a2,-2,under2 lex_p90=1.8,,b2_public_office_1,downgrade_candidate
cloze,cloze_b1_0228,b1,a1,-2,under2 grammar=grammar_a1_object_particle:1,,b1_volunteer_shift_1,downgrade_candidate
cloze,cloze_b1_0233,b1,a1,-2,under2 grammar=grammar_a1_subject_particle:1,,b1_volunteer_shift_1,downgrade_candidate
cloze,cloze_b1_0235,b1,b2,1,over1 lex_p90=4.0,,b1_volunteer_shift_1,step_up_or_swap
cloze,cloze_b1_0237,b1,a1,-2,under2 grammar=grammar_a1_polite_present:1,,b1_volunteer_shift_1,downgrade_candidate
cloze,cloze_b1_0253,b1,b2,1,over1 lex_p90=3.7,,b1_repair_words_1,step_up_or_swap
cloze,cloze_b1_0254,b1,b2,1,over1 grammar=grammar_b2_quoted_contractions:4,,b1_repair_words_1,step_up_or_swap
cloze,cloze_b1_0255,b1,b2,1,over1 lex_p90=3.8,,b1_repair_words_1,step_up_or_swap
cloze,cloze_b1_0258,b1,b2,1,over1 lex_p90=3.8,,b1_repair_words_1,step_up_or_swap
cloze,cloze_b1_0262,b1,b2,1,over1 lex_p90=3.8,,b1_repair_words_1,step_up_or_swap
cloze,cloze_b1_0266,b1,c1,2,over2 lex_p90=4.8,,b1_travel_change_1,bundle_move
cloze,cloze_b1_0267,b1,b2,1,over1 lex_p90=3.6,,b1_travel_change_1,step_up_or_swap
cloze,cloze_b1_0268,b1,b2,1,over1 grammar=grammar_b2_quoted_contractions:4,,b1_travel_change_1,step_up_or_swap
cloze,cloze_b1_0275,b1,b2,1,over1 lex_p90=4.0,,b1_travel_change_1,step_up_or_swap
cloze,cloze_b1_0276,b1,b2,1,over1 lex_p90=4.2,,b1_work_entry_2026_1,step_up_or_swap
cloze,cloze_b1_0278,b1,b2,1,over1 lex_p90=3.7,,b1_work_entry_2026_1,step_up_or_swap
cloze,cloze_b2_0001,b2,a2,-2,under2 lex_p90=1.9,can_do_ref,,downgrade_candidate
cloze,cloze_b2_0002,b2,a2,-2,under2 lex_p90=1.9,can_do_ref,,downgrade_candidate
cloze,cloze_b2_0003,b2,a2,-2,under2 lex_p90=1.8,can_do_ref,,downgrade_candidate
cloze,cloze_b2_0005,b2,a2,-2,under2 lex_p90=2.0,can_do_ref,,downgrade_candidate
cloze,cloze_b2_0010,b2,c2,2,over2 lex_p90=5.5,can_do_ref,,bundle_move
cloze,cloze_b2_0013,b2,a2,-2,under2 lex_p90=2.0,can_do_ref,,downgrade_candidate
cloze,cloze_b2_0014,b2,a1,-3,under2 grammar=grammar_a1_subject_particle:1,can_do_ref,,downgrade_candidate
cloze,cloze_b2_0017,b2,c1,1,over1 lex_p90=4.7,can_do_ref,,step_up_or_swap
cloze,cloze_b2_0018,b2,a1,-3,under2 grammar=grammar_a1_subject_particle:1,can_do_ref,,downgrade_candidate
cloze,cloze_b2_0019,b2,a1,-3,under2 grammar=grammar_a1_object_particle:1,can_do_ref,,downgrade_candidate
cloze,cloze_b2_0021,b2,a2,-2,under2 lex_p90=2.0,can_do_ref,,downgrade_candidate
cloze,cloze_b2_0023,b2,a1,-3,under2 grammar=grammar_a1_subject_particle:1,can_do_ref,,downgrade_candidate
cloze,cloze_b2_0025,b2,a2,-2,under2 lex_p90=2.0,can_do_ref,,downgrade_candidate
cloze,cloze_b2_0029,b2,c2,2,over2 lex_p90=5.7,can_do_ref,,bundle_move
cloze,cloze_b2_0031,b2,c1,1,over1 lex_p90=4.6,can_do_ref,,step_up_or_swap
cloze,cloze_b2_0033,b2,a1,-3,under2 grammar=grammar_a1_subject_particle:1,can_do_ref,,downgrade_candidate
cloze,cloze_b2_0034,b2,a1,-3,under2 grammar=grammar_a1_which_question:1,can_do_ref,,downgrade_candidate
cloze,cloze_b2_0036,b2,a2,-2,under2 lex_p90=1.9,can_do_ref,,downgrade_candidate
cloze,cloze_b2_0037,b2,c2,2,over2 lex_p90=5.8,can_do_ref,,bundle_move
cloze,cloze_b2_0040,b2,a1,-3,under2 grammar=grammar_a1_subject_particle:1,can_do_ref,,downgrade_candidate
cloze,cloze_b2_0042,b2,c1,1,over1 lex_p90=4.7,can_do_ref,,step_up_or_swap
cloze,cloze_b2_0044,b2,c2,2,over2 lex_p90=5.6,can_do_ref,,bundle_move
cloze,cloze_b2_0045,b2,a1,-3,under2 grammar=grammar_a1_object_particle:1,can_do_ref,,downgrade_candidate
cloze,cloze_b2_0049,b2,a2,-2,under2 lex_p90=1.8,can_do_ref,,downgrade_candidate
cloze,cloze_b2_0062,b2,c1,1,over1 lex_p90=5.0,,b2_formal_agreement_1,step_up_or_swap
cloze,cloze_b2_0065,b2,a2,-2,under2 grammar=grammar_a2_conditional:2,,b2_formal_agreement_1,downgrade_candidate
cloze,cloze_b2_0066,b2,a2,-2,under2 grammar=grammar_a2_conditional:2,,b2_formal_agreement_1,downgrade_candidate
cloze,cloze_b2_0075,b2,c1,1,over1 lex_p90=5.0,,b2_formal_complaint_1,step_up_or_swap
cloze,cloze_b2_0078,b2,c1,1,over1 lex_p90=5.0,,b2_formal_complaint_1,step_up_or_swap
cloze,cloze_b2_0090,b2,a2,-2,under2 lex_p90=2.0,,b2_decisions_perspectives_1,downgrade_candidate
cloze,cloze_b2_0093,b2,a2,-2,under2 grammar=grammar_a2_try_experience:2,,b2_decisions_perspectives_1,downgrade_candidate
cloze,cloze_b2_0098,b2,a2,-2,under2 grammar=grammar_a2_tag_confirmation:2,,b2_reading_response_1,downgrade_candidate
cloze,cloze_b2_0102,b2,c1,1,over1 lex_p90=5.0,,b2_reading_response_1,step_up_or_swap
cloze,cloze_b2_0118,b2,a2,-2,under2 lex_p90=2.0,,b2_collaborative_feedback_1,downgrade_candidate
cloze,cloze_b2_0121,b2,a2,-2,under2 grammar=grammar_a2_tag_confirmation:2,,b2_collaborative_feedback_1,downgrade_candidate
cloze,cloze_b2_0122,b2,a2,-2,under2 grammar=nikl_g2_는_것:2,,b2_collaborative_feedback_1,downgrade_candidate
cloze,cloze_b2_0129,b2,c1,1,over1 lex_p90=4.8,,b2_collaborative_feedback_1,step_up_or_swap
cloze,cloze_b2_0135,b2,a2,-2,under2 lex_p90=2.4,,b2_digital_judgment_1,downgrade_candidate
cloze,cloze_b2_0136,b2,a2,-2,under2 grammar=nikl_g2_을_때:2,,b2_digital_judgment_1,downgrade_candidate
cloze,cloze_b2_0141,b2,a2,-2,under2 lex_p90=2.2,,b2_digital_judgment_1,downgrade_candidate
cloze,cloze_b2_0143,b2,a2,-2,under2 lex_p90=2.0,,b2_shared_space_coordination_1,downgrade_candidate
cloze,cloze_b2_0144,b2,a2,-2,under2 grammar=grammar_a2_tag_confirmation:2,,b2_shared_space_coordination_1,downgrade_candidate
cloze,cloze_b2_0149,b2,a2,-2,under2 lex_p90=2.0,,b2_shared_space_coordination_1,downgrade_candidate
cloze,cloze_b2_0151,b2,a2,-2,under2 grammar=grammar_a2_tag_confirmation:2,,b2_shared_space_coordination_1,downgrade_candidate
cloze,cloze_b2_0153,b2,a2,-2,under2 grammar=grammar_a2_tag_confirmation:2,,b2_shared_space_coordination_1,downgrade_candidate
cloze,cloze_b2_0155,b2,a2,-2,under2 length,,b2_personal_boundaries_1,downgrade_candidate
cloze,cloze_b2_0156,b2,a2,-2,under2 lex_p90=2.3,,b2_personal_boundaries_1,downgrade_candidate
cloze,cloze_b2_0160,b2,c1,1,over1 grammar=nikl_g5_는_척하다_v2:5,,b2_personal_boundaries_1,step_up_or_swap
cloze,cloze_b2_0161,b2,a2,-2,under2 grammar=grammar_a2_conditional:2,,b2_personal_boundaries_1,downgrade_candidate
cloze,cloze_b2_0166,b2,c1,1,over1 lex_p90=5.3,can_do_ref,,step_up_or_swap
cloze,cloze_b2_0167,b2,c1,1,over1 lex_p90=5.4,can_do_ref,,step_up_or_swap
cloze,cloze_b2_0169,b2,a2,-2,under2 grammar=grammar_a2_conditional:2,can_do_ref,,downgrade_candidate
cloze,cloze_b2_0170,b2,a2,-2,under2 lex_p90=2.5,,b2_partner_inlaws_1,downgrade_candidate
cloze,cloze_b2_0171,b2,a2,-2,under2 grammar=grammar_a2_tag_confirmation:2,,b2_partner_inlaws_1,downgrade_candidate
cloze,cloze_b2_0173,b2,a2,-2,under2 lex_p90=2.2,,b2_partner_inlaws_1,downgrade_candidate
cloze,cloze_b2_0175,b2,a2,-2,under2 grammar=grammar_a2_tag_confirmation:2,,b2_partner_inlaws_1,downgrade_candidate
cloze,cloze_b2_0179,b2,a2,-2,under2 lex_p90=1.5,,b2_partner_inlaws_1,downgrade_candidate
cloze,cloze_b2_0181,b2,a2,-2,under2 grammar=grammar_a2_conditional:2,,b2_partner_inlaws_1,downgrade_candidate
cloze,cloze_b2_0185,b2,a2,-2,under2 grammar=grammar_a2_tag_confirmation:2,,b2_partner_marriage_talk_1,downgrade_candidate
cloze,cloze_b2_0186,b2,a2,-2,under2 grammar=grammar_a2_tag_confirmation:2,,b2_partner_marriage_talk_1,downgrade_candidate
cloze,cloze_b2_0188,b2,c2,2,over2 lex_p90=5.6,,b2_partner_marriage_talk_1,bundle_move
cloze,cloze_b2_0192,b2,a2,-2,under2 grammar=grammar_a2_tag_confirmation:2,,b2_partner_marriage_talk_1,downgrade_candidate
cloze,cloze_b2_0194,b2,a2,-2,under2 grammar=grammar_a2_cause_sequence:2,,b2_partner_honorific_trap_1,downgrade_candidate
cloze,cloze_b2_0195,b2,a2,-2,under2 grammar=grammar_a2_tag_confirmation:2,,b2_partner_honorific_trap_1,downgrade_candidate
cloze,cloze_b2_0197,b2,a2,-2,under2 lex_p90=2.0,,b2_partner_honorific_trap_1,downgrade_candidate
cloze,cloze_b2_0198,b2,a2,-2,under2 grammar=grammar_a2_each:2,,b2_partner_honorific_trap_1,downgrade_candidate
cloze,cloze_b2_0199,b2,a2,-2,under2 grammar=grammar_a2_conditional:2,,b2_partner_honorific_trap_1,downgrade_candidate
cloze,cloze_b2_0200,b2,a1,-3,under2 grammar=grammar_a1_topic_particle:1,,b2_partner_honorific_trap_1,downgrade_candidate
cloze,cloze_b2_0201,b2,a2,-2,under2 lex_p90=1.6,,b2_partner_honorific_trap_1,downgrade_candidate
cloze,cloze_b2_0203,b2,a2,-2,under2 lex_p90=1.6,,b2_partner_honorific_trap_1,downgrade_candidate
cloze,cloze_b2_0206,b2,a2,-2,under2 lex_p90=2.0,,b2_partner_ancestral_rite_1,downgrade_candidate
cloze,cloze_b2_0207,b2,a2,-2,under2 grammar=grammar_a2_tag_confirmation:2,,b2_partner_ancestral_rite_1,downgrade_candidate
cloze,cloze_b2_0211,b2,a2,-2,under2 grammar=grammar_a2_tag_confirmation:2,,b2_partner_ancestral_rite_1,downgrade_candidate
cloze,cloze_b2_0212,b2,a2,-2,under2 lex_p90=1.5,,b2_partner_ancestral_rite_1,downgrade_candidate
cloze,cloze_b2_0213,b2,a2,-2,under2 length,,b2_partner_ancestral_rite_1,downgrade_candidate
cloze,cloze_b2_0214,b2,a2,-2,under2 lex_p90=2.0,,b2_partner_ancestral_rite_1,downgrade_candidate
cloze,cloze_b2_0216,b2,a2,-2,under2 grammar=grammar_a2_like:2,,b2_partner_ancestral_rite_1,downgrade_candidate
cloze,cloze_b2_0217,b2,a2,-2,under2 grammar=grammar_a2_conditional:2,,b2_partner_ancestral_rite_1,downgrade_candidate
cloze,cloze_b2_0218,b2,a2,-2,under2 lex_p90=2.0,,b2_partner_family_money_1,downgrade_candidate
cloze,cloze_b2_0223,b2,a1,-3,under2 grammar=grammar_a1_topic_particle:1,,b2_partner_family_money_1,downgrade_candidate
cloze,cloze_b2_0227,b2,a2,-2,under2 grammar=grammar_a2_try_experience:2,,b2_partner_family_money_1,downgrade_candidate
cloze,cloze_b2_0232,b2,a1,-3,under2 grammar=grammar_a1_topic_particle:1,,b2_partner_holiday_duty_1,downgrade_candidate
cloze,cloze_b2_0234,b2,a2,-2,under2 lex_p90=2.4,,b2_partner_holiday_duty_1,downgrade_candidate
cloze,cloze_b2_0236,b2,a2,-2,under2 lex_p90=2.5,,b2_partner_holiday_duty_1,downgrade_candidate
cloze,cloze_b2_0239,b2,a2,-2,under2 lex_p90=2.0,,b2_partner_holiday_duty_1,downgrade_candidate
cloze,cloze_b2_0240,b2,c1,1,over1 grammar=nikl_g5_기만_하다:5,,b2_partner_holiday_duty_1,step_up_or_swap
cloze,cloze_b2_0242,b2,a2,-2,under2 lex_p90=2.0,,b2_partner_boundary_1,downgrade_candidate
cloze,cloze_b2_0243,b2,a1,-3,under2 grammar=grammar_a1_topic_particle:1,,b2_partner_boundary_1,downgrade_candidate
cloze,cloze_b2_0244,b2,a2,-2,under2 lex_p90=2.4,,b2_partner_boundary_1,downgrade_candidate
cloze,cloze_b2_0245,b2,a2,-2,under2 grammar=grammar_a2_tag_confirmation:2,,b2_partner_boundary_1,downgrade_candidate
cloze,cloze_b2_0246,b2,a2,-2,under2 lex_p90=2.5,,b2_partner_boundary_1,downgrade_candidate
cloze,cloze_b2_0251,b2,a2,-2,under2 lex_p90=2.0,,b2_partner_boundary_1,downgrade_candidate
cloze,cloze_b2_0253,b2,a2,-2,under2 lex_p90=2.0,,b2_partner_boundary_1,downgrade_candidate
cloze,cloze_b2_0254,b2,a2,-2,under2 lex_p90=1.6,,b2_partner_public_intro_1,downgrade_candidate
cloze,cloze_b2_0255,b2,a2,-2,under2 lex_p90=2.3,,b2_partner_public_intro_1,downgrade_candidate
cloze,cloze_b2_0256,b2,a2,-2,under2 lex_p90=1.5,,b2_partner_public_intro_1,downgrade_candidate
cloze,cloze_b2_0257,b2,a2,-2,under2 lex_p90=1.8,,b2_partner_public_intro_1,downgrade_candidate
cloze,cloze_b2_0258,b2,a2,-2,under2 lex_p90=2.0,,b2_partner_public_intro_1,downgrade_candidate
cloze,cloze_b2_0259,b2,a2,-2,under2 lex_p90=2.0,,b2_partner_public_intro_1,downgrade_candidate
cloze,cloze_b2_0268,b2,c1,1,over1 lex_p90=4.8,,b2_performance_review_1,step_up_or_swap
cloze,cloze_b2_0270,b2,c1,1,over1 lex_p90=4.7,,b2_performance_review_1,step_up_or_swap
cloze,cloze_b2_0271,b2,a2,-2,under2 lex_p90=1.7,,b2_performance_review_1,downgrade_candidate
cloze,cloze_b2_0280,b2,c1,1,over1 lex_p90=4.6,,b2_housing_dispute_1,step_up_or_swap
cloze,cloze_b2_0283,b2,a2,-2,under2 lex_p90=1.7,,b2_housing_dispute_1,downgrade_candidate
cloze,cloze_b2_0286,b2,c2,2,over2 lex_p90=5.5,,b2_housing_dispute_1,bundle_move
cloze,cloze_b2_0290,b2,a2,-2,under2 grammar=grammar_a2_tag_confirmation:2,,b2_media_literacy_1,downgrade_candidate
cloze,cloze_b2_0296,b2,c1,1,over1 lex_p90=4.6,,b2_media_literacy_1,step_up_or_swap
cloze,cloze_b2_0298,b2,a2,-2,under2 lex_p90=2.0,,b2_media_literacy_1,downgrade_candidate
cloze,cloze_b2_0299,b2,a2,-2,under2 lex_p90=2.5,,b2_media_literacy_1,downgrade_candidate
cloze,cloze_b2_0302,b2,a2,-2,under2 grammar=grammar_a2_tag_confirmation:2,,b2_civic_meeting_1,downgrade_candidate
cloze,cloze_b2_0311,b2,a2,-2,under2 lex_p90=1.8,,b2_civic_meeting_1,downgrade_candidate
cloze,cloze_b2_0314,b2,a2,-2,under2 grammar=grammar_a2_comparative:2,,b2_team_negotiation_1,downgrade_candidate
cloze,cloze_b2_0319,b2,c2,2,over2 lex_p90=6.0,,b2_team_negotiation_1,bundle_move
cloze,cloze_b2_0321,b2,a2,-2,under2 lex_p90=2.0,,b2_team_negotiation_1,downgrade_candidate
cloze,cloze_b2_0326,b2,a2,-2,under2 lex_p90=2.0,,b2_policy_brief_1,downgrade_candidate
cloze,cloze_b2_0327,b2,a2,-2,under2 grammar=grammar_a2_tag_confirmation:2,,b2_policy_brief_1,downgrade_candidate
cloze,cloze_b2_0332,b2,c1,1,over1 lex_p90=5.4,,b2_policy_brief_1,step_up_or_swap
cloze,cloze_b2_0335,b2,c1,1,over1 lex_p90=4.6,,b2_policy_brief_1,step_up_or_swap
cloze,cloze_b2_0340,b2,a2,-2,under2 lex_p90=1.7,,b2_customer_escalation_1,downgrade_candidate
cloze,cloze_b2_0343,b2,a2,-2,under2 lex_p90=2.5,,b2_customer_escalation_1,downgrade_candidate
cloze,cloze_b2_0356,b2,a2,-2,under2 lex_p90=2.0,,b2_research_summary_1,downgrade_candidate
cloze,cloze_b2_0358,b2,a1,-3,under2 grammar=grammar_a1_object_particle:1,,b2_research_summary_1,downgrade_candidate
cloze,cloze_b2_0368,b2,a2,-2,under2 grammar=grammar_a2_tag_confirmation:2,can_do_ref,,downgrade_candidate
cloze,cloze_b2_0375,b2,c1,1,over1 lex_p90=4.8,,b2_2026_social_topics_1,step_up_or_swap
cloze,cloze_c1_0002,c1,b1,-2,under2 lex_p90=3.2,can_do_ref,c1_accessible_participation_1,downgrade_candidate
cloze,cloze_c1_0008,c1,b1,-2,under2 lex_p90=3.0,can_do_ref,c1_accessible_participation_1,downgrade_candidate
cloze,cloze_c1_0011,c1,b1,-2,under2 lex_p90=3.2,can_do_ref,c1_accessible_participation_1,downgrade_candidate
cloze,cloze_c1_0012,c1,b1,-2,under2 lex_p90=3.3,can_do_ref,c1_accessible_participation_1,downgrade_candidate
cloze,cloze_c1_0017,c1,b1,-2,under2 lex_p90=3.0,can_do_ref,c1_evidence_reasoning_1,downgrade_candidate
cloze,cloze_c1_0021,c1,b1,-2,under2 lex_p90=3.1,can_do_ref,c1_evidence_reasoning_1,downgrade_candidate
cloze,cloze_c1_0023,c1,b1,-2,under2 lex_p90=3.3,can_do_ref,c1_evidence_reasoning_1,downgrade_candidate
cloze,cloze_c1_0025,c1,b1,-2,under2 lex_p90=3.3,can_do_ref,c1_risk_communication_1,downgrade_candidate
cloze,cloze_c1_0027,c1,b1,-2,under2 lex_p90=3.2,can_do_ref,c1_risk_communication_1,downgrade_candidate
cloze,cloze_c1_0028,c1,a2,-3,under2 lex_p90=2.1,can_do_ref,c1_risk_communication_1,downgrade_candidate
cloze,cloze_c1_0031,c1,b1,-2,under2 grammar=nikl_g3_기_위해:3,can_do_ref,c1_risk_communication_1,downgrade_candidate
cloze,cloze_c1_0032,c1,b1,-2,under2 lex_p90=3.0,can_do_ref,c1_risk_communication_1,downgrade_candidate
cloze,cloze_c1_0033,c1,b1,-2,under2 lex_p90=3.4,can_do_ref,c1_risk_communication_1,downgrade_candidate
cloze,cloze_c1_0034,c1,b1,-2,under2 lex_p90=3.3,can_do_ref,c1_risk_communication_1,downgrade_candidate
cloze,cloze_c1_0036,c1,b1,-2,under2 lex_p90=3.2,can_do_ref,c1_risk_communication_1,downgrade_candidate
cloze,cloze_c1_0039,c1,b1,-2,under2 lex_p90=3.0,can_do_ref,c1_sustainable_tradeoffs_1,downgrade_candidate
cloze,cloze_c1_0040,c1,b1,-2,under2 lex_p90=3.0,can_do_ref,c1_sustainable_tradeoffs_1,downgrade_candidate
cloze,cloze_c1_0041,c1,b1,-2,under2 lex_p90=3.0,can_do_ref,c1_sustainable_tradeoffs_1,downgrade_candidate
cloze,cloze_c1_0044,c1,b1,-2,under2 lex_p90=3.0,can_do_ref,c1_sustainable_tradeoffs_1,downgrade_candidate
cloze,cloze_c1_0051,c1,b1,-2,under2 lex_p90=3.0,can_do_ref,,downgrade_candidate
cloze,cloze_c1_0056,c1,a2,-3,under2 grammar=nikl_g2_을_때:2,can_do_ref,c1_partner_family_framing_1,downgrade_candidate
cloze,cloze_c1_0058,c1,b1,-2,under2 lex_p90=2.6,can_do_ref,c1_partner_family_framing_1,downgrade_candidate
cloze,cloze_c1_0059,c1,b1,-2,under2 lex_p90=3.0,can_do_ref,c1_partner_family_framing_1,downgrade_candidate
cloze,cloze_c1_0060,c1,b1,-2,under2 lex_p90=2.8,can_do_ref,c1_partner_family_framing_1,downgrade_candidate
cloze,cloze_c1_0061,c1,a2,-3,under2 lex_p90=1.5,can_do_ref,c1_partner_family_framing_1,downgrade_candidate
cloze,cloze_c1_0062,c1,b1,-2,under2 lex_p90=3.0,can_do_ref,c1_partner_family_framing_1,downgrade_candidate
cloze,cloze_c1_0063,c1,b1,-2,under2 lex_p90=3.1,can_do_ref,c1_partner_family_framing_1,downgrade_candidate
cloze,cloze_c1_0064,c1,a2,-3,under2 lex_p90=1.7,can_do_ref,c1_partner_family_framing_1,downgrade_candidate
cloze,cloze_c1_0065,c1,a2,-3,under2 grammar=grammar_a2_tag_confirmation:2,can_do_ref,c1_partner_holiday_labor_1,downgrade_candidate
cloze,cloze_c1_0066,c1,b1,-2,under2 lex_p90=3.0,can_do_ref,c1_partner_holiday_labor_1,downgrade_candidate
cloze,cloze_c1_0067,c1,b1,-2,under2 lex_p90=3.0,can_do_ref,c1_partner_holiday_labor_1,downgrade_candidate
cloze,cloze_c1_0069,c1,a2,-3,under2 lex_p90=2.0,can_do_ref,c1_partner_holiday_labor_1,downgrade_candidate
cloze,cloze_c1_0071,c1,a2,-3,under2 lex_p90=2.0,can_do_ref,c1_partner_holiday_labor_1,downgrade_candidate
cloze,cloze_c1_0074,c1,a2,-3,under2 lex_p90=2.0,can_do_ref,c1_partner_holiday_labor_1,downgrade_candidate
cloze,cloze_c1_0076,c1,b1,-2,under2 lex_p90=3.0,can_do_ref,c1_partner_holiday_labor_1,downgrade_candidate
cloze,cloze_c1_0078,c1,b1,-2,under2 lex_p90=2.8,can_do_ref,c1_evidence_caveat_1,downgrade_candidate
cloze,cloze_c1_0083,c1,c2,1,over1 lex_p90=5.5,can_do_ref,c1_evidence_caveat_1,step_up_or_swap
cloze,cloze_c1_0084,c1,b1,-2,under2 lex_p90=3.0,can_do_ref,c1_evidence_caveat_1,downgrade_candidate
cloze,cloze_c1_0087,c1,a2,-3,under2 lex_p90=2.5,can_do_ref,c1_evidence_caveat_1,downgrade_candidate
cloze,cloze_c1_0089,c1,b1,-2,under2 lex_p90=3.0,can_do_ref,c1_public_briefing_1,downgrade_candidate
cloze,cloze_c1_0091,c1,a2,-3,under2 lex_p90=2.2,can_do_ref,c1_public_briefing_1,downgrade_candidate
cloze,cloze_c1_0093,c1,b1,-2,under2 grammar=nikl_g3_기_위해_v3:3,can_do_ref,c1_public_briefing_1,downgrade_candidate
cloze,cloze_c1_0095,c1,b1,-2,under2 lex_p90=3.0,can_do_ref,c1_public_briefing_1,downgrade_candidate
cloze,cloze_c1_0096,c1,b1,-2,under2 lex_p90=3.0,can_do_ref,c1_public_briefing_1,downgrade_candidate
cloze,cloze_c1_0097,c1,b1,-2,under2 lex_p90=2.6,can_do_ref,c1_public_briefing_1,downgrade_candidate
cloze,cloze_c1_0104,c1,b1,-2,under2 lex_p90=2.8,can_do_ref,c1_survey_design_1,downgrade_candidate
cloze,cloze_c1_0106,c1,b1,-2,under2 lex_p90=3.0,can_do_ref,c1_survey_design_1,downgrade_candidate
cloze,cloze_c1_0110,c1,b1,-2,under2 lex_p90=3.2,can_do_ref,c1_survey_design_1,downgrade_candidate
cloze,cloze_c1_0115,c1,a2,-3,under2 grammar=grammar_a2_tag_confirmation:2,can_do_ref,c1_risk_wording_1,downgrade_candidate
cloze,cloze_c1_0117,c1,b1,-2,under2 lex_p90=3.2,can_do_ref,c1_risk_wording_1,downgrade_candidate
cloze,cloze_c1_0123,c1,a2,-3,under2 grammar=grammar_a2_tag_confirmation:2,can_do_ref,c1_risk_wording_1,downgrade_candidate
cloze,cloze_c1_0125,c1,b1,-2,under2 lex_p90=3.0,can_do_ref,c1_access_cost_1,downgrade_candidate
cloze,cloze_c1_0130,c1,b1,-2,under2 lex_p90=3.0,can_do_ref,c1_access_cost_1,downgrade_candidate
cloze,cloze_c1_0132,c1,a2,-3,under2 grammar=grammar_a2_tag_confirmation:2,can_do_ref,c1_access_cost_1,downgrade_candidate
cloze,cloze_c1_0137,c1,b1,-2,under2 lex_p90=3.0,can_do_ref,c1_participation_design_1,downgrade_candidate
cloze,cloze_c1_0138,c1,b1,-2,under2 lex_p90=3.0,can_do_ref,c1_participation_design_1,downgrade_candidate
cloze,cloze_c1_0142,c1,b1,-2,under2 lex_p90=3.0,can_do_ref,c1_participation_design_1,downgrade_candidate
cloze,cloze_c1_0145,c1,a2,-3,under2 lex_p90=2.4,can_do_ref,c1_participation_design_1,downgrade_candidate
cloze,cloze_c1_0147,c1,a2,-3,under2 grammar=grammar_a2_conditional:2,can_do_ref,c1_participation_design_1,downgrade_candidate
cloze,cloze_c1_0152,c1,b1,-2,under2 lex_p90=3.0,can_do_ref,c1_local_tradeoff_1,downgrade_candidate
cloze,cloze_c1_0154,c1,b1,-2,under2 lex_p90=3.0,can_do_ref,c1_local_tradeoff_1,downgrade_candidate
cloze,cloze_c1_0155,c1,b1,-2,under2 lex_p90=3.0,can_do_ref,c1_local_tradeoff_1,downgrade_candidate
cloze,cloze_c1_0157,c1,b1,-2,under2 lex_p90=3.0,can_do_ref,c1_local_tradeoff_1,downgrade_candidate
cloze,cloze_c1_0159,c1,b1,-2,under2 lex_p90=3.2,can_do_ref,c1_local_tradeoff_1,downgrade_candidate
cloze,cloze_c1_0165,c1,b1,-2,under2 lex_p90=3.0,can_do_ref,c1_maintenance_burden_1,downgrade_candidate
cloze,cloze_c1_0166,c1,b1,-2,under2 lex_p90=3.4,can_do_ref,c1_maintenance_burden_1,downgrade_candidate
cloze,cloze_c1_0169,c1,a2,-3,under2 grammar=grammar_a2_conditional:2,can_do_ref,c1_maintenance_burden_1,downgrade_candidate
cloze,cloze_c1_0171,c1,b1,-2,under2 lex_p90=3.0,can_do_ref,c1_maintenance_burden_1,downgrade_candidate
cloze,cloze_c1_0172,c1,b1,-2,under2 lex_p90=3.4,can_do_ref,c1_maintenance_burden_1,downgrade_candidate
cloze,cloze_c1_0174,c1,b1,-2,under2 lex_p90=3.0,can_do_ref,c1_media_evidence_1,downgrade_candidate
cloze,cloze_c1_0175,c1,b1,-2,under2 lex_p90=3.0,can_do_ref,c1_media_evidence_1,downgrade_candidate
cloze,cloze_c1_0176,c1,a2,-3,under2 grammar=grammar_a2_conditional:2,can_do_ref,c1_media_evidence_1,downgrade_candidate
cloze,cloze_c1_0177,c1,b1,-2,under2 lex_p90=2.8,can_do_ref,c1_media_evidence_1,downgrade_candidate
cloze,cloze_c1_0179,c1,b1,-2,under2 lex_p90=2.7,can_do_ref,c1_media_evidence_1,downgrade_candidate
cloze,cloze_c1_0180,c1,a2,-3,under2 grammar=grammar_a2_conditional:2,can_do_ref,c1_media_evidence_1,downgrade_candidate
cloze,cloze_c1_0185,c1,b1,-2,under2 lex_p90=3.0,can_do_ref,c1_play_time_policy_1,downgrade_candidate
cloze,cloze_c1_0186,c1,b1,-2,under2 lex_p90=3.0,can_do_ref,c1_play_time_policy_1,downgrade_candidate
cloze,cloze_c1_0190,c1,b1,-2,under2 lex_p90=2.6,can_do_ref,c1_play_time_policy_1,downgrade_candidate
cloze,cloze_c1_0191,c1,a2,-3,under2 grammar=grammar_a2_conditional:2,can_do_ref,c1_play_time_policy_1,downgrade_candidate
cloze,cloze_c1_0193,c1,b1,-2,under2 lex_p90=3.0,can_do_ref,c1_play_time_policy_1,downgrade_candidate
cloze,cloze_c1_0194,c1,b1,-2,under2 lex_p90=3.0,can_do_ref,c1_play_time_policy_1,downgrade_candidate
cloze,cloze_c1_0196,c1,a2,-3,under2 lex_p90=1.7,can_do_ref,c1_play_time_policy_1,downgrade_candidate
cloze,cloze_c1_0197,c1,b1,-2,under2 lex_p90=2.8,can_do_ref,c1_fan_labor_1,downgrade_candidate
cloze,cloze_c1_0198,c1,b1,-2,under2 lex_p90=3.0,can_do_ref,c1_fan_labor_1,downgrade_candidate
cloze,cloze_c1_0199,c1,b1,-2,under2 lex_p90=3.0,can_do_ref,c1_fan_labor_1,downgrade_candidate
cloze,cloze_c1_0200,c1,b1,-2,under2 lex_p90=3.0,can_do_ref,c1_fan_labor_1,downgrade_candidate
cloze,cloze_c1_0201,c1,b1,-2,under2 lex_p90=2.7,can_do_ref,c1_fan_labor_1,downgrade_candidate
cloze,cloze_c1_0202,c1,b1,-2,under2 lex_p90=2.7,can_do_ref,c1_fan_labor_1,downgrade_candidate
cloze,cloze_c1_0204,c1,b1,-2,under2 lex_p90=3.0,can_do_ref,c1_fan_labor_1,downgrade_candidate
cloze,cloze_c1_0205,c1,b1,-2,under2 lex_p90=2.6,can_do_ref,c1_fan_labor_1,downgrade_candidate
cloze,cloze_c1_0212,c1,a2,-3,under2 grammar=grammar_a2_conditional:2,can_do_ref,c1_intimacy_safety_1,downgrade_candidate
cloze,cloze_c1_0213,c1,b1,-2,under2 lex_p90=3.2,can_do_ref,c1_intimacy_safety_1,downgrade_candidate
cloze,cloze_c1_0216,c1,b1,-2,under2 lex_p90=3.0,can_do_ref,c1_intimacy_safety_1,downgrade_candidate
cloze,cloze_c1_0218,c1,b1,-2,under2 lex_p90=3.4,can_do_ref,c1_intimacy_safety_1,downgrade_candidate
cloze,cloze_c1_0219,c1,a2,-3,under2 grammar=grammar_a2_tag_confirmation:2,can_do_ref,c1_intimacy_safety_1,downgrade_candidate
cloze,cloze_c1_0220,c1,b1,-2,under2 lex_p90=3.2,can_do_ref,c1_intimacy_safety_1,downgrade_candidate
cloze,cloze_c1_0223,c1,b1,-2,under2 lex_p90=3.0,can_do_ref,,downgrade_candidate
cloze,cloze_c1_0235,c1,b1,-2,under2 lex_p90=3.0,can_do_ref,c1_2026_social_topics_1,downgrade_candidate
cloze,cloze_c1_0240,c1,b1,-2,under2 lex_p90=3.4,can_do_ref,c1_2026_social_topics_1,downgrade_candidate
cloze,cloze_c1_0246,c1,b1,-2,under2 lex_p90=3.0,can_do_ref,c1_ai_culture_labor_2026_1,downgrade_candidate
cloze,cloze_c1_0247,c1,b1,-2,under2 lex_p90=3.4,can_do_ref,c1_ai_culture_labor_2026_1,downgrade_candidate
cloze,cloze_c1_0248,c1,b1,-2,under2 lex_p90=3.4,can_do_ref,c1_ai_culture_labor_2026_1,downgrade_candidate
cloze,cloze_c2_0001,c2,b2,-2,under2 lex_p90=4.2,can_do_ref,c2_institutional_mediation_1,downgrade_candidate
cloze,cloze_c2_0002,c2,b2,-2,under2 lex_p90=4.0,can_do_ref,c2_institutional_mediation_1,downgrade_candidate
cloze,cloze_c2_0003,c2,b1,-3,under2 lex_p90=3.2,can_do_ref,c2_institutional_mediation_1,downgrade_candidate
cloze,cloze_c2_0005,c2,b1,-3,under2 lex_p90=3.0,can_do_ref,c2_institutional_mediation_1,downgrade_candidate
cloze,cloze_c2_0006,c2,b2,-2,under2 lex_p90=4.0,can_do_ref,c2_institutional_mediation_1,downgrade_candidate
cloze,cloze_c2_0007,c2,b2,-2,under2 lex_p90=4.0,can_do_ref,c2_institutional_mediation_1,downgrade_candidate
cloze,cloze_c2_0008,c2,b2,-2,under2 lex_p90=4.4,can_do_ref,c2_institutional_mediation_1,downgrade_candidate
cloze,cloze_c2_0009,c2,b2,-2,under2 grammar=grammar_b2_even_if:4,can_do_ref,c2_institutional_mediation_1,downgrade_candidate
cloze,cloze_c2_0010,c2,b2,-2,under2 lex_p90=4.0,can_do_ref,c2_institutional_mediation_1,downgrade_candidate
cloze,cloze_c2_0011,c2,b1,-3,under2 lex_p90=3.2,can_do_ref,c2_institutional_mediation_1,downgrade_candidate
cloze,cloze_c2_0012,c2,b2,-2,under2 lex_p90=3.9,can_do_ref,c2_institutional_mediation_1,downgrade_candidate
cloze,cloze_c2_0013,c2,b1,-3,under2 lex_p90=3.4,can_do_ref,c2_narrative_perspective_1,downgrade_candidate
cloze,cloze_c2_0014,c2,b2,-2,under2 lex_p90=4.0,can_do_ref,c2_narrative_perspective_1,downgrade_candidate
cloze,cloze_c2_0015,c2,b2,-2,under2 lex_p90=4.0,can_do_ref,c2_narrative_perspective_1,downgrade_candidate
cloze,cloze_c2_0016,c2,b1,-3,under2 lex_p90=3.0,can_do_ref,c2_narrative_perspective_1,downgrade_candidate
cloze,cloze_c2_0017,c2,b1,-3,under2 lex_p90=3.4,can_do_ref,c2_narrative_perspective_1,downgrade_candidate
cloze,cloze_c2_0018,c2,b2,-2,under2 lex_p90=4.0,can_do_ref,c2_narrative_perspective_1,downgrade_candidate
cloze,cloze_c2_0019,c2,b2,-2,under2 lex_p90=4.2,can_do_ref,c2_narrative_perspective_1,downgrade_candidate
cloze,cloze_c2_0020,c2,b2,-2,under2 lex_p90=4.2,can_do_ref,c2_narrative_perspective_1,downgrade_candidate
cloze,cloze_c2_0021,c2,b2,-2,under2 lex_p90=4.0,can_do_ref,c2_narrative_perspective_1,downgrade_candidate
cloze,cloze_c2_0022,c2,b1,-3,under2 lex_p90=3.0,can_do_ref,c2_narrative_perspective_1,downgrade_candidate
cloze,cloze_c2_0023,c2,b1,-3,under2 lex_p90=3.0,can_do_ref,c2_narrative_perspective_1,downgrade_candidate
cloze,cloze_c2_0024,c2,b2,-2,under2 lex_p90=4.0,can_do_ref,c2_narrative_perspective_1,downgrade_candidate
cloze,cloze_c2_0025,c2,b2,-2,under2 lex_p90=4.0,can_do_ref,c2_language_framing_1,downgrade_candidate
cloze,cloze_c2_0026,c2,b2,-2,under2 lex_p90=4.2,can_do_ref,c2_language_framing_1,downgrade_candidate
cloze,cloze_c2_0027,c2,b2,-2,under2 lex_p90=4.2,can_do_ref,c2_language_framing_1,downgrade_candidate
cloze,cloze_c2_0028,c2,b2,-2,under2 lex_p90=4.0,can_do_ref,c2_language_framing_1,downgrade_candidate
cloze,cloze_c2_0029,c2,b2,-2,under2 lex_p90=4.0,can_do_ref,c2_language_framing_1,downgrade_candidate
cloze,cloze_c2_0030,c2,b2,-2,under2 lex_p90=4.2,can_do_ref,c2_language_framing_1,downgrade_candidate
cloze,cloze_c2_0031,c2,b1,-3,under2 lex_p90=3.0,can_do_ref,c2_language_framing_1,downgrade_candidate
cloze,cloze_c2_0033,c2,b1,-3,under2 length,can_do_ref,c2_language_framing_1,downgrade_candidate
cloze,cloze_c2_0035,c2,b2,-2,under2 lex_p90=4.4,can_do_ref,c2_language_framing_1,downgrade_candidate
cloze,cloze_c2_0036,c2,b2,-2,under2 lex_p90=4.2,can_do_ref,c2_language_framing_1,downgrade_candidate
cloze,cloze_c2_0037,c2,b2,-2,under2 lex_p90=4.0,can_do_ref,c2_technology_ethics_1,downgrade_candidate
cloze,cloze_c2_0038,c2,b2,-2,under2 grammar=grammar_b2_even_if:4,can_do_ref,c2_technology_ethics_1,downgrade_candidate
cloze,cloze_c2_0039,c2,b2,-2,under2 lex_p90=4.0,can_do_ref,c2_technology_ethics_1,downgrade_candidate
cloze,cloze_c2_0040,c2,b2,-2,under2 lex_p90=4.0,can_do_ref,c2_technology_ethics_1,downgrade_candidate
cloze,cloze_c2_0042,c2,b2,-2,under2 lex_p90=4.0,can_do_ref,c2_technology_ethics_1,downgrade_candidate
cloze,cloze_c2_0043,c2,b2,-2,under2 grammar=grammar_b2_even_if:4,can_do_ref,c2_technology_ethics_1,downgrade_candidate
cloze,cloze_c2_0044,c2,b2,-2,under2 lex_p90=4.0,can_do_ref,c2_technology_ethics_1,downgrade_candidate
cloze,cloze_c2_0045,c2,b2,-2,under2 lex_p90=4.0,can_do_ref,c2_technology_ethics_1,downgrade_candidate
cloze,cloze_c2_0046,c2,b2,-2,under2 lex_p90=4.0,can_do_ref,c2_technology_ethics_1,downgrade_candidate
cloze,cloze_c2_0047,c2,b2,-2,under2 lex_p90=4.0,can_do_ref,c2_technology_ethics_1,downgrade_candidate
cloze,cloze_c2_0048,c2,b2,-2,under2 grammar=grammar_b2_even_if:4,can_do_ref,c2_technology_ethics_1,downgrade_candidate
cloze,cloze_c2_0049,c2,b2,-2,under2 grammar=grammar_b2_even_if:4,can_do_ref,,downgrade_candidate
cloze,cloze_c2_0050,c2,b1,-3,under2 lex_p90=3.0,can_do_ref,,downgrade_candidate
cloze,cloze_c2_0051,c2,b2,-2,under2 grammar=grammar_b2_even_if:4,can_do_ref,,downgrade_candidate
cloze,cloze_c2_0053,c2,a2,-4,under2 grammar=grammar_a2_tag_confirmation:2,can_do_ref,c2_partner_inlaw_power_1,downgrade_candidate
cloze,cloze_c2_0054,c2,b2,-2,under2 lex_p90=4.0,can_do_ref,c2_partner_inlaw_power_1,downgrade_candidate
cloze,cloze_c2_0055,c2,a2,-4,under2 lex_p90=1.6,can_do_ref,c2_partner_inlaw_power_1,downgrade_candidate
cloze,cloze_c2_0056,c2,b2,-2,under2 lex_p90=4.0,can_do_ref,c2_partner_inlaw_power_1,downgrade_candidate
cloze,cloze_c2_0057,c2,b2,-2,under2 lex_p90=4.0,can_do_ref,c2_partner_inlaw_power_1,downgrade_candidate
cloze,cloze_c2_0059,c2,a2,-4,under2 grammar=grammar_a2_tag_confirmation:2,can_do_ref,c2_partner_inlaw_power_1,downgrade_candidate
cloze,cloze_c2_0060,c2,b2,-2,under2 lex_p90=3.5,can_do_ref,c2_partner_inlaw_power_1,downgrade_candidate
cloze,cloze_c2_0061,c2,b1,-3,under2 lex_p90=3.0,can_do_ref,c2_partner_inlaw_power_1,downgrade_candidate
cloze,cloze_c2_0062,c2,b1,-3,under2 lex_p90=3.4,can_do_ref,c2_partner_inlaw_power_1,downgrade_candidate
cloze,cloze_c2_0063,c2,a2,-4,under2 lex_p90=2.5,can_do_ref,c2_partner_inlaw_power_1,downgrade_candidate
cloze,cloze_c2_0064,c2,a2,-4,under2 lex_p90=2.0,can_do_ref,c2_partner_inlaw_power_1,downgrade_candidate
cloze,cloze_c2_0065,c2,b2,-2,under2 lex_p90=4.2,can_do_ref,c2_partner_name_memory_1,downgrade_candidate
cloze,cloze_c2_0066,c2,b2,-2,under2 lex_p90=3.6,can_do_ref,c2_partner_name_memory_1,downgrade_candidate
cloze,cloze_c2_0067,c2,a2,-4,under2 lex_p90=2.0,can_do_ref,c2_partner_name_memory_1,downgrade_candidate
cloze,cloze_c2_0068,c2,b2,-2,under2 lex_p90=4.5,can_do_ref,c2_partner_name_memory_1,downgrade_candidate
cloze,cloze_c2_0069,c2,b1,-3,under2 lex_p90=3.0,can_do_ref,c2_partner_name_memory_1,downgrade_candidate
cloze,cloze_c2_0070,c2,b2,-2,under2 grammar=grammar_b2_according_to:4,can_do_ref,c2_partner_name_memory_1,downgrade_candidate
cloze,cloze_c2_0071,c2,b2,-2,under2 lex_p90=3.6,can_do_ref,c2_partner_name_memory_1,downgrade_candidate
cloze,cloze_c2_0072,c2,a2,-4,under2 grammar=grammar_a2_tag_confirmation:2,can_do_ref,c2_partner_name_memory_1,downgrade_candidate
cloze,cloze_c2_0073,c2,b1,-3,under2 lex_p90=3.3,can_do_ref,c2_partner_name_memory_1,downgrade_candidate
cloze,cloze_c2_0074,c2,b2,-2,under2 grammar=grammar_b2_indirect_speech:4,can_do_ref,c2_partner_name_memory_1,downgrade_candidate
cloze,cloze_c2_0075,c2,a2,-4,under2 lex_p90=1.6,can_do_ref,c2_partner_name_memory_1,downgrade_candidate
cloze,cloze_c2_0076,c2,b1,-3,under2 lex_p90=3.0,can_do_ref,c2_partner_name_memory_1,downgrade_candidate
cloze,cloze_c2_0077,c2,b2,-2,under2 lex_p90=3.7,can_do_ref,c2_framing_analysis_1,downgrade_candidate
cloze,cloze_c2_0079,c2,b1,-3,under2 lex_p90=3.0,can_do_ref,c2_framing_analysis_1,downgrade_candidate
cloze,cloze_c2_0080,c2,b2,-2,under2 lex_p90=4.0,can_do_ref,c2_framing_analysis_1,downgrade_candidate
cloze,cloze_c2_0081,c2,b2,-2,under2 lex_p90=4.5,can_do_ref,c2_framing_analysis_1,downgrade_candidate
cloze,cloze_c2_0082,c2,a2,-4,under2 grammar=grammar_a2_conditional:2,can_do_ref,c2_framing_analysis_1,downgrade_candidate
cloze,cloze_c2_0083,c2,b1,-3,under2 lex_p90=3.0,can_do_ref,c2_framing_analysis_1,downgrade_candidate
cloze,cloze_c2_0084,c2,b2,-2,under2 lex_p90=4.0,can_do_ref,c2_framing_analysis_1,downgrade_candidate
cloze,cloze_c2_0085,c2,b2,-2,under2 lex_p90=4.0,can_do_ref,c2_framing_analysis_1,downgrade_candidate
cloze,cloze_c2_0086,c2,b1,-3,under2 lex_p90=3.0,can_do_ref,c2_framing_analysis_1,downgrade_candidate
cloze,cloze_c2_0087,c2,b1,-3,under2 lex_p90=3.0,can_do_ref,c2_framing_analysis_1,downgrade_candidate
cloze,cloze_c2_0088,c2,b2,-2,under2 lex_p90=4.0,can_do_ref,c2_framing_analysis_1,downgrade_candidate
cloze,cloze_c2_0090,c2,b2,-2,under2 lex_p90=3.5,can_do_ref,c2_institutional_voice_1,downgrade_candidate
cloze,cloze_c2_0091,c2,b2,-2,under2 lex_p90=3.5,can_do_ref,c2_institutional_voice_1,downgrade_candidate
cloze,cloze_c2_0092,c2,b1,-3,under2 lex_p90=2.8,can_do_ref,c2_institutional_voice_1,downgrade_candidate
cloze,cloze_c2_0093,c2,b1,-3,under2 lex_p90=3.0,can_do_ref,c2_institutional_voice_1,downgrade_candidate
cloze,cloze_c2_0094,c2,b2,-2,under2 lex_p90=4.0,can_do_ref,c2_institutional_voice_1,downgrade_candidate
cloze,cloze_c2_0095,c2,b2,-2,under2 grammar=grammar_b2_quoted_contractions:4,can_do_ref,c2_institutional_voice_1,downgrade_candidate
cloze,cloze_c2_0096,c2,b2,-2,under2 lex_p90=4.0,can_do_ref,c2_institutional_voice_1,downgrade_candidate
cloze,cloze_c2_0097,c2,b2,-2,under2 lex_p90=4.0,can_do_ref,c2_institutional_voice_1,downgrade_candidate
cloze,cloze_c2_0099,c2,b2,-2,under2 lex_p90=4.0,can_do_ref,c2_institutional_voice_1,downgrade_candidate
cloze,cloze_c2_0100,c2,b1,-3,under2 lex_p90=3.0,can_do_ref,c2_institutional_voice_1,downgrade_candidate
cloze,cloze_c2_0101,c2,b2,-2,under2 lex_p90=4.4,can_do_ref,c2_memory_narrative_1,downgrade_candidate
cloze,cloze_c2_0102,c2,a2,-4,under2 grammar=grammar_a2_conditional:2,can_do_ref,c2_memory_narrative_1,downgrade_candidate
cloze,cloze_c2_0103,c2,b1,-3,under2 lex_p90=3.0,can_do_ref,c2_memory_narrative_1,downgrade_candidate
cloze,cloze_c2_0104,c2,b2,-2,under2 lex_p90=3.7,can_do_ref,c2_memory_narrative_1,downgrade_candidate
cloze,cloze_c2_0105,c2,b1,-3,under2 lex_p90=3.0,can_do_ref,c2_memory_narrative_1,downgrade_candidate
cloze,cloze_c2_0106,c2,b2,-2,under2 lex_p90=3.7,can_do_ref,c2_memory_narrative_1,downgrade_candidate
cloze,cloze_c2_0107,c2,b1,-3,under2 lex_p90=3.0,can_do_ref,c2_memory_narrative_1,downgrade_candidate
cloze,cloze_c2_0108,c2,b2,-2,under2 lex_p90=4.5,can_do_ref,c2_memory_narrative_1,downgrade_candidate
cloze,cloze_c2_0109,c2,b2,-2,under2 lex_p90=3.5,can_do_ref,c2_memory_narrative_1,downgrade_candidate
cloze,cloze_c2_0110,c2,b2,-2,under2 lex_p90=4.0,can_do_ref,c2_memory_narrative_1,downgrade_candidate
cloze,cloze_c2_0111,c2,b2,-2,under2 lex_p90=4.0,can_do_ref,c2_memory_narrative_1,downgrade_candidate
cloze,cloze_c2_0113,c2,b2,-2,under2 lex_p90=4.0,can_do_ref,c2_authority_language_1,downgrade_candidate
cloze,cloze_c2_0114,c2,b1,-3,under2 lex_p90=3.3,can_do_ref,c2_authority_language_1,downgrade_candidate
cloze,cloze_c2_0115,c2,b2,-2,under2 lex_p90=4.0,can_do_ref,c2_authority_language_1,downgrade_candidate
cloze,cloze_c2_0116,c2,b2,-2,under2 lex_p90=3.5,can_do_ref,c2_authority_language_1,downgrade_candidate
cloze,cloze_c2_0117,c2,b1,-3,under2 lex_p90=3.0,can_do_ref,c2_authority_language_1,downgrade_candidate
cloze,cloze_c2_0118,c2,b2,-2,under2 lex_p90=4.0,can_do_ref,c2_authority_language_1,downgrade_candidate
cloze,cloze_c2_0119,c2,b1,-3,under2 lex_p90=2.7,can_do_ref,c2_authority_language_1,downgrade_candidate
cloze,cloze_c2_0120,c2,b2,-2,under2 lex_p90=4.4,can_do_ref,c2_authority_language_1,downgrade_candidate
cloze,cloze_c2_0121,c2,b2,-2,under2 lex_p90=3.5,can_do_ref,c2_authority_language_1,downgrade_candidate
cloze,cloze_c2_0123,c2,b1,-3,under2 lex_p90=3.4,can_do_ref,c2_authority_language_1,downgrade_candidate
cloze,cloze_c2_0124,c2,b1,-3,under2 lex_p90=3.0,can_do_ref,c2_authority_language_1,downgrade_candidate
cloze,cloze_c2_0125,c2,b2,-2,under2 lex_p90=4.0,can_do_ref,c2_appeal_path_1,downgrade_candidate
cloze,cloze_c2_0126,c2,b1,-3,under2 lex_p90=3.0,can_do_ref,c2_appeal_path_1,downgrade_candidate
cloze,cloze_c2_0127,c2,b2,-2,under2 lex_p90=4.0,can_do_ref,c2_appeal_path_1,downgrade_candidate
cloze,cloze_c2_0128,c2,b1,-3,under2 lex_p90=3.0,can_do_ref,c2_appeal_path_1,downgrade_candidate
cloze,cloze_c2_0129,c2,b2,-2,under2 lex_p90=4.0,can_do_ref,c2_appeal_path_1,downgrade_candidate
cloze,cloze_c2_0130,c2,a2,-4,under2 lex_p90=2.4,can_do_ref,c2_appeal_path_1,downgrade_candidate
cloze,cloze_c2_0131,c2,b1,-3,under2 lex_p90=3.0,can_do_ref,c2_appeal_path_1,downgrade_candidate
cloze,cloze_c2_0132,c2,b2,-2,under2 lex_p90=3.6,can_do_ref,c2_appeal_path_1,downgrade_candidate
cloze,cloze_c2_0133,c2,b2,-2,under2 lex_p90=3.6,can_do_ref,c2_appeal_path_1,downgrade_candidate
cloze,cloze_c2_0134,c2,b1,-3,under2 lex_p90=3.0,can_do_ref,c2_appeal_path_1,downgrade_candidate
cloze,cloze_c2_0136,c2,b1,-3,under2 lex_p90=3.0,can_do_ref,c2_appeal_path_1,downgrade_candidate
cloze,cloze_c2_0137,c2,b2,-2,under2 lex_p90=4.0,can_do_ref,c2_audit_trail_1,downgrade_candidate
cloze,cloze_c2_0138,c2,b2,-2,under2 lex_p90=4.5,can_do_ref,c2_audit_trail_1,downgrade_candidate
cloze,cloze_c2_0139,c2,b2,-2,under2 lex_p90=4.0,can_do_ref,c2_audit_trail_1,downgrade_candidate
cloze,cloze_c2_0140,c2,b2,-2,under2 lex_p90=4.3,can_do_ref,c2_audit_trail_1,downgrade_candidate
cloze,cloze_c2_0141,c2,b2,-2,under2 lex_p90=3.5,can_do_ref,c2_audit_trail_1,downgrade_candidate
cloze,cloze_c2_0142,c2,b1,-3,under2 lex_p90=2.7,can_do_ref,c2_audit_trail_1,downgrade_candidate
cloze,cloze_c2_0143,c2,b1,-3,under2 lex_p90=3.0,can_do_ref,c2_audit_trail_1,downgrade_candidate
cloze,cloze_c2_0144,c2,b2,-2,under2 lex_p90=3.5,can_do_ref,c2_audit_trail_1,downgrade_candidate
cloze,cloze_c2_0145,c2,b1,-3,under2 lex_p90=3.0,can_do_ref,c2_audit_trail_1,downgrade_candidate
cloze,cloze_c2_0146,c2,b2,-2,under2 lex_p90=4.0,can_do_ref,c2_audit_trail_1,downgrade_candidate
cloze,cloze_c2_0147,c2,b1,-3,under2 lex_p90=2.7,can_do_ref,c2_audit_trail_1,downgrade_candidate
cloze,cloze_c2_0150,c2,b1,-3,under2 lex_p90=3.0,can_do_ref,c2_withdrawal_right_1,downgrade_candidate
cloze,cloze_c2_0151,c2,b1,-3,under2 lex_p90=3.0,can_do_ref,c2_withdrawal_right_1,downgrade_candidate
cloze,cloze_c2_0152,c2,b2,-2,under2 lex_p90=3.5,can_do_ref,c2_withdrawal_right_1,downgrade_candidate
cloze,cloze_c2_0153,c2,b2,-2,under2 lex_p90=4.0,can_do_ref,c2_withdrawal_right_1,downgrade_candidate
cloze,cloze_c2_0154,c2,b2,-2,under2 lex_p90=4.0,can_do_ref,c2_withdrawal_right_1,downgrade_candidate
cloze,cloze_c2_0155,c2,b2,-2,under2 lex_p90=4.0,can_do_ref,c2_withdrawal_right_1,downgrade_candidate
cloze,cloze_c2_0156,c2,b1,-3,under2 lex_p90=3.3,can_do_ref,c2_withdrawal_right_1,downgrade_candidate
cloze,cloze_c2_0157,c2,b1,-3,under2 lex_p90=3.0,can_do_ref,c2_withdrawal_right_1,downgrade_candidate
cloze,cloze_c2_0158,c2,b1,-3,under2 lex_p90=3.0,can_do_ref,c2_withdrawal_right_1,downgrade_candidate
cloze,cloze_c2_0159,c2,b2,-2,under2 lex_p90=4.0,can_do_ref,c2_withdrawal_right_1,downgrade_candidate
cloze,cloze_c2_0161,c2,b2,-2,under2 lex_p90=3.5,can_do_ref,c2_automated_harm_1,downgrade_candidate
cloze,cloze_c2_0162,c2,b2,-2,under2 lex_p90=3.5,can_do_ref,c2_automated_harm_1,downgrade_candidate
cloze,cloze_c2_0163,c2,a2,-4,under2 lex_p90=2.0,can_do_ref,c2_automated_harm_1,downgrade_candidate
cloze,cloze_c2_0164,c2,b2,-2,under2 lex_p90=4.0,can_do_ref,c2_automated_harm_1,downgrade_candidate
cloze,cloze_c2_0165,c2,b2,-2,under2 lex_p90=4.5,can_do_ref,c2_automated_harm_1,downgrade_candidate
cloze,cloze_c2_0167,c2,b2,-2,under2 lex_p90=3.5,can_do_ref,c2_automated_harm_1,downgrade_candidate
cloze,cloze_c2_0169,c2,b2,-2,under2 lex_p90=4.0,can_do_ref,c2_automated_harm_1,downgrade_candidate
cloze,cloze_c2_0170,c2,b2,-2,under2 lex_p90=3.6,can_do_ref,c2_automated_harm_1,downgrade_candidate
cloze,cloze_c2_0171,c2,b1,-3,under2 lex_p90=3.0,can_do_ref,c2_automated_harm_1,downgrade_candidate
cloze,cloze_c2_0173,c2,b2,-2,under2 lex_p90=4.0,can_do_ref,c2_automation_redress_1,downgrade_candidate
cloze,cloze_c2_0174,c2,b2,-2,under2 lex_p90=3.5,can_do_ref,c2_automation_redress_1,downgrade_candidate
cloze,cloze_c2_0175,c2,a2,-4,under2 grammar=grammar_a2_tag_confirmation:2,can_do_ref,c2_automation_redress_1,downgrade_candidate
cloze,cloze_c2_0176,c2,b1,-3,under2 lex_p90=3.0,can_do_ref,c2_automation_redress_1,downgrade_candidate
cloze,cloze_c2_0177,c2,b2,-2,under2 lex_p90=4.0,can_do_ref,c2_automation_redress_1,downgrade_candidate
cloze,cloze_c2_0178,c2,b1,-3,under2 lex_p90=2.7,can_do_ref,c2_automation_redress_1,downgrade_candidate
cloze,cloze_c2_0179,c2,b2,-2,under2 lex_p90=4.0,can_do_ref,c2_automation_redress_1,downgrade_candidate
cloze,cloze_c2_0180,c2,b2,-2,under2 lex_p90=4.0,can_do_ref,c2_automation_redress_1,downgrade_candidate
cloze,cloze_c2_0181,c2,b2,-2,under2 lex_p90=4.4,can_do_ref,c2_automation_redress_1,downgrade_candidate
cloze,cloze_c2_0182,c2,b2,-2,under2 lex_p90=4.0,can_do_ref,c2_automation_redress_1,downgrade_candidate
cloze,cloze_c2_0183,c2,b2,-2,under2 lex_p90=4.2,can_do_ref,c2_automation_redress_1,downgrade_candidate
cloze,cloze_c2_0184,c2,b2,-2,under2 lex_p90=4.0,can_do_ref,c2_automation_redress_1,downgrade_candidate
cloze,cloze_c2_0186,c2,b2,-2,under2 lex_p90=3.6,can_do_ref,c2_sanction_accountability_1,downgrade_candidate
cloze,cloze_c2_0187,c2,b2,-2,under2 lex_p90=4.0,can_do_ref,c2_sanction_accountability_1,downgrade_candidate
cloze,cloze_c2_0188,c2,b1,-3,under2 lex_p90=3.0,can_do_ref,c2_sanction_accountability_1,downgrade_candidate
cloze,cloze_c2_0190,c2,b2,-2,under2 lex_p90=3.5,can_do_ref,c2_sanction_accountability_1,downgrade_candidate
cloze,cloze_c2_0191,c2,b1,-3,under2 lex_p90=3.2,can_do_ref,c2_sanction_accountability_1,downgrade_candidate
cloze,cloze_c2_0192,c2,a2,-4,under2 lex_p90=2.0,can_do_ref,c2_sanction_accountability_1,downgrade_candidate
cloze,cloze_c2_0193,c2,b1,-3,under2 lex_p90=3.4,can_do_ref,c2_sanction_accountability_1,downgrade_candidate
cloze,cloze_c2_0194,c2,b1,-3,under2 lex_p90=3.0,can_do_ref,c2_sanction_accountability_1,downgrade_candidate
cloze,cloze_c2_0195,c2,b2,-2,under2 lex_p90=4.0,can_do_ref,c2_sanction_accountability_1,downgrade_candidate
cloze,cloze_c2_0196,c2,b1,-3,under2 grammar=grammar_b1_more_more:3,can_do_ref,c2_sanction_accountability_1,downgrade_candidate
cloze,cloze_c2_0197,c2,b1,-3,under2 lex_p90=2.7,can_do_ref,c2_relationship_narratives_1,downgrade_candidate
cloze,cloze_c2_0198,c2,b1,-3,under2 lex_p90=2.7,can_do_ref,c2_relationship_narratives_1,downgrade_candidate
cloze,cloze_c2_0199,c2,a2,-4,under2 lex_p90=2.0,can_do_ref,c2_relationship_narratives_1,downgrade_candidate
cloze,cloze_c2_0200,c2,b2,-2,under2 lex_p90=4.0,can_do_ref,c2_relationship_narratives_1,downgrade_candidate
cloze,cloze_c2_0201,c2,b2,-2,under2 lex_p90=3.6,can_do_ref,c2_relationship_narratives_1,downgrade_candidate
cloze,cloze_c2_0202,c2,b1,-3,under2 lex_p90=2.6,can_do_ref,c2_relationship_narratives_1,downgrade_candidate
cloze,cloze_c2_0203,c2,b2,-2,under2 lex_p90=4.4,can_do_ref,c2_relationship_narratives_1,downgrade_candidate
cloze,cloze_c2_0204,c2,b1,-3,under2 lex_p90=3.0,can_do_ref,c2_relationship_narratives_1,downgrade_candidate
cloze,cloze_c2_0205,c2,b2,-2,under2 grammar=grammar_b2_according_to:4,can_do_ref,c2_relationship_narratives_1,downgrade_candidate
cloze,cloze_c2_0206,c2,b1,-3,under2 lex_p90=3.0,can_do_ref,c2_relationship_narratives_1,downgrade_candidate
cloze,cloze_c2_0207,c2,b1,-3,under2 lex_p90=3.2,can_do_ref,c2_relationship_narratives_1,downgrade_candidate
cloze,cloze_c2_0208,c2,b1,-3,under2 lex_p90=3.0,can_do_ref,c2_relationship_narratives_1,downgrade_candidate
cloze,cloze_c2_0209,c2,a2,-4,under2 lex_p90=2.0,can_do_ref,c2_fandom_discourse_1,downgrade_candidate
cloze,cloze_c2_0210,c2,a2,-4,under2 grammar=grammar_a2_conditional:2,can_do_ref,c2_fandom_discourse_1,downgrade_candidate
cloze,cloze_c2_0211,c2,b1,-3,under2 lex_p90=3.0,can_do_ref,c2_fandom_discourse_1,downgrade_candidate
cloze,cloze_c2_0212,c2,a2,-4,under2 grammar=grammar_a2_tag_confirmation:2,can_do_ref,c2_fandom_discourse_1,downgrade_candidate
cloze,cloze_c2_0213,c2,b2,-2,under2 lex_p90=4.0,can_do_ref,c2_fandom_discourse_1,downgrade_candidate
cloze,cloze_c2_0214,c2,a2,-4,under2 lex_p90=2.0,can_do_ref,c2_fandom_discourse_1,downgrade_candidate
cloze,cloze_c2_0215,c2,b1,-3,under2 lex_p90=3.0,can_do_ref,c2_fandom_discourse_1,downgrade_candidate
cloze,cloze_c2_0216,c2,b1,-3,under2 lex_p90=3.0,can_do_ref,c2_fandom_discourse_1,downgrade_candidate
cloze,cloze_c2_0217,c2,b2,-2,under2 lex_p90=3.6,can_do_ref,c2_fandom_discourse_1,downgrade_candidate
cloze,cloze_c2_0218,c2,b2,-2,under2 lex_p90=3.6,can_do_ref,c2_fandom_discourse_1,downgrade_candidate
cloze,cloze_c2_0219,c2,b2,-2,under2 lex_p90=4.0,can_do_ref,c2_fandom_discourse_1,downgrade_candidate
cloze,cloze_c2_0220,c2,b1,-3,under2 lex_p90=2.6,can_do_ref,c2_fandom_discourse_1,downgrade_candidate
cloze,cloze_c2_0221,c2,b2,-2,under2 lex_p90=4.3,can_do_ref,,downgrade_candidate
cloze,cloze_c2_0222,c2,b1,-3,under2 lex_p90=3.2,can_do_ref,,downgrade_candidate
cloze,cloze_c2_0223,c2,b2,-2,under2 lex_p90=4.0,can_do_ref,,downgrade_candidate
cloze,cloze_c2_0224,c2,b2,-2,under2 grammar=grammar_b2_even_if:4,can_do_ref,,downgrade_candidate
cloze,cloze_c2_0225,c2,b2,-2,under2 lex_p90=4.0,can_do_ref,,downgrade_candidate
cloze,cloze_c2_0226,c2,b1,-3,under2 lex_p90=3.4,can_do_ref,,downgrade_candidate
cloze,cloze_c2_0228,c2,b2,-2,under2 lex_p90=4.0,can_do_ref,,downgrade_candidate
cloze,cloze_c2_0231,c2,b1,-3,under2 lex_p90=3.0,can_do_ref,,downgrade_candidate
cloze,cloze_c2_0232,c2,b2,-2,under2 lex_p90=4.0,can_do_ref,,downgrade_candidate
cloze,cloze_c2_0233,c2,b1,-3,under2 lex_p90=3.4,can_do_ref,c2_2026_social_topics_1,downgrade_candidate
cloze,cloze_c2_0234,c2,b2,-2,under2 lex_p90=4.0,can_do_ref,c2_2026_social_topics_1,downgrade_candidate
cloze,cloze_c2_0235,c2,b2,-2,under2 lex_p90=4.0,can_do_ref,c2_2026_social_topics_1,downgrade_candidate
cloze,cloze_c2_0236,c2,b2,-2,under2 lex_p90=4.0,can_do_ref,c2_2026_social_topics_1,downgrade_candidate
cloze,cloze_c2_0237,c2,b2,-2,under2 lex_p90=4.2,can_do_ref,c2_2026_social_topics_1,downgrade_candidate
cloze,cloze_c2_0238,c2,b2,-2,under2 lex_p90=4.1,can_do_ref,c2_2026_social_topics_1,downgrade_candidate
cloze,cloze_c2_0239,c2,b1,-3,under2 lex_p90=3.0,can_do_ref,c2_2026_social_topics_1,downgrade_candidate
cloze,cloze_c2_0240,c2,b1,-3,under2 lex_p90=3.2,can_do_ref,c2_2026_social_topics_1,downgrade_candidate
cloze,cloze_c2_0241,c2,b2,-2,under2 lex_p90=4.2,can_do_ref,c2_2026_social_topics_1,downgrade_candidate
cloze,cloze_c2_0242,c2,b2,-2,under2 lex_p90=4.4,can_do_ref,c2_2026_social_topics_1,downgrade_candidate
cloze,cloze_c2_0243,c2,b2,-2,under2 lex_p90=4.0,can_do_ref,c2_2026_social_topics_1,downgrade_candidate
cloze,cloze_c2_0244,c2,b2,-2,under2 lex_p90=4.0,can_do_ref,c2_2026_social_topics_1,downgrade_candidate
cloze,cloze_c2_0245,c2,b1,-3,under2 lex_p90=3.0,can_do_ref,c2_demography_accountability_2026_1,downgrade_candidate
cloze,cloze_c2_0246,c2,b2,-2,under2 lex_p90=3.9,can_do_ref,c2_demography_accountability_2026_1,downgrade_candidate
cloze,cloze_c2_0247,c2,b2,-2,under2 lex_p90=4.0,can_do_ref,c2_demography_accountability_2026_1,downgrade_candidate
cloze,cloze_c2_0248,c2,b1,-3,under2 lex_p90=3.2,can_do_ref,c2_demography_accountability_2026_1,downgrade_candidate
cloze,cloze_c2_0249,c2,b2,-2,under2 lex_p90=4.3,can_do_ref,c2_demography_accountability_2026_1,downgrade_candidate
grammar,grammar_a1_from_to,a1,a2,1,over1 grammar=grammar_a2_tag_confirmation:2,can_do_ref,,step_up_or_swap
grammar,grammar_a1_from_until,a1,a2,1,over1 grammar=grammar_a2_tag_confirmation:2,can_do_ref,,step_up_or_swap
grammar,grammar_a1_long_negation,a1,b1,2,over2 lex_p90=2.8,can_do_ref,,bundle_move
grammar,grammar_a1_motion_purpose,a1,a2,1,over1 lex_p90=1.8,can_do_ref,,step_up_or_swap
grammar,grammar_a1_polite_prohibition,a1,a2,1,over1 grammar=grammar_a2_tag_confirmation:2,can_do_ref,,step_up_or_swap
grammar,grammar_a1_with_connector,a1,a2,1,over1 grammar=grammar_a2_like:2,can_do_ref,,step_up_or_swap
grammar,grammar_a2_preference_question,a2,b2,2,over2 grammar=grammar_b2_quoted_contractions:4,can_do_ref,,bundle_move
grammar,grammar_a2_preference_soft_batch20,a2,b1,1,over1 lex_p90=3.0,can_do_ref,,step_up_or_swap
grammar,grammar_a2_prohibition,a2,b1,1,over1 grammar=nikl_g3_으면_안_되다_v1:3,can_do_ref,,step_up_or_swap
grammar,grammar_a2_purpose,a2,b1,1,over1 grammar=nikl_g3_기_위해_v3:3,can_do_ref,,step_up_or_swap
grammar,grammar_b1_after,b1,a1,-2,under2 grammar=grammar_a1_object_particle:1,can_do_ref,,downgrade_candidate
grammar,grammar_b1_as_soon_as,b1,b2,1,over1 lex_p90=4.0,can_do_ref,,step_up_or_swap
grammar,grammar_b1_before,b1,a1,-2,under2 grammar=nikl_g1_기_전에_v1:1,can_do_ref,,downgrade_candidate
grammar,grammar_b1_decision,b1,a1,-2,under2 grammar=grammar_a1_direction_means:1,can_do_ref,,downgrade_candidate
grammar,grammar_b1_even_if_light,b1,a1,-2,under2 grammar=grammar_a1_object_particle:1,can_do_ref,,downgrade_candidate
grammar,grammar_b1_expectation,b1,a1,-2,under2 grammar=grammar_a1_polite_request:1,can_do_ref,,downgrade_candidate
grammar,grammar_b1_future_probability,b1,a1,-2,under2 grammar=grammar_a1_subject_particle:1,can_do_ref,,downgrade_candidate
grammar,grammar_b1_honorific_si,b1,a1,-2,under2 grammar=grammar_a1_object_particle:1,can_do_ref,,downgrade_candidate
grammar,grammar_b1_honorific_subject_kkeyseo,b1,a1,-2,under2 grammar=grammar_a1_polite_present:1,can_do_ref,,downgrade_candidate
grammar,grammar_b1_indirect_speech,b1,a1,-2,under2 grammar=grammar_a1_subject_particle:1,can_do_ref,,downgrade_candidate
grammar,grammar_b1_intention,b1,a1,-2,under2 grammar=grammar_a1_object_particle:1,can_do_ref,,downgrade_candidate
grammar,grammar_b1_irregular_hieut,b1,b2,1,over1 grammar=grammar_b2_quoted_contractions:4,can_do_ref,,step_up_or_swap
grammar,grammar_b1_irregular_reu,b1,a1,-2,under2 lex_p90=1.0,can_do_ref,,downgrade_candidate
grammar,grammar_b1_more_more,b1,c2,3,over2 lex_p90=5.5,can_do_ref,,bundle_move
grammar,grammar_b1_nominalizer_gi,b1,a1,-2,under2 grammar=grammar_a1_topic_particle:1,can_do_ref,,downgrade_candidate
grammar,grammar_b1_obligation,b1,a1,-2,under2 grammar=grammar_a1_polite_present:1,can_do_ref,,downgrade_candidate
grammar,grammar_b1_reason_context,b1,b2,1,over1 grammar=grammar_b2_unexpected_cause:4,can_do_ref,,step_up_or_swap
grammar,grammar_b1_recalled_past,b1,a1,-2,under2 grammar=grammar_a1_subject_particle:1,can_do_ref,,downgrade_candidate
grammar,grammar_b1_self_should,b1,a1,-2,under2 grammar=grammar_a1_topic_particle:1,can_do_ref,,downgrade_candidate
grammar,grammar_b1_state_while,b1,b2,1,over1 lex_p90=3.6,can_do_ref,,step_up_or_swap
grammar,grammar_b2_addition_even,b2,a2,-2,under2 grammar=grammar_a2_tag_confirmation:2,can_do_ref,,downgrade_candidate
grammar,grammar_b2_as_long_as,b2,a2,-2,under2 lex_p90=2.0,can_do_ref,,downgrade_candidate
grammar,grammar_b2_counterfactual_past,b2,a2,-2,under2 grammar=grammar_a2_conditional:2,can_do_ref,,downgrade_candidate
grammar,grammar_b2_formal_concession,b2,a2,-2,under2 grammar=grammar_a2_tag_confirmation:2,can_do_ref,,downgrade_candidate
grammar,grammar_b2_formal_intention,b2,a2,-2,under2 lex_p90=1.9,can_do_ref,,downgrade_candidate
grammar,grammar_b2_formal_regarding,b2,c1,1,over1 lex_p90=4.7,can_do_ref,,step_up_or_swap
grammar,grammar_b2_futility,b2,a1,-3,under2 grammar=grammar_a1_subject_particle:1,can_do_ref,,downgrade_candidate
grammar,grammar_b2_indirect_speech,b2,a1,-3,under2 lex_p90=1.0,can_do_ref,,downgrade_candidate
grammar,grammar_b2_not_only,b2,a2,-2,under2 lex_p90=1.8,can_do_ref,,downgrade_candidate
grammar,grammar_b2_outcome_depends,b2,a2,-2,under2 grammar=nikl_g2_어_있다:2,can_do_ref,,downgrade_candidate
grammar,grammar_b2_practically,b2,a2,-2,under2 grammar=grammar_a2_tag_confirmation:2,can_do_ref,,downgrade_candidate
grammar,grammar_b2_pretense_contrast,b2,a2,-2,under2 grammar=grammar_a2_simultaneous:2,can_do_ref,,downgrade_candidate
grammar,grammar_b2_quoted_contractions,b2,c1,1,over1 lex_p90=4.6,can_do_ref,,step_up_or_swap
grammar,grammar_b2_rather_than_direct,b2,a2,-2,under2 lex_p90=1.7,can_do_ref,,downgrade_candidate
grammar,grammar_b2_summary_judgment,b2,a1,-3,under2 grammar=grammar_a1_subject_particle:1,can_do_ref,,downgrade_candidate
grammar,grammar_b2_worry,b2,a1,-3,under2 grammar=grammar_a1_subject_particle:1,can_do_ref,,downgrade_candidate
grammar,grammar_b2_worth_doing,b2,a1,-3,under2 grammar=grammar_a1_subject_particle:1,can_do_ref,,downgrade_candidate
grammar,grammar_c1_burden_recipient_batch20,c1,b1,-2,under2 lex_p90=3.0,can_do_ref,,downgrade_candidate
grammar,grammar_c1_difficult_to_conclude_batch20,c1,b1,-2,under2 lex_p90=3.0,can_do_ref,,downgrade_candidate
grammar,grammar_c1_given_situation,c1,b1,-2,under2 lex_p90=3.0,can_do_ref,,downgrade_candidate
grammar,grammar_c1_insufficient_for,c1,a2,-3,under2 lex_p90=1.7,can_do_ref,,downgrade_candidate
grammar,grammar_c1_no_exaggeration,c1,b1,-2,under2 lex_p90=3.0,can_do_ref,,downgrade_candidate
grammar,grammar_c1_rather_than,c1,b1,-2,under2 grammar=grammar_b1_tendency:3,can_do_ref,,downgrade_candidate
grammar,grammar_c2_as_if_framing,c2,b2,-2,under2 grammar=nikl_g4_더군_v1:4,can_do_ref,,downgrade_candidate
grammar,grammar_c2_defined_as,c2,b2,-2,under2 lex_p90=4.4,can_do_ref,,downgrade_candidate
grammar,grammar_c2_even_if_concession,c2,b1,-3,under2 lex_p90=3.2,can_do_ref,,downgrade_candidate
grammar,grammar_c2_expected_assumption,c2,b2,-2,under2 lex_p90=4.0,can_do_ref,,downgrade_candidate
grammar,grammar_c2_if_indeed,c2,b2,-2,under2 lex_p90=4.0,can_do_ref,,downgrade_candidate
grammar,grammar_c2_merely_on_grounds,c2,b1,-3,under2 lex_p90=2.6,can_do_ref,,downgrade_candidate
grammar,grammar_c2_no_matter_how,c2,a2,-4,under2 grammar=grammar_a2_tag_confirmation:2,can_do_ref,,downgrade_candidate
grammar,grammar_c2_no_more_than_doing,c2,a2,-4,under2 lex_p90=2.0,can_do_ref,,downgrade_candidate
grammar,grammar_c2_no_reduction_batch20,c2,b2,-2,under2 lex_p90=4.5,can_do_ref,,downgrade_candidate
grammar,grammar_c2_nothing_more_than,c2,b2,-2,under2 lex_p90=4.1,can_do_ref,,downgrade_candidate
grammar,grammar_c2_premise_review_batch20,c2,b2,-2,under2 lex_p90=4.0,can_do_ref,,downgrade_candidate
grammar,grammar_c2_regardless_of_kin,c2,b2,-2,under2 lex_p90=4.0,can_do_ref,,downgrade_candidate
grammar,grammar_c2_responsibility_remains,c2,b2,-2,under2 grammar=nikl_g4_고_해서:4,can_do_ref,,downgrade_candidate
media,media_002,a1,a2,1,over1 lex_p90=1.9,,,step_up_or_swap
media,media_003,a1,b2,3,over2 lex_p90=3.7,,,bundle_move
media,media_004,a1,a2,1,over1 grammar=grammar_a2_like:2,,,step_up_or_swap
media,media_005,a1,a2,1,over1 grammar=grammar_a2_tag_confirmation:2,,,step_up_or_swap
media,media_006,a1,b1,2,over2 lex_p90=2.9,,,bundle_move
media,media_010,a1,b1,2,over2 lex_p90=2.8,,,bundle_move
media,media_012,a1,a2,1,over1 lex_p90=2.0,,,step_up_or_swap
media,media_014,a1,a2,1,over1 lex_p90=1.9,,,step_up_or_swap
media,media_015,a1,b1,2,fallback_over2 fallback:basic2023 lex_p90=2.9,,,review_fallback
media,media_019,a1,a2,1,over1 lex_p90=1.9,,,step_up_or_swap
media,media_020,a1,a2,1,over1 lex_p90=1.8,,,step_up_or_swap
media,media_021,a2,b1,1,over1 grammar=nikl_g3_으면_안_되다_v1:3,,,step_up_or_swap
media,media_028,a2,b2,2,over2 lex_p90=3.7,,,bundle_move
media,media_032,a2,b1,1,over1 lex_p90=2.6,,,step_up_or_swap
media,media_036,a2,b1,1,over1 lex_p90=2.8,,,step_up_or_swap
media,media_041,a1,a2,1,over1 grammar=grammar_a2_try_experience:2,,,step_up_or_swap
media,media_044,a2,b1,1,over1 lex_p90=3.0,,,step_up_or_swap
media,media_046,a2,b2,2,over2 lex_p90=3.9,,,bundle_move
media,media_055,a2,b1,1,over1 lex_p90=2.7,,,step_up_or_swap
media,media_056,a2,b1,1,over1 grammar=nikl_g3_으면_안_되다_v3:3,,,step_up_or_swap
media,media_057,a1,a2,1,over1 lex_p90=1.7,,,step_up_or_swap
media,media_059,a1,a2,1,over1 lex_p90=1.9,,,step_up_or_swap
media,media_060,a2,b1,1,over1 grammar=nikl_g3_으면_좋겠다:3,,,step_up_or_swap
media,media_069,a2,b2,2,over2 lex_p90=3.6,,,bundle_move
media,media_078,a1,a2,1,over1 grammar=grammar_a2_permission:2,,,step_up_or_swap
media,media_084,b1,b2,1,over1 lex_p90=4.0,,,step_up_or_swap
media,media_085,b1,b2,1,over1 lex_p90=4.0,,,step_up_or_swap
media,media_100,c1,b1,-2,under2 lex_p90=3.4,,,downgrade_candidate
media,media_105,c2,b2,-2,under2 lex_p90=4.2,,,downgrade_candidate
media,media_106,c2,b2,-2,under2 lex_p90=4.1,,,downgrade_candidate
media,media_107,c2,b1,-3,under2 lex_p90=3.0,,,downgrade_candidate
media,media_108,c2,b1,-3,under2 lex_p90=3.2,,,downgrade_candidate
media,media_109,c2,b2,-2,under2 lex_p90=4.2,,,downgrade_candidate
media,media_110,c2,b2,-2,under2 lex_p90=4.4,,,downgrade_candidate
media,media_111,c2,b2,-2,under2 lex_p90=4.0,,,downgrade_candidate
media,media_112,c2,b2,-2,under2 lex_p90=4.0,,,downgrade_candidate
media,media_114,a1,a2,1,over1 lex_p90=2.0,,,step_up_or_swap
media,media_117,a2,b1,1,over1 lex_p90=2.8,,,step_up_or_swap
media,media_118,a2,b1,1,over1 lex_p90=2.8,,,step_up_or_swap
media,media_129,c1,b1,-2,under2 lex_p90=3.0,,,downgrade_candidate
media,media_133,c2,b2,-2,under2 lex_p90=3.9,,,downgrade_candidate
media,media_134,c2,b2,-2,under2 lex_p90=4.3,,,downgrade_candidate
media,media_136,c2,b2,-2,under2 lex_p90=4.0,,,downgrade_candidate
pronunciation,pronunciation_a1_0004,a1,b1,2,over2 lex_p90=2.8,,,bundle_move
pronunciation,pronunciation_a1_0007,a1,a2,1,over1 lex_p90=1.9,,,step_up_or_swap
pronunciation,pronunciation_a2_0009,a2,b1,1,over1 lex_p90=2.8,,,step_up_or_swap
pronunciation,pronunciation_a2_0010,a2,b1,1,over1 lex_p90=3.0,,,step_up_or_swap
pronunciation,pronunciation_b1_0006,b1,b2,1,over1 lex_p90=4.0,,,step_up_or_swap
pronunciation,pronunciation_b1_0009,b1,b2,1,over1 lex_p90=4.2,,,step_up_or_swap
pronunciation,pronunciation_b1_0010,b1,b2,1,over1 lex_p90=3.6,,,step_up_or_swap
pronunciation,pronunciation_b2_0001,b2,c1,1,over1 lex_p90=5.3,,,step_up_or_swap
pronunciation,pronunciation_b2_0002,b2,a2,-2,under2 lex_p90=2.4,,,downgrade_candidate
pronunciation,pronunciation_b2_0004,b2,a2,-2,under2 grammar=grammar_a2_conditional:2,,,downgrade_candidate
pronunciation,pronunciation_b2_0011,b2,a2,-2,under2 grammar=grammar_a2_tag_confirmation:2,,,downgrade_candidate
pronunciation,pronunciation_c1_0003,c1,b1,-2,under2 lex_p90=3.0,,,downgrade_candidate
pronunciation,pronunciation_c1_0004,c1,b1,-2,under2 lex_p90=3.4,,,downgrade_candidate
pronunciation,pronunciation_c1_0007,c1,b1,-2,under2 lex_p90=3.0,,,downgrade_candidate
pronunciation,pronunciation_c2_0001,c2,b2,-2,under2 grammar=grammar_b2_even_if:4,,,downgrade_candidate
pronunciation,pronunciation_c2_0002,c2,b1,-3,under2 lex_p90=2.7,,,downgrade_candidate
pronunciation,pronunciation_c2_0003,c2,b2,-2,under2 lex_p90=4.0,,,downgrade_candidate
pronunciation,pronunciation_c2_0005,c2,b2,-2,under2 lex_p90=4.3,,,downgrade_candidate
pronunciation,pronunciation_c2_0006,c2,b1,-3,under2 lex_p90=3.2,,,downgrade_candidate
pronunciation,pronunciation_c2_0007,c2,b2,-2,under2 lex_p90=4.0,,,downgrade_candidate
pronunciation,pronunciation_c2_0008,c2,b2,-2,under2 grammar=grammar_b2_even_if:4,,,downgrade_candidate
pronunciation,pronunciation_c2_0009,c2,b2,-2,under2 lex_p90=4.0,,,downgrade_candidate
pronunciation,pronunciation_c2_0010,c2,b1,-3,under2 lex_p90=3.4,,,downgrade_candidate
pronunciation,pronunciation_c2_0012,c2,b2,-2,under2 lex_p90=4.0,,,downgrade_candidate
pronunciation,pronunciation_c2_0015,c2,b1,-3,under2 lex_p90=3.0,,,downgrade_candidate
pronunciation,pronunciation_c2_0016,c2,b2,-2,under2 lex_p90=4.0,,,downgrade_candidate
pronunciation,pronunciation_c2_0017,c2,b1,-3,under2 lex_p90=3.0,,,downgrade_candidate
satz,satz_a1_0007,a1,a2,1,over1 grammar=grammar_a2_tag_confirmation:2,,a1_family_1,step_up_or_swap
satz,satz_a1_0009,a1,a2,1,over1 grammar=grammar_a2_like:2,,a1_family_2,step_up_or_swap
satz,satz_a1_0010,a1,a2,1,over1 grammar=grammar_a2_tag_confirmation:2,,,step_up_or_swap
satz,satz_a1_0016,a1,a2,1,over1 grammar=grammar_a2_like:2,,a1_time_1,step_up_or_swap
satz,satz_a1_0023,a1,b1,2,fallback_over2 fallback:basic2023 lex_p90=2.8,,a1_numbers_1,review_fallback
satz,satz_a1_0029,a1,a2,1,over1 grammar=grammar_a2_like:2,,a1_numbers_2,step_up_or_swap
satz,satz_a1_0034,a1,a2,1,over1 grammar=grammar_a2_tag_confirmation:2,,a1_numbers_3,step_up_or_swap
satz,satz_a1_0046,a1,a2,1,over1 grammar=grammar_a2_permission:2,,a1_position,step_up_or_swap
satz,satz_a1_0048,a1,a2,1,over1 grammar=grammar_a2_only_negative:2,,a1_position,step_up_or_swap
satz,satz_a1_0053,a1,a2,1,over1 grammar=grammar_a2_like:2,,a1_self_intro,step_up_or_swap
satz,satz_a1_0054,a1,b1,2,over2 lex_p90=3.1,,a1_position,bundle_move
satz,satz_a1_0070,a1,a2,1,over1 grammar=grammar_a2_dative_person:2,,a1_partner_meet_names_1,step_up_or_swap
satz,satz_a1_0072,a1,a2,1,over1 lex_p90=1.7,,a1_partner_meet_names_1,step_up_or_swap
satz,satz_a1_0073,a1,a2,1,over1 grammar=grammar_a2_simultaneous:2,,a1_partner_meet_names_1,step_up_or_swap
satz,satz_a1_0075,a1,a2,1,over1 grammar=grammar_a2_tag_confirmation:2,,a1_partner_meet_names_1,step_up_or_swap
satz,satz_a1_0079,b1,b2,1,over1 lex_p90=3.7,,b1_partner_first_gift_1,step_up_or_swap
satz,satz_a1_0086,b1,a1,-2,under2 grammar=grammar_a1_direction_means:1,,b1_partner_first_gift_1,downgrade_candidate
satz,satz_a1_0091,a2,b2,2,over2 grammar=grammar_b2_indirect_speech:4,,a2_partner_house_entry_1,bundle_move
satz,satz_a1_0100,a1,a2,1,over1 grammar=grammar_a2_tag_confirmation:2,,a1_partner_table_basic_1,step_up_or_swap
satz,satz_a1_0101,a1,b1,2,over2 lex_p90=2.8,,a1_partner_table_basic_1,bundle_move
satz,satz_a1_0102,a1,a2,1,over1 grammar=grammar_a2_tag_confirmation:2,,a1_partner_table_basic_1,step_up_or_swap
satz,satz_a1_0103,a1,a2,1,over1 length,,a1_partner_table_basic_1,step_up_or_swap
satz,satz_a1_0104,a1,a2,1,over1 grammar=nikl_g2_는데1:2,,a1_partner_table_basic_1,step_up_or_swap
satz,satz_a1_0105,a1,a2,1,over1 grammar=grammar_a2_each:2,,a1_partner_table_basic_1,step_up_or_swap
satz,satz_a1_0107,a1,b1,2,over2 lex_p90=2.6,,a1_partner_table_basic_1,bundle_move
satz,satz_a1_0108,a1,b1,2,over2 lex_p90=2.9,,a1_partner_table_basic_1,bundle_move
satz,satz_a1_0109,a1,a2,1,over1 lex_p90=2.0,,a1_partner_table_basic_1,step_up_or_swap
satz,satz_a1_0110,a1,a2,1,over1 grammar=nikl_g2_을_때:2,,a1_partner_table_basic_1,step_up_or_swap
satz,satz_a1_0111,a1,b2,3,over2 grammar=grammar_b2_indirect_speech:4,,a1_partner_table_basic_1,bundle_move
satz,satz_a1_0113,a1,a2,1,over1 lex_p90=1.7,,a1_partner_seollal_basic_1,step_up_or_swap
satz,satz_a1_0114,a1,a2,1,over1 lex_p90=2.0,,a1_partner_seollal_basic_1,step_up_or_swap
satz,satz_a1_0116,a1,a2,1,over1 grammar=nikl_g2_는데1:2,,a1_partner_seollal_basic_1,step_up_or_swap
satz,satz_a1_0117,a1,a2,1,over1 length,,a1_partner_seollal_basic_1,step_up_or_swap
satz,satz_a1_0118,a1,b1,2,over2 lex_p90=2.7,,a1_partner_seollal_basic_1,bundle_move
satz,satz_a1_0119,a1,a2,1,over1 lex_p90=2.0,,a1_partner_seollal_basic_1,step_up_or_swap
satz,satz_a1_0120,a1,a2,1,over1 grammar=nikl_g2_는데1:2,,a1_partner_seollal_basic_1,step_up_or_swap
satz,satz_a1_0121,a1,b2,3,over2 grammar=grammar_b2_indirect_speech:4,,a1_partner_seollal_basic_1,bundle_move
satz,satz_a1_0123,a1,b1,2,over2 lex_p90=3.0,,a1_partner_seollal_basic_1,bundle_move
satz,satz_a1_0128,a2,b2,2,over2 grammar=grammar_b2_indirect_speech:4,,a2_partner_chuseok_basic_1,bundle_move
satz,satz_a1_0133,a2,b1,1,over1 lex_p90=2.8,,a2_partner_chuseok_basic_1,step_up_or_swap
satz,satz_a1_0134,b2,a2,-2,under2 lex_p90=2.0,,b2_partner_holiday_duty_1,downgrade_candidate
satz,satz_a1_0139,b1,b2,1,over1 grammar=nikl_g4_고_해서:4,,b1_partner_siblings_hello_1,step_up_or_swap
satz,satz_a1_0144,b1,a1,-2,under2 grammar=grammar_a1_subject_particle:1,,b1_partner_siblings_hello_1,downgrade_candidate
satz,satz_a1_0161,a1,a2,1,over1 lex_p90=1.7,,a1_post_office_1,step_up_or_swap
satz,satz_a1_0162,a1,a2,1,over1 lex_p90=2.0,,a1_post_office_1,step_up_or_swap
satz,satz_a1_0163,a1,a2,1,over1 grammar=grammar_a2_tag_confirmation:2,,a1_post_office_1,step_up_or_swap
satz,satz_a1_0164,a1,a2,1,over1 lex_p90=2.0,,a1_post_office_1,step_up_or_swap
satz,satz_a1_0165,a1,a2,1,over1 lex_p90=2.0,,a1_post_office_1,step_up_or_swap
satz,satz_a1_0169,a1,a2,1,over1 grammar=grammar_a2_conditional:2,,a1_post_office_1,step_up_or_swap
satz,satz_a1_0170,a1,b2,3,over2 lex_p90=3.7,,a1_post_office_1,bundle_move
satz,satz_a1_0176,a2,b1,1,over1 lex_p90=2.7,,a2_pharmacy_ask_1,step_up_or_swap
satz,satz_a1_0177,b1,a1,-2,under2 grammar=grammar_a1_subject_particle:1,,b1_health_hospital_1,downgrade_candidate
satz,satz_a1_0179,a2,b1,1,over1 lex_p90=2.8,,a2_pharmacy_ask_1,step_up_or_swap
satz,satz_a1_0187,a1,a2,1,over1 grammar=grammar_a2_conditional:2,,a1_weekend_promise_1,step_up_or_swap
satz,satz_a1_0188,a1,a2,1,over1 grammar=grammar_a2_conditional:2,,a1_weekend_promise_1,step_up_or_swap
satz,satz_a1_0189,a1,a2,1,over1 lex_p90=1.6,,a1_weekend_promise_1,step_up_or_swap
satz,satz_a1_0190,a1,a2,1,over1 grammar=grammar_a2_tag_confirmation:2,,a1_weekend_promise_1,step_up_or_swap
satz,satz_a1_0192,a1,a2,1,over1 grammar=grammar_a2_like:2,,a1_weekend_promise_1,step_up_or_swap
satz,satz_a1_0193,a1,a2,1,over1 grammar=nikl_g2_는_것_v3:2,,a1_weekend_promise_1,step_up_or_swap
satz,satz_a1_0194,a1,a2,1,over1 grammar=grammar_a2_like:2,,a1_weekend_promise_1,step_up_or_swap
satz,satz_a1_0195,a1,a2,1,over1 grammar=grammar_a2_promise:2,,a1_weekend_promise_1,step_up_or_swap
satz,satz_a1_0206,b1,a1,-2,under2 grammar=grammar_a1_topic_particle:1,,b1_neighbors_hall_1,downgrade_candidate
satz,satz_a1_0207,b1,a1,-2,under2 grammar=grammar_a1_object_particle:1,,b1_neighbors_hall_1,downgrade_candidate
satz,satz_a1_0211,a2,b1,1,over1 lex_p90=2.8,,a2_school_supplies_1,step_up_or_swap
satz,satz_a1_0218,a2,b1,1,over1 grammar=grammar_b1_consequence:3,,a2_school_supplies_1,step_up_or_swap
satz,satz_a1_0228,a2,b1,1,over1 lex_p90=2.8,,a2_subway_card_1,step_up_or_swap
satz,satz_a1_0234,a2,b1,1,over1 lex_p90=2.6,,a2_weather_layer_1,step_up_or_swap
satz,satz_a1_0235,a2,b1,1,over1 lex_p90=3.0,,a2_weather_layer_1,step_up_or_swap
satz,satz_a1_0238,a2,b1,1,over1 lex_p90=2.7,,a2_weather_layer_1,step_up_or_swap
satz,satz_a1_0239,a2,b1,1,over1 lex_p90=2.6,,a2_weather_layer_1,step_up_or_swap
satz,satz_a1_0243,a2,b1,1,over1 lex_p90=3.0,,a2_weather_layer_1,step_up_or_swap
satz,satz_a1_0247,a1,b2,3,over2 lex_p90=3.9,,a1_sorry_thanks_1,bundle_move
satz,satz_a1_0253,a1,a2,1,over1 grammar=grammar_a2_conditional:2,,a1_sorry_thanks_1,step_up_or_swap
satz,satz_a1_0254,a1,a2,1,over1 lex_p90=1.7,,a1_sorry_thanks_1,step_up_or_swap
satz,satz_a1_0257,a1,b2,3,over2 grammar=grammar_b2_quoted_contractions:4,,a1_daily_1,bundle_move
satz,satz_a1_0265,a1,a2,1,over1 grammar=grammar_a2_exclamation:2,,a1_body,step_up_or_swap
satz,satz_a1_0268,a1,b2,3,over2 grammar=grammar_b2_quoted_contractions:4,,a1_colors,bundle_move
satz,satz_a1_0270,a1,a2,1,over1 lex_p90=1.8,,a1_colors,step_up_or_swap
satz,satz_a1_0271,a1,a2,1,over1 grammar=grammar_a2_conditional:2,,a1_food_1,step_up_or_swap
satz,satz_a1_0274,a1,a2,1,over1 lex_p90=1.7,,a1_food_2,step_up_or_swap
satz,satz_a1_0287,a1,a2,1,over1 grammar=grammar_a2_like:2,,a1_numbers_2,step_up_or_swap
satz,satz_a1_0308,a1,a2,1,over1 lex_p90=1.9,,a1_particles_in_use_1,step_up_or_swap
satz,satz_a1_0312,a1,a2,1,over1 lex_p90=2.0,,,step_up_or_swap
satz,satz_a1_0313,a1,a2,1,over1 grammar=grammar_a2_tag_confirmation:2,,,step_up_or_swap
satz,satz_a1_0320,a1,a2,1,over1 grammar=grammar_a2_conditional:2,,,step_up_or_swap
satz,satz_a1_0325,a1,a2,1,over1 lex_p90=1.8,,a1_payment_delivery_1,step_up_or_swap
satz,satz_a1_0328,a1,a2,1,over1 lex_p90=1.8,,,step_up_or_swap
satz,satz_a1_0329,a1,a2,1,over1 lex_p90=2.0,,,step_up_or_swap
satz,satz_a1_0330,a1,a2,1,over1 grammar=grammar_a2_conditional:2,,,step_up_or_swap
satz,satz_a1_0332,a1,a2,1,over1 grammar=grammar_a2_tag_confirmation:2,,,step_up_or_swap
satz,satz_a1_0336,a1,a2,1,over1 lex_p90=1.8,,a1_city_services_2026_1,step_up_or_swap
satz,satz_a2_0010,a2,b1,1,over1 lex_p90=2.7,,a2_food_1,step_up_or_swap
satz,satz_a2_0012,a2,b1,1,over1 lex_p90=2.8,,,step_up_or_swap
satz,satz_a2_0016,b1,a1,-2,under2 grammar=grammar_a1_direction_means:1,,,downgrade_candidate
satz,satz_a2_0044,a2,b1,1,over1 lex_p90=2.6,,a2_partner_dinner_talk_1,step_up_or_swap
satz,satz_a2_0049,a2,b1,1,over1 grammar=nikl_g3_는다고1:3,,a2_partner_dinner_talk_1,step_up_or_swap
satz,satz_a2_0052,a2,b1,1,over1 grammar=grammar_b1_consequence:3,,a2_partner_seollal_day_1,step_up_or_swap
satz,satz_a2_0053,b2,a2,-2,under2 lex_p90=1.5,,b2_partner_family_money_1,downgrade_candidate
satz,satz_a2_0058,a2,b2,2,over2 grammar=grammar_b2_quoted_contractions:4,,a2_partner_seollal_day_1,bundle_move
satz,satz_a2_0062,a2,b1,1,over1 lex_p90=2.6,,a2_partner_seollal_day_1,step_up_or_swap
satz,satz_a2_0065,a2,b2,2,over2 grammar=grammar_b2_quoted_contractions:4,,a2_partner_chuseok_day_1,bundle_move
satz,satz_a2_0073,a2,b2,2,over2 lex_p90=3.5,,a2_partner_chuseok_day_1,bundle_move
satz,satz_a2_0090,a2,b1,1,over1 grammar=grammar_b1_immediate_sequence:3,,a2_partner_overnight_1,step_up_or_swap
satz,satz_a2_0093,a2,b1,1,over1 lex_p90=3.0,,a2_partner_overnight_1,step_up_or_swap
satz,satz_a2_0105,b1,b2,1,over1 lex_p90=3.5,,b1_partner_leftover_bags_1,step_up_or_swap
satz,satz_a2_0108,b1,b2,1,over1 grammar=grammar_b2_indirect_speech:4,,b1_partner_leftover_bags_1,step_up_or_swap
satz,satz_a2_0113,a2,b1,1,over1 lex_p90=3.0,,a2_partner_hometown_trip_1,step_up_or_swap
satz,satz_a2_0115,a2,b2,2,over2 grammar=nikl_g4_고_해서:4,,a2_partner_hometown_trip_1,bundle_move
satz,satz_a2_0119,a2,b2,2,over2 grammar=grammar_b2_indirect_speech:4,,a2_partner_hometown_trip_1,bundle_move
satz,satz_a2_0122,a2,b1,1,over1 grammar=grammar_b1_immediate_sequence:3,,a2_partner_hometown_trip_1,step_up_or_swap
satz,satz_a2_0123,b1,a1,-2,under2 grammar=grammar_a1_topic_particle:1,,b1_partner_banmal_switch_1,downgrade_candidate
satz,satz_a2_0126,b1,a1,-2,under2 grammar=grammar_a1_object_particle:1,,b1_partner_banmal_switch_1,downgrade_candidate
satz,satz_a2_0127,b1,a1,-2,under2 grammar=grammar_a1_polite_present:1,,b1_partner_banmal_switch_1,downgrade_candidate
satz,satz_a2_0128,b1,b2,1,over1 grammar=grammar_b2_indirect_speech:4,,b1_partner_banmal_switch_1,step_up_or_swap
satz,satz_a2_0132,b1,b2,1,over1 lex_p90=3.6,,b1_partner_banmal_switch_1,step_up_or_swap
satz,satz_a2_0133,b1,b2,1,over1 grammar=grammar_b2_indirect_speech:4,,b1_partner_banmal_switch_1,step_up_or_swap
satz,satz_a2_0134,b1,a1,-2,under2 grammar=grammar_a1_topic_particle:1,,b1_partner_banmal_switch_1,downgrade_candidate
satz,satz_a2_0138,b1,a1,-2,under2 grammar=grammar_a1_subject_particle:1,,b1_phone_plan_1,downgrade_candidate
satz,satz_a2_0140,b1,a1,-2,under2 grammar=nikl_g1_기_전에_v1:1,,b1_phone_plan_1,downgrade_candidate
satz,satz_a2_0141,b1,a1,-2,under2 grammar=grammar_a1_topic_particle:1,,b1_phone_plan_1,downgrade_candidate
satz,satz_a2_0144,b1,a1,-2,under2 grammar=grammar_a1_polite_present:1,,b1_phone_plan_1,downgrade_candidate
satz,satz_a2_0146,b1,b2,1,over1 lex_p90=3.7,,b1_phone_plan_1,step_up_or_swap
satz,satz_a2_0152,b1,a1,-2,under2 grammar=grammar_a1_subject_particle:1,,b1_bank_counter_1,downgrade_candidate
satz,satz_a2_0153,b1,a1,-2,under2 grammar=grammar_a1_action_location_particle:1,,b1_bank_counter_1,downgrade_candidate
satz,satz_a2_0154,b1,a1,-2,under2 grammar=grammar_a1_object_particle:1,,b1_bank_counter_1,downgrade_candidate
satz,satz_a2_0166,a2,b1,1,over1 lex_p90=2.8,,a2_gym_class_1,step_up_or_swap
satz,satz_a2_0170,a2,b1,1,over1 lex_p90=3.1,,a2_gym_class_1,step_up_or_swap
satz,satz_a2_0173,a2,b1,1,over1 lex_p90=2.6,,a2_salon_visit_1,step_up_or_swap
satz,satz_a2_0179,a2,b1,1,over1 lex_p90=3.4,,a2_salon_visit_1,step_up_or_swap
satz,satz_a2_0189,b1,a1,-2,under2 grammar=grammar_a1_topic_particle:1,,b1_apt_rules_1,downgrade_candidate
satz,satz_a2_0193,b1,b2,1,over1 lex_p90=4.0,,b1_apt_rules_1,step_up_or_swap
satz,satz_a2_0195,b1,a1,-2,under2 grammar=grammar_a1_subject_particle:1,,b1_part_time_1,downgrade_candidate
satz,satz_a2_0203,b1,a1,-2,under2 grammar=grammar_a1_subject_particle:1,,b1_part_time_1,downgrade_candidate
satz,satz_a2_0209,b1,a1,-2,under2 grammar=grammar_a1_topic_particle:1,,b1_lost_found_1,downgrade_candidate
satz,satz_a2_0217,b1,b2,1,over1 grammar=grammar_b2_quoted_contractions:4,,b1_lost_found_1,step_up_or_swap
satz,satz_a2_0220,b1,a1,-2,under2 grammar=grammar_a1_subject_particle:1,,b1_festival_booth_1,downgrade_candidate
satz,satz_a2_0222,b1,a1,-2,under2 grammar=grammar_a1_topic_particle:1,,b1_festival_booth_1,downgrade_candidate
satz,satz_a2_0227,b1,a1,-2,under2 grammar=grammar_a1_topic_particle:1,,b1_festival_booth_1,downgrade_candidate
satz,satz_a2_0270,a2,b2,2,over2 grammar=grammar_b2_quoted_contractions:4,,a2_daily_1,bundle_move
satz,satz_a2_0320,a2,b1,1,over1 grammar=nikl_g3_으면_안_되다_v3:3,,a2_transport,step_up_or_swap
satz,satz_a2_0338,a2,b1,1,over1 lex_p90=2.7,,a2_home_1,step_up_or_swap
satz,satz_a2_0349,a2,b1,1,over1 grammar=nikl_g3_어도_v4:3,,a2_money_1,step_up_or_swap
satz,satz_a2_0370,a2,b1,1,over1 lex_p90=2.6,,a2_wearing_verbs_1,step_up_or_swap
satz,satz_a2_0375,a2,b1,1,over1 lex_p90=3.0,,a2_wearing_verbs_1,step_up_or_swap
satz,satz_a2_0378,a2,b1,1,over1 lex_p90=2.8,,a2_restaurant_1,step_up_or_swap
satz,satz_a2_0382,a2,b1,1,over1 lex_p90=2.7,,a2_restaurant_1,step_up_or_swap
satz,satz_a2_0409,a2,b1,1,over1 lex_p90=2.8,,a2_food_more_1,step_up_or_swap
satz,satz_a2_0417,a2,b1,1,over1 lex_p90=2.8,,a2_nature_1,step_up_or_swap
satz,satz_a2_0425,b1,a1,-2,under2 grammar=grammar_a1_topic_particle:1,,b1_work,downgrade_candidate
satz,satz_a2_0431,a2,b2,2,over2 lex_p90=3.7,,a2_people_jobs_1,bundle_move
satz,satz_a2_0445,a2,b1,1,over1 lex_p90=2.8,,a2_change_verbs_1,step_up_or_swap
satz,satz_a2_0465,b1,a1,-2,under2 grammar=grammar_a1_action_location_particle:1,,b1_housing_search_2026_1,downgrade_candidate
satz,satz_a2_0466,b1,a1,-2,under2 grammar=grammar_a1_object_particle:1,,b1_housing_search_2026_1,downgrade_candidate
satz,satz_b1_0002,b1,a1,-2,under2 grammar=grammar_a1_object_particle:1,,,downgrade_candidate
satz,satz_b1_0006,b1,a1,-2,under2 grammar=grammar_a1_topic_particle:1,,,downgrade_candidate
satz,satz_b1_0008,b1,a1,-2,under2 grammar=grammar_a1_object_particle:1,,,downgrade_candidate
satz,satz_b1_0011,b1,a1,-2,under2 grammar=grammar_a1_topic_particle:1,,,downgrade_candidate
satz,satz_b1_0012,b1,a1,-2,under2 grammar=grammar_a1_object_particle:1,,,downgrade_candidate
satz,satz_b1_0013,b1,a1,-2,under2 grammar=grammar_a1_polite_request:1,,,downgrade_candidate
satz,satz_b1_0014,b1,a1,-2,under2 grammar=grammar_a1_object_particle:1,,,downgrade_candidate
satz,satz_b1_0018,b1,b2,1,over1 lex_p90=3.8,,,step_up_or_swap
satz,satz_b1_0023,b1,a1,-2,under2 grammar=grammar_a1_subject_particle:1,,,downgrade_candidate
satz,satz_b1_0025,b1,a1,-2,under2 grammar=grammar_a1_object_particle:1,,,downgrade_candidate
satz,satz_b1_0026,b1,a1,-2,under2 grammar=grammar_a1_subject_particle:1,,,downgrade_candidate
satz,satz_b1_0031,b1,a1,-2,under2 grammar=grammar_a1_subject_particle:1,,,downgrade_candidate
satz,satz_b1_0035,b1,a1,-2,under2 grammar=grammar_a1_polite_present:1,,,downgrade_candidate
satz,satz_b1_0036,b1,b2,1,over1 lex_p90=3.8,,,step_up_or_swap
satz,satz_b1_0039,b1,a1,-2,under2 grammar=grammar_a1_subject_particle:1,,,downgrade_candidate
satz,satz_b1_0040,b1,a1,-2,under2 grammar=grammar_a1_subject_particle:1,,,downgrade_candidate
satz,satz_b1_0041,b1,a1,-2,under2 grammar=grammar_a1_topic_particle:1,,,downgrade_candidate
satz,satz_b1_0042,b1,a1,-2,under2 grammar=grammar_a1_subject_particle:1,,,downgrade_candidate
satz,satz_b1_0044,b1,a1,-2,under2 grammar=grammar_a1_polite_request:1,,,downgrade_candidate
satz,satz_b1_0045,b1,a1,-2,under2 grammar=grammar_a1_topic_particle:1,,,downgrade_candidate
satz,satz_b1_0046,b1,a1,-2,under2 grammar=grammar_a1_topic_particle:1,,,downgrade_candidate
satz,satz_b1_0048,b1,a1,-2,under2 grammar=grammar_a1_polite_present:1,,,downgrade_candidate
satz,satz_b1_0049,b1,a1,-2,under2 grammar=grammar_a1_polite_present:1,,,downgrade_candidate
satz,satz_b1_0062,b1,b2,1,over1 lex_p90=4.0,,b1_work_coordination_1,step_up_or_swap
satz,satz_b1_0066,b1,b2,1,over1 lex_p90=3.5,,b1_work_coordination_1,step_up_or_swap
satz,satz_b1_0068,b1,b2,1,over1 lex_p90=3.6,,b1_work_coordination_1,step_up_or_swap
satz,satz_b1_0071,b1,b2,1,over1 lex_p90=3.5,,b1_work_coordination_1,step_up_or_swap
satz,satz_b1_0081,b1,a1,-2,under2 grammar=grammar_a1_subject_particle:1,,b1_partner_awkward_questions_1,downgrade_candidate
satz,satz_b1_0090,b1,b2,1,over1 lex_p90=3.7,,b1_partner_awkward_questions_1,step_up_or_swap
satz,satz_b1_0092,b1,b2,1,over1 lex_p90=3.5,,b1_partner_job_visa_1,step_up_or_swap
satz,satz_b1_0093,b1,b2,1,over1 grammar=grammar_b2_indirect_speech:4,,b1_partner_job_visa_1,step_up_or_swap
satz,satz_b1_0094,b1,b2,1,over1 lex_p90=3.7,,b1_partner_job_visa_1,step_up_or_swap
satz,satz_b1_0098,b1,b2,1,over1 grammar=grammar_b2_indirect_speech:4,,b1_partner_job_visa_1,step_up_or_swap
satz,satz_b1_0099,b1,b2,1,over1 grammar=grammar_b2_indirect_speech:4,,b1_partner_job_visa_1,step_up_or_swap
satz,satz_b1_0100,b1,b2,1,over1 lex_p90=4.0,,b1_partner_job_visa_1,step_up_or_swap
satz,satz_b1_0103,b1,b2,1,over1 grammar=grammar_b2_indirect_speech:4,,b1_partner_job_visa_1,step_up_or_swap
satz,satz_b1_0112,b1,b2,1,over1 lex_p90=4.0,,b1_partner_translating_1,step_up_or_swap
satz,satz_b1_0118,b1,b2,1,over1 grammar=nikl_g4_고_해서:4,,b1_partner_drink_table_1,step_up_or_swap
satz,satz_b1_0119,b1,b2,1,over1 grammar=grammar_b2_indirect_speech:4,,b1_partner_drink_table_1,step_up_or_swap
satz,satz_b1_0128,b1,b2,1,over1 lex_p90=3.8,,b1_partner_sleep_room_1,step_up_or_swap
satz,satz_b1_0129,b1,b2,1,over1 grammar=grammar_b2_indirect_speech:4,,b1_partner_sleep_room_1,step_up_or_swap
satz,satz_b1_0133,b1,a1,-2,under2 grammar=grammar_a1_subject_particle:1,,b1_partner_sleep_room_1,downgrade_candidate
satz,satz_b1_0136,b1,a1,-2,under2 grammar=grammar_a1_subject_particle:1,,b1_partner_sleep_room_1,downgrade_candidate
satz,satz_b1_0147,b1,b2,1,over1 lex_p90=3.6,,b1_partner_after_visit_1,step_up_or_swap
satz,satz_b1_0150,b1,b2,1,over1 lex_p90=4.0,,b1_partner_after_visit_1,step_up_or_swap
satz,satz_b1_0157,b1,b2,1,over1 lex_p90=3.6,,b1_partner_group_chat_1,step_up_or_swap
satz,satz_b1_0158,b1,b2,1,over1 grammar=nikl_g4_고_해서:4,,b1_partner_group_chat_1,step_up_or_swap
satz,satz_b1_0163,b1,c1,2,over2 grammar=nikl_g5_는_척하다_v2:5,,b1_partner_group_chat_1,bundle_move
satz,satz_b1_0172,b1,b2,1,over1 lex_p90=3.6,,b1_partner_holiday_plan_1,step_up_or_swap
satz,satz_b1_0174,b1,b2,1,over1 lex_p90=3.6,,b1_partner_holiday_plan_1,step_up_or_swap
satz,satz_b1_0176,b1,b2,1,over1 grammar=nikl_g4_고_보다:4,,b1_workplace_mail_1,step_up_or_swap
satz,satz_b1_0177,b1,a1,-2,under2 grammar=grammar_a1_topic_particle:1,,b1_workplace_mail_1,downgrade_candidate
satz,satz_b1_0185,b1,b2,1,over1 lex_p90=3.8,,b1_workplace_mail_1,step_up_or_swap
satz,satz_b1_0186,b1,b2,1,over1 lex_p90=3.7,,b1_workplace_mail_1,step_up_or_swap
satz,satz_b1_0191,b1,a1,-2,under2 grammar=grammar_a1_topic_particle:1,,b1_roommate_talk_1,downgrade_candidate
satz,satz_b1_0201,b1,b2,1,over1 lex_p90=3.6,,b1_insurance_claim_1,step_up_or_swap
satz,satz_b1_0202,b1,b2,1,over1 lex_p90=3.6,,b1_insurance_claim_1,step_up_or_swap
satz,satz_b1_0205,b1,b2,1,over1 lex_p90=3.9,,b1_insurance_claim_1,step_up_or_swap
satz,satz_b1_0214,b2,a2,-2,under2 lex_p90=1.8,,b2_public_office_1,downgrade_candidate
satz,satz_b1_0224,b1,a1,-2,under2 grammar=grammar_a1_object_particle:1,,b1_volunteer_shift_1,downgrade_candidate
satz,satz_b1_0229,b1,a1,-2,under2 grammar=grammar_a1_subject_particle:1,,b1_volunteer_shift_1,downgrade_candidate
satz,satz_b1_0231,b1,b2,1,over1 lex_p90=4.0,,b1_volunteer_shift_1,step_up_or_swap
satz,satz_b1_0233,b1,a1,-2,under2 grammar=grammar_a1_polite_present:1,,b1_volunteer_shift_1,downgrade_candidate
satz,satz_b1_0249,b1,b2,1,over1 lex_p90=3.7,,b1_repair_words_1,step_up_or_swap
satz,satz_b1_0250,b1,b2,1,over1 grammar=grammar_b2_quoted_contractions:4,,b1_repair_words_1,step_up_or_swap
satz,satz_b1_0251,b1,b2,1,over1 lex_p90=3.8,,b1_repair_words_1,step_up_or_swap
satz,satz_b1_0254,b1,b2,1,over1 lex_p90=3.8,,b1_repair_words_1,step_up_or_swap
satz,satz_b1_0258,b1,b2,1,over1 lex_p90=3.8,,b1_repair_words_1,step_up_or_swap
satz,satz_b1_0262,b1,c1,2,over2 lex_p90=4.8,,b1_travel_change_1,bundle_move
satz,satz_b1_0263,b1,b2,1,over1 lex_p90=3.6,,b1_travel_change_1,step_up_or_swap
satz,satz_b1_0264,b1,b2,1,over1 grammar=grammar_b2_quoted_contractions:4,,b1_travel_change_1,step_up_or_swap
satz,satz_b1_0271,b1,b2,1,over1 lex_p90=4.0,,b1_travel_change_1,step_up_or_swap
satz,satz_b1_0281,b1,a1,-2,under2 grammar=grammar_a1_subject_particle:1,,b1_daily_1,downgrade_candidate
satz,satz_b1_0282,b1,a1,-2,under2 grammar=grammar_a1_subject_particle:1,,b1_daily_2,downgrade_candidate
satz,satz_b1_0286,b1,a1,-2,under2 grammar=grammar_a1_polite_present:1,,b1_daily_2,downgrade_candidate
satz,satz_b1_0287,b1,a1,-2,under2 grammar=grammar_a1_polite_request:1,,b1_health_education,downgrade_candidate
satz,satz_b1_0291,b1,a1,-2,under2 lex_p90=1.0,,b1_emotions_relations_2,downgrade_candidate
satz,satz_b1_0293,b1,a1,-2,under2 grammar=grammar_a1_subject_particle:1,,b1_health_education,downgrade_candidate
satz,satz_b1_0295,b1,a1,-2,under2 grammar=grammar_a1_subject_particle:1,,b1_descriptions_1,downgrade_candidate
satz,satz_b1_0297,b1,c1,2,over2 grammar=nikl_g5_더라고_v1:5,,b1_descriptions_1,bundle_move
satz,satz_b1_0298,b1,a1,-2,under2 grammar=grammar_a1_polite_request:1,,b1_descriptions_1,downgrade_candidate
satz,satz_b1_0302,b1,a1,-2,under2 grammar=grammar_a1_subject_particle:1,,b1_tech_society_2,downgrade_candidate
satz,satz_b1_0304,b1,a1,-2,under2 grammar=grammar_a1_polite_present:1,,b1_tech_society_2,downgrade_candidate
satz,satz_b1_0311,b1,b2,1,over1 lex_p90=3.7,,b1_work,step_up_or_swap
satz,satz_b1_0314,b1,c1,2,over2 grammar=nikl_g5_더라고_v1:5,,b1_emotions_relations_3,bundle_move
satz,satz_b1_0317,b1,a1,-2,under2 grammar=grammar_a1_subject_particle:1,,b1_descriptions_2,downgrade_candidate
satz,satz_b1_0325,b1,a1,-2,under2 grammar=grammar_a1_polite_present:1,,b1_media_culture_1,downgrade_candidate
satz,satz_b1_0327,b1,a1,-2,under2 grammar=grammar_a1_subject_particle:1,,b1_media_culture_1,downgrade_candidate
satz,satz_b1_0328,b1,a1,-2,under2 grammar=grammar_a1_object_particle:1,,b1_media_culture_1,downgrade_candidate
satz,satz_b1_0329,b1,a1,-2,under2 grammar=grammar_a1_subject_particle:1,,b1_media_culture_1,downgrade_candidate
satz,satz_b1_0332,b1,a1,-2,under2 grammar=grammar_a1_subject_particle:1,,b1_media_culture_1,downgrade_candidate
satz,satz_b1_0333,b1,a1,-2,under2 grammar=grammar_a1_subject_particle:1,,b1_media_culture_1,downgrade_candidate
satz,satz_b1_0334,b1,a1,-2,under2 grammar=grammar_a1_topic_particle:1,,b1_media_culture_1,downgrade_candidate
satz,satz_b1_0335,b1,a1,-2,under2 grammar=grammar_a1_topic_particle:1,,b1_media_culture_1,downgrade_candidate
satz,satz_b1_0336,b1,a1,-2,under2 grammar=grammar_a1_subject_particle:1,,b1_city_places_1,downgrade_candidate
satz,satz_b1_0337,b1,a1,-2,under2 grammar=grammar_a1_action_location_particle:1,,b1_city_places_1,downgrade_candidate
satz,satz_b1_0338,b1,a1,-2,under2 grammar=grammar_a1_subject_particle:1,,b1_city_places_1,downgrade_candidate
satz,satz_b1_0339,b1,a1,-2,under2 grammar=grammar_a1_subject_particle:1,,b1_city_places_1,downgrade_candidate
satz,satz_b1_0340,b1,a1,-2,under2 grammar=grammar_a1_polite_present:1,,b1_city_places_1,downgrade_candidate
satz,satz_b1_0341,b1,a1,-2,under2 lex_p90=1.0,,b1_city_places_1,downgrade_candidate
satz,satz_b1_0343,b1,a1,-2,under2 grammar=grammar_a1_polite_present:1,,b1_city_places_1,downgrade_candidate
satz,satz_b1_0346,b1,a1,-2,under2 grammar=grammar_a1_action_location_particle:1,,b1_city_places_1,downgrade_candidate
satz,satz_b1_0349,b1,a1,-2,under2 grammar=grammar_a1_subject_particle:1,,b1_money_bank_1,downgrade_candidate
satz,satz_b1_0353,b1,a1,-2,under2 grammar=grammar_a1_subject_particle:1,,b1_money_bank_1,downgrade_candidate
satz,satz_b1_0355,b1,a1,-2,under2 grammar=grammar_a1_subject_particle:1,,b1_money_bank_1,downgrade_candidate
satz,satz_b1_0360,b1,a1,-2,under2 grammar=grammar_a1_action_location_particle:1,,b1_travel_transport_1,downgrade_candidate
satz,satz_b1_0361,b1,a1,-2,under2 grammar=grammar_a1_action_location_particle:1,,b1_travel_transport_1,downgrade_candidate
satz,satz_b1_0363,b1,a1,-2,under2 grammar=grammar_a1_subject_particle:1,,b1_travel_transport_1,downgrade_candidate
satz,satz_b1_0364,b1,a1,-2,under2 grammar=grammar_a1_subject_particle:1,,b1_travel_transport_1,downgrade_candidate
satz,satz_b1_0365,b1,a1,-2,under2 grammar=grammar_a1_topic_particle:1,,b1_travel_transport_1,downgrade_candidate
satz,satz_b1_0366,b1,a1,-2,under2 grammar=grammar_a1_topic_particle:1,,b1_travel_transport_1,downgrade_candidate
satz,satz_b1_0369,b1,a1,-2,under2 grammar=grammar_a1_subject_particle:1,,b1_health_hospital_1,downgrade_candidate
satz,satz_b1_0370,b1,a1,-2,under2 grammar=grammar_a1_subject_particle:1,,b1_health_hospital_1,downgrade_candidate
satz,satz_b1_0372,b1,a1,-2,under2 grammar=grammar_a1_subject_particle:1,,b1_health_hospital_1,downgrade_candidate
satz,satz_b1_0374,b1,a1,-2,under2 grammar=grammar_a1_action_location_particle:1,,b1_health_hospital_1,downgrade_candidate
satz,satz_b1_0375,b1,a1,-2,under2 grammar=grammar_a1_object_particle:1,,b1_health_hospital_1,downgrade_candidate
satz,satz_b1_0378,b1,a1,-2,under2 grammar=grammar_a1_subject_particle:1,,b1_health_hospital_1,downgrade_candidate
satz,satz_b1_0379,b1,a1,-2,under2 grammar=grammar_a1_direction_means:1,,b1_work_career_1,downgrade_candidate
satz,satz_b1_0380,b1,a1,-2,under2 grammar=grammar_a1_subject_particle:1,,b1_work_career_1,downgrade_candidate
satz,satz_b1_0382,b1,a1,-2,under2 grammar=grammar_a1_subject_particle:1,,b1_work_career_1,downgrade_candidate
satz,satz_b1_0383,b1,a1,-2,under2 grammar=grammar_a1_topic_particle:1,,b1_work_career_1,downgrade_candidate
satz,satz_b1_0384,b1,a1,-2,under2 grammar=grammar_a1_object_particle:1,,b1_work_career_1,downgrade_candidate
satz,satz_b1_0386,b1,a1,-2,under2 grammar=grammar_a1_polite_request:1,,b1_work_career_1,downgrade_candidate
satz,satz_b1_0388,b1,a1,-2,under2 grammar=grammar_a1_polite_present:1,,b1_work_career_1,downgrade_candidate
satz,satz_b1_0389,b1,a1,-2,under2 grammar=grammar_a1_subject_particle:1,,b1_social_events_1,downgrade_candidate
satz,satz_b1_0390,b1,a1,-2,under2 grammar=grammar_a1_object_particle:1,,b1_social_events_1,downgrade_candidate
satz,satz_b1_0391,b1,a1,-2,under2 grammar=grammar_a1_subject_particle:1,,b1_social_events_1,downgrade_candidate
satz,satz_b1_0394,b1,a1,-2,under2 lex_p90=1.0,,b1_social_events_1,downgrade_candidate
satz,satz_b1_0395,b1,a1,-2,under2 grammar=grammar_a1_topic_particle:1,,b1_social_events_1,downgrade_candidate
satz,satz_b1_0396,b1,a1,-2,under2 grammar=grammar_a1_topic_particle:1,,b1_social_events_1,downgrade_candidate
satz,satz_b1_0397,b1,a1,-2,under2 grammar=grammar_a1_object_particle:1,,b1_social_events_1,downgrade_candidate
satz,satz_b1_0398,b1,a1,-2,under2 grammar=grammar_a1_polite_request:1,,b1_social_events_1,downgrade_candidate
satz,satz_b1_0400,b1,a1,-2,under2 grammar=grammar_a1_topic_particle:1,,b1_social_events_1,downgrade_candidate
satz,satz_b1_0401,b1,a1,-2,under2 grammar=grammar_a1_subject_particle:1,,b1_communication_lang_1,downgrade_candidate
satz,satz_b1_0403,b1,a1,-2,under2 grammar=grammar_a1_subject_particle:1,,b1_communication_lang_1,downgrade_candidate
satz,satz_b1_0404,b1,a1,-2,under2 grammar=grammar_a1_subject_particle:1,,b1_communication_lang_1,downgrade_candidate
satz,satz_b1_0406,b1,a1,-2,under2 grammar=grammar_a1_subject_particle:1,,b1_communication_lang_1,downgrade_candidate
satz,satz_b1_0407,b1,a1,-2,under2 grammar=grammar_a1_polite_request:1,,b1_communication_lang_1,downgrade_candidate
satz,satz_b1_0408,b1,a1,-2,under2 grammar=grammar_a1_object_particle:1,,b1_communication_lang_1,downgrade_candidate
satz,satz_b1_0410,b1,a1,-2,under2 grammar=grammar_a1_topic_particle:1,,b1_communication_lang_1,downgrade_candidate
satz,satz_b1_0416,b1,a1,-2,under2 grammar=grammar_a1_subject_particle:1,,b1_character_feelings_1,downgrade_candidate
satz,satz_b1_0417,b1,a1,-2,under2 grammar=grammar_a1_object_particle:1,,b1_character_feelings_1,downgrade_candidate
satz,satz_b1_0423,b1,a1,-2,under2 grammar=grammar_a1_object_particle:1,,b1_verbs_daily_1,downgrade_candidate
satz,satz_b1_0424,b1,a1,-2,under2 grammar=grammar_a1_object_particle:1,,b1_verbs_daily_1,downgrade_candidate
satz,satz_b1_0425,b1,a1,-2,under2 grammar=grammar_a1_object_particle:1,,b1_verbs_daily_1,downgrade_candidate
satz,satz_b1_0426,b1,a1,-2,under2 grammar=grammar_a1_action_location_particle:1,,b1_verbs_daily_1,downgrade_candidate
satz,satz_b1_0427,b1,a1,-2,under2 grammar=grammar_a1_topic_particle:1,,b1_verbs_daily_1,downgrade_candidate
satz,satz_b1_0428,b1,a1,-2,under2 grammar=grammar_a1_direction_means:1,,b1_verbs_daily_1,downgrade_candidate
satz,satz_b1_0429,b1,a1,-2,under2 grammar=grammar_a1_direction_means:1,,b1_verbs_daily_1,downgrade_candidate
satz,satz_b1_0430,b1,a1,-2,under2 grammar=grammar_a1_object_particle:1,,b1_verbs_daily_1,downgrade_candidate
satz,satz_b1_0432,b1,a1,-2,under2 grammar=grammar_a1_object_particle:1,,b1_verbs_daily_1,downgrade_candidate
satz,satz_b1_0436,b1,a1,-2,under2 grammar=grammar_a1_subject_particle:1,,b1_descriptions_adj_1,downgrade_candidate
satz,satz_b1_0437,b1,a1,-2,under2 grammar=grammar_a1_subject_particle:1,,b1_descriptions_adj_1,downgrade_candidate
satz,satz_b1_0439,b1,a1,-2,under2 grammar=grammar_a1_topic_particle:1,,b1_descriptions_adj_1,downgrade_candidate
satz,satz_b1_0440,b1,a1,-2,under2 grammar=grammar_a1_subject_particle:1,,b1_descriptions_adj_1,downgrade_candidate
satz,satz_b1_0442,b1,a1,-2,under2 grammar=grammar_a1_subject_particle:1,,b1_descriptions_adj_1,downgrade_candidate
satz,satz_b1_0444,b1,a1,-2,under2 grammar=grammar_a1_topic_particle:1,,b1_time_life_1,downgrade_candidate
satz,satz_b1_0446,b1,a1,-2,under2 grammar=grammar_a1_topic_particle:1,,b1_time_life_1,downgrade_candidate
satz,satz_b1_0447,b1,a1,-2,under2 grammar=grammar_a1_polite_present:1,,b1_time_life_1,downgrade_candidate
satz,satz_b1_0448,b1,a1,-2,under2 grammar=grammar_a1_subject_particle:1,,b1_time_life_1,downgrade_candidate
satz,satz_b1_0449,b1,a1,-2,under2 grammar=grammar_a1_topic_particle:1,,b1_time_life_1,downgrade_candidate
satz,satz_b1_0450,b1,a1,-2,under2 grammar=grammar_a1_object_particle:1,,b1_time_life_1,downgrade_candidate
satz,satz_b1_0455,b1,a1,-2,under2 grammar=grammar_a1_topic_particle:1,,b1_time_life_1,downgrade_candidate
satz,satz_b1_0458,b1,a1,-2,under2 grammar=grammar_a1_subject_particle:1,,b1_descriptions_1,downgrade_candidate
satz,satz_b1_0461,b1,a1,-2,under2 grammar=grammar_a1_polite_present:1,,b1_daily_2,downgrade_candidate
satz,satz_b1_0463,b1,a1,-2,under2 grammar=grammar_a1_subject_particle:1,,b1_daily_3,downgrade_candidate
satz,satz_b1_0464,b1,a1,-2,under2 grammar=grammar_a1_subject_particle:1,,b1_daily_1,downgrade_candidate
satz,satz_b1_0465,b1,a1,-2,under2 grammar=grammar_a1_subject_particle:1,,b1_daily_1,downgrade_candidate
satz,satz_b1_0466,b1,a1,-2,under2 grammar=grammar_a1_subject_particle:1,,b1_daily_3,downgrade_candidate
satz,satz_b1_0469,b1,b2,1,over1 lex_p90=3.6,,b1_work_entry_2026_1,step_up_or_swap
satz,satz_b1_0472,b1,b2,1,over1 lex_p90=3.5,,b1_work_entry_2026_1,step_up_or_swap
satz,satz_b2_0001,b2,a2,-2,under2 lex_p90=1.9,,,downgrade_candidate
satz,satz_b2_0002,b2,a2,-2,under2 lex_p90=1.9,,,downgrade_candidate
satz,satz_b2_0003,b2,a2,-2,under2 lex_p90=1.8,,,downgrade_candidate
satz,satz_b2_0004,b2,a2,-2,under2 lex_p90=2.0,,,downgrade_candidate
satz,satz_b2_0008,b2,a1,-3,under2 grammar=grammar_a1_object_particle:1,,,downgrade_candidate
satz,satz_b2_0009,b2,a1,-3,under2 grammar=grammar_a1_subject_particle:1,,,downgrade_candidate
satz,satz_b2_0010,b2,a1,-3,under2 grammar=grammar_a1_subject_particle:1,,,downgrade_candidate
satz,satz_b2_0011,b2,a1,-3,under2 grammar=grammar_a1_object_particle:1,,,downgrade_candidate
satz,satz_b2_0012,b2,a2,-2,under2 lex_p90=2.0,,,downgrade_candidate
satz,satz_b2_0013,b2,a1,-3,under2 grammar=grammar_a1_subject_particle:1,,,downgrade_candidate
satz,satz_b2_0014,b2,a2,-2,under2 lex_p90=1.9,,,downgrade_candidate
satz,satz_b2_0016,b2,a2,-2,under2 lex_p90=2.0,,,downgrade_candidate
satz,satz_b2_0019,b2,c1,1,over1 lex_p90=4.6,,,step_up_or_swap
satz,satz_b2_0021,b2,a1,-3,under2 grammar=grammar_a1_subject_particle:1,,,downgrade_candidate
satz,satz_b2_0022,b2,a1,-3,under2 grammar=grammar_a1_which_question:1,,,downgrade_candidate
satz,satz_b2_0023,b2,a2,-2,under2 lex_p90=1.9,,,downgrade_candidate
satz,satz_b2_0026,b2,a1,-3,under2 grammar=grammar_a1_polite_present:1,,,downgrade_candidate
satz,satz_b2_0028,b2,a1,-3,under2 grammar=grammar_a1_object_particle:1,,,downgrade_candidate
satz,satz_b2_0029,b2,a2,-2,under2 lex_p90=1.9,,,downgrade_candidate
satz,satz_b2_0033,b2,a2,-2,under2 lex_p90=1.8,,,downgrade_candidate
satz,satz_b2_0046,b2,c1,1,over1 lex_p90=5.0,,b2_formal_agreement_1,step_up_or_swap
satz,satz_b2_0049,b2,a2,-2,under2 grammar=grammar_a2_conditional:2,,b2_formal_agreement_1,downgrade_candidate
satz,satz_b2_0050,b2,a2,-2,under2 grammar=grammar_a2_conditional:2,,b2_formal_agreement_1,downgrade_candidate
satz,satz_b2_0059,b2,c1,1,over1 lex_p90=5.0,,b2_formal_complaint_1,step_up_or_swap
satz,satz_b2_0062,b2,c1,1,over1 lex_p90=5.0,,b2_formal_complaint_1,step_up_or_swap
satz,satz_b2_0074,b2,a2,-2,under2 lex_p90=2.0,,b2_decisions_perspectives_1,downgrade_candidate
satz,satz_b2_0077,b2,a2,-2,under2 grammar=grammar_a2_try_experience:2,,b2_decisions_perspectives_1,downgrade_candidate
satz,satz_b2_0082,b2,a2,-2,under2 grammar=grammar_a2_tag_confirmation:2,,b2_reading_response_1,downgrade_candidate
satz,satz_b2_0086,b2,c1,1,over1 lex_p90=5.0,,b2_reading_response_1,step_up_or_swap
satz,satz_b2_0102,b2,a2,-2,under2 lex_p90=2.0,,b2_collaborative_feedback_1,downgrade_candidate
satz,satz_b2_0105,b2,a2,-2,under2 grammar=grammar_a2_tag_confirmation:2,,b2_collaborative_feedback_1,downgrade_candidate
satz,satz_b2_0106,b2,a2,-2,under2 grammar=nikl_g2_는_것:2,,b2_collaborative_feedback_1,downgrade_candidate
satz,satz_b2_0113,b2,c1,1,over1 lex_p90=4.8,,b2_collaborative_feedback_1,step_up_or_swap
satz,satz_b2_0119,b2,a2,-2,under2 lex_p90=2.4,,b2_digital_judgment_1,downgrade_candidate
satz,satz_b2_0120,b2,a2,-2,under2 grammar=nikl_g2_을_때:2,,b2_digital_judgment_1,downgrade_candidate
satz,satz_b2_0125,b2,a2,-2,under2 lex_p90=2.2,,b2_digital_judgment_1,downgrade_candidate
satz,satz_b2_0127,b2,a2,-2,under2 lex_p90=2.0,,b2_shared_space_coordination_1,downgrade_candidate
satz,satz_b2_0128,b2,a2,-2,under2 grammar=grammar_a2_tag_confirmation:2,,b2_shared_space_coordination_1,downgrade_candidate
satz,satz_b2_0133,b2,a2,-2,under2 lex_p90=2.0,,b2_shared_space_coordination_1,downgrade_candidate
satz,satz_b2_0135,b2,a2,-2,under2 grammar=grammar_a2_tag_confirmation:2,,b2_shared_space_coordination_1,downgrade_candidate
satz,satz_b2_0137,b2,a2,-2,under2 grammar=grammar_a2_tag_confirmation:2,,b2_shared_space_coordination_1,downgrade_candidate
satz,satz_b2_0139,b2,a2,-2,under2 length,,b2_personal_boundaries_1,downgrade_candidate
satz,satz_b2_0140,b2,a2,-2,under2 lex_p90=2.3,,b2_personal_boundaries_1,downgrade_candidate
satz,satz_b2_0144,b2,c1,1,over1 grammar=nikl_g5_는_척하다_v2:5,,b2_personal_boundaries_1,step_up_or_swap
satz,satz_b2_0145,b2,a2,-2,under2 grammar=grammar_a2_conditional:2,,b2_personal_boundaries_1,downgrade_candidate
satz,satz_b2_0150,b2,c1,1,over1 lex_p90=5.3,can_do_ref,,step_up_or_swap
satz,satz_b2_0151,b2,c1,1,over1 lex_p90=5.4,can_do_ref,,step_up_or_swap
satz,satz_b2_0154,b2,a2,-2,under2 grammar=grammar_a2_conditional:2,can_do_ref,,downgrade_candidate
satz,satz_b2_0155,b2,c1,1,over1 lex_p90=5.0,can_do_ref,,step_up_or_swap
satz,satz_b2_0156,b2,a2,-2,under2 lex_p90=2.5,,b2_partner_inlaws_1,downgrade_candidate
satz,satz_b2_0157,b2,a2,-2,under2 grammar=grammar_a2_tag_confirmation:2,,b2_partner_inlaws_1,downgrade_candidate
satz,satz_b2_0159,b2,a2,-2,under2 lex_p90=2.2,,b2_partner_inlaws_1,downgrade_candidate
satz,satz_b2_0161,b2,a2,-2,under2 grammar=grammar_a2_tag_confirmation:2,,b2_partner_inlaws_1,downgrade_candidate
satz,satz_b2_0165,b2,a2,-2,under2 lex_p90=1.5,,b2_partner_inlaws_1,downgrade_candidate
satz,satz_b2_0167,b2,a2,-2,under2 grammar=grammar_a2_conditional:2,,b2_partner_inlaws_1,downgrade_candidate
satz,satz_b2_0171,b2,a2,-2,under2 grammar=grammar_a2_tag_confirmation:2,,b2_partner_marriage_talk_1,downgrade_candidate
satz,satz_b2_0172,b2,a2,-2,under2 grammar=grammar_a2_tag_confirmation:2,,b2_partner_marriage_talk_1,downgrade_candidate
satz,satz_b2_0174,b2,c2,2,over2 lex_p90=5.6,,b2_partner_marriage_talk_1,bundle_move
satz,satz_b2_0178,b2,a2,-2,under2 grammar=grammar_a2_tag_confirmation:2,,b2_partner_marriage_talk_1,downgrade_candidate
satz,satz_b2_0180,b2,a2,-2,under2 grammar=grammar_a2_cause_sequence:2,,b2_partner_honorific_trap_1,downgrade_candidate
satz,satz_b2_0181,b2,a2,-2,under2 grammar=grammar_a2_tag_confirmation:2,,b2_partner_honorific_trap_1,downgrade_candidate
satz,satz_b2_0183,b2,a2,-2,under2 lex_p90=2.0,,b2_partner_honorific_trap_1,downgrade_candidate
satz,satz_b2_0184,b2,a2,-2,under2 grammar=grammar_a2_each:2,,b2_partner_honorific_trap_1,downgrade_candidate
satz,satz_b2_0185,b2,a2,-2,under2 grammar=grammar_a2_conditional:2,,b2_partner_honorific_trap_1,downgrade_candidate
satz,satz_b2_0186,b2,a1,-3,under2 grammar=grammar_a1_topic_particle:1,,b2_partner_honorific_trap_1,downgrade_candidate
satz,satz_b2_0187,b2,a2,-2,under2 lex_p90=1.6,,b2_partner_honorific_trap_1,downgrade_candidate
satz,satz_b2_0189,b2,a2,-2,under2 lex_p90=1.6,,b2_partner_honorific_trap_1,downgrade_candidate
satz,satz_b2_0192,b2,a2,-2,under2 lex_p90=2.0,,b2_partner_ancestral_rite_1,downgrade_candidate
satz,satz_b2_0193,b2,a2,-2,under2 grammar=grammar_a2_tag_confirmation:2,,b2_partner_ancestral_rite_1,downgrade_candidate
satz,satz_b2_0197,b2,a2,-2,under2 grammar=grammar_a2_tag_confirmation:2,,b2_partner_ancestral_rite_1,downgrade_candidate
satz,satz_b2_0198,b2,a2,-2,under2 lex_p90=1.5,,b2_partner_ancestral_rite_1,downgrade_candidate
satz,satz_b2_0199,b2,a2,-2,under2 length,,b2_partner_ancestral_rite_1,downgrade_candidate
satz,satz_b2_0200,b2,a2,-2,under2 lex_p90=2.0,,b2_partner_ancestral_rite_1,downgrade_candidate
satz,satz_b2_0202,b2,a2,-2,under2 grammar=grammar_a2_like:2,,b2_partner_ancestral_rite_1,downgrade_candidate
satz,satz_b2_0203,b2,a2,-2,under2 grammar=grammar_a2_conditional:2,,b2_partner_ancestral_rite_1,downgrade_candidate
satz,satz_b2_0204,b2,a2,-2,under2 lex_p90=2.0,,b2_partner_family_money_1,downgrade_candidate
satz,satz_b2_0209,b2,a1,-3,under2 grammar=grammar_a1_topic_particle:1,,b2_partner_family_money_1,downgrade_candidate
satz,satz_b2_0213,b2,a2,-2,under2 grammar=grammar_a2_try_experience:2,,b2_partner_family_money_1,downgrade_candidate
satz,satz_b2_0218,b2,a1,-3,under2 grammar=grammar_a1_topic_particle:1,,b2_partner_holiday_duty_1,downgrade_candidate
satz,satz_b2_0220,b2,a2,-2,under2 lex_p90=2.4,,b2_partner_holiday_duty_1,downgrade_candidate
satz,satz_b2_0222,b2,a2,-2,under2 lex_p90=2.5,,b2_partner_holiday_duty_1,downgrade_candidate
satz,satz_b2_0225,b2,a2,-2,under2 lex_p90=2.0,,b2_partner_holiday_duty_1,downgrade_candidate
satz,satz_b2_0226,b2,c1,1,over1 grammar=nikl_g5_기만_하다:5,,b2_partner_holiday_duty_1,step_up_or_swap
satz,satz_b2_0228,b2,a2,-2,under2 lex_p90=2.0,,b2_partner_boundary_1,downgrade_candidate
satz,satz_b2_0229,b2,a1,-3,under2 grammar=grammar_a1_topic_particle:1,,b2_partner_boundary_1,downgrade_candidate
satz,satz_b2_0230,b2,a2,-2,under2 lex_p90=2.4,,b2_partner_boundary_1,downgrade_candidate
satz,satz_b2_0231,b2,a2,-2,under2 grammar=grammar_a2_tag_confirmation:2,,b2_partner_boundary_1,downgrade_candidate
satz,satz_b2_0232,b2,a2,-2,under2 lex_p90=2.5,,b2_partner_boundary_1,downgrade_candidate
satz,satz_b2_0237,b2,a2,-2,under2 lex_p90=2.0,,b2_partner_boundary_1,downgrade_candidate
satz,satz_b2_0239,b2,a2,-2,under2 lex_p90=2.0,,b2_partner_boundary_1,downgrade_candidate
satz,satz_b2_0240,b2,a2,-2,under2 lex_p90=1.6,,b2_partner_public_intro_1,downgrade_candidate
satz,satz_b2_0241,b2,a2,-2,under2 lex_p90=2.3,,b2_partner_public_intro_1,downgrade_candidate
satz,satz_b2_0242,b2,a2,-2,under2 lex_p90=1.5,,b2_partner_public_intro_1,downgrade_candidate
satz,satz_b2_0243,b2,a2,-2,under2 lex_p90=1.8,,b2_partner_public_intro_1,downgrade_candidate
satz,satz_b2_0244,b2,a2,-2,under2 lex_p90=2.0,,b2_partner_public_intro_1,downgrade_candidate
satz,satz_b2_0245,b2,a2,-2,under2 lex_p90=2.0,,b2_partner_public_intro_1,downgrade_candidate
satz,satz_b2_0254,b2,c1,1,over1 lex_p90=4.8,,b2_performance_review_1,step_up_or_swap
satz,satz_b2_0256,b2,c1,1,over1 lex_p90=4.7,,b2_performance_review_1,step_up_or_swap
satz,satz_b2_0257,b2,a2,-2,under2 lex_p90=1.7,,b2_performance_review_1,downgrade_candidate
satz,satz_b2_0266,b2,c1,1,over1 lex_p90=4.6,,b2_housing_dispute_1,step_up_or_swap
satz,satz_b2_0269,b2,a2,-2,under2 lex_p90=1.7,,b2_housing_dispute_1,downgrade_candidate
satz,satz_b2_0272,b2,c2,2,over2 lex_p90=5.5,,b2_housing_dispute_1,bundle_move
satz,satz_b2_0276,b2,a2,-2,under2 grammar=grammar_a2_tag_confirmation:2,,b2_media_literacy_1,downgrade_candidate
satz,satz_b2_0282,b2,c1,1,over1 lex_p90=4.6,,b2_media_literacy_1,step_up_or_swap
satz,satz_b2_0284,b2,a2,-2,under2 lex_p90=2.0,,b2_media_literacy_1,downgrade_candidate
satz,satz_b2_0285,b2,a2,-2,under2 lex_p90=2.5,,b2_media_literacy_1,downgrade_candidate
satz,satz_b2_0288,b2,a2,-2,under2 grammar=grammar_a2_tag_confirmation:2,,b2_civic_meeting_1,downgrade_candidate
satz,satz_b2_0297,b2,a2,-2,under2 lex_p90=1.8,,b2_civic_meeting_1,downgrade_candidate
satz,satz_b2_0300,b2,a2,-2,under2 grammar=grammar_a2_comparative:2,,b2_team_negotiation_1,downgrade_candidate
satz,satz_b2_0305,b2,c2,2,over2 lex_p90=6.0,,b2_team_negotiation_1,bundle_move
satz,satz_b2_0307,b2,a2,-2,under2 lex_p90=2.0,,b2_team_negotiation_1,downgrade_candidate
satz,satz_b2_0312,b2,a2,-2,under2 lex_p90=2.0,,b2_policy_brief_1,downgrade_candidate
satz,satz_b2_0313,b2,a2,-2,under2 grammar=grammar_a2_tag_confirmation:2,,b2_policy_brief_1,downgrade_candidate
satz,satz_b2_0318,b2,c1,1,over1 lex_p90=5.4,,b2_policy_brief_1,step_up_or_swap
satz,satz_b2_0321,b2,c1,1,over1 lex_p90=4.6,,b2_policy_brief_1,step_up_or_swap
satz,satz_b2_0326,b2,a2,-2,under2 lex_p90=1.7,,b2_customer_escalation_1,downgrade_candidate
satz,satz_b2_0329,b2,a2,-2,under2 lex_p90=2.5,,b2_customer_escalation_1,downgrade_candidate
satz,satz_b2_0342,b2,a2,-2,under2 lex_p90=2.0,,b2_research_summary_1,downgrade_candidate
satz,satz_b2_0344,b2,a1,-3,under2 grammar=grammar_a1_object_particle:1,,b2_research_summary_1,downgrade_candidate
satz,satz_b2_0348,b2,a2,-2,under2 lex_p90=1.6,,b2_thinking_1,downgrade_candidate
satz,satz_b2_0349,b2,c1,1,over1 grammar=nikl_g5_더라고_v1:5,,b2_education,step_up_or_swap
satz,satz_b2_0356,b2,a2,-2,under2 lex_p90=1.8,,b2_society_1,downgrade_candidate
satz,satz_b2_0357,b2,a2,-2,under2 lex_p90=2.4,,b2_thinking_1,downgrade_candidate
satz,satz_b2_0360,b2,a2,-2,under2 lex_p90=2.0,,b2_communication,downgrade_candidate
satz,satz_b2_0362,b2,a2,-2,under2 lex_p90=1.7,,b2_communication,downgrade_candidate
satz,satz_b2_0365,b2,a2,-2,under2 grammar=nikl_g2_는데2_v5:2,,b2_communication,downgrade_candidate
satz,satz_b2_0368,b2,a2,-2,under2 grammar=grammar_a2_intention_guess:2,,b2_misc,downgrade_candidate
satz,satz_b2_0370,b2,a2,-2,under2 lex_p90=1.7,,b2_thinking_2,downgrade_candidate
satz,satz_b2_0372,b2,a2,-2,under2 lex_p90=2.0,,b2_work,downgrade_candidate
satz,satz_b2_0374,b2,a2,-2,under2 lex_p90=1.8,,b2_society_1,downgrade_candidate
satz,satz_b2_0378,b2,a2,-2,under2 lex_p90=2.0,,b2_society_2,downgrade_candidate
satz,satz_b2_0380,b2,a2,-2,under2 lex_p90=2.0,,b2_misc,downgrade_candidate
satz,satz_b2_0383,b2,a1,-3,under2 grammar=grammar_a1_which_question:1,,b2_education,downgrade_candidate
satz,satz_b2_0386,b2,a2,-2,under2 lex_p90=2.0,,b2_thinking_2,downgrade_candidate
satz,satz_b2_0390,b2,a2,-2,under2 lex_p90=1.9,,b2_thinking_2,downgrade_candidate
satz,satz_b2_0392,b2,a2,-2,under2 lex_p90=1.9,,b2_modern_life_1,downgrade_candidate
satz,satz_b2_0395,b2,a1,-3,under2 grammar=grammar_a1_polite_present:1,,b2_modern_life_1,downgrade_candidate
satz,satz_b2_0396,b2,a1,-3,under2 grammar=grammar_a1_subject_particle:1,,b2_modern_life_1,downgrade_candidate
satz,satz_b2_0398,b2,a2,-2,under2 lex_p90=1.9,,b2_modern_life_1,downgrade_candidate
satz,satz_b2_0399,b2,a1,-3,under2 grammar=grammar_a1_object_particle:1,,b2_manners_society_1,downgrade_candidate
satz,satz_b2_0401,b2,a2,-2,under2 lex_p90=1.9,,b2_manners_society_1,downgrade_candidate
satz,satz_b2_0402,b2,a2,-2,under2 grammar=grammar_a2_tag_confirmation:2,,b2_manners_society_1,downgrade_candidate
satz,satz_b2_0403,b2,a2,-2,under2 lex_p90=1.9,,b2_manners_society_1,downgrade_candidate
satz,satz_b2_0405,b2,a2,-2,under2 lex_p90=2.0,,b2_manners_society_1,downgrade_candidate
satz,satz_b2_0406,b2,a2,-2,under2 grammar=grammar_a2_conditional:2,,b2_manners_society_1,downgrade_candidate
satz,satz_b2_0408,b2,a1,-3,under2 grammar=grammar_a1_topic_particle:1,,b2_manners_society_1,downgrade_candidate
satz,satz_b2_0409,b2,a2,-2,under2 grammar=grammar_a2_dative_person:2,,b2_manners_society_1,downgrade_candidate
satz,satz_b2_0410,b2,a2,-2,under2 lex_p90=1.8,,b2_abstract_concepts_1,downgrade_candidate
satz,satz_b2_0413,b2,a1,-3,under2 grammar=grammar_a1_subject_particle:1,,b2_abstract_concepts_1,downgrade_candidate
satz,satz_b2_0414,b2,a1,-3,under2 grammar=grammar_a1_topic_particle:1,,b2_language_grammar_1,downgrade_candidate
satz,satz_b2_0415,b2,a1,-3,under2 grammar=grammar_a1_subject_particle:1,,b2_language_grammar_1,downgrade_candidate
satz,satz_b2_0416,b2,a2,-2,under2 lex_p90=1.8,,b2_language_grammar_1,downgrade_candidate
satz,satz_b2_0417,b2,a2,-2,under2 lex_p90=1.9,,b2_language_grammar_1,downgrade_candidate
satz,satz_b2_0418,b2,c1,1,over1 lex_p90=4.9,,b2_language_grammar_1,step_up_or_swap
satz,satz_b2_0419,b2,a2,-2,under2 lex_p90=1.7,,b2_language_grammar_1,downgrade_candidate
satz,satz_b2_0420,b2,a1,-3,under2 grammar=grammar_a1_topic_particle:1,,b2_language_grammar_1,downgrade_candidate
satz,satz_b2_0421,b2,a1,-3,under2 grammar=grammar_a1_topic_particle:1,,b2_language_grammar_1,downgrade_candidate
satz,satz_b2_0422,b2,a2,-2,under2 lex_p90=1.9,,b2_language_grammar_1,downgrade_candidate
satz,satz_b2_0423,b2,a1,-3,under2 grammar=grammar_a1_subject_particle:1,,b2_language_grammar_1,downgrade_candidate
satz,satz_b2_0424,b2,a1,-3,under2 grammar=grammar_a1_object_particle:1,,b2_language_grammar_1,downgrade_candidate
satz,satz_b2_0425,b2,a1,-3,under2 grammar=grammar_a1_subject_particle:1,,b2_household_practical_1,downgrade_candidate
satz,satz_b2_0426,b2,a1,-3,under2 grammar=grammar_a1_topic_particle:1,,b2_household_practical_1,downgrade_candidate
satz,satz_b2_0427,b2,a2,-2,under2 lex_p90=1.9,,b2_household_practical_1,downgrade_candidate
satz,satz_b2_0428,b2,a2,-2,under2 lex_p90=1.9,,b2_household_practical_1,downgrade_candidate
satz,satz_b2_0431,b2,a1,-3,under2 grammar=grammar_a1_object_particle:1,,b2_household_practical_1,downgrade_candidate
satz,satz_b2_0432,b2,a2,-2,under2 grammar=grammar_a2_tag_confirmation:2,,b2_household_practical_1,downgrade_candidate
satz,satz_b2_0433,b2,a1,-3,under2 grammar=grammar_a1_subject_particle:1,,b2_household_practical_1,downgrade_candidate
satz,satz_b2_0435,b2,a1,-3,under2 grammar=grammar_a1_subject_particle:1,,b2_household_practical_1,downgrade_candidate
satz,satz_b2_0436,b2,a1,-3,under2 grammar=grammar_a1_object_particle:1,,b2_household_practical_1,downgrade_candidate
satz,satz_b2_0437,b2,a1,-3,under2 grammar=grammar_a1_object_particle:1,,b2_relationships_people_1,downgrade_candidate
satz,satz_b2_0438,b2,a2,-2,under2 lex_p90=1.9,,b2_relationships_people_1,downgrade_candidate
satz,satz_b2_0439,b2,a2,-2,under2 lex_p90=2.0,,b2_relationships_people_1,downgrade_candidate
satz,satz_b2_0440,b2,a1,-3,under2 grammar=grammar_a1_topic_particle:1,,b2_relationships_people_1,downgrade_candidate
satz,satz_b2_0441,b2,a2,-2,under2 grammar=grammar_a2_tag_confirmation:2,,b2_relationships_people_1,downgrade_candidate
satz,satz_b2_0445,b2,a1,-3,under2 grammar=grammar_a1_topic_particle:1,,b2_relationships_people_1,downgrade_candidate
satz,satz_b2_0446,b2,a2,-2,under2 lex_p90=1.8,,b2_safety_rules_1,downgrade_candidate
satz,satz_b2_0448,b2,a2,-2,under2 lex_p90=1.9,,b2_safety_rules_1,downgrade_candidate
satz,satz_b2_0449,b2,a2,-2,under2 lex_p90=1.9,,b2_safety_rules_1,downgrade_candidate
satz,satz_b2_0450,b2,a1,-3,under2 grammar=grammar_a1_object_particle:1,,b2_safety_rules_1,downgrade_candidate
satz,satz_b2_0452,b2,a1,-3,under2 grammar=grammar_a1_action_location_particle:1,,b2_safety_rules_1,downgrade_candidate
satz,satz_b2_0453,b2,a2,-2,under2 grammar=grammar_a2_conditional:2,,b2_safety_rules_1,downgrade_candidate
satz,satz_b2_0454,b2,a2,-2,under2 lex_p90=2.0,,b2_safety_rules_1,downgrade_candidate
satz,satz_b2_0455,b2,a2,-2,under2 lex_p90=2.0,,b2_safety_rules_1,downgrade_candidate
satz,satz_b2_0456,b2,a2,-2,under2 lex_p90=2.0,,b2_events_culture_1,downgrade_candidate
satz,satz_b2_0457,b2,a1,-3,under2 grammar=grammar_a1_action_location_particle:1,,b2_events_culture_1,downgrade_candidate
satz,satz_b2_0459,b2,a1,-3,under2 grammar=grammar_a1_object_particle:1,,b2_events_culture_1,downgrade_candidate
satz,satz_b2_0460,b2,a1,-3,under2 grammar=grammar_a1_subject_particle:1,,b2_events_culture_1,downgrade_candidate
satz,satz_b2_0463,b2,a2,-2,under2 lex_p90=1.9,,b2_events_culture_1,downgrade_candidate
satz,satz_b2_0465,b2,a2,-2,under2 lex_p90=1.7,,b2_events_culture_1,downgrade_candidate
satz,satz_b2_0466,b2,a1,-3,under2 grammar=grammar_a1_topic_particle:1,,b2_events_culture_1,downgrade_candidate
satz,satz_b2_0467,b2,a1,-3,under2 grammar=grammar_a1_subject_particle:1,,b2_events_culture_1,downgrade_candidate
satz,satz_b2_0468,b2,a2,-2,under2 lex_p90=2.0,,b2_thinking_verbs_1,downgrade_candidate
satz,satz_b2_0469,b2,a2,-2,under2 lex_p90=2.0,,b2_thinking_verbs_1,downgrade_candidate
satz,satz_b2_0470,b2,a2,-2,under2 grammar=grammar_a2_tag_confirmation:2,,b2_thinking_verbs_1,downgrade_candidate
satz,satz_b2_0473,b2,a2,-2,under2 grammar=grammar_a2_dative_person:2,,b2_thinking_verbs_1,downgrade_candidate
satz,satz_b2_0474,b2,a1,-3,under2 grammar=grammar_a1_subject_particle:1,,b2_thinking_verbs_1,downgrade_candidate
satz,satz_b2_0475,b2,a1,-3,under2 grammar=grammar_a1_object_particle:1,,b2_thinking_verbs_1,downgrade_candidate
satz,satz_b2_0476,b2,a2,-2,under2 lex_p90=1.7,,b2_thinking_verbs_1,downgrade_candidate
satz,satz_b2_0477,b2,a1,-3,under2 grammar=grammar_a1_object_particle:1,,b2_thinking_verbs_1,downgrade_candidate
satz,satz_b2_0478,b2,a2,-2,under2 lex_p90=1.6,,b2_thinking_verbs_1,downgrade_candidate
satz,satz_b2_0479,b2,a1,-3,under2 grammar=grammar_a1_object_particle:1,,b2_thinking_verbs_1,downgrade_candidate
satz,satz_b2_0480,b2,a1,-3,under2 grammar=grammar_a1_polite_past:1,,b2_honorifics_1,downgrade_candidate
satz,satz_b2_0481,b2,a2,-2,under2 grammar=grammar_a2_tag_confirmation:2,,b2_honorifics_1,downgrade_candidate
satz,satz_b2_0482,b2,a2,-2,under2 grammar=grammar_a2_change:2,,b2_honorifics_1,downgrade_candidate
satz,satz_b2_0483,b2,a1,-3,under2 grammar=grammar_a1_subject_particle:1,,b2_honorifics_1,downgrade_candidate
satz,satz_b2_0484,b2,a2,-2,under2 lex_p90=1.9,,b2_honorifics_1,downgrade_candidate
satz,satz_b2_0485,b2,a1,-3,under2 grammar=grammar_a1_object_particle:1,,b2_honorifics_1,downgrade_candidate
satz,satz_b2_0486,b2,a1,-3,under2 lex_p90=1.0,,b2_honorifics_1,downgrade_candidate
satz,satz_b2_0487,b2,a2,-2,under2 lex_p90=1.9,,b2_honorifics_1,downgrade_candidate
satz,satz_b2_0488,b2,a1,-3,under2 grammar=grammar_a1_topic_particle:1,,b2_honorifics_1,downgrade_candidate
satz,satz_b2_0489,b2,a1,-3,under2 grammar=grammar_a1_topic_particle:1,,b2_honorifics_1,downgrade_candidate
satz,satz_b2_0491,b2,a2,-2,under2 grammar=grammar_a2_conditional:2,,b2_life_values,downgrade_candidate
satz,satz_b2_0494,b2,a2,-2,under2 lex_p90=2.4,,b2_life_values,downgrade_candidate
satz,satz_b2_0496,b2,a2,-2,under2 grammar=grammar_a2_tag_confirmation:2,,b2_life_values,downgrade_candidate
satz,satz_b2_0500,b2,a2,-2,under2 lex_p90=2.4,,b2_literature_emotion,downgrade_candidate
satz,satz_b2_0501,b2,a2,-2,under2 lex_p90=1.8,,b2_literature_emotion,downgrade_candidate
satz,satz_b2_0507,b2,a2,-2,under2 grammar=grammar_a2_dative_person:2,,b2_literature_emotion,downgrade_candidate
satz,satz_b2_0508,b2,a2,-2,under2 lex_p90=2.4,,b2_literature_emotion,downgrade_candidate
satz,satz_b2_0509,b2,a2,-2,under2 lex_p90=2.4,,b2_literature_emotion,downgrade_candidate
satz,satz_b2_0510,b2,a2,-2,under2 lex_p90=1.7,,b2_language_change,downgrade_candidate
satz,satz_b2_0512,b2,a2,-2,under2 lex_p90=2.0,,b2_language_change,downgrade_candidate
satz,satz_b2_0515,b2,a2,-2,under2 lex_p90=2.0,,b2_language_change,downgrade_candidate
satz,satz_b2_0516,b2,a2,-2,under2 grammar=grammar_a2_conditional:2,,b2_language_change,downgrade_candidate
satz,satz_b2_0519,b2,a1,-3,under2 grammar=grammar_a1_object_particle:1,,b2_language_change,downgrade_candidate
satz,satz_b2_0526,b2,a2,-2,under2 grammar=grammar_a2_tag_confirmation:2,,,downgrade_candidate
satz,satz_b2_0533,b2,c1,1,over1 lex_p90=4.8,,b2_2026_social_topics_1,step_up_or_swap
satz,satz_c1_0002,c1,b1,-2,under2 lex_p90=3.2,can_do_ref,c1_accessible_participation_1,downgrade_candidate
satz,satz_c1_0008,c1,b1,-2,under2 lex_p90=3.0,can_do_ref,c1_accessible_participation_1,downgrade_candidate
satz,satz_c1_0011,c1,b1,-2,under2 lex_p90=3.2,can_do_ref,c1_accessible_participation_1,downgrade_candidate
satz,satz_c1_0012,c1,b1,-2,under2 lex_p90=3.3,can_do_ref,c1_accessible_participation_1,downgrade_candidate
satz,satz_c1_0017,c1,b1,-2,under2 lex_p90=3.0,can_do_ref,c1_evidence_reasoning_1,downgrade_candidate
satz,satz_c1_0021,c1,b1,-2,under2 lex_p90=3.1,can_do_ref,c1_evidence_reasoning_1,downgrade_candidate
satz,satz_c1_0023,c1,b1,-2,under2 lex_p90=3.3,can_do_ref,c1_evidence_reasoning_1,downgrade_candidate
satz,satz_c1_0025,c1,b1,-2,under2 lex_p90=3.3,can_do_ref,c1_risk_communication_1,downgrade_candidate
satz,satz_c1_0027,c1,b1,-2,under2 lex_p90=3.2,can_do_ref,c1_risk_communication_1,downgrade_candidate
satz,satz_c1_0028,c1,a2,-3,under2 lex_p90=2.1,can_do_ref,c1_risk_communication_1,downgrade_candidate
satz,satz_c1_0031,c1,b1,-2,under2 grammar=nikl_g3_기_위해:3,can_do_ref,c1_risk_communication_1,downgrade_candidate
satz,satz_c1_0032,c1,b1,-2,under2 lex_p90=3.0,can_do_ref,c1_risk_communication_1,downgrade_candidate
satz,satz_c1_0033,c1,b1,-2,under2 lex_p90=3.4,can_do_ref,c1_risk_communication_1,downgrade_candidate
satz,satz_c1_0034,c1,b1,-2,under2 lex_p90=3.3,can_do_ref,c1_risk_communication_1,downgrade_candidate
satz,satz_c1_0036,c1,b1,-2,under2 lex_p90=3.2,can_do_ref,c1_risk_communication_1,downgrade_candidate
satz,satz_c1_0039,c1,b1,-2,under2 lex_p90=3.0,can_do_ref,c1_sustainable_tradeoffs_1,downgrade_candidate
satz,satz_c1_0040,c1,b1,-2,under2 lex_p90=3.0,can_do_ref,c1_sustainable_tradeoffs_1,downgrade_candidate
satz,satz_c1_0041,c1,b1,-2,under2 lex_p90=3.0,can_do_ref,c1_sustainable_tradeoffs_1,downgrade_candidate
satz,satz_c1_0044,c1,b1,-2,under2 lex_p90=3.0,can_do_ref,c1_sustainable_tradeoffs_1,downgrade_candidate
satz,satz_c1_0058,c1,a2,-3,under2 grammar=nikl_g2_을_때:2,can_do_ref,c1_partner_family_framing_1,downgrade_candidate
satz,satz_c1_0060,c1,b1,-2,under2 lex_p90=2.6,can_do_ref,c1_partner_family_framing_1,downgrade_candidate
satz,satz_c1_0061,c1,b1,-2,under2 lex_p90=3.0,can_do_ref,c1_partner_family_framing_1,downgrade_candidate
satz,satz_c1_0062,c1,b1,-2,under2 lex_p90=2.8,can_do_ref,c1_partner_family_framing_1,downgrade_candidate
satz,satz_c1_0063,c1,a2,-3,under2 lex_p90=1.5,can_do_ref,c1_partner_family_framing_1,downgrade_candidate
satz,satz_c1_0064,c1,b1,-2,under2 lex_p90=3.0,can_do_ref,c1_partner_family_framing_1,downgrade_candidate
satz,satz_c1_0065,c1,b1,-2,under2 lex_p90=3.1,can_do_ref,c1_partner_family_framing_1,downgrade_candidate
satz,satz_c1_0066,c1,a2,-3,under2 lex_p90=1.7,can_do_ref,c1_partner_family_framing_1,downgrade_candidate
satz,satz_c1_0067,c1,a2,-3,under2 grammar=grammar_a2_tag_confirmation:2,can_do_ref,c1_partner_holiday_labor_1,downgrade_candidate
satz,satz_c1_0068,c1,b1,-2,under2 lex_p90=3.0,can_do_ref,c1_partner_holiday_labor_1,downgrade_candidate
satz,satz_c1_0069,c1,b1,-2,under2 lex_p90=3.0,can_do_ref,c1_partner_holiday_labor_1,downgrade_candidate
satz,satz_c1_0071,c1,a2,-3,under2 lex_p90=2.0,can_do_ref,c1_partner_holiday_labor_1,downgrade_candidate
satz,satz_c1_0073,c1,a2,-3,under2 lex_p90=2.0,can_do_ref,c1_partner_holiday_labor_1,downgrade_candidate
satz,satz_c1_0076,c1,a2,-3,under2 lex_p90=2.0,can_do_ref,c1_partner_holiday_labor_1,downgrade_candidate
satz,satz_c1_0078,c1,b1,-2,under2 lex_p90=3.0,can_do_ref,c1_partner_holiday_labor_1,downgrade_candidate
satz,satz_c1_0080,c1,b1,-2,under2 lex_p90=2.8,can_do_ref,c1_evidence_caveat_1,downgrade_candidate
satz,satz_c1_0085,c1,c2,1,over1 lex_p90=5.5,can_do_ref,c1_evidence_caveat_1,step_up_or_swap
satz,satz_c1_0086,c1,b1,-2,under2 lex_p90=3.0,can_do_ref,c1_evidence_caveat_1,downgrade_candidate
satz,satz_c1_0089,c1,a2,-3,under2 lex_p90=2.5,can_do_ref,c1_evidence_caveat_1,downgrade_candidate
satz,satz_c1_0091,c1,b1,-2,under2 lex_p90=3.0,can_do_ref,c1_public_briefing_1,downgrade_candidate
satz,satz_c1_0093,c1,a2,-3,under2 lex_p90=2.2,can_do_ref,c1_public_briefing_1,downgrade_candidate
satz,satz_c1_0095,c1,b1,-2,under2 grammar=nikl_g3_기_위해_v3:3,can_do_ref,c1_public_briefing_1,downgrade_candidate
satz,satz_c1_0097,c1,b1,-2,under2 lex_p90=3.0,can_do_ref,c1_public_briefing_1,downgrade_candidate
satz,satz_c1_0098,c1,b1,-2,under2 lex_p90=3.0,can_do_ref,c1_public_briefing_1,downgrade_candidate
satz,satz_c1_0099,c1,b1,-2,under2 lex_p90=2.6,can_do_ref,c1_public_briefing_1,downgrade_candidate
satz,satz_c1_0106,c1,b1,-2,under2 lex_p90=2.8,can_do_ref,c1_survey_design_1,downgrade_candidate
satz,satz_c1_0108,c1,b1,-2,under2 lex_p90=3.0,can_do_ref,c1_survey_design_1,downgrade_candidate
satz,satz_c1_0112,c1,b1,-2,under2 lex_p90=3.2,can_do_ref,c1_survey_design_1,downgrade_candidate
satz,satz_c1_0117,c1,a2,-3,under2 grammar=grammar_a2_tag_confirmation:2,can_do_ref,c1_risk_wording_1,downgrade_candidate
satz,satz_c1_0119,c1,b1,-2,under2 lex_p90=3.2,can_do_ref,c1_risk_wording_1,downgrade_candidate
satz,satz_c1_0125,c1,a2,-3,under2 grammar=grammar_a2_tag_confirmation:2,can_do_ref,c1_risk_wording_1,downgrade_candidate
satz,satz_c1_0127,c1,b1,-2,under2 lex_p90=3.0,can_do_ref,c1_access_cost_1,downgrade_candidate
satz,satz_c1_0132,c1,b1,-2,under2 lex_p90=3.0,can_do_ref,c1_access_cost_1,downgrade_candidate
satz,satz_c1_0134,c1,a2,-3,under2 grammar=grammar_a2_tag_confirmation:2,can_do_ref,c1_access_cost_1,downgrade_candidate
satz,satz_c1_0139,c1,b1,-2,under2 lex_p90=3.0,can_do_ref,c1_participation_design_1,downgrade_candidate
satz,satz_c1_0140,c1,b1,-2,under2 lex_p90=3.0,can_do_ref,c1_participation_design_1,downgrade_candidate
satz,satz_c1_0144,c1,b1,-2,under2 lex_p90=3.0,can_do_ref,c1_participation_design_1,downgrade_candidate
satz,satz_c1_0147,c1,a2,-3,under2 lex_p90=2.4,can_do_ref,c1_participation_design_1,downgrade_candidate
satz,satz_c1_0149,c1,a2,-3,under2 grammar=grammar_a2_conditional:2,can_do_ref,c1_participation_design_1,downgrade_candidate
satz,satz_c1_0154,c1,b1,-2,under2 lex_p90=3.0,can_do_ref,c1_local_tradeoff_1,downgrade_candidate
satz,satz_c1_0156,c1,b1,-2,under2 lex_p90=3.0,can_do_ref,c1_local_tradeoff_1,downgrade_candidate
satz,satz_c1_0157,c1,b1,-2,under2 lex_p90=3.0,can_do_ref,c1_local_tradeoff_1,downgrade_candidate
satz,satz_c1_0159,c1,b1,-2,under2 lex_p90=3.0,can_do_ref,c1_local_tradeoff_1,downgrade_candidate
satz,satz_c1_0161,c1,b1,-2,under2 lex_p90=3.2,can_do_ref,c1_local_tradeoff_1,downgrade_candidate
satz,satz_c1_0167,c1,b1,-2,under2 lex_p90=3.0,can_do_ref,c1_maintenance_burden_1,downgrade_candidate
satz,satz_c1_0168,c1,b1,-2,under2 lex_p90=3.4,can_do_ref,c1_maintenance_burden_1,downgrade_candidate
satz,satz_c1_0171,c1,a2,-3,under2 grammar=grammar_a2_conditional:2,can_do_ref,c1_maintenance_burden_1,downgrade_candidate
satz,satz_c1_0173,c1,b1,-2,under2 lex_p90=3.0,can_do_ref,c1_maintenance_burden_1,downgrade_candidate
satz,satz_c1_0174,c1,b1,-2,under2 lex_p90=3.4,can_do_ref,c1_maintenance_burden_1,downgrade_candidate
satz,satz_c1_0176,c1,b1,-2,under2 lex_p90=3.0,can_do_ref,c1_media_evidence_1,downgrade_candidate
satz,satz_c1_0177,c1,b1,-2,under2 lex_p90=3.0,can_do_ref,c1_media_evidence_1,downgrade_candidate
satz,satz_c1_0178,c1,a2,-3,under2 grammar=grammar_a2_conditional:2,can_do_ref,c1_media_evidence_1,downgrade_candidate
satz,satz_c1_0179,c1,b1,-2,under2 lex_p90=2.8,can_do_ref,c1_media_evidence_1,downgrade_candidate
satz,satz_c1_0181,c1,b1,-2,under2 lex_p90=2.7,can_do_ref,c1_media_evidence_1,downgrade_candidate
satz,satz_c1_0182,c1,a2,-3,under2 grammar=grammar_a2_conditional:2,can_do_ref,c1_media_evidence_1,downgrade_candidate
satz,satz_c1_0187,c1,b1,-2,under2 lex_p90=3.0,can_do_ref,c1_play_time_policy_1,downgrade_candidate
satz,satz_c1_0188,c1,b1,-2,under2 lex_p90=3.0,can_do_ref,c1_play_time_policy_1,downgrade_candidate
satz,satz_c1_0192,c1,b1,-2,under2 lex_p90=2.6,can_do_ref,c1_play_time_policy_1,downgrade_candidate
satz,satz_c1_0193,c1,a2,-3,under2 grammar=grammar_a2_conditional:2,can_do_ref,c1_play_time_policy_1,downgrade_candidate
satz,satz_c1_0195,c1,b1,-2,under2 lex_p90=3.0,can_do_ref,c1_play_time_policy_1,downgrade_candidate
satz,satz_c1_0196,c1,b1,-2,under2 lex_p90=3.0,can_do_ref,c1_play_time_policy_1,downgrade_candidate
satz,satz_c1_0198,c1,a2,-3,under2 lex_p90=1.7,can_do_ref,c1_play_time_policy_1,downgrade_candidate
satz,satz_c1_0199,c1,b1,-2,under2 lex_p90=2.8,can_do_ref,c1_fan_labor_1,downgrade_candidate
satz,satz_c1_0200,c1,b1,-2,under2 lex_p90=3.0,can_do_ref,c1_fan_labor_1,downgrade_candidate
satz,satz_c1_0201,c1,b1,-2,under2 lex_p90=3.0,can_do_ref,c1_fan_labor_1,downgrade_candidate
satz,satz_c1_0202,c1,b1,-2,under2 lex_p90=3.0,can_do_ref,c1_fan_labor_1,downgrade_candidate
satz,satz_c1_0203,c1,b1,-2,under2 lex_p90=2.7,can_do_ref,c1_fan_labor_1,downgrade_candidate
satz,satz_c1_0204,c1,b1,-2,under2 lex_p90=2.7,can_do_ref,c1_fan_labor_1,downgrade_candidate
satz,satz_c1_0206,c1,b1,-2,under2 lex_p90=3.0,can_do_ref,c1_fan_labor_1,downgrade_candidate
satz,satz_c1_0207,c1,b1,-2,under2 lex_p90=2.6,can_do_ref,c1_fan_labor_1,downgrade_candidate
satz,satz_c1_0214,c1,a2,-3,under2 grammar=grammar_a2_conditional:2,can_do_ref,c1_intimacy_safety_1,downgrade_candidate
satz,satz_c1_0215,c1,b1,-2,under2 lex_p90=3.2,can_do_ref,c1_intimacy_safety_1,downgrade_candidate
satz,satz_c1_0218,c1,b1,-2,under2 lex_p90=3.0,can_do_ref,c1_intimacy_safety_1,downgrade_candidate
satz,satz_c1_0220,c1,b1,-2,under2 lex_p90=3.4,can_do_ref,c1_intimacy_safety_1,downgrade_candidate
satz,satz_c1_0221,c1,a2,-3,under2 grammar=grammar_a2_tag_confirmation:2,can_do_ref,c1_intimacy_safety_1,downgrade_candidate
satz,satz_c1_0222,c1,b1,-2,under2 lex_p90=3.2,can_do_ref,c1_intimacy_safety_1,downgrade_candidate
satz,satz_c1_0225,c1,b1,-2,under2 lex_p90=3.0,can_do_ref,,downgrade_candidate
satz,satz_c1_0237,c1,b1,-2,under2 lex_p90=3.0,can_do_ref,c1_2026_social_topics_1,downgrade_candidate
satz,satz_c1_0242,c1,b1,-2,under2 lex_p90=3.4,can_do_ref,c1_2026_social_topics_1,downgrade_candidate
satz,satz_c1_0252,c1,b1,-2,under2 lex_p90=3.2,can_do_ref,c1_ai_culture_labor_2026_1,downgrade_candidate
satz,satz_c2_0001,c2,b2,-2,under2 lex_p90=4.2,can_do_ref,c2_institutional_mediation_1,downgrade_candidate
satz,satz_c2_0002,c2,b2,-2,under2 lex_p90=4.0,can_do_ref,c2_institutional_mediation_1,downgrade_candidate
satz,satz_c2_0003,c2,b1,-3,under2 lex_p90=3.2,can_do_ref,c2_institutional_mediation_1,downgrade_candidate
satz,satz_c2_0005,c2,b1,-3,under2 lex_p90=3.0,can_do_ref,c2_institutional_mediation_1,downgrade_candidate
satz,satz_c2_0006,c2,b2,-2,under2 lex_p90=4.0,can_do_ref,c2_institutional_mediation_1,downgrade_candidate
satz,satz_c2_0007,c2,b2,-2,under2 lex_p90=4.0,can_do_ref,c2_institutional_mediation_1,downgrade_candidate
satz,satz_c2_0008,c2,b2,-2,under2 lex_p90=4.4,can_do_ref,c2_institutional_mediation_1,downgrade_candidate
satz,satz_c2_0009,c2,b2,-2,under2 grammar=grammar_b2_even_if:4,can_do_ref,c2_institutional_mediation_1,downgrade_candidate
satz,satz_c2_0010,c2,b2,-2,under2 lex_p90=4.0,can_do_ref,c2_institutional_mediation_1,downgrade_candidate
satz,satz_c2_0011,c2,b1,-3,under2 lex_p90=3.2,can_do_ref,c2_institutional_mediation_1,downgrade_candidate
satz,satz_c2_0012,c2,b2,-2,under2 lex_p90=3.9,can_do_ref,c2_institutional_mediation_1,downgrade_candidate
satz,satz_c2_0013,c2,b1,-3,under2 lex_p90=3.4,can_do_ref,c2_narrative_perspective_1,downgrade_candidate
satz,satz_c2_0014,c2,b2,-2,under2 lex_p90=4.0,can_do_ref,c2_narrative_perspective_1,downgrade_candidate
satz,satz_c2_0015,c2,b2,-2,under2 lex_p90=4.0,can_do_ref,c2_narrative_perspective_1,downgrade_candidate
satz,satz_c2_0016,c2,b1,-3,under2 lex_p90=3.0,can_do_ref,c2_narrative_perspective_1,downgrade_candidate
satz,satz_c2_0017,c2,b1,-3,under2 lex_p90=3.4,can_do_ref,c2_narrative_perspective_1,downgrade_candidate
satz,satz_c2_0018,c2,b2,-2,under2 lex_p90=4.0,can_do_ref,c2_narrative_perspective_1,downgrade_candidate
satz,satz_c2_0019,c2,b2,-2,under2 lex_p90=4.2,can_do_ref,c2_narrative_perspective_1,downgrade_candidate
satz,satz_c2_0020,c2,b2,-2,under2 lex_p90=4.2,can_do_ref,c2_narrative_perspective_1,downgrade_candidate
satz,satz_c2_0021,c2,b2,-2,under2 lex_p90=4.0,can_do_ref,c2_narrative_perspective_1,downgrade_candidate
satz,satz_c2_0022,c2,b1,-3,under2 lex_p90=3.0,can_do_ref,c2_narrative_perspective_1,downgrade_candidate
satz,satz_c2_0023,c2,b1,-3,under2 lex_p90=3.0,can_do_ref,c2_narrative_perspective_1,downgrade_candidate
satz,satz_c2_0024,c2,b2,-2,under2 lex_p90=4.0,can_do_ref,c2_narrative_perspective_1,downgrade_candidate
satz,satz_c2_0025,c2,b2,-2,under2 lex_p90=4.0,can_do_ref,c2_language_framing_1,downgrade_candidate
satz,satz_c2_0026,c2,b2,-2,under2 lex_p90=4.2,can_do_ref,c2_language_framing_1,downgrade_candidate
satz,satz_c2_0027,c2,b2,-2,under2 lex_p90=4.2,can_do_ref,c2_language_framing_1,downgrade_candidate
satz,satz_c2_0028,c2,b2,-2,under2 lex_p90=4.0,can_do_ref,c2_language_framing_1,downgrade_candidate
satz,satz_c2_0029,c2,b2,-2,under2 lex_p90=4.0,can_do_ref,c2_language_framing_1,downgrade_candidate
satz,satz_c2_0030,c2,b2,-2,under2 lex_p90=4.2,can_do_ref,c2_language_framing_1,downgrade_candidate
satz,satz_c2_0031,c2,b1,-3,under2 lex_p90=3.0,can_do_ref,c2_language_framing_1,downgrade_candidate
satz,satz_c2_0033,c2,b1,-3,under2 length,can_do_ref,c2_language_framing_1,downgrade_candidate
satz,satz_c2_0035,c2,b2,-2,under2 lex_p90=4.4,can_do_ref,c2_language_framing_1,downgrade_candidate
satz,satz_c2_0036,c2,b2,-2,under2 lex_p90=4.2,can_do_ref,c2_language_framing_1,downgrade_candidate
satz,satz_c2_0037,c2,b2,-2,under2 lex_p90=4.0,can_do_ref,c2_technology_ethics_1,downgrade_candidate
satz,satz_c2_0038,c2,b2,-2,under2 grammar=grammar_b2_even_if:4,can_do_ref,c2_technology_ethics_1,downgrade_candidate
satz,satz_c2_0039,c2,b2,-2,under2 lex_p90=4.0,can_do_ref,c2_technology_ethics_1,downgrade_candidate
satz,satz_c2_0040,c2,b2,-2,under2 lex_p90=4.0,can_do_ref,c2_technology_ethics_1,downgrade_candidate
satz,satz_c2_0042,c2,b2,-2,under2 lex_p90=4.0,can_do_ref,c2_technology_ethics_1,downgrade_candidate
satz,satz_c2_0043,c2,b2,-2,under2 grammar=grammar_b2_even_if:4,can_do_ref,c2_technology_ethics_1,downgrade_candidate
satz,satz_c2_0044,c2,b2,-2,under2 lex_p90=4.0,can_do_ref,c2_technology_ethics_1,downgrade_candidate
satz,satz_c2_0045,c2,b2,-2,under2 lex_p90=4.0,can_do_ref,c2_technology_ethics_1,downgrade_candidate
satz,satz_c2_0046,c2,b2,-2,under2 lex_p90=4.0,can_do_ref,c2_technology_ethics_1,downgrade_candidate
satz,satz_c2_0047,c2,b2,-2,under2 lex_p90=4.0,can_do_ref,c2_technology_ethics_1,downgrade_candidate
satz,satz_c2_0048,c2,b2,-2,under2 grammar=grammar_b2_even_if:4,can_do_ref,c2_technology_ethics_1,downgrade_candidate
satz,satz_c2_0049,c2,b2,-2,under2 grammar=grammar_b2_even_if:4,can_do_ref,,downgrade_candidate
satz,satz_c2_0050,c2,b1,-3,under2 lex_p90=3.0,can_do_ref,,downgrade_candidate
satz,satz_c2_0051,c2,b2,-2,under2 grammar=grammar_b2_even_if:4,can_do_ref,,downgrade_candidate
satz,satz_c2_0052,c2,b2,-2,under2 lex_p90=4.0,can_do_ref,,downgrade_candidate
satz,satz_c2_0053,c2,b2,-2,under2 lex_p90=4.4,can_do_ref,,downgrade_candidate
satz,satz_c2_0054,c2,b2,-2,under2 lex_p90=4.0,can_do_ref,,downgrade_candidate
satz,satz_c2_0055,c2,a2,-4,under2 grammar=grammar_a2_tag_confirmation:2,can_do_ref,c2_partner_inlaw_power_1,downgrade_candidate
satz,satz_c2_0056,c2,b2,-2,under2 lex_p90=4.0,can_do_ref,c2_partner_inlaw_power_1,downgrade_candidate
satz,satz_c2_0057,c2,a2,-4,under2 lex_p90=1.6,can_do_ref,c2_partner_inlaw_power_1,downgrade_candidate
satz,satz_c2_0058,c2,b2,-2,under2 lex_p90=4.0,can_do_ref,c2_partner_inlaw_power_1,downgrade_candidate
satz,satz_c2_0059,c2,b2,-2,under2 lex_p90=4.0,can_do_ref,c2_partner_inlaw_power_1,downgrade_candidate
satz,satz_c2_0061,c2,a2,-4,under2 grammar=grammar_a2_tag_confirmation:2,can_do_ref,c2_partner_inlaw_power_1,downgrade_candidate
satz,satz_c2_0062,c2,b2,-2,under2 lex_p90=3.5,can_do_ref,c2_partner_inlaw_power_1,downgrade_candidate
satz,satz_c2_0063,c2,b1,-3,under2 lex_p90=3.0,can_do_ref,c2_partner_inlaw_power_1,downgrade_candidate
satz,satz_c2_0064,c2,b1,-3,under2 lex_p90=3.4,can_do_ref,c2_partner_inlaw_power_1,downgrade_candidate
satz,satz_c2_0065,c2,a2,-4,under2 lex_p90=2.5,can_do_ref,c2_partner_inlaw_power_1,downgrade_candidate
satz,satz_c2_0066,c2,a2,-4,under2 lex_p90=2.0,can_do_ref,c2_partner_inlaw_power_1,downgrade_candidate
satz,satz_c2_0067,c2,b2,-2,under2 lex_p90=4.2,can_do_ref,c2_partner_name_memory_1,downgrade_candidate
satz,satz_c2_0068,c2,b2,-2,under2 lex_p90=3.6,can_do_ref,c2_partner_name_memory_1,downgrade_candidate
satz,satz_c2_0069,c2,a2,-4,under2 lex_p90=2.0,can_do_ref,c2_partner_name_memory_1,downgrade_candidate
satz,satz_c2_0070,c2,b2,-2,under2 lex_p90=4.5,can_do_ref,c2_partner_name_memory_1,downgrade_candidate
satz,satz_c2_0071,c2,b1,-3,under2 lex_p90=3.0,can_do_ref,c2_partner_name_memory_1,downgrade_candidate
satz,satz_c2_0072,c2,b2,-2,under2 grammar=grammar_b2_according_to:4,can_do_ref,c2_partner_name_memory_1,downgrade_candidate
satz,satz_c2_0073,c2,b2,-2,under2 lex_p90=3.6,can_do_ref,c2_partner_name_memory_1,downgrade_candidate
satz,satz_c2_0074,c2,a2,-4,under2 grammar=grammar_a2_tag_confirmation:2,can_do_ref,c2_partner_name_memory_1,downgrade_candidate
satz,satz_c2_0075,c2,b1,-3,under2 lex_p90=3.3,can_do_ref,c2_partner_name_memory_1,downgrade_candidate
satz,satz_c2_0076,c2,b2,-2,under2 grammar=grammar_b2_indirect_speech:4,can_do_ref,c2_partner_name_memory_1,downgrade_candidate
satz,satz_c2_0077,c2,a2,-4,under2 lex_p90=1.6,can_do_ref,c2_partner_name_memory_1,downgrade_candidate
satz,satz_c2_0078,c2,b1,-3,under2 lex_p90=3.0,can_do_ref,c2_partner_name_memory_1,downgrade_candidate
satz,satz_c2_0079,c2,b2,-2,under2 lex_p90=3.7,can_do_ref,c2_framing_analysis_1,downgrade_candidate
satz,satz_c2_0081,c2,b1,-3,under2 lex_p90=3.0,can_do_ref,c2_framing_analysis_1,downgrade_candidate
satz,satz_c2_0082,c2,b2,-2,under2 lex_p90=4.0,can_do_ref,c2_framing_analysis_1,downgrade_candidate
satz,satz_c2_0083,c2,b2,-2,under2 lex_p90=4.5,can_do_ref,c2_framing_analysis_1,downgrade_candidate
satz,satz_c2_0084,c2,a2,-4,under2 grammar=grammar_a2_conditional:2,can_do_ref,c2_framing_analysis_1,downgrade_candidate
satz,satz_c2_0085,c2,b1,-3,under2 lex_p90=3.0,can_do_ref,c2_framing_analysis_1,downgrade_candidate
satz,satz_c2_0086,c2,b2,-2,under2 lex_p90=4.0,can_do_ref,c2_framing_analysis_1,downgrade_candidate
satz,satz_c2_0087,c2,b2,-2,under2 lex_p90=4.0,can_do_ref,c2_framing_analysis_1,downgrade_candidate
satz,satz_c2_0088,c2,b1,-3,under2 lex_p90=3.0,can_do_ref,c2_framing_analysis_1,downgrade_candidate
satz,satz_c2_0089,c2,b1,-3,under2 lex_p90=3.0,can_do_ref,c2_framing_analysis_1,downgrade_candidate
satz,satz_c2_0090,c2,b2,-2,under2 lex_p90=4.0,can_do_ref,c2_framing_analysis_1,downgrade_candidate
satz,satz_c2_0092,c2,b2,-2,under2 lex_p90=3.5,can_do_ref,c2_institutional_voice_1,downgrade_candidate
satz,satz_c2_0093,c2,b2,-2,under2 lex_p90=3.5,can_do_ref,c2_institutional_voice_1,downgrade_candidate
satz,satz_c2_0094,c2,b1,-3,under2 lex_p90=2.8,can_do_ref,c2_institutional_voice_1,downgrade_candidate
satz,satz_c2_0095,c2,b1,-3,under2 lex_p90=3.0,can_do_ref,c2_institutional_voice_1,downgrade_candidate
satz,satz_c2_0096,c2,b2,-2,under2 lex_p90=4.0,can_do_ref,c2_institutional_voice_1,downgrade_candidate
satz,satz_c2_0097,c2,b2,-2,under2 grammar=grammar_b2_quoted_contractions:4,can_do_ref,c2_institutional_voice_1,downgrade_candidate
satz,satz_c2_0098,c2,b2,-2,under2 lex_p90=4.0,can_do_ref,c2_institutional_voice_1,downgrade_candidate
satz,satz_c2_0099,c2,b2,-2,under2 lex_p90=4.0,can_do_ref,c2_institutional_voice_1,downgrade_candidate
satz,satz_c2_0101,c2,b2,-2,under2 lex_p90=4.0,can_do_ref,c2_institutional_voice_1,downgrade_candidate
satz,satz_c2_0102,c2,b1,-3,under2 lex_p90=3.0,can_do_ref,c2_institutional_voice_1,downgrade_candidate
satz,satz_c2_0103,c2,b2,-2,under2 lex_p90=4.4,can_do_ref,c2_memory_narrative_1,downgrade_candidate
satz,satz_c2_0104,c2,a2,-4,under2 grammar=grammar_a2_conditional:2,can_do_ref,c2_memory_narrative_1,downgrade_candidate
satz,satz_c2_0105,c2,b1,-3,under2 lex_p90=3.0,can_do_ref,c2_memory_narrative_1,downgrade_candidate
satz,satz_c2_0106,c2,b2,-2,under2 lex_p90=3.7,can_do_ref,c2_memory_narrative_1,downgrade_candidate
satz,satz_c2_0107,c2,b1,-3,under2 lex_p90=3.0,can_do_ref,c2_memory_narrative_1,downgrade_candidate
satz,satz_c2_0108,c2,b2,-2,under2 lex_p90=3.7,can_do_ref,c2_memory_narrative_1,downgrade_candidate
satz,satz_c2_0109,c2,b1,-3,under2 lex_p90=3.0,can_do_ref,c2_memory_narrative_1,downgrade_candidate
satz,satz_c2_0110,c2,b2,-2,under2 lex_p90=4.5,can_do_ref,c2_memory_narrative_1,downgrade_candidate
satz,satz_c2_0111,c2,b2,-2,under2 lex_p90=3.5,can_do_ref,c2_memory_narrative_1,downgrade_candidate
satz,satz_c2_0112,c2,b2,-2,under2 lex_p90=4.0,can_do_ref,c2_memory_narrative_1,downgrade_candidate
satz,satz_c2_0113,c2,b2,-2,under2 lex_p90=4.0,can_do_ref,c2_memory_narrative_1,downgrade_candidate
satz,satz_c2_0115,c2,b2,-2,under2 lex_p90=4.0,can_do_ref,c2_authority_language_1,downgrade_candidate
satz,satz_c2_0116,c2,b1,-3,under2 lex_p90=3.3,can_do_ref,c2_authority_language_1,downgrade_candidate
satz,satz_c2_0117,c2,b2,-2,under2 lex_p90=4.0,can_do_ref,c2_authority_language_1,downgrade_candidate
satz,satz_c2_0118,c2,b2,-2,under2 lex_p90=3.5,can_do_ref,c2_authority_language_1,downgrade_candidate
satz,satz_c2_0119,c2,b1,-3,under2 lex_p90=3.0,can_do_ref,c2_authority_language_1,downgrade_candidate
satz,satz_c2_0120,c2,b2,-2,under2 lex_p90=4.0,can_do_ref,c2_authority_language_1,downgrade_candidate
satz,satz_c2_0121,c2,b1,-3,under2 lex_p90=2.7,can_do_ref,c2_authority_language_1,downgrade_candidate
satz,satz_c2_0122,c2,b2,-2,under2 lex_p90=4.4,can_do_ref,c2_authority_language_1,downgrade_candidate
satz,satz_c2_0123,c2,b2,-2,under2 lex_p90=3.5,can_do_ref,c2_authority_language_1,downgrade_candidate
satz,satz_c2_0125,c2,b1,-3,under2 lex_p90=3.4,can_do_ref,c2_authority_language_1,downgrade_candidate
satz,satz_c2_0126,c2,b1,-3,under2 lex_p90=3.0,can_do_ref,c2_authority_language_1,downgrade_candidate
satz,satz_c2_0127,c2,b2,-2,under2 lex_p90=4.0,can_do_ref,c2_appeal_path_1,downgrade_candidate
satz,satz_c2_0128,c2,b1,-3,under2 lex_p90=3.0,can_do_ref,c2_appeal_path_1,downgrade_candidate
satz,satz_c2_0129,c2,b2,-2,under2 lex_p90=4.0,can_do_ref,c2_appeal_path_1,downgrade_candidate
satz,satz_c2_0130,c2,b1,-3,under2 lex_p90=3.0,can_do_ref,c2_appeal_path_1,downgrade_candidate
satz,satz_c2_0131,c2,b2,-2,under2 lex_p90=4.0,can_do_ref,c2_appeal_path_1,downgrade_candidate
satz,satz_c2_0132,c2,a2,-4,under2 lex_p90=2.4,can_do_ref,c2_appeal_path_1,downgrade_candidate
satz,satz_c2_0133,c2,b1,-3,under2 lex_p90=3.0,can_do_ref,c2_appeal_path_1,downgrade_candidate
satz,satz_c2_0134,c2,b2,-2,under2 lex_p90=3.6,can_do_ref,c2_appeal_path_1,downgrade_candidate
satz,satz_c2_0135,c2,b2,-2,under2 lex_p90=3.6,can_do_ref,c2_appeal_path_1,downgrade_candidate
satz,satz_c2_0136,c2,b1,-3,under2 lex_p90=3.0,can_do_ref,c2_appeal_path_1,downgrade_candidate
satz,satz_c2_0138,c2,b1,-3,under2 lex_p90=3.0,can_do_ref,c2_appeal_path_1,downgrade_candidate
satz,satz_c2_0139,c2,b2,-2,under2 lex_p90=4.0,can_do_ref,c2_audit_trail_1,downgrade_candidate
satz,satz_c2_0140,c2,b2,-2,under2 lex_p90=4.5,can_do_ref,c2_audit_trail_1,downgrade_candidate
satz,satz_c2_0141,c2,b2,-2,under2 lex_p90=4.0,can_do_ref,c2_audit_trail_1,downgrade_candidate
satz,satz_c2_0142,c2,b2,-2,under2 lex_p90=4.3,can_do_ref,c2_audit_trail_1,downgrade_candidate
satz,satz_c2_0143,c2,b2,-2,under2 lex_p90=3.5,can_do_ref,c2_audit_trail_1,downgrade_candidate
satz,satz_c2_0144,c2,b1,-3,under2 lex_p90=2.7,can_do_ref,c2_audit_trail_1,downgrade_candidate
satz,satz_c2_0145,c2,b1,-3,under2 lex_p90=3.0,can_do_ref,c2_audit_trail_1,downgrade_candidate
satz,satz_c2_0146,c2,b2,-2,under2 lex_p90=3.5,can_do_ref,c2_audit_trail_1,downgrade_candidate
satz,satz_c2_0147,c2,b1,-3,under2 lex_p90=3.0,can_do_ref,c2_audit_trail_1,downgrade_candidate
satz,satz_c2_0148,c2,b2,-2,under2 lex_p90=4.0,can_do_ref,c2_audit_trail_1,downgrade_candidate
satz,satz_c2_0149,c2,b1,-3,under2 lex_p90=2.7,can_do_ref,c2_audit_trail_1,downgrade_candidate
satz,satz_c2_0152,c2,b1,-3,under2 lex_p90=3.0,can_do_ref,c2_withdrawal_right_1,downgrade_candidate
satz,satz_c2_0153,c2,b1,-3,under2 lex_p90=3.0,can_do_ref,c2_withdrawal_right_1,downgrade_candidate
satz,satz_c2_0154,c2,b2,-2,under2 lex_p90=3.5,can_do_ref,c2_withdrawal_right_1,downgrade_candidate
satz,satz_c2_0155,c2,b2,-2,under2 lex_p90=4.0,can_do_ref,c2_withdrawal_right_1,downgrade_candidate
satz,satz_c2_0156,c2,b2,-2,under2 lex_p90=4.0,can_do_ref,c2_withdrawal_right_1,downgrade_candidate
satz,satz_c2_0157,c2,b2,-2,under2 lex_p90=4.0,can_do_ref,c2_withdrawal_right_1,downgrade_candidate
satz,satz_c2_0158,c2,b1,-3,under2 lex_p90=3.3,can_do_ref,c2_withdrawal_right_1,downgrade_candidate
satz,satz_c2_0159,c2,b1,-3,under2 lex_p90=3.0,can_do_ref,c2_withdrawal_right_1,downgrade_candidate
satz,satz_c2_0160,c2,b1,-3,under2 lex_p90=3.0,can_do_ref,c2_withdrawal_right_1,downgrade_candidate
satz,satz_c2_0161,c2,b2,-2,under2 lex_p90=4.0,can_do_ref,c2_withdrawal_right_1,downgrade_candidate
satz,satz_c2_0163,c2,b2,-2,under2 lex_p90=3.5,can_do_ref,c2_automated_harm_1,downgrade_candidate
satz,satz_c2_0164,c2,b2,-2,under2 lex_p90=3.5,can_do_ref,c2_automated_harm_1,downgrade_candidate
satz,satz_c2_0165,c2,a2,-4,under2 lex_p90=2.0,can_do_ref,c2_automated_harm_1,downgrade_candidate
satz,satz_c2_0166,c2,b2,-2,under2 lex_p90=4.0,can_do_ref,c2_automated_harm_1,downgrade_candidate
satz,satz_c2_0167,c2,b2,-2,under2 lex_p90=4.5,can_do_ref,c2_automated_harm_1,downgrade_candidate
satz,satz_c2_0169,c2,b2,-2,under2 lex_p90=3.5,can_do_ref,c2_automated_harm_1,downgrade_candidate
satz,satz_c2_0171,c2,b2,-2,under2 lex_p90=4.0,can_do_ref,c2_automated_harm_1,downgrade_candidate
satz,satz_c2_0172,c2,b2,-2,under2 lex_p90=3.6,can_do_ref,c2_automated_harm_1,downgrade_candidate
satz,satz_c2_0173,c2,b1,-3,under2 lex_p90=3.0,can_do_ref,c2_automated_harm_1,downgrade_candidate
satz,satz_c2_0175,c2,b2,-2,under2 lex_p90=4.0,can_do_ref,c2_automation_redress_1,downgrade_candidate
satz,satz_c2_0176,c2,b2,-2,under2 lex_p90=3.5,can_do_ref,c2_automation_redress_1,downgrade_candidate
satz,satz_c2_0177,c2,a2,-4,under2 grammar=grammar_a2_tag_confirmation:2,can_do_ref,c2_automation_redress_1,downgrade_candidate
satz,satz_c2_0178,c2,b1,-3,under2 lex_p90=3.0,can_do_ref,c2_automation_redress_1,downgrade_candidate
satz,satz_c2_0179,c2,b2,-2,under2 lex_p90=4.0,can_do_ref,c2_automation_redress_1,downgrade_candidate
satz,satz_c2_0180,c2,b1,-3,under2 lex_p90=2.7,can_do_ref,c2_automation_redress_1,downgrade_candidate
satz,satz_c2_0181,c2,b2,-2,under2 lex_p90=4.0,can_do_ref,c2_automation_redress_1,downgrade_candidate
satz,satz_c2_0182,c2,b2,-2,under2 lex_p90=4.0,can_do_ref,c2_automation_redress_1,downgrade_candidate
satz,satz_c2_0183,c2,b2,-2,under2 lex_p90=4.4,can_do_ref,c2_automation_redress_1,downgrade_candidate
satz,satz_c2_0184,c2,b2,-2,under2 lex_p90=4.0,can_do_ref,c2_automation_redress_1,downgrade_candidate
satz,satz_c2_0185,c2,b2,-2,under2 lex_p90=4.2,can_do_ref,c2_automation_redress_1,downgrade_candidate
satz,satz_c2_0186,c2,b2,-2,under2 lex_p90=4.0,can_do_ref,c2_automation_redress_1,downgrade_candidate
satz,satz_c2_0188,c2,b2,-2,under2 lex_p90=3.6,can_do_ref,c2_sanction_accountability_1,downgrade_candidate
satz,satz_c2_0189,c2,b2,-2,under2 lex_p90=4.0,can_do_ref,c2_sanction_accountability_1,downgrade_candidate
satz,satz_c2_0190,c2,b1,-3,under2 lex_p90=3.0,can_do_ref,c2_sanction_accountability_1,downgrade_candidate
satz,satz_c2_0192,c2,b2,-2,under2 lex_p90=3.5,can_do_ref,c2_sanction_accountability_1,downgrade_candidate
satz,satz_c2_0193,c2,b1,-3,under2 lex_p90=3.2,can_do_ref,c2_sanction_accountability_1,downgrade_candidate
satz,satz_c2_0194,c2,a2,-4,under2 lex_p90=2.0,can_do_ref,c2_sanction_accountability_1,downgrade_candidate
satz,satz_c2_0195,c2,b1,-3,under2 lex_p90=3.4,can_do_ref,c2_sanction_accountability_1,downgrade_candidate
satz,satz_c2_0196,c2,b1,-3,under2 lex_p90=3.0,can_do_ref,c2_sanction_accountability_1,downgrade_candidate
satz,satz_c2_0197,c2,b2,-2,under2 lex_p90=4.0,can_do_ref,c2_sanction_accountability_1,downgrade_candidate
satz,satz_c2_0198,c2,b1,-3,under2 grammar=grammar_b1_more_more:3,can_do_ref,c2_sanction_accountability_1,downgrade_candidate
satz,satz_c2_0199,c2,b1,-3,under2 lex_p90=2.7,can_do_ref,c2_relationship_narratives_1,downgrade_candidate
satz,satz_c2_0200,c2,b1,-3,under2 lex_p90=2.7,can_do_ref,c2_relationship_narratives_1,downgrade_candidate
satz,satz_c2_0201,c2,a2,-4,under2 lex_p90=2.0,can_do_ref,c2_relationship_narratives_1,downgrade_candidate
satz,satz_c2_0202,c2,b2,-2,under2 lex_p90=4.0,can_do_ref,c2_relationship_narratives_1,downgrade_candidate
satz,satz_c2_0203,c2,b2,-2,under2 lex_p90=3.6,can_do_ref,c2_relationship_narratives_1,downgrade_candidate
satz,satz_c2_0204,c2,b1,-3,under2 lex_p90=2.6,can_do_ref,c2_relationship_narratives_1,downgrade_candidate
satz,satz_c2_0205,c2,b2,-2,under2 lex_p90=4.4,can_do_ref,c2_relationship_narratives_1,downgrade_candidate
satz,satz_c2_0206,c2,b1,-3,under2 lex_p90=3.0,can_do_ref,c2_relationship_narratives_1,downgrade_candidate
satz,satz_c2_0207,c2,b2,-2,under2 grammar=grammar_b2_according_to:4,can_do_ref,c2_relationship_narratives_1,downgrade_candidate
satz,satz_c2_0208,c2,b1,-3,under2 lex_p90=3.0,can_do_ref,c2_relationship_narratives_1,downgrade_candidate
satz,satz_c2_0209,c2,b1,-3,under2 lex_p90=3.2,can_do_ref,c2_relationship_narratives_1,downgrade_candidate
satz,satz_c2_0210,c2,b1,-3,under2 lex_p90=3.0,can_do_ref,c2_relationship_narratives_1,downgrade_candidate
satz,satz_c2_0211,c2,a2,-4,under2 lex_p90=2.0,can_do_ref,c2_fandom_discourse_1,downgrade_candidate
satz,satz_c2_0212,c2,a2,-4,under2 grammar=grammar_a2_conditional:2,can_do_ref,c2_fandom_discourse_1,downgrade_candidate
satz,satz_c2_0213,c2,b1,-3,under2 lex_p90=3.0,can_do_ref,c2_fandom_discourse_1,downgrade_candidate
satz,satz_c2_0214,c2,a2,-4,under2 grammar=grammar_a2_tag_confirmation:2,can_do_ref,c2_fandom_discourse_1,downgrade_candidate
satz,satz_c2_0215,c2,b2,-2,under2 lex_p90=4.0,can_do_ref,c2_fandom_discourse_1,downgrade_candidate
satz,satz_c2_0216,c2,a2,-4,under2 lex_p90=2.0,can_do_ref,c2_fandom_discourse_1,downgrade_candidate
satz,satz_c2_0217,c2,b1,-3,under2 lex_p90=3.0,can_do_ref,c2_fandom_discourse_1,downgrade_candidate
satz,satz_c2_0218,c2,b1,-3,under2 lex_p90=3.0,can_do_ref,c2_fandom_discourse_1,downgrade_candidate
satz,satz_c2_0219,c2,b2,-2,under2 lex_p90=3.6,can_do_ref,c2_fandom_discourse_1,downgrade_candidate
satz,satz_c2_0220,c2,b2,-2,under2 lex_p90=3.6,can_do_ref,c2_fandom_discourse_1,downgrade_candidate
satz,satz_c2_0221,c2,b2,-2,under2 lex_p90=4.0,can_do_ref,c2_fandom_discourse_1,downgrade_candidate
satz,satz_c2_0222,c2,b1,-3,under2 lex_p90=2.6,can_do_ref,c2_fandom_discourse_1,downgrade_candidate
satz,satz_c2_0223,c2,b2,-2,under2 lex_p90=4.3,can_do_ref,,downgrade_candidate
satz,satz_c2_0224,c2,b1,-3,under2 lex_p90=3.2,can_do_ref,,downgrade_candidate
satz,satz_c2_0225,c2,b2,-2,under2 lex_p90=4.0,can_do_ref,,downgrade_candidate
satz,satz_c2_0226,c2,b2,-2,under2 grammar=grammar_b2_even_if:4,can_do_ref,,downgrade_candidate
satz,satz_c2_0227,c2,b2,-2,under2 lex_p90=4.0,can_do_ref,,downgrade_candidate
satz,satz_c2_0228,c2,b1,-3,under2 lex_p90=3.4,can_do_ref,,downgrade_candidate
satz,satz_c2_0230,c2,b2,-2,under2 lex_p90=4.0,can_do_ref,,downgrade_candidate
satz,satz_c2_0233,c2,b1,-3,under2 lex_p90=3.0,can_do_ref,,downgrade_candidate
satz,satz_c2_0234,c2,b2,-2,under2 lex_p90=4.0,can_do_ref,,downgrade_candidate
satz,satz_c2_0235,c2,b1,-3,under2 lex_p90=3.4,can_do_ref,c2_2026_social_topics_1,downgrade_candidate
satz,satz_c2_0236,c2,b2,-2,under2 lex_p90=4.0,can_do_ref,c2_2026_social_topics_1,downgrade_candidate
satz,satz_c2_0237,c2,b2,-2,under2 lex_p90=4.0,can_do_ref,c2_2026_social_topics_1,downgrade_candidate
satz,satz_c2_0238,c2,b2,-2,under2 lex_p90=4.0,can_do_ref,c2_2026_social_topics_1,downgrade_candidate
satz,satz_c2_0239,c2,b2,-2,under2 lex_p90=4.2,can_do_ref,c2_2026_social_topics_1,downgrade_candidate
satz,satz_c2_0240,c2,b2,-2,under2 lex_p90=4.1,can_do_ref,c2_2026_social_topics_1,downgrade_candidate
satz,satz_c2_0241,c2,b1,-3,under2 lex_p90=3.0,can_do_ref,c2_2026_social_topics_1,downgrade_candidate
satz,satz_c2_0242,c2,b1,-3,under2 lex_p90=3.2,can_do_ref,c2_2026_social_topics_1,downgrade_candidate
satz,satz_c2_0243,c2,b2,-2,under2 lex_p90=4.2,can_do_ref,c2_2026_social_topics_1,downgrade_candidate
satz,satz_c2_0244,c2,b2,-2,under2 lex_p90=4.4,can_do_ref,c2_2026_social_topics_1,downgrade_candidate
satz,satz_c2_0245,c2,b2,-2,under2 lex_p90=4.0,can_do_ref,c2_2026_social_topics_1,downgrade_candidate
satz,satz_c2_0246,c2,b2,-2,under2 lex_p90=4.0,can_do_ref,c2_2026_social_topics_1,downgrade_candidate
satz,satz_c2_0249,c2,b2,-2,under2 lex_p90=4.2,can_do_ref,c2_demography_accountability_2026_1,downgrade_candidate
satz,satz_c2_0251,c2,b2,-2,under2 lex_p90=4.0,can_do_ref,c2_demography_accountability_2026_1,downgrade_candidate
satz,satz_c2_0252,c2,b2,-2,under2 lex_p90=4.0,can_do_ref,c2_demography_accountability_2026_1,downgrade_candidate
scenario,a1_theme_park_date_choices,a1,a2,1,over1 dialog_p75=2.0,can_do_ref,,step_up_or_swap
scenario,a1_w10_eat,a1,a2,1,over1 dialog_p75=2.0,,,step_up_or_swap
scenario,a1_w10_partner,a1,a2,1,over1 dialog_p75=2.0,,,step_up_or_swap
scenario,a1_w10_phone,a1,a2,1,over1 dialog_p75=1.5,,,step_up_or_swap
scenario,a1_w10_taxi_stay,a1,a2,1,over1 dialog_p75=2.0,,,step_up_or_swap
scenario,after_hours_messages,c1,b1,-2,under2 grammar_ids_max=3,,,downgrade_candidate
scenario,ai_hiring_appeal,c2,b2,-2,under2 dialog_p75=4.0,,,downgrade_candidate
scenario,ai_translation_voice_loss,c1,b1,-2,under2 grammar_ids_max=3,,,downgrade_candidate
scenario,automated_benefit_denial,c2,b2,-2,under2 dialog_p75=4.2,,,downgrade_candidate
scenario,bakery_payment_bag,a1,a2,1,over1 dialog_p75=2.0,,,step_up_or_swap
scenario,bakery_queue,a1,a2,1,over1 dialog_p75=2.0,,,step_up_or_swap
scenario,break_glass_apology,a1,a2,1,over1 dialog_p75=1.5,,,step_up_or_swap
scenario,bunshik_tteokbokki,a1,a2,1,over1 dialog_p75=1.5,can_do_ref,,step_up_or_swap
scenario,causal_claim_headline,c2,b1,-3,under2 dialog_p75=3.0,,,downgrade_candidate
scenario,central_local_disaster_responsibility,c2,b2,-2,under2 dialog_p75=4.0,,,downgrade_candidate
scenario,climate_model_local_decision,c2,b2,-2,under2 dialog_p75=4.0,,,downgrade_candidate
scenario,dance_class_register,a1,a2,1,over1 dialog_p75=2.0,,,step_up_or_swap
scenario,diaspora_name_identity,c2,b2,-2,under2 dialog_p75=3.5,,,downgrade_candidate
scenario,fact_check_label_power,c2,b2,-2,under2 dialog_p75=4.0,,,downgrade_candidate
scenario,mart_grocery,a1,a2,1,over1 dialog_p75=2.0,can_do_ref,,step_up_or_swap
scenario,medical_uncertainty_consent,c2,b2,-2,under2 dialog_p75=4.0,,,downgrade_candidate
scenario,meeting_opening_context,b2,a2,-2,under2 grammar_ids_max=2,,,downgrade_candidate
scenario,passive_voice_accountability,c2,b2,-2,under2 dialog_p75=4.0,,,downgrade_candidate
scenario,poll_question_framing,c2,b2,-2,under2 dialog_p75=4.5,,,downgrade_candidate
scenario,protest_order_and_rights,c2,b2,-2,under2 dialog_p75=4.2,,,downgrade_candidate
scenario,relationship_story_reframing,c2,b1,-3,under2 grammar_ids_max=3,,,downgrade_candidate
scenario,replication_failure_response,c2,b2,-2,under2 dialog_p75=4.0,,,downgrade_candidate
scenario,school_phone_rule,c1,b1,-2,under2 dialog_p75=3.0,,,downgrade_candidate
scenario,shared_document_old_version,b1,b2,1,over1 dialog_p75=4.0,,,step_up_or_swap
scenario,subway_step_apology,a1,a2,1,over1 dialog_p75=1.5,,,step_up_or_swap
scenario,survival_day_capstone,a1,a2,1,over1 dialog_p75=1.5,can_do_ref,,step_up_or_swap
scenario,taxi_kakao,a1,a2,1,over1 dialog_p75=1.5,can_do_ref,,step_up_or_swap
scenario,tradition_reinterpreted_stage,c1,b1,-2,under2 grammar_ids_max=3,,,downgrade_candidate
scenario,umbrella_weather,a1,a2,1,over1 dialog_p75=2.0,,,step_up_or_swap
scenario,we_translation_identity,c2,b1,-3,under2 dialog_p75=3.0,,,downgrade_candidate
scenario,welfare_fraud_presumption,c2,b2,-2,under2 grammar_ids_max=4,,,downgrade_candidate
scenario,youth_housing_plain_language,c1,b1,-2,under2 dialog_p75=3.0,,,downgrade_candidate
smalltalk,smalltalk_a1_0001,a1,a2,1,over1 grammar=grammar_a2_exclamation:2,can_do_ref,,step_up_or_swap
smalltalk,smalltalk_a1_0002,a1,a2,1,over1 grammar=grammar_a2_exclamation:2,can_do_ref,,step_up_or_swap
smalltalk,smalltalk_a1_0003,a1,a2,1,over1 grammar=nikl_g2_는군_v3:2,can_do_ref,,step_up_or_swap
smalltalk,smalltalk_a1_0004,a1,a2,1,over1 grammar=nikl_g2_는군_v3:2,can_do_ref,,step_up_or_swap
smalltalk,smalltalk_a1_0005,a1,a2,1,over1 grammar=nikl_g2_는군_v3:2,can_do_ref,,step_up_or_swap
smalltalk,smalltalk_a1_0006,a1,a2,1,over1 grammar=nikl_g2_는군_v3:2,can_do_ref,,step_up_or_swap
smalltalk,smalltalk_a1_0007,a1,a2,1,over1 grammar=nikl_g2_는군_v3:2,can_do_ref,,step_up_or_swap
smalltalk,smalltalk_a1_0008,a1,a2,1,over1 grammar=nikl_g2_는군_v3:2,can_do_ref,,step_up_or_swap
smalltalk,smalltalk_a1_0009,a1,a2,1,over1 grammar=nikl_g2_는군_v3:2,can_do_ref,,step_up_or_swap
smalltalk,smalltalk_a1_0010,a1,a2,1,over1 grammar=nikl_g2_는군_v3:2,can_do_ref,,step_up_or_swap
smalltalk,smalltalk_a1_0011,a1,a2,1,over1 grammar=nikl_g2_는군_v3:2,can_do_ref,,step_up_or_swap
smalltalk,smalltalk_a1_0013,a1,a2,1,over1 grammar=nikl_g2_는군_v3:2,can_do_ref,,step_up_or_swap
smalltalk,smalltalk_a1_0014,a1,a2,1,over1 grammar=grammar_a2_only_negative:2,can_do_ref,,step_up_or_swap
smalltalk,smalltalk_a1_0015,a1,a2,1,over1 grammar=grammar_a2_exclamation:2,can_do_ref,,step_up_or_swap
smalltalk,smalltalk_a1_0016,a1,a2,1,over1 grammar=nikl_g2_는군_v3:2,can_do_ref,,step_up_or_swap
smalltalk,smalltalk_a1_0017,a1,a2,1,over1 grammar=nikl_g2_는군_v3:2,can_do_ref,,step_up_or_swap
smalltalk,smalltalk_a1_0018,a1,a2,1,over1 lex_p90=1.9,can_do_ref,,step_up_or_swap
smalltalk,smalltalk_a1_0019,a1,a2,1,over1 grammar=nikl_g2_는군_v3:2,can_do_ref,,step_up_or_swap
smalltalk,smalltalk_a1_0020,a1,a2,1,over1 grammar=nikl_g2_는군_v3:2,can_do_ref,,step_up_or_swap
smalltalk,smalltalk_a1_0021,a1,a2,1,over1 grammar=nikl_g2_는군_v3:2,can_do_ref,,step_up_or_swap
smalltalk,smalltalk_a1_0022,a1,a2,1,over1 grammar=nikl_g2_는군_v3:2,can_do_ref,,step_up_or_swap
smalltalk,smalltalk_a1_0023,a1,a2,1,over1 grammar=nikl_g2_는군_v3:2,can_do_ref,,step_up_or_swap
smalltalk,smalltalk_a1_0025,a1,a2,1,over1 lex_p90=1.7,can_do_ref,,step_up_or_swap
smalltalk,smalltalk_a1_0026,a1,a2,1,over1 grammar=nikl_g2_는군_v3:2,can_do_ref,,step_up_or_swap
smalltalk,smalltalk_a1_0027,a1,a2,1,over1 grammar=nikl_g2_는군_v3:2,can_do_ref,,step_up_or_swap
smalltalk,smalltalk_a1_0030,a1,a2,1,over1 grammar=grammar_a2_exclamation:2,can_do_ref,,step_up_or_swap
smalltalk,smalltalk_a1_0031,a1,a2,1,over1 lex_p90=1.8,can_do_ref,,step_up_or_swap
smalltalk,smalltalk_a1_0032,a1,a2,1,over1 grammar=nikl_g2_는군_v3:2,can_do_ref,,step_up_or_swap
smalltalk,smalltalk_a1_0033,a1,b1,2,over2 lex_p90=2.8,can_do_ref,,bundle_move
smalltalk,smalltalk_a1_0034,a1,a2,1,over1 grammar=nikl_g2_는군_v3:2,can_do_ref,,step_up_or_swap
smalltalk,smalltalk_a1_0035,a1,b1,2,over2 lex_p90=2.8,can_do_ref,,bundle_move
smalltalk,smalltalk_a1_0042,a1,a2,1,over1 lex_p90=1.9,can_do_ref,,step_up_or_swap
smalltalk,smalltalk_a1_0044,a1,b1,2,over2 lex_p90=2.8,can_do_ref,,bundle_move
smalltalk,smalltalk_a1_0046,a1,b1,2,fallback_over2 fallback:basic2023 lex_p90=3.0,can_do_ref,,review_fallback
smalltalk,smalltalk_a1_0047,a1,a2,1,over1 lex_p90=1.9,can_do_ref,,step_up_or_swap
smalltalk,smalltalk_a1_0048,a1,a2,1,over1 grammar=grammar_a2_intention_guess:2,can_do_ref,,step_up_or_swap
smalltalk,smalltalk_a1_0050,a1,a2,1,over1 grammar=grammar_a2_try_experience:2,can_do_ref,,step_up_or_swap
smalltalk,smalltalk_a1_0057,a1,a2,1,over1 lex_p90=1.9,can_do_ref,,step_up_or_swap
smalltalk,smalltalk_a1_0058,a1,a2,1,over1 lex_p90=1.9,can_do_ref,,step_up_or_swap
smalltalk,smalltalk_a1_0059,a1,a2,1,over1 grammar=grammar_a2_intention_guess:2,can_do_ref,,step_up_or_swap
smalltalk,smalltalk_a1_0060,a1,a2,1,over1 grammar=grammar_a2_permission:2,can_do_ref,,step_up_or_swap
smalltalk,smalltalk_a1_0066,a1,a2,1,over1 lex_p90=1.7,can_do_ref,,step_up_or_swap
smalltalk,smalltalk_a1_0067,a1,b1,2,over2 grammar=nikl_g3_으면_안_되다_v2:3,can_do_ref,,bundle_move
smalltalk,smalltalk_a1_0069,a1,a2,1,over1 grammar=grammar_a2_conditional:2,can_do_ref,,step_up_or_swap
smalltalk,smalltalk_a1_0070,a1,b1,2,over2 grammar=nikl_g3_으면_안_되다_v3:3,can_do_ref,,bundle_move
smalltalk,smalltalk_a1_0071,a1,a2,1,over1 grammar=grammar_a2_tag_confirmation:2,can_do_ref,,step_up_or_swap
smalltalk,smalltalk_a1_0072,a1,a2,1,over1 grammar=grammar_a2_tag_confirmation:2,can_do_ref,,step_up_or_swap
smalltalk,smalltalk_a1_0074,a1,a2,1,over1 lex_p90=1.7,can_do_ref,,step_up_or_swap
smalltalk,smalltalk_a1_0076,a1,b1,2,over2 grammar=nikl_g3_으면_안_되다_v3:3,can_do_ref,,bundle_move
smalltalk,smalltalk_a1_0077,a1,b1,2,over2 grammar=nikl_g3_으면_안_되다_v3:3,can_do_ref,,bundle_move
smalltalk,smalltalk_a1_0078,a1,a2,1,over1 grammar=nikl_g2_을_때:2,can_do_ref,,step_up_or_swap
smalltalk,smalltalk_a1_0081,a1,a2,1,over1 grammar=grammar_a2_tag_confirmation:2,can_do_ref,,step_up_or_swap
smalltalk,smalltalk_a1_0082,a1,b2,3,over2 grammar=grammar_b2_quoted_contractions:4,can_do_ref,,bundle_move
smalltalk,smalltalk_a1_0083,a1,a2,1,over1 lex_p90=1.9,can_do_ref,,step_up_or_swap
smalltalk,smalltalk_a1_0084,a1,a2,1,over1 grammar=grammar_a2_conditional:2,can_do_ref,,step_up_or_swap
smalltalk,smalltalk_a1_0085,a1,a2,1,over1 grammar=grammar_a2_comparative:2,can_do_ref,,step_up_or_swap
smalltalk,smalltalk_a1_0086,a1,a2,1,over1 grammar=grammar_a2_comparative:2,can_do_ref,,step_up_or_swap
smalltalk,smalltalk_a1_0087,a1,a2,1,over1 grammar=grammar_a2_comparative:2,can_do_ref,,step_up_or_swap
smalltalk,smalltalk_a1_0088,a1,a2,1,over1 grammar=grammar_a2_like:2,can_do_ref,,step_up_or_swap
smalltalk,smalltalk_a1_0089,a1,a2,1,over1 lex_p90=1.9,can_do_ref,,step_up_or_swap
smalltalk,smalltalk_a1_0090,a1,a2,1,over1 grammar=grammar_a2_comparative:2,can_do_ref,,step_up_or_swap
smalltalk,smalltalk_a1_0091,a1,a2,1,over1 grammar=grammar_a2_like:2,can_do_ref,,step_up_or_swap
smalltalk,smalltalk_a1_0092,a1,a2,1,over1 grammar=grammar_a2_try_experience:2,can_do_ref,,step_up_or_swap
smalltalk,smalltalk_a1_0094,a1,a2,1,over1 lex_p90=1.8,can_do_ref,,step_up_or_swap
smalltalk,smalltalk_a1_0097,a1,a2,1,over1 grammar=grammar_a2_tag_confirmation:2,can_do_ref,,step_up_or_swap
smalltalk,smalltalk_a1_0098,a1,b2,3,over2 lex_p90=3.8,can_do_ref,,bundle_move
smalltalk,smalltalk_a1_0100,a1,a2,1,over1 lex_p90=2.4,can_do_ref,,step_up_or_swap
smalltalk,smalltalk_a2_0004,a2,b2,2,over2 grammar=grammar_b2_quoted_contractions:4,can_do_ref,,bundle_move
smalltalk,smalltalk_a2_0007,a2,c1,3,over2 lex_p90=4.6,can_do_ref,,bundle_move
smalltalk,smalltalk_a2_0019,a2,b1,1,over1 lex_p90=3.1,can_do_ref,,step_up_or_swap
smalltalk,smalltalk_a2_0026,a2,b1,1,over1 lex_p90=2.8,can_do_ref,,step_up_or_swap
smalltalk,smalltalk_a2_0029,a2,b1,1,over1 lex_p90=2.8,can_do_ref,,step_up_or_swap
smalltalk,smalltalk_a2_0030,a2,b1,1,over1 lex_p90=2.8,can_do_ref,,step_up_or_swap
smalltalk,smalltalk_a2_0036,a2,b1,1,over1 lex_p90=2.8,can_do_ref,,step_up_or_swap
smalltalk,smalltalk_a2_0039,a2,c1,3,over2 lex_p90=4.6,can_do_ref,,bundle_move
smalltalk,smalltalk_a2_0054,a2,b1,1,over1 lex_p90=2.9,can_do_ref,,step_up_or_swap
smalltalk,smalltalk_a2_0055,a2,b1,1,over1 lex_p90=2.8,can_do_ref,,step_up_or_swap
smalltalk,smalltalk_a2_0060,a2,b1,1,over1 grammar=nikl_g3_으면_안_되다_v3:3,can_do_ref,,step_up_or_swap
smalltalk,smalltalk_a2_0063,a2,b2,2,over2 grammar=grammar_b2_quoted_contractions:4,can_do_ref,,bundle_move
smalltalk,smalltalk_a2_0071,a2,b2,2,over2 grammar=grammar_b2_quoted_contractions:4,can_do_ref,,bundle_move
smalltalk,smalltalk_a2_0074,a2,b2,2,over2 grammar=grammar_b2_quoted_contractions:4,can_do_ref,,bundle_move
smalltalk,smalltalk_a2_0078,a2,b1,1,over1 lex_p90=2.9,can_do_ref,,step_up_or_swap
smalltalk,smalltalk_a2_0080,a2,b1,1,over1 lex_p90=2.6,can_do_ref,,step_up_or_swap
smalltalk,smalltalk_a2_0081,a2,b1,1,over1 lex_p90=2.6,can_do_ref,,step_up_or_swap
smalltalk,smalltalk_a2_0085,a2,b2,2,over2 lex_p90=3.5,can_do_ref,,bundle_move
smalltalk,smalltalk_a2_0087,a2,c1,3,over2 lex_p90=5.0,can_do_ref,,bundle_move
smalltalk,smalltalk_a2_0091,a2,b1,1,over1 lex_p90=2.6,can_do_ref,,step_up_or_swap
smalltalk,smalltalk_b1_0023,b1,a1,-2,under2 grammar=grammar_a1_subject_particle:1,can_do_ref,,downgrade_candidate
smalltalk,smalltalk_b1_0028,b1,a1,-2,under2 grammar=grammar_a1_or_particle:1,can_do_ref,,downgrade_candidate
smalltalk,smalltalk_b1_0031,b1,b2,1,over1 lex_p90=3.7,can_do_ref,,step_up_or_swap
smalltalk,smalltalk_b1_0035,b1,a1,-2,under2 grammar=grammar_a1_subject_particle:1,can_do_ref,,downgrade_candidate
smalltalk,smalltalk_b1_0055,b1,b2,1,over1 grammar=grammar_b2_indirect_speech:4,can_do_ref,,step_up_or_swap
smalltalk,smalltalk_b1_0056,b1,b2,1,over1 grammar=grammar_b2_quoted_contractions:4,can_do_ref,,step_up_or_swap
smalltalk,smalltalk_b1_0058,b1,b2,1,over1 lex_p90=3.8,can_do_ref,,step_up_or_swap
smalltalk,smalltalk_b1_0062,b1,b2,1,over1 grammar=grammar_b2_quoted_contractions:4,can_do_ref,,step_up_or_swap
smalltalk,smalltalk_b1_0065,b1,b2,1,over1 grammar=grammar_b2_quoted_contractions:4,can_do_ref,,step_up_or_swap
smalltalk,smalltalk_b1_0068,b1,c1,2,over2 grammar=nikl_g5_는_척하다_v2:5,can_do_ref,,bundle_move
smalltalk,smalltalk_b1_0073,b1,c1,2,over2 lex_p90=5.0,can_do_ref,,bundle_move
smalltalk,smalltalk_b1_0074,b1,b2,1,over1 lex_p90=3.6,can_do_ref,,step_up_or_swap
smalltalk,smalltalk_b1_0075,b1,b2,1,over1 lex_p90=4.0,can_do_ref,,step_up_or_swap
smalltalk,smalltalk_b1_0078,b1,b2,1,over1 lex_p90=4.0,can_do_ref,,step_up_or_swap
smalltalk,smalltalk_b1_0086,b1,b2,1,over1 grammar=grammar_b2_according_to:4,can_do_ref,,step_up_or_swap
smalltalk,smalltalk_b2_0001,b2,c1,1,over1 grammar=nikl_g5_더라고_v1:5,can_do_ref,,step_up_or_swap
smalltalk,smalltalk_b2_0002,b2,a2,-2,under2 grammar=grammar_a2_tag_confirmation:2,can_do_ref,,downgrade_candidate
smalltalk,smalltalk_b2_0004,b2,a2,-2,under2 grammar=grammar_a2_conditional:2,can_do_ref,,downgrade_candidate
smalltalk,smalltalk_b2_0005,b2,c1,1,over1 grammar=nikl_g5_더라고_v1:5,can_do_ref,,step_up_or_swap
smalltalk,smalltalk_b2_0008,b2,a2,-2,under2 grammar=nikl_g2_을_때:2,can_do_ref,,downgrade_candidate
smalltalk,smalltalk_b2_0009,b2,a2,-2,under2 grammar=grammar_a2_conditional:2,can_do_ref,,downgrade_candidate
smalltalk,smalltalk_b2_0011,b2,c1,1,over1 grammar=nikl_g5_더라고_v1:5,can_do_ref,,step_up_or_swap
smalltalk,smalltalk_b2_0012,b2,a2,-2,under2 grammar=nikl_g2_는데1:2,can_do_ref,,downgrade_candidate
smalltalk,smalltalk_b2_0013,b2,c1,1,over1 grammar=nikl_g5_더라고_v1:5,can_do_ref,,step_up_or_swap
smalltalk,smalltalk_b2_0015,b2,a2,-2,under2 grammar=grammar_a2_each:2,can_do_ref,,downgrade_candidate
smalltalk,smalltalk_b2_0016,b2,c1,1,over1 grammar=nikl_g5_더라고_v1:5,can_do_ref,,step_up_or_swap
smalltalk,smalltalk_b2_0017,b2,c1,1,over1 grammar=nikl_g5_더라고_v1:5,can_do_ref,,step_up_or_swap
smalltalk,smalltalk_b2_0019,b2,c1,1,over1 grammar=nikl_g5_더라고_v1:5,can_do_ref,,step_up_or_swap
smalltalk,smalltalk_b2_0021,b2,c1,1,over1 grammar=nikl_g5_더라고_v1:5,can_do_ref,,step_up_or_swap
smalltalk,smalltalk_b2_0022,b2,c1,1,over1 grammar=nikl_g5_더라고_v1:5,can_do_ref,,step_up_or_swap
smalltalk,smalltalk_b2_0023,b2,a2,-2,under2 grammar=grammar_a2_simultaneous:2,can_do_ref,,downgrade_candidate
smalltalk,smalltalk_b2_0024,b2,c1,1,over1 grammar=nikl_g5_더라고_v1:5,can_do_ref,,step_up_or_swap
smalltalk,smalltalk_b2_0025,b2,c1,1,over1 grammar=nikl_g5_더라고_v1:5,can_do_ref,,step_up_or_swap
smalltalk,smalltalk_b2_0028,b2,c1,1,over1 grammar=nikl_g5_더라고_v1:5,can_do_ref,,step_up_or_swap
smalltalk,smalltalk_b2_0031,b2,a2,-2,under2 grammar=nikl_g2_는데1:2,can_do_ref,,downgrade_candidate
smalltalk,smalltalk_b2_0032,b2,c1,1,over1 grammar=nikl_g5_더라고_v1:5,can_do_ref,,step_up_or_swap
smalltalk,smalltalk_b2_0034,b2,c1,1,over1 grammar=nikl_g5_더라고_v1:5,can_do_ref,,step_up_or_swap
smalltalk,smalltalk_b2_0035,b2,c1,1,over1 grammar=nikl_g5_더라고_v1:5,can_do_ref,,step_up_or_swap
smalltalk,smalltalk_b2_0036,b2,a2,-2,under2 lex_p90=2.0,can_do_ref,,downgrade_candidate
smalltalk,smalltalk_b2_0037,b2,a2,-2,under2 grammar=grammar_a2_tag_confirmation:2,can_do_ref,,downgrade_candidate
smalltalk,smalltalk_b2_0041,b2,a2,-2,under2 grammar=grammar_a2_conditional:2,can_do_ref,,downgrade_candidate
smalltalk,smalltalk_b2_0044,b2,c1,1,over1 grammar=nikl_g5_더라고_v1:5,can_do_ref,,step_up_or_swap
smalltalk,smalltalk_b2_0046,b2,c1,1,over1 lex_p90=4.8,can_do_ref,,step_up_or_swap
smalltalk,smalltalk_b2_0049,b2,c1,1,over1 lex_p90=4.7,can_do_ref,,step_up_or_swap
smalltalk,smalltalk_b2_0052,b2,c1,1,over1 lex_p90=5.4,can_do_ref,,step_up_or_swap
smalltalk,smalltalk_b2_0057,b2,a2,-2,under2 lex_p90=2.0,can_do_ref,,downgrade_candidate
smalltalk,smalltalk_b2_0061,b2,a2,-2,under2 grammar=grammar_a2_tag_confirmation:2,can_do_ref,,downgrade_candidate
smalltalk,smalltalk_b2_0073,b2,a2,-2,under2 grammar=grammar_a2_conditional:2,can_do_ref,,downgrade_candidate
smalltalk,smalltalk_b2_0081,b2,c1,1,over1 lex_p90=5.3,can_do_ref,,step_up_or_swap
smalltalk,smalltalk_b2_0099,b2,a2,-2,under2 grammar=grammar_a2_tag_confirmation:2,can_do_ref,,downgrade_candidate
smalltalk,smalltalk_b2_0100,b2,a2,-2,under2 grammar=grammar_a2_tag_confirmation:2,can_do_ref,,downgrade_candidate
smalltalk,smalltalk_b2_0104,b2,c1,1,over1 grammar=nikl_g5_더라고_v1:5,can_do_ref,,step_up_or_swap
smalltalk,smalltalk_b2_0128,b2,a2,-2,under2 grammar=grammar_a2_tag_confirmation:2,can_do_ref,,downgrade_candidate
smalltalk,smalltalk_c1_0002,c1,b1,-2,under2 lex_p90=3.0,can_do_ref,,downgrade_candidate
smalltalk,smalltalk_c1_0005,c1,b1,-2,under2 length,can_do_ref,,downgrade_candidate
smalltalk,smalltalk_c1_0006,c1,b1,-2,under2 lex_p90=3.1,can_do_ref,,downgrade_candidate
smalltalk,smalltalk_c1_0007,c1,b1,-2,under2 lex_p90=3.4,can_do_ref,,downgrade_candidate
smalltalk,smalltalk_c1_0008,c1,a2,-3,under2 grammar=grammar_a2_tag_confirmation:2,can_do_ref,,downgrade_candidate
smalltalk,smalltalk_c1_0009,c1,b1,-2,under2 lex_p90=3.0,can_do_ref,,downgrade_candidate
smalltalk,smalltalk_c1_0012,c1,b1,-2,under2 lex_p90=3.0,can_do_ref,,downgrade_candidate
smalltalk,smalltalk_c1_0016,c1,b1,-2,under2 grammar=nikl_g3_게_하다:3,can_do_ref,,downgrade_candidate
smalltalk,smalltalk_c1_0019,c1,a2,-3,under2 grammar=grammar_a2_tag_confirmation:2,can_do_ref,,downgrade_candidate
smalltalk,smalltalk_c1_0020,c1,b1,-2,under2 length,can_do_ref,,downgrade_candidate
smalltalk,smalltalk_c1_0025,c1,b1,-2,under2 lex_p90=3.4,can_do_ref,,downgrade_candidate
smalltalk,smalltalk_c1_0029,c1,a2,-3,under2 grammar=grammar_a2_simultaneous:2,can_do_ref,,downgrade_candidate
smalltalk,smalltalk_c1_0031,c1,b1,-2,under2 lex_p90=2.6,can_do_ref,,downgrade_candidate
smalltalk,smalltalk_c1_0032,c1,b1,-2,under2 grammar=grammar_b1_tendency:3,can_do_ref,,downgrade_candidate
smalltalk,smalltalk_c1_0038,c1,b1,-2,under2 lex_p90=3.0,can_do_ref,,downgrade_candidate
smalltalk,smalltalk_c1_0078,c1,b1,-2,under2 grammar=nikl_g3_나_보다:3,can_do_ref,,downgrade_candidate
smalltalk,smalltalk_c1_0079,c1,b1,-2,under2 lex_p90=3.0,can_do_ref,,downgrade_candidate
smalltalk,smalltalk_c1_0080,c1,a2,-3,under2 lex_p90=1.6,can_do_ref,,downgrade_candidate
smalltalk,smalltalk_c1_0081,c1,a2,-3,under2 grammar=grammar_a2_conditional:2,can_do_ref,,downgrade_candidate
smalltalk,smalltalk_c1_0082,c1,b1,-2,under2 length,can_do_ref,,downgrade_candidate
smalltalk,smalltalk_c1_0084,c1,b1,-2,under2 lex_p90=3.0,can_do_ref,,downgrade_candidate
smalltalk,smalltalk_c1_0085,c1,b1,-2,under2 lex_p90=3.0,can_do_ref,,downgrade_candidate
smalltalk,smalltalk_c1_0087,c1,b1,-2,under2 lex_p90=2.8,can_do_ref,,downgrade_candidate
smalltalk,smalltalk_c2_0001,c2,b2,-2,under2 lex_p90=4.0,can_do_ref,,downgrade_candidate
smalltalk,smalltalk_c2_0002,c2,b2,-2,under2 lex_p90=3.5,can_do_ref,,downgrade_candidate
smalltalk,smalltalk_c2_0003,c2,b2,-2,under2 lex_p90=4.0,can_do_ref,,downgrade_candidate
smalltalk,smalltalk_c2_0004,c2,b2,-2,under2 lex_p90=4.0,can_do_ref,,downgrade_candidate
smalltalk,smalltalk_c2_0005,c2,b2,-2,under2 lex_p90=3.5,can_do_ref,,downgrade_candidate
smalltalk,smalltalk_c2_0006,c2,b2,-2,under2 grammar=nikl_g4_고_보다:4,can_do_ref,,downgrade_candidate
smalltalk,smalltalk_c2_0007,c2,b2,-2,under2 lex_p90=3.7,can_do_ref,,downgrade_candidate
smalltalk,smalltalk_c2_0008,c2,b2,-2,under2 lex_p90=4.2,can_do_ref,,downgrade_candidate
smalltalk,smalltalk_c2_0009,c2,b1,-3,under2 lex_p90=3.3,can_do_ref,,downgrade_candidate
smalltalk,smalltalk_c2_0010,c2,b1,-3,under2 lex_p90=3.0,can_do_ref,,downgrade_candidate
smalltalk,smalltalk_c2_0011,c2,b2,-2,under2 lex_p90=4.0,can_do_ref,,downgrade_candidate
smalltalk,smalltalk_c2_0012,c2,b2,-2,under2 lex_p90=4.0,can_do_ref,,downgrade_candidate
smalltalk,smalltalk_c2_0013,c2,b2,-2,under2 lex_p90=4.0,can_do_ref,,downgrade_candidate
smalltalk,smalltalk_c2_0014,c2,b2,-2,under2 lex_p90=4.0,can_do_ref,,downgrade_candidate
smalltalk,smalltalk_c2_0015,c2,b2,-2,under2 lex_p90=3.5,can_do_ref,,downgrade_candidate
smalltalk,smalltalk_c2_0016,c2,b2,-2,under2 lex_p90=4.0,can_do_ref,,downgrade_candidate
smalltalk,smalltalk_c2_0017,c2,b2,-2,under2 lex_p90=4.1,can_do_ref,,downgrade_candidate
smalltalk,smalltalk_c2_0018,c2,b2,-2,under2 lex_p90=4.0,can_do_ref,,downgrade_candidate
smalltalk,smalltalk_c2_0019,c2,b1,-3,under2 length,can_do_ref,,downgrade_candidate
smalltalk,smalltalk_c2_0021,c2,b1,-3,under2 lex_p90=3.0,can_do_ref,,downgrade_candidate
smalltalk,smalltalk_c2_0022,c2,a2,-4,under2 length,can_do_ref,,downgrade_candidate
smalltalk,smalltalk_c2_0023,c2,b2,-2,under2 lex_p90=4.0,can_do_ref,,downgrade_candidate
smalltalk,smalltalk_c2_0024,c2,b2,-2,under2 lex_p90=4.2,can_do_ref,,downgrade_candidate
smalltalk,smalltalk_c2_0025,c2,b1,-3,under2 grammar=grammar_b1_tendency:3,can_do_ref,,downgrade_candidate
smalltalk,smalltalk_c2_0027,c2,b1,-3,under2 lex_p90=3.0,can_do_ref,,downgrade_candidate
smalltalk,smalltalk_c2_0028,c2,b1,-3,under2 lex_p90=3.0,can_do_ref,,downgrade_candidate
smalltalk,smalltalk_c2_0030,c2,b1,-3,under2 lex_p90=3.4,can_do_ref,,downgrade_candidate
smalltalk,smalltalk_c2_0031,c2,b1,-3,under2 lex_p90=3.1,can_do_ref,,downgrade_candidate
smalltalk,smalltalk_c2_0032,c2,b1,-3,under2 grammar=nikl_g3_잖아_v1:3,can_do_ref,,downgrade_candidate
smalltalk,smalltalk_c2_0033,c2,b2,-2,under2 lex_p90=3.5,can_do_ref,,downgrade_candidate
smalltalk,smalltalk_c2_0035,c2,b2,-2,under2 lex_p90=3.5,can_do_ref,,downgrade_candidate
smalltalk,smalltalk_c2_0036,c2,b2,-2,under2 lex_p90=4.1,can_do_ref,,downgrade_candidate
smalltalk,smalltalk_c2_0037,c2,b2,-2,under2 lex_p90=3.6,can_do_ref,,downgrade_candidate
smalltalk,smalltalk_c2_0038,c2,b2,-2,under2 lex_p90=3.8,can_do_ref,,downgrade_candidate
smalltalk,smalltalk_c2_0039,c2,b2,-2,under2 lex_p90=3.5,can_do_ref,,downgrade_candidate
smalltalk,smalltalk_c2_0040,c2,b2,-2,under2 lex_p90=4.2,can_do_ref,,downgrade_candidate
smalltalk,smalltalk_c2_0042,c2,b2,-2,under2 lex_p90=3.7,can_do_ref,,downgrade_candidate
smalltalk,smalltalk_c2_0044,c2,b2,-2,under2 lex_p90=4.0,can_do_ref,,downgrade_candidate
smalltalk,smalltalk_c2_0045,c2,b2,-2,under2 lex_p90=4.0,can_do_ref,,downgrade_candidate
smalltalk,smalltalk_c2_0046,c2,b2,-2,under2 lex_p90=4.0,can_do_ref,,downgrade_candidate
smalltalk,smalltalk_c2_0047,c2,b2,-2,under2 lex_p90=4.0,can_do_ref,,downgrade_candidate
smalltalk,smalltalk_c2_0048,c2,b2,-2,under2 lex_p90=4.0,can_do_ref,,downgrade_candidate
smalltalk,smalltalk_c2_0051,c2,b2,-2,under2 lex_p90=4.0,can_do_ref,,downgrade_candidate
smalltalk,smalltalk_c2_0052,c2,b2,-2,under2 lex_p90=4.0,can_do_ref,,downgrade_candidate
smalltalk,smalltalk_c2_0053,c2,b2,-2,under2 lex_p90=3.7,can_do_ref,,downgrade_candidate
smalltalk,smalltalk_c2_0055,c2,b2,-2,under2 lex_p90=4.0,can_do_ref,,downgrade_candidate
smalltalk,smalltalk_c2_0056,c2,b2,-2,under2 lex_p90=4.0,can_do_ref,,downgrade_candidate
smalltalk,smalltalk_c2_0057,c2,b2,-2,under2 lex_p90=4.3,can_do_ref,,downgrade_candidate
smalltalk,smalltalk_c2_0058,c2,b2,-2,under2 lex_p90=4.0,can_do_ref,,downgrade_candidate
smalltalk,smalltalk_c2_0059,c2,b2,-2,under2 lex_p90=4.0,can_do_ref,,downgrade_candidate
smalltalk,smalltalk_c2_0060,c2,b2,-2,under2 lex_p90=4.0,can_do_ref,,downgrade_candidate
smalltalk,smalltalk_c2_0061,c2,b2,-2,under2 lex_p90=4.0,can_do_ref,,downgrade_candidate
smalltalk,smalltalk_c2_0062,c2,b2,-2,under2 lex_p90=4.0,can_do_ref,,downgrade_candidate
smalltalk,smalltalk_c2_0064,c2,b2,-2,under2 lex_p90=4.0,can_do_ref,,downgrade_candidate
smalltalk,smalltalk_c2_0065,c2,b2,-2,under2 lex_p90=4.0,can_do_ref,,downgrade_candidate
smalltalk,smalltalk_c2_0066,c2,b2,-2,under2 lex_p90=4.0,can_do_ref,,downgrade_candidate
smalltalk,smalltalk_c2_0067,c2,b2,-2,under2 lex_p90=4.0,can_do_ref,,downgrade_candidate
smalltalk,smalltalk_c2_0068,c2,b2,-2,under2 lex_p90=4.4,can_do_ref,,downgrade_candidate
smalltalk,smalltalk_c2_0070,c2,b2,-2,under2 lex_p90=4.2,can_do_ref,,downgrade_candidate
smalltalk,smalltalk_c2_0071,c2,b2,-2,under2 lex_p90=3.7,can_do_ref,,downgrade_candidate
smalltalk,smalltalk_c2_0072,c2,b2,-2,under2 lex_p90=4.0,can_do_ref,,downgrade_candidate
smalltalk,smalltalk_c2_0073,c2,b2,-2,under2 lex_p90=4.0,can_do_ref,,downgrade_candidate
smalltalk,smalltalk_c2_0075,c2,b2,-2,under2 lex_p90=3.7,can_do_ref,,downgrade_candidate
smalltalk,smalltalk_c2_0076,c2,b2,-2,under2 lex_p90=4.0,can_do_ref,,downgrade_candidate
smalltalk,smalltalk_c2_0077,c2,b2,-2,under2 length,can_do_ref,,downgrade_candidate
smalltalk,smalltalk_c2_0078,c2,b2,-2,under2 length,can_do_ref,,downgrade_candidate
smalltalk,smalltalk_c2_0079,c2,b2,-2,under2 length,can_do_ref,,downgrade_candidate
smalltalk,smalltalk_c2_0080,c2,b2,-2,under2 lex_p90=3.5,can_do_ref,,downgrade_candidate
smalltalk,smalltalk_c2_0081,c2,b2,-2,under2 length,can_do_ref,,downgrade_candidate
smalltalk,smalltalk_c2_0082,c2,b2,-2,under2 lex_p90=4.0,can_do_ref,,downgrade_candidate
smalltalk,smalltalk_c2_0083,c2,b2,-2,under2 length,can_do_ref,,downgrade_candidate
smalltalk,smalltalk_c2_0084,c2,b2,-2,under2 lex_p90=4.0,can_do_ref,,downgrade_candidate
smalltalk,smalltalk_c2_0085,c2,b2,-2,under2 lex_p90=4.0,can_do_ref,,downgrade_candidate
smalltalk,smalltalk_c2_0086,c2,b2,-2,under2 length,can_do_ref,,downgrade_candidate
vocab,vocab_a1_0011,a1,a2,1,over1,satz_ref+can_do_ref,a1_self_intro,step_up_or_swap
vocab,vocab_a1_0026,a1,a2,1,over1,can_do_ref,a1_misc_1,step_up_or_swap
vocab,vocab_a1_0034,a1,a2,1,over1,can_do_ref,a1_family_1,step_up_or_swap
vocab,vocab_a1_0035,a1,a2,1,over1,satz_ref+can_do_ref,a1_family_1,step_up_or_swap
vocab,vocab_a1_0053,a1,a2,1,over1,satz_ref+can_do_ref,a1_colors,step_up_or_swap
vocab,vocab_a1_0054,a1,a2,1,over1,satz_ref+can_do_ref,a1_colors,step_up_or_swap
vocab,vocab_a1_0055,a1,a2,1,over1,satz_ref+can_do_ref,a1_colors,step_up_or_swap
vocab,vocab_a1_0056,a1,a2,1,over1,satz_ref+can_do_ref,a1_colors,step_up_or_swap
vocab,vocab_a1_0057,a1,a2,1,over1,satz_ref+can_do_ref,a1_colors,step_up_or_swap
vocab,vocab_a1_0058,a1,a2,1,over1,can_do_ref,a1_colors,step_up_or_swap
vocab,vocab_a1_0060,a1,a2,1,over1,can_do_ref,a1_food_1,step_up_or_swap
vocab,vocab_a1_0061,a1,a2,1,over1,satz_ref+can_do_ref,a1_food_1,step_up_or_swap
vocab,vocab_a1_0066,a1,a2,1,over1,satz_ref+can_do_ref,a1_food_2,step_up_or_swap
vocab,vocab_a1_0067,a1,a2,1,over1,satz_ref+can_do_ref,a1_food_2,step_up_or_swap
vocab,vocab_a1_0084,a1,a2,1,over1,satz_ref+can_do_ref,a1_daily_2,step_up_or_swap
vocab,vocab_a1_0085,a1,a2,1,over1,satz_ref+can_do_ref,a1_daily_2,step_up_or_swap
vocab,vocab_a1_0110,a1,a2,1,over1,satz_ref+can_do_ref,a1_daily_3,step_up_or_swap
vocab,vocab_a1_0122,a1,a2,1,over1,can_do_ref,a1_descriptions,step_up_or_swap
vocab,vocab_a1_0124,a1,a2,1,over1,can_do_ref,a1_descriptions,step_up_or_swap
vocab,vocab_a1_0129,a1,a2,1,over1,can_do_ref,a1_descriptions,step_up_or_swap
vocab,vocab_a1_0155,a1,a2,1,over1,satz_ref+can_do_ref,a1_time_2,step_up_or_swap
vocab,vocab_a1_0169,a1,a2,1,over1,satz_ref+can_do_ref,a1_greetings_2,step_up_or_swap
vocab,vocab_a1_0197,a1,a2,1,over1,satz_ref+can_do_ref,a1_descriptions,step_up_or_swap
vocab,vocab_a1_0200,a1,a2,1,over1,satz_ref+can_do_ref,a1_numbers_3,step_up_or_swap
vocab,vocab_a1_0208,a1,a2,1,over1,can_do_ref,a1_daily_4,step_up_or_swap
vocab,vocab_a1_0212,a1,,,unknown,satz_ref+can_do_ref,a1_partner_meet_names_1,keep
vocab,vocab_a1_0213,a1,,,unknown,satz_ref+can_do_ref,a1_partner_meet_names_1,keep
vocab,vocab_a1_0216,b1,a1,-2,under2,satz_ref+can_do_ref,b1_partner_after_visit_1,downgrade_candidate
vocab,vocab_a1_0220,a1,a2,1,over1,satz_ref+can_do_ref,a1_partner_meet_names_1,step_up_or_swap
vocab,vocab_a1_0223,a1,a2,1,over1,satz_ref+can_do_ref,a1_partner_meet_names_1,step_up_or_swap
vocab,vocab_a1_0225,b1,c1,2,fallback_over2 fallback:basic2023,satz_ref+can_do_ref,b1_partner_first_gift_1,review_fallback
vocab,vocab_a1_0226,b1,c1,2,over2,satz_ref+can_do_ref,b1_partner_first_gift_1,word_move
vocab,vocab_a1_0227,b1,c2,3,fallback_over2 fallback:basic2023,satz_ref+can_do_ref,b1_partner_first_gift_1,review_fallback
vocab,vocab_a1_0229,b1,a1,-2,under2,satz_ref+can_do_ref,b1_partner_first_gift_1,downgrade_candidate
vocab,vocab_a1_0230,b1,b2,1,over1 src=derived,satz_ref+can_do_ref,b1_partner_first_gift_1,step_up_or_swap
vocab,vocab_a1_0231,b1,b2,1,over1,satz_ref+can_do_ref,b1_partner_first_gift_1,step_up_or_swap
vocab,vocab_a1_0232,b1,c1,2,over2,satz_ref+can_do_ref,b1_partner_first_gift_1,word_move
vocab,vocab_a1_0234,b1,c2,3,over2,satz_ref+can_do_ref,b1_partner_first_gift_1,word_move
vocab,vocab_a1_0235,b1,a1,-2,under2,satz_ref+can_do_ref,b1_partner_first_gift_1,downgrade_candidate
vocab,vocab_a1_0236,a2,b1,1,over1,satz_ref+can_do_ref,a2_partner_house_entry_1,step_up_or_swap
vocab,vocab_a1_0237,a2,b1,1,over1,satz_ref+can_do_ref,a2_partner_house_entry_1,step_up_or_swap
vocab,vocab_a1_0239,a2,c2,4,fallback_over2 fallback:basic2023,satz_ref+can_do_ref+replacement_backlog,a2_partner_house_entry_1,review_fallback
vocab,vocab_a1_0240,a2,c2,4,fallback_over2 fallback:basic2023,satz_ref+can_do_ref+replacement_backlog,a2_partner_house_entry_1,review_fallback
vocab,vocab_a1_0247,a2,b1,1,over1,satz_ref+can_do_ref,a2_partner_house_entry_1,step_up_or_swap
vocab,vocab_a1_0249,a1,a2,1,over1,satz_ref+can_do_ref,a1_partner_table_basic_1,step_up_or_swap
vocab,vocab_a1_0254,a1,,,unknown,satz_ref+can_do_ref,a1_partner_table_basic_1,keep
vocab,vocab_a1_0256,a1,a2,1,over1,satz_ref+can_do_ref,a1_partner_table_basic_1,step_up_or_swap
vocab,vocab_a1_0257,a1,a2,1,over1 src=compound,satz_ref+can_do_ref,a1_partner_table_basic_1,step_up_or_swap
vocab,vocab_a1_0258,a1,a2,1,over1,satz_ref+can_do_ref,a1_partner_table_basic_1,step_up_or_swap
vocab,vocab_a1_0259,a1,a2,1,over1,satz_ref+can_do_ref,a1_partner_table_basic_1,step_up_or_swap
vocab,vocab_a1_0266,a1,a2,1,over1 src=derived,satz_ref+can_do_ref,a1_partner_seollal_basic_1,step_up_or_swap
vocab,vocab_a1_0269,a1,a2,1,over1 src=compound,satz_ref+can_do_ref,a1_partner_seollal_basic_1,step_up_or_swap
vocab,vocab_a1_0270,a1,a2,1,over1,satz_ref+can_do_ref,a1_partner_seollal_basic_1,step_up_or_swap
vocab,vocab_a1_0282,b2,c2,2,over2,satz_ref+can_do_ref,b2_partner_holiday_duty_1,word_move
vocab,vocab_a1_0284,b1,a1,-2,under2,satz_ref+can_do_ref,b1_partner_siblings_hello_1,downgrade_candidate
vocab,vocab_a1_0285,b1,a1,-2,under2,satz_ref+can_do_ref,b1_partner_siblings_hello_1,downgrade_candidate
vocab,vocab_a1_0286,b1,c2,3,fallback_over2 fallback:basic2023,satz_ref+can_do_ref,b1_partner_siblings_hello_1,review_fallback
vocab,vocab_a1_0287,b1,c2,3,fallback_over2 fallback:basic2023,satz_ref+can_do_ref,b1_partner_siblings_hello_1,review_fallback
vocab,vocab_a1_0288,b1,c1,2,over2,satz_ref+can_do_ref,b1_partner_siblings_hello_1,word_move
vocab,vocab_a1_0289,b1,a1,-2,under2,satz_ref+can_do_ref,b1_partner_siblings_hello_1,downgrade_candidate
vocab,vocab_a1_0291,b1,c1,2,over2,satz_ref+can_do_ref,b1_partner_siblings_hello_1,word_move
vocab,vocab_a1_0292,b1,a1,-2,under2,satz_ref+can_do_ref,b1_partner_siblings_hello_1,downgrade_candidate
vocab,vocab_a1_0293,b1,a1,-2,under2,satz_ref+can_do_ref,b1_partner_siblings_hello_1,downgrade_candidate
vocab,vocab_a1_0294,b1,b2,1,over1,satz_ref+can_do_ref,b1_partner_siblings_hello_1,step_up_or_swap
vocab,vocab_a1_0296,a2,,,unknown,satz_ref+can_do_ref,a2_partner_photo_thanks_1,keep
vocab,vocab_a1_0298,a2,b1,1,over1,satz_ref+can_do_ref,a2_partner_photo_thanks_1,step_up_or_swap
vocab,vocab_a1_0302,a2,,,unknown,satz_ref+can_do_ref,a2_partner_photo_thanks_1,keep
vocab,vocab_a1_0305,a2,b1,1,over1,satz_ref+can_do_ref,a2_partner_photo_thanks_1,step_up_or_swap
vocab,vocab_a1_0306,a2,c1,3,over2,satz_ref+can_do_ref+replacement_backlog,a2_partner_photo_thanks_1,word_move
vocab,vocab_a1_0307,a2,b1,1,over1,satz_ref+can_do_ref,a2_partner_photo_thanks_1,step_up_or_swap
vocab,vocab_a1_0309,a1,a2,1,over1,satz_ref+can_do_ref,a1_post_office_1,step_up_or_swap
vocab,vocab_a1_0310,a1,b2,3,over2,satz_ref+can_do_ref+replacement_backlog,a1_post_office_1,word_move
vocab,vocab_a1_0312,a1,a2,1,over1,satz_ref+can_do_ref,a1_post_office_1,step_up_or_swap
vocab,vocab_a1_0313,a1,a2,1,over1,satz_ref+can_do_ref,a1_post_office_1,step_up_or_swap
vocab,vocab_a1_0317,a1,b1,2,over2,satz_ref+can_do_ref+replacement_backlog,a1_post_office_1,word_move
vocab,vocab_a1_0318,a1,b2,3,over2,satz_ref+can_do_ref+replacement_backlog,a1_post_office_1,word_move
vocab,vocab_a1_0320,a2,b1,1,over1,satz_ref+can_do_ref,a2_pharmacy_ask_1,step_up_or_swap
vocab,vocab_a1_0323,a2,b1,1,over1,satz_ref+can_do_ref,a2_pharmacy_ask_1,step_up_or_swap
vocab,vocab_a1_0324,a2,b2,2,over2,satz_ref+can_do_ref+replacement_backlog,a2_pharmacy_ask_1,word_move
vocab,vocab_a1_0325,b1,c1,2,fallback_over2 fallback:basic2023,satz_ref+can_do_ref,b1_health_hospital_1,review_fallback
vocab,vocab_a1_0326,a2,,,unknown,satz_ref+can_do_ref,a2_pharmacy_ask_1,keep
vocab,vocab_a1_0327,a2,b1,1,over1 src=compound,satz_ref+can_do_ref,a2_pharmacy_ask_1,step_up_or_swap
vocab,vocab_a1_0328,a2,b1,1,over1,satz_ref+can_do_ref,a2_pharmacy_ask_1,step_up_or_swap
vocab,vocab_a1_0329,a2,b2,2,over2 src=compound,satz_ref+can_do_ref+replacement_backlog,a2_pharmacy_ask_1,word_move
vocab,vocab_a1_0331,a2,,,unknown,satz_ref+can_do_ref,a2_pharmacy_ask_1,keep
vocab,vocab_a1_0332,a2,b1,1,over1,satz_ref+can_do_ref,a2_daily_1,step_up_or_swap
vocab,vocab_a1_0335,a1,a2,1,over1,satz_ref+can_do_ref,a1_weekend_promise_1,step_up_or_swap
vocab,vocab_a1_0336,a1,a2,1,over1,satz_ref+can_do_ref,a1_weekend_promise_1,step_up_or_swap
vocab,vocab_a1_0337,a1,a2,1,over1,satz_ref+can_do_ref,a1_weekend_promise_1,step_up_or_swap
vocab,vocab_a1_0344,b1,c1,2,over2,satz_ref+can_do_ref,b1_neighbors_hall_1,word_move
vocab,vocab_a1_0347,b1,c1,2,fallback_over2 fallback:basic2023,satz_ref+can_do_ref,b1_neighbors_hall_1,review_fallback
vocab,vocab_a1_0348,b1,c1,2,over2 src=compound,satz_ref+can_do_ref,b1_neighbors_hall_1,word_move
vocab,vocab_a1_0349,b1,c1,2,fallback_over2 fallback:basic2023,satz_ref+can_do_ref,b1_neighbors_hall_1,review_fallback
vocab,vocab_a1_0351,b1,c2,3,over2 src=compound,satz_ref+can_do_ref,b1_neighbors_hall_1,word_move
vocab,vocab_a1_0353,b1,b2,1,over1 src=compound,satz_ref+can_do_ref,b1_neighbors_hall_1,step_up_or_swap
vocab,vocab_a1_0354,b1,c1,2,over2 src=compound,satz_ref+can_do_ref,b1_neighbors_hall_1,word_move
vocab,vocab_a1_0361,a2,b1,1,over1,satz_ref+can_do_ref,a2_school_supplies_1,step_up_or_swap
vocab,vocab_a1_0362,a2,b1,1,over1,satz_ref+can_do_ref,a2_school_supplies_1,step_up_or_swap
vocab,vocab_a1_0363,a2,b1,1,over1,satz_ref+can_do_ref,a2_school_supplies_1,step_up_or_swap
vocab,vocab_a1_0364,a2,,,unknown,satz_ref+can_do_ref,a2_school_supplies_1,keep
vocab,vocab_a1_0366,a2,b2,2,over2 src=derived,satz_ref+can_do_ref+replacement_backlog,a2_school_supplies_1,word_move
vocab,vocab_a1_0371,a2,b1,1,over1,satz_ref+can_do_ref,a2_subway_card_1,step_up_or_swap
vocab,vocab_a1_0372,a2,b1,1,over1,satz_ref+can_do_ref,a2_subway_card_1,step_up_or_swap
vocab,vocab_a1_0373,a2,b1,1,over1,satz_ref+can_do_ref,a2_subway_card_1,step_up_or_swap
vocab,vocab_a1_0376,a2,b1,1,over1,satz_ref+can_do_ref,a2_subway_card_1,step_up_or_swap
vocab,vocab_a1_0380,a2,b1,1,over1,satz_ref+can_do_ref,a2_weather_layer_1,step_up_or_swap
vocab,vocab_a1_0382,a2,b1,1,over1 src=compound,satz_ref+can_do_ref,a2_weather_layer_1,step_up_or_swap
vocab,vocab_a1_0383,a2,b1,1,over1,satz_ref+can_do_ref,a2_weather_layer_1,step_up_or_swap
vocab,vocab_a1_0387,a2,b1,1,over1,satz_ref+can_do_ref,a2_weather_layer_1,step_up_or_swap
vocab,vocab_a1_0390,a2,b1,1,over1,satz_ref+can_do_ref,a2_weather_layer_1,step_up_or_swap
vocab,vocab_a1_0391,a2,b2,2,over2,satz_ref+can_do_ref+replacement_backlog,a2_weather_layer_1,word_move
vocab,vocab_a1_0395,a1,c1,4,over2,satz_ref+can_do_ref+replacement_backlog,a1_sorry_thanks_1,word_move
vocab,vocab_a1_0405,b1,c1,2,over2,satz_ref+can_do_ref,b1_communication_lang_1,word_move
vocab,vocab_a1_0406,a1,a2,1,over1,satz_ref+can_do_ref,a1_particles_in_use_1,step_up_or_swap
vocab,vocab_a1_0413,a1,a2,1,over1 src=compound,satz_ref+can_do_ref,a1_payment_delivery_1,step_up_or_swap
vocab,vocab_a1_0414,a1,a2,1,over1,satz_ref+can_do_ref,a1_payment_delivery_1,step_up_or_swap
vocab,vocab_a1_0416,a1,a2,1,over1,can_do_ref,a1_city_services_2026_1,step_up_or_swap
vocab,vocab_a1_0422,a1,a2,1,over1,satz_ref+can_do_ref,a1_city_services_2026_1,step_up_or_swap
vocab,vocab_a1_0424,a1,a2,1,over1,satz_ref+can_do_ref,a1_city_services_2026_1,step_up_or_swap
vocab,vocab_a1_0425,a1,a2,1,over1,satz_ref+can_do_ref,a1_city_services_2026_1,step_up_or_swap
vocab,vocab_a2_0029,a2,b1,1,over1,satz_ref+can_do_ref,a2_health_misc_1,step_up_or_swap
vocab,vocab_a2_0088,a2,b1,1,over1,satz_ref+can_do_ref,a2_food_1,step_up_or_swap
vocab,vocab_a2_0089,a2,b1,1,over1,satz_ref+can_do_ref,a2_food_1,step_up_or_swap
vocab,vocab_a2_0096,a2,c1,3,over2,satz_ref+can_do_ref+replacement_backlog,a2_food_2,word_move
vocab,vocab_a2_0101,a2,b1,1,over1,satz_ref+can_do_ref,a2_shopping_2,step_up_or_swap
vocab,vocab_a2_0104,a2,b1,1,over1,satz_ref+can_do_ref,a2_shopping_2,step_up_or_swap
vocab,vocab_a2_0106,a2,b1,1,over1,satz_ref+can_do_ref,a2_transport,step_up_or_swap
vocab,vocab_a2_0109,b1,b2,1,over1,satz_ref+can_do_ref,b1_travel_transport_1,step_up_or_swap
vocab,vocab_a2_0118,a2,b1,1,over1,satz_ref+can_do_ref,a2_feelings_2,step_up_or_swap
vocab,vocab_a2_0121,a2,b1,1,over1,satz_ref+can_do_ref,a2_work,step_up_or_swap
vocab,vocab_a2_0123,b1,b2,1,over1,satz_ref+can_do_ref,b1_work,step_up_or_swap
vocab,vocab_a2_0126,a2,b1,1,over1,satz_ref+can_do_ref,a2_work,step_up_or_swap
vocab,vocab_a2_0128,a2,b1,1,over1,satz_ref+can_do_ref,a2_work,step_up_or_swap
vocab,vocab_a2_0131,a2,b1,1,over1 src=derived,satz_ref+can_do_ref,a2_daily_3,step_up_or_swap
vocab,vocab_a2_0145,a2,b1,1,over1,satz_ref+can_do_ref,a2_home_1,step_up_or_swap
vocab,vocab_a2_0148,a2,b1,1,over1,satz_ref+can_do_ref,a2_home_1,step_up_or_swap
vocab,vocab_a2_0149,b1,c1,2,over2,satz_ref+can_do_ref,b1_housing_contract_1,word_move
vocab,vocab_a2_0157,a2,b1,1,over1,satz_ref+can_do_ref,a2_money_1,step_up_or_swap
vocab,vocab_a2_0160,a2,b1,1,over1,satz_ref+can_do_ref,a2_money_1,step_up_or_swap
vocab,vocab_a2_0161,a2,b1,1,over1,satz_ref+can_do_ref,a2_clothing_1,step_up_or_swap
vocab,vocab_a2_0172,a2,b1,1,over1,satz_ref+can_do_ref,a2_clothing_1,step_up_or_swap
vocab,vocab_a2_0179,a2,b1,1,over1,satz_ref+can_do_ref,a2_wearing_verbs_1,step_up_or_swap
vocab,vocab_a2_0181,a2,b1,1,over1,satz_ref+can_do_ref,a2_wearing_verbs_1,step_up_or_swap
vocab,vocab_a2_0182,a2,b1,1,over1,satz_ref+can_do_ref,a2_wearing_verbs_1,step_up_or_swap
vocab,vocab_a2_0183,a2,b1,1,over1,satz_ref+can_do_ref,a2_wearing_verbs_1,step_up_or_swap
vocab,vocab_a2_0184,a2,b1,1,over1,satz_ref+can_do_ref,a2_wearing_verbs_1,step_up_or_swap
vocab,vocab_a2_0187,a2,b1,1,over1,satz_ref+can_do_ref,a2_restaurant_1,step_up_or_swap
vocab,vocab_a2_0191,a2,b1,1,over1,satz_ref+can_do_ref,a2_restaurant_1,step_up_or_swap
vocab,vocab_a2_0196,a2,b1,1,over1,satz_ref+can_do_ref,a2_restaurant_1,step_up_or_swap
vocab,vocab_a2_0207,a2,b1,1,over1,satz_ref+can_do_ref,a2_household_1,step_up_or_swap
vocab,vocab_a2_0213,a2,b1,1,over1,satz_ref+can_do_ref,a2_food_more_1,step_up_or_swap
vocab,vocab_a2_0218,a2,b2,2,over2,satz_ref+can_do_ref+replacement_backlog,a2_food_more_1,word_move
vocab,vocab_a2_0219,a2,b1,1,over1,satz_ref+can_do_ref,a2_food_more_1,step_up_or_swap
vocab,vocab_a2_0223,a2,b1,1,over1,can_do_ref,a2_nature_1,step_up_or_swap
vocab,vocab_a2_0226,a2,b1,1,over1,satz_ref+can_do_ref,a2_nature_1,step_up_or_swap
vocab,vocab_a2_0228,a2,b1,1,over1,satz_ref+can_do_ref,a2_nature_1,step_up_or_swap
vocab,vocab_a2_0230,a2,b1,1,over1,satz_ref+can_do_ref,a2_nature_1,step_up_or_swap
vocab,vocab_a2_0231,a2,b1,1,over1,satz_ref+can_do_ref,a2_nature_1,step_up_or_swap
vocab,vocab_a2_0237,b1,c1,2,over2,satz_ref+can_do_ref,b1_work,word_move
vocab,vocab_a2_0243,a2,c1,3,over2,satz_ref+can_do_ref+replacement_backlog,a2_people_jobs_1,word_move
vocab,vocab_a2_0244,a2,b1,1,over1,satz_ref+can_do_ref,a2_people_jobs_1,step_up_or_swap
vocab,vocab_a2_0258,a2,b1,1,over1,satz_ref+can_do_ref,a2_change_verbs_1,step_up_or_swap
vocab,vocab_a2_0260,a2,b1,1,over1,satz_ref+can_do_ref,a2_change_verbs_1,step_up_or_swap
vocab,vocab_a2_0269,a2,b1,1,over1 src=compound,satz_ref+can_do_ref,a2_partner_dinner_talk_1,step_up_or_swap
vocab,vocab_a2_0270,a2,b1,1,over1,satz_ref+can_do_ref,a2_partner_dinner_talk_1,step_up_or_swap
vocab,vocab_a2_0274,a2,b1,1,over1,satz_ref+can_do_ref,a2_partner_dinner_talk_1,step_up_or_swap
vocab,vocab_a2_0275,b1,b2,1,over1,satz_ref+can_do_ref,b1_partner_translating_1,step_up_or_swap
vocab,vocab_a2_0276,a2,b1,1,over1,satz_ref+can_do_ref,a2_partner_dinner_talk_1,step_up_or_swap
vocab,vocab_a2_0279,a2,b1,1,over1,satz_ref+can_do_ref,a2_partner_dinner_talk_1,step_up_or_swap
vocab,vocab_a2_0280,b1,c1,2,over2,satz_ref+can_do_ref,b1_partner_awkward_questions_1,word_move
vocab,vocab_a2_0283,b2,c2,2,over2,satz_ref+can_do_ref,b2_partner_family_money_1,word_move
vocab,vocab_a2_0284,b1,c1,2,over2,satz_ref+can_do_ref,b1_partner_holiday_plan_1,word_move
vocab,vocab_a2_0288,a2,b1,1,over1,satz_ref+can_do_ref,a2_partner_seollal_day_1,step_up_or_swap
vocab,vocab_a2_0292,a2,b1,1,over1,satz_ref+can_do_ref,a2_partner_seollal_day_1,step_up_or_swap
vocab,vocab_a2_0295,a2,b1,1,over1,satz_ref+can_do_ref,a2_partner_chuseok_day_1,step_up_or_swap
vocab,vocab_a2_0303,a2,b1,1,over1,satz_ref+can_do_ref,a2_partner_chuseok_day_1,step_up_or_swap
vocab,vocab_a2_0305,b1,b2,1,over1,satz_ref+can_do_ref,b1_partner_sibling_tease_1,step_up_or_swap
vocab,vocab_a2_0306,b1,c2,3,over2,satz_ref+can_do_ref,b1_partner_sibling_tease_1,word_move
vocab,vocab_a2_0308,b1,c1,2,over2,satz_ref+can_do_ref,b1_partner_sibling_tease_1,word_move
vocab,vocab_a2_0309,b1,b2,1,over1,satz_ref+can_do_ref,b1_partner_sibling_tease_1,step_up_or_swap
vocab,vocab_a2_0310,b1,c2,3,over2,satz_ref+can_do_ref,b1_partner_sibling_tease_1,word_move
vocab,vocab_a2_0311,b1,c1,2,over2,satz_ref+can_do_ref,b1_partner_sibling_tease_1,word_move
vocab,vocab_a2_0312,b1,a1,-2,under2,satz_ref+can_do_ref,b1_partner_sibling_tease_1,downgrade_candidate
vocab,vocab_a2_0314,b1,,,unknown,satz_ref+can_do_ref,b1_partner_sibling_tease_1,keep
vocab,vocab_a2_0319,a2,b1,1,over1,satz_ref+can_do_ref,a2_partner_overnight_1,step_up_or_swap
vocab,vocab_a2_0323,a2,b1,1,over1,satz_ref+can_do_ref,a2_partner_overnight_1,step_up_or_swap
vocab,vocab_a2_0324,a2,,,unknown,satz_ref+can_do_ref,a2_partner_overnight_1,keep
vocab,vocab_a2_0325,a2,b1,1,over1,satz_ref+can_do_ref,a2_partner_overnight_1,step_up_or_swap
vocab,vocab_a2_0329,b1,a1,-2,under2,satz_ref+can_do_ref,b1_partner_leftover_bags_1,downgrade_candidate
vocab,vocab_a2_0330,b1,c1,2,fallback_over2 fallback:basic2023,satz_ref+can_do_ref,b1_partner_leftover_bags_1,review_fallback
vocab,vocab_a2_0331,b1,a1,-2,under2,satz_ref+can_do_ref,b1_partner_leftover_bags_1,downgrade_candidate
vocab,vocab_a2_0332,b1,b2,1,over1,satz_ref+can_do_ref,b1_partner_leftover_bags_1,step_up_or_swap
vocab,vocab_a2_0334,b1,b2,1,over1,satz_ref+can_do_ref,b1_partner_leftover_bags_1,step_up_or_swap
vocab,vocab_a2_0335,b1,c1,2,over2,satz_ref+can_do_ref,b1_partner_leftover_bags_1,word_move
vocab,vocab_a2_0337,b1,a1,-2,under2,satz_ref+can_do_ref,b1_partner_leftover_bags_1,downgrade_candidate
vocab,vocab_a2_0338,b1,a1,-2,under2,satz_ref+can_do_ref,b1_partner_leftover_bags_1,downgrade_candidate
vocab,vocab_a2_0339,b1,b2,1,over1,satz_ref+can_do_ref,b1_partner_leftover_bags_1,step_up_or_swap
vocab,vocab_a2_0344,b1,b2,1,over1,satz_ref+can_do_ref,b1_travel_change_1,step_up_or_swap
vocab,vocab_a2_0350,a2,c2,4,fallback_over2 fallback:basic2023,satz_ref+can_do_ref+replacement_backlog,a2_partner_hometown_trip_1,review_fallback
vocab,vocab_a2_0352,a2,b1,1,over1,satz_ref+can_do_ref,a2_partner_hometown_trip_1,step_up_or_swap
vocab,vocab_a2_0353,b1,c1,2,over2,satz_ref+can_do_ref,b1_partner_banmal_switch_1,word_move
vocab,vocab_a2_0354,b1,b2,1,over1,satz_ref+can_do_ref,b1_partner_banmal_switch_1,step_up_or_swap
vocab,vocab_a2_0355,b1,c2,3,fallback_over2 fallback:basic2023,satz_ref+can_do_ref,b1_partner_banmal_switch_1,review_fallback
vocab,vocab_a2_0356,b1,a1,-2,under2,satz_ref+can_do_ref,b1_partner_banmal_switch_1,downgrade_candidate
vocab,vocab_a2_0358,b1,b2,1,over1,satz_ref+can_do_ref,b1_partner_banmal_switch_1,step_up_or_swap
vocab,vocab_a2_0362,b1,b2,1,over1,satz_ref+can_do_ref,b1_partner_banmal_switch_1,step_up_or_swap
vocab,vocab_a2_0364,b1,a1,-2,under2,satz_ref+can_do_ref,b1_partner_banmal_switch_1,downgrade_candidate
vocab,vocab_a2_0365,b1,c2,3,fallback_over2 fallback:basic2023,satz_ref+can_do_ref,b1_phone_plan_1,review_fallback
vocab,vocab_a2_0366,b1,b2,1,over1 src=compound,satz_ref+can_do_ref,b1_phone_plan_1,bundle_move
vocab,vocab_a2_0367,b1,b2,1,over1,satz_ref+can_do_ref,b1_phone_plan_1,bundle_move
vocab,vocab_a2_0368,b1,,,unknown,satz_ref+can_do_ref,b1_phone_plan_1,bundle_move
vocab,vocab_a2_0369,b1,c2,3,fallback_over2 fallback:basic2023,satz_ref+can_do_ref,b1_phone_plan_1,review_fallback
vocab,vocab_a2_0370,b1,,,unknown,satz_ref+can_do_ref,b1_phone_plan_1,bundle_move
vocab,vocab_a2_0371,b1,c2,3,over2 src=compound,satz_ref+can_do_ref,b1_phone_plan_1,bundle_move
vocab,vocab_a2_0372,b1,c1,2,fallback_over2 fallback:basic2023,satz_ref+can_do_ref,b1_phone_plan_1,review_fallback
vocab,vocab_a2_0373,b1,c2,3,over2 src=compound,satz_ref+can_do_ref,b1_phone_plan_1,bundle_move
vocab,vocab_a2_0375,b1,c1,2,over2,satz_ref+can_do_ref,b1_phone_plan_1,bundle_move
vocab,vocab_a2_0376,b1,c1,2,over2,satz_ref+can_do_ref,b1_phone_plan_1,bundle_move
vocab,vocab_a2_0377,b1,,,unknown,satz_ref+can_do_ref,b1_bank_counter_1,keep
vocab,vocab_a2_0378,b1,b2,1,over1 src=compound,satz_ref+can_do_ref,b1_bank_counter_1,step_up_or_swap
vocab,vocab_a2_0379,b1,b2,1,over1 src=compound,satz_ref+can_do_ref,b1_bank_counter_1,step_up_or_swap
vocab,vocab_a2_0380,b1,b2,1,over1 src=compound,satz_ref+can_do_ref,b1_bank_counter_1,step_up_or_swap
vocab,vocab_a2_0381,b1,c2,3,over2,satz_ref+can_do_ref,b1_bank_counter_1,word_move
vocab,vocab_a2_0382,b1,a1,-2,under2 src=compound,satz_ref+can_do_ref,b1_bank_counter_1,downgrade_candidate
vocab,vocab_a2_0384,b1,,,unknown,satz_ref+can_do_ref,b1_bank_counter_1,keep
vocab,vocab_a2_0385,b1,c1,2,over2 src=compound,satz_ref+can_do_ref,b1_bank_counter_1,word_move
vocab,vocab_a2_0386,b1,c1,2,over2,satz_ref+can_do_ref,b1_bank_counter_1,word_move
vocab,vocab_a2_0388,b1,c2,3,over2,satz_ref+can_do_ref,b1_bank_counter_1,word_move
vocab,vocab_a2_0391,a2,,,unknown,satz_ref+can_do_ref,a2_gym_class_1,keep
vocab,vocab_a2_0393,a2,b1,1,over1,satz_ref+can_do_ref,a2_gym_class_1,step_up_or_swap
vocab,vocab_a2_0394,a2,b1,1,over1,satz_ref+can_do_ref,a2_gym_class_1,step_up_or_swap
vocab,vocab_a2_0396,a2,,,unknown,satz_ref+can_do_ref,a2_gym_class_1,keep
vocab,vocab_a2_0399,a2,c2,4,over2,satz_ref+can_do_ref+replacement_backlog,a2_gym_class_1,word_move
vocab,vocab_a2_0400,a2,b2,2,over2 src=compound,satz_ref+can_do_ref+replacement_backlog,a2_gym_class_1,word_move
vocab,vocab_a2_0403,a2,b2,2,over2,satz_ref+can_do_ref+replacement_backlog,a2_salon_visit_1,word_move
vocab,vocab_a2_0404,a2,,,unknown,satz_ref+can_do_ref,a2_salon_visit_1,keep
vocab,vocab_a2_0405,a2,b1,1,over1,satz_ref+can_do_ref,a2_salon_visit_1,step_up_or_swap
vocab,vocab_a2_0406,a2,b1,1,over1,satz_ref+can_do_ref,a2_salon_visit_1,step_up_or_swap
vocab,vocab_a2_0408,a2,b1,1,over1 src=compound,satz_ref+can_do_ref,a2_salon_visit_1,step_up_or_swap
vocab,vocab_a2_0410,a2,,,unknown,satz_ref+can_do_ref,a2_salon_visit_1,keep
vocab,vocab_a2_0412,a2,b2,2,over2,satz_ref+can_do_ref+replacement_backlog,a2_salon_visit_1,word_move
vocab,vocab_a2_0417,b1,b2,1,over1 src=compound,satz_ref+can_do_ref,b1_apt_rules_1,step_up_or_swap
vocab,vocab_a2_0419,b1,,,unknown,satz_ref+can_do_ref,b1_apt_rules_1,keep
vocab,vocab_a2_0421,b1,c1,2,over2 src=compound,satz_ref+can_do_ref,b1_apt_rules_1,word_move
vocab,vocab_a2_0422,b1,c1,2,fallback_over2 fallback:basic2023,satz_ref+can_do_ref,b1_apt_rules_1,review_fallback
vocab,vocab_a2_0423,b1,b2,1,over1,satz_ref+can_do_ref,b1_apt_rules_1,step_up_or_swap
vocab,vocab_a2_0424,b1,a1,-2,under2,satz_ref+can_do_ref,b1_apt_rules_1,downgrade_candidate
vocab,vocab_a2_0425,b1,,,unknown,satz_ref+can_do_ref,b1_part_time_1,keep
vocab,vocab_a2_0427,b1,c1,2,over2 src=compound,satz_ref+can_do_ref,b1_part_time_1,word_move
vocab,vocab_a2_0428,b1,,,unknown,satz_ref+can_do_ref,b1_part_time_1,keep
vocab,vocab_a2_0429,b1,c2,3,over2 src=compound,satz_ref+can_do_ref,b1_part_time_1,word_move
vocab,vocab_a2_0430,b1,,,unknown,satz_ref+can_do_ref,b1_part_time_1,keep
vocab,vocab_a2_0431,b1,,,unknown,satz_ref+can_do_ref,b1_part_time_1,keep
vocab,vocab_a2_0432,b1,c1,2,over2 src=compound,satz_ref+can_do_ref,b1_part_time_1,word_move
vocab,vocab_a2_0433,b1,b2,1,over1,satz_ref+can_do_ref,b1_part_time_1,step_up_or_swap
vocab,vocab_a2_0434,b1,,,unknown,satz_ref+can_do_ref,b1_part_time_1,keep
vocab,vocab_a2_0435,b1,b2,1,over1,satz_ref+can_do_ref,b1_part_time_1,step_up_or_swap
vocab,vocab_a2_0436,b1,c1,2,fallback_over2 fallback:basic2023,satz_ref+can_do_ref,b1_part_time_1,review_fallback
vocab,vocab_a2_0438,b1,b2,1,over1 src=derived,satz_ref+can_do_ref,b1_lost_found_1,step_up_or_swap
vocab,vocab_a2_0444,b1,b2,1,over1,satz_ref+can_do_ref,b1_lost_found_1,step_up_or_swap
vocab,vocab_a2_0446,b1,c1,2,over2,satz_ref+can_do_ref,b1_lost_found_1,word_move
vocab,vocab_a2_0448,b1,c1,2,fallback_over2 fallback:basic2023,satz_ref+can_do_ref,b1_lost_found_1,review_fallback
vocab,vocab_a2_0450,b1,,,unknown,satz_ref+can_do_ref,b1_festival_booth_1,keep
vocab,vocab_a2_0452,b1,,,unknown,satz_ref+can_do_ref,b1_festival_booth_1,keep
vocab,vocab_a2_0454,b1,b2,1,over1 src=compound,satz_ref+can_do_ref,b1_festival_booth_1,step_up_or_swap
vocab,vocab_a2_0455,b1,c1,2,fallback_over2 fallback:basic2023,satz_ref+can_do_ref,b1_festival_booth_1,review_fallback
vocab,vocab_a2_0458,b1,b2,1,over1 src=compound,satz_ref+can_do_ref,b1_festival_booth_1,step_up_or_swap
vocab,vocab_a2_0459,b1,c1,2,over2,satz_ref+can_do_ref,b1_festival_booth_1,word_move
vocab,vocab_a2_0462,a2,b1,1,over1,satz_ref+can_do_ref,a2_plans_proposals_1,step_up_or_swap
vocab,vocab_a2_0465,b1,,,unknown,can_do_ref,b1_housing_search_2026_1,bundle_move
vocab,vocab_a2_0466,b1,c1,2,over2,can_do_ref,b1_housing_search_2026_1,bundle_move
vocab,vocab_a2_0467,b1,c1,2,over2,can_do_ref,b1_housing_search_2026_1,bundle_move
vocab,vocab_a2_0468,b1,b2,1,over1,can_do_ref,b1_housing_search_2026_1,bundle_move
vocab,vocab_a2_0469,b1,c1,2,over2,can_do_ref,b1_housing_search_2026_1,bundle_move
vocab,vocab_a2_0470,b1,c1,2,over2,can_do_ref,b1_housing_search_2026_1,bundle_move
vocab,vocab_a2_0471,b1,c1,2,over2,satz_ref+can_do_ref,b1_housing_search_2026_1,bundle_move
vocab,vocab_a2_0474,b1,a1,-2,under2,satz_ref+can_do_ref,b1_housing_search_2026_1,bundle_move
vocab,vocab_a2_0475,b1,c1,2,fallback_over2 fallback:basic2023,satz_ref+can_do_ref,b1_housing_search_2026_1,review_fallback
vocab,vocab_a2_0476,b1,c1,2,fallback_over2 fallback:basic2023,satz_ref+can_do_ref,b1_housing_search_2026_1,review_fallback
vocab,vocab_b1_0002,b1,a1,-2,under2,satz_ref+can_do_ref,b1_tech_society_1,downgrade_candidate
vocab,vocab_b1_0004,b1,b2,1,over1,satz_ref+can_do_ref,b1_health_education,step_up_or_swap
vocab,vocab_b1_0014,b1,b2,1,over1,satz_ref+can_do_ref,b1_tech_society_1,step_up_or_swap
vocab,vocab_b1_0022,b1,a1,-2,under2,satz_ref+can_do_ref,b1_emotions_relations_1,downgrade_candidate
vocab,vocab_b1_0024,b1,a1,-2,under2,satz_ref+can_do_ref,b1_daily_2,downgrade_candidate
vocab,vocab_b1_0029,b1,a1,-2,under2,satz_ref+can_do_ref,b1_emotions_relations_1,downgrade_candidate
vocab,vocab_b1_0031,b1,a1,-2,under2,satz_ref+can_do_ref,b1_health_education,downgrade_candidate
vocab,vocab_b1_0049,b1,b2,1,over1,satz_ref+can_do_ref,b1_descriptions_1,step_up_or_swap
vocab,vocab_b1_0051,b1,b2,1,over1,satz_ref+can_do_ref,b1_daily_3,step_up_or_swap
vocab,vocab_b1_0052,b1,b2,1,over1,satz_ref+can_do_ref,b1_daily_3,step_up_or_swap
vocab,vocab_b1_0054,b1,a1,-2,under2,satz_ref+can_do_ref,b1_daily_3,downgrade_candidate
vocab,vocab_b1_0059,b1,c1,2,over2,satz_ref+can_do_ref,b1_tech_society_1,word_move
vocab,vocab_b1_0060,b1,a1,-2,under2,satz_ref+can_do_ref,b1_tech_society_1,downgrade_candidate
vocab,vocab_b1_0061,b1,,,unknown,satz_ref+can_do_ref,b1_tech_society_2,keep
vocab,vocab_b1_0062,b1,c1,2,fallback_over2 fallback:basic2023,satz_ref+can_do_ref,b1_tech_society_2,review_fallback
vocab,vocab_b1_0063,b1,,,unknown,satz_ref+can_do_ref,b1_tech_society_2,keep
vocab,vocab_b1_0066,b1,b2,1,over1,satz_ref+can_do_ref,b1_tech_society_2,step_up_or_swap
vocab,vocab_b1_0068,b1,b2,1,over1,satz_ref+can_do_ref,b1_work,step_up_or_swap
vocab,vocab_b1_0071,b1,c1,2,over2,satz_ref+can_do_ref,b1_work,word_move
vocab,vocab_b1_0073,b1,c1,2,fallback_over2 fallback:basic2023,satz_ref+can_do_ref,b1_work,review_fallback
vocab,vocab_b1_0078,b1,c1,2,over2,satz_ref+can_do_ref,b1_health_education,word_move
vocab,vocab_b1_0079,b1,c2,3,over2,satz_ref+can_do_ref,b1_health_education,word_move
vocab,vocab_b1_0080,b1,b2,1,over1,satz_ref+can_do_ref,b1_tech_society_2,step_up_or_swap
vocab,vocab_b1_0088,b1,b2,1,over1,satz_ref+can_do_ref,b1_health_education,step_up_or_swap
vocab,vocab_b1_0089,b1,b2,1,over1,satz_ref+can_do_ref,b1_health_education,step_up_or_swap
vocab,vocab_b1_0090,b1,b2,1,over1,satz_ref+can_do_ref,b1_work,step_up_or_swap
vocab,vocab_b1_0091,b1,b2,1,over1,satz_ref+can_do_ref,b1_descriptions_2,step_up_or_swap
vocab,vocab_b1_0092,b1,b2,1,over1,satz_ref+can_do_ref,b1_descriptions_2,step_up_or_swap
vocab,vocab_b1_0093,b1,a1,-2,under2,satz_ref+can_do_ref,b1_descriptions_2,downgrade_candidate
vocab,vocab_b1_0096,b1,b2,1,over1,satz_ref+can_do_ref,b1_descriptions_2,step_up_or_swap
vocab,vocab_b1_0097,b1,c1,2,over2,satz_ref+can_do_ref,b1_descriptions_2,word_move
vocab,vocab_b1_0098,b1,b2,1,over1,satz_ref+can_do_ref,b1_descriptions_2,step_up_or_swap
vocab,vocab_b1_0100,b1,a1,-2,under2,satz_ref+can_do_ref,b1_emotions_relations_3,downgrade_candidate
vocab,vocab_b1_0101,b1,a1,-2,under2,satz_ref+can_do_ref,b1_emotions_relations_3,downgrade_candidate
vocab,vocab_b1_0106,b1,a1,-2,under2,satz_ref+can_do_ref,b1_media_culture_1,downgrade_candidate
vocab,vocab_b1_0107,b1,a1,-2,under2,satz_ref+can_do_ref,b1_media_culture_1,downgrade_candidate
vocab,vocab_b1_0114,b1,a1,-2,under2,satz_ref+can_do_ref,b1_media_culture_1,downgrade_candidate
vocab,vocab_b1_0116,b1,c1,2,over2,satz_ref+can_do_ref,b1_city_places_1,word_move
vocab,vocab_b1_0117,b1,a1,-2,under2,satz_ref+can_do_ref,b1_city_places_1,downgrade_candidate
vocab,vocab_b1_0119,b1,b2,1,over1,satz_ref+can_do_ref,b1_city_places_1,step_up_or_swap
vocab,vocab_b1_0123,b1,a1,-2,under2,satz_ref+can_do_ref,b1_city_places_1,downgrade_candidate
vocab,vocab_b1_0124,b1,c1,2,over2,satz_ref+can_do_ref,b1_city_places_1,word_move
vocab,vocab_b1_0126,b1,a1,-2,under2,satz_ref+can_do_ref,b1_city_places_1,downgrade_candidate
vocab,vocab_b1_0128,b1,b2,1,over1,satz_ref+can_do_ref,b1_money_bank_1,step_up_or_swap
vocab,vocab_b1_0137,b1,b2,1,over1,satz_ref+can_do_ref,b1_money_bank_1,step_up_or_swap
vocab,vocab_b1_0143,b1,a1,-2,under2,satz_ref+can_do_ref,b1_travel_transport_1,downgrade_candidate
vocab,vocab_b1_0147,b1,b2,1,over1,satz_ref+can_do_ref,b1_travel_transport_1,step_up_or_swap
vocab,vocab_b1_0167,b1,c1,2,over2 src=compound,satz_ref+can_do_ref,b1_work_career_1,word_move
vocab,vocab_b1_0177,b1,a1,-2,under2 src=derived,satz_ref+can_do_ref,b1_social_events_1,downgrade_candidate
vocab,vocab_b1_0182,b1,b2,1,over1,satz_ref+can_do_ref,b1_social_events_1,step_up_or_swap
vocab,vocab_b1_0184,b1,a1,-2,under2,satz_ref+can_do_ref,b1_social_events_1,downgrade_candidate
vocab,vocab_b1_0188,b1,a1,-2,under2,satz_ref+can_do_ref,b1_communication_lang_1,downgrade_candidate
vocab,vocab_b1_0190,b1,a1,-2,under2,satz_ref+can_do_ref,b1_communication_lang_1,downgrade_candidate
vocab,vocab_b1_0191,b1,a1,-2,under2,satz_ref+can_do_ref,b1_communication_lang_1,downgrade_candidate
vocab,vocab_b1_0196,b1,a1,-2,under2,satz_ref+can_do_ref,b1_communication_lang_1,downgrade_candidate
vocab,vocab_b1_0197,b1,a1,-2,under2,satz_ref+can_do_ref,b1_communication_lang_1,downgrade_candidate
vocab,vocab_b1_0198,b1,a1,-2,under2,satz_ref+can_do_ref,b1_communication_lang_1,downgrade_candidate
vocab,vocab_b1_0199,b1,a1,-2,under2,satz_ref+can_do_ref,b1_communication_lang_1,downgrade_candidate
vocab,vocab_b1_0204,b1,b2,1,over1,satz_ref+can_do_ref,b1_character_feelings_1,step_up_or_swap
vocab,vocab_b1_0214,b1,a1,-2,under2,satz_ref+can_do_ref,b1_verbs_daily_1,downgrade_candidate
vocab,vocab_b1_0236,b1,a1,-2,under2,satz_ref+can_do_ref,b1_time_life_1,downgrade_candidate
vocab,vocab_b1_0242,b1,a1,-2,under2,satz_ref+can_do_ref,b1_time_life_1,downgrade_candidate
vocab,vocab_b1_0248,b1,b2,1,over1,satz_ref+can_do_ref,b1_housing_contract_1,step_up_or_swap
vocab,vocab_b1_0249,b1,b2,1,over1,satz_ref+can_do_ref,b1_housing_contract_1,step_up_or_swap
vocab,vocab_b1_0250,b1,c2,3,fallback_over2 fallback:basic2023,satz_ref+can_do_ref,b1_housing_contract_1,review_fallback
vocab,vocab_b1_0251,b1,,,unknown,satz_ref+can_do_ref,b1_housing_contract_1,keep
vocab,vocab_b1_0252,b1,,,unknown,satz_ref+can_do_ref,b1_housing_contract_1,keep
vocab,vocab_b1_0254,b1,b2,1,over1,satz_ref+can_do_ref,b1_housing_contract_1,step_up_or_swap
vocab,vocab_b1_0255,b1,c2,3,fallback_over2 fallback:basic2023,satz_ref+can_do_ref,b1_housing_contract_1,review_fallback
vocab,vocab_b1_0258,b1,c1,2,over2,satz_ref+can_do_ref,b1_housing_contract_1,word_move
vocab,vocab_b1_0260,b1,,,unknown,satz_ref+can_do_ref,b1_work_coordination_1,keep
vocab,vocab_b1_0261,b1,b2,1,over1,satz_ref+can_do_ref,b1_work_coordination_1,step_up_or_swap
vocab,vocab_b1_0262,b1,c2,3,over2,satz_ref+can_do_ref,b1_work_coordination_1,word_move
vocab,vocab_b1_0265,b1,c1,2,over2,satz_ref+can_do_ref,b1_work_coordination_1,word_move
vocab,vocab_b1_0266,b1,c2,3,over2,satz_ref+can_do_ref,b1_work_coordination_1,word_move
vocab,vocab_b1_0267,b1,c1,2,over2,satz_ref+can_do_ref,b1_work_coordination_1,word_move
vocab,vocab_b1_0269,b1,b2,1,over1,satz_ref+can_do_ref,b1_work_coordination_1,step_up_or_swap
vocab,vocab_b1_0270,b1,c1,2,fallback_over2 fallback:basic2023,satz_ref+can_do_ref,b1_work_coordination_1,review_fallback
vocab,vocab_b1_0273,b1,a1,-2,under2,satz_ref+can_do_ref,b1_partner_awkward_questions_1,downgrade_candidate
vocab,vocab_b1_0280,b1,b2,1,over1,satz_ref+can_do_ref,b1_partner_awkward_questions_1,step_up_or_swap
vocab,vocab_b1_0281,b1,b2,1,over1,satz_ref+can_do_ref,b1_partner_awkward_questions_1,step_up_or_swap
vocab,vocab_b1_0282,b1,b2,1,over1,satz_ref+can_do_ref,b1_partner_awkward_questions_1,step_up_or_swap
vocab,vocab_b1_0284,b1,b2,1,over1,satz_ref+can_do_ref,b1_partner_job_visa_1,step_up_or_swap
vocab,vocab_b1_0285,b1,c1,2,over2 src=compound,satz_ref+can_do_ref,b1_partner_job_visa_1,word_move
vocab,vocab_b1_0286,b1,c2,3,over2,satz_ref+can_do_ref,b1_partner_job_visa_1,word_move
vocab,vocab_b1_0287,b1,c1,2,over2,satz_ref+can_do_ref,b1_partner_job_visa_1,word_move
vocab,vocab_b1_0288,b1,c1,2,over2,satz_ref+can_do_ref,b1_partner_job_visa_1,word_move
vocab,vocab_b1_0291,b1,c2,3,fallback_over2 fallback:basic2023,satz_ref+can_do_ref,b1_partner_job_visa_1,review_fallback
vocab,vocab_b1_0292,b1,b2,1,over1,satz_ref+can_do_ref,b1_partner_job_visa_1,step_up_or_swap
vocab,vocab_b1_0295,b1,c1,2,over2,satz_ref+can_do_ref,b1_partner_job_visa_1,word_move
vocab,vocab_b1_0299,b1,c1,2,fallback_over2 fallback:basic2023,satz_ref+can_do_ref,b1_partner_translating_1,review_fallback
vocab,vocab_b1_0300,b1,b2,1,over1,satz_ref+can_do_ref,b1_partner_translating_1,step_up_or_swap
vocab,vocab_b1_0301,b1,b2,1,over1,satz_ref+can_do_ref,b1_partner_translating_1,step_up_or_swap
vocab,vocab_b1_0302,b1,a1,-2,under2,satz_ref+can_do_ref,b1_partner_translating_1,downgrade_candidate
vocab,vocab_b1_0304,b1,,,unknown,satz_ref+can_do_ref,b1_partner_translating_1,keep
vocab,vocab_b1_0305,b1,b2,1,over1,satz_ref+can_do_ref,b1_partner_translating_1,step_up_or_swap
vocab,vocab_b1_0306,b1,b2,1,over1,satz_ref+can_do_ref,b1_partner_translating_1,step_up_or_swap
vocab,vocab_b1_0308,b1,a1,-2,under2,satz_ref+can_do_ref,b1_partner_drink_table_1,downgrade_candidate
vocab,vocab_b1_0310,b1,c2,3,fallback_over2 fallback:basic2023,satz_ref+can_do_ref,b1_partner_drink_table_1,review_fallback
vocab,vocab_b1_0311,b1,c2,3,fallback_over2 fallback:basic2023,satz_ref+can_do_ref,b1_partner_drink_table_1,review_fallback
vocab,vocab_b1_0312,b1,b2,1,over1,satz_ref+can_do_ref,b1_partner_drink_table_1,step_up_or_swap
vocab,vocab_b1_0317,b1,c2,3,over2 src=compound,satz_ref+can_do_ref,b1_partner_drink_table_1,word_move
vocab,vocab_b1_0318,b1,a1,-2,under2,satz_ref+can_do_ref,b1_partner_drink_table_1,downgrade_candidate
vocab,vocab_b1_0320,b1,b2,1,over1,satz_ref+can_do_ref,b1_partner_sleep_room_1,step_up_or_swap
vocab,vocab_b1_0323,b1,b2,1,over1,satz_ref+can_do_ref,b1_partner_sleep_room_1,step_up_or_swap
vocab,vocab_b1_0325,b1,a1,-2,under2,satz_ref+can_do_ref,b1_partner_sleep_room_1,downgrade_candidate
vocab,vocab_b1_0326,b1,b2,1,over1,satz_ref+can_do_ref,b1_partner_sleep_room_1,step_up_or_swap
vocab,vocab_b1_0327,b1,a1,-2,under2,satz_ref+can_do_ref,b1_partner_sleep_room_1,downgrade_candidate
vocab,vocab_b1_0328,b1,c1,2,fallback_over2 fallback:basic2023,satz_ref+can_do_ref,b1_partner_sleep_room_1,review_fallback
vocab,vocab_b1_0330,b1,b2,1,over1,satz_ref+can_do_ref,b1_partner_sleep_room_1,step_up_or_swap
vocab,vocab_b1_0331,b1,a1,-2,under2,satz_ref+can_do_ref,b1_partner_sleep_room_1,downgrade_candidate
vocab,vocab_b1_0332,b1,c1,2,over2,satz_ref+can_do_ref,b1_partner_after_visit_1,word_move
vocab,vocab_b1_0338,b1,a1,-2,under2,satz_ref+can_do_ref,b1_partner_after_visit_1,downgrade_candidate
vocab,vocab_b1_0339,b1,b2,1,over1,satz_ref+can_do_ref,b1_partner_after_visit_1,step_up_or_swap
vocab,vocab_b1_0341,b1,b2,1,over1,satz_ref+can_do_ref,b1_partner_after_visit_1,step_up_or_swap
vocab,vocab_b1_0342,b1,a1,-2,under2,satz_ref+can_do_ref,b1_partner_after_visit_1,downgrade_candidate
vocab,vocab_b1_0343,b1,a1,-2,under2,satz_ref+can_do_ref,b1_partner_after_visit_1,downgrade_candidate
vocab,vocab_b1_0344,b1,b2,1,over1,satz_ref+can_do_ref,b1_partner_group_chat_1,step_up_or_swap
vocab,vocab_b1_0345,b1,,,unknown,satz_ref+can_do_ref,b1_partner_group_chat_1,keep
vocab,vocab_b1_0346,b1,b2,1,over1,satz_ref+can_do_ref,b1_partner_group_chat_1,step_up_or_swap
vocab,vocab_b1_0349,b1,c1,2,over2,satz_ref+can_do_ref,b1_partner_group_chat_1,word_move
vocab,vocab_b1_0350,b1,c2,3,over2,satz_ref+can_do_ref,b1_partner_group_chat_1,word_move
vocab,vocab_b1_0351,b1,c1,2,over2,satz_ref+can_do_ref,b1_partner_group_chat_1,word_move
vocab,vocab_b1_0353,b1,c2,3,over2,satz_ref+can_do_ref,b1_partner_group_chat_1,word_move
vocab,vocab_b1_0360,b1,b2,1,over1,satz_ref+can_do_ref,b1_partner_holiday_plan_1,step_up_or_swap
vocab,vocab_b1_0361,b1,a1,-2,under2,satz_ref+can_do_ref,b1_partner_holiday_plan_1,downgrade_candidate
vocab,vocab_b1_0363,b1,c2,3,over2,satz_ref+can_do_ref,b1_partner_holiday_plan_1,word_move
vocab,vocab_b1_0364,b1,b2,1,over1,satz_ref+can_do_ref,b1_partner_holiday_plan_1,step_up_or_swap
vocab,vocab_b1_0365,b1,c1,2,fallback_over2 fallback:basic2023,satz_ref+can_do_ref,b1_partner_holiday_plan_1,review_fallback
vocab,vocab_b1_0366,b1,c1,2,over2,satz_ref+can_do_ref,b1_partner_holiday_plan_1,word_move
vocab,vocab_b1_0368,b1,b2,1,over1,satz_ref+can_do_ref,b1_workplace_mail_1,step_up_or_swap
vocab,vocab_b1_0369,b1,,,unknown,satz_ref+can_do_ref,b1_workplace_mail_1,keep
vocab,vocab_b1_0370,b1,c2,3,fallback_over2 fallback:basic2023,satz_ref+can_do_ref,b1_workplace_mail_1,review_fallback
vocab,vocab_b1_0371,b1,c2,3,fallback_over2 fallback:basic2023,satz_ref+can_do_ref,b1_workplace_mail_1,review_fallback
vocab,vocab_b1_0373,b1,c1,2,fallback_over2 fallback:basic2023,satz_ref+can_do_ref,b1_workplace_mail_1,review_fallback
vocab,vocab_b1_0376,b1,c2,3,over2,satz_ref+can_do_ref,b1_workplace_mail_1,word_move
vocab,vocab_b1_0377,b1,c2,3,over2 src=compound,satz_ref+can_do_ref,b1_workplace_mail_1,word_move
vocab,vocab_b1_0378,b1,b2,1,over1,satz_ref+can_do_ref,b1_workplace_mail_1,step_up_or_swap
vocab,vocab_b1_0380,b1,c1,2,over2,satz_ref+can_do_ref,b1_roommate_talk_1,word_move
vocab,vocab_b1_0383,b1,a1,-2,under2,satz_ref+can_do_ref,b1_roommate_talk_1,downgrade_candidate
vocab,vocab_b1_0387,b1,b2,1,over1,satz_ref+can_do_ref,b1_roommate_talk_1,step_up_or_swap
vocab,vocab_b1_0390,b1,b2,1,over1,satz_ref+can_do_ref,b1_roommate_talk_1,step_up_or_swap
vocab,vocab_b1_0391,b1,b2,1,over1,satz_ref+can_do_ref,b1_roommate_talk_1,step_up_or_swap
vocab,vocab_b1_0393,b1,b2,1,over1,satz_ref+can_do_ref,b1_insurance_claim_1,step_up_or_swap
vocab,vocab_b1_0394,b1,c2,3,over2 src=compound,satz_ref+can_do_ref,b1_insurance_claim_1,word_move
vocab,vocab_b1_0396,b1,c1,2,fallback_over2 fallback:basic2023,satz_ref+can_do_ref,b1_insurance_claim_1,review_fallback
vocab,vocab_b1_0397,b1,c2,3,fallback_over2 fallback:basic2023,satz_ref+can_do_ref,b1_insurance_claim_1,review_fallback
vocab,vocab_b1_0398,b1,c1,2,over2,satz_ref+can_do_ref,b1_insurance_claim_1,word_move
vocab,vocab_b1_0399,b1,c1,2,fallback_over2 fallback:basic2023,satz_ref+can_do_ref,b1_insurance_claim_1,review_fallback
vocab,vocab_b1_0400,b1,b2,1,over1,satz_ref+can_do_ref,b1_insurance_claim_1,step_up_or_swap
vocab,vocab_b1_0401,b1,c1,2,over2,satz_ref+can_do_ref,b1_insurance_claim_1,word_move
vocab,vocab_b1_0402,b1,c2,3,fallback_over2 fallback:basic2023,satz_ref+can_do_ref,b1_insurance_claim_1,review_fallback
vocab,vocab_b1_0403,b1,c2,3,over2,satz_ref+can_do_ref,b1_insurance_claim_1,word_move
vocab,vocab_b1_0404,b2,c1,1,over1 src=compound,satz_ref+can_do_ref,b2_public_office_1,step_up_or_swap
vocab,vocab_b1_0405,b2,c1,1,over1,satz_ref+can_do_ref,b2_public_office_1,step_up_or_swap
vocab,vocab_b1_0406,b2,,,unknown,satz_ref+can_do_ref,b2_public_office_1,keep
vocab,vocab_b1_0407,b2,c1,1,over1,satz_ref+can_do_ref,b2_public_office_1,step_up_or_swap
vocab,vocab_b1_0410,b2,c1,1,over1,satz_ref+can_do_ref,b2_public_office_1,step_up_or_swap
vocab,vocab_b1_0412,b2,c1,1,over1,satz_ref+can_do_ref,b2_public_office_1,step_up_or_swap
vocab,vocab_b1_0413,b2,c1,1,over1,satz_ref+can_do_ref,b2_public_office_1,step_up_or_swap
vocab,vocab_b1_0415,b2,c1,1,over1,satz_ref+can_do_ref,b2_public_office_1,step_up_or_swap
vocab,vocab_b1_0417,b1,b2,1,over1 src=compound,satz_ref+can_do_ref,b1_volunteer_shift_1,step_up_or_swap
vocab,vocab_b1_0420,b1,c1,2,fallback_over2 fallback:basic2023,satz_ref+can_do_ref,b1_volunteer_shift_1,review_fallback
vocab,vocab_b1_0421,b1,c2,3,fallback_over2 fallback:basic2023,satz_ref+can_do_ref,b1_volunteer_shift_1,review_fallback
vocab,vocab_b1_0423,b1,c1,2,fallback_over2 fallback:basic2023,satz_ref+can_do_ref,b1_volunteer_shift_1,review_fallback
vocab,vocab_b1_0424,b1,c1,2,over2,satz_ref+can_do_ref,b1_volunteer_shift_1,word_move
vocab,vocab_b1_0425,b1,b2,1,over1,satz_ref+can_do_ref,b1_volunteer_shift_1,step_up_or_swap
vocab,vocab_b1_0426,b1,b2,1,over1,satz_ref+can_do_ref,b1_volunteer_shift_1,step_up_or_swap
vocab,vocab_b1_0427,b1,c1,2,fallback_over2 fallback:basic2023,satz_ref+can_do_ref,b1_volunteer_shift_1,review_fallback
vocab,vocab_b1_0428,b1,b2,1,over1,satz_ref+can_do_ref,b1_parent_school_1,step_up_or_swap
vocab,vocab_b1_0432,b1,b2,1,over1,satz_ref+can_do_ref,b1_parent_school_1,step_up_or_swap
vocab,vocab_b1_0434,b1,c2,3,fallback_over2 fallback:basic2023,satz_ref+can_do_ref,b1_parent_school_1,review_fallback
vocab,vocab_b1_0435,b1,b2,1,over1,satz_ref+can_do_ref,b1_parent_school_1,step_up_or_swap
vocab,vocab_b1_0436,b1,c2,3,over2,satz_ref+can_do_ref,b1_parent_school_1,word_move
vocab,vocab_b1_0437,b1,a1,-2,under2,satz_ref+can_do_ref,b1_parent_school_1,downgrade_candidate
vocab,vocab_b1_0438,b1,b2,1,over1,satz_ref+can_do_ref,b1_parent_school_1,step_up_or_swap
vocab,vocab_b1_0439,b1,b2,1,over1 src=compound,satz_ref+can_do_ref,b1_parent_school_1,step_up_or_swap
vocab,vocab_b1_0440,b1,b2,1,over1,satz_ref+can_do_ref,b1_repair_words_1,step_up_or_swap
vocab,vocab_b1_0441,b1,b2,1,over1,satz_ref+can_do_ref,b1_repair_words_1,step_up_or_swap
vocab,vocab_b1_0443,b1,c1,2,over2,satz_ref+can_do_ref,b1_repair_words_1,word_move
vocab,vocab_b1_0444,b1,b2,1,over1,satz_ref+can_do_ref,b1_repair_words_1,step_up_or_swap
vocab,vocab_b1_0446,b1,c2,3,over2,satz_ref+can_do_ref,b1_repair_words_1,word_move
vocab,vocab_b1_0447,b1,c1,2,fallback_over2 fallback:basic2023,satz_ref+can_do_ref,b1_repair_words_1,review_fallback
vocab,vocab_b1_0448,b1,c1,2,over2,satz_ref+can_do_ref,b1_repair_words_1,word_move
vocab,vocab_b1_0451,b1,b2,1,over1,satz_ref+can_do_ref,b1_repair_words_1,step_up_or_swap
vocab,vocab_b1_0453,b1,b2,1,over1,satz_ref+can_do_ref,b1_travel_change_1,step_up_or_swap
vocab,vocab_b1_0454,b1,c1,2,over2,satz_ref+can_do_ref,b1_travel_change_1,word_move
vocab,vocab_b1_0455,b1,b2,1,over1,satz_ref+can_do_ref,b1_travel_change_1,step_up_or_swap
vocab,vocab_b1_0457,b1,c1,2,over2,satz_ref+can_do_ref,b1_travel_change_1,word_move
vocab,vocab_b1_0459,b1,c1,2,over2 src=compound,satz_ref+can_do_ref,b1_travel_change_1,word_move
vocab,vocab_b1_0460,b1,b2,1,over1,satz_ref+can_do_ref,b1_travel_change_1,step_up_or_swap
vocab,vocab_b1_0461,b1,c1,2,over2,satz_ref+can_do_ref,b1_travel_change_1,word_move
vocab,vocab_b1_0463,b1,c1,2,over2,satz_ref+can_do_ref,b1_travel_change_1,word_move
vocab,vocab_b1_0464,b1,b2,1,over1,can_do_ref,b1_work_softening_1,step_up_or_swap
vocab,vocab_b1_0466,b1,c1,2,over2,can_do_ref,b1_work_softening_1,word_move
vocab,vocab_b1_0468,b1,c1,2,over2,can_do_ref,b1_work_entry_2026_1,word_move
vocab,vocab_b1_0470,b1,b2,1,over1,can_do_ref,b1_work_entry_2026_1,step_up_or_swap
vocab,vocab_b1_0473,b1,c1,2,fallback_over2 fallback:basic2023,can_do_ref,b1_work_entry_2026_1,review_fallback
vocab,vocab_b1_0474,b1,c1,2,over2,satz_ref+can_do_ref,b1_work_entry_2026_1,word_move
vocab,vocab_b1_0477,b1,c2,3,over2 src=compound,satz_ref+can_do_ref,b1_work_entry_2026_1,word_move
vocab,vocab_b2_0011,b2,c2,2,over2,satz_ref+can_do_ref,b2_thinking_1,word_move
vocab,vocab_b2_0012,b2,c1,1,over1,satz_ref+can_do_ref,b2_society_1,step_up_or_swap
vocab,vocab_b2_0014,b2,a2,-2,under2,satz_ref+can_do_ref,b2_society_1,downgrade_candidate
vocab,vocab_b2_0025,b2,c1,1,over1,satz_ref+can_do_ref,b2_communication,step_up_or_swap
vocab,vocab_b2_0029,b2,c2,2,over2,satz_ref+can_do_ref,b2_thinking_2,word_move
vocab,vocab_b2_0033,b2,c2,2,over2,satz_ref+can_do_ref,b2_work,word_move
vocab,vocab_b2_0036,b2,c1,1,over1,satz_ref+can_do_ref,b2_society_1,step_up_or_swap
vocab,vocab_b2_0038,b2,c2,2,over2,satz_ref+can_do_ref,b2_work,word_move
vocab,vocab_b2_0040,b2,c1,1,over1,satz_ref+can_do_ref,b2_work,step_up_or_swap
vocab,vocab_b2_0042,b2,c2,2,fallback_over2 fallback:basic2023,satz_ref+can_do_ref,b2_work,review_fallback
vocab,vocab_b2_0049,b2,c2,2,over2,satz_ref+can_do_ref,b2_society_2,word_move
vocab,vocab_b2_0050,b2,c1,1,over1 src=compound,satz_ref+can_do_ref,b2_society_2,step_up_or_swap
vocab,vocab_b2_0051,b2,c2,2,over2,satz_ref+can_do_ref,b2_work,word_move
vocab,vocab_b2_0056,b2,c1,1,over1,satz_ref+can_do_ref,b2_misc,step_up_or_swap
vocab,vocab_b2_0057,b2,c2,2,over2,satz_ref+can_do_ref,b2_misc,word_move
vocab,vocab_b2_0060,b2,a1,-3,under2,satz_ref+can_do_ref,b2_education,downgrade_candidate
vocab,vocab_b2_0061,b2,c1,1,over1,satz_ref+can_do_ref,b2_education,step_up_or_swap
vocab,vocab_b2_0062,b2,c1,1,over1,satz_ref+can_do_ref,b2_education,step_up_or_swap
vocab,vocab_b2_0063,b2,a2,-2,under2,satz_ref+can_do_ref,b2_communication,downgrade_candidate
vocab,vocab_b2_0066,b2,c2,2,over2,satz_ref+can_do_ref,b2_thinking_2,word_move
vocab,vocab_b2_0068,b2,c1,1,over1,satz_ref+can_do_ref,b2_thinking_2,step_up_or_swap
vocab,vocab_b2_0071,b2,c2,2,over2,satz_ref+can_do_ref,b2_communication,word_move
vocab,vocab_b2_0073,b2,c1,1,over1,satz_ref+can_do_ref,b2_environment_1,step_up_or_swap
vocab,vocab_b2_0075,b2,c1,1,over1,satz_ref+can_do_ref,b2_environment_1,step_up_or_swap
vocab,vocab_b2_0077,b2,c1,1,over1,satz_ref+can_do_ref,b2_environment_1,step_up_or_swap
vocab,vocab_b2_0078,b2,c1,1,over1,satz_ref+can_do_ref,b2_environment_1,step_up_or_swap
vocab,vocab_b2_0080,b2,c2,2,over2,satz_ref+can_do_ref,b2_environment_1,word_move
vocab,vocab_b2_0081,b2,c1,1,over1,satz_ref+can_do_ref,b2_environment_1,step_up_or_swap
vocab,vocab_b2_0082,b2,c2,2,over2,satz_ref+can_do_ref,b2_environment_1,word_move
vocab,vocab_b2_0083,b2,c1,1,over1,satz_ref+can_do_ref,b2_environment_1,step_up_or_swap
vocab,vocab_b2_0084,b2,c1,1,over1,satz_ref+can_do_ref,b2_environment_1,step_up_or_swap
vocab,vocab_b2_0087,b2,c2,2,fallback_over2 fallback:basic2023,satz_ref+can_do_ref,b2_modern_life_1,review_fallback
vocab,vocab_b2_0093,b2,a2,-2,under2,can_do_ref,b2_modern_life_1,downgrade_candidate
vocab,vocab_b2_0099,b2,a2,-2,under2,satz_ref+can_do_ref,b2_manners_society_1,downgrade_candidate
vocab,vocab_b2_0100,b2,a2,-2,under2,satz_ref+can_do_ref,b2_manners_society_1,downgrade_candidate
vocab,vocab_b2_0102,b2,a2,-2,under2,satz_ref+can_do_ref,b2_manners_society_1,downgrade_candidate
vocab,vocab_b2_0103,b2,a2,-2,under2,satz_ref+can_do_ref,b2_manners_society_1,downgrade_candidate
vocab,vocab_b2_0104,b2,a2,-2,under2,satz_ref+can_do_ref,b2_manners_society_1,downgrade_candidate
vocab,vocab_b2_0106,b2,a2,-2,under2,satz_ref+can_do_ref,b2_manners_society_1,downgrade_candidate
vocab,vocab_b2_0107,b2,c1,1,over1,satz_ref+can_do_ref,b2_manners_society_1,step_up_or_swap
vocab,vocab_b2_0108,b2,a2,-2,under2,can_do_ref,b2_manners_society_1,downgrade_candidate
vocab,vocab_b2_0121,b2,a1,-3,under2,satz_ref+can_do_ref,b2_language_grammar_1,downgrade_candidate
vocab,vocab_b2_0122,b2,c1,1,over1,satz_ref+can_do_ref,b2_language_grammar_1,step_up_or_swap
vocab,vocab_b2_0123,b2,c1,1,over1,satz_ref+can_do_ref,b2_language_grammar_1,step_up_or_swap
vocab,vocab_b2_0124,b2,c1,1,over1,satz_ref+can_do_ref,b2_language_grammar_1,step_up_or_swap
vocab,vocab_b2_0125,b2,c1,1,over1,satz_ref+can_do_ref,b2_language_grammar_1,step_up_or_swap
vocab,vocab_b2_0126,b2,c1,1,over1,satz_ref+can_do_ref,b2_language_grammar_1,step_up_or_swap
vocab,vocab_b2_0127,b2,c1,1,over1,can_do_ref,b2_language_grammar_1,step_up_or_swap
vocab,vocab_b2_0128,b2,c2,2,fallback_over2 fallback:basic2023,satz_ref+can_do_ref,b2_language_grammar_1,review_fallback
vocab,vocab_b2_0129,b2,c2,2,fallback_over2 fallback:basic2023,satz_ref+can_do_ref,b2_language_grammar_1,review_fallback
vocab,vocab_b2_0131,b2,c1,1,over1,satz_ref+can_do_ref,b2_language_grammar_1,step_up_or_swap
vocab,vocab_b2_0132,b2,a2,-2,under2,satz_ref+can_do_ref,b2_language_grammar_1,downgrade_candidate
vocab,vocab_b2_0133,b2,a2,-2,under2,satz_ref+can_do_ref,b2_household_practical_1,downgrade_candidate
vocab,vocab_b2_0135,b2,a2,-2,under2 src=derived,satz_ref+can_do_ref,b2_household_practical_1,downgrade_candidate
vocab,vocab_b2_0136,b2,a2,-2,under2,satz_ref+can_do_ref,b2_household_practical_1,downgrade_candidate
vocab,vocab_b2_0138,b2,c1,1,over1,satz_ref+can_do_ref,b2_household_practical_1,step_up_or_swap
vocab,vocab_b2_0140,b2,a2,-2,under2,satz_ref+can_do_ref,b2_household_practical_1,downgrade_candidate
vocab,vocab_b2_0141,b2,a2,-2,under2,satz_ref+can_do_ref,b2_household_practical_1,downgrade_candidate
vocab,vocab_b2_0143,b2,a2,-2,under2,satz_ref+can_do_ref,b2_household_practical_1,downgrade_candidate
vocab,vocab_b2_0147,b2,a2,-2,under2,satz_ref+can_do_ref,b2_relationships_people_1,downgrade_candidate
vocab,vocab_b2_0149,b2,a2,-2,under2,satz_ref+can_do_ref,b2_relationships_people_1,downgrade_candidate
vocab,vocab_b2_0151,b2,a2,-2,under2,satz_ref+can_do_ref,b2_relationships_people_1,downgrade_candidate
vocab,vocab_b2_0153,b2,a2,-2,under2,can_do_ref,b2_relationships_people_1,downgrade_candidate
vocab,vocab_b2_0156,b2,a2,-2,under2,satz_ref+can_do_ref,b2_relationships_people_1,downgrade_candidate
vocab,vocab_b2_0157,b2,a2,-2,under2,satz_ref+can_do_ref,b2_safety_rules_1,downgrade_candidate
vocab,vocab_b2_0158,b2,a2,-2,under2,satz_ref+can_do_ref,b2_safety_rules_1,downgrade_candidate
vocab,vocab_b2_0159,b2,a2,-2,under2,satz_ref+can_do_ref,b2_safety_rules_1,downgrade_candidate
vocab,vocab_b2_0160,b2,a2,-2,under2 src=derived,satz_ref+can_do_ref,b2_safety_rules_1,downgrade_candidate
vocab,vocab_b2_0161,b2,c1,1,over1 src=compound,satz_ref+can_do_ref,b2_safety_rules_1,step_up_or_swap
vocab,vocab_b2_0162,b2,a2,-2,under2,satz_ref+can_do_ref,b2_safety_rules_1,downgrade_candidate
vocab,vocab_b2_0164,b2,a2,-2,under2,satz_ref+can_do_ref,b2_safety_rules_1,downgrade_candidate
vocab,vocab_b2_0167,b2,a2,-2,under2,satz_ref+can_do_ref,b2_safety_rules_1,downgrade_candidate
vocab,vocab_b2_0168,b2,c1,1,over1,satz_ref+can_do_ref,b2_safety_rules_1,step_up_or_swap
vocab,vocab_b2_0169,b2,a2,-2,under2 src=derived,satz_ref+can_do_ref,b2_events_culture_1,downgrade_candidate
vocab,vocab_b2_0170,b2,a2,-2,under2,satz_ref+can_do_ref,b2_events_culture_1,downgrade_candidate
vocab,vocab_b2_0172,b2,a2,-2,under2,satz_ref+can_do_ref,b2_events_culture_1,downgrade_candidate
vocab,vocab_b2_0173,b2,a1,-3,under2,satz_ref+can_do_ref,b2_events_culture_1,downgrade_candidate
vocab,vocab_b2_0176,b2,a2,-2,under2,satz_ref+can_do_ref,b2_events_culture_1,downgrade_candidate
vocab,vocab_b2_0178,b2,a2,-2,under2,satz_ref+can_do_ref,b2_events_culture_1,downgrade_candidate
vocab,vocab_b2_0179,b2,a2,-2,under2,satz_ref+can_do_ref,b2_events_culture_1,downgrade_candidate
vocab,vocab_b2_0181,b2,a2,-2,under2 src=derived,satz_ref+can_do_ref,b2_thinking_verbs_1,downgrade_candidate
vocab,vocab_b2_0186,b2,a2,-2,under2,satz_ref+can_do_ref,b2_thinking_verbs_1,downgrade_candidate
vocab,vocab_b2_0187,b2,a2,-2,under2,satz_ref+can_do_ref,b2_thinking_verbs_1,downgrade_candidate
vocab,vocab_b2_0190,b2,a2,-2,under2,satz_ref+can_do_ref,b2_thinking_verbs_1,downgrade_candidate
vocab,vocab_b2_0191,b2,a2,-2,under2,satz_ref+can_do_ref,b2_thinking_verbs_1,downgrade_candidate
vocab,vocab_b2_0192,b2,a2,-2,under2,satz_ref+can_do_ref,b2_thinking_verbs_1,downgrade_candidate
vocab,vocab_b2_0193,b2,a1,-3,under2,satz_ref+can_do_ref,b2_honorifics_1,downgrade_candidate
vocab,vocab_b2_0194,b2,a2,-2,under2,satz_ref+can_do_ref,b2_honorifics_1,downgrade_candidate
vocab,vocab_b2_0195,b2,a2,-2,under2,satz_ref+can_do_ref,b2_honorifics_1,downgrade_candidate
vocab,vocab_b2_0196,b2,a1,-3,under2,satz_ref+can_do_ref,b2_honorifics_1,downgrade_candidate
vocab,vocab_b2_0197,b2,a2,-2,under2,satz_ref+can_do_ref,b2_honorifics_1,downgrade_candidate
vocab,vocab_b2_0198,b2,a1,-3,under2,satz_ref+can_do_ref,b2_honorifics_1,downgrade_candidate
vocab,vocab_b2_0199,b2,a2,-2,under2,can_do_ref,b2_honorifics_1,downgrade_candidate
vocab,vocab_b2_0201,b2,a1,-3,under2,satz_ref+can_do_ref,b2_honorifics_1,downgrade_candidate
vocab,vocab_b2_0202,b2,a1,-3,under2,can_do_ref,b2_honorifics_1,downgrade_candidate
vocab,vocab_b2_0203,b2,a1,-3,under2,satz_ref+can_do_ref,b2_honorifics_1,downgrade_candidate
vocab,vocab_b2_0204,b2,a1,-3,under2,satz_ref+can_do_ref,b2_honorifics_1,downgrade_candidate
vocab,vocab_b2_0205,b2,c1,1,over1,satz_ref+can_do_ref,b2_formal_agreement_1,step_up_or_swap
vocab,vocab_b2_0206,b2,,,unknown,satz_ref+can_do_ref,b2_formal_agreement_1,keep
vocab,vocab_b2_0207,b2,,,unknown,satz_ref+can_do_ref,b2_formal_agreement_1,keep
vocab,vocab_b2_0208,b2,c1,1,over1,satz_ref+can_do_ref,b2_formal_agreement_1,step_up_or_swap
vocab,vocab_b2_0209,b2,c1,1,over1,satz_ref+can_do_ref,b2_formal_agreement_1,step_up_or_swap
vocab,vocab_b2_0210,b2,c2,2,over2,satz_ref+can_do_ref,b2_formal_agreement_1,word_move
vocab,vocab_b2_0211,b2,c2,2,over2,satz_ref+can_do_ref,b2_formal_agreement_1,word_move
vocab,vocab_b2_0212,b2,c1,1,over1,satz_ref+can_do_ref,b2_formal_agreement_1,step_up_or_swap
vocab,vocab_b2_0213,b2,c1,1,over1,satz_ref+can_do_ref,b2_formal_agreement_1,step_up_or_swap
vocab,vocab_b2_0216,b2,,,unknown,satz_ref+can_do_ref,b2_formal_agreement_1,keep
vocab,vocab_b2_0217,b2,c1,1,over1,satz_ref+can_do_ref,b2_formal_complaint_1,step_up_or_swap
vocab,vocab_b2_0218,b2,c2,2,over2,satz_ref+can_do_ref,b2_formal_complaint_1,word_move
vocab,vocab_b2_0220,b2,c2,2,over2,satz_ref+can_do_ref,b2_formal_complaint_1,word_move
vocab,vocab_b2_0223,b2,a2,-2,under2 src=derived,satz_ref+can_do_ref,b2_formal_complaint_1,downgrade_candidate
vocab,vocab_b2_0225,b2,c2,2,over2,satz_ref+can_do_ref,b2_formal_complaint_1,word_move
vocab,vocab_b2_0226,b2,c1,1,over1,satz_ref+can_do_ref,b2_formal_complaint_1,step_up_or_swap
vocab,vocab_b2_0227,b2,c2,2,over2,satz_ref+can_do_ref,b2_formal_complaint_1,word_move
vocab,vocab_b2_0230,b2,c1,1,over1,satz_ref+can_do_ref,b2_decisions_perspectives_1,step_up_or_swap
vocab,vocab_b2_0231,b2,,,unknown,satz_ref+can_do_ref,b2_decisions_perspectives_1,keep
vocab,vocab_b2_0235,b2,c2,2,over2,satz_ref+can_do_ref,b2_decisions_perspectives_1,word_move
vocab,vocab_b2_0236,b2,c1,1,over1 src=compound,satz_ref+can_do_ref,b2_decisions_perspectives_1,step_up_or_swap
vocab,vocab_b2_0237,b2,,,unknown,satz_ref+can_do_ref,b2_decisions_perspectives_1,keep
vocab,vocab_b2_0238,b2,c2,2,over2,satz_ref+can_do_ref,b2_decisions_perspectives_1,word_move
vocab,vocab_b2_0239,b2,c2,2,over2,satz_ref+can_do_ref,b2_decisions_perspectives_1,word_move
vocab,vocab_b2_0240,b2,c1,1,over1,satz_ref+can_do_ref,b2_decisions_perspectives_1,step_up_or_swap
vocab,vocab_b2_0241,b2,c1,1,over1,satz_ref+can_do_ref,b2_reading_response_1,step_up_or_swap
vocab,vocab_b2_0242,b2,c2,2,over2,satz_ref+can_do_ref,b2_reading_response_1,word_move
vocab,vocab_b2_0249,b2,c1,1,over1,satz_ref+can_do_ref,b2_reading_response_1,step_up_or_swap
vocab,vocab_b2_0252,b2,c1,1,over1,satz_ref+can_do_ref,b2_reading_response_1,step_up_or_swap
vocab,vocab_b2_0253,b2,c2,2,over2,satz_ref+can_do_ref,b2_language_society_1,word_move
vocab,vocab_b2_0255,b2,c2,2,over2,satz_ref+can_do_ref,b2_language_society_1,word_move
vocab,vocab_b2_0256,b2,c1,1,over1,satz_ref+can_do_ref,b2_language_society_1,step_up_or_swap
vocab,vocab_b2_0257,b2,c1,1,over1,satz_ref+can_do_ref,b2_language_society_1,step_up_or_swap
vocab,vocab_b2_0258,b2,c2,2,over2,satz_ref+can_do_ref,b2_language_society_1,word_move
vocab,vocab_b2_0259,b2,c1,1,over1,satz_ref+can_do_ref,b2_language_society_1,step_up_or_swap
vocab,vocab_b2_0260,b2,c1,1,over1,satz_ref+can_do_ref,b2_language_society_1,step_up_or_swap
vocab,vocab_b2_0266,b2,c2,2,over2,satz_ref+can_do_ref,b2_collaborative_feedback_1,word_move
vocab,vocab_b2_0268,b2,c1,1,over1,satz_ref+can_do_ref,b2_collaborative_feedback_1,step_up_or_swap
vocab,vocab_b2_0271,b2,c2,2,fallback_over2 fallback:basic2023,satz_ref+can_do_ref,b2_collaborative_feedback_1,review_fallback
vocab,vocab_b2_0272,b2,a2,-2,under2,satz_ref+can_do_ref,b2_collaborative_feedback_1,downgrade_candidate
vocab,vocab_b2_0275,b2,c1,1,over1,satz_ref+can_do_ref,b2_collaborative_feedback_1,step_up_or_swap
vocab,vocab_b2_0276,b2,c2,2,over2,satz_ref+can_do_ref,b2_collaborative_feedback_1,word_move
vocab,vocab_b2_0278,b2,c1,1,over1,satz_ref+can_do_ref,b2_digital_judgment_1,step_up_or_swap
vocab,vocab_b2_0279,b2,c2,2,over2,satz_ref+can_do_ref,b2_digital_judgment_1,word_move
vocab,vocab_b2_0281,b2,c1,1,over1,satz_ref+can_do_ref,b2_digital_judgment_1,step_up_or_swap
vocab,vocab_b2_0287,b2,c2,2,fallback_over2 fallback:basic2023,satz_ref+can_do_ref,b2_digital_judgment_1,review_fallback
vocab,vocab_b2_0290,b2,a2,-2,under2,satz_ref+can_do_ref,b2_shared_space_coordination_1,downgrade_candidate
vocab,vocab_b2_0291,b2,c1,1,over1,satz_ref+can_do_ref,b2_shared_space_coordination_1,step_up_or_swap
vocab,vocab_b2_0293,b2,a2,-2,under2,satz_ref+can_do_ref,b2_shared_space_coordination_1,downgrade_candidate
vocab,vocab_b2_0294,b2,a2,-2,under2,satz_ref+can_do_ref,b2_shared_space_coordination_1,downgrade_candidate
vocab,vocab_b2_0297,b2,c1,1,over1 src=compound,satz_ref+can_do_ref,b2_shared_space_coordination_1,step_up_or_swap
vocab,vocab_b2_0298,b2,a2,-2,under2,satz_ref+can_do_ref,b2_shared_space_coordination_1,downgrade_candidate
vocab,vocab_b2_0300,b2,a2,-2,under2,satz_ref+can_do_ref,b2_shared_space_coordination_1,downgrade_candidate
vocab,vocab_b2_0301,b2,c1,1,over1,satz_ref+can_do_ref,b2_personal_boundaries_1,step_up_or_swap
vocab,vocab_b2_0302,b2,a1,-3,under2,satz_ref+can_do_ref,b2_personal_boundaries_1,downgrade_candidate
vocab,vocab_b2_0303,b2,c1,1,over1,satz_ref+can_do_ref,b2_personal_boundaries_1,step_up_or_swap
vocab,vocab_b2_0402,b2,c1,1,over1,satz_ref+can_do_ref,b2_life_values,step_up_or_swap
vocab,vocab_b2_0403,b2,c1,1,over1,satz_ref+can_do_ref,b2_life_values,step_up_or_swap
vocab,vocab_b2_0406,b2,a2,-2,under2,satz_ref+can_do_ref,b2_life_values,downgrade_candidate
vocab,vocab_b2_0407,b2,c1,1,over1,satz_ref+can_do_ref,b2_life_values,step_up_or_swap
vocab,vocab_b2_0409,b2,c1,1,over1,satz_ref+can_do_ref,b2_life_values,step_up_or_swap
vocab,vocab_b2_0411,b2,c2,2,over2,satz_ref+can_do_ref,b2_literature_emotion,word_move
vocab,vocab_b2_0412,b2,c2,2,fallback_over2 fallback:basic2023,satz_ref+can_do_ref,b2_literature_emotion,review_fallback
vocab,vocab_b2_0413,b2,c1,1,over1,satz_ref+can_do_ref,b2_literature_emotion,step_up_or_swap
vocab,vocab_b2_0414,b2,c1,1,over1,satz_ref+can_do_ref,b2_literature_emotion,step_up_or_swap
vocab,vocab_b2_0415,b2,c2,2,fallback_over2 fallback:basic2023,satz_ref+can_do_ref,b2_literature_emotion,review_fallback
vocab,vocab_b2_0419,b2,c1,1,over1,satz_ref+can_do_ref,b2_literature_emotion,step_up_or_swap
vocab,vocab_b2_0423,b2,c2,2,over2,satz_ref+can_do_ref,b2_language_change,word_move
vocab,vocab_b2_0425,b2,c1,1,over1,satz_ref+can_do_ref,b2_language_change,step_up_or_swap
vocab,vocab_b2_0426,b2,c1,1,over1,satz_ref+can_do_ref,b2_language_change,step_up_or_swap
vocab,vocab_b2_0427,b2,c1,1,over1,satz_ref+can_do_ref,b2_language_change,step_up_or_swap
vocab,vocab_b2_0429,b2,c1,1,over1,satz_ref+can_do_ref,b2_language_change,step_up_or_swap
vocab,vocab_b2_0431,b2,a1,-3,under2,satz_ref+can_do_ref,b2_partner_inlaws_1,downgrade_candidate
vocab,vocab_b2_0432,b2,a1,-3,under2,satz_ref+can_do_ref,b2_partner_inlaws_1,downgrade_candidate
vocab,vocab_b2_0434,b2,a1,-3,under2,satz_ref+can_do_ref,b2_partner_inlaws_1,downgrade_candidate
vocab,vocab_b2_0435,b2,c1,1,over1,satz_ref+can_do_ref,b2_partner_inlaws_1,step_up_or_swap
vocab,vocab_b2_0436,b2,,,unknown,satz_ref+can_do_ref,b2_partner_inlaws_1,keep
vocab,vocab_b2_0437,b2,a1,-3,under2 src=compound,satz_ref+can_do_ref,b2_partner_inlaws_1,downgrade_candidate
vocab,vocab_b2_0438,b2,c1,1,over1,satz_ref+can_do_ref,b2_partner_inlaws_1,step_up_or_swap
vocab,vocab_b2_0439,b2,a1,-3,under2,satz_ref+can_do_ref,b2_partner_inlaws_1,downgrade_candidate
vocab,vocab_b2_0440,b2,a1,-3,under2,satz_ref+can_do_ref,b2_partner_inlaws_1,downgrade_candidate
vocab,vocab_b2_0441,b2,c1,1,over1,satz_ref+can_do_ref,b2_partner_inlaws_1,step_up_or_swap
vocab,vocab_b2_0443,b2,c1,1,over1,satz_ref+can_do_ref,b2_partner_marriage_talk_1,step_up_or_swap
vocab,vocab_b2_0444,b2,c2,2,fallback_over2 fallback:basic2023,satz_ref+can_do_ref,b2_partner_marriage_talk_1,review_fallback
vocab,vocab_b2_0446,b2,c2,2,fallback_over2 fallback:basic2023,satz_ref+can_do_ref,b2_partner_marriage_talk_1,review_fallback
vocab,vocab_b2_0447,b2,c1,1,over1,satz_ref+can_do_ref,b2_partner_marriage_talk_1,step_up_or_swap
vocab,vocab_b2_0449,b2,c1,1,over1,satz_ref+can_do_ref,b2_partner_marriage_talk_1,step_up_or_swap
vocab,vocab_b2_0450,b2,c2,2,fallback_over2 fallback:basic2023,satz_ref+can_do_ref,b2_partner_marriage_talk_1,review_fallback
vocab,vocab_b2_0452,b2,a2,-2,under2,satz_ref+can_do_ref,b2_partner_marriage_talk_1,downgrade_candidate
vocab,vocab_b2_0453,b2,a1,-3,under2,satz_ref+can_do_ref,b2_partner_marriage_talk_1,downgrade_candidate
vocab,vocab_b2_0454,b2,a2,-2,under2,satz_ref+can_do_ref,b2_partner_marriage_talk_1,downgrade_candidate
vocab,vocab_b2_0455,b2,a1,-3,under2,satz_ref+can_do_ref,b2_partner_honorific_trap_1,downgrade_candidate
vocab,vocab_b2_0456,b2,a2,-2,under2,satz_ref+can_do_ref,b2_partner_honorific_trap_1,downgrade_candidate
vocab,vocab_b2_0458,b2,a1,-3,under2,satz_ref+can_do_ref,b2_partner_honorific_trap_1,downgrade_candidate
vocab,vocab_b2_0460,b2,a2,-2,under2,satz_ref+can_do_ref,b2_partner_honorific_trap_1,downgrade_candidate
vocab,vocab_b2_0462,b2,a1,-3,under2,satz_ref+can_do_ref,b2_partner_honorific_trap_1,downgrade_candidate
vocab,vocab_b2_0463,b2,a1,-3,under2,satz_ref+can_do_ref,b2_partner_honorific_trap_1,downgrade_candidate
vocab,vocab_b2_0464,b2,a2,-2,under2,satz_ref+can_do_ref,b2_partner_honorific_trap_1,downgrade_candidate
vocab,vocab_b2_0465,b2,a1,-3,under2,satz_ref+can_do_ref,b2_partner_honorific_trap_1,downgrade_candidate
vocab,vocab_b2_0470,b2,c2,2,over2,satz_ref+can_do_ref,b2_partner_ancestral_rite_1,word_move
vocab,vocab_b2_0471,b2,c2,2,fallback_over2 fallback:basic2023,satz_ref+can_do_ref,b2_partner_ancestral_rite_1,review_fallback
vocab,vocab_b2_0472,b2,c2,2,fallback_over2 fallback:basic2023,satz_ref+can_do_ref,b2_partner_ancestral_rite_1,review_fallback
vocab,vocab_b2_0474,b2,a1,-3,under2,satz_ref+can_do_ref,b2_partner_ancestral_rite_1,downgrade_candidate
vocab,vocab_b2_0475,b2,a2,-2,under2,satz_ref+can_do_ref,b2_partner_ancestral_rite_1,downgrade_candidate
vocab,vocab_b2_0477,b2,a2,-2,under2,satz_ref+can_do_ref,b2_partner_ancestral_rite_1,downgrade_candidate
vocab,vocab_b2_0481,b2,c2,2,fallback_over2 fallback:basic2023,satz_ref+can_do_ref,b2_partner_family_money_1,review_fallback
vocab,vocab_b2_0482,b2,c2,2,fallback_over2 fallback:basic2023,satz_ref+can_do_ref,b2_partner_family_money_1,review_fallback
vocab,vocab_b2_0483,b2,c2,2,over2,satz_ref+can_do_ref,b2_partner_family_money_1,word_move
vocab,vocab_b2_0485,b2,c1,1,over1,satz_ref+can_do_ref,b2_partner_family_money_1,step_up_or_swap
vocab,vocab_b2_0487,b2,a2,-2,under2,satz_ref+can_do_ref,b2_partner_family_money_1,downgrade_candidate
vocab,vocab_b2_0489,b2,a2,-2,under2,satz_ref+can_do_ref,b2_partner_family_money_1,downgrade_candidate
vocab,vocab_b2_0491,b2,a2,-2,under2,satz_ref+can_do_ref,b2_partner_holiday_duty_1,downgrade_candidate
vocab,vocab_b2_0493,b2,a1,-3,under2,satz_ref+can_do_ref,b2_partner_holiday_duty_1,downgrade_candidate
vocab,vocab_b2_0500,b2,a2,-2,under2,satz_ref+can_do_ref,b2_partner_holiday_duty_1,downgrade_candidate
vocab,vocab_b2_0501,b2,a1,-3,under2,satz_ref+can_do_ref,b2_partner_holiday_duty_1,downgrade_candidate
vocab,vocab_b2_0505,b2,c1,1,over1,satz_ref+can_do_ref,b2_partner_boundary_1,step_up_or_swap
vocab,vocab_b2_0506,b2,a2,-2,under2,satz_ref+can_do_ref,b2_partner_boundary_1,downgrade_candidate
vocab,vocab_b2_0507,b2,c2,2,over2 src=compound,satz_ref+can_do_ref,b2_partner_boundary_1,word_move
vocab,vocab_b2_0510,b2,c1,1,over1,satz_ref+can_do_ref,b2_partner_boundary_1,step_up_or_swap
vocab,vocab_b2_0512,b2,a2,-2,under2,satz_ref+can_do_ref,b2_partner_boundary_1,downgrade_candidate
vocab,vocab_b2_0513,b2,a1,-3,under2,satz_ref+can_do_ref,b2_partner_boundary_1,downgrade_candidate
vocab,vocab_b2_0514,b2,a2,-2,under2,satz_ref+can_do_ref,b2_partner_boundary_1,downgrade_candidate
vocab,vocab_b2_0519,b2,a2,-2,under2,satz_ref+can_do_ref,b2_partner_public_intro_1,downgrade_candidate
vocab,vocab_b2_0523,b2,c1,1,over1,satz_ref+can_do_ref,b2_partner_public_intro_1,step_up_or_swap
vocab,vocab_b2_0525,b2,a2,-2,under2,satz_ref+can_do_ref,b2_partner_public_intro_1,downgrade_candidate
vocab,vocab_b2_0531,b2,c2,2,over2,satz_ref+can_do_ref,b2_performance_review_1,word_move
vocab,vocab_b2_0532,b2,a2,-2,under2,satz_ref+can_do_ref,b2_performance_review_1,downgrade_candidate
vocab,vocab_b2_0535,b2,c2,2,over2,satz_ref+can_do_ref,b2_performance_review_1,word_move
vocab,vocab_b2_0537,b2,c1,1,over1,satz_ref+can_do_ref,b2_performance_review_1,step_up_or_swap
vocab,vocab_b2_0540,b2,c2,2,over2 src=compound,satz_ref+can_do_ref,b2_housing_dispute_1,word_move
vocab,vocab_b2_0541,b2,c1,1,over1,satz_ref+can_do_ref,b2_housing_dispute_1,step_up_or_swap
vocab,vocab_b2_0546,b2,c2,2,over2,satz_ref+can_do_ref,b2_housing_dispute_1,word_move
vocab,vocab_b2_0547,b2,c2,2,over2,satz_ref+can_do_ref,b2_housing_dispute_1,word_move
vocab,vocab_b2_0548,b2,c1,1,over1,satz_ref+can_do_ref,b2_housing_dispute_1,step_up_or_swap
vocab,vocab_b2_0549,b2,c2,2,over2,satz_ref+can_do_ref,b2_housing_dispute_1,word_move
vocab,vocab_b2_0550,b2,c1,1,over1,satz_ref+can_do_ref,b2_housing_dispute_1,step_up_or_swap
vocab,vocab_b2_0552,b2,c1,1,over1,satz_ref+can_do_ref,b2_media_literacy_1,step_up_or_swap
vocab,vocab_b2_0553,b2,c1,1,over1,satz_ref+can_do_ref,b2_media_literacy_1,step_up_or_swap
vocab,vocab_b2_0555,b2,c2,2,over2,satz_ref+can_do_ref,b2_media_literacy_1,word_move
vocab,vocab_b2_0556,b2,c1,1,over1,satz_ref+can_do_ref,b2_media_literacy_1,step_up_or_swap
vocab,vocab_b2_0557,b2,c2,2,over2,satz_ref+can_do_ref,b2_media_literacy_1,word_move
vocab,vocab_b2_0558,b2,c2,2,fallback_over2 fallback:basic2023,satz_ref+can_do_ref,b2_media_literacy_1,review_fallback
vocab,vocab_b2_0559,b2,a2,-2,under2,satz_ref+can_do_ref,b2_media_literacy_1,downgrade_candidate
vocab,vocab_b2_0561,b2,c1,1,over1,satz_ref+can_do_ref,b2_media_literacy_1,step_up_or_swap
vocab,vocab_b2_0562,b2,c2,2,over2,satz_ref+can_do_ref,b2_media_literacy_1,word_move
vocab,vocab_b2_0564,b2,c2,2,over2,satz_ref+can_do_ref,b2_civic_meeting_1,word_move
vocab,vocab_b2_0565,b2,c1,1,over1,satz_ref+can_do_ref,b2_civic_meeting_1,step_up_or_swap
vocab,vocab_b2_0568,b2,a2,-2,under2,satz_ref+can_do_ref,b2_civic_meeting_1,downgrade_candidate
vocab,vocab_b2_0570,b2,c2,2,fallback_over2 fallback:basic2023,satz_ref+can_do_ref,b2_civic_meeting_1,review_fallback
vocab,vocab_b2_0571,b2,,,unknown,satz_ref+can_do_ref,b2_civic_meeting_1,keep
vocab,vocab_b2_0572,b2,a1,-3,under2,satz_ref+can_do_ref,b2_civic_meeting_1,downgrade_candidate
vocab,vocab_b2_0573,b2,c2,2,over2,satz_ref+can_do_ref,b2_civic_meeting_1,word_move
vocab,vocab_b2_0574,b2,c2,2,over2,satz_ref+can_do_ref,b2_civic_meeting_1,word_move
vocab,vocab_b2_0577,b2,c1,1,over1,satz_ref+can_do_ref,b2_team_negotiation_1,step_up_or_swap
vocab,vocab_b2_0578,b2,c1,1,over1,satz_ref+can_do_ref,b2_team_negotiation_1,step_up_or_swap
vocab,vocab_b2_0579,b2,c1,1,over1,satz_ref+can_do_ref,b2_team_negotiation_1,step_up_or_swap
vocab,vocab_b2_0580,b2,c2,2,over2,satz_ref+can_do_ref,b2_team_negotiation_1,word_move
vocab,vocab_b2_0581,b2,a2,-2,under2,satz_ref+can_do_ref,b2_team_negotiation_1,downgrade_candidate
vocab,vocab_b2_0582,b2,a2,-2,under2,satz_ref+can_do_ref,b2_team_negotiation_1,downgrade_candidate
vocab,vocab_b2_0584,b2,c2,2,over2,satz_ref+can_do_ref,b2_team_negotiation_1,word_move
vocab,vocab_b2_0585,b2,c2,2,over2,satz_ref+can_do_ref,b2_team_negotiation_1,word_move
vocab,vocab_b2_0588,b2,a2,-2,under2 src=compound,satz_ref+can_do_ref,b2_policy_brief_1,downgrade_candidate
vocab,vocab_b2_0589,b2,c2,2,fallback_over2 fallback:basic2023,satz_ref+can_do_ref,b2_policy_brief_1,review_fallback
vocab,vocab_b2_0591,b2,c1,1,over1,satz_ref+can_do_ref,b2_policy_brief_1,step_up_or_swap
vocab,vocab_b2_0592,b2,c1,1,over1,satz_ref+can_do_ref,b2_policy_brief_1,step_up_or_swap
vocab,vocab_b2_0593,b2,c2,2,over2,satz_ref+can_do_ref,b2_policy_brief_1,word_move
vocab,vocab_b2_0594,b2,c2,2,over2,satz_ref+can_do_ref,b2_policy_brief_1,word_move
vocab,vocab_b2_0596,b2,c1,1,over1,satz_ref+can_do_ref,b2_policy_brief_1,step_up_or_swap
vocab,vocab_b2_0597,b2,c2,2,fallback_over2 fallback:basic2023,satz_ref+can_do_ref,b2_policy_brief_1,review_fallback
vocab,vocab_b2_0598,b2,c1,1,over1 src=compound,satz_ref+can_do_ref,b2_policy_brief_1,step_up_or_swap
vocab,vocab_b2_0599,b2,c2,2,over2,satz_ref+can_do_ref,b2_customer_escalation_1,word_move
vocab,vocab_b2_0601,b2,c2,2,over2 src=compound,satz_ref+can_do_ref,b2_customer_escalation_1,word_move
vocab,vocab_b2_0602,b2,c2,2,over2,satz_ref+can_do_ref,b2_customer_escalation_1,word_move
vocab,vocab_b2_0605,b2,c2,2,fallback_over2 fallback:basic2023,satz_ref+can_do_ref,b2_customer_escalation_1,review_fallback
vocab,vocab_b2_0610,b2,c2,2,over2,satz_ref+can_do_ref,b2_customer_escalation_1,word_move
vocab,vocab_b2_0612,b2,c2,2,over2,satz_ref+can_do_ref,b2_research_summary_1,word_move
vocab,vocab_b2_0618,b2,c1,1,over1,satz_ref+can_do_ref,b2_research_summary_1,step_up_or_swap
vocab,vocab_b2_0619,b2,a1,-3,under2,satz_ref+can_do_ref,b2_research_summary_1,downgrade_candidate
vocab,vocab_b2_0620,b2,c1,1,over1,satz_ref+can_do_ref,b2_research_summary_1,step_up_or_swap
vocab,vocab_b2_0621,b2,c2,2,over2,satz_ref+can_do_ref,b2_research_summary_1,word_move
vocab,vocab_b2_0622,b2,c1,1,over1,satz_ref+can_do_ref,b2_research_summary_1,step_up_or_swap
vocab,vocab_b2_0623,b2,c1,1,over1 src=compound,satz_ref+can_do_ref,b2_2026_social_topics_1,step_up_or_swap
vocab,vocab_b2_0624,b2,c2,2,over2,satz_ref+can_do_ref,b2_2026_social_topics_1,word_move
vocab,vocab_b2_0625,b2,c1,1,over1,satz_ref+can_do_ref,b2_2026_social_topics_1,step_up_or_swap
vocab,vocab_b2_0628,b2,c1,1,over1,satz_ref+can_do_ref,b2_2026_social_topics_1,step_up_or_swap
vocab,vocab_b2_0632,b2,c1,1,over1 src=compound,satz_ref+can_do_ref,b2_2026_social_topics_1,step_up_or_swap
vocab,vocab_b2_0635,b2,c1,1,over1,can_do_ref,b2_housing_migration_2026_1,step_up_or_swap
vocab,vocab_b2_0636,b2,c2,2,over2,can_do_ref,b2_housing_migration_2026_1,word_move
vocab,vocab_b2_0637,b2,c2,2,over2,can_do_ref,b2_housing_migration_2026_1,word_move
vocab,vocab_b2_0640,b2,c1,1,over1 src=compound,can_do_ref,b2_housing_migration_2026_1,step_up_or_swap
vocab,vocab_b2_0643,b2,c2,2,over2,satz_ref+can_do_ref,b2_housing_migration_2026_1,word_move
vocab,vocab_b2_0644,b2,c1,1,over1,satz_ref+can_do_ref,b2_housing_migration_2026_1,step_up_or_swap
vocab,vocab_b2_0645,b2,c1,1,over1,satz_ref+can_do_ref,b2_housing_migration_2026_1,step_up_or_swap
vocab,vocab_c1_0004,c1,c2,1,over1,satz_ref+can_do_ref,c1_accessible_participation_1,step_up_or_swap
vocab,vocab_c1_0005,c1,c2,1,over1,satz_ref+can_do_ref,c1_accessible_participation_1,step_up_or_swap
vocab,vocab_c1_0010,c1,c2,1,over1,satz_ref+can_do_ref,c1_accessible_participation_1,step_up_or_swap
vocab,vocab_c1_0011,c1,c2,1,over1,satz_ref+can_do_ref,c1_accessible_participation_1,step_up_or_swap
vocab,vocab_c1_0013,c1,c2,1,over1,satz_ref+can_do_ref,c1_evidence_reasoning_1,step_up_or_swap
vocab,vocab_c1_0014,c1,c2,1,over1,satz_ref+can_do_ref,c1_evidence_reasoning_1,step_up_or_swap
vocab,vocab_c1_0019,c1,c2,1,over1,satz_ref+can_do_ref,c1_evidence_reasoning_1,step_up_or_swap
vocab,vocab_c1_0020,c1,c2,1,over1,satz_ref+can_do_ref,c1_evidence_reasoning_1,step_up_or_swap
vocab,vocab_c1_0021,c1,a1,-4,under2,satz_ref+can_do_ref,c1_evidence_reasoning_1,downgrade_candidate
vocab,vocab_c1_0023,c1,c2,1,over1,satz_ref+can_do_ref,c1_evidence_reasoning_1,step_up_or_swap
vocab,vocab_c1_0025,c1,c2,1,over1,satz_ref+can_do_ref,c1_risk_communication_1,step_up_or_swap
vocab,vocab_c1_0029,c1,c2,1,over1,satz_ref+can_do_ref,c1_risk_communication_1,step_up_or_swap
vocab,vocab_c1_0030,c1,c2,1,over1,satz_ref+can_do_ref,c1_risk_communication_1,step_up_or_swap
vocab,vocab_c1_0031,c1,c2,1,over1,satz_ref+can_do_ref,c1_risk_communication_1,step_up_or_swap
vocab,vocab_c1_0032,c1,b1,-2,under2,satz_ref+can_do_ref,c1_risk_communication_1,downgrade_candidate
vocab,vocab_c1_0033,c1,c2,1,over1,satz_ref+can_do_ref,c1_risk_communication_1,step_up_or_swap
vocab,vocab_c1_0035,c1,b1,-2,under2,satz_ref+can_do_ref,c1_risk_communication_1,downgrade_candidate
vocab,vocab_c1_0037,c1,a2,-3,under2,satz_ref+can_do_ref,c1_sustainable_tradeoffs_1,downgrade_candidate
vocab,vocab_c1_0040,c1,b1,-2,under2,satz_ref+can_do_ref,c1_sustainable_tradeoffs_1,downgrade_candidate
vocab,vocab_c1_0041,c1,b1,-2,under2,satz_ref+can_do_ref,c1_sustainable_tradeoffs_1,downgrade_candidate
vocab,vocab_c1_0049,c1,a1,-4,under2,satz_ref+can_do_ref,c1_partner_family_framing_1,downgrade_candidate
vocab,vocab_c1_0050,c1,a2,-3,under2,satz_ref+can_do_ref,c1_partner_family_framing_1,downgrade_candidate
vocab,vocab_c1_0052,c1,b1,-2,under2,satz_ref+can_do_ref,c1_partner_family_framing_1,downgrade_candidate
vocab,vocab_c1_0053,c1,c2,1,over1,satz_ref+can_do_ref,c1_partner_family_framing_1,step_up_or_swap
vocab,vocab_c1_0055,c1,c2,1,over1,satz_ref+can_do_ref,c1_partner_family_framing_1,step_up_or_swap
vocab,vocab_c1_0056,c1,c2,1,over1,satz_ref+can_do_ref,c1_partner_family_framing_1,step_up_or_swap
vocab,vocab_c1_0057,c1,a2,-3,under2,satz_ref+can_do_ref,c1_partner_family_framing_1,downgrade_candidate
vocab,vocab_c1_0058,c1,c2,1,over1,satz_ref+can_do_ref,c1_partner_family_framing_1,step_up_or_swap
vocab,vocab_c1_0060,c1,a2,-3,under2,satz_ref+can_do_ref,c1_partner_family_framing_1,downgrade_candidate
vocab,vocab_c1_0061,c1,b1,-2,under2,satz_ref+can_do_ref,c1_partner_holiday_labor_1,downgrade_candidate
vocab,vocab_c1_0063,c1,b1,-2,under2,satz_ref+can_do_ref,c1_partner_holiday_labor_1,downgrade_candidate
vocab,vocab_c1_0065,c1,b1,-2,under2,satz_ref+can_do_ref,c1_partner_holiday_labor_1,downgrade_candidate
vocab,vocab_c1_0067,c1,b1,-2,under2 src=compound,satz_ref+can_do_ref,c1_partner_holiday_labor_1,downgrade_candidate
vocab,vocab_c1_0068,c1,c2,1,over1,satz_ref+can_do_ref,c1_partner_holiday_labor_1,step_up_or_swap
vocab,vocab_c1_0070,c1,b1,-2,under2,satz_ref+can_do_ref,c1_partner_holiday_labor_1,downgrade_candidate
vocab,vocab_c1_0074,c1,c2,1,over1,satz_ref+can_do_ref,c1_evidence_caveat_1,step_up_or_swap
vocab,vocab_c1_0075,c1,c2,1,over1,satz_ref+can_do_ref,c1_evidence_caveat_1,step_up_or_swap
vocab,vocab_c1_0079,c1,c2,1,over1,satz_ref+can_do_ref,c1_evidence_caveat_1,step_up_or_swap
vocab,vocab_c1_0080,c1,c2,1,over1,satz_ref+can_do_ref,c1_evidence_caveat_1,step_up_or_swap
vocab,vocab_c1_0082,c1,c2,1,over1,satz_ref+can_do_ref,c1_evidence_caveat_1,step_up_or_swap
vocab,vocab_c1_0083,c1,b1,-2,under2,satz_ref+can_do_ref,c1_evidence_caveat_1,downgrade_candidate
vocab,vocab_c1_0084,c1,c2,1,over1,satz_ref+can_do_ref,c1_evidence_caveat_1,step_up_or_swap
vocab,vocab_c1_0085,c1,c2,1,over1,satz_ref+can_do_ref,c1_public_briefing_1,step_up_or_swap
vocab,vocab_c1_0086,c1,c2,1,over1,satz_ref+can_do_ref,c1_public_briefing_1,step_up_or_swap
vocab,vocab_c1_0088,c1,c2,1,over1,satz_ref+can_do_ref,c1_public_briefing_1,step_up_or_swap
vocab,vocab_c1_0089,c1,b1,-2,under2,satz_ref+can_do_ref,c1_public_briefing_1,downgrade_candidate
vocab,vocab_c1_0090,c1,c2,1,over1,satz_ref+can_do_ref,c1_public_briefing_1,step_up_or_swap
vocab,vocab_c1_0091,c1,b1,-2,under2,satz_ref+can_do_ref,c1_public_briefing_1,downgrade_candidate
vocab,vocab_c1_0092,c1,b1,-2,under2,satz_ref+can_do_ref,c1_public_briefing_1,downgrade_candidate
vocab,vocab_c1_0094,c1,c2,1,over1,satz_ref+can_do_ref,c1_public_briefing_1,step_up_or_swap
vocab,vocab_c1_0099,c1,c2,1,over1 src=compound,satz_ref+can_do_ref,c1_survey_design_1,step_up_or_swap
vocab,vocab_c1_0100,c1,,,unknown,satz_ref+can_do_ref,c1_survey_design_1,keep
vocab,vocab_c1_0101,c1,b1,-2,under2,satz_ref+can_do_ref,c1_survey_design_1,downgrade_candidate
vocab,vocab_c1_0107,c1,c2,1,over1 src=compound,satz_ref+can_do_ref,c1_survey_design_1,step_up_or_swap
vocab,vocab_c1_0111,c1,a2,-3,under2,satz_ref+can_do_ref,c1_risk_wording_1,downgrade_candidate
vocab,vocab_c1_0112,c1,c2,1,over1,satz_ref+can_do_ref,c1_risk_wording_1,step_up_or_swap
vocab,vocab_c1_0115,c1,c2,1,over1,satz_ref+can_do_ref,c1_risk_wording_1,step_up_or_swap
vocab,vocab_c1_0116,c1,b1,-2,under2,satz_ref+can_do_ref,c1_risk_wording_1,downgrade_candidate
vocab,vocab_c1_0123,c1,c2,1,over1,satz_ref+can_do_ref,c1_access_cost_1,step_up_or_swap
vocab,vocab_c1_0124,c1,c2,1,over1,satz_ref+can_do_ref,c1_access_cost_1,step_up_or_swap
vocab,vocab_c1_0132,c1,b1,-2,under2,satz_ref+can_do_ref,c1_access_cost_1,downgrade_candidate
vocab,vocab_c1_0134,c1,c2,1,over1,satz_ref+can_do_ref,c1_participation_design_1,step_up_or_swap
vocab,vocab_c1_0137,c1,c2,1,over1,satz_ref+can_do_ref,c1_participation_design_1,step_up_or_swap
vocab,vocab_c1_0140,c1,b1,-2,under2,satz_ref+can_do_ref,c1_participation_design_1,downgrade_candidate
vocab,vocab_c1_0141,c1,b1,-2,under2,satz_ref+can_do_ref,c1_participation_design_1,downgrade_candidate
vocab,vocab_c1_0143,c1,a2,-3,under2,satz_ref+can_do_ref,c1_participation_design_1,downgrade_candidate
vocab,vocab_c1_0146,c1,c2,1,over1,satz_ref+can_do_ref,c1_local_tradeoff_1,step_up_or_swap
vocab,vocab_c1_0147,c1,c2,1,over1,satz_ref+can_do_ref,c1_local_tradeoff_1,step_up_or_swap
vocab,vocab_c1_0149,c1,c2,1,over1,satz_ref+can_do_ref,c1_local_tradeoff_1,step_up_or_swap
vocab,vocab_c1_0152,c1,c2,1,over1,satz_ref+can_do_ref,c1_local_tradeoff_1,step_up_or_swap
vocab,vocab_c1_0153,c1,b1,-2,under2,satz_ref+can_do_ref,c1_local_tradeoff_1,downgrade_candidate
vocab,vocab_c1_0155,c1,c2,1,over1,satz_ref+can_do_ref,c1_local_tradeoff_1,step_up_or_swap
vocab,vocab_c1_0161,c1,c2,1,over1,satz_ref+can_do_ref,c1_maintenance_burden_1,step_up_or_swap
vocab,vocab_c1_0169,c1,c2,1,over1,satz_ref+can_do_ref,c1_media_evidence_1,step_up_or_swap
vocab,vocab_c1_0173,c1,,,unknown,satz_ref+can_do_ref,c1_media_evidence_1,keep
vocab,vocab_c1_0175,c1,c2,1,over1 src=compound,satz_ref+can_do_ref,c1_media_evidence_1,step_up_or_swap
vocab,vocab_c1_0177,c1,b1,-2,under2,satz_ref+can_do_ref,c1_media_evidence_1,downgrade_candidate
vocab,vocab_c1_0178,c1,c2,1,over1,satz_ref+can_do_ref,c1_media_evidence_1,step_up_or_swap
vocab,vocab_c1_0181,c1,c2,1,over1,satz_ref+can_do_ref,c1_play_time_policy_1,step_up_or_swap
vocab,vocab_c1_0184,c1,c2,1,over1,satz_ref+can_do_ref,c1_play_time_policy_1,step_up_or_swap
vocab,vocab_c1_0185,c1,c2,1,over1,satz_ref+can_do_ref,c1_play_time_policy_1,step_up_or_swap
vocab,vocab_c1_0186,c1,c2,1,over1,satz_ref+can_do_ref,c1_play_time_policy_1,step_up_or_swap
vocab,vocab_c1_0188,c1,c2,1,over1,satz_ref+can_do_ref,c1_play_time_policy_1,step_up_or_swap
vocab,vocab_c1_0189,c1,c2,1,over1,satz_ref+can_do_ref,c1_play_time_policy_1,step_up_or_swap
vocab,vocab_c1_0190,c1,c2,1,over1,satz_ref+can_do_ref,c1_play_time_policy_1,step_up_or_swap
vocab,vocab_c1_0191,c1,c2,1,over1,satz_ref+can_do_ref,c1_play_time_policy_1,step_up_or_swap
vocab,vocab_c1_0192,c1,b1,-2,under2,satz_ref+can_do_ref,c1_play_time_policy_1,downgrade_candidate
vocab,vocab_c1_0193,c1,c2,1,over1,satz_ref+can_do_ref,c1_fan_labor_1,step_up_or_swap
vocab,vocab_c1_0196,c1,c2,1,over1,satz_ref+can_do_ref,c1_fan_labor_1,step_up_or_swap
vocab,vocab_c1_0197,c1,c2,1,over1,satz_ref+can_do_ref,c1_fan_labor_1,step_up_or_swap
vocab,vocab_c1_0200,c1,c2,1,over1,satz_ref+can_do_ref,c1_fan_labor_1,step_up_or_swap
vocab,vocab_c1_0205,c1,c2,1,over1,satz_ref+can_do_ref,c1_intimacy_safety_1,step_up_or_swap
vocab,vocab_c1_0208,c1,b1,-2,under2,satz_ref+can_do_ref,c1_intimacy_safety_1,downgrade_candidate
vocab,vocab_c1_0211,c1,c2,1,over1,satz_ref+can_do_ref,c1_intimacy_safety_1,step_up_or_swap
vocab,vocab_c1_0213,c1,,,unknown,satz_ref+can_do_ref,c1_intimacy_safety_1,keep
vocab,vocab_c1_0214,c1,b1,-2,under2,satz_ref+can_do_ref,c1_intimacy_safety_1,downgrade_candidate
vocab,vocab_c1_0218,c1,c2,1,over1,satz_ref+can_do_ref,c1_2026_social_topics_1,step_up_or_swap
vocab,vocab_c1_0219,c1,c2,1,over1 src=compound,satz_ref+can_do_ref,c1_2026_social_topics_1,step_up_or_swap
vocab,vocab_c1_0220,c1,c2,1,over1,satz_ref+can_do_ref,c1_2026_social_topics_1,step_up_or_swap
vocab,vocab_c1_0223,c1,c2,1,over1,satz_ref+can_do_ref,c1_2026_social_topics_1,step_up_or_swap
vocab,vocab_c1_0225,c1,c2,1,over1,satz_ref+can_do_ref,c1_2026_social_topics_1,step_up_or_swap
vocab,vocab_c1_0226,c1,b1,-2,under2,satz_ref+can_do_ref,c1_2026_social_topics_1,downgrade_candidate
vocab,vocab_c1_0227,c1,c2,1,over1 src=compound,satz_ref+can_do_ref,c1_2026_social_topics_1,step_up_or_swap
vocab,vocab_c1_0228,c1,c2,1,over1,satz_ref+can_do_ref,c1_2026_social_topics_1,step_up_or_swap
vocab,vocab_c1_0230,c1,c2,1,over1,can_do_ref,c1_ai_culture_labor_2026_1,step_up_or_swap
vocab,vocab_c1_0232,c1,c2,1,over1,can_do_ref,c1_ai_culture_labor_2026_1,step_up_or_swap
vocab,vocab_c1_0237,c1,c2,1,over1 src=compound,satz_ref+can_do_ref,c1_ai_culture_labor_2026_1,step_up_or_swap
vocab,vocab_c1_0239,c1,c2,1,over1,satz_ref+can_do_ref,c1_ai_culture_labor_2026_1,step_up_or_swap
vocab,vocab_c2_0004,c2,b2,-2,under2,satz_ref+can_do_ref,c2_institutional_mediation_1,downgrade_candidate
vocab,vocab_c2_0010,c2,b1,-3,under2,satz_ref+can_do_ref,c2_institutional_mediation_1,downgrade_candidate
vocab,vocab_c2_0011,c2,b2,-2,under2,satz_ref+can_do_ref,c2_institutional_mediation_1,downgrade_candidate
vocab,vocab_c2_0016,c2,b1,-3,under2,satz_ref+can_do_ref,c2_narrative_perspective_1,downgrade_candidate
vocab,vocab_c2_0021,c2,b2,-2,under2,satz_ref+can_do_ref,c2_narrative_perspective_1,downgrade_candidate
vocab,vocab_c2_0023,c2,b2,-2,under2,satz_ref+can_do_ref,c2_narrative_perspective_1,downgrade_candidate
vocab,vocab_c2_0026,c2,b2,-2,under2,satz_ref+can_do_ref,c2_language_framing_1,downgrade_candidate
vocab,vocab_c2_0027,c2,b2,-2,under2,satz_ref+can_do_ref,c2_language_framing_1,downgrade_candidate
vocab,vocab_c2_0029,c2,b2,-2,under2,satz_ref+can_do_ref,c2_language_framing_1,downgrade_candidate
vocab,vocab_c2_0033,c2,b2,-2,under2,satz_ref+can_do_ref,c2_language_framing_1,downgrade_candidate
vocab,vocab_c2_0036,c2,b2,-2,under2,satz_ref+can_do_ref,c2_language_framing_1,downgrade_candidate
vocab,vocab_c2_0037,c2,b2,-2,under2 src=derived,satz_ref+can_do_ref,c2_technology_ethics_1,downgrade_candidate
vocab,vocab_c2_0038,c2,b2,-2,under2,satz_ref+can_do_ref,c2_technology_ethics_1,downgrade_candidate
vocab,vocab_c2_0040,c2,,,unknown,satz_ref+can_do_ref,c2_technology_ethics_1,keep
vocab,vocab_c2_0042,c2,b2,-2,under2,satz_ref+can_do_ref,c2_technology_ethics_1,downgrade_candidate
vocab,vocab_c2_0046,c2,b2,-2,under2,satz_ref+can_do_ref,c2_technology_ethics_1,downgrade_candidate
vocab,vocab_c2_0047,c2,b2,-2,under2,satz_ref+can_do_ref,c2_technology_ethics_1,downgrade_candidate
vocab,vocab_c2_0050,c2,b2,-2,under2,satz_ref+can_do_ref,c2_partner_inlaw_power_1,downgrade_candidate
vocab,vocab_c2_0052,c2,b2,-2,under2,satz_ref+can_do_ref,c2_partner_inlaw_power_1,downgrade_candidate
vocab,vocab_c2_0055,c2,a1,-5,under2,satz_ref+can_do_ref,c2_partner_inlaw_power_1,downgrade_candidate
vocab,vocab_c2_0056,c2,b2,-2,under2,satz_ref+can_do_ref,c2_partner_inlaw_power_1,downgrade_candidate
vocab,vocab_c2_0059,c2,b2,-2,under2,satz_ref+can_do_ref,c2_partner_inlaw_power_1,downgrade_candidate
vocab,vocab_c2_0060,c2,a2,-4,under2,satz_ref+can_do_ref,c2_partner_inlaw_power_1,downgrade_candidate
vocab,vocab_c2_0064,c2,b1,-3,under2,satz_ref+can_do_ref,c2_partner_name_memory_1,downgrade_candidate
vocab,vocab_c2_0068,c2,b1,-3,under2,satz_ref+can_do_ref,c2_partner_name_memory_1,downgrade_candidate
vocab,vocab_c2_0069,c2,b2,-2,under2,satz_ref+can_do_ref,c2_partner_name_memory_1,downgrade_candidate
vocab,vocab_c2_0070,c2,b1,-3,under2,satz_ref+can_do_ref,c2_partner_name_memory_1,downgrade_candidate
vocab,vocab_c2_0071,c2,a2,-4,under2,satz_ref+can_do_ref,c2_partner_name_memory_1,downgrade_candidate
vocab,vocab_c2_0073,c2,b2,-2,under2,satz_ref+can_do_ref,c2_framing_analysis_1,downgrade_candidate
vocab,vocab_c2_0079,c2,b2,-2,under2,satz_ref+can_do_ref,c2_framing_analysis_1,downgrade_candidate
vocab,vocab_c2_0080,c2,b2,-2,under2,satz_ref+can_do_ref,c2_framing_analysis_1,downgrade_candidate
vocab,vocab_c2_0084,c2,b2,-2,under2,satz_ref+can_do_ref,c2_framing_analysis_1,downgrade_candidate
vocab,vocab_c2_0088,c2,b2,-2,under2,satz_ref+can_do_ref,c2_institutional_voice_1,downgrade_candidate
vocab,vocab_c2_0090,c2,b2,-2,under2,satz_ref+can_do_ref,c2_institutional_voice_1,downgrade_candidate
vocab,vocab_c2_0096,c2,b2,-2,under2,satz_ref+can_do_ref,c2_institutional_voice_1,downgrade_candidate
vocab,vocab_c2_0098,c2,a2,-4,under2,satz_ref+can_do_ref,c2_memory_narrative_1,downgrade_candidate
vocab,vocab_c2_0101,c2,b2,-2,under2,satz_ref+can_do_ref,c2_memory_narrative_1,downgrade_candidate
vocab,vocab_c2_0102,c2,b2,-2,under2,satz_ref+can_do_ref,c2_memory_narrative_1,downgrade_candidate
vocab,vocab_c2_0103,c2,b1,-3,under2,satz_ref+can_do_ref,c2_memory_narrative_1,downgrade_candidate
vocab,vocab_c2_0109,c2,b2,-2,under2 src=compound,satz_ref+can_do_ref,c2_authority_language_1,downgrade_candidate
vocab,vocab_c2_0110,c2,b2,-2,under2,satz_ref+can_do_ref,c2_authority_language_1,downgrade_candidate
vocab,vocab_c2_0111,c2,b2,-2,under2 src=compound,satz_ref+can_do_ref,c2_authority_language_1,downgrade_candidate
vocab,vocab_c2_0113,c2,b2,-2,under2,satz_ref+can_do_ref,c2_authority_language_1,downgrade_candidate
vocab,vocab_c2_0114,c2,b2,-2,under2,satz_ref+can_do_ref,c2_authority_language_1,downgrade_candidate
vocab,vocab_c2_0115,c2,a2,-4,under2,satz_ref+can_do_ref,c2_authority_language_1,downgrade_candidate
vocab,vocab_c2_0117,c2,b2,-2,under2 src=compound,satz_ref+can_do_ref,c2_authority_language_1,downgrade_candidate
vocab,vocab_c2_0119,c2,b2,-2,under2,satz_ref+can_do_ref,c2_authority_language_1,downgrade_candidate
vocab,vocab_c2_0122,c2,b1,-3,under2,satz_ref+can_do_ref,c2_appeal_path_1,downgrade_candidate
vocab,vocab_c2_0123,c2,b2,-2,under2,satz_ref+can_do_ref,c2_appeal_path_1,downgrade_candidate
vocab,vocab_c2_0126,c2,b2,-2,under2,satz_ref+can_do_ref,c2_appeal_path_1,downgrade_candidate
vocab,vocab_c2_0129,c2,b1,-3,under2,satz_ref+can_do_ref,c2_appeal_path_1,downgrade_candidate
vocab,vocab_c2_0131,c2,b2,-2,under2,satz_ref+can_do_ref,c2_appeal_path_1,downgrade_candidate
vocab,vocab_c2_0135,c2,b2,-2,under2,satz_ref+can_do_ref,c2_audit_trail_1,downgrade_candidate
vocab,vocab_c2_0138,c2,b1,-3,under2,satz_ref+can_do_ref,c2_audit_trail_1,downgrade_candidate
vocab,vocab_c2_0139,c2,b2,-2,under2,satz_ref+can_do_ref,c2_audit_trail_1,downgrade_candidate
vocab,vocab_c2_0140,c2,b2,-2,under2,satz_ref+can_do_ref,c2_audit_trail_1,downgrade_candidate
vocab,vocab_c2_0142,c2,b2,-2,under2,satz_ref+can_do_ref,c2_audit_trail_1,downgrade_candidate
vocab,vocab_c2_0144,c2,b2,-2,under2,satz_ref+can_do_ref,c2_audit_trail_1,downgrade_candidate
vocab,vocab_c2_0149,c2,b2,-2,under2,satz_ref+can_do_ref,c2_withdrawal_right_1,downgrade_candidate
vocab,vocab_c2_0155,c2,b2,-2,under2,satz_ref+can_do_ref,c2_withdrawal_right_1,downgrade_candidate
vocab,vocab_c2_0161,c2,b2,-2,under2,satz_ref+can_do_ref,c2_automated_harm_1,downgrade_candidate
vocab,vocab_c2_0168,c2,b2,-2,under2,satz_ref+can_do_ref,c2_automated_harm_1,downgrade_candidate
vocab,vocab_c2_0169,c2,b2,-2,under2 src=compound,satz_ref+can_do_ref,c2_automation_redress_1,downgrade_candidate
vocab,vocab_c2_0171,c2,,,unknown,satz_ref+can_do_ref,c2_automation_redress_1,keep
vocab,vocab_c2_0173,c2,b2,-2,under2 src=compound,satz_ref+can_do_ref,c2_automation_redress_1,downgrade_candidate
vocab,vocab_c2_0178,c2,b2,-2,under2,satz_ref+can_do_ref,c2_automation_redress_1,downgrade_candidate
vocab,vocab_c2_0188,c2,,,unknown,satz_ref+can_do_ref,c2_sanction_accountability_1,keep
vocab,vocab_c2_0189,c2,,,unknown,satz_ref+can_do_ref,c2_sanction_accountability_1,keep
vocab,vocab_c2_0191,c2,,,unknown,satz_ref+can_do_ref,c2_sanction_accountability_1,keep
vocab,vocab_c2_0195,c2,b2,-2,under2,satz_ref+can_do_ref,c2_relationship_narratives_1,downgrade_candidate
vocab,vocab_c2_0203,c2,a2,-4,under2 src=compound,satz_ref+can_do_ref,c2_relationship_narratives_1,downgrade_candidate
vocab,vocab_c2_0205,c2,,,unknown,satz_ref+can_do_ref,c2_fandom_discourse_1,keep
vocab,vocab_c2_0206,c2,,,unknown,satz_ref+can_do_ref,c2_fandom_discourse_1,keep
vocab,vocab_c2_0210,c2,,,unknown,satz_ref+can_do_ref,c2_fandom_discourse_1,keep
vocab,vocab_c2_0214,c2,b2,-2,under2,satz_ref+can_do_ref,c2_fandom_discourse_1,downgrade_candidate
vocab,vocab_c2_0215,c2,b2,-2,under2,satz_ref+can_do_ref,c2_fandom_discourse_1,downgrade_candidate
vocab,vocab_c2_0217,c2,,,unknown,satz_ref+can_do_ref,c2_2026_social_topics_1,keep
vocab,vocab_c2_0219,c2,b2,-2,under2,satz_ref+can_do_ref,c2_2026_social_topics_1,downgrade_candidate
vocab,vocab_c2_0220,c2,b2,-2,under2,satz_ref+can_do_ref,c2_2026_social_topics_1,downgrade_candidate
vocab,vocab_c2_0223,c2,b2,-2,under2,satz_ref+can_do_ref,c2_2026_social_topics_1,downgrade_candidate
vocab,vocab_c2_0224,c2,b1,-3,under2 src=compound,satz_ref+can_do_ref,c2_2026_social_topics_1,downgrade_candidate
vocab,vocab_c2_0227,c2,b1,-3,under2,satz_ref+can_do_ref,c2_2026_social_topics_1,downgrade_candidate
vocab,vocab_c2_0229,c2,b1,-3,under2,can_do_ref,c2_demography_accountability_2026_1,downgrade_candidate
vocab,vocab_c2_0232,c2,b2,-2,under2,can_do_ref,c2_demography_accountability_2026_1,downgrade_candidate
vocab,vocab_c2_0234,c2,b2,-2,under2,can_do_ref,c2_demography_accountability_2026_1,downgrade_candidate
vocab,vocab_c2_0239,c2,,,unknown,satz_ref+can_do_ref,c2_demography_accountability_2026_1,keep
